Name,Input,Ideal_output_distribution,Ideal_density_matrix,Noisy_output_distribution,Noisy_density_matrix
data/selected_mutant_qc/mutants_qft_10/qft_10_Mutant_Add_cp_P45_Q9_[2.356194490192345].qasm,PureState_0,"{'1110100011': 1, '0101001011': 1, '1100111000': 1, '0100010101': 1, '1000000011': 1, '0101010001': 1, '0110111111': 1, '0110111011': 1, '0010000001': 1, '0101000000': 1, '1001100100': 1, '1101111001': 1, '0000100011': 1, '1000001100': 1, '0111101101': 1, '0101010010': 1, '1001111101': 1, '0000100001': 1, '0011110111': 1, '0000101010': 1, '1000010100': 1, '0101011100': 1, '1101100011': 1, '1101000100': 1, '0010010111': 1, '1111010110': 2, '1010101111': 2, '0011010100': 1, '0000100100': 1, '0011111011': 1, '1111000101': 1, '1111100000': 1, '0001100101': 1, '1001001100': 1, '1011110000': 1, '0110001110': 1, '1010110010': 1, '1101010000': 1, '0000010101': 1, '1101110101': 1, '0000010111': 2, '0101001110': 1, '0000000001': 1, '0011010000': 1, '0110001001': 1, '0011000110': 1, '1011111000': 2, '0111010010': 1, '0001111111': 1, '1100011011': 3, '0100011100': 2, '0011110000': 1, '1000101111': 1, '0000111011': 1, '1011110011': 1, '1110111111': 1, '0001100000': 1, '0010101011': 2, '1111001111': 1, '0000001101': 1, '0011100010': 1, '0101100001': 2, '0110000110': 1, '1001000000': 1, '0111101110': 1, '1001000011': 1, '1111111010': 1, '1110110000': 2, '1011000011': 1, '0000110010': 1, '1010110000': 1, '0010110110': 1, '0001011001': 1, '1100001110': 1, '1000011110': 1, '1000011001': 2, '1000001000': 1, '1100100111': 1, '1011101100': 1, '1110000100': 1, '0100110011': 2, '1000100010': 3, '0100001000': 1, '0010111111': 1, '0111111110': 3, '0101000100': 1, '1010111110': 1, '0111001100': 1, '1000110011': 1, '1101000011': 1, '0110111000': 1, '0101010011': 2, '1011010001': 1, '1000110000': 1, '1111011110': 1, '0101001101': 1, '1011001011': 2, '0110110110': 1, '0010110000': 2, '1111110100': 1, '1100011010': 1, '1111011101': 2, '0110001101': 1, '0100011001': 1, '1100010111': 3, '0111110111': 3, '1011010010': 1, '0110100000': 1, '0111000011': 1, '1110011001': 1, '0010010001': 2, '1110000001': 1, '0101000011': 1, '1000000000': 1, '1000110101': 2, '0000101011': 2, '1100000100': 1, '0000101001': 1, '1010001101': 1, '1011011001': 1, '0011001100': 1, '0001101100': 1, '1010011110': 2, '0100110110': 2, '1111000000': 1, '1110010101': 1, '0100100111': 2, '0010001010': 3, '1010010110': 1, '0010000011': 1, '1110101010': 1, '0111100100': 3, '1100101010': 2, '0100011111': 1, '1100100011': 1, '1100000011': 2, '1110001101': 1, '0000010001': 2, '0000000101': 1, '1001001000': 1, '0010101010': 1, '0010100111': 1, '1000001010': 1, '1001100010': 1, '1011001001': 2, '1110011100': 1, '1101101010': 1, '1111010000': 1, '0010110100': 1, '1010010111': 1, '0001111100': 2, '0101010100': 1, '0011101100': 1, '1001010000': 1, '1011101111': 2, '1110001000': 1, '1110011011': 1, '0000011010': 1, '1110011101': 1, '0100111111': 2, '1000010111': 1, '0101000111': 1, '0110110000': 1, '0011111101': 1, '0111111101': 1, '1110101111': 2, '1000010011': 2, '0000000011': 2, '0010111100': 1, '0110101100': 1, '0100010010': 1, '1001011010': 1, '0000010000': 1, '1110101000': 2, '0100000000': 1, '0010001100': 1, '1110001011': 2, '0001011101': 1, '1100111010': 2, '0011111111': 1, '0111010110': 1, '1011001110': 1, '0000100101': 2, '1010011111': 3, '1100110110': 4, '1011111010': 1, '1000010010': 2, '1110011000': 3, '0001000100': 2, '0001010011': 2, '1101110000': 1, '0101110000': 1, '1111001000': 3, '1101000001': 1, '1000010101': 1, '1010000100': 1, '0110001010': 1, '0010011011': 2, '0111010111': 3, '0000011000': 3, '0110000101': 2, '1011101001': 2, '1000001001': 2, '0101100100': 1, '1000000010': 2, '1000011011': 1, '0010101111': 2, '0100100110': 1, '1100101000': 1, '0011011011': 1, '1101001001': 1, '0000110110': 2, '1101011010': 1, '1100010011': 2, '0111001111': 2, '1000111101': 1, '0110011000': 2, '1001010010': 1, '0011001011': 1, '0001011010': 2, '1110010000': 1, '1111110101': 1, '1100110001': 1, '1010100111': 1, '0010010100': 1, '1010100101': 1, '0110011010': 2, '0111111000': 2, '1111010010': 3, '0001100111': 1, '1101111100': 2, '1000000001': 1, '1001110011': 1, '0000101101': 1, '1101100100': 1, '0101111011': 1, '1111000111': 2, '1011110010': 3, '1011011010': 2, '1100001101': 1, '1100010100': 1, '1011101010': 1, '1001110010': 2, '1110000000': 3, '0011010001': 2, '0001100100': 1, '0101101010': 2, '0011010011': 1, '1010000000': 1, '0100001110': 3, '0001100001': 1, '0001111011': 2, '1011011101': 1, '1101110110': 1, '0111011111': 2, '1100010010': 1, '0010010010': 1, '1001101010': 1, '1111100111': 2, '0111100001': 1, '0001010001': 1, '1011100101': 1, '0100110001': 1, '1010101000': 2, '0000100010': 2, '1110101110': 1, '1001001111': 1, '1101111011': 2, '1100111100': 1, '1001101101': 1, '0110011110': 2, '0110111001': 1, '1010000110': 2, '1110100010': 2, '0111011110': 2, '0011011010': 2, '1100101111': 1, '1101010011': 2, '1011111101': 1, '1000011100': 1, '1101000000': 3, '0110011101': 2, '0111101010': 1, '1000100001': 2, '1000100111': 1, '0001110011': 3, '1011010110': 2, '0110101011': 2, '0111110110': 2, '0011010110': 2, '1011000100': 3, '0110110001': 1, '1101010111': 1, '1111001101': 1, '1011100001': 1, '0001101010': 2, '1101110001': 2, '1000010001': 1, '1001011001': 2, '1000101101': 2, '1000101001': 1, '0111011010': 1, '1101101001': 1, '1000101011': 1, '0111110000': 1, '1110100001': 1, '0000000010': 2, '1101010110': 1, '1100110011': 1, '1011000111': 2, '1010000101': 3, '1100100101': 1, '1011001000': 2, '0111111011': 3, '0011111100': 1, '0100001010': 2, '0110100010': 2, '0111101001': 3, '0110010001': 2, '0001010100': 1, '1111011000': 3, '1110100101': 1, '1100111101': 1, '0111101111': 1, '0111011100': 1, '0010000010': 3, '1111101110': 1, '1111100101': 1, '1001100110': 3, '0100001101': 3, '1001010101': 1, '0011110011': 2, '0100111101': 1, '1010111010': 1, '1000000111': 4, '0011110110': 1, '0011000101': 1, '0100111011': 2, '0111100000': 1, '0110101110': 3, '1111011111': 1, '1000101000': 2, '1010010010': 1, '0101101110': 2, '1100111111': 1, '0100100001': 1, '1110110111': 1, '1111110000': 1, '0111001001': 1, '1111011001': 2, '1101111101': 2, '0011110010': 2, '0001000111': 2, '0101100111': 1, '0001001000': 1, '1011110001': 1, '1010101010': 3, '0010111000': 2, '0011001000': 1, '0111111100': 1, '1001011111': 3, '1001110101': 1, '0000011110': 1, '1110100000': 2, '1011011110': 1, '1011100100': 2, '0010010000': 1, '1000010000': 2, '1000111001': 3, '0101000010': 1, '0100000110': 1, '1000100000': 1, '1101001111': 1, '0100111001': 1, '0000010110': 1, '1100001001': 2, '0001110101': 1, '1011111111': 1, '0101111001': 4, '0010111001': 2, '0010011110': 2, '1101011110': 2, '0001110111': 1, '1010011101': 3, '1101000101': 1, '0101100110': 3, '0000111000': 3, '0000110000': 2, '1011011100': 1, '1001111100': 1, '0111010100': 1, '0111011001': 2, '1100110111': 3, '0101000101': 2, '1010100001': 1, '0101100011': 2, '1100111110': 3, '1111100110': 1, '0110000111': 1, '1100011001': 2, '0111101100': 2, '0010111011': 2, '0011100111': 1, '1110111000': 1, '1111110110': 2, '0001110001': 1, '1010111011': 2, '1001010001': 1, '0101011001': 1, '1010110100': 2, '1010101101': 1, '0111000100': 2, '0010001000': 6, '1011110110': 2, '1001100001': 2, '0010101101': 1, '1001000001': 2, '1000011000': 2, '0000010011': 2, '1101101100': 1, '1111000110': 2, '1100001100': 2, '1010101100': 2, '1010111100': 2, '0111001011': 1, '1010111111': 3, '1101100101': 1, '1011111100': 2, '0010110010': 3, '1001000010': 1, '1100001111': 3, '0010000000': 1, '1101100001': 1, '0110111100': 1, '0110010111': 1, '0011001111': 2, '0110111110': 2, '1001100111': 2, '1111101001': 1, '0100101011': 1, '0111011000': 2, '0101010110': 2, '1111011010': 2, '1011000000': 3, '1001101011': 1, '0011011110': 1, '0000111100': 2, '0010100010': 2, '0001100010': 1, '0110110011': 5, '0011000111': 6, '0110110101': 1, '1110110010': 3, '1000011010': 1, '1100000110': 1, '0111001000': 2, '0001110000': 1, '0110110111': 1, '0111011101': 1, '0101100101': 1, '1110101011': 4, '0010100110': 3, '0100101111': 1, '1110110110': 2, '1110010110': 1, '0000100110': 2, '0110111101': 1, '1110111110': 2, '1100100000': 2, '1111011100': 3, '1001100101': 2, '1001010011': 3, '1000011111': 1, '1010010100': 2, '0110001000': 1, '1111100100': 3, '1011001101': 2, '1011011000': 1, '1010001111': 2, '0010111101': 1, '1101011011': 2, '1110111011': 4, '1011110111': 1, '1010001110': 1, '0100011010': 1, '1111001110': 2, '0001110110': 1, '1001101110': 2, '1101011101': 1, '0110100111': 1, '0111010001': 3, '1100100010': 1, '0111110100': 2, '0011111000': 2, '0001010111': 1, '1110000110': 2, '0010010110': 2, '0000101100': 1, '0110111010': 1, '1111110001': 1, '1111110011': 2, '0100000100': 2, '1001101100': 1, '1011100011': 1, '1110110100': 1, '0101011011': 2, '1001110111': 3, '1011100010': 2, '0000101110': 1, '1001111011': 3, '1111000001': 2, '1011010101': 2, '1100011110': 2, '0000010100': 2, '1111010001': 1, '0010001011': 2, '1001010100': 1, '0100010110': 1, '1000111010': 2, '0100101100': 3, '1011000110': 2, '0110110010': 2, '0000001111': 2, '1001111010': 2, '0001101001': 2, '0111110011': 2, '0101111111': 1, '1000000110': 2, '0011110001': 1, '1011010100': 1, '1101110011': 1, '1000000101': 2, '0010100101': 2, '0111000110': 2, '0011011100': 1, '1011111011': 2, '0001101110': 2, '0101111110': 1, '1001101001': 2, '1110110101': 2, '0101111010': 1, '0011101101': 1, '0000000000': 2, '1010001000': 1, '1000001110': 1, '1110010011': 2, '1111000100': 2, '0100110100': 3, '1101000010': 1, '0001111110': 3, '1111010011': 2, '0110100101': 3, '1000100110': 1, '1000110001': 2, '0010001101': 1, '1111010100': 2, '1111110010': 1, '0110001111': 3, '1101101101': 1, '0101100010': 1, '1001011011': 1, '0010101000': 2, '1101000110': 1, '1111001011': 2, '0100110000': 2, '0010100000': 3, '1010011000': 2, '0001011011': 4, '0001110010': 1, '0101101101': 4, '1011010011': 4, '0101010101': 2, '1110010010': 1, '1110010001': 4, '0010000111': 3, '0101110110': 2, '0100100101': 2, '0011000010': 2, '0010011000': 1, '1011001111': 1, '1011111110': 1, '0010000110': 3, '1101000111': 3, '0011001001': 1, '0010000100': 1, '0110010101': 2, '1011001100': 1, '1110100111': 1, '0011001010': 1, '1010111101': 2, '1001010110': 1, '0100011110': 1, '1100000101': 2, '0000001011': 2, '0011101001': 1, '0001010101': 2, '0100010100': 2, '1000111111': 1, '1111111101': 1, '0101011010': 1, '1100001000': 1, '1101011001': 1, '0000101000': 1, '0011000100': 3, '1011010111': 1, '1100001011': 1, '0001100011': 1, '1011001010': 3, '1101001011': 3, '0011100011': 3, '0011101000': 1, '0000011100': 3, '0000001110': 1, '1101101011': 2, '1101100111': 1, '0010110001': 2, '1111001010': 3, '0011110100': 2, '0011001110': 2, '1010011100': 3, '1100000001': 1, '0111100011': 1, '1001000110': 1, '1000110110': 2, '1001110100': 1, '1101101110': 1, '0001111010': 1, '1011101011': 2, '0100001011': 1, '1100011111': 1, '0010001110': 1, '1011101000': 1, '0001110100': 2, '0111111111': 2, '1101011111': 1, '1010000001': 1, '1010100110': 1, '1100011000': 2, '1110100110': 2, '1001100011': 2, '0111100110': 2, '0011111110': 1, '1100011100': 1, '0001000000': 3, '1010011010': 2, '0010111010': 1, '1011110101': 2, '1101001110': 3, '0100111110': 2}","DensityMatrix([[ 9.76562500e-04+0.00000000e+00j,
                 8.58410377e-04+4.65624248e-04j,
                 8.18578814e-04-5.32543934e-04j, ...,
                -7.78148808e-05+9.73457324e-04j,
                 8.18578814e-04+5.32543934e-04j,
                 4.65624248e-04+8.58410377e-04j],
               [ 8.58410377e-04-4.65624248e-04j,
                 9.76562500e-04+0.00000000e+00j,
                 4.65624248e-04-8.58410377e-04j, ...,
                 3.95743471e-04+8.92782965e-04j,
                 9.73457324e-04+7.78148808e-05j,
                 8.18578814e-04+5.32543934e-04j],
               [ 8.18578814e-04+5.32543934e-04j,
                 4.65624248e-04+8.58410377e-04j,
                 9.76562500e-04+0.00000000e+00j, ...,
                -5.96076959e-04+7.73541579e-04j,
                 3.95743471e-04+8.92782965e-04j,
                -7.78148808e-05+9.73457324e-04j],
               ...,
               [-7.78148808e-05-9.73457324e-04j,
                 3.95743471e-04-8.92782965e-04j,
                -5.96076959e-04-7.73541579e-04j, ...,
                 9.76562500e-04+0.00000000e+00j,
                 4.65624248e-04-8.58410377e-04j,
                 8.18578814e-04-5.32543934e-04j],
               [ 8.18578814e-04-5.32543934e-04j,
                 9.73457324e-04-7.78148808e-05j,
                 3.95743471e-04-8.92782965e-04j, ...,
                 4.65624248e-04+8.58410377e-04j,
                 9.76562500e-04+0.00000000e+00j,
                 8.58410377e-04+4.65624248e-04j],
               [ 4.65624248e-04-8.58410377e-04j,
                 8.18578814e-04-5.32543934e-04j,
                -7.78148808e-05-9.73457324e-04j, ...,
                 8.18578814e-04+5.32543934e-04j,
                 8.58410377e-04-4.65624248e-04j,
                 9.76562500e-04+0.00000000e+00j]],
              dims=(2, 2, 2, 2, 2, 2, 2, 2, 2, 2))","{'0001000010': 1, '0101100011': 2, '1100100000': 1, '1000100001': 1, '0110011001': 1, '1011111110': 1, '0110001111': 1, '0001000000': 1, '1010111110': 1, '0000110010': 1, '0010001110': 1, '1111100010': 1, '0011111011': 1, '0101111110': 1, '0100111000': 2, '1110110101': 1, '0000011101': 1, '1110010001': 1, '0111110011': 1, '0011100100': 1, '0101010111': 1, '1011011110': 1, '1000010110': 1, '1000100110': 1, '0010001001': 1, '0100010110': 1, '1001001011': 2, '1010101110': 1, '1111101111': 1, '0101000010': 1, '0010000011': 1, '0101101101': 1, '1110000101': 1, '0101010101': 1, '1001100100': 1, '0100111110': 1, '0110111101': 1, '1010010100': 1, '1000011111': 1, '1111010110': 1, '0111101010': 1, '1100010100': 1, '0110101001': 1, '0101100001': 1, '1100100011': 1, '0010000001': 1, '1100011110': 1, '0000010010': 2, '1000111010': 1, '1011110111': 2, '0010111011': 1, '1010100000': 2, '1000101101': 3, '1100111011': 1, '1110101010': 1, '1101010000': 1, '1010110010': 1, '0001110110': 1, '0000100011': 1, '0001110010': 1, '1010110001': 1, '0110011111': 1, '1110001110': 1, '0010100000': 2, '0001011001': 1, '1000101100': 1, '1011000110': 1, '1101011110': 2, '1111101011': 1, '0001111000': 1, '0110000001': 2, '0010000010': 1, '0111001111': 2, '1001100110': 1, '1011011011': 1, '0000010001': 1, '0000111001': 1, '0001011101': 1, '0110111010': 3, '1001000101': 1, '0010000110': 1, '1110110111': 1, '0011101010': 1, '0101000101': 2, '1100101001': 2, '1010110110': 2, '0101101000': 1, '0110100011': 2, '1010111111': 1, '1101010001': 1, '1111001100': 1, '1111011100': 2, '1001001001': 1, '0100001001': 1, '1001100011': 1, '0101000111': 2, '0001111111': 1, '1000100101': 2, '1011110100': 1, '0101101011': 1, '0100110010': 1, '0111111001': 2, '0000010100': 1, '1111000110': 1, '1100001100': 1, '0001100110': 2, '1011101101': 2, '0011011111': 1, '0111100110': 1, '1010100101': 1, '0100111001': 1, '0010011111': 2, '0110000010': 1, '1011110000': 2, '1110010000': 3, '0001011010': 1, '0000101011': 1, '0001101001': 1, '0001110100': 2, '0011100011': 3, '0100011101': 2, '0011111010': 2, '1110001000': 2, '1110101001': 1, '1010110011': 1, '0011111001': 1, '0001111001': 1, '1111111000': 2, '0000000100': 1, '1111000001': 1, '1001010011': 1, '0111011100': 1, '0011011100': 1, '0101110100': 3, '1110011111': 3, '0100101000': 1, '0100101101': 1, '1010100010': 1, '1000010101': 2, '1010000100': 3, '0010010001': 3, '0011101101': 1, '0001101100': 4, '0011001100': 1, '1000110001': 2, '1101111001': 3, '1000110011': 3, '1101101000': 2, '0101000011': 1, '0111110101': 2, '0110000100': 2, '1100100101': 1, '0011101111': 3, '1010000101': 1, '1111011010': 1, '0011001011': 1, '0001100101': 1, '1001001100': 4, '1000000100': 1, '0011100000': 3, '1011100000': 2, '1011011111': 3, '0110110001': 2, '1111100100': 3, '0010001100': 1, '1110101000': 2, '0100000000': 1, '0110100100': 1, '1011001100': 1, '1110100111': 1, '1011000001': 1, '0110110100': 1, '1011001010': 1, '1000100100': 2, '0001100011': 2, '0001110001': 1, '1010111011': 1, '1000001110': 3, '1010101111': 2, '0110101110': 2, '1111100101': 2, '1111101110': 1, '0010111010': 1, '0000001000': 2, '0100010010': 1, '1110000010': 2, '0100111100': 1, '1001011010': 2, '0111000000': 1, '1110001111': 1, '0101110101': 2, '1011000011': 1, '0111011111': 1, '0010101011': 3, '0110101101': 1, '0100000001': 1, '0110100000': 1, '1101001000': 3, '0010100111': 1, '1010111100': 1, '1000001010': 1, '1000011011': 1, '0010101111': 3, '0000000111': 3, '0000010101': 3, '0011001010': 2, '0100010000': 1, '1010111101': 2, '0110111100': 3, '0110100110': 2, '1111000101': 1, '1001000100': 1, '0000011100': 2, '0000001110': 1, '0010010011': 1, '1100010000': 2, '0110001010': 3, '0110111111': 2, '1100011101': 1, '0010010110': 1, '1110000110': 1, '1111011101': 2, '0110001101': 1, '0000111000': 1, '0110110110': 1, '1001111001': 1, '0010010100': 3, '0011010100': 2, '1011110110': 2, '0010101101': 1, '1011100101': 1, '0001010001': 1, '0111100001': 1, '1001111111': 2, '1010000010': 1, '1111001110': 1, '0100011010': 1, '1110010111': 1, '1010010000': 1, '0101111000': 2, '0111011001': 4, '1001110010': 2, '1011101010': 2, '1111011011': 2, '1011101001': 2, '1101011001': 3, '0000101000': 2, '0011000100': 2, '0010100001': 3, '1011101011': 1, '0001111010': 1, '1111010100': 2, '0110111110': 1, '1001100111': 1, '0011001111': 1, '0011010010': 1, '0001001100': 2, '0111011010': 1, '1000101001': 3, '0011000011': 1, '0011111110': 4, '0000110101': 2, '1100011100': 1, '1010011011': 3, '1010010111': 2, '0001111100': 3, '0101101010': 1, '0010001010': 2, '0010101000': 1, '1101000110': 1, '1001011011': 2, '1011101100': 3, '1110000100': 1, '1000010100': 1, '0000101010': 4, '0000011110': 3, '1010100111': 1, '1100110001': 2, '0000110100': 1, '1111110101': 1, '0000011010': 1, '1110011101': 1, '0111101101': 1, '1010100110': 1, '1100011000': 2, '1011000010': 2, '0011110000': 2, '0000011011': 1, '0010110100': 2, '1001011001': 1, '0100100000': 4, '1000010001': 1, '0110011100': 4, '1001110111': 3, '1001101100': 1, '1011100010': 1, '0011110011': 1, '0011101011': 3, '0100111101': 3, '1111101001': 2, '0001010000': 2, '1001011000': 1, '0101000110': 1, '1011011000': 2, '0110100001': 1, '0110001001': 1, '1000011001': 1, '0101011101': 1, '0111111101': 1, '0111110111': 1, '1100010111': 2, '1100001111': 1, '0010000000': 2, '1001000010': 2, '1110111111': 1, '1011110011': 1, '1110001001': 1, '0101001100': 2, '1001010100': 1, '1001011110': 2, '1011010100': 1, '1010100011': 1, '0100100100': 1, '0100011011': 1, '0100010100': 3, '1110111000': 2, '1011111001': 2, '0011100111': 1, '1001000110': 3, '1000110110': 3, '0111100100': 2, '0000000010': 1, '1110100001': 1, '0110011011': 1, '1110010100': 2, '1100000001': 3, '1101010110': 1, '0000101001': 1, '1010001101': 2, '1100111001': 2, '0111111011': 2, '0111101000': 1, '1100011010': 1, '1111110100': 2, '1100010001': 1, '1001011111': 1, '0001101101': 2, '0111111100': 3, '1101001001': 1, '0000110111': 1, '0010010000': 4, '1101100110': 1, '1000010000': 2, '1000111001': 3, '0111000011': 2, '1001111110': 3, '0100010011': 2, '1110110011': 3, '0010001000': 1, '0001001001': 3, '0110010001': 3, '0001010100': 1, '0001110011': 1, '1000100111': 1, '1011010110': 1, '0010010101': 2, '0000111101': 1, '0111000101': 3, '0000010000': 1, '0001110000': 2, '0111001000': 1, '1101001110': 1, '0011010110': 1, '0000101100': 1, '1101010100': 1, '0000011111': 1, '1111001000': 1, '1101000001': 2, '1001111000': 2, '1111010001': 1, '1000000110': 1, '0011110001': 1, '0101111111': 2, '0011000010': 1, '0100100101': 3, '1101010011': 1, '1011111101': 1, '1111011110': 2, '1101011011': 1, '0010111101': 4, '0111101100': 1, '0111000111': 1, '1101010010': 1, '1100100001': 2, '0010101001': 3, '0100001100': 1, '1011001000': 2, '0110010100': 2, '1100000111': 2, '1110110001': 2, '0000100100': 1, '1111101010': 1, '0100110111': 2, '1100101011': 3, '1000010011': 1, '1110101111': 2, '0101110011': 1, '1011100110': 1, '0100110110': 1, '1100110010': 1, '1111011111': 1, '0101001010': 1, '1010111010': 3, '0011000101': 1, '0100111011': 1, '0001000110': 3, '0000001010': 1, '0010111110': 2, '1111101100': 2, '1010011101': 2, '0101100110': 3, '1101010111': 2, '1100110101': 2, '1110011010': 3, '1101100011': 1, '0110101111': 1, '0010110110': 1, '1101001011': 1, '1010001001': 1, '1100111010': 2, '0111110010': 1, '0001011011': 1, '0100101001': 1, '0110000111': 2, '1111100011': 2, '0011110010': 2, '0001000111': 1, '0111001001': 1, '0111001101': 4, '0011100001': 2, '1101100100': 3, '1100101100': 3, '0101110110': 2, '0100011110': 1, '0000001100': 2, '1001010110': 2, '0100001111': 1, '1000100011': 4, '1111011000': 1, '1000001000': 1, '0000110001': 1, '1000000011': 1, '0010111001': 2, '0101111001': 1, '0000101101': 1, '1001110011': 1, '1000000001': 1, '1111100000': 2, '0111010111': 1, '1011100111': 2, '1110101011': 1, '0010100110': 1, '0100101111': 2, '1111111010': 1, '1001000011': 2, '0000000000': 2, '0000011000': 1, '0110000101': 1, '0110010011': 2, '1001001101': 2, '0010010111': 1, '1100001001': 2, '0011110101': 2, '1101001111': 1, '1111001101': 3, '0001101010': 2, '0001011100': 2, '0111010001': 2, '0111100111': 2, '0111010011': 1, '1010010001': 1, '1010001010': 1, '0101001111': 1, '0001010010': 1, '0110111001': 1, '0110011110': 1, '0111001010': 1, '0111000010': 3, '1011010011': 1, '0111110000': 1, '1101101001': 1, '1011111100': 3, '0101000000': 2, '1000110111': 2, '1011011100': 2, '1000110010': 1, '0010000101': 1, '0101001001': 1, '0110101010': 1, '0101111011': 1, '1111000111': 1, '1111010010': 1, '1000101110': 2, '1010001100': 1, '1110111101': 2, '0101001011': 1, '1110001010': 2, '1111111011': 1, '0101010001': 1, '1110111100': 3, '0101001110': 2, '0010100100': 2, '1010111001': 1, '0111000110': 1, '1001001000': 2, '0001001011': 1, '1111111110': 1, '1101011111': 1, '0110100010': 1, '0001001111': 1, '0100001010': 4, '1110001101': 1, '0101101110': 1, '0010110001': 1, '1111001010': 1, '0011110100': 1, '1010001111': 1, '1000010010': 1, '1110011000': 2, '1011111010': 2, '0010101110': 2, '0101011110': 1, '1010101101': 3, '0111000100': 2, '0110000000': 2, '1000111100': 1, '1001100010': 1, '1100010110': 2, '1111001001': 1, '1001101101': 1, '0000000110': 1, '0100011100': 1, '1011101110': 1, '1001000111': 2, '1101000011': 1, '0101000001': 2, '0101000100': 2, '1101000111': 1, '0011001001': 4, '1101100111': 5, '0110010110': 1, '0100100111': 1, '1111101101': 2, '1111010011': 3, '0000111011': 2, '0011011110': 2, '0100001000': 4, '0100100011': 2, '1000111000': 3, '1110110000': 1, '1100011111': 2, '0100001011': 1, '0101011000': 1, '1010100100': 2, '0001100010': 2, '0010100010': 1, '1101100000': 4, '1100000000': 2, '1010101011': 2, '1100000100': 1, '1101001101': 2, '0101011111': 3, '0111011101': 2, '1011000000': 1, '1101100010': 3, '1111111001': 2, '1101101111': 1, '0110110011': 2, '0010000100': 1, '1000011101': 1, '1000010111': 2, '0100111111': 2, '1111100111': 2, '0000010011': 3, '1100001010': 2, '1010011001': 1, '0000010111': 3, '0000001101': 2, '0010001111': 1, '1100010101': 1, '0110110101': 1, '1110110010': 1, '0011011011': 2, '0101111101': 1, '0101110001': 2, '0001000101': 1, '1111100001': 2, '0011111000': 1, '0101111100': 2, '1011111011': 1, '0111111111': 1, '1101101110': 2, '0101100101': 4, '1100100100': 1, '1000011000': 3, '1001010000': 2, '0011101100': 2, '0010101100': 1, '0100000101': 2, '1101011000': 1, '1010111000': 2, '0001001000': 3, '0100111010': 1, '1100111100': 1, '1101111011': 1, '1000111011': 1, '0011000001': 2, '1000000111': 3, '1100001000': 1, '0101011010': 1, '0000011001': 1, '1001011100': 2, '0000101111': 3, '1110001100': 1, '1100110110': 1, '0000100101': 1, '1011001110': 3, '1100110100': 3, '1100101110': 1, '1011011010': 1, '1011110010': 1, '1001001111': 1, '0100110001': 1, '1010101000': 3, '0100101011': 1, '0111011000': 1, '1010000110': 1, '1110100010': 1, '0111011110': 1, '0011011010': 2, '1110000111': 1, '1001001010': 2, '0000111111': 5, '1010011100': 2}","DensityMatrix([[ 9.82477194e-04+0.00000000e+00j,
                 8.39139950e-04+4.51091383e-04j,
                 8.01139610e-04-5.25653513e-04j, ...,
                -5.62122865e-05+7.52352916e-04j,
                 6.34943158e-04+4.16558955e-04j,
                 3.49806285e-04+6.47829616e-04j],
               [ 8.39139950e-04-4.51091383e-04j,
                 9.73317945e-04+0.00000000e+00j,
                 4.44969115e-04-8.20514442e-04j, ...,
                 3.15495635e-04+7.02281448e-04j,
                 7.31939789e-04+6.18753859e-05j,
                 6.27120671e-04+4.13331565e-04j],
               [ 8.01139610e-04+5.25653513e-04j,
                 4.44969115e-04+8.20514442e-04j,
                 9.76904371e-04+0.00000000e+00j, ...,
                -4.48177461e-04+5.88222171e-04j,
                 3.11033877e-04+7.07936074e-04j,
                -6.06764356e-05+7.49445318e-04j],
               ...,
               [-5.62122865e-05-7.52352916e-04j,
                 3.15495635e-04-7.02281448e-04j,
                -4.48177461e-04-5.88222171e-04j, ...,
                 9.72675641e-04+0.00000000e+00j,
                 4.39205864e-04-8.09964435e-04j,
                 7.90842904e-04-5.12727710e-04j],
               [ 6.34943158e-04-4.16558955e-04j,
                 7.31939789e-04-6.18753859e-05j,
                 3.11033877e-04-7.07936074e-04j, ...,
                 4.39205864e-04+8.09964435e-04j,
                 9.79349172e-04+0.00000000e+00j,
                 8.31964441e-04+4.48518461e-04j],
               [ 3.49806285e-04-6.47829616e-04j,
                 6.27120671e-04-4.13331565e-04j,
                -6.06764356e-05-7.49445318e-04j, ...,
                 7.90842904e-04+5.12727710e-04j,
                 8.31964441e-04-4.48518461e-04j,
                 9.69634142e-04+0.00000000e+00j]],
              dims=(2, 2, 2, 2, 2, 2, 2, 2, 2, 2))"
data/selected_mutant_qc/mutants_qft_10/qft_10_Mutant_Add_cp_P45_Q9_[2.356194490192345].qasm,PureState_1,"{'0001001110': 1, '1111000111': 1, '0100101101': 1, '0100001110': 1, '1100110101': 1, '0000000000': 1, '0101011010': 1, '1010010001': 1, '0011100011': 1, '0101010111': 1, '1001111010': 1, '0111100110': 1, '1110101111': 1, '0100100011': 2, '1110010100': 1, '1001010100': 1, '1110100110': 1, '1101011101': 1, '1000111011': 1, '0010000010': 1, '0000101100': 1, '1100000101': 1, '1101011000': 1, '1010111011': 1, '0100011110': 1, '0110011000': 1, '1101101000': 1, '0001111111': 1, '0110010001': 1, '0010011001': 1, '0101001110': 1, '0001101111': 1, '0000000110': 1, '0010000001': 1, '0101011111': 1, '1010000110': 2, '0101011100': 1, '1010111100': 1, '1110111110': 1, '0111001111': 1, '1101000011': 1, '1110100011': 1, '1011110101': 1, '0010110001': 1, '1110111001': 1, '1001100101': 1, '1010011110': 1, '0011111011': 1, '1001111001': 2, '0011010111': 1, '0010000111': 1, '0001101001': 2, '1101001000': 1, '0101010010': 1, '0010101000': 1, '1000001000': 3, '0101101001': 1, '1010000100': 2, '1111011101': 1, '0110001101': 2, '0110001100': 1, '0010001000': 1, '0000100110': 1, '1001110110': 1, '1001100011': 1, '0000001010': 2, '1001110101': 1, '1000011001': 1, '0001100100': 1, '0011110100': 1, '0000010100': 1, '1101110111': 1, '0011100100': 1, '1001111000': 1, '1010100000': 1, '1000110001': 1, '0100110011': 2, '0101100011': 2, '1100100011': 1, '0010100010': 2, '0001100010': 1, '1000001110': 1, '1101100100': 2, '0001111010': 1, '1011101011': 1, '1001111101': 1, '0100011100': 1, '1111010111': 1, '0011100101': 1, '1111011001': 1, '1001100100': 1, '0110011100': 1, '0100011000': 1, '0111100100': 1, '0010110110': 1, '0010010110': 2, '1110000110': 1, '0111010111': 1, '1011100111': 1, '0000011010': 2, '1110110101': 1, '1110011011': 3, '0011010001': 1, '0010001011': 2, '0111011000': 2, '0000110010': 1, '1010110000': 1, '0111000000': 3, '1111100001': 1, '0100110101': 1, '1011010101': 1, '1110010110': 1, '0011000010': 1, '1010001111': 1, '0101100101': 2, '1011101101': 1, '0101101101': 1, '1100010100': 1, '1111110010': 1, '1000100000': 1, '1010011100': 1, '0011011000': 2, '0001011001': 2, '1001000100': 1, '1111000101': 1, '1011011011': 1, '0011111101': 1, '0101011101': 1, '1010100110': 1, '1000100010': 1, '0110011011': 1, '1111110011': 1, '1001000110': 3, '1011100001': 1, '0100101010': 2, '1100101000': 1, '1110001001': 1, '0000101011': 1, '1101111100': 2, '1100001110': 1, '0110101010': 1, '0001101011': 1, '0111111110': 2, '1111001100': 1, '0000111001': 2, '1101011010': 1, '1000010111': 3, '0111111010': 1, '0011000100': 2, '1100100001': 1, '1011010100': 1, '0001011111': 1, '1000111110': 1, '1000111010': 2, '1100101110': 1, '0011100110': 1, '0010000000': 2, '0011011010': 3, '0011010100': 3, '0111110011': 2, '1111011011': 2, '1011101001': 1, '0111000100': 1, '1010101101': 1, '0011100111': 2, '1011111001': 1, '1001100111': 1, '0110111110': 1, '0011001111': 1, '0000001110': 2, '0010010011': 3, '0000011100': 1, '0011001110': 1, '0000100001': 3, '0001000010': 1, '0011001001': 1, '1101000111': 2, '0110010010': 4, '0101010100': 2, '0111101110': 2, '1100111001': 1, '0111101000': 2, '1000101001': 1, '0101100001': 3, '1010000001': 2, '0101000011': 2, '0110000100': 4, '0111110101': 1, '0110110111': 1, '1001010000': 1, '1110011010': 2, '0101000111': 1, '0111100010': 1, '1110001100': 3, '0100111110': 1, '1111110001': 1, '1100110100': 1, '1001011111': 2, '0011001000': 1, '0111111100': 2, '0001101101': 2, '1000000100': 1, '0001100101': 1, '1001001100': 1, '1101001111': 2, '0101110010': 1, '0000001001': 2, '1110101100': 2, '0011101101': 3, '0110011111': 1, '1011000111': 2, '1100110011': 2, '1000110110': 4, '0110000110': 2, '1000110000': 3, '1111011110': 5, '1011010001': 1, '0000100100': 1, '1111101010': 2, '1101111011': 1, '1100111100': 2, '1100010101': 1, '1110110010': 1, '0010001111': 1, '1100000110': 1, '1010100101': 3, '0110011010': 2, '0001100001': 2, '0100010100': 1, '0010010101': 2, '1100000100': 2, '1010101011': 2, '0011001101': 1, '0110001110': 2, '0000010001': 2, '0011100001': 1, '0010011100': 1, '0100011001': 1, '1000100001': 1, '1011000110': 1, '1001010111': 1, '1010111111': 1, '1100110000': 1, '1010011111': 1, '1100110110': 1, '0101111110': 1, '1101111010': 1, '0010011010': 2, '0110000011': 3, '0011001100': 1, '1011111000': 3, '1011100110': 2, '1101101001': 2, '1000101011': 1, '0111110000': 2, '1011011100': 2, '1000110111': 3, '1101100101': 1, '1011111100': 1, '0010001100': 3, '1110101000': 1, '0010100110': 1, '0100101111': 1, '1110101011': 1, '1111111101': 1, '0000100011': 1, '0010110111': 3, '0111001110': 1, '1100010011': 1, '1001011001': 3, '1011001101': 1, '1011011000': 2, '0001011110': 1, '1100001010': 1, '0000010011': 2, '1010011001': 2, '1000111111': 1, '1110000111': 3, '1100011101': 4, '0001000101': 2, '0011000110': 2, '1101100001': 1, '0101010101': 1, '1110000101': 1, '1101011111': 2, '1111111110': 2, '1111111010': 1, '1100101101': 1, '1001101101': 1, '1011000101': 2, '0110100111': 2, '0110011101': 1, '1001111111': 1, '1010000010': 3, '1000011100': 3, '1101000000': 1, '1100110001': 2, '0000110100': 2, '1111110101': 2, '0110101110': 1, '0101101110': 1, '1101010000': 1, '1010110010': 2, '0101011110': 3, '0001010010': 2, '1010001010': 2, '0101001111': 2, '1110100111': 1, '0110100100': 3, '1011000001': 2, '1011001100': 4, '1000110100': 2, '1110100001': 1, '0011000000': 2, '1111010011': 1, '0110100101': 3, '1111101101': 1, '0100010010': 2, '0010011000': 2, '0101000101': 2, '1100110111': 1, '0011111010': 2, '1010110111': 1, '0111010010': 2, '0001111000': 2, '1010010101': 3, '1110111100': 1, '0100010111': 1, '1111111111': 2, '1000000110': 1, '0101111111': 1, '1101000100': 1, '1100000010': 2, '1000101000': 1, '1100101001': 2, '1000111000': 1, '1101001011': 2, '0110001011': 1, '1011100101': 1, '1110000100': 2, '1100111011': 1, '1000001111': 3, '0011000111': 1, '1101001101': 1, '1111100011': 3, '0011110010': 1, '1110001010': 1, '0001100000': 2, '0100101000': 2, '0011001010': 1, '1010111101': 3, '0110110000': 2, '0110101011': 3, '0000010110': 2, '0100111001': 1, '1000001100': 1, '0101001100': 1, '1110011000': 1, '1000010010': 1, '1011111010': 1, '1011100000': 4, '1011011111': 3, '0111110111': 1, '0010011110': 1, '1101011110': 1, '1101110010': 2, '0010111110': 2, '1111101100': 1, '0101100110': 1, '0011101001': 1, '0001010101': 2, '1011101110': 1, '1001000111': 2, '0000010010': 2, '1101111101': 1, '0111001001': 1, '0101000010': 2, '1001111110': 2, '0100011101': 1, '0110111000': 1, '0111001100': 1, '1100100010': 3, '1101100111': 1, '0010111101': 2, '0001101110': 2, '0100101110': 1, '1101101010': 3, '1110011100': 3, '1011110100': 1, '0010001101': 1, '0000111110': 2, '1010010100': 1, '1000011111': 4, '0010011111': 1, '0100010001': 4, '1110111101': 3, '0101001011': 1, '0100110111': 2, '1101010100': 1, '0110111011': 1, '0000011111': 1, '1110101010': 2, '1100110010': 1, '1111011111': 2, '1011111110': 1, '1011100100': 2, '1011011110': 2, '0110100110': 1, '0101110001': 1, '1110111011': 1, '1000110011': 2, '0111010000': 2, '1110010001': 1, '0101000110': 1, '1001011000': 1, '0111011100': 2, '1111100101': 3, '1000100011': 2, '1111011000': 2, '1100111101': 2, '0111101111': 2, '1011010010': 1, '1111000100': 3, '0100110100': 1, '1000011011': 1, '1101001110': 1, '0011101110': 1, '1100001100': 1, '1111000110': 1, '1101101100': 1, '1010010000': 5, '1110010111': 1, '1101110100': 1, '1110111111': 2, '1111111000': 2, '0111010101': 3, '1100001000': 1, '0101011001': 2, '1000100110': 3, '0000111010': 1, '1101010111': 2, '0100111101': 1, '0011110011': 1, '0011101011': 3, '0000001100': 3, '1101010010': 1, '0111000111': 3, '1010001011': 1, '1001010110': 3, '0100001111': 2, '1101011100': 2, '0010110000': 4, '0110110110': 2, '1001001001': 2, '0011010000': 2, '0101010001': 2, '1111101000': 1, '1110010101': 2, '0101110111': 3, '0100000010': 2, '1010101100': 1, '0000000111': 1, '0000010101': 1, '0010011011': 2, '0110001010': 1, '0100101100': 1, '1100010000': 2, '0110111001': 1, '0110011110': 2, '1001100110': 3, '0000000011': 2, '1010001110': 2, '1011110111': 1, '0001000011': 1, '0000101010': 1, '1000010100': 2, '1110100100': 1, '1101101101': 2, '0101100010': 1, '0110010011': 3, '0001000110': 2, '1100101111': 1, '0010111100': 1, '0110000101': 2, '0000011000': 3, '1010000011': 1, '1010011000': 4, '1101001001': 2, '0100100010': 2, '0111110010': 1, '0100101001': 3, '0111101010': 2, '1101001010': 1, '0000001101': 3, '0101011000': 5, '0000010111': 2, '0110001000': 3, '1111100100': 2, '1110101110': 1, '0000100010': 3, '0101011011': 2, '1001110111': 1, '1001101100': 2, '1011100010': 2, '0101001000': 1, '1000011110': 1, '0011100010': 1, '1101100000': 2, '1001101000': 1, '1000100111': 1, '1011010110': 1, '0001110011': 2, '1110110001': 1, '1100000111': 1, '0010100101': 3, '0010011101': 1, '1010111001': 1, '0111000110': 2, '1011010111': 1, '0101101011': 2, '1101101110': 1, '0001010111': 2, '0101111100': 1, '0111110100': 1, '0100000011': 1, '1100011010': 1, '1001110001': 1, '0010001001': 1, '0100111011': 3, '0000011011': 1, '1011000000': 2, '1101100010': 2, '0011110110': 1, '1000000111': 1, '0011000001': 2, '1110100000': 1, '0010000100': 1, '1110000011': 2, '1111001000': 1, '0101110000': 2, '1101110000': 2, '0001111100': 1, '1010010111': 2, '0100111010': 1, '0100000100': 1, '1110110000': 1, '1110011001': 2, '0110111010': 1, '1001100001': 2, '0010101001': 1, '0110010100': 2, '0100001100': 1, '1111000010': 2, '1001001000': 2, '0000000101': 1, '1111111011': 1, '0100001000': 2, '0110100001': 3, '0111011001': 2, '0111010100': 3, '1001111100': 3, '1111110111': 1, '1010001101': 1, '0111111001': 1, '0010100000': 1, '0000100000': 2, '1110001110': 1, '1101111000': 2, '1001101111': 2, '0010001010': 1, '1001010010': 3, '0011001011': 1, '1110101001': 1, '1010110011': 3, '1110001000': 3, '0110001111': 1, '0110101101': 1, '0000000001': 2, '0101001010': 1, '1010111010': 1, '0001111101': 2, '0000101101': 1, '1001110011': 1, '0010010001': 1, '0001011100': 2, '1100100000': 3, '1001110010': 3, '1001101010': 1, '0010010010': 1, '1011101000': 3, '1111100110': 1, '0110000111': 1, '0011100000': 2, '1000100101': 2, '1010010011': 1, '0101000000': 1, '0011011100': 5, '0010101110': 1, '0001000001': 1, '1011011101': 1, '1101110110': 2, '1110001111': 1, '1100000011': 1, '1100010010': 2, '0101101000': 1, '0110100011': 2, '1011110001': 2, '1010101010': 2, '0011101111': 2, '0111000010': 2, '0001111001': 2, '0000101110': 1, '1111000001': 1, '1001111011': 1, '1011011001': 3, '0110010110': 1, '0101101111': 1, '1100111000': 3, '0100100001': 2, '0111101100': 1, '1100011001': 1, '0000110101': 1, '0011111110': 1, '1100011100': 1, '0011000011': 1, '1110010000': 1, '0010111111': 1, '0110000010': 1, '1001000000': 3, '1011000011': 3, '1010110101': 4, '0100010101': 1, '0001000000': 2, '1010011101': 1, '0001110111': 2, '1100011011': 1, '0010110011': 2, '1010101000': 2, '0001110000': 1, '1011000100': 1, '1100100110': 3, '0100001101': 3, '0110101000': 3, '1111001110': 1, '0100011010': 3, '0010111000': 1, '0000111000': 1, '0010000110': 2}","DensityMatrix([[ 0.00097656+0.j        ,  0.00096847-0.00012549j,
                -0.00024889-0.00094431j, ..., -0.0009045 -0.00036817j,
                -0.00024889+0.00094431j, -0.00012549+0.00096847j],
               [ 0.00096847+0.00012549j,  0.00097656+0.j        ,
                -0.00012549-0.00096847j, ..., -0.00084969-0.00048135j,
                -0.00036817+0.0009045j , -0.00024889+0.00094431j],
               [-0.00024889+0.00094431j, -0.00012549+0.00096847j,
                 0.00097656+0.j        , ...,  0.00058654-0.0007808j ,
                -0.00084969-0.00048135j, -0.0009045 -0.00036817j],
               ...,
               [-0.0009045 +0.00036817j, -0.00084969+0.00048135j,
                 0.00058654+0.0007808j , ...,  0.00097656+0.j        ,
                -0.00012549-0.00096847j, -0.00024889-0.00094431j],
               [-0.00024889-0.00094431j, -0.00036817-0.0009045j ,
                -0.00084969+0.00048135j, ..., -0.00012549+0.00096847j,
                 0.00097656+0.j        ,  0.00096847-0.00012549j],
               [-0.00012549-0.00096847j, -0.00024889-0.00094431j,
                -0.0009045 +0.00036817j, ..., -0.00024889+0.00094431j,
                 0.00096847+0.00012549j,  0.00097656+0.j        ]],
              dims=(2, 2, 2, 2, 2, 2, 2, 2, 2, 2))","{'0010000110': 1, '1101111101': 1, '0000111110': 1, '1000010101': 1, '1100100010': 1, '0101110011': 1, '0011110111': 1, '0010101000': 1, '1001111000': 1, '1001100110': 1, '0101001010': 1, '1011100111': 1, '0000001100': 1, '0011110110': 1, '1001110101': 1, '0010011111': 1, '1010101011': 1, '1111011110': 1, '1000110000': 1, '1010000010': 1, '0111110111': 1, '0100110011': 1, '1100101010': 1, '0011101100': 1, '1011010010': 1, '1101010010': 1, '0000111101': 2, '1010010101': 1, '0011001011': 1, '1111011010': 2, '0101010110': 1, '1010011110': 1, '1111100100': 1, '1100111101': 2, '0111101111': 1, '1010100111': 1, '0000110100': 2, '0000010100': 2, '1101001101': 1, '0100010110': 1, '1001100001': 2, '0011001110': 1, '1011000011': 1, '0110100110': 1, '1011011101': 1, '1100001001': 1, '1111011000': 1, '1100011001': 1, '0111001110': 2, '1111111100': 1, '0110011000': 1, '1011011100': 1, '0000000000': 1, '1010001000': 3, '1001001011': 1, '0110011001': 2, '0001110101': 2, '0011010000': 2, '0011011010': 1, '0100111111': 2, '1010101110': 2, '0010001110': 2, '1010100011': 1, '1000111000': 1, '1110011011': 1, '1000000010': 1, '1000101000': 2, '0111110110': 3, '1011011001': 1, '0000001000': 1, '0111011111': 2, '0001001111': 1, '0110100010': 1, '0100101101': 1, '1100011110': 1, '0111100110': 1, '1101000101': 1, '1101100100': 1, '0100111001': 1, '0010010111': 1, '0100111100': 2, '0001001010': 3, '1101101111': 1, '0000101111': 1, '0101010011': 1, '0010100010': 1, '1110110100': 1, '0101011011': 1, '1011100010': 1, '1001110111': 1, '0001001001': 1, '1110110011': 2, '0101100100': 1, '0110011111': 1, '0111011101': 1, '1100001000': 1, '0011101000': 1, '1111111011': 1, '1001110100': 1, '1000101010': 1, '0011100011': 4, '1011110101': 2, '1110000111': 1, '0000101011': 3, '1011111100': 1, '0010110010': 1, '0100111000': 1, '0101000111': 3, '0101001000': 1, '0001111001': 2, '0101011110': 2, '0111111000': 1, '1001010010': 1, '0111000001': 1, '1111001111': 3, '0000100100': 2, '1011100100': 1, '1011011110': 2, '0011111010': 1, '1001001101': 1, '1101100111': 1, '1011101101': 1, '0110110100': 2, '1011001011': 1, '0101001101': 1, '1110100110': 2, '0101010111': 1, '0011100110': 1, '1000011000': 4, '0010010110': 1, '1110000110': 1, '1100010000': 1, '0001011111': 1, '1000011011': 3, '1100010100': 1, '0001011101': 2, '0011111101': 1, '1011000100': 1, '0110100111': 1, '0001100111': 1, '0100001001': 1, '0011011111': 1, '0110011011': 1, '1001011100': 4, '0011010011': 1, '0011010110': 1, '0011011101': 1, '0000100010': 3, '1110101110': 2, '0001001100': 2, '1001100101': 1, '0000110001': 1, '1000001000': 3, '0000010111': 1, '1010100100': 1, '0101011000': 1, '1000000100': 1, '0111100101': 2, '0100010111': 2, '1111111111': 1, '0111101001': 1, '0001010100': 1, '1001100100': 1, '1001110000': 1, '1011100101': 4, '0001010001': 1, '0111100001': 2, '1011001110': 1, '1100110110': 2, '1101110101': 3, '0111100010': 1, '1000011010': 1, '1100010101': 2, '1100000110': 3, '1110110010': 1, '0000110101': 1, '0011111110': 3, '1100011100': 1, '0001000000': 2, '1110011110': 1, '0000110110': 1, '1001100011': 3, '0101000000': 1, '1001000110': 1, '0010001001': 1, '1001110001': 3, '0011011001': 2, '1010001101': 3, '0000101001': 2, '0001000001': 1, '0010101110': 1, '0101010010': 2, '1101001100': 1, '1010110110': 3, '1101110111': 2, '0100100100': 2, '0100010000': 1, '0011001010': 1, '1010111101': 2, '1011001111': 2, '0110011100': 1, '0110010000': 2, '0111110010': 1, '0001011011': 2, '0100101001': 1, '0100100110': 2, '1100101000': 4, '0111011010': 1, '1000101001': 3, '0000100111': 1, '1001001110': 3, '1100000101': 1, '1001000111': 1, '0101111100': 1, '0011111000': 1, '0111110100': 1, '1110011100': 1, '0101011111': 1, '1110000001': 1, '0100011101': 2, '1111111101': 1, '0100000010': 2, '1110101111': 1, '1100101011': 1, '1100111100': 3, '1101111011': 1, '1001001010': 1, '0100110101': 3, '1001111001': 2, '1100111000': 1, '1000111101': 1, '0111001111': 1, '1100000011': 2, '1010101000': 3, '0100110001': 2, '1010100001': 1, '0101111000': 3, '0001001110': 1, '1010011100': 2, '1110111110': 2, '0110111101': 2, '1000001100': 1, '0101001100': 1, '1011011000': 3, '0011011011': 1, '1110010010': 1, '0101000010': 2, '1111101111': 2, '0010011000': 1, '0010010100': 3, '1100101101': 1, '1001000011': 2, '0011110011': 1, '0011101011': 3, '1001010101': 1, '1100011101': 2, '0010101001': 2, '0100001100': 1, '1011001000': 3, '0100001110': 2, '1110101100': 1, '1111100000': 2, '1011111101': 1, '1101010011': 2, '0011000110': 1, '1101100001': 1, '0101100111': 4, '0110101101': 1, '0100000001': 1, '0100110100': 1, '1111000100': 4, '1101001110': 1, '0011011110': 2, '1001101011': 2, '0011100000': 2, '1111010010': 1, '1000101110': 3, '1111010101': 1, '1110111100': 1, '1110111111': 1, '1101110100': 1, '0011010100': 2, '0011001100': 1, '1010001001': 1, '0011111111': 1, '1111101001': 1, '0100101011': 1, '0111011000': 1, '0111010011': 1, '0111100111': 2, '0110100011': 2, '0101101000': 1, '0101100010': 1, '0110010011': 1, '1101000100': 2, '1111101011': 1, '0001111000': 1, '0010111011': 2, '0110000111': 2, '1111100110': 1, '0101101010': 1, '0001100100': 5, '1011000110': 1, '0110110010': 1, '1000100110': 2, '1000110001': 1, '0000001101': 1, '1110111010': 2, '0100110010': 1, '0111001100': 2, '1000001010': 1, '1101100110': 3, '1000110010': 3, '0011011000': 1, '1001101101': 2, '0000101100': 4, '0001101111': 1, '1101011001': 2, '0000101000': 1, '0011000100': 2, '0111111010': 2, '0011101001': 2, '0000001011': 1, '0100100010': 2, '1111000111': 2, '1100001110': 1, '0101001001': 2, '0010000101': 3, '0110101010': 2, '0011000000': 2, '1111101101': 2, '1111010011': 1, '0100100111': 1, '0010011001': 2, '0000011110': 2, '1001010011': 3, '0001000010': 2, '1010100101': 1, '0011101110': 2, '0011000001': 2, '1111000101': 1, '1001000100': 3, '1011010111': 2, '1100001011': 4, '1110000000': 2, '0110000000': 1, '1101011110': 1, '1001000101': 2, '1010011101': 1, '0010111110': 1, '1111101100': 2, '1101110010': 1, '0100001111': 1, '0010100100': 1, '0001000100': 1, '1011010110': 1, '0001110011': 1, '1000100111': 3, '1111001001': 1, '1000111100': 2, '1100010110': 2, '0100011110': 1, '1101000011': 3, '0111010101': 2, '0101011010': 2, '1101111000': 3, '0110100000': 3, '1001101111': 1, '1011011011': 1, '1101000010': 1, '1111100011': 1, '0011110010': 2, '0110010101': 1, '1000011101': 2, '0111000110': 2, '1010111001': 4, '0010011101': 5, '1100100011': 3, '0010100011': 1, '1110001011': 1, '0111010000': 2, '0100010100': 1, '0100011011': 2, '1100011111': 1, '0100001011': 1, '1110110000': 2, '1001010111': 1, '0111001011': 3, '1010111100': 1, '1001110110': 2, '0001010110': 1, '1111000010': 1, '1011110010': 1, '1011011010': 1, '1100101110': 1, '1010110001': 2, '1110101000': 2, '0100000000': 1, '0010001100': 1, '0001101001': 1, '1001011101': 2, '0111110001': 3, '0000000100': 1, '1111100001': 3, '1011111111': 1, '1001110011': 1, '0001111101': 3, '0111101101': 3, '0101110100': 2, '0111010100': 2, '0110100001': 1, '0110001001': 2, '0101010100': 2, '0110000001': 3, '0010101010': 3, '1100111001': 1, '0011111100': 1, '0111111011': 1, '1110010111': 4, '1110000101': 2, '0101010101': 1, '0101100001': 3, '0110101001': 3, '1111110011': 1, '0100111010': 1, '0100000100': 1, '1010001110': 3, '1011110111': 2, '1001101001': 2, '0000001010': 2, '0001000110': 1, '1100001111': 1, '0010000000': 5, '0011010111': 1, '0010000111': 1, '1111100010': 2, '1011101011': 3, '1100000111': 1, '1110110001': 2, '0000111010': 1, '1011000010': 1, '0001111100': 1, '1010010111': 2, '0101110000': 1, '1111001000': 1, '1101110000': 1, '1110011101': 2, '0000011010': 3, '1100011010': 1, '1111110100': 2, '0000000111': 1, '0001110110': 1, '1101111001': 2, '1110001010': 1, '0000110011': 2, '1101111111': 1, '0001001011': 4, '1001001000': 1, '0011101111': 2, '1010000101': 2, '1010011000': 2, '1101010001': 1, '0000011100': 3, '0010010011': 3, '1010111011': 2, '1111110110': 1, '1001010001': 2, '1010110100': 1, '1101010101': 2, '1000101101': 1, '0110000100': 3, '1000000000': 3, '0111110101': 2, '1110101001': 1, '1010110011': 1, '1110001000': 2, '1010110010': 1, '1011100110': 3, '0100110110': 2, '1001101000': 1, '1101100000': 1, '1100000000': 1, '0011100010': 1, '1101101100': 2, '1111000110': 2, '1010101100': 3, '1000101111': 3, '0011100101': 2, '1101011010': 1, '1111111001': 1, '0110110111': 1, '1000111010': 1, '0100101100': 3, '1101001000': 1, '0001101101': 1, '1011101000': 4, '0011000010': 3, '0100100101': 3, '1000111110': 1, '0010000011': 1, '0100101010': 3, '0011001101': 1, '0010110101': 1, '0110001110': 1, '1111010001': 3, '1110010011': 1, '1000100100': 1, '0001100011': 1, '1101111100': 1, '0010101011': 2, '0000101010': 1, '1000010100': 1, '0001000011': 1, '0111101010': 2, '1111010100': 2, '1101001010': 1, '0101101100': 3, '0010001011': 1, '0101010001': 2, '1111101000': 1, '0010111001': 2, '0100111011': 1, '0011000101': 1, '1000100000': 1, '0100000110': 2, '1110000100': 1, '1011101100': 1, '1010000001': 3, '1111010000': 1, '1000111011': 4, '0000010010': 2, '1110100100': 2, '1111001110': 1, '1110100001': 2, '1111011101': 3, '1101110001': 3, '0001101010': 1, '0000100110': 1, '0001011100': 2, '0000110010': 2, '0110000011': 1, '0010011010': 4, '0000111100': 3, '0100001000': 1, '1010011001': 1, '1101010100': 1, '0110111011': 2, '0110001111': 2, '0001011010': 3, '1011101010': 1, '1011101001': 2, '1111010111': 2, '0111001000': 1, '0001110000': 1, '1010111000': 1, '1010101010': 2, '1011110001': 1, '0001001000': 3, '0111011100': 1, '1111100101': 1, '0010000010': 1, '1101001011': 1, '0110001011': 1, '0001011000': 1, '1101110011': 1, '0010100101': 2, '1110010110': 2, '0110000010': 3, '0110100100': 4, '0100101111': 1, '0010100110': 1, '1001000000': 2, '0111111111': 1, '0001101110': 1, '1011111011': 1, '1011000101': 3, '1000010010': 1, '1101100011': 2, '1001111011': 1, '1111000001': 1, '1111001010': 2, '1110111001': 3, '0010110011': 1, '1110111011': 3, '1001111110': 2, '0100010011': 1, '1000100010': 1, '0000110111': 1, '0110101110': 2, '0010110111': 1, '0000100011': 3, '0100111110': 2, '1100110100': 2, '0100101000': 1, '0001100000': 2, '1110100011': 1, '0010010101': 3, '1010011011': 1, '1001111101': 2, '1110111000': 3, '1000011111': 2, '1100000001': 2, '0000100000': 1, '0010100000': 1, '1110001110': 1, '1110010100': 2, '0111000100': 1, '1010101101': 1, '1111000000': 1, '1011111001': 1, '0011110100': 2, '0111101110': 4, '0000010001': 2, '1110110111': 1, '0100100001': 1, '0101110110': 3, '0011001111': 1, '1001100111': 3, '0111110000': 1, '0101110010': 1, '0101111111': 1, '0011110001': 2, '0101100011': 1, '1100111110': 2, '1100111011': 4, '1010011010': 2, '1001100000': 1, '0010010010': 2, '1001101010': 2, '1100100100': 2, '1000010110': 2, '1100100110': 2}","DensityMatrix([[ 0.00097117+0.j        ,  0.0009273 -0.0001137j ,
                -0.0002376 -0.00091681j, ..., -0.00068892-0.00029472j,
                -0.00018998+0.00073512j, -0.00010159+0.00073702j],
               [ 0.0009273 +0.0001137j ,  0.00095942+0.j        ,
                -0.00011479-0.00091171j, ..., -0.0006585 -0.00038628j,
                -0.00028007+0.00068461j, -0.00019493+0.00073301j],
               [-0.0002376 +0.00091681j, -0.00011479+0.00091171j,
                 0.00095974+0.j        , ...,  0.00045748-0.00058349j,
                -0.00065368-0.0003794j , -0.00068705-0.0002878j ],
               ...,
               [-0.00068892+0.00029472j, -0.0006585 +0.00038628j,
                 0.00045748+0.00058349j, ...,  0.00099284+0.j        ,
                -0.00012048-0.00093272j, -0.00024571-0.00093948j],
               [-0.00018998-0.00073512j, -0.00028007-0.00068461j,
                -0.00065368+0.0003794j , ..., -0.00012048+0.00093272j,
                 0.00099964+0.j        ,  0.00094706-0.00012026j],
               [-0.00010159-0.00073702j, -0.00019493-0.00073301j,
                -0.00068705+0.0002878j , ..., -0.00024571+0.00093948j,
                 0.00094706+0.00012026j,  0.00098966+0.j        ]],
              dims=(2, 2, 2, 2, 2, 2, 2, 2, 2, 2))"
data/selected_mutant_qc/mutants_qft_10/qft_10_Mutant_Add_cp_P45_Q9_[2.356194490192345].qasm,PureState_2,"{'1000000011': 1, '0010010111': 1, '0011101110': 1, '1111011000': 1, '0010011001': 1, '0001110110': 1, '0101011111': 1, '0000101100': 1, '0010001001': 1, '0000000011': 1, '1000101100': 1, '0011110110': 1, '1100111111': 1, '1111001111': 1, '0111111000': 1, '1000001100': 1, '1100010001': 1, '0110000010': 2, '0000010111': 1, '1100100001': 1, '0011011000': 1, '1110001111': 1, '1111000010': 1, '0100010111': 1, '1011110011': 1, '1101110100': 1, '0100001011': 1, '0101000011': 1, '0010110100': 1, '0101110011': 1, '1001010110': 1, '0000111101': 1, '1110101011': 2, '1010010010': 2, '1110010110': 1, '0001011110': 1, '0010010100': 1, '0001111001': 2, '0001010000': 2, '1111101001': 1, '0101010110': 1, '0011110111': 1, '1100110010': 2, '1011111000': 1, '0000111000': 1, '1011001101': 1, '1011011000': 1, '0111011110': 1, '0011011010': 1, '1110111100': 1, '1000110011': 1, '0000001001': 1, '0110001100': 2, '1001001111': 1, '0001011101': 2, '0010111001': 2, '1000101010': 1, '0110111101': 1, '1010101001': 1, '1100011011': 1, '0101111011': 1, '0100000100': 1, '0100111010': 1, '0000000111': 1, '1111110001': 1, '0000001111': 2, '1101010001': 1, '0111101010': 1, '0100111110': 1, '1101110010': 1, '0100110010': 1, '0011000111': 2, '0000110000': 2, '1011000111': 2, '0011010111': 1, '0010000111': 1, '1000100110': 2, '0110101110': 1, '0011010011': 1, '0101101100': 1, '1101011110': 1, '1011010011': 1, '1101111100': 1, '1101100101': 1, '0101010011': 2, '0000110011': 2, '1101000011': 1, '1110101111': 1, '0100000111': 3, '1001000011': 1, '1111111010': 1, '1110010011': 2, '0001001101': 1, '0111101011': 2, '1110000001': 1, '0000100011': 2, '1111111000': 1, '0110001011': 2, '0101110110': 1, '1100100000': 2, '1110100011': 1, '0111011000': 1, '0100110111': 2, '0001111110': 1, '1101000010': 1, '0101001000': 2, '0101000111': 1, '1011110110': 1, '0010101101': 1, '1101011101': 2, '1001011100': 2, '0111001101': 1, '0001100001': 1, '1100110101': 1, '1110100100': 1, '1101110101': 1, '1000001011': 1, '0001010010': 4, '1010001010': 1, '1011101111': 1, '1001011000': 3, '0101000110': 2, '0111101110': 1, '0110011010': 2, '0001110010': 2, '0001110000': 3, '0001110100': 1, '0001101111': 2, '0000000010': 1, '1110100001': 2, '0100011110': 1, '1001000111': 1, '1011101110': 2, '1100111010': 1, '1010001001': 1, '1100010100': 1, '1101001000': 1, '0110000110': 1, '1000110111': 1, '0101010000': 1, '1101100111': 1, '0001011100': 2, '1000010010': 2, '1011111010': 1, '0111100000': 2, '1111100101': 1, '0011011111': 1, '1010111111': 1, '0111001011': 2, '1001010111': 1, '1001010000': 1, '0011101100': 1, '0100011100': 1, '1111010111': 1, '1001000000': 2, '0111100100': 1, '0001001010': 1, '0101010001': 2, '1111101000': 1, '0000011101': 2, '1010110111': 1, '0111010010': 2, '1111101011': 1, '0101000000': 1, '1010010011': 1, '0001110101': 2, '1001001000': 1, '1001100101': 1, '0001001100': 2, '1101111011': 3, '0100010010': 4, '1001011010': 1, '0100111100': 1, '1110001001': 1, '1110111010': 5, '0000001101': 2, '1000000101': 1, '1001011110': 1, '0000100010': 1, '1110101110': 1, '1110100110': 1, '0100010000': 2, '0011001010': 2, '1010111101': 2, '1100010010': 2, '0100101000': 1, '0001100000': 2, '0101011010': 2, '1010110100': 2, '1001010001': 4, '0101011001': 2, '0110101001': 1, '0101100001': 2, '0100110011': 3, '0111100110': 1, '1010011110': 3, '0010110101': 1, '0011001101': 2, '0110001110': 2, '0111101000': 3, '0111111011': 1, '1100111001': 1, '0011111100': 1, '0100001010': 2, '0001001111': 2, '0110100010': 2, '1110111011': 1, '0101110001': 1, '0100111011': 2, '1010010101': 1, '0011000100': 2, '0010100001': 2, '0111111010': 3, '1010000101': 2, '1100100101': 1, '1000110101': 1, '0011100101': 1, '0001011111': 1, '1100001001': 2, '0010000110': 1, '1101111001': 1, '0101101111': 1, '1100111000': 2, '0101101000': 1, '1101011111': 1, '0110011001': 1, '0011010101': 1, '0101111010': 1, '1110010000': 2, '1111101100': 3, '0010111110': 1, '0100100111': 3, '1010000110': 2, '0011110001': 1, '0101111111': 2, '0000000100': 2, '0111110001': 2, '0110110111': 1, '0000010001': 3, '1111001011': 1, '0101110100': 2, '0100110000': 1, '1000111001': 1, '1101100110': 3, '0010010000': 3, '0000011011': 3, '0111000001': 1, '1011101010': 1, '1111000011': 1, '1001110010': 2, '0111100101': 1, '0011000001': 1, '0110101011': 1, '0100110100': 2, '1111000100': 2, '1000011000': 1, '1001000001': 2, '1011001000': 1, '0100001100': 1, '0010101001': 1, '0101100111': 1, '1001100010': 1, '1011001001': 1, '1000111100': 2, '0001111011': 1, '1111111100': 3, '0110111111': 1, '1100011101': 2, '0011100100': 2, '1101110111': 2, '0011001011': 1, '1100000001': 1, '0010011101': 1, '0111000110': 1, '1010111001': 2, '1001101100': 1, '1011100011': 1, '1110110100': 2, '0101011011': 1, '0100001111': 1, '1101001110': 1, '1001001001': 1, '1111011100': 2, '0011010100': 3, '1000001110': 2, '1001111001': 2, '1001001010': 1, '0100001101': 1, '1010111011': 2, '0001011011': 1, '0111110010': 2, '0100101001': 1, '0011001110': 1, '1111101111': 1, '1000100001': 1, '0010011100': 1, '0100011001': 2, '0101100000': 1, '0111010000': 2, '1110010001': 2, '0111011001': 1, '1001111100': 1, '0111010100': 1, '0000000001': 1, '1011010101': 2, '0000110001': 1, '1000001000': 2, '1010000010': 1, '1001111111': 1, '1000011100': 1, '0110011101': 2, '0001001000': 1, '1010101010': 2, '1010111000': 2, '1011110001': 1, '1011111101': 1, '1011010001': 1, '1000110000': 3, '1111011110': 1, '0010111100': 1, '1001100110': 2, '0010101011': 2, '0001111100': 1, '1000011010': 1, '1100010101': 2, '0011010110': 1, '0011011101': 1, '1101100100': 2, '1010101110': 1, '1011111001': 2, '0011100111': 1, '1110111000': 2, '0100101111': 4, '1010010100': 2, '1010000111': 1, '0010100010': 1, '0001100010': 2, '0111000000': 1, '1110011101': 1, '0110111000': 2, '0101001110': 3, '0010001011': 1, '1110001011': 1, '0010100011': 3, '1011010110': 1, '0001110011': 2, '1000110010': 3, '1011011100': 2, '0110111001': 1, '0110011110': 2, '1110000111': 1, '1000111111': 2, '1001000010': 2, '1111111101': 2, '1000010001': 2, '1001011001': 1, '0100100000': 3, '1000010101': 1, '1010000100': 1, '1100100111': 1, '1101010101': 2, '1000101101': 1, '1111110111': 2, '0100111111': 2, '1000010111': 2, '0110101010': 3, '0101001001': 1, '0000111110': 2, '1110011100': 2, '0000111010': 1, '1101010111': 2, '0100111101': 1, '1001010101': 2, '0011101011': 1, '0011000000': 2, '1111010011': 1, '0110100101': 2, '1111101101': 2, '0000111001': 3, '1101011010': 1, '0111011100': 2, '0010000010': 2, '0001100101': 2, '0101111100': 1, '0011111000': 1, '0111110100': 1, '1111110100': 3, '0100000011': 1, '1100011010': 1, '0000000000': 2, '1010001000': 1, '0100100011': 1, '1010010000': 1, '1110010111': 3, '0110001001': 1, '0110100001': 3, '1011110000': 1, '1000001101': 2, '1010100010': 2, '0011011100': 2, '0011101001': 2, '0001100110': 1, '1011101101': 3, '0111000100': 1, '1010101101': 1, '0101011101': 1, '0011111101': 2, '0111111101': 2, '1101100001': 1, '0011000110': 1, '1101101000': 3, '0100100110': 1, '0011110101': 4, '0001101110': 1, '0010111101': 1, '0111000011': 2, '1001111110': 1, '0111110011': 3, '1110000110': 2, '0101010010': 2, '1010110000': 2, '0000110010': 1, '0010011010': 2, '0110000011': 2, '0000111100': 1, '1101000111': 2, '0101101101': 1, '0001101101': 1, '0011001000': 2, '0111111100': 2, '1110100111': 1, '1111011101': 1, '1001101111': 2, '1101111000': 4, '1011011111': 1, '1011100000': 4, '0000111011': 2, '0110111010': 2, '1111100001': 2, '1000000001': 1, '1001110011': 1, '0001111101': 1, '1011111111': 1, '1111001000': 1, '1101000001': 2, '1101110000': 1, '1011000110': 2, '1110110111': 2, '0011101010': 2, '0000110110': 2, '0100101010': 1, '0110100111': 2, '1011000101': 2, '1111111001': 1, '1011000000': 1, '1100101110': 2, '1011110010': 1, '1100001101': 5, '1011011010': 4, '1101110001': 1, '0001101010': 2, '0100111000': 2, '1011101000': 2, '0011000010': 2, '0100100101': 3, '0101100110': 1, '0111110111': 1, '1111000101': 1, '1011010111': 3, '0101101011': 1, '0001111010': 1, '1011101011': 2, '1111010110': 1, '0010101110': 1, '0001000001': 3, '1000100010': 2, '1110101100': 2, '1111100000': 1, '1001100011': 1, '1001111000': 2, '0101110101': 1, '1010110101': 2, '1011000011': 1, '0000101011': 1, '0010001000': 3, '0110110000': 3, '1000110001': 2, '1011001110': 1, '1010011111': 1, '1011000100': 1, '1110011010': 3, '0110101111': 1, '1101100011': 1, '0000001000': 2, '0100010001': 1, '0100110110': 1, '1011100110': 2, '0011110100': 2, '0110000001': 1, '0101010100': 1, '1101000100': 3, '1100000010': 1, '1100111110': 2, '0001001110': 1, '0101111000': 1, '1010100001': 3, '1111100110': 1, '0110000111': 2, '0011011110': 1, '1001101011': 3, '1101111110': 1, '1111100111': 3, '0000111111': 1, '1110111001': 2, '1001111011': 2, '1111000001': 4, '0110110100': 1, '1011001011': 1, '0010110011': 3, '1011001010': 3, '1000100100': 1, '0110111110': 1, '0011001111': 2, '1001100111': 2, '0110010111': 1, '0001000101': 2, '1101101011': 1, '1100111101': 1, '1110100101': 3, '1010101000': 2, '0111000101': 4, '0100000001': 1, '0110101101': 2, '0001000111': 1, '0011110010': 1, '1111100011': 3, '1100000111': 2, '0011111110': 1, '0011000011': 1, '0000110101': 4, '1010100100': 1, '0111001110': 3, '1011011011': 2, '1010101100': 1, '1100001100': 2, '0100011111': 4, '1010001110': 1, '1011110111': 2, '1110110101': 1, '0101111110': 1, '1110000000': 2, '0011010001': 5, '0110000000': 5, '0010000100': 2, '0110010101': 2, '1010011101': 1, '0001110111': 1, '0011100110': 2, '1010011001': 1, '1100001010': 1, '0000010011': 1, '1100100100': 2, '1100000011': 3, '1010000001': 1, '1100101100': 2, '0110011100': 1, '0100011000': 3, '1101011100': 1, '0010111011': 2, '0011111011': 3, '1100011001': 1, '0111101100': 2, '1101010010': 1, '0100101101': 2, '1101001001': 1, '0100100010': 2, '1100110001': 2, '0001101001': 1, '1111001100': 1, '1110011001': 1, '0100111001': 2, '1100010000': 1, '0100101100': 1, '0110001010': 4, '1000111110': 2, '1000111011': 3, '0101101010': 2, '0000011110': 1, '0000101010': 2, '0111110000': 1, '1101101001': 2, '0101000101': 2, '0000010100': 1, '1010100110': 2, '1100011000': 1, '1011000010': 2, '0100000101': 1, '1101011000': 1, '0010100100': 3, '0001010011': 2, '0110010011': 1, '1010110011': 3, '0101001011': 2, '1110111101': 1, '0111011010': 2, '0010011000': 1, '0101010111': 1, '1010111110': 1, '0000000110': 1, '1001100000': 2, '1001001011': 3, '0011111010': 3, '1011100101': 1, '0001010001': 1, '1001110000': 1, '1001000110': 1, '0111100011': 1, '1010000000': 2, '1001100100': 1, '0010110000': 2, '0110010001': 1, '0111101001': 2, '1111110000': 1, '1111100100': 1, '1110001101': 2, '0101101110': 1, '0100100100': 3, '1011110101': 1, '1010011010': 4, '0011010010': 2, '1000001010': 1, '1111011001': 1, '1101111101': 2, '1000110110': 1, '1101010100': 1, '0110111011': 1, '1011101100': 1, '1110000100': 2, '0111010011': 2, '1001111010': 4, '0110100110': 1, '0110111100': 2, '1110000101': 2, '1001111101': 2, '0101100100': 2, '1000000010': 2}","DensityMatrix([[ 0.00097656+0.j        , -0.0007276 -0.00065137j,
                 0.00097061-0.00010764j, ..., -0.0005672 -0.00079496j,
                 0.00097061+0.00010764j, -0.00065137-0.0007276j ],
               [-0.0007276 +0.00065137j,  0.00097656+0.j        ,
                -0.00065137+0.0007276j , ...,  0.00095283+0.00021397j,
                -0.00079496+0.0005672j ,  0.00097061+0.00010764j],
               [ 0.00097061+0.00010764j, -0.00065137-0.0007276j ,
                 0.00097656+0.j        , ..., -0.00047612-0.00085263j,
                 0.00095283+0.00021397j, -0.0005672 -0.00079496j],
               ...,
               [-0.0005672 +0.00079496j,  0.00095283-0.00021397j,
                -0.00047612+0.00085263j, ...,  0.00097656+0.j        ,
                -0.00065137+0.0007276j ,  0.00097061-0.00010764j],
               [ 0.00097061-0.00010764j, -0.00079496-0.0005672j ,
                 0.00095283-0.00021397j, ..., -0.00065137-0.0007276j ,
                 0.00097656+0.j        , -0.0007276 -0.00065137j],
               [-0.00065137+0.0007276j ,  0.00097061-0.00010764j,
                -0.0005672 +0.00079496j, ...,  0.00097061+0.00010764j,
                -0.0007276 +0.00065137j,  0.00097656+0.j        ]],
              dims=(2, 2, 2, 2, 2, 2, 2, 2, 2, 2))","{'0101011010': 2, '1110010000': 1, '0001110111': 1, '0010000101': 1, '0010011000': 1, '1000000110': 1, '0011010011': 1, '1101101111': 1, '0111001100': 1, '0000000011': 1, '1011000110': 1, '0010111011': 1, '1110110101': 1, '0011001011': 1, '0001000000': 1, '0100100101': 1, '1111011000': 1, '1010110001': 1, '0001100100': 2, '1011000011': 1, '0001000110': 1, '0101000000': 1, '1010010011': 1, '1010011110': 2, '1010010001': 1, '0000101001': 1, '1001011100': 1, '1100111111': 1, '1100000001': 1, '1001011011': 1, '0010101000': 1, '0010001010': 1, '1010011010': 1, '0111100000': 1, '1110010010': 1, '1000101110': 1, '0111100101': 1, '0111000101': 1, '1001101101': 1, '0110000010': 1, '0011011111': 2, '1101001010': 2, '0011010010': 2, '0000100001': 1, '0011011110': 1, '0000001111': 2, '0000010001': 1, '0111001000': 1, '0001110000': 1, '1111110111': 2, '1100111101': 1, '0101011111': 1, '0111100100': 1, '1100101010': 1, '0100010110': 1, '0100000101': 3, '1011010010': 3, '1100111001': 1, '0111101000': 1, '0111111011': 1, '0011100101': 1, '1001111101': 1, '0000111101': 1, '0001111111': 1, '0000001000': 2, '0000000111': 2, '1101110010': 1, '0110110011': 1, '1010111100': 1, '1110100100': 1, '0010110101': 1, '1111110010': 2, '0000101010': 1, '1111100101': 1, '0111000010': 2, '0001100001': 1, '0111001101': 2, '0111101011': 2, '1100010000': 2, '0110000110': 2, '0000101111': 1, '1111011010': 1, '0101010110': 1, '1000110101': 1, '0000110111': 2, '0110101110': 1, '1001011111': 1, '0111111100': 1, '0011001000': 1, '0111101100': 1, '1101111101': 1, '1001001111': 1, '0011011011': 2, '1110111100': 1, '1001100100': 1, '0101000110': 1, '1001011000': 1, '0000001101': 2, '0000001100': 1, '0111011001': 2, '0111010100': 2, '1001111100': 1, '1111100000': 2, '1110110110': 1, '0100110110': 2, '1011100110': 1, '0001110110': 1, '0111111000': 1, '0100011000': 1, '1101110001': 2, '0001101010': 1, '1110011110': 2, '0101101100': 2, '1111111110': 1, '1101011111': 2, '0000000010': 2, '1000110100': 1, '1111110011': 1, '1011010101': 1, '0011110100': 1, '0100111011': 1, '0110011111': 1, '1010100010': 1, '1000000011': 2, '1101101110': 1, '1111001101': 1, '0100101010': 2, '0101101101': 1, '0011101001': 3, '0110010000': 1, '0100110011': 1, '0100100111': 2, '1011111101': 2, '1000001001': 1, '1011101001': 1, '1110100111': 1, '1011001100': 1, '1011000001': 1, '1101101011': 1, '0101110010': 1, '1101001111': 2, '0000011100': 1, '0000001110': 1, '0010010011': 2, '1111001001': 1, '1000111100': 1, '1011001001': 2, '0010101110': 1, '1011111000': 2, '1001111011': 1, '0000101110': 1, '0011000110': 1, '0100111110': 1, '0110101000': 3, '0010100010': 1, '0010111000': 1, '1111001100': 1, '1010010110': 1, '1101000011': 1, '1001101110': 1, '0000111111': 2, '0101011110': 1, '0110001111': 1, '1110101010': 4, '1101101000': 1, '1110001111': 1, '0101100011': 1, '1100111110': 1, '1000001011': 1, '1110011111': 1, '1100000101': 1, '0111011101': 1, '0010110100': 2, '1001100110': 1, '0100110101': 4, '1001001010': 1, '1101101010': 2, '1010001000': 1, '0100110001': 1, '1010101000': 1, '1001010010': 1, '1011101010': 1, '1001110010': 2, '0101100000': 3, '0111010000': 1, '1110010001': 1, '0100001001': 1, '0010000000': 1, '1001000010': 3, '1010101111': 1, '1010010101': 2, '1001100101': 2, '0100000000': 1, '0010001100': 2, '1110101000': 1, '0111000000': 1, '0000101101': 3, '1000000001': 2, '1011011101': 1, '1101110110': 1, '1001111111': 2, '1101000000': 1, '1010000010': 2, '1000011100': 2, '0001110001': 2, '1010111011': 3, '0000111000': 2, '0001101100': 2, '0011001100': 2, '0110101100': 2, '0101000101': 2, '1100110111': 2, '1111001010': 3, '1110111001': 3, '0010110001': 2, '0011101101': 2, '1011110111': 1, '1101111010': 2, '0101111110': 2, '1011010001': 2, '1000110000': 1, '0111011110': 1, '1101011101': 2, '1011110000': 1, '1000001101': 1, '1100100001': 1, '0100000001': 2, '0110101101': 1, '0011101000': 1, '1110001001': 1, '0100010000': 1, '0011001010': 3, '0010101011': 2, '0100001011': 3, '0011000100': 1, '0010100001': 3, '0111111010': 1, '0010101111': 2, '0101100100': 1, '1000000010': 1, '1011100111': 2, '0101001000': 2, '1000011110': 1, '1111101001': 1, '1101110101': 2, '0111100010': 1, '0100010111': 2, '1111111111': 1, '0001111100': 1, '1111110001': 1, '1100110100': 1, '1110000001': 1, '1111100011': 2, '0011110010': 2, '0001000111': 2, '0110001011': 1, '0100100011': 1, '0111110010': 2, '0001011011': 2, '1000001000': 1, '0001101001': 2, '0101110001': 2, '0101111101': 1, '1101111000': 3, '1001101111': 1, '1101000010': 2, '1111011101': 2, '0110001101': 1, '0101100101': 4, '0110011010': 1, '1010100101': 1, '0011101110': 1, '0000100111': 1, '0111011010': 2, '1000101001': 1, '0100110010': 1, '0100111001': 1, '0000010110': 2, '1100001001': 1, '1001010100': 1, '1110101001': 1, '1010110011': 3, '1110001000': 1, '0011100010': 3, '1101100000': 1, '0010011100': 4, '0100011001': 1, '0010110010': 2, '1101100101': 4, '0101001011': 1, '1010001100': 2, '1110111101': 1, '0100001110': 1, '1010000000': 1, '1011001000': 1, '0010101001': 1, '0100001100': 2, '0111110110': 1, '1101111011': 3, '1101011010': 3, '0000111001': 2, '1111111100': 2, '1011011000': 1, '1011001101': 1, '1110000110': 1, '0010010110': 1, '1001111010': 3, '1111010111': 1, '0100011100': 4, '1001111001': 2, '1011100100': 2, '1011011110': 2, '0010101100': 1, '0011101100': 1, '1001010000': 2, '1100001010': 1, '1010011001': 5, '0000010011': 1, '0000000100': 1, '0111110001': 1, '1001111110': 2, '0111000011': 1, '0101111100': 1, '0111110100': 2, '0011111000': 2, '0001010111': 1, '1100010001': 1, '1100010100': 1, '0101001010': 3, '1010111010': 4, '0101111010': 1, '0110011001': 1, '1101100001': 1, '1010010010': 2, '0110000011': 1, '0000111100': 1, '0010011010': 1, '0110100111': 2, '0111010001': 2, '0101100111': 1, '1011000111': 2, '1100110011': 2, '1000101100': 1, '0101001110': 1, '1001001110': 5, '0011011101': 1, '0011010110': 1, '0001111000': 1, '0110000000': 1, '0011010001': 2, '1000110001': 1, '0110111000': 3, '0100011101': 1, '1100010010': 1, '0110100011': 1, '0001000101': 1, '1001101100': 1, '1011100011': 1, '1011100010': 1, '1110110100': 2, '1010001001': 1, '1100111010': 1, '0011111111': 3, '0001111001': 1, '0101110100': 1, '0100000010': 1, '1011101011': 1, '0001111010': 2, '0000011101': 5, '0010011111': 1, '0011110011': 2, '1001010101': 1, '0011101011': 2, '1100110101': 1, '1100101111': 1, '1001011110': 1, '1000000101': 1, '1101110011': 1, '1111110101': 1, '0010110110': 3, '0011101111': 3, '1010000101': 1, '1100100101': 3, '0010000010': 1, '1000000100': 1, '1001001100': 2, '0001100101': 3, '1101011011': 1, '0111010011': 1, '0111100111': 2, '1111100111': 1, '1101111110': 2, '0100111010': 2, '0100000100': 1, '0111010110': 2, '0100100001': 2, '1110110111': 2, '0101101110': 2, '1110001101': 2, '0100011110': 1, '0010001111': 1, '1100000110': 2, '0110110101': 3, '1000000111': 2, '1001110101': 2, '0010100100': 3, '0001010011': 3, '1110011000': 1, '1100110000': 1, '0111001011': 2, '1010111111': 3, '1011000101': 1, '1011111111': 1, '0101111001': 3, '0100111000': 1, '0000100110': 1, '0001011100': 4, '1100100000': 1, '1100001101': 1, '1011110010': 2, '1011011010': 1, '1010101001': 1, '1110111110': 1, '0000100011': 1, '0101101011': 1, '1100001011': 1, '0001101000': 3, '0001011101': 2, '1011101110': 1, '1001000111': 1, '0111100110': 1, '1101100110': 1, '1000010000': 1, '1011011001': 1, '0011100110': 1, '1110100011': 2, '1100011100': 3, '0011000011': 2, '1000001110': 2, '1110011101': 3, '0000011010': 2, '1001110110': 1, '0000110000': 1, '1000110010': 2, '0001001000': 1, '1010111000': 2, '1011011100': 2, '1111010011': 1, '1111101101': 1, '1100110110': 1, '1010011111': 1, '1100110010': 2, '0100100010': 1, '0100101101': 2, '1010000110': 1, '1011101111': 1, '0001010010': 1, '0101001111': 2, '1010001010': 1, '0110111111': 2, '1100011101': 2, '0100010100': 1, '1010000100': 1, '1000010101': 1, '0100100100': 3, '1000101011': 2, '1111000101': 1, '1001000100': 1, '1000111110': 2, '0010000011': 3, '1010110000': 1, '1101001000': 1, '0010100111': 2, '0101010001': 1, '1111101000': 1, '0010100011': 1, '1111000000': 3, '1110010101': 3, '0101110111': 1, '1111100100': 2, '0110001000': 2, '0111000111': 1, '1101010010': 1, '0101010000': 1, '1011110110': 4, '0010010111': 1, '0100101000': 1, '0001100000': 1, '0010110011': 1, '0101001101': 1, '1011001011': 3, '0110011000': 1, '1011010000': 1, '0101010010': 3, '1101001100': 4, '0000110011': 1, '1101111111': 3, '1110001010': 1, '1000001010': 2, '0011001001': 1, '1101000111': 2, '0110001100': 2, '1111110100': 1, '0001101110': 2, '0111100001': 2, '0001010001': 1, '1100000010': 4, '1101000100': 1, '0101100010': 1, '1101101101': 2, '0110010011': 1, '0011111001': 2, '1101010001': 1, '1010011000': 1, '0011111101': 1, '0101011101': 1, '0001000010': 1, '0011110000': 1, '1000100100': 1, '1011001010': 1, '1101110000': 1, '0000100000': 1, '1110001110': 1, '0111111001': 2, '1101010111': 1, '0000111010': 1, '0001011110': 1, '1100011000': 3, '1011000010': 1, '0110111011': 3, '1101010100': 1, '0000011111': 2, '1111000110': 1, '1100001100': 4, '1101101100': 1, '0101011001': 1, '1001010001': 3, '1000011111': 1, '1010010100': 2, '1010000111': 3, '1011111110': 3, '0100011111': 3, '1100100011': 3, '1010001011': 1, '0010111110': 2, '1111101100': 1, '1001000101': 3, '0010011110': 1, '0000100100': 2, '1001010011': 2, '0000111110': 1, '1011110100': 3, '1000110110': 1, '1011110011': 1, '1110111111': 1, '1101110100': 2, '0110001001': 2, '1001110100': 1, '0001100110': 3, '1011101101': 2, '0111000100': 2, '1010101101': 1, '1101100111': 2, '1000111101': 3, '0101000010': 1, '0100010011': 4, '0000010010': 1, '0111110101': 2, '1000000000': 1, '1111010000': 1, '1000111011': 1, '1001100000': 4, '1001001011': 1, '1010111110': 2, '1101011000': 2, '1110101110': 1, '1001100111': 1, '1000111010': 1, '0100101100': 2, '0001001001': 1, '1110110011': 1, '0001010100': 5, '0110000001': 1, '0101010100': 1, '0111000110': 1, '0001011000': 6, '1010101100': 2, '1010000001': 2, '1000100101': 3, '1010101011': 1, '0010010101': 3, '1010011100': 1, '0110111100': 1, '0101010101': 1, '1110000101': 1, '1101111100': 3, '0100001000': 1, '0000111011': 3, '1111100001': 1, '0010001110': 2, '1011101000': 2, '0001001110': 1, '1010100001': 1, '1111100110': 1, '0110000111': 1, '1111111011': 1, '1100101101': 2, '1001000011': 2, '1111111010': 1, '0101011000': 1, '1000010110': 1, '1100100110': 2, '0001001101': 2, '0001110011': 2, '0101001100': 1, '1000001100': 2, '1010100011': 2, '1011010100': 1, '1111010110': 1, '0010000111': 1, '1111100010': 3, '0110110000': 4, '0010000100': 1, '1000011101': 2, '0011100100': 1, '0111111110': 3, '1101111001': 1, '1111111001': 1, '1011000000': 1, '0001001111': 2, '0010011001': 1, '1110100000': 2, '0000011110': 6, '1011111001': 1, '0011100111': 1, '0000000001': 3, '0011100000': 4, '0000011001': 1, '0110110001': 2, '0001011001': 4, '0111101110': 2, '1010110010': 2, '0101110011': 3, '0100000111': 1, '1110101111': 1, '0001010110': 2, '0010100110': 1, '0100101111': 1, '1110101011': 2, '1111000100': 2, '1111011100': 1, '1001001001': 2}","DensityMatrix([[ 0.00098336+0.00000000e+00j, -0.00071045-6.31133504e-04j,
                 0.00095906-1.13656944e-04j, ...,
                -0.00042562-5.96483243e-04j,  0.0007428 +8.64227397e-05j,
                -0.00048301-5.41190347e-04j],
               [-0.00071045+6.31133504e-04j,  0.00097868+0.00000000e+00j,
                -0.0006206 +6.98461862e-04j, ...,
                 0.00073285+1.68016878e-04j, -0.00058979+4.16143977e-04j,
                 0.00073891+8.76401149e-05j],
               [ 0.00095906+1.13656944e-04j, -0.0006206 -6.98461862e-04j,
                 0.00097672+0.00000000e+00j, ...,
                -0.0003539 -6.31450771e-04j,  0.00072954+1.72273022e-04j,
                -0.00041701-5.95222821e-04j],
               ...,
               [-0.00042562+5.96483243e-04j,  0.00073285-1.68016878e-04j,
                -0.0003539 +6.31450771e-04j, ...,
                 0.00097555+0.00000000e+00j, -0.0006118 +6.88060469e-04j,
                 0.00095168-1.07852842e-04j],
               [ 0.0007428 -8.64227397e-05j, -0.00058979-4.16143977e-04j,
                 0.00072954-1.72273022e-04j, ...,
                -0.0006118 -6.88060469e-04j,  0.00097125+0.00000000e+00j,
                -0.00069241-6.20705303e-04j],
               [-0.00048301+5.41190347e-04j,  0.00073891-8.76401149e-05j,
                -0.00041701+5.95222821e-04j, ...,
                 0.00095168+1.07852842e-04j, -0.00069241+6.20705303e-04j,
                 0.00096859+0.00000000e+00j]],
              dims=(2, 2, 2, 2, 2, 2, 2, 2, 2, 2))"
data/selected_mutant_qc/mutants_qft_10/qft_10_Mutant_Add_cp_P45_Q9_[2.356194490192345].qasm,PureState_3,"{'0011000111': 1, '0111010101': 1, '1001101010': 1, '0011110100': 1, '0010111011': 1, '1110100100': 1, '1110111100': 1, '1111100001': 1, '1001011101': 1, '0010111000': 1, '1101110010': 1, '1100010011': 1, '1011101000': 1, '0001010100': 1, '0001001010': 1, '0011001100': 1, '1110111001': 1, '0011100101': 1, '1011111101': 1, '0010010100': 1, '0101110110': 1, '0001111010': 1, '1000111011': 2, '0110001101': 1, '1011011001': 1, '1100001100': 1, '1101101100': 2, '0110011011': 1, '1000110110': 1, '0101011110': 1, '1011000110': 2, '1100111111': 1, '1000111010': 1, '0000011101': 1, '0000000000': 1, '1000110001': 1, '1001101001': 2, '0001001101': 1, '0101011100': 1, '0000110010': 1, '0010100010': 1, '0001100010': 1, '0110001111': 2, '0110000110': 1, '1000001101': 1, '0010000110': 1, '1000011000': 1, '1001000001': 2, '1101110000': 1, '1101000001': 1, '0111001010': 1, '0000111101': 2, '1010100110': 1, '0101001011': 1, '1010001100': 1, '1100000011': 1, '0100100011': 1, '1000100001': 1, '0001011100': 1, '0000111010': 1, '1101010111': 1, '1111111000': 1, '0011001011': 1, '1000001111': 1, '0011011000': 2, '0101010011': 1, '0111000100': 1, '1010101101': 1, '1001110001': 1, '0000000101': 2, '1101101001': 1, '0111110000': 1, '1011101100': 1, '1011110101': 1, '0010111010': 1, '1111000010': 1, '0001011101': 1, '0111110011': 1, '1001111010': 1, '0110111101': 1, '0001100001': 2, '1101111101': 1, '1010000111': 1, '1010000000': 1, '0100001110': 1, '0101101101': 3, '0001110101': 2, '1100111100': 2, '0111101101': 1, '1100100110': 2, '0011000010': 1, '1010011110': 2, '1001001001': 1, '0101010100': 1, '0110001001': 2, '0110100001': 1, '0100110111': 1, '0100010000': 2, '0011001010': 1, '1010111101': 2, '0100101100': 1, '0111000000': 1, '1110100110': 1, '0101111110': 3, '0011010010': 3, '1010011100': 1, '1010100100': 1, '0101011000': 2, '1111000001': 2, '1101001111': 1, '0011110101': 1, '1001101110': 1, '1000111101': 2, '0111001111': 2, '1110010101': 1, '1111000000': 2, '0011100011': 2, '0110110111': 1, '1111101000': 2, '0100111000': 2, '0000010000': 1, '0001000101': 1, '1001100100': 2, '1110010111': 1, '1110111010': 2, '1100001000': 1, '1101101000': 1, '0110110100': 3, '1001110101': 3, '0000110011': 1, '1110001010': 1, '0111010010': 1, '0001111000': 2, '1110001101': 1, '0101011010': 2, '1100011110': 1, '1011010101': 1, '1101101110': 1, '0000101000': 1, '1101011001': 1, '0100000001': 1, '0110101101': 1, '1000000010': 2, '1001100110': 1, '1000011101': 2, '1110000011': 1, '0110010101': 1, '0010000100': 2, '0001111111': 1, '1011111010': 1, '1001010000': 1, '0011101100': 2, '0101001100': 2, '1100101001': 2, '0001111101': 1, '0000111000': 2, '1011111111': 2, '0101111001': 1, '0111110010': 3, '0001011011': 2, '0100101001': 1, '1111000011': 3, '1011101010': 3, '1110110011': 1, '0010001000': 1, '0001001001': 1, '1111010010': 2, '1111010101': 1, '0000010110': 1, '0100111001': 1, '0100000000': 1, '0010001100': 2, '1110101000': 2, '1100101100': 2, '0010100100': 1, '0001010011': 1, '0000110100': 1, '1111110101': 1, '1100110001': 2, '1010100111': 1, '1111100100': 1, '1101000110': 1, '0010101000': 1, '1001011011': 1, '0100001001': 4, '1101011100': 1, '1010110110': 1, '1010011011': 1, '0000100100': 2, '1111101010': 2, '0100111011': 1, '1011010100': 1, '1010100011': 2, '1101111110': 1, '1111100111': 2, '0000111111': 1, '1000000001': 2, '1001110011': 2, '0000101101': 1, '0010011111': 1, '0111101011': 2, '1101100011': 2, '0110101111': 2, '0111001011': 2, '1100001111': 1, '1000101111': 1, '0001101111': 2, '1110011110': 1, '1001110000': 2, '0001010001': 2, '0101100010': 1, '0110010011': 2, '1110010011': 1, '1011010010': 1, '0010010111': 2, '1010100000': 1, '0000001000': 2, '0111100011': 1, '1001000110': 1, '0000000010': 2, '1000110100': 2, '1110100001': 1, '0111011010': 1, '1000101001': 1, '1111001001': 2, '1100010110': 1, '1011001001': 1, '0110101100': 1, '0110111011': 1, '0000011111': 1, '1101010100': 1, '1100010000': 2, '0010011001': 1, '1000011100': 1, '1001111111': 1, '0110011101': 1, '1101000000': 2, '1001011100': 1, '0011010011': 2, '0001010010': 2, '1010001010': 2, '0101001111': 2, '1011101001': 1, '1111011011': 1, '1000001001': 1, '1000010011': 1, '1110101111': 1, '0100000111': 2, '0101110100': 2, '0100110000': 1, '1100001101': 2, '1100101110': 1, '1011011010': 1, '1011110010': 1, '1111000111': 1, '0101111011': 1, '1101010000': 1, '1010110010': 2, '0000110110': 2, '1111100110': 3, '1111110011': 2, '0100111010': 1, '0100000100': 3, '1110100011': 1, '1100000100': 2, '1101011010': 2, '0000111001': 1, '1111110000': 1, '1010010101': 1, '1010101111': 2, '1000001110': 1, '0000101100': 1, '0010010001': 1, '1001011010': 3, '1000101101': 3, '0001000011': 1, '1000010100': 3, '0000101010': 1, '0101111000': 3, '0011110010': 4, '0010101010': 2, '0011010000': 1, '0001100000': 2, '1001010101': 1, '0011110011': 1, '0011101011': 1, '1100110101': 1, '0110100010': 3, '0100001010': 2, '0001001111': 2, '1010010010': 1, '1000101000': 2, '1011010011': 1, '1011110001': 2, '1010101010': 2, '0110010100': 1, '1011001000': 2, '0010101001': 1, '0111011101': 2, '1011000000': 1, '1111111001': 2, '0010111101': 2, '1101011011': 1, '1011011101': 2, '1100111001': 3, '0011111100': 2, '0111111011': 2, '1000101010': 1, '1110100101': 1, '1100111101': 1, '0101010101': 2, '1000100000': 2, '0100000110': 1, '0100011111': 2, '1100101111': 2, '0001110010': 1, '1010110001': 1, '1010100101': 3, '0001100100': 2, '0101101010': 1, '0111100110': 1, '1011111100': 1, '0010110010': 1, '1101100101': 2, '0111000001': 1, '0011110000': 2, '0001100011': 1, '1000100100': 5, '1011001010': 2, '0111011001': 1, '0111010100': 2, '0011011111': 2, '1001001111': 2, '0010110101': 3, '0110001110': 1, '0011001101': 2, '0010110011': 1, '0110010110': 1, '0100100111': 1, '1101100111': 2, '0110100101': 1, '1111010011': 1, '1100011010': 1, '0100000011': 1, '1111110100': 2, '0110010000': 1, '0010101111': 1, '1000011011': 2, '1110001100': 2, '0111100010': 4, '1011110111': 2, '1010001110': 1, '0100010101': 1, '1111100101': 3, '1111101110': 1, '0010000001': 1, '1011000100': 1, '0100000010': 3, '1011111011': 1, '0001101110': 3, '1011100100': 3, '1110100000': 2, '0011000001': 2, '0001000110': 1, '0000001010': 3, '0111010110': 1, '1110110000': 2, '1100011111': 3, '0100001011': 2, '0101000101': 1, '1100110111': 1, '0100010110': 1, '1100011011': 5, '0001010110': 2, '0101011101': 1, '0111111101': 2, '0000110000': 1, '1001110110': 2, '0100011110': 1, '0000001100': 4, '1010001011': 1, '1001010110': 2, '0010011100': 1, '0011100001': 2, '1101100100': 2, '1111111011': 2, '1100101101': 1, '1111111010': 1, '0100100110': 2, '1100101000': 2, '1111011010': 1, '0011101111': 1, '1010000101': 1, '0011100111': 5, '1001000111': 1, '1011101110': 4, '1001111000': 2, '1101011000': 2, '0110101000': 1, '0010001101': 1, '0000111110': 1, '1101101010': 1, '1110011100': 1, '0000000100': 1, '0111110001': 1, '0100110011': 4, '0010100000': 1, '0000100000': 1, '0001010111': 2, '0011111000': 2, '0111110100': 2, '0011101001': 1, '0001010101': 2, '0000001011': 1, '0001001100': 1, '1001100101': 3, '0001101011': 1, '1100000001': 1, '1011000111': 1, '1100110011': 2, '1101010110': 3, '0111111001': 1, '0101010000': 2, '1010110101': 3, '0101110101': 2, '0000111011': 1, '0101000111': 2, '0011010001': 2, '0110000000': 2, '1110000000': 2, '0011011100': 2, '1010111011': 2, '0001110001': 2, '1100111000': 1, '0101101111': 1, '1011010001': 1, '1000110000': 3, '0111011110': 4, '1101011101': 1, '0111010001': 3, '1100100010': 2, '0011110110': 1, '1100110010': 2, '1001011111': 2, '0011001000': 2, '1011010110': 1, '0001110011': 2, '1100000000': 2, '0011100010': 2, '1001101000': 1, '1000000110': 1, '0011110001': 2, '0001000000': 1, '0000110101': 1, '1100011100': 2, '0110001100': 1, '1010000100': 4, '0110001010': 2, '0010011011': 2, '0011111001': 2, '0000011000': 2, '1111011000': 1, '1000100011': 1, '0001011111': 1, '0111100100': 1, '0101000010': 1, '1111101111': 3, '1001000000': 1, '0110000010': 2, '0010111111': 1, '0100010111': 2, '1010111010': 2, '0111101100': 2, '1100011001': 1, '0001101000': 2, '1001000100': 1, '1111000101': 2, '1111100000': 1, '1110010010': 1, '1110010001': 2, '1100001110': 1, '0110101010': 1, '0101001001': 2, '0010000101': 2, '0111111000': 2, '1000110101': 1, '0010110110': 2, '1110001000': 1, '1110101001': 1, '1010110011': 3, '0101000011': 1, '0110000100': 1, '1000000000': 3, '1001011110': 3, '0010100101': 2, '1101110011': 1, '1000000101': 1, '0000010010': 3, '1101000011': 1, '0101000001': 1, '0000000111': 1, '1110111011': 1, '0101111101': 1, '0101110001': 2, '1000101100': 3, '0111100000': 1, '1000111000': 4, '1101001011': 1, '0110001011': 1, '0110101110': 1, '0110101001': 2, '0111000011': 1, '1001111110': 1, '0000110111': 1, '1101100110': 1, '0010010000': 1, '1000010000': 2, '1000111001': 1, '1000111110': 1, '1111111110': 2, '0110100000': 3, '1101111000': 1, '0010101101': 1, '0111100101': 2, '1010111100': 2, '1010011101': 1, '0001110111': 2, '1111110111': 1, '1000010111': 1, '0001011110': 1, '0100111110': 2, '1111110001': 1, '1100110100': 3, '0000100101': 1, '1011001110': 1, '1101010001': 1, '1010000011': 1, '1101001001': 2, '0000001110': 1, '0010010011': 2, '0000011100': 2, '1011111110': 2, '0100011000': 1, '1011001111': 2, '0000100110': 1, '1101110001': 2, '0001101010': 3, '1111110110': 1, '1010110100': 2, '1001100000': 2, '1001001011': 2, '0001111110': 1, '1101000010': 2, '0010110000': 1, '1001110111': 1, '0101011011': 2, '1110110100': 1, '1011100010': 1, '0111010111': 2, '0001100101': 1, '1000001000': 2, '0000110001': 2, '0111100111': 1, '0111010011': 1, '0011011110': 2, '0110000011': 1, '0010011010': 1, '0000111100': 3, '1111010110': 2, '0100100000': 2, '1001011001': 2, '1000010001': 1, '0000001111': 3, '0101001000': 2, '1000011110': 3, '1010111001': 2, '0111000110': 1, '0010011101': 3, '0011111010': 2, '0100011101': 5, '0110111000': 2, '1110011101': 1, '0111001000': 3, '1101001110': 2, '1000001010': 3, '0011111111': 1, '1010001001': 1, '1100111010': 2, '0110011111': 1, '0101101000': 1, '0110100011': 2, '1100010010': 2, '1111001100': 1, '1010010110': 2, '1001000101': 1, '0010011110': 2, '1011101101': 1, '0001100110': 1, '1110011011': 1, '1110010000': 1, '0001011010': 1, '0101101100': 1, '0010001011': 1, '1010011010': 3, '1100001010': 2, '1110110101': 1, '0001010000': 1, '1111101001': 1, '0010010101': 3, '0101011111': 1, '1111101100': 1, '0010111110': 2, '1010000110': 2, '1110100010': 1, '0011011101': 1, '1000011010': 1, '1110110010': 1, '1100010101': 1, '0001011000': 1, '1110110001': 1, '1100000111': 1, '0101100011': 2, '1001011000': 1, '0101000110': 2, '1011011000': 1, '1011001101': 2, '1010001111': 1, '1011100000': 1, '1011011111': 1, '0100110101': 1, '1101111001': 4, '1011100110': 1, '0100110110': 2, '0110010111': 3, '1100111011': 2, '1111011001': 3, '1101110100': 1, '1110111111': 1, '1110101010': 1, '1111111101': 1, '0010110111': 1, '1110000111': 2, '1000111111': 2, '1110100111': 3, '0011001001': 1, '0110010010': 1, '1110101110': 3, '0000100010': 1, '0111101010': 1, '1010010011': 2, '1001010010': 1, '0011101000': 1, '1110001001': 3, '1000001011': 2, '0011100110': 1, '0111111110': 2, '1111001110': 2, '0100011010': 1, '0110111100': 2, '0110100110': 4}","DensityMatrix([[ 0.00097656+0.j        , -0.00059132-0.00077718j,
                -0.00026046+0.00094119j, ...,  0.00090674+0.00036261j,
                -0.00026046-0.00094119j, -0.00059132+0.00077718j],
               [-0.00059132+0.00077718j,  0.00097656+0.j        ,
                -0.00059132-0.00077718j, ..., -0.00083763+0.00050205j,
                 0.00090674+0.00036261j, -0.00026046-0.00094119j],
               [-0.00026046-0.00094119j, -0.00059132+0.00077718j,
                 0.00097656+0.j        , ...,  0.00010764-0.00097061j,
                -0.00083763+0.00050205j,  0.00090674+0.00036261j],
               ...,
               [ 0.00090674-0.00036261j, -0.00083763-0.00050205j,
                 0.00010764+0.00097061j, ...,  0.00097656+0.j        ,
                -0.00059132-0.00077718j, -0.00026046+0.00094119j],
               [-0.00026046+0.00094119j,  0.00090674-0.00036261j,
                -0.00083763-0.00050205j, ..., -0.00059132+0.00077718j,
                 0.00097656+0.j        , -0.00059132-0.00077718j],
               [-0.00059132-0.00077718j, -0.00026046+0.00094119j,
                 0.00090674-0.00036261j, ..., -0.00026046-0.00094119j,
                -0.00059132+0.00077718j,  0.00097656+0.j        ]],
              dims=(2, 2, 2, 2, 2, 2, 2, 2, 2, 2))","{'1000101110': 1, '1000111011': 1, '1111010100': 1, '0111101101': 1, '0101110110': 1, '1110001101': 1, '1111100000': 1, '1101011110': 2, '1101011101': 1, '0010110100': 1, '0111000101': 1, '1101111100': 1, '0000010001': 1, '0110000110': 1, '0110000001': 1, '1001100100': 1, '1000000011': 1, '1101101000': 1, '0010111011': 1, '1110111100': 1, '0000001001': 1, '1110001100': 1, '0010111001': 1, '1001101101': 2, '1100010100': 1, '0110000010': 1, '0010010010': 1, '1011000111': 1, '1011011000': 1, '0101001110': 1, '1101100111': 1, '1111101100': 2, '0001100111': 1, '0110110011': 1, '1101111101': 1, '0110001101': 1, '1000000010': 1, '0010100100': 1, '1000111010': 3, '1001001010': 1, '0100001011': 1, '1110101011': 1, '0001101111': 1, '0011110100': 1, '1001111100': 1, '0111010100': 1, '1010000000': 1, '1110010100': 2, '0100100100': 2, '0011111011': 3, '1111010111': 1, '0111001100': 1, '1100100110': 1, '0000010011': 3, '1100001010': 1, '0000111111': 1, '0101000100': 1, '1101001011': 1, '0011000101': 1, '0100111011': 2, '0011000001': 1, '1100000011': 3, '0101100101': 1, '1110000101': 1, '0101010101': 2, '0111011010': 3, '1100110101': 1, '0011011111': 2, '1010000001': 1, '1010000100': 1, '1110100110': 1, '0100000101': 2, '1100100011': 1, '0111010110': 1, '1101000111': 1, '0011001001': 1, '1000100110': 1, '1010100000': 2, '1111111011': 1, '1111000010': 1, '0001101011': 2, '1101001111': 1, '0101110010': 2, '1101111010': 1, '0101111110': 2, '1100011000': 1, '1011000010': 1, '0100100111': 1, '1001101001': 1, '1001010011': 1, '0001000101': 1, '0111010000': 1, '1110010001': 2, '1111111101': 1, '1111101000': 1, '1101101111': 2, '0001110001': 1, '1011010010': 1, '0110001000': 2, '0001110000': 1, '1010010010': 2, '1111000110': 1, '1101101100': 1, '0001000110': 2, '1100100111': 1, '1010000110': 1, '1100010000': 1, '0010110011': 1, '1001011001': 1, '0100100000': 1, '0101010111': 1, '0010110000': 1, '0110010000': 2, '0001010110': 1, '1110110101': 2, '0010010011': 1, '0000001110': 3, '1101100100': 3, '0001001101': 1, '0100011010': 1, '1110100100': 2, '1011111000': 2, '0100011000': 1, '0110011100': 2, '0001000111': 1, '0000011011': 1, '0111000001': 1, '1011011011': 3, '1000000111': 1, '0011110110': 1, '0011011100': 1, '0110001110': 2, '1011110111': 1, '0011010110': 3, '1100110111': 3, '0000101100': 1, '0110111100': 2, '1100100000': 2, '1100010001': 1, '1010111010': 2, '0101001010': 1, '0101100100': 2, '0101001101': 2, '0101110101': 2, '1010110101': 1, '0100110011': 2, '1010011110': 1, '0101101010': 1, '0111001010': 1, '0110000000': 1, '1110000000': 1, '0011010001': 1, '1011100111': 1, '0111010111': 2, '1010110100': 1, '0111101000': 1, '1100111001': 1, '0111111011': 2, '0011111100': 1, '1100001111': 4, '1001000010': 3, '0010000000': 1, '1010010110': 2, '0001001001': 2, '1110110011': 2, '0010001000': 2, '0000000101': 1, '0001001011': 2, '1001001000': 1, '0100000000': 2, '1110101000': 1, '0010001100': 1, '1000011111': 1, '1010000111': 2, '1010010100': 2, '1000001100': 1, '0101001100': 1, '0011011010': 1, '1101100000': 1, '0011100010': 1, '1001101000': 1, '1100000000': 1, '1000010000': 1, '1101100110': 1, '0010010000': 3, '0110000101': 2, '0000011000': 2, '0000010100': 1, '1100001000': 2, '0101011010': 2, '1100000110': 1, '1100010101': 1, '1110110010': 1, '0010001111': 1, '1111100110': 1, '0110000111': 1, '0101100011': 1, '1100111110': 2, '1010001000': 2, '0000000000': 2, '0010011000': 1, '1101101011': 1, '0110011111': 2, '0100010111': 1, '0111101011': 1, '1100010010': 1, '0100111001': 2, '0110100111': 1, '0111010001': 1, '1001000001': 2, '0100000011': 2, '1100011010': 1, '1111110100': 1, '1001100111': 1, '0110111110': 1, '0011001111': 2, '0010000111': 2, '1111100010': 1, '1101101110': 1, '1110101110': 1, '1001001111': 2, '1101111011': 7, '1100111100': 2, '0101100010': 2, '0110010011': 1, '0000101001': 1, '0101000001': 2, '1101000011': 2, '0110011110': 1, '0100010000': 2, '0011001010': 3, '0011010000': 4, '0010101010': 1, '0101011011': 1, '1011100011': 2, '1001110111': 1, '1011100010': 2, '1001101100': 1, '1111011100': 1, '1001110101': 1, '0111011000': 3, '0100101011': 1, '0000001011': 1, '0011101001': 2, '1010010101': 3, '1011111101': 3, '1101010011': 2, '1011000001': 1, '0110100100': 2, '1110100111': 2, '1000110101': 3, '0000001010': 1, '1110000001': 2, '1101100010': 1, '1111111001': 1, '0010010110': 2, '0011001110': 1, '1010110000': 1, '1010011100': 3, '1100010110': 1, '1111001001': 4, '1011001001': 2, '0010000011': 1, '1101011100': 1, '1100110001': 1, '1010100111': 1, '0000110100': 2, '1111110101': 1, '0111000000': 2, '0001100011': 2, '1011001010': 1, '1100011100': 1, '0011000011': 1, '0011111110': 1, '0000000001': 2, '0111000010': 2, '1000111111': 1, '0000100011': 1, '0010110111': 1, '1110111111': 1, '1101110100': 2, '1011110011': 1, '0110010001': 1, '0111101001': 1, '1110101001': 1, '1110001000': 1, '0111000110': 1, '1010111001': 2, '0111110000': 1, '1101101001': 1, '1000101011': 2, '0110001111': 1, '0011010010': 2, '0000100001': 2, '0101111010': 1, '0000101101': 4, '0100100110': 1, '1100101000': 2, '1101000010': 1, '0001111110': 1, '1010001010': 2, '0101001111': 1, '1011101111': 2, '1011011010': 1, '1100001101': 1, '1000011001': 1, '0011000111': 1, '1101001101': 3, '1010110010': 3, '1100111010': 1, '0011111111': 1, '1010001001': 1, '0101100001': 1, '0110101001': 2, '1000100000': 1, '0100000110': 2, '1110000100': 1, '1011101100': 3, '0101010000': 2, '1000111000': 2, '0111100000': 2, '1011001000': 1, '0110010100': 3, '0001100101': 1, '1000000100': 2, '0010110010': 2, '1101100101': 1, '0101001000': 2, '0001010000': 1, '1111101001': 1, '1111110111': 2, '0100111111': 1, '1000010111': 1, '0000110011': 4, '1110001010': 1, '1101111111': 1, '1101111001': 1, '0001110110': 2, '1100110110': 2, '1010011111': 2, '1011001110': 1, '0000100101': 1, '0001001100': 2, '0111001111': 2, '1000111101': 4, '1100010011': 1, '1110100101': 3, '1100111101': 1, '1000101010': 1, '1110111101': 1, '0101111000': 1, '0001001110': 2, '1110011011': 1, '1001110001': 3, '0011011001': 3, '1100110010': 1, '1111011111': 1, '1101010101': 3, '1000101101': 5, '0110000100': 1, '0111110101': 1, '1010101110': 2, '0100011001': 1, '0011100001': 3, '0101000110': 2, '0001100010': 3, '0010100010': 2, '1111101110': 1, '0010000001': 2, '1000110010': 1, '0000110000': 2, '0101111111': 4, '1000000110': 1, '0011110001': 1, '1011010100': 1, '0001011010': 2, '0000011111': 1, '1101010100': 2, '0010011011': 1, '0110001010': 1, '0011010011': 3, '0111011111': 1, '1101111000': 2, '0110100000': 1, '1001101111': 4, '0010001010': 2, '0100111010': 2, '0110001001': 4, '0110100001': 1, '0101110111': 1, '1111000000': 1, '1110010101': 2, '0000101110': 1, '1111000001': 2, '1001111011': 1, '0110010101': 1, '0010000100': 1, '0101111011': 1, '1111000111': 2, '1101001001': 2, '0100100010': 1, '0110101010': 2, '1100111011': 1, '0000001101': 1, '0000010111': 3, '1010100100': 2, '0101011000': 2, '1110110000': 1, '1110001111': 1, '1011011101': 2, '1101110110': 3, '0010101110': 1, '0001000001': 2, '0001001111': 1, '0100001010': 2, '1100000010': 1, '0111001101': 2, '0001100001': 3, '0010101011': 3, '1110001110': 2, '0111111001': 2, '0000101010': 2, '1000010100': 1, '0111000100': 3, '1010101101': 2, '1011111111': 1, '0110101111': 3, '1110011010': 3, '1101100011': 1, '0000001000': 2, '0100010001': 1, '1110011100': 1, '0100101110': 5, '1101101010': 1, '0010101101': 2, '1001100001': 1, '1011011111': 1, '0110110001': 2, '1011100000': 2, '0000111011': 2, '0110111010': 1, '0101000000': 4, '1101001100': 2, '1011010000': 1, '0001010001': 1, '0111100001': 1, '1011100101': 1, '1001110000': 1, '0000010000': 1, '0000111101': 1, '0100000001': 1, '0110101101': 3, '1110111011': 2, '0101111101': 2, '0110101110': 3, '0011101111': 1, '1000101111': 2, '0011100101': 1, '0010011110': 2, '1010011101': 2, '1101000101': 1, '0101100110': 2, '1001000101': 2, '1100010111': 1, '0111110111': 1, '0101111100': 1, '0011111000': 1, '0001010111': 1, '0111010010': 1, '1010110111': 2, '0111001001': 1, '0001101010': 2, '1101110001': 2, '0100101000': 2, '0001100000': 1, '1110111001': 2, '0011001100': 1, '1010101011': 1, '0010010101': 3, '1010111000': 1, '1010101010': 2, '0101100111': 2, '1101011010': 3, '0110100101': 2, '1111010011': 2, '1111101101': 2, '1101001010': 2, '0101110011': 1, '1011100110': 1, '0100110110': 2, '1000010011': 1, '1110101111': 2, '0011100011': 1, '1111000101': 1, '1011010111': 1, '0101101011': 1, '0001101000': 3, '0000000011': 1, '0010111100': 1, '0110101100': 3, '1001010110': 1, '1010001011': 2, '1111011011': 1, '1011101001': 2, '1000001001': 2, '0001111100': 1, '1010010111': 1, '1101001110': 3, '1001011101': 1, '1010110001': 3, '1000110000': 1, '1111011110': 3, '1001011010': 1, '1110000010': 3, '0100111100': 1, '0001000000': 1, '1011011110': 1, '1100110000': 1, '0111001011': 1, '1010111111': 2, '1001101011': 1, '0011011110': 3, '0100101001': 2, '0001011011': 2, '0111110010': 1, '0100001000': 2, '0011100100': 1, '1101110111': 2, '1111000011': 1, '1011101010': 2, '1000110011': 3, '1010011010': 5, '1011110100': 3, '0000111110': 1, '0101101100': 2, '0100001111': 1, '1100011101': 2, '0110111111': 1, '0100011110': 3, '0011101000': 3, '0010100110': 1, '0010111111': 5, '1001100110': 3, '1111101010': 1, '0000100100': 2, '0111100110': 1, '1011100001': 1, '0100101010': 2, '0010100111': 3, '0010001011': 1, '0001111001': 4, '1111001011': 1, '0100110000': 2, '0101110100': 3, '0111010011': 2, '0111100111': 1, '1110111110': 1, '0110111101': 3, '1010101001': 2, '0110101011': 1, '0111110110': 1, '0111110001': 1, '1000100001': 4, '1111001000': 1, '1101000001': 1, '1001111000': 2, '1100001001': 2, '0001011101': 2, '1001000111': 1, '1101010010': 2, '0111101100': 1, '1101011011': 1, '1010100010': 3, '0101011101': 1, '0010101100': 4, '0110101000': 2, '1101011000': 1, '1010111110': 1, '1001001011': 2, '0010011111': 2, '0111111010': 1, '0011000100': 2, '0000101000': 3, '1101011111': 2, '0110100011': 2, '0101101000': 1, '0110011000': 1, '1110011101': 1, '0000011010': 2, '1000001110': 1, '1111011010': 1, '0101010110': 2, '0111101010': 2, '0110011101': 2, '0000111000': 2, '0000010010': 1, '0010100101': 1, '1000000101': 2, '1001011011': 1, '0010101000': 1, '0111111100': 2, '1001011111': 1, '0011001000': 1, '0100011101': 1, '0110111000': 2, '1111101111': 2, '1001011100': 2, '0000101111': 2, '1000100101': 1, '1001111010': 3, '1100101101': 1, '1001001101': 2, '0001110101': 2, '1111100111': 1, '1101111110': 3, '1000100011': 1, '1111011000': 2, '0010000010': 1, '0101011111': 3, '1010010000': 2, '0010000110': 3, '1110011000': 1, '1011111010': 3, '0110001100': 2, '0001111010': 1, '0100000010': 1, '0000011101': 1, '1101010111': 1, '1001010101': 1, '0011101011': 2, '1101100001': 2, '0110000011': 1, '0010001110': 1, '0000000010': 2, '0100110100': 3, '1110010011': 1, '1110111000': 1, '0100010011': 3, '1000100010': 1, '0000110111': 2, '1100111000': 1}","DensityMatrix([[ 9.62744603e-04+0.j        , -5.62003137e-04-0.00073639j,
                -2.42677283e-04+0.0009051j , ...,
                 6.92409953e-04+0.00026912j, -2.02653161e-04-0.00072957j,
                -4.43407454e-04+0.00059093j],
               [-5.62003137e-04+0.00073639j,  9.57870248e-04+0.j        ,
                -5.52550383e-04-0.00072312j, ...,
                -6.47021107e-04+0.00039574j,  6.85487271e-04+0.0002692j ,
                -2.01259046e-04-0.00072704j],
               [-2.42677283e-04-0.0009051j , -5.52550383e-04+0.00072312j,
                 9.56430544e-04+0.j        , ...,
                 7.24745061e-05-0.00073531j, -6.43997256e-04+0.0003933j ,
                 6.88420960e-04+0.0002688j ],
               ...,
               [ 6.92409953e-04-0.00026912j, -6.47021107e-04-0.00039574j,
                 7.24745061e-05+0.00073531j, ...,
                 1.00011476e-03+0.j        , -5.78376793e-04-0.00075892j,
                -2.49371660e-04+0.00094071j],
               [-2.02653161e-04+0.00072957j,  6.85487271e-04-0.0002692j ,
                -6.43997256e-04-0.0003933j , ...,
                -5.78376793e-04+0.00075892j,  9.95264926e-04+0.j        ,
                -5.85142200e-04-0.00076621j],
               [-4.43407454e-04-0.00059093j, -2.01259046e-04+0.00072704j,
                 6.88420960e-04-0.0002688j , ...,
                -2.49371660e-04-0.00094071j, -5.85142200e-04+0.00076621j,
                 9.93413400e-04+0.j        ]],
              dims=(2, 2, 2, 2, 2, 2, 2, 2, 2, 2))"
data/selected_mutant_qc/mutants_qft_10/qft_10_Mutant_Add_cp_P45_Q9_[2.356194490192345].qasm,PureState_4,"{'1010010110': 1, '0100101011': 1, '1011111011': 1, '1110000001': 1, '0001011100': 1, '1100001001': 1, '0001111101': 1, '1010001111': 1, '1111011001': 1, '0101011100': 1, '0010011000': 1, '0011101110': 1, '1111101010': 1, '1010011010': 1, '1101101110': 1, '1100100111': 1, '1101111001': 1, '0011111001': 1, '0011010000': 1, '0101101111': 1, '0111001010': 2, '0111101110': 1, '0101101000': 1, '0000101101': 1, '0000011111': 1, '1110110110': 1, '0100111110': 1, '1000000111': 1, '0011110110': 1, '0000001100': 1, '1110110000': 1, '0011000001': 3, '0010101011': 1, '1110011111': 1, '0010010110': 1, '0110000001': 1, '1010111100': 2, '0100110010': 1, '0010111110': 1, '0010101110': 1, '1001111000': 1, '0110100001': 2, '0110001001': 1, '1111010001': 1, '0110110010': 1, '1111001011': 2, '0110000110': 1, '1110010011': 1, '1011110110': 1, '0011100100': 1, '1101110111': 1, '0011101101': 1, '1001101110': 1, '1100100000': 1, '0101111000': 1, '0001000011': 1, '0000101010': 1, '1111000111': 1, '0100011111': 1, '0011011111': 2, '1001100101': 1, '0001001100': 1, '1000011001': 2, '1010000001': 1, '0101000111': 1, '0000111011': 1, '0100111111': 1, '1010010010': 1, '1011101100': 1, '1110001000': 1, '1000100100': 1, '1011001010': 1, '1111110010': 1, '0011100110': 1, '0111010110': 1, '1000110111': 1, '0001110100': 1, '0111111101': 2, '0101011101': 1, '0011111101': 1, '1110110101': 1, '0101001100': 1, '0010111111': 1, '1100110101': 1, '1100011100': 1, '0011111110': 1, '1000010010': 1, '1110011000': 2, '1000110001': 1, '0010011010': 2, '1110010101': 1, '0101110111': 1, '1100010011': 1, '1000011011': 1, '1010110100': 1, '0101011001': 2, '1001101101': 2, '0001000000': 1, '1110001101': 1, '0111110010': 1, '0001011011': 1, '0011010110': 1, '1001000101': 1, '0000001111': 2, '1100000001': 1, '1000101111': 1, '0111100000': 1, '0011100000': 2, '0010110000': 1, '0110110110': 1, '1010101000': 1, '0100110001': 1, '1101111101': 1, '1100000111': 1, '0111011101': 1, '0011110000': 1, '0111000001': 1, '0010011011': 1, '1101111010': 2, '1101011110': 3, '1000000010': 1, '0011010010': 2, '1110110011': 1, '1101110101': 1, '0111100010': 2, '1000111101': 1, '0001011111': 1, '1011010100': 1, '1100111101': 1, '0100011011': 1, '0100010100': 1, '1100101111': 3, '0111101011': 2, '1011110100': 2, '0010001101': 1, '0000111110': 1, '1110010100': 1, '0011000110': 1, '1001001011': 1, '0100001110': 1, '1010000000': 1, '0000101011': 2, '0101111010': 1, '0011010101': 2, '0010110011': 1, '0000101100': 1, '1111111000': 1, '1100000101': 1, '0110101011': 1, '1111111100': 2, '0001111011': 1, '0010111001': 1, '0100101100': 1, '1100000010': 1, '1101000100': 1, '1101001111': 1, '0011011100': 1, '1001000100': 1, '1111000101': 1, '0011101000': 1, '0100111101': 2, '0011101011': 2, '0001111111': 1, '1011110010': 1, '1100001101': 2, '0010110111': 3, '1101001110': 2, '1100000100': 2, '1110110010': 3, '1100000110': 1, '0010001111': 1, '0111111100': 1, '0001101101': 2, '0011001000': 2, '1101101101': 1, '0101100010': 1, '0110010011': 1, '1011101010': 2, '1001110010': 2, '1101111011': 1, '1100111100': 1, '1101111111': 1, '0000110011': 1, '1010011100': 1, '1101001011': 3, '0110001101': 1, '0100001001': 1, '1110111001': 3, '0010110001': 1, '1001111110': 1, '1010110110': 2, '1011000010': 1, '0001011110': 3, '1101101000': 1, '0000111000': 1, '1001010010': 1, '1000110110': 1, '0111100100': 1, '1100101010': 2, '1111001000': 1, '1101110000': 2, '1101000001': 1, '0100100001': 1, '0011101010': 2, '1101010110': 2, '1011000111': 2, '0110001111': 2, '0001101100': 2, '1101001010': 1, '0110110000': 2, '0001011101': 1, '1001000111': 1, '1011001101': 1, '0011001111': 1, '0110111110': 3, '1110010010': 1, '0010100010': 1, '0001100010': 1, '0110110011': 1, '1001001100': 1, '0001100101': 1, '1000000100': 2, '0111101001': 1, '0001010100': 1, '1110100110': 3, '1100010001': 2, '0111001101': 1, '0001100001': 1, '0111101000': 1, '0011111100': 5, '0111111011': 2, '1000101010': 2, '0101011111': 1, '1011110001': 1, '0001001000': 1, '0011010011': 2, '0101101110': 3, '1101010111': 2, '1110011001': 1, '0010010001': 1, '0001110010': 1, '0010111000': 2, '0101100111': 2, '0001110110': 3, '1011110011': 1, '1000111111': 1, '1100100010': 1, '1111010010': 2, '1111010101': 2, '1000100011': 1, '1000100000': 2, '1001101100': 2, '1110110100': 1, '0101011011': 1, '1011100010': 2, '1001001001': 2, '1111011100': 1, '0011000000': 1, '1111010011': 1, '0110100101': 1, '1010001010': 3, '1011101111': 3, '0111010100': 4, '0111011001': 2, '1001111100': 1, '1101101100': 2, '0001010101': 1, '0000001011': 2, '0011101001': 1, '0100000000': 2, '1000100111': 1, '0001110011': 2, '1011010110': 1, '0010010101': 1, '0110101110': 1, '1000100010': 1, '0100100011': 1, '1000111001': 1, '0010010000': 1, '1000010000': 2, '0111100111': 1, '0111010011': 2, '1011100100': 2, '1001110101': 1, '0111001001': 3, '1111110000': 2, '0100000101': 1, '1011001001': 1, '1100010110': 1, '1001100010': 1, '1111001001': 2, '1000111100': 3, '0111000110': 1, '0010011101': 1, '0101001101': 2, '1011001011': 1, '1001111011': 2, '1111000001': 1, '0011000101': 1, '0100111011': 1, '1111110111': 1, '0101110101': 1, '1001110110': 1, '0000110000': 2, '1001011001': 1, '0100100000': 2, '0111110000': 1, '1000101011': 1, '0010110110': 1, '0011101111': 2, '1100100101': 3, '1010001000': 3, '0100111001': 1, '1111000100': 3, '1010100000': 2, '0110111101': 2, '1110111110': 2, '1010101001': 1, '0011001010': 2, '0100010000': 1, '0100100010': 2, '1101001001': 2, '0000011110': 1, '1100011110': 2, '0100101101': 4, '1101100101': 2, '1011111100': 3, '0010110010': 2, '1110101101': 1, '0000011000': 1, '1001101000': 2, '0011100010': 1, '1100000000': 5, '0101111001': 1, '1011111111': 1, '0111110001': 1, '0000000100': 2, '0000101001': 1, '1010001101': 1, '1110100100': 1, '1001110100': 3, '1100010111': 1, '0111110111': 3, '1101000101': 2, '0101100110': 3, '1011101101': 1, '0001100110': 2, '1111110110': 3, '0111010010': 2, '1010110111': 3, '0001111000': 2, '1001111101': 1, '1010011011': 3, '1100011011': 1, '0001010110': 1, '1111101110': 3, '0010000001': 2, '0101100011': 1, '1011101000': 1, '0010001110': 1, '0100100101': 1, '1101110001': 1, '0001101010': 1, '0100111000': 3, '1011000001': 1, '0110100100': 1, '1011001100': 4, '1011010000': 1, '1111110011': 1, '0100000100': 2, '1011011001': 1, '1000011101': 3, '0110010101': 2, '0010000100': 2, '1111100010': 2, '0010000111': 3, '1110010000': 1, '0001011010': 2, '1000011110': 1, '1110011010': 1, '1101100011': 3, '0110101111': 1, '0000011100': 1, '0010010011': 2, '1101010001': 1, '0011100101': 1, '0101001010': 2, '0101110110': 2, '0001001111': 1, '0110100010': 1, '0110010111': 1, '0110010110': 2, '0100100111': 4, '1111001111': 2, '0100010010': 1, '0100111100': 3, '1010011110': 2, '1100010100': 2, '0100011010': 1, '1000110100': 1, '1010100101': 3, '0110011010': 2, '1101100010': 1, '1111111001': 1, '0101100101': 3, '1101001101': 1, '0011000111': 1, '0001010000': 1, '1110000000': 1, '1010111110': 1, '1101010011': 1, '1011111101': 3, '0011001101': 1, '0010110101': 1, '1010111011': 2, '0001110001': 1, '1101100100': 1, '0100011001': 2, '0010011100': 1, '0011100001': 3, '1001000000': 1, '0110000010': 3, '0010100110': 1, '1000111010': 2, '1100010000': 2, '1001100110': 1, '0101100001': 1, '0110101001': 1, '0100101110': 2, '1100000011': 3, '1011001111': 1, '0100011000': 1, '0001010001': 2, '1011100101': 3, '0111100001': 2, '1001110000': 2, '0011000100': 1, '0000101000': 2, '1101011001': 4, '1011110111': 2, '0000000011': 2, '0111111000': 1, '1000100101': 2, '1110001011': 2, '1100110001': 1, '0000110100': 1, '1010100111': 1, '1111110101': 3, '0101101010': 1, '0001100100': 1, '1010010101': 3, '1010101111': 1, '0000011010': 1, '1100010010': 1, '0110011111': 1, '1001001010': 2, '1010101100': 4, '0000000111': 1, '0000010101': 3, '0000011101': 1, '1011101011': 3, '0001111010': 1, '0100000010': 3, '1101011010': 2, '0000111001': 2, '1111010111': 4, '1100100110': 1, '1000010110': 2, '0111110110': 2, '0101111111': 1, '0011110001': 1, '0011110010': 2, '1111100011': 2, '1000000101': 1, '1101110011': 1, '1001011110': 2, '0010100101': 4, '1010110010': 3, '1101010000': 1, '1111010110': 1, '1100011111': 1, '0010000101': 1, '1100001110': 2, '0000100101': 1, '1010011111': 1, '1100110110': 2, '1011001110': 3, '0100100110': 3, '0011011011': 1, '0110100110': 2, '0110111100': 1, '1110000101': 1, '0110000100': 1, '0101000011': 3, '0111110101': 1, '0111000111': 2, '1101010010': 3, '0110001000': 1, '1100011001': 3, '0111101100': 1, '0011111011': 1, '0000010011': 3, '1010011001': 2, '1000101101': 2, '1101010101': 3, '0101101100': 1, '1001010000': 3, '1010111111': 2, '1100110000': 2, '1001010111': 2, '1110011011': 1, '1010001100': 1, '1110111101': 1, '0000100000': 4, '0010100000': 3, '0000100111': 3, '0111011010': 3, '0101001110': 4, '1111110100': 2, '0100000011': 2, '1100011010': 2, '0101111100': 2, '0001010111': 1, '0011111000': 1, '0111110100': 2, '1100101001': 3, '0111000010': 2, '1011010011': 1, '1001011000': 3, '0000110001': 1, '0111011100': 1, '1000000011': 2, '0111010111': 1, '1011100111': 2, '1110101100': 1, '1111100000': 1, '0001011001': 1, '0011011000': 1, '0010111101': 1, '1101011011': 1, '0100011101': 3, '0110111000': 4, '0010111010': 2, '1011110101': 1, '1111010000': 1, '1010000110': 2, '1111000010': 1, '1100101011': 1, '0100000111': 1, '1110101111': 3, '0101110011': 2, '0100110110': 3, '0000000110': 1, '1111111010': 1, '1100101101': 3, '1100110111': 1, '0101000101': 2, '0011100011': 1, '0101101011': 1, '1100001011': 1, '1011010111': 1, '0001101000': 3, '1010000100': 2, '1000010101': 1, '0110011000': 1, '1100001111': 1, '0001110111': 1, '0010101010': 2, '0011011010': 2, '1011111001': 2, '0011100111': 2, '1011010001': 2, '1001001101': 1, '0000111101': 2, '0000010000': 2, '0111000100': 1, '1111100110': 1, '0100010001': 1, '0111000000': 4, '0111011111': 1, '0001111110': 1, '1101000010': 1, '1011011011': 1, '0101111101': 1, '0101110001': 1, '1000101100': 4, '1000100001': 1, '1101000110': 1, '0010101000': 2, '0100110011': 2, '0011111111': 2, '1100111010': 2, '1010001001': 2, '1101101111': 1, '0001001010': 2, '1110111100': 1, '0011001110': 1, '0000110010': 1, '1010110000': 2, '0110011101': 1, '1101000000': 1, '0110100000': 1, '1101111000': 2, '0111001000': 2, '0001110000': 1, '0001111001': 1, '1101111110': 2, '0000000001': 1, '0001101001': 2, '1001011101': 2, '1110001001': 3, '1011000101': 2, '0111010001': 1, '0110100111': 4, '1010001011': 2, '1001010110': 1, '0001010011': 1, '0001000100': 2, '1100011101': 1, '0110111111': 2, '1001100011': 3, '1000111110': 2, '0111101101': 3, '1101000011': 1, '1001101010': 1, '0010010010': 1, '1001010100': 2, '0100010110': 2, '0010001011': 1, '0000111111': 4, '0100010101': 1, '0100001000': 2, '0011011110': 4, '0011110111': 3, '0101011010': 2, '1100001000': 1, '0101010011': 1, '1010010011': 3, '1011100000': 1, '0110111010': 4, '0111110011': 1, '0011011001': 2, '1001110001': 1, '0010001001': 1, '1001111010': 1, '1010100100': 1, '0101011000': 1, '0000010111': 4, '0000001101': 1, '1110101110': 2, '0000100010': 2, '0000010001': 3, '1111011011': 1}","DensityMatrix([[ 9.76562500e-04+0.j        , -9.04502190e-04-0.00036817j,
                 6.82008056e-04-0.00069896j, ...,
                 3.90258008e-04-0.00089519j,  6.82008056e-04+0.00069896j,
                -3.68171299e-04-0.0009045j ],
               [-9.04502190e-04+0.00036817j,  9.76562500e-04+0.j        ,
                -3.68171299e-04+0.0009045j , ...,
                -2.39660435e-05+0.00097627j, -8.95194394e-04-0.00039026j,
                 6.82008056e-04+0.00069896j],
               [ 6.82008056e-04+0.00069896j, -3.68171299e-04-0.0009045j ,
                 9.76562500e-04+0.j        , ...,
                 9.13265146e-04-0.00034586j, -2.39660435e-05+0.00097627j,
                 3.90258008e-04-0.00089519j],
               ...,
               [ 3.90258008e-04+0.00089519j, -2.39660435e-05-0.00097627j,
                 9.13265146e-04+0.00034586j, ...,
                 9.76562500e-04+0.j        , -3.68171299e-04+0.0009045j ,
                 6.82008056e-04-0.00069896j],
               [ 6.82008056e-04-0.00069896j, -8.95194394e-04+0.00039026j,
                -2.39660435e-05-0.00097627j, ...,
                -3.68171299e-04-0.0009045j ,  9.76562500e-04+0.j        ,
                -9.04502190e-04-0.00036817j],
               [-3.68171299e-04+0.0009045j ,  6.82008056e-04-0.00069896j,
                 3.90258008e-04+0.00089519j, ...,
                 6.82008056e-04+0.00069896j, -9.04502190e-04+0.00036817j,
                 9.76562500e-04+0.j        ]],
              dims=(2, 2, 2, 2, 2, 2, 2, 2, 2, 2))","{'0000000001': 1, '0101100101': 1, '1001010000': 1, '1010100000': 1, '1010100101': 1, '0000000011': 1, '1110010100': 1, '1010111110': 1, '0010011110': 1, '0100101100': 1, '0010010000': 1, '1010101001': 1, '1110111110': 1, '0010111110': 1, '1111111000': 1, '0100110111': 1, '0110110001': 1, '0110010000': 1, '0010000000': 1, '0100000110': 1, '1000100000': 1, '1111111101': 1, '1010101110': 1, '0110101000': 2, '0110011000': 1, '0000110001': 1, '1000001000': 1, '1101010011': 1, '1011111101': 1, '0011110111': 1, '1100010111': 1, '1010000001': 1, '1110011110': 1, '1111001111': 2, '0000101011': 1, '1100010001': 1, '1110110101': 1, '1101010100': 1, '0000011111': 1, '1000101111': 1, '1100001000': 1, '0101100001': 1, '0100010101': 1, '0000001011': 1, '1000110001': 1, '1110001001': 1, '1101101100': 1, '1100001100': 1, '0110011111': 2, '0101011000': 1, '1001100011': 1, '0010010001': 1, '0111000000': 2, '1000010111': 1, '0100111111': 1, '1011100001': 1, '0101010011': 3, '1111100101': 2, '1111101110': 2, '0010100010': 2, '0000100110': 1, '0011010101': 1, '0010110011': 1, '0001101011': 1, '0010101110': 1, '0001000001': 1, '1001000100': 1, '1111101000': 1, '0101010001': 2, '0100001111': 1, '1000010110': 2, '0011100001': 1, '0100011001': 3, '1111111110': 1, '1101110111': 3, '1110010001': 1, '0111010000': 1, '1010011111': 1, '1011001110': 1, '0000100101': 1, '0101110101': 1, '1011000011': 1, '0111111110': 2, '1001110101': 1, '1100111111': 2, '0011111100': 1, '0111111011': 1, '0111101000': 1, '0001111111': 1, '0011010110': 1, '1100010011': 1, '0011100011': 1, '0110111010': 1, '1001111010': 1, '1011100101': 1, '1100010000': 1, '1000101100': 2, '0100001000': 2, '1100110000': 1, '1111110011': 2, '0011100000': 1, '1101011011': 1, '1001001111': 1, '0000001001': 1, '0100011011': 2, '0100010100': 1, '1110101010': 1, '0010000001': 1, '1110000100': 1, '0010011101': 1, '1001011110': 1, '1000000101': 1, '1001101000': 1, '1100000000': 1, '0101000000': 1, '1110110000': 1, '1001011010': 1, '1000000010': 1, '1101101111': 1, '0000111000': 2, '1010110001': 1, '0100011110': 2, '0100100011': 2, '1100110010': 1, '1111011111': 1, '0100111000': 1, '1000110010': 2, '0101010110': 1, '0111110110': 1, '1011011001': 2, '0000001010': 2, '0001011111': 1, '1001000001': 1, '1000011000': 1, '0101100110': 1, '1101000101': 1, '1110001011': 3, '0010111010': 1, '0100001001': 1, '1001101110': 1, '1101001010': 2, '1001111000': 3, '1000001101': 2, '1011110000': 1, '1011111011': 1, '0001101110': 1, '0101000110': 2, '0000101100': 1, '0001011110': 1, '1000000011': 1, '0000101111': 2, '0111111101': 1, '0011111101': 2, '0101011101': 1, '1010110011': 1, '1110001000': 1, '0111010101': 1, '1010001111': 1, '1110001110': 2, '0010100000': 1, '0000100000': 1, '1100111110': 1, '0100000010': 2, '1000101011': 1, '1101101001': 2, '1110100000': 1, '0010000100': 1, '1110000011': 1, '0110010101': 1, '1000011101': 2, '0000000111': 2, '0000010101': 1, '1110100011': 1, '1100001010': 2, '0010011000': 2, '0000010010': 1, '1011110011': 2, '1110111111': 1, '1101110100': 2, '1000100001': 1, '0011010010': 2, '0000100001': 3, '1000111010': 1, '0100110010': 2, '0000100111': 1, '1101010000': 1, '1010110010': 1, '1100001101': 1, '1011011010': 2, '1100101110': 1, '1011110010': 2, '1010000000': 2, '0100001110': 1, '0010100100': 1, '0001000100': 1, '0001010011': 4, '0100101011': 2, '1001001010': 1, '1000111111': 1, '1110000111': 1, '1001111011': 1, '1111000001': 1, '0000101110': 1, '0111100101': 2, '0101001101': 2, '0110110100': 1, '0111101010': 1, '1011000010': 1, '0000011001': 1, '0111011001': 1, '0111010100': 3, '1001111100': 1, '1000000001': 2, '1001110011': 2, '0110101110': 1, '0111001001': 3, '1111110000': 2, '0011001100': 4, '0001101100': 1, '0110001111': 1, '1100110101': 1, '1101010111': 2, '0100111101': 1, '0011101011': 3, '0011001010': 1, '1010111101': 1, '0110111111': 3, '1100011101': 1, '1000011110': 1, '0010110100': 2, '1101001101': 1, '0011110100': 1, '1010101101': 3, '1111001100': 1, '1010010110': 2, '0001001001': 2, '1110110011': 1, '0010001000': 1, '0101101010': 2, '0001100100': 1, '0010011001': 2, '0100011100': 3, '1111010111': 1, '0110101011': 2, '0000011000': 2, '1110101101': 2, '1111110101': 1, '1010100111': 1, '1100110001': 1, '0000110100': 1, '0100011111': 1, '0000111111': 1, '0111100010': 2, '1110001100': 1, '1101110101': 1, '0111111010': 1, '0011000100': 1, '0010100001': 1, '1101011001': 1, '0000101000': 1, '0010001100': 2, '1110101000': 2, '0010110010': 1, '1101100101': 2, '1011111100': 1, '0100000011': 1, '1111110100': 1, '1001111001': 2, '0011010001': 1, '1010000010': 1, '1000011100': 1, '1101000000': 1, '1101011100': 4, '0010011010': 2, '0110000011': 4, '0101011001': 1, '1010110100': 2, '1111110110': 2, '1110010111': 3, '1010010000': 2, '0100001011': 1, '1100011111': 1, '1101101110': 1, '0001101000': 2, '1011010111': 1, '0101101011': 1, '1011101011': 1, '0011011011': 1, '0110111001': 1, '1010010111': 1, '1000100101': 2, '0110001110': 1, '1000100110': 3, '0010010110': 1, '1110000110': 2, '1110011111': 2, '1000001011': 2, '0101010100': 1, '0110000001': 1, '1110011001': 1, '1100100001': 1, '0111100000': 3, '1001111110': 1, '0111000011': 2, '0101111001': 2, '0010111001': 1, '0001110101': 2, '1000010001': 1, '0100100000': 4, '1001011001': 1, '1101000110': 1, '0010101000': 2, '1001011011': 2, '0110101100': 3, '0010111100': 2, '1011010001': 2, '1000110000': 3, '1111011110': 2, '0111010110': 1, '1110011010': 1, '0101101100': 1, '0111010011': 3, '0100100100': 1, '1101111011': 1, '1100111100': 3, '1101010101': 1, '1000101101': 1, '0111101100': 3, '1100011001': 2, '0011110001': 2, '1000000110': 1, '0101111100': 1, '0011111000': 1, '0111101011': 2, '0011011110': 2, '1001101011': 2, '0000010111': 2, '1110111010': 1, '0000001101': 3, '0100001101': 2, '1101111110': 2, '0100000001': 2, '0010100111': 1, '0010001011': 2, '0101110111': 1, '0011000010': 1, '0100100101': 2, '0010001110': 2, '0100010001': 1, '0000001000': 3, '1111001010': 2, '0010110001': 2, '1010001011': 3, '1000110101': 1, '0110010100': 3, '0010101001': 2, '1011001000': 1, '0011101111': 1, '1100100101': 1, '0001100011': 4, '1000100100': 1, '1011001010': 2, '0110001011': 1, '1101001011': 1, '1100111010': 2, '1111110111': 2, '1100001110': 1, '0110101010': 1, '0010000101': 1, '0101001001': 2, '0111011110': 2, '0011011010': 2, '1010000110': 1, '1110100010': 1, '1101000001': 2, '1011101110': 1, '0001000011': 2, '1000010100': 1, '0100011010': 1, '1111001110': 1, '0101101110': 1, '1110001101': 2, '0011101010': 1, '1110110111': 1, '0010010011': 3, '0000011100': 1, '0101100100': 2, '1101110110': 1, '1011011101': 1, '0101011100': 2, '1010001000': 3, '1000010011': 4, '0100000111': 1, '0111111001': 2, '1010111010': 2, '0101001010': 2, '0101110110': 1, '0111101001': 1, '0110010001': 2, '0001010100': 3, '0101000100': 1, '0001011001': 1, '0011011000': 1, '1010001101': 1, '0000101001': 1, '0110100010': 1, '0001001111': 1, '1001000011': 1, '1111111010': 3, '1111111011': 3, '0100010011': 2, '0101000010': 2, '0000110111': 3, '1100010101': 2, '0111110001': 1, '1101101000': 1, '0010100110': 1, '0100101111': 2, '1010010010': 1, '1001110001': 1, '0011011001': 1, '1000110100': 1, '1110100001': 2, '0000000010': 2, '0000110010': 1, '1011010000': 2, '1101001100': 1, '0101010010': 1, '0100101001': 1, '0111110010': 2, '0101001111': 1, '1010001010': 2, '1111010000': 3, '0010101011': 4, '1001100010': 1, '1100010110': 3, '0111111000': 2, '1001001000': 1, '0101110011': 3, '1100100010': 2, '1100111101': 1, '0111101111': 1, '1110100101': 1, '0011110110': 1, '1101010110': 1, '1100110011': 1, '0001010110': 1, '0000110000': 1, '1001110110': 1, '1101111010': 1, '0101111110': 1, '1010001110': 2, '1011110111': 2, '1001101001': 2, '0100100111': 3, '0110010110': 2, '1111100100': 2, '0110001000': 2, '0010011011': 3, '1010000100': 3, '1101100111': 2, '1111000010': 1, '0010000010': 2, '0111011100': 2, '1001001100': 1, '1000000100': 1, '0001100101': 1, '1010001100': 1, '1110111101': 1, '0101001011': 2, '1111111001': 1, '1101100010': 1, '1011000000': 3, '1111000011': 1, '1001110010': 3, '1011101010': 3, '1111011011': 1, '1011101001': 1, '0101001100': 1, '1000001100': 2, '1011010100': 1, '1111011001': 1, '1000011011': 1, '0010101111': 1, '0111011111': 1, '1011011011': 1, '0001111110': 1, '1101000010': 1, '1001110100': 1, '1011100111': 1, '0111010111': 3, '1111100011': 2, '0001011000': 3, '1100011100': 2, '0000110101': 1, '1001000101': 1, '1011101101': 1, '0001100110': 1, '1101011110': 2, '1100111011': 2, '1001000000': 2, '0010111111': 3, '1101111100': 1, '0101010101': 1, '1110000101': 2, '1010011100': 3, '1110000001': 2, '0100111011': 1, '1010100010': 1, '1100110100': 2, '1111110001': 1, '1001100001': 1, '0011100110': 3, '0100110100': 1, '1011010010': 1, '0110001101': 2, '1100011110': 2, '1111101010': 1, '0000100100': 3, '1011100110': 1, '1001011100': 2, '0011111010': 2, '0111100011': 2, '0101101101': 2, '1010101000': 1, '0100110001': 1, '1101000100': 1, '1100000010': 2, '1011110100': 1, '0000111110': 2, '0010001101': 1, '1111111111': 1, '0100010111': 1, '0110010010': 1, '0011001001': 3, '0110111110': 1, '1001100111': 2, '0110010111': 2, '1110100111': 1, '1011001100': 4, '1011000001': 3, '1101011010': 2, '0000111001': 3, '0101000001': 1, '1101000011': 3, '1001101010': 1, '0010010010': 3, '0000011011': 1, '0111000001': 2, '0010010111': 3, '0110111000': 1, '0111001100': 2, '0000011010': 1, '1110011101': 1, '0001101010': 1, '0001011100': 2, '1010100001': 2, '0101111000': 3, '0101000101': 2, '1110111000': 2, '0001110011': 2, '1011010110': 2, '1100000100': 1, '1010101011': 1, '1001111101': 1, '0010110111': 1, '1101011000': 5, '0101101111': 2, '1100111000': 2, '1000111101': 1, '0111001111': 3, '1000110011': 4, '0100011000': 1, '1011001111': 1, '0101000011': 2, '0110000100': 3, '1011111110': 4, '0110010011': 1, '0101100010': 1, '1101101101': 3, '1001101111': 1, '1101111000': 1, '1011011100': 1, '0001111001': 2, '0101110100': 2, '0101101000': 1, '0110100011': 5, '1101100001': 1, '0101011110': 1, '0110100001': 1, '0001010000': 1, '1010010100': 1, '1011001101': 1, '1011011000': 2, '0001001100': 2, '1010010001': 1, '0001110110': 2, '0000110011': 3, '1101111111': 1, '0110100101': 1, '1111101101': 1, '0011000000': 1, '1011111001': 3, '1011000110': 1, '1000100011': 1, '0010000011': 2, '0101111011': 2, '1111000111': 1, '1001001110': 4, '0101001110': 1, '0111011101': 3, '0110110111': 1, '1110110001': 5, '1110111011': 2, '0110100110': 1, '0111010001': 1, '0110100111': 3, '1011000101': 3, '0111111111': 1, '1110011011': 1, '0011010000': 1, '1110010000': 1, '0001011010': 1, '0010000111': 1, '1101010001': 1, '1010011000': 1, '1010000011': 2, '0100100010': 2, '1101001001': 1, '1110011000': 1, '1000010010': 3, '1111110010': 1, '1110101100': 3, '1111100110': 1, '0110000111': 1, '1000101010': 2, '1010011110': 1, '0000000110': 1, '1001100000': 2, '1001001011': 2, '0100101110': 1, '1110011100': 1, '0000011101': 1, '1010010101': 2, '1110111100': 3, '0010111000': 2, '0110001100': 2, '0001101101': 2, '0011001000': 2, '1001011111': 1, '0111101110': 1, '0101011011': 1, '1001110111': 3, '1001001001': 1, '1111011100': 1, '1001010010': 2, '0011001011': 2, '0111001000': 3, '1010110111': 1, '0111010010': 1, '1010111100': 1, '1000001110': 2, '1000110110': 2, '1011111000': 2}","DensityMatrix([[ 1.00154643e-03+0.j        , -9.07491569e-04-0.00036646j,
                 6.70412003e-04-0.00070138j, ...,
                 3.09974509e-04-0.00070484j,  5.30742384e-04+0.00055821j,
                -2.78757633e-04-0.00070544j],
               [-9.07491569e-04+0.00036646j,  1.00065736e-03+0.j        ,
                -3.56983594e-04+0.00088658j, ...,
                -2.41804591e-05+0.00077608j, -6.92817380e-04-0.00030667j,
                 5.27129519e-04+0.0005587j ],
               [ 6.70412003e-04+0.00070138j, -3.56983594e-04-0.00088658j,
                 9.97721363e-04+0.j        , ...,
                 7.05533594e-04-0.00026538j, -2.38344692e-05+0.00077424j,
                 3.09953813e-04-0.00069822j],
               ...,
               [ 3.09974509e-04+0.00070484j, -2.41804591e-05-0.00077608j,
                 7.05533594e-04+0.00026538j, ...,
                 9.75413169e-04+0.j        , -3.48797169e-04+0.00085621j,
                 6.54809434e-04-0.00067764j],
               [ 5.30742384e-04-0.00055821j, -6.92817380e-04+0.00030667j,
                -2.38344692e-05-0.00077424j, ...,
                -3.48797169e-04-0.00085621j,  9.64883109e-04+0.j        ,
                -8.72597867e-04-0.00035476j],
               [-2.78757633e-04+0.00070544j,  5.27129519e-04-0.0005587j ,
                 3.09953813e-04+0.00069822j, ...,
                 6.54809434e-04+0.00067764j, -8.72597867e-04+0.00035476j,
                 9.68175284e-04+0.j        ]],
              dims=(2, 2, 2, 2, 2, 2, 2, 2, 2, 2))"
data/selected_mutant_qc/mutants_qft_10/qft_10_Mutant_Add_cp_P45_Q9_[2.356194490192345].qasm,PureState_5,"{'0100001101': 1, '1001111010': 1, '0101101101': 1, '1111000111': 1, '0100100111': 1, '0011101100': 1, '1101100011': 1, '1110101100': 1, '0011001110': 1, '0101101010': 2, '1100110101': 1, '0001110010': 1, '1111101001': 1, '1101011110': 2, '0111111110': 1, '1101100100': 2, '1001010010': 1, '1101111000': 1, '0110111010': 1, '1111001011': 1, '0011110100': 1, '1100011011': 1, '1010010001': 1, '1010101100': 1, '0101101001': 1, '0110001101': 1, '1111011101': 1, '0101101110': 1, '1100010001': 1, '0100101101': 1, '0110001100': 1, '1101100001': 1, '1100101001': 1, '0001011100': 1, '0111110000': 1, '1101101001': 1, '0011100101': 2, '1010100111': 1, '1011000001': 1, '1011001100': 1, '0000000011': 1, '0011110010': 1, '0001000111': 3, '0101000100': 1, '1110011101': 1, '0000011010': 1, '1110010011': 1, '1111101000': 1, '0001100011': 2, '1000100100': 1, '1010111110': 1, '1000110011': 1, '0111011010': 1, '1000101001': 2, '1011101001': 1, '0000101111': 1, '1101101000': 1, '0110011011': 2, '0100010011': 1, '1000110110': 2, '1001111000': 1, '1101011011': 1, '1001001111': 1, '1110111000': 3, '0010101011': 1, '1001010111': 1, '0110000110': 1, '1100111111': 1, '0010010111': 1, '0000001111': 1, '0010000011': 1, '0100110101': 1, '0001110001': 1, '0011010010': 1, '0011011100': 1, '1010101101': 1, '0011011001': 2, '0010001001': 1, '0100101011': 1, '0001110110': 1, '0000011011': 2, '1111110011': 1, '1110110101': 1, '0100101010': 2, '1011100001': 1, '1100000111': 1, '1110110001': 1, '1000000011': 1, '0001100111': 1, '1101111110': 2, '1100110111': 1, '1011000111': 1, '1011011011': 1, '0111110111': 2, '1001101101': 1, '0110010000': 1, '1011100100': 1, '0100100100': 1, '1111010111': 2, '1110111100': 1, '1010011100': 2, '0011011111': 1, '0100011101': 1, '0100001000': 1, '0110110111': 1, '0100110001': 2, '1010100100': 1, '0110010111': 3, '1111111101': 1, '0100110011': 1, '0010010110': 1, '1100111000': 1, '1000110111': 2, '0101010000': 1, '1001111101': 1, '1010011011': 1, '0011111011': 1, '0001001010': 1, '0000000010': 1, '1000110100': 2, '1010000011': 2, '1010011000': 2, '1000100001': 3, '0000011001': 1, '0101010111': 1, '0101000010': 2, '0010110100': 1, '1011011000': 1, '1011001101': 2, '0011011011': 1, '0100111111': 2, '0111011101': 3, '0001001000': 3, '1110100011': 1, '1011110111': 2, '0010101000': 2, '1001011011': 2, '1001000000': 1, '0010011001': 2, '1111110010': 2, '1001100001': 1, '0010101101': 1, '0101110011': 1, '0100010000': 1, '0011001010': 1, '1010111101': 1, '0000111110': 2, '1011110100': 1, '0111001101': 1, '0001100001': 1, '0010100001': 1, '0111111010': 1, '0000101000': 1, '1101011001': 2, '0011000100': 2, '0100100110': 1, '1100101000': 2, '1001010110': 1, '1010001011': 1, '1011001000': 1, '0100001100': 1, '1111010100': 1, '1000110000': 1, '1111011110': 1, '1011010001': 1, '1101001000': 3, '0010100111': 2, '0010000110': 1, '0000000111': 1, '0000010101': 1, '1101100010': 1, '1111111001': 2, '1110001101': 3, '0000100010': 2, '0110011001': 1, '0101111010': 1, '0011010101': 1, '1111111010': 1, '1001000011': 2, '1100101101': 1, '1101010111': 3, '0000111010': 2, '1001111111': 1, '1010000010': 2, '1000011100': 2, '0011101110': 1, '0110011010': 1, '1010100101': 1, '1011011111': 2, '0110110001': 1, '1100001010': 1, '0000010011': 3, '1010011001': 2, '1101010101': 1, '1010101011': 3, '0101010110': 1, '1111011010': 1, '1101111001': 2, '0000110011': 1, '1101111111': 1, '1110010001': 2, '1011111100': 1, '1101100101': 5, '0010110010': 1, '0001001110': 1, '1010100001': 1, '1111100110': 1, '0110000111': 2, '0001001011': 2, '0000000101': 1, '1001001000': 1, '0101001001': 1, '0010000101': 1, '0101101000': 2, '0110100011': 1, '0011100100': 1, '1101110111': 2, '1001010100': 1, '0010010010': 1, '0101000001': 2, '1101000011': 2, '0011110101': 2, '1111010001': 1, '0110111110': 1, '1001100111': 1, '0000110101': 1, '0011111110': 1, '0011000011': 1, '0001111001': 1, '1011100101': 3, '1001110000': 2, '0001010001': 2, '0111100001': 2, '0101100111': 1, '0100001001': 1, '0110100111': 1, '0111010001': 1, '1100100010': 1, '0100101100': 2, '1000111010': 1, '0010011011': 3, '0110001010': 1, '0110111011': 1, '0000011111': 2, '1101010100': 1, '0111111100': 2, '0001101101': 2, '1001011111': 1, '1100010011': 3, '0111001110': 2, '1000100101': 1, '1111010010': 1, '1111010101': 3, '1110000101': 1, '0111101001': 1, '0110010001': 3, '1011110000': 2, '1100000011': 1, '0000100011': 1, '0111110100': 1, '0001010111': 1, '0101111100': 1, '0011111000': 2, '1000000110': 1, '1100011001': 2, '0111011001': 1, '0111010100': 1, '1001111100': 2, '0100000101': 1, '1100101011': 1, '1000010011': 2, '0100011111': 1, '1100100011': 1, '0001100010': 2, '0110110011': 2, '0100110100': 2, '1111000100': 1, '1110101101': 2, '0110000101': 1, '1011010010': 1, '1011111010': 1, '1110011000': 2, '0111000111': 1, '1111001001': 1, '1000111100': 1, '1100010110': 2, '1100011101': 2, '0110111111': 2, '0001110011': 2, '1000100111': 1, '0100011110': 2, '0111000011': 3, '1010011101': 2, '0001110111': 1, '1000011011': 1, '0010101111': 2, '1001011010': 1, '0100010010': 2, '0000111001': 2, '1101011010': 2, '0110000011': 1, '0011101010': 3, '0100100001': 2, '1110000000': 3, '0110000000': 5, '1011010111': 1, '0101101011': 1, '1100001011': 1, '1110100010': 3, '0100000000': 2, '0110001111': 1, '1101000111': 3, '0110010010': 4, '0101000111': 3, '0100011001': 1, '0011100001': 1, '1010101110': 2, '1100111100': 1, '1101101011': 4, '0001000101': 2, '0000011100': 1, '0000001110': 1, '0111000110': 1, '0010011101': 2, '0101100001': 2, '0110101001': 1, '1010010010': 1, '1000101000': 2, '1010000001': 4, '1010100110': 1, '1100011000': 2, '0100101000': 1, '0001100000': 1, '0001101100': 1, '0011001100': 1, '1110011011': 2, '0010100101': 2, '1101110110': 2, '1011011101': 2, '0000110000': 3, '1001110110': 1, '0011111101': 4, '0111111101': 2, '0101111101': 2, '0101110001': 4, '1110111011': 2, '0110100110': 3, '1011001110': 3, '1010011111': 3, '1011000110': 1, '0110110010': 1, '1011101111': 1, '1010001010': 2, '0101001111': 1, '0001010010': 1, '0000101001': 3, '1010001101': 1, '0010100000': 1, '0000100000': 1, '1110001110': 1, '1110010100': 2, '0111111001': 2, '0001101011': 1, '1100000001': 2, '1100111001': 2, '0111101000': 1, '0100000011': 1, '1100011010': 1, '1111110100': 2, '1010101111': 1, '0110110000': 1, '1011110101': 1, '1110000011': 1, '1000011101': 1, '0010000100': 1, '0000101110': 1, '1001111011': 1, '0011101011': 1, '1001010101': 1, '0011101111': 1, '1100100101': 3, '1000110101': 3, '0010110110': 1, '0011000110': 3, '1111110000': 4, '1110010000': 3, '0001011010': 2, '0010000111': 1, '1011011010': 1, '1101110001': 1, '0001101010': 2, '1100100000': 2, '0100111000': 3, '1010101001': 1, '0110111101': 1, '1110111110': 1, '1111101010': 1, '0000100100': 3, '0100011011': 2, '0100010100': 2, '1011010100': 2, '1010100011': 3, '1000001000': 1, '1000010000': 1, '1000111001': 2, '1101100110': 1, '0010010000': 2, '0000110111': 2, '1000100010': 3, '0010101110': 1, '0001000001': 1, '1001001100': 1, '0001100101': 1, '1000000100': 4, '0111100110': 2, '0000011110': 3, '1110100000': 1, '0011110110': 2, '1000000111': 4, '0011000001': 1, '1001110101': 2, '0010100110': 2, '0100101111': 1, '0110110110': 1, '0010101010': 4, '1001001001': 2, '0011010000': 3, '1110001001': 2, '1000011000': 1, '1001011000': 1, '0110101110': 1, '1101111100': 2, '1000011010': 3, '0010001111': 5, '1100010101': 3, '1110110010': 3, '0101001011': 2, '1010001100': 2, '0000010111': 2, '1110111010': 1, '0000001101': 3, '1011000101': 1, '0111111111': 2, '1101000101': 3, '0101100110': 3, '0010011110': 1, '1100100110': 3, '0010000001': 2, '1001000110': 2, '0111100011': 2, '0101010100': 1, '1011001111': 1, '0110011100': 2, '0100110111': 2, '0011010110': 3, '0011011101': 1, '0111010010': 2, '0001111000': 2, '1111101011': 2, '1100001111': 2, '0010000000': 1, '0111100111': 1, '0111010011': 2, '1001100100': 3, '1001001011': 1, '1001100000': 2, '0110100010': 1, '0100001010': 2, '0001001111': 1, '0001000011': 1, '1000010100': 2, '0000101010': 2, '1001101001': 2, '0111000000': 2, '0011101101': 2, '0101001110': 3, '0001010101': 2, '0111110101': 1, '0110000100': 2, '0101000011': 1, '1100000101': 3, '0100001110': 1, '1010000000': 1, '1000001111': 1, '0001000000': 2, '1101010000': 2, '0001011011': 2, '0111110010': 2, '0100101001': 2, '0110111001': 2, '0110011110': 1, '0101010010': 1, '1101001100': 1, '1011010000': 1, '0001111110': 3, '1101000010': 3, '0111011111': 1, '1010000100': 2, '1011100011': 1, '1001110111': 3, '0101000000': 2, '0110001110': 1, '0010110101': 1, '1000010001': 1, '0100100000': 1, '1001011001': 4, '1111100100': 1, '0110001000': 1, '0010111011': 2, '0101011111': 1, '1111101100': 1, '0010111110': 2, '1001110011': 1, '0000101101': 1, '1111000110': 1, '1101101100': 1, '1000100011': 2, '0001011111': 2, '1000100000': 2, '0111101101': 2, '1010110100': 1, '0101011001': 1, '1001010001': 1, '0110010011': 1, '0101100010': 1, '1101101101': 1, '1010010100': 1, '1000011111': 3, '1010000111': 1, '1110011110': 1, '1000111101': 1, '1111001111': 1, '0011000101': 2, '1110011111': 2, '1000001011': 4, '0010001010': 2, '0010001000': 2, '0010110011': 2, '1110111001': 1, '1110001100': 1, '0111100010': 3, '0100100101': 1, '0010001110': 2, '1011101000': 1, '1111011001': 1, '0110100001': 1, '1111000000': 2, '0101110111': 1, '1110010101': 1, '1111111111': 1, '0100010111': 1, '1001011101': 1, '0001101001': 2, '1010010110': 1, '1111001100': 1, '0110101011': 3, '1000000010': 2, '0001111010': 2, '0100000010': 1, '1011001011': 1, '0101001101': 1, '1011111111': 3, '0101111001': 1, '0010111001': 1, '0101001010': 3, '1010111010': 1, '0001111100': 2, '1010010111': 1, '0101110000': 1, '1101110000': 1, '1100100111': 1, '1011100110': 3, '0100000100': 2, '1100011111': 2, '0100001011': 1, '1110110000': 1, '1110011001': 2, '0001111011': 1, '1111111100': 1, '0001000010': 2, '0101011010': 1, '0111010101': 1, '1000111000': 1, '0111100000': 1, '1100100001': 3, '1100110100': 3, '1001100101': 4, '1100010100': 2, '1010011110': 2, '1110101010': 1, '1101110100': 2, '1110111111': 1, '1011110011': 1, '1000111111': 2, '0101001000': 3, '0101110110': 1, '1100101010': 3, '0110001011': 2, '1011111101': 1, '1101010011': 1, '0101011100': 1, '0111000010': 2, '1010001000': 1, '0111001000': 2, '1101001110': 3, '1111010000': 5, '0000110110': 2, '1100011110': 1, '1011010101': 1, '1010110000': 1, '0100101110': 2, '1101101010': 3, '1110011100': 1, '1010100010': 4, '1011101101': 2, '0111000101': 1, '0110101101': 2, '0010111111': 2, '1110000001': 1, '0100111001': 3, '1110100101': 1, '1100111101': 3, '1000101010': 3, '1001101000': 1, '1101100000': 3, '0000001010': 1, '0111010110': 1, '0001000110': 1, '1000110010': 1, '1010110101': 2, '0101110101': 1, '1011101110': 3, '1111101101': 1, '1111010011': 1, '0110100101': 4, '1000110001': 3, '0001111111': 2, '1001110010': 1, '1111000011': 2, '1110001000': 2, '1101101110': 2, '1001110100': 1, '0010010100': 1, '1101011111': 1}","DensityMatrix([[ 0.00097656+0.j        , -0.0005574 -0.00080186j,
                 0.00091537+0.00034025j, ..., -0.00094582-0.00024309j,
                 0.00091537-0.00034025j, -0.00080186-0.0005574j ],
               [-0.0005574 +0.00080186j,  0.00097656+0.j        ,
                -0.00080186+0.0005574j , ...,  0.00073946-0.00063786j,
                -0.00024309+0.00094582j,  0.00091537-0.00034025j],
               [ 0.00091537-0.00034025j, -0.00080186-0.0005574j ,
                 0.00097656+0.j        , ..., -0.00097125+0.00010168j,
                 0.00073946-0.00063786j, -0.00094582-0.00024309j],
               ...,
               [-0.00094582+0.00024309j,  0.00073946+0.00063786j,
                -0.00097125-0.00010168j, ...,  0.00097656+0.j        ,
                -0.00080186+0.0005574j ,  0.00091537+0.00034025j],
               [ 0.00091537+0.00034025j, -0.00024309-0.00094582j,
                 0.00073946+0.00063786j, ..., -0.00080186-0.0005574j ,
                 0.00097656+0.j        , -0.0005574 -0.00080186j],
               [-0.00080186+0.0005574j ,  0.00091537+0.00034025j,
                -0.00094582+0.00024309j, ...,  0.00091537-0.00034025j,
                -0.0005574 +0.00080186j,  0.00097656+0.j        ]],
              dims=(2, 2, 2, 2, 2, 2, 2, 2, 2, 2))","{'0101101100': 1, '0011100101': 1, '1110110101': 1, '1010000001': 1, '1010011010': 1, '0101110101': 1, '0100110100': 2, '1100000100': 1, '1111010110': 1, '1000101100': 1, '1010101101': 1, '1000000010': 1, '1011010101': 1, '0001111101': 1, '0110110000': 1, '0011110111': 1, '0000111011': 1, '0010001110': 1, '0110001100': 1, '0010111000': 2, '1011101000': 1, '1111011001': 1, '1000001111': 1, '0010111001': 1, '1101001010': 1, '1011111101': 1, '1100011100': 1, '0011000011': 1, '1101111100': 1, '1101110001': 1, '0111001101': 1, '0110011011': 1, '1011101101': 1, '1110000110': 1, '1010001000': 2, '1110100111': 2, '0111000000': 1, '0101011110': 2, '1100110100': 1, '1001001111': 1, '0111110011': 1, '0000110110': 1, '0101001010': 1, '0101000100': 1, '0000001101': 1, '1110111010': 1, '0011101000': 2, '1001101001': 1, '1110010010': 1, '1101110010': 2, '1011101011': 1, '1010110001': 1, '0001110010': 1, '0101000001': 1, '0100110111': 1, '0001011000': 2, '1000110011': 1, '1001000100': 1, '1011111010': 1, '0111010101': 1, '0011111001': 2, '1010101001': 2, '1011010010': 1, '1110000001': 1, '0110011000': 1, '0101100110': 2, '1000100101': 2, '0101101101': 2, '1100111011': 1, '1001000010': 1, '0010000000': 1, '1100001111': 1, '0111010100': 1, '1101100001': 2, '0110101101': 1, '0100000001': 1, '0001001111': 1, '0100001010': 1, '0111111001': 1, '0000001010': 1, '1010011110': 1, '1100101000': 1, '1001001011': 2, '1111010000': 2, '1101000100': 1, '1100000010': 1, '0110000001': 1, '1001100100': 4, '0100111000': 2, '1010010110': 1, '0000011010': 2, '0000110111': 1, '1000100010': 1, '1000101110': 2, '1111010101': 1, '1111010010': 2, '0110111010': 3, '1110100101': 1, '0101101001': 1, '0010111011': 2, '1000001011': 1, '0101010111': 2, '0000110100': 1, '1100110001': 1, '0011010100': 1, '1110110000': 1, '0000100111': 1, '1000101001': 1, '0111011010': 1, '1101010000': 1, '1010110010': 1, '0001111001': 1, '0100111101': 1, '1110111000': 1, '1000100011': 2, '1000101010': 1, '0001100100': 2, '0010110011': 2, '0000101100': 2, '0111110110': 2, '1000111101': 2, '0111001111': 1, '1001001010': 1, '0010000110': 1, '1011000010': 1, '1100011000': 2, '0111011000': 3, '0001110111': 1, '0010000001': 1, '1100100011': 1, '0101110000': 1, '1101000001': 1, '0110010000': 1, '0100001000': 1, '0000010110': 1, '0100111001': 1, '0110000110': 1, '1011100100': 1, '1011011110': 1, '1110001011': 2, '0010100011': 2, '0111001010': 1, '1110011001': 1, '1110011100': 1, '1101101010': 2, '1000010101': 2, '1000111111': 1, '0110011110': 1, '0110111001': 1, '1110110011': 1, '0001001001': 1, '0001001000': 1, '1011110001': 2, '1010101010': 1, '1110100000': 1, '0000011110': 1, '1000110001': 1, '0111100100': 1, '1100101010': 4, '0101110110': 1, '0100000101': 1, '0100100000': 4, '1000010001': 2, '1110001001': 2, '1111101001': 1, '0001010000': 2, '0010111010': 1, '1011110101': 1, '1100001010': 1, '1001010010': 2, '0110100101': 1, '1111010011': 1, '0011000000': 1, '0000100010': 1, '0001100011': 3, '1010000000': 1, '0100001110': 1, '0101011000': 1, '0101001011': 1, '1110111101': 2, '1010001100': 1, '0110000111': 1, '1111100110': 1, '0011100100': 1, '1101000111': 2, '0110010010': 1, '1000001001': 3, '1111011011': 2, '1010001111': 3, '0010001111': 2, '1000011010': 1, '1100000110': 2, '1100010101': 1, '0011010110': 2, '0011011101': 2, '0011100111': 2, '1111011110': 1, '1000110000': 1, '1011010001': 2, '1010111110': 2, '0011000010': 2, '0101101111': 1, '1100111000': 2, '1100100101': 2, '0011101111': 1, '0010010011': 1, '1100000001': 2, '0001101011': 1, '0110001011': 2, '1101001011': 1, '0110011111': 3, '1001011010': 2, '0100010010': 1, '1110000010': 1, '0000110001': 1, '1000001000': 2, '0011010010': 1, '1110010100': 1, '1100110011': 1, '1011000111': 1, '1101010110': 2, '0000101001': 1, '1010001101': 1, '0100011000': 1, '0111001100': 1, '1100101100': 2, '1101001101': 1, '1111111110': 1, '0101010101': 3, '1110000101': 1, '0111010010': 1, '1010110111': 2, '0101010001': 1, '1111101000': 1, '1011011111': 1, '1011100000': 2, '0110110001': 1, '0001010001': 1, '1011100101': 1, '0111100001': 1, '1111001111': 1, '0100000110': 1, '1110110100': 1, '1011100010': 1, '1001110111': 1, '1011100011': 1, '0101011011': 2, '1001101100': 2, '0011111111': 1, '1010001001': 2, '1010000010': 1, '1101000000': 3, '0110011101': 1, '0011110100': 1, '0101111001': 1, '1011110011': 1, '1101110100': 2, '0001000011': 2, '0001011001': 3, '1010101000': 3, '0100111110': 1, '0110101010': 1, '1100001110': 2, '1111011100': 5, '1001001001': 2, '0111111110': 1, '1001101000': 1, '1101100000': 1, '0011110101': 1, '0101110010': 1, '1011111000': 1, '1001100000': 2, '0000000110': 1, '0000010000': 1, '0111000101': 3, '0011110110': 1, '1000000111': 1, '0011000001': 4, '0110011010': 2, '1110100001': 1, '0000000010': 1, '1000110100': 2, '0100010101': 2, '1000011110': 1, '1011101111': 4, '0001010010': 1, '0000001111': 1, '1010010011': 2, '1100000011': 1, '0100100011': 3, '1101010010': 1, '0100100111': 1, '0110010110': 2, '0011111011': 2, '0001110110': 1, '1101111001': 1, '0000110011': 3, '1101111111': 2, '0001100010': 4, '1100101111': 1, '0001101000': 3, '0101101011': 1, '1011100111': 2, '0111010111': 1, '0111010011': 1, '0111100111': 1, '1011011011': 1, '1101000010': 1, '0110100000': 1, '1101111000': 1, '1001101111': 2, '1001100011': 2, '1001100001': 1, '1011110110': 2, '0010101101': 2, '0011111010': 1, '1001110011': 2, '0000101101': 2, '1100111111': 3, '0100100001': 1, '0011101010': 2, '1110110111': 1, '0101101110': 2, '0100010111': 1, '1111111111': 3, '1111001110': 1, '0100011010': 1, '1110100011': 2, '0001000110': 1, '0101111000': 1, '0001001110': 3, '0111001011': 1, '1010111111': 1, '1100110000': 1, '1001010111': 2, '1110011011': 1, '1111010111': 1, '0100011100': 1, '1001110010': 1, '0000011011': 1, '0111000001': 1, '0101111101': 2, '1110111011': 5, '1111100111': 1, '1101111110': 1, '0000111100': 1, '0010011010': 2, '0110000011': 1, '0001001010': 4, '1110010000': 2, '0101100000': 1, '0111010000': 1, '0100011011': 1, '0110001101': 1, '1111011101': 1, '1001011101': 1, '0100001101': 1, '0101110011': 1, '0010100110': 1, '1110010110': 3, '0010111111': 1, '0110000010': 3, '0011011011': 2, '0011001111': 2, '0110111110': 2, '1100100001': 2, '0111100000': 4, '0001110001': 2, '1010111011': 2, '0101011001': 1, '1010110100': 3, '1111110110': 2, '0000101110': 1, '1001111011': 2, '1011011001': 2, '0111001000': 2, '0001110000': 3, '1111100100': 3, '1001010011': 1, '1000011111': 1, '1010010100': 2, '0111101000': 3, '0111111011': 3, '1010010000': 1, '1110010111': 2, '1101001110': 3, '0110101110': 1, '0111111010': 2, '0000101000': 2, '0011000100': 1, '0010100001': 5, '1100110111': 1, '0100010110': 1, '0000111110': 1, '0010001101': 1, '1011110100': 2, '0000100101': 1, '1010011111': 1, '0001001101': 1, '1011011010': 1, '1100101110': 1, '1100001101': 3, '1000011001': 1, '0111110010': 1, '0001011011': 4, '1111001010': 1, '0010110001': 1, '0011101101': 2, '1100010011': 2, '0111001110': 2, '1001001100': 1, '1000000100': 1, '0001100101': 1, '1000000011': 2, '1111100010': 2, '0011010111': 2, '0010000111': 1, '1010100000': 1, '1110110110': 2, '1111110100': 1, '1100011010': 2, '0100000011': 1, '0101011101': 1, '0111111101': 4, '1100011011': 1, '0001010110': 2, '1100101101': 1, '1111111010': 1, '1001000011': 6, '1100011001': 1, '1011010100': 2, '1010100011': 1, '0100100100': 2, '1011000110': 2, '0000100100': 2, '1111101010': 1, '1110110001': 2, '0111000110': 2, '1010111001': 2, '1000010011': 2, '0100000111': 1, '1100101011': 1, '1100111100': 2, '1101111011': 2, '0011001100': 1, '0001101100': 3, '1100100010': 1, '1000101011': 1, '1101101001': 2, '1100101001': 2, '0011011010': 1, '0111011110': 1, '1001101110': 1, '1101011101': 4, '1101001001': 2, '0100100010': 1, '1001011000': 1, '1100100100': 1, '1000011000': 4, '1111111011': 2, '0011101110': 2, '1000001100': 1, '0101001100': 1, '1001110001': 1, '0010001001': 2, '0011011001': 2, '1010010010': 1, '1101100111': 2, '1010001110': 1, '1011110111': 2, '0101111110': 1, '0100011101': 3, '1110011010': 2, '0110101111': 1, '1101100011': 2, '0110010011': 1, '1101101101': 2, '1011111110': 2, '1011001101': 1, '1011011000': 1, '0001011101': 3, '0110110110': 1, '0010110000': 1, '1001010110': 2, '1100011101': 2, '0110111111': 1, '1111001001': 1, '1001100010': 1, '1100010110': 2, '1010101110': 1, '1101100100': 3, '0000110010': 1, '1010110000': 1, '0011001110': 1, '1111010100': 2, '1100010111': 2, '0111110111': 1, '1101011110': 1, '0010011110': 3, '1001000101': 2, '1011101110': 2, '0011000101': 1, '0100111011': 1, '1011011100': 2, '1000110010': 1, '1001011011': 2, '1101000110': 1, '0010101000': 1, '0111110001': 1, '0000000100': 2, '0011111000': 1, '0101111100': 1, '1110010101': 1, '0101110111': 1, '1111000000': 2, '0000011000': 2, '1000111001': 2, '0010010000': 1, '1100111110': 4, '1001110100': 2, '1111110000': 2, '1101001000': 1, '0011001000': 1, '0111111100': 1, '0001101101': 1, '0110000000': 1, '0011010001': 3, '1110001111': 3, '1101101011': 2, '0000100110': 1, '0001011100': 1, '1110001100': 2, '1101110101': 1, '1010100010': 1, '0011010101': 1, '0110010101': 2, '1110000011': 1, '0010010111': 2, '0000100000': 2, '0010100000': 2, '1001100101': 2, '0001111100': 1, '1010010111': 2, '0100010011': 1, '1001111110': 3, '0101000011': 1, '0111110101': 2, '1000000000': 1, '0010100101': 2, '1001011110': 2, '1000000101': 2, '1000100111': 1, '0001110011': 2, '1000000110': 3, '0011110001': 1, '0100001001': 1, '1001111010': 2, '1101101100': 2, '1100001100': 1, '1010101100': 2, '0011011110': 3, '1011010000': 1, '0101010010': 1, '1101010101': 3, '1000101101': 1, '1100100111': 1, '1001111101': 2, '0010111110': 2, '1111110011': 1, '0100000100': 1, '0010000011': 1, '1000111110': 2, '0100111111': 2, '1011011101': 1, '0100000010': 5, '1100100110': 2, '1000010110': 3, '0110101011': 1, '1101011010': 1, '0000111001': 4, '0110110100': 1, '0101001101': 1, '1010110011': 1, '0010001010': 2, '0111111000': 1, '0000000101': 2, '0010110110': 2, '0010011100': 2, '0100011001': 2, '1000100001': 3, '1110000100': 1, '1011111100': 1, '1101100101': 2, '0111101110': 2, '0100101000': 1, '0001100000': 2, '1011100001': 1, '0001010011': 1, '0101010110': 2, '1000001110': 1, '0000001001': 1, '0011101001': 2, '0000001011': 1, '0000000011': 4, '1111100101': 2, '1111101110': 1, '1011111011': 2, '0111111111': 1, '0110100111': 3, '0001110100': 4, '0100010000': 2, '1010011000': 1, '1010000011': 1, '0011101100': 1, '1000001010': 1, '0011110010': 1, '1100001001': 3, '0001011111': 2, '1101010100': 4, '0110111011': 2, '0110001111': 2, '0101011010': 3, '1100001000': 1, '1111111000': 3, '0010111101': 2, '1101011011': 1, '1010111100': 1, '0000011001': 2, '1011100110': 3, '1001011100': 2, '0010011011': 1, '1001000110': 1, '0110100011': 1, '0101101000': 2, '0000001000': 1, '0110001110': 1, '0011001101': 1, '0010110101': 1, '0101110100': 1, '1100110101': 1, '0001000010': 5, '1001001110': 3, '1000101111': 5, '1100010001': 4, '1000111010': 2, '1100010000': 2, '0100101100': 3, '1111101111': 3, '1010110110': 1, '1101011100': 1, '1111010001': 1, '1111011111': 2, '1100110010': 1}","DensityMatrix([[ 0.00100022+0.00000000e+00j, -0.00054009-7.88853433e-04j,
                 0.00089818+3.46022566e-04j, ...,
                -0.00070597-1.85132603e-04j,  0.00069555-2.64019551e-04j,
                -0.00059308-4.11460049e-04j],
               [-0.00054009+7.88853433e-04j,  0.00099409+0.00000000e+00j,
                -0.00076684+5.28717217e-04j, ...,
                 0.00057014-4.85234825e-04j, -0.00017243+6.90674441e-04j,
                 0.00069088-2.63115358e-04j],
               [ 0.00089818-3.46022566e-04j, -0.00076684-5.28717217e-04j,
                 0.00098215+0.00000000e+00j, ...,
                -0.00071294+6.11014735e-05j,  0.00056483-4.83844032e-04j,
                -0.00069753-1.79596664e-04j],
               ...,
               [-0.00070597+1.85132603e-04j,  0.00057014+4.85234825e-04j,
                -0.00071294-6.11014735e-05j, ...,
                 0.00098992+0.00000000e+00j, -0.00077057+5.24903620e-04j,
                 0.00089551+3.45112402e-04j],
               [ 0.00069555+2.64019551e-04j, -0.00017243-6.90674441e-04j,
                 0.00056483+4.83844032e-04j, ...,
                -0.00077057-5.24903620e-04j,  0.00098602+0.00000000e+00j,
                -0.00053655-7.79975316e-04j],
               [-0.00059308+4.11460049e-04j,  0.00069088+2.63115358e-04j,
                -0.00069753+1.79596664e-04j, ...,
                 0.00089551-3.45112402e-04j, -0.00053655+7.79975316e-04j,
                 0.00098134+0.00000000e+00j]],
              dims=(2, 2, 2, 2, 2, 2, 2, 2, 2, 2))"
data/selected_mutant_qc/mutants_qft_10/qft_10_Mutant_Add_cp_P45_Q9_[2.356194490192345].qasm,PureState_6,"{'1111011000': 1, '1000000111': 1, '0001001010': 1, '0111001001': 1, '1101110111': 1, '0110111110': 1, '0110101110': 1, '1011010101': 1, '1100000010': 1, '0010010111': 1, '0000110000': 1, '0010110111': 1, '0110100111': 1, '0100111110': 1, '1101001111': 1, '0000110001': 1, '0001000010': 1, '1110110101': 2, '1010100101': 1, '0001001011': 1, '0010110100': 1, '1101011010': 1, '0111100110': 1, '1001000110': 1, '1101101011': 1, '0110110010': 1, '0001101110': 3, '1111111000': 1, '0011101100': 1, '1111011100': 2, '1011100111': 1, '1110010011': 1, '0010111001': 1, '0101011111': 1, '1010000100': 1, '0111101101': 1, '1101001010': 1, '1101000010': 1, '1100100111': 1, '1111000101': 1, '0110100110': 1, '0000100110': 2, '0010110110': 1, '0110010000': 1, '0011000110': 1, '1111000111': 2, '0010000100': 1, '0100000100': 1, '1001101110': 2, '0011011010': 1, '0010101011': 1, '0110001100': 2, '0011110000': 2, '1010011000': 1, '1100000011': 2, '1101100100': 1, '0000101101': 1, '0100001010': 1, '0010011111': 1, '1001110101': 4, '0001101111': 1, '1111110110': 1, '1001011100': 1, '1010110010': 1, '0111101011': 2, '0101101001': 1, '0110010110': 1, '0111010000': 2, '0000000001': 1, '0111001100': 1, '1100101100': 1, '1000101100': 1, '1010101101': 1, '1110010110': 1, '1100101001': 2, '0010000001': 1, '0000001010': 1, '0011111010': 1, '0010011011': 1, '1101011110': 1, '1011001111': 1, '1010001010': 1, '1011101111': 1, '1011101000': 2, '1001110100': 2, '0001111101': 1, '1011011001': 1, '1110101011': 1, '1101010111': 1, '0000111010': 2, '0101010011': 1, '0101001010': 2, '0100000010': 1, '1011111000': 1, '1001011001': 1, '0101100001': 1, '0001000101': 1, '1110000100': 4, '0110001011': 1, '1011011100': 1, '1001100011': 2, '1001100110': 2, '1000001001': 1, '1111011011': 2, '1011101001': 1, '1011010010': 1, '1111001100': 1, '0100010001': 1, '0001100011': 1, '0001011011': 1, '0111110010': 2, '0011100011': 2, '1010101110': 1, '1110111111': 1, '1011110011': 1, '1110111101': 1, '1011000111': 1, '1100110011': 2, '0010001110': 1, '0111011101': 2, '1101011011': 1, '0010111101': 1, '0011101000': 1, '1010011001': 2, '1010111100': 1, '0111011011': 1, '0001111010': 3, '1111101000': 3, '1100001000': 1, '0111110110': 3, '0111111000': 1, '0010011110': 2, '0001101001': 2, '1101001100': 3, '1011010000': 1, '0101010010': 3, '0101110111': 1, '1110010101': 1, '1010001011': 1, '1010100111': 1, '0000110100': 1, '1111110101': 1, '0101100011': 2, '0000010010': 2, '1101111000': 1, '0001010110': 1, '1001111110': 1, '0011011110': 1, '1001101011': 3, '0011111100': 1, '0111101000': 1, '0111111011': 3, '0011001001': 1, '1101000111': 1, '1101110101': 2, '1110001100': 1, '0100011100': 1, '1111010111': 1, '0100000111': 1, '1100101011': 1, '1110101111': 1, '1100000000': 1, '0011100010': 3, '1000001010': 2, '0011100101': 1, '1110011110': 1, '0110101100': 1, '0001001110': 1, '1010100001': 1, '0101111000': 2, '0111011001': 2, '0111101010': 3, '0001001100': 2, '1001100101': 1, '1000010111': 1, '0101101000': 2, '1111010110': 2, '1010011101': 1, '0001110111': 1, '0001110101': 3, '1110100001': 3, '0000000010': 2, '1000110100': 1, '1101001101': 1, '0011000111': 1, '1000111111': 2, '1110000111': 1, '0011000101': 1, '1101011100': 1, '1010110110': 1, '0111100101': 2, '1101100110': 2, '1000111001': 3, '0010010000': 1, '0000011101': 1, '0000101001': 1, '1011011011': 1, '0101100111': 2, '0000110010': 3, '1010110000': 1, '0011001110': 1, '1010101001': 2, '1110110001': 1, '0000011010': 3, '1110011101': 1, '0100011101': 1, '0110111000': 1, '0001000011': 1, '1000010100': 2, '0000101010': 1, '1110100000': 1, '0000011110': 2, '1100100010': 3, '0110011111': 1, '1011100101': 1, '0001010001': 1, '0111100001': 1, '1001110000': 1, '0111010011': 1, '0111100111': 1, '1001000000': 1, '0010100110': 1, '1101100001': 1, '1111100110': 2, '0110000111': 3, '0011110010': 1, '1111100011': 2, '1011000100': 2, '1011110101': 2, '1000101101': 3, '1101010101': 2, '0101000010': 1, '1111101111': 1, '1111100010': 1, '0011010111': 1, '0111000110': 2, '1010111001': 1, '1010100100': 1, '0101011000': 1, '0000010111': 1, '1001100100': 3, '0010011001': 1, '0100010110': 1, '0111100000': 3, '1000111000': 1, '0100100011': 2, '0110100101': 1, '0011000000': 1, '1111101101': 4, '1111010011': 3, '0010111011': 1, '0111000111': 1, '1101010010': 2, '0011111011': 1, '1110010000': 2, '0110100100': 3, '1110100111': 1, '1011000001': 1, '1111000110': 1, '1100001100': 1, '1101101100': 3, '1001100010': 1, '1000111100': 3, '0101000110': 2, '1110111010': 1, '0010100010': 3, '0001100010': 1, '1001000111': 1, '1011101110': 2, '0110111011': 1, '0000011111': 2, '1001111000': 2, '0110100001': 3, '0000010100': 3, '0010001100': 2, '0100000000': 1, '1001111101': 2, '1010011011': 2, '1010110100': 1, '0101011001': 1, '0111010101': 3, '1011100010': 3, '1001110111': 2, '1011100011': 1, '0101011010': 1, '1010111101': 2, '0100010000': 1, '1101001001': 1, '0010010101': 1, '1100000100': 1, '1010101011': 1, '1000100111': 1, '0001110011': 2, '1011010110': 1, '1110111100': 2, '1001000011': 2, '1111111010': 1, '1100101101': 1, '0010001111': 1, '1110110010': 1, '1100010101': 1, '1000011010': 1, '1100000110': 2, '0110110101': 1, '1110001010': 1, '1101111111': 1, '0000110011': 1, '0010110010': 2, '1101100101': 1, '1011111100': 3, '1011000011': 3, '1010110101': 1, '1011110100': 1, '0011101111': 1, '1100100101': 5, '1010000101': 2, '1001111001': 2, '0101110001': 2, '0101111101': 2, '0101100101': 1, '1100100100': 1, '1111110100': 1, '0100000011': 1, '1100011010': 1, '0011010101': 1, '0101111010': 2, '1111001110': 1, '0100011010': 5, '1001111111': 1, '1000011100': 1, '1010000010': 3, '1101101000': 2, '0111010010': 1, '0001111000': 2, '0110000000': 2, '0011010001': 2, '0000010001': 2, '0110011011': 2, '1000100110': 1, '1000110001': 1, '1100010010': 3, '1011001000': 2, '0110010100': 1, '1011011111': 4, '0110110001': 2, '1101111110': 3, '1111111101': 3, '1100001111': 1, '0010000000': 2, '1001000010': 1, '0011010011': 1, '0101000100': 1, '0011011000': 3, '1011111101': 1, '1101010011': 1, '1010101000': 2, '0001111111': 4, '0100010011': 1, '0111101111': 1, '1110100101': 1, '0001110010': 1, '1010110001': 2, '1100101111': 1, '1111011110': 1, '0010101010': 1, '0010110000': 1, '0110110110': 3, '1111101010': 1, '0000100100': 3, '0001011111': 1, '1110011001': 1, '1110110000': 3, '1011011101': 3, '1101110110': 1, '1111111100': 1, '0001111011': 2, '1110001111': 1, '0101000111': 3, '1111001101': 1, '0100101010': 1, '1110111001': 1, '0010110001': 2, '0011101101': 2, '1001010101': 1, '0011110011': 1, '0011101011': 2, '0001100110': 1, '1011101101': 1, '1011011000': 1, '1110110111': 1, '0011101010': 1, '1110100010': 1, '1010000110': 1, '1001010111': 2, '1010111111': 1, '1100110000': 4, '1001011011': 1, '0010101000': 2, '0010001010': 1, '1000001011': 2, '0110000001': 2, '0111111111': 1, '1011000101': 3, '1101101010': 2, '0100101110': 4, '1110011100': 1, '1000110110': 3, '0101110100': 2, '0100110000': 2, '0000100000': 1, '1110001110': 3, '0010100000': 3, '1100101010': 1, '0001110100': 2, '1111111110': 2, '0100000101': 1, '1101011000': 4, '0110101000': 3, '1000110010': 1, '1010111000': 3, '1011010100': 1, '1000000110': 1, '0011110001': 2, '1000001100': 2, '1000000011': 2, '0111011100': 2, '0010000010': 1, '1110101100': 2, '1000000100': 1, '0101101110': 2, '0110110100': 1, '0101001101': 1, '1010000001': 3, '1000001101': 2, '1011110000': 4, '1101000001': 1, '1101110000': 1, '1111001000': 2, '1101100011': 1, '1101000011': 1, '0101000001': 1, '0001010111': 1, '0011111000': 1, '0101111100': 1, '1011111111': 1, '1111100001': 2, '0010010010': 1, '1001010100': 2, '0001111001': 3, '1000001111': 4, '1100111011': 2, '1100011100': 2, '0001000000': 1, '0100010010': 1, '0100111100': 1, '0101010000': 2, '1011101010': 1, '1111000011': 3, '1001110010': 1, '1001001011': 1, '0010100011': 1, '0010100111': 2, '0110101101': 1, '0000010000': 2, '1001110001': 2, '0011111101': 1, '0101011101': 2, '1111011001': 2, '1100000001': 1, '0001101011': 2, '0101001000': 2, '1111101001': 2, '1011111010': 1, '1010001111': 1, '0100011011': 2, '1111111111': 1, '0100010111': 2, '0011001011': 1, '1001010010': 2, '1010010011': 1, '1111110001': 2, '1011110110': 1, '1001100001': 3, '0110111010': 2, '0000001100': 2, '0001000100': 4, '0100001111': 3, '0101110110': 4, '0111110101': 2, '1000000000': 1, '0110000100': 1, '0101000011': 2, '0011101001': 1, '0000001011': 2, '0001010101': 1, '0101001110': 2, '0001001101': 1, '0011100001': 2, '0010011100': 3, '0100110011': 2, '1010000111': 1, '1010010100': 3, '1111100100': 1, '0010100101': 2, '1101110011': 1, '0101101010': 3, '0001100100': 1, '1001001101': 4, '1111010101': 2, '1000101110': 2, '0100001101': 2, '0101010111': 2, '0110000110': 2, '0000011100': 2, '0011000100': 2, '1101011001': 2, '0010100001': 5, '0000101011': 1, '0111001101': 1, '0001100001': 2, '0010011010': 1, '0000111100': 1, '0100001000': 4, '0000000000': 1, '1010001000': 2, '1011010011': 1, '0111000010': 2, '0101011100': 1, '1101011101': 2, '0000110110': 1, '0000111111': 3, '0110110000': 2, '1100111000': 3, '1000111101': 1, '0111001111': 1, '1110010010': 1, '1000110011': 2, '1000111010': 4, '1011001110': 1, '1010011111': 1, '1100110110': 1, '0000100101': 1, '0101111110': 1, '1011110111': 5, '0111101001': 1, '0110010001': 1, '0001010100': 2, '0001001001': 1, '0100110100': 3, '0110011110': 1, '0110001110': 1, '0011001101': 1, '0000101110': 1, '1001111011': 2, '1010100000': 3, '1010011100': 2, '0111101100': 1, '1100011001': 3, '1100001011': 1, '0101101011': 1, '1011010111': 1, '0001101000': 1, '0000000111': 2, '0000010101': 1, '1010101100': 1, '0000111000': 2, '0000001001': 1, '1000001110': 1, '1010101111': 3, '0010110011': 2, '1100010111': 1, '0111110111': 2, '0110110011': 1, '1101110010': 2, '1111101100': 2, '1100101000': 1, '0110010011': 2, '0101100010': 1, '1110010111': 1, '1010010000': 1, '0011100111': 1, '1110111000': 2, '1110100011': 1, '1110001000': 1, '1010110011': 2, '1110101001': 2, '1111010001': 2, '0111110001': 4, '0001101101': 1, '0111111100': 1, '1001011111': 1, '0000011000': 1, '1110101101': 2, '0011100000': 2, '1100010001': 3, '0101101101': 2, '0001000001': 1, '0010101110': 2, '0101011110': 2, '0010010110': 1, '1110000110': 2, '0111110011': 2, '1101111011': 1, '1100111100': 2, '1110101110': 2, '1001001111': 1, '1111000010': 2, '1100101110': 1, '0111001000': 2, '0011011101': 3, '0011111111': 2, '1100111010': 2, '1010001001': 3, '0110001111': 2, '1011000010': 1, '1010100110': 3, '0011001100': 1, '0001101100': 1, '1111010000': 3, '1000111011': 2, '0010000011': 1, '1000111110': 3, '0011000010': 4, '0010011000': 2, '0001101010': 1, '1101110001': 3, '0111110000': 1, '1101101001': 2, '1010010010': 3, '1000101000': 3, '0101001001': 1, '0010000101': 1, '0111011010': 1, '1000101001': 3, '1000100001': 3, '0101101100': 2, '1110101010': 1, '1100110010': 2}","DensityMatrix([[ 0.00097656+0.j        , -0.00032335-0.00092148j,
                 0.00061021+0.00076244j, ..., -0.00082824+0.00051739j,
                 0.00061021-0.00076244j, -0.00092148-0.00032335j],
               [-0.00032335+0.00092148j,  0.00097656+0.j        ,
                -0.00092148+0.00032335j, ..., -0.00021397-0.00095283j,
                 0.00051739+0.00082824j,  0.00061021-0.00076244j],
               [ 0.00061021-0.00076244j, -0.00092148-0.00032335j,
                 0.00097656+0.j        , ..., -0.00011359+0.00096993j,
                -0.00021397-0.00095283j, -0.00082824+0.00051739j],
               ...,
               [-0.00082824-0.00051739j, -0.00021397+0.00095283j,
                -0.00011359-0.00096993j, ...,  0.00097656+0.j        ,
                -0.00092148+0.00032335j,  0.00061021+0.00076244j],
               [ 0.00061021+0.00076244j,  0.00051739-0.00082824j,
                -0.00021397+0.00095283j, ..., -0.00092148-0.00032335j,
                 0.00097656+0.j        , -0.00032335-0.00092148j],
               [-0.00092148+0.00032335j,  0.00061021+0.00076244j,
                -0.00082824-0.00051739j, ...,  0.00061021-0.00076244j,
                -0.00032335+0.00092148j,  0.00097656+0.j        ]],
              dims=(2, 2, 2, 2, 2, 2, 2, 2, 2, 2))","{'0001011110': 1, '0100000010': 1, '0000101010': 1, '0001000110': 1, '0100010001': 1, '1001010110': 1, '0011100011': 1, '0000011001': 1, '1100100001': 1, '0111110011': 1, '0110001000': 1, '1110100100': 1, '1011010011': 1, '0100010101': 1, '1011000100': 1, '0010011011': 1, '0110101000': 1, '0000101111': 1, '0011101101': 1, '1100000000': 1, '1000101100': 1, '0010010001': 1, '0111000000': 1, '1111100111': 1, '1110110101': 2, '0101111111': 1, '1000000110': 1, '0010000111': 2, '1000001010': 1, '0000011000': 1, '1010010010': 1, '0101000100': 1, '0100001101': 1, '1000000010': 1, '0010011110': 1, '0011011011': 1, '0101011110': 1, '0001001000': 1, '1010101010': 1, '1011010101': 2, '0111111001': 1, '0110111100': 1, '1001111000': 1, '1100001000': 1, '0011100100': 2, '1111111000': 1, '0101001110': 2, '0101100100': 1, '1110111100': 1, '1101111001': 1, '1000111000': 1, '1001101010': 1, '0100110010': 2, '0010111110': 1, '1111101100': 1, '0100100101': 1, '0000100000': 1, '1100111011': 1, '1011111110': 1, '0010000010': 1, '0111001111': 1, '1111010001': 1, '1111011001': 1, '1011101000': 2, '1111011010': 1, '1001000000': 1, '1011011110': 1, '0000110110': 1, '0111011111': 1, '1110010100': 1, '0010000001': 1, '0111111101': 1, '0011111101': 1, '0000011110': 1, '0011100000': 1, '1110010011': 2, '1011111000': 1, '1101011011': 1, '1100100010': 1, '0001111111': 1, '0101110011': 1, '1001011000': 1, '0100010011': 2, '1101101111': 2, '0101110010': 1, '1101001111': 1, '1001101110': 1, '0000010010': 1, '1010001110': 1, '0100110110': 2, '0010101010': 1, '1100000010': 1, '1000001011': 1, '1000011001': 1, '0101111001': 2, '1000100001': 1, '0111011100': 3, '1110001001': 1, '0110011110': 1, '1101010100': 1, '0110111011': 3, '0000011111': 1, '1101011010': 1, '0000111001': 2, '1111000111': 2, '0101111011': 1, '1100101001': 1, '0100111000': 1, '0111111011': 2, '1001001110': 2, '1001100011': 1, '1000111011': 1, '0111101010': 1, '1111110010': 2, '1010110010': 1, '1101010000': 1, '1001000001': 1, '1000011000': 2, '0010101011': 1, '0010101000': 2, '1001011011': 1, '0100100010': 1, '1001100100': 2, '0101101010': 1, '1100111000': 1, '0101101111': 1, '1100011101': 1, '0101110110': 1, '1000010001': 1, '0100100000': 3, '1101100111': 1, '0110100011': 1, '0101101000': 1, '1010100100': 1, '1101111101': 1, '0111010110': 1, '0100000001': 1, '0110101101': 1, '0011010011': 3, '0011101000': 1, '1111110001': 2, '1110000001': 1, '1000000011': 1, '0101110101': 1, '1011000011': 1, '0011011111': 2, '0111000101': 1, '0111111111': 3, '0001011011': 1, '0100101001': 1, '1001000101': 1, '0100000101': 1, '0101001010': 1, '1010111001': 2, '0010010100': 1, '1111011100': 2, '1100000111': 2, '1111111011': 1, '0010110010': 1, '1011111100': 2, '1011110011': 1, '1101110100': 2, '1110111111': 1, '1001110111': 1, '1011100011': 3, '1011100010': 2, '1110110100': 2, '0101011011': 2, '1001101100': 1, '0110110100': 2, '0101001101': 2, '1010101011': 1, '1100000100': 1, '0000001101': 2, '0010110001': 2, '1111001010': 1, '1000010101': 2, '1010000100': 1, '1000111100': 2, '1100010110': 2, '1011001001': 2, '1001010101': 1, '0011110011': 1, '0011101011': 3, '0100111101': 2, '0000001010': 1, '0000011011': 2, '0111011000': 1, '0100101011': 3, '0111100100': 2, '1100101010': 1, '1101100010': 1, '1111111001': 1, '1110011101': 1, '0000011010': 1, '0011100111': 1, '1011111001': 2, '0010000011': 1, '1000111110': 1, '0110110001': 1, '1011100000': 1, '1111100000': 3, '1110101100': 1, '0100000100': 3, '0100111010': 4, '0000000011': 2, '0100011111': 2, '1100100011': 1, '0101100011': 3, '0010000100': 3, '1110000011': 1, '1001111111': 3, '1101000000': 2, '1000011100': 2, '1110111110': 1, '1010101001': 1, '1110111011': 1, '0101111101': 1, '0101110001': 4, '1111011111': 1, '1110101010': 1, '0011001110': 2, '1010110000': 1, '0110111110': 3, '0011001111': 2, '1111010101': 2, '1000101110': 2, '1111010010': 1, '1111110101': 1, '1100110001': 1, '0000110100': 2, '1010100111': 2, '0111011011': 2, '1010111100': 2, '1011010000': 1, '1101001100': 1, '1110100110': 1, '1110101110': 1, '0000100010': 3, '1101101010': 1, '1110011100': 1, '1000110110': 2, '0000111111': 1, '1011001101': 1, '1011011000': 1, '1000000101': 2, '1101110011': 2, '1010011100': 1, '1110101000': 2, '0100000000': 1, '1010101111': 1, '1010010101': 1, '0010101110': 4, '0001000001': 1, '0100101010': 1, '1111001101': 1, '1111010011': 1, '0110100101': 1, '1111101101': 2, '1101011000': 2, '1100101011': 1, '0100000111': 1, '1110101111': 2, '1000010011': 1, '0110101001': 2, '0001011010': 2, '1110010000': 3, '0011011110': 4, '1001101011': 2, '1100010011': 1, '0111001110': 1, '1100111100': 2, '0011011100': 1, '1010010011': 1, '0101000000': 1, '0011001101': 1, '0010110101': 1, '0010001011': 2, '0010100011': 1, '1011110100': 1, '0010001101': 3, '0111011010': 1, '1000101001': 2, '0000100111': 2, '1100010001': 1, '0100110001': 2, '1001011111': 1, '0001101101': 1, '0111111100': 3, '0000010011': 1, '1010011001': 2, '0011111110': 2, '1100011100': 2, '0011000011': 1, '0000000100': 3, '0111110001': 2, '1001000010': 3, '0010000000': 3, '1100001111': 1, '1010111011': 2, '1010110100': 1, '1100110110': 2, '1010011111': 1, '1011001110': 1, '0000100101': 2, '1001100101': 3, '0001001100': 2, '1110100010': 2, '1010000110': 3, '0001100010': 1, '0010100010': 1, '1111111110': 1, '0101100101': 1, '1100100100': 2, '0001010110': 2, '1100011011': 2, '1010010001': 2, '1001111100': 1, '0110111000': 2, '0010110011': 1, '0000000101': 2, '0001001011': 2, '1011100111': 1, '0001111001': 5, '0001110010': 1, '1010110001': 2, '0110101100': 1, '0010111100': 1, '1001000111': 1, '0001011101': 3, '1101000011': 1, '0101000001': 1, '0110010100': 1, '0100001100': 2, '1011001000': 3, '0010101001': 1, '1101101001': 3, '0111110000': 4, '1011011011': 1, '0001111110': 3, '1101000010': 1, '1111001110': 2, '0111100101': 4, '1111001000': 2, '1101000001': 2, '1101110000': 2, '1010111101': 1, '0100010000': 2, '0011001010': 3, '0000101110': 2, '0001011001': 2, '0101100000': 1, '1110010001': 4, '0111010000': 2, '0100010111': 1, '0110010010': 1, '1101000111': 1, '0011001001': 3, '0011010000': 1, '1011101011': 1, '0001111010': 2, '0110110000': 4, '0100110011': 2, '0010001110': 1, '1100011000': 1, '1011000010': 1, '1010100110': 1, '1011001010': 3, '0001100011': 1, '1101001011': 1, '0010110000': 1, '0010010011': 4, '0000011100': 2, '1011100101': 1, '0001010001': 1, '0111100001': 1, '0011010101': 1, '0110011001': 1, '0101111010': 1, '1110100101': 1, '1100111101': 1, '1000101010': 1, '0101010101': 3, '0100110111': 1, '0011011101': 3, '1000000111': 1, '1001110101': 1, '0011000001': 2, '0000000001': 2, '1000110101': 1, '1101101110': 1, '1111010110': 2, '1010100011': 1, '1011010100': 2, '1000101101': 2, '0101000011': 5, '0110000100': 1, '0111110101': 1, '0001010000': 1, '1111101001': 1, '0011001100': 2, '0001101100': 2, '1011010110': 3, '1110000110': 1, '0010010110': 2, '0100101101': 1, '1111110111': 1, '0110101010': 2, '1100001110': 2, '0010000101': 1, '0101001001': 4, '1000010111': 2, '1000010000': 1, '0010010000': 2, '1010011000': 2, '0011111001': 3, '0111111110': 2, '0101000010': 1, '1011101010': 2, '1111000011': 1, '1111000101': 3, '1001000100': 3, '0000000000': 1, '0100101111': 1, '0000010100': 5, '0110000011': 3, '0011000101': 1, '0110011100': 1, '1011001111': 1, '0100011000': 2, '1110000100': 2, '1011101100': 2, '1010000001': 4, '1011010010': 1, '1111000100': 1, '0100110100': 2, '0100100110': 1, '1100101000': 2, '0011001011': 3, '1001010010': 2, '0111010010': 2, '1010110111': 3, '0001111000': 1, '1111101011': 1, '1010101101': 1, '0111000100': 1, '0110000111': 1, '1111100110': 1, '0001101111': 1, '0000101000': 3, '0011000100': 1, '0010100001': 2, '1101011001': 2, '0111111010': 2, '0111010011': 1, '1110010110': 3, '1110100111': 3, '1011000001': 2, '0110100100': 3, '0010111111': 2, '1101100100': 1, '1010101110': 2, '1010001100': 1, '1110111101': 2, '0101001011': 1, '1011110110': 1, '1001001101': 2, '0111101100': 1, '1100011001': 1, '1100001011': 1, '1011010111': 1, '0101101011': 1, '0001101000': 1, '1011011001': 4, '0011100110': 2, '0111000111': 1, '1101010010': 3, '0011111011': 5, '0000101011': 2, '1111011011': 3, '1011101001': 2, '0100001001': 4, '1100001100': 2, '1111000110': 3, '1101101100': 2, '1001110011': 1, '1000000001': 2, '0000101101': 1, '0111111000': 1, '0010111001': 1, '1011011010': 1, '1100101110': 1, '1011110010': 2, '0000010001': 3, '0001100101': 1, '1000100011': 2, '1111011000': 1, '1000001000': 2, '0000110001': 4, '0000111000': 3, '0100000110': 1, '1000100000': 3, '1100010101': 1, '0010001111': 3, '1110001000': 1, '1010110011': 1, '0001110110': 1, '0000110011': 3, '1110001010': 4, '1101111111': 2, '0000001111': 2, '1011000110': 1, '0110110010': 1, '1010001010': 1, '0101001111': 1, '1011101111': 2, '0001010010': 2, '0110100001': 2, '0110001001': 2, '0100010100': 1, '1011010001': 1, '1000110000': 2, '1011110000': 1, '1000001101': 3, '0011000111': 3, '1101010110': 2, '1011000111': 1, '1111110011': 1, '0011000110': 2, '1101100001': 3, '0100100111': 1, '0101011111': 1, '1111100001': 1, '0001111101': 2, '0101111100': 1, '0000101001': 1, '1010001101': 4, '0111100010': 2, '0010101111': 1, '1000011011': 1, '0110000000': 1, '1001101001': 1, '0001110111': 1, '1000111010': 2, '0100101100': 3, '0110011111': 1, '0101101110': 2, '1110110111': 1, '1111101110': 1, '1000010110': 1, '1100100110': 5, '0111010101': 2, '0100001010': 1, '0001001111': 1, '1001111010': 1, '1011110101': 2, '0010111010': 1, '1011111011': 1, '1011000101': 2, '0110100111': 1, '0001001110': 1, '1010100001': 3, '1101101000': 4, '0000110000': 1, '1001110110': 1, '0011101111': 1, '1110011000': 2, '1000010010': 1, '1011111010': 1, '1010001111': 1, '0111110111': 3, '1100010111': 1, '1010100010': 1, '0001010100': 1, '0010001000': 2, '1110110011': 3, '0001001001': 3, '0001110000': 2, '1001101111': 1, '0110100000': 2, '1101111000': 5, '1010111111': 1, '0111001011': 1, '1001010111': 3, '1100110000': 1, '0010011100': 1, '0100011001': 3, '0110000001': 3, '1101001010': 2, '1000110011': 2, '1110010010': 1, '1100101101': 2, '1010010100': 1, '0000010101': 2, '0010101100': 1, '1001010000': 1, '0101101100': 1, '1101010011': 2, '1100111010': 1, '1010001001': 2, '0101101001': 2, '0010110111': 3, '1111111101': 1, '0100011110': 1, '0001000100': 1, '0100001111': 2, '0000100001': 1, '0011010010': 2, '1001110001': 2, '0000111101': 2, '1001010100': 2, '0000000010': 1, '1000110100': 2, '0001100110': 2, '0101100110': 2, '0110110011': 1, '1101110010': 2, '1110110000': 1, '0100001011': 1, '1100000011': 2, '0101000101': 2, '0100111100': 2, '1110000010': 1, '0010100111': 2, '1101001000': 2, '0001101001': 1, '1001011101': 1, '0101000111': 2, '1110111000': 2, '0100100011': 3, '0000100110': 2, '1100100000': 1, '0101100010': 1, '1111001100': 2, '0011101001': 2, '0001010101': 1, '0100110101': 2}","DensityMatrix([[ 9.76412593e-04+0.j        , -3.05354249e-04-0.00089417j,
                 5.78412411e-04+0.00074964j, ...,
                -6.51923520e-04+0.0004032j ,  4.77227363e-04-0.0006056j ,
                -7.17375759e-04-0.00025481j],
               [-3.05354249e-04+0.00089417j,  9.73518216e-04+0.j        ,
                -8.77029841e-04+0.00030173j, ...,
                -1.62341998e-04-0.00075259j,  3.98914299e-04+0.00063701j,
                 4.74518305e-04-0.00060241j],
               [ 5.78412411e-04-0.00074964j, -8.77029841e-04-0.00030173j,
                 9.72974094e-04+0.j        , ...,
                -9.04554352e-05+0.00075226j, -1.67991307e-04-0.00075707j,
                -6.52439257e-04+0.00040898j],
               ...,
               [-6.51923520e-04-0.0004032j , -1.62341998e-04+0.00075259j,
                -9.04554352e-05-0.00075226j, ...,
                 9.98352589e-04+0.j        , -8.96341809e-04+0.0003098j ,
                 5.93295213e-04+0.00076092j],
               [ 4.77227363e-04+0.0006056j ,  3.98914299e-04-0.00063701j,
                -1.67991307e-04+0.00075707j, ...,
                -8.96341809e-04-0.0003098j ,  9.93238078e-04+0.j        ,
                -3.14167626e-04-0.00090918j],
               [-7.17375759e-04+0.00025481j,  4.74518305e-04+0.00060241j,
                -6.52439257e-04-0.00040898j, ...,
                 5.93295213e-04-0.00076092j, -3.14167626e-04+0.00090918j,
                 9.90716471e-04+0.j        ]],
              dims=(2, 2, 2, 2, 2, 2, 2, 2, 2, 2))"
data/selected_mutant_qc/mutants_qft_10/qft_10_Mutant_Add_cp_P45_Q9_[2.356194490192345].qasm,PureState_7,"{'1101111101': 1, '1001111100': 1, '1110100110': 1, '0100011110': 1, '0000100110': 1, '1010001111': 1, '0000101111': 1, '1100100111': 1, '0101111010': 1, '0000001010': 1, '1000001101': 1, '1100001101': 1, '1110001000': 1, '1110100010': 1, '0001100001': 1, '0100000101': 1, '1100001001': 1, '0011111001': 1, '1001101110': 1, '0001111011': 1, '0111111001': 1, '0110011000': 1, '1100100001': 1, '1001101001': 1, '0101001110': 2, '1100111100': 1, '1000111010': 1, '0011001110': 1, '1011111101': 1, '1110110110': 2, '0000110110': 1, '1110000001': 2, '0001111111': 1, '0011100000': 1, '0011000010': 1, '1001000110': 1, '1010010010': 1, '0000010000': 1, '1000000011': 1, '1100100100': 2, '1011000100': 1, '1011000000': 1, '1111111001': 1, '0100111111': 1, '0011011111': 1, '1101001001': 1, '0001110001': 2, '0001101010': 1, '0100010011': 1, '0101011111': 2, '0110011010': 1, '1010100101': 2, '0110001101': 1, '0111010101': 1, '0110111000': 1, '0100011101': 1, '1001110101': 2, '0000111111': 1, '1000010100': 1, '0011101101': 2, '0010110100': 1, '0111100110': 1, '0011011110': 1, '0100001000': 1, '0111101101': 1, '0101100000': 2, '1111010100': 1, '1111100101': 1, '1110111000': 1, '1110101011': 1, '0000100001': 1, '0011010010': 1, '0110000010': 1, '1111111110': 1, '1101111110': 2, '1100110010': 1, '0001100110': 1, '1011101101': 1, '1110010011': 1, '1100000011': 1, '1010011100': 2, '1100101101': 1, '0000101001': 2, '0011000110': 1, '1001001001': 1, '1111011100': 1, '0100101011': 2, '0111011000': 1, '0011010100': 1, '0010101001': 2, '0100001100': 1, '0100100011': 2, '0010111000': 1, '1110101010': 1, '0001001101': 1, '1001011100': 2, '1111110000': 1, '0111001001': 2, '0110111100': 2, '0110100110': 1, '1100100011': 1, '1010101110': 1, '0000111000': 2, '0100000001': 1, '0110101101': 1, '0001001100': 2, '1001100101': 1, '0010010111': 1, '1111110001': 2, '1100110100': 1, '1100010111': 1, '0110000000': 1, '1110000000': 1, '0110100011': 1, '0100000000': 1, '1110001010': 1, '0100101101': 1, '1111011010': 2, '1000111110': 1, '0010000011': 2, '0101111110': 1, '1101111010': 1, '0010001010': 1, '0111100111': 1, '1010000100': 2, '0110001011': 1, '0010000001': 1, '1011010010': 1, '0010110001': 2, '1111001010': 1, '1100000101': 2, '1101101000': 1, '0110110110': 3, '0010110000': 1, '0101010111': 1, '1000100111': 1, '0100011001': 2, '0011100001': 1, '1001111101': 1, '1011011100': 2, '0101001000': 1, '1001100001': 1, '1111101010': 1, '0011000101': 1, '0100111011': 2, '0011100100': 2, '0101110110': 2, '0100010001': 1, '1001011110': 2, '1000000101': 3, '1100100000': 1, '0111101110': 2, '0000010100': 1, '0101010101': 1, '1110000101': 1, '1000100011': 2, '1111100000': 4, '1110101100': 2, '0101000000': 1, '1010010011': 1, '1111101101': 1, '1111010011': 1, '0110100101': 1, '0011000000': 3, '0111100000': 2, '1000111000': 2, '0100001110': 2, '1010000000': 1, '1001001011': 2, '0110011111': 1, '0100010111': 1, '1111111111': 3, '0101100111': 1, '0100010010': 1, '1001011010': 2, '1000100110': 2, '0001001001': 1, '1111100110': 1, '0110000111': 3, '0010001111': 2, '0110110101': 1, '1000011010': 1, '1100000110': 2, '1100000001': 1, '0001101011': 2, '1110101111': 1, '0100000111': 1, '1000010011': 1, '1101011000': 1, '0010011000': 2, '0011101111': 1, '1010000101': 2, '0000001100': 2, '1100011101': 2, '0110111111': 3, '0001001111': 1, '0100001010': 1, '0110100010': 1, '1111101011': 1, '1010110111': 4, '0001111000': 1, '0111010010': 1, '0001010001': 1, '1011100101': 3, '0111100001': 2, '0111111110': 3, '0001011010': 2, '1110010000': 1, '1011100011': 1, '1001101100': 1, '1001110111': 1, '0101011011': 1, '1011100010': 2, '1110110100': 1, '0000011100': 1, '0000001110': 2, '1011101010': 3, '1111000011': 1, '1001110010': 1, '0010010101': 1, '0101100001': 1, '0010111111': 1, '1110100000': 3, '0000011110': 2, '1000011001': 1, '1010001010': 1, '0001010010': 2, '1011101111': 2, '0110110100': 1, '1011001011': 1, '1101110110': 1, '1011011101': 2, '1111001011': 1, '0100110000': 1, '0101110100': 3, '0001111001': 1, '0101011110': 2, '0001010000': 1, '0110010010': 1, '1101000111': 2, '0111000010': 2, '1011010011': 2, '1100101001': 1, '1101100111': 2, '1110110111': 4, '0011101010': 1, '0100100001': 2, '1010011001': 1, '0000010011': 3, '1100001010': 1, '0010111010': 1, '1011110101': 2, '0100011010': 3, '1111001110': 1, '1101100011': 1, '0110101111': 1, '0111000000': 1, '0001100011': 1, '1011001010': 2, '1000100100': 3, '1101100000': 3, '1001101000': 2, '1100000000': 3, '0011100010': 2, '0100010100': 2, '1001100100': 1, '0110000011': 3, '1110001111': 2, '0010101110': 1, '0001000001': 2, '1010110100': 1, '1001010001': 2, '0101011001': 1, '0101011010': 3, '1101000100': 2, '1100000010': 2, '1101101010': 2, '1110111101': 2, '1010001100': 1, '0101001011': 2, '1010101111': 2, '1010010101': 2, '0000110010': 2, '1010110000': 1, '1101011010': 1, '1011001100': 1, '1011000001': 1, '1110100111': 3, '0100110100': 2, '1111000100': 1, '0000011111': 1, '0110111011': 3, '0110001111': 1, '1110010111': 1, '1010010000': 2, '0110010011': 1, '0101100010': 1, '1111010000': 1, '1001100111': 1, '0011001111': 1, '1000101110': 1, '1111010010': 3, '1111001111': 1, '1011001110': 1, '1100110110': 1, '1010011111': 2, '1110100001': 3, '0000000010': 1, '1101010110': 1, '1100110011': 3, '1011000111': 2, '1100010000': 1, '0100101100': 1, '0010011011': 2, '1001100000': 1, '0000000110': 1, '1000111100': 2, '1111001001': 1, '1010010110': 2, '1100010010': 1, '0010010010': 3, '1001101010': 3, '0011110000': 1, '0111000001': 1, '0000011011': 3, '1101111100': 2, '1000101111': 1, '1111110010': 2, '1010111111': 1, '1001010111': 2, '0111001011': 2, '1100110000': 2, '0010101000': 3, '1001111000': 1, '1010101101': 2, '0111000100': 3, '0110011011': 2, '0110111010': 3, '1100011000': 2, '1010100110': 3, '1001010010': 1, '0011001011': 2, '1101010001': 1, '1010000011': 2, '0000110111': 3, '0010010000': 1, '1000111001': 2, '1110011101': 1, '0000011010': 1, '1101000001': 1, '1101110000': 3, '1001000100': 3, '1111000101': 2, '0111101100': 2, '1100011001': 2, '0101111111': 1, '0011110001': 2, '1000000110': 1, '0001010011': 1, '0010100100': 1, '0001100000': 2, '0100101000': 2, '1000010010': 1, '1110011000': 3, '1101101100': 1, '1100001100': 1, '0001000111': 1, '0011110010': 1, '0111101001': 2, '0110010001': 1, '0100000010': 3, '0001111010': 4, '0000011101': 2, '0010100110': 1, '0100101111': 2, '1010001000': 2, '0000000000': 1, '0000001111': 2, '1001111001': 2, '1001001010': 1, '0100110101': 2, '0110110011': 2, '1101110010': 2, '1111101100': 1, '1101011110': 2, '0010011110': 4, '1011000011': 2, '0101110101': 1, '1010110101': 1, '0011010110': 1, '0011011101': 3, '0101000010': 2, '1111101111': 1, '0001010110': 2, '1100011011': 1, '0010001110': 1, '1011101000': 2, '0101101111': 1, '0111011110': 3, '1010000001': 2, '0111001100': 1, '1100101100': 3, '0110011100': 1, '1011001111': 2, '0100011000': 1, '0000010111': 1, '0000001101': 1, '0000000100': 2, '0111110001': 1, '1111010001': 2, '0001101101': 1, '0111111100': 1, '0100110001': 1, '0100100110': 1, '1100101000': 2, '1111111011': 3, '0011111000': 2, '0101111100': 2, '0101111001': 2, '1011111111': 2, '1110110101': 2, '1101111000': 2, '0110100000': 2, '0001101001': 1, '1001011101': 1, '1001100011': 1, '0001011111': 2, '1000100000': 1, '0100111001': 1, '0000010110': 2, '1101001111': 4, '1101101110': 1, '0100001011': 1, '1100011111': 2, '0110011110': 2, '0010110101': 2, '0011001101': 1, '1010111101': 1, '0011001010': 4, '0100100111': 1, '0110010110': 1, '0011111011': 3, '1101010010': 1, '1111100100': 2, '0110001000': 3, '1101010000': 2, '1010110010': 1, '1010001001': 1, '1111000010': 2, '0100111110': 1, '0110101010': 1, '0010000101': 1, '1100001110': 1, '0001011001': 1, '0011011000': 2, '1111110111': 2, '1110001001': 1, '0011101000': 1, '1100111111': 2, '0101101110': 1, '0011000011': 2, '0000110101': 3, '0111010110': 2, '0001000110': 1, '0010111101': 1, '1010010111': 1, '0001111100': 2, '0000011000': 1, '0110000101': 3, '0011111010': 1, '0000110100': 1, '1010100111': 2, '1010111100': 1, '0111011011': 2, '1100010100': 1, '1000010110': 1, '1100100110': 2, '1010010100': 3, '1000011111': 2, '0011000100': 1, '0111111010': 3, '0000101000': 1, '1100011010': 1, '0100000011': 1, '1111001101': 1, '1011100001': 1, '1011110100': 2, '0000111110': 3, '0010001011': 1, '0101010001': 1, '1111101000': 2, '0101101100': 3, '1100001111': 2, '1010111001': 3, '0010011101': 1, '1000011011': 2, '1101110101': 1, '1110001100': 1, '0111100010': 2, '1011000101': 1, '0001011101': 1, '0101000001': 2, '1011101110': 1, '1001000111': 3, '1000110000': 1, '1111011110': 1, '0110101100': 2, '0010111100': 2, '1000000000': 3, '0110000100': 2, '1101111001': 3, '1100111001': 1, '0111111011': 3, '0111101000': 2, '0110001100': 1, '0001101111': 2, '0111110011': 3, '0010010110': 3, '1110000110': 1, '0011101001': 1, '0001010101': 2, '1000100101': 1, '0101011000': 1, '1010100100': 1, '0101101001': 2, '1110010101': 2, '1111000000': 3, '0011111101': 3, '0100111101': 2, '0011110011': 1, '0011101011': 2, '1001010101': 2, '1011011001': 1, '1001111011': 3, '0011100110': 2, '0110000110': 2, '1001111111': 1, '0110011101': 1, '1101000000': 2, '1000011100': 3, '0000111010': 1, '1101010111': 1, '0101000110': 1, '1001011000': 2, '0111011010': 1, '1000101001': 3, '1101100101': 2, '0001100101': 2, '1001001100': 1, '1000000100': 1, '0001001010': 2, '0001001110': 3, '0011100111': 1, '0011010111': 2, '0001111110': 1, '1101000010': 2, '1011011011': 4, '0010001001': 2, '1001111010': 2, '0000000011': 1, '0111101011': 1, '0011110111': 2, '1101110100': 2, '1110111111': 3, '0100110011': 1, '1101001100': 2, '0000100011': 1, '0010110111': 3, '1110000111': 2, '1000111111': 2, '0111101111': 1, '1110100101': 1, '1100111101': 1, '1000101010': 1, '1110000011': 2, '1000011101': 1, '0110010101': 1, '0100001001': 2, '0110101011': 1, '0100011100': 1, '1111010111': 3, '1010100011': 3, '1011010100': 3, '0101001100': 2, '1000001100': 2, '1000001001': 2, '1011101001': 1, '0011001100': 3, '1100000100': 1, '1000101101': 3, '0101010000': 1, '1000110111': 1, '1001110110': 1, '0000110000': 2, '1011111000': 1, '1101100100': 2, '0110010000': 2, '0110000001': 1, '0101010100': 2, '0011000001': 3, '1011011110': 1, '1011100100': 1, '0100101001': 1, '0111110010': 1, '0000111101': 1, '1000110011': 1, '0101011100': 4, '1000000111': 1, '0011110110': 2, '0001110101': 2, '0111011100': 1, '0010000010': 1, '1001110100': 3, '1110110000': 1, '1001001000': 2, '0000000101': 2, '0010110110': 1, '1110100011': 3, '1001100110': 1, '1101000101': 2, '0100111010': 1, '1010111000': 1, '0001001000': 2, '0110001001': 1, '0110100001': 2, '0110111101': 1, '1110111110': 2, '0001011100': 2, '0000010010': 1, '1000110110': 3, '0111110000': 1, '1011100110': 1, '0011110100': 2, '1000000001': 1, '1001110011': 1, '0000101101': 1, '0010100000': 3, '1010100010': 1, '1100110111': 3, '0101000101': 2, '1000001000': 2, '0001100010': 3, '1110011111': 1, '1000001011': 1, '0010101010': 1, '1010110001': 1, '0001110010': 1, '1001000001': 1}","DensityMatrix([[ 0.00097656+0.j        ,  0.00011359+0.00096993j,
                 0.00022564+0.00095014j, ...,  0.00033463-0.00091744j,
                 0.00022564-0.00095014j,  0.00096993+0.00011359j],
               [ 0.00011359-0.00096993j,  0.00097656+0.j        ,
                 0.00096993-0.00011359j, ..., -0.00087229-0.00043907j,
                -0.00091744-0.00033463j,  0.00022564-0.00095014j],
               [ 0.00022564-0.00095014j,  0.00096993+0.00011359j,
                 0.00097656+0.j        , ..., -0.0008153 -0.00053756j,
                -0.00087229-0.00043907j,  0.00033463-0.00091744j],
               ...,
               [ 0.00033463+0.00091744j, -0.00087229+0.00043907j,
                -0.0008153 +0.00053756j, ...,  0.00097656+0.j        ,
                 0.00096993-0.00011359j,  0.00022564+0.00095014j],
               [ 0.00022564+0.00095014j, -0.00091744+0.00033463j,
                -0.00087229+0.00043907j, ...,  0.00096993+0.00011359j,
                 0.00097656+0.j        ,  0.00011359+0.00096993j],
               [ 0.00096993-0.00011359j,  0.00022564+0.00095014j,
                 0.00033463+0.00091744j, ...,  0.00022564-0.00095014j,
                 0.00011359-0.00096993j,  0.00097656+0.j        ]],
              dims=(2, 2, 2, 2, 2, 2, 2, 2, 2, 2))","{'0101010100': 1, '1101101011': 1, '1110100110': 1, '0110111010': 1, '0010011001': 1, '0001010110': 1, '0010010110': 1, '1110010110': 1, '0101011111': 1, '1000011001': 1, '0000111111': 1, '1001110100': 1, '1001101010': 1, '1101110001': 1, '1011111110': 1, '0100001011': 1, '1100111100': 1, '0000001010': 1, '1000100110': 2, '0010110110': 1, '0010110111': 2, '1010111100': 1, '0100101100': 1, '1010010001': 1, '1110001001': 1, '0101110011': 2, '1110101011': 1, '1101000010': 2, '0100001110': 1, '1010000000': 1, '1100000101': 1, '0110101100': 1, '0010111100': 1, '1011111010': 1, '0100001101': 1, '0100100100': 1, '0001000101': 1, '1010000001': 1, '1100010100': 1, '1100101110': 1, '0001111101': 1, '1111101010': 1, '0100011000': 2, '1011001111': 1, '0010110001': 2, '1101010101': 1, '1001001011': 1, '0110101111': 1, '1101100011': 2, '0000001100': 1, '0011010000': 2, '0100000110': 1, '1100100000': 1, '1101010011': 1, '1011111101': 1, '1011111100': 1, '0010110010': 1, '1000010110': 1, '1100100110': 1, '0001100000': 1, '1110001111': 1, '0100001001': 1, '0011010100': 1, '0101111100': 3, '1111110111': 1, '0010101111': 1, '0110101110': 2, '0110000010': 1, '1010010000': 1, '0001110010': 1, '1010110001': 1, '1111000101': 1, '0001011001': 1, '0011111010': 1, '0111001001': 1, '0110110111': 1, '1010011100': 1, '1000101100': 1, '0111011000': 2, '0010111001': 1, '1100111111': 1, '0011101101': 1, '1011010001': 2, '1000110000': 1, '1100000010': 1, '0101100101': 2, '0011110100': 1, '0110110000': 2, '1111011000': 1, '1011000111': 1, '1100110011': 2, '1000101001': 1, '1111001101': 2, '1011100001': 1, '1011011100': 1, '0000111011': 3, '1100001000': 1, '0010100010': 1, '1100001110': 1, '0110101010': 1, '1111100110': 1, '1010011110': 1, '0100010011': 2, '0101011110': 1, '0001101000': 2, '0101101011': 2, '1010100001': 1, '0010110000': 1, '1011110111': 2, '1010001110': 1, '0101011100': 2, '1101011111': 1, '0100011100': 1, '0101100110': 1, '1101011010': 1, '0000111001': 1, '1000100001': 1, '0001001011': 1, '1101001110': 3, '0010011111': 1, '0101100001': 2, '0110101001': 2, '0101000001': 1, '0011111001': 1, '1110110001': 3, '0101011010': 2, '1110011110': 1, '0101101111': 2, '1100111000': 1, '0001000100': 1, '0010100100': 2, '1001101110': 1, '0111011110': 2, '0011011010': 2, '1011101010': 2, '0000011001': 1, '1110001010': 2, '1101111111': 2, '0000110011': 2, '1101101100': 1, '1111000110': 1, '0000101011': 1, '0011011100': 1, '0001101110': 1, '0010101101': 1, '1000101111': 1, '1001111010': 2, '0011011111': 1, '0100011111': 2, '0111010110': 3, '1101110100': 1, '1001011010': 3, '0110010010': 1, '1101000111': 1, '1110000111': 1, '1110101110': 1, '1001110011': 2, '0000101101': 2, '0001111011': 1, '1111111100': 1, '1011000011': 2, '0101110101': 2, '1010110101': 1, '0110011110': 1, '0110111001': 1, '1100000001': 1, '0001101011': 2, '1101110111': 2, '0011100100': 1, '1100110010': 2, '0110010001': 2, '1111110110': 2, '0110100001': 1, '0110001001': 1, '0011011011': 2, '0101111001': 2, '0110011011': 1, '1111011101': 1, '0110001101': 2, '1100110001': 2, '1010100111': 1, '0000110100': 1, '0110001111': 1, '1001100000': 1, '1001100100': 1, '1011000000': 1, '1101100010': 1, '1011101100': 3, '1110000100': 1, '1111101000': 2, '0101010001': 1, '1011001000': 1, '0010101001': 2, '0100001100': 1, '1100011010': 1, '0100000011': 1, '0111001101': 1, '0001100001': 3, '1111111111': 2, '0010111101': 1, '1101011011': 2, '1001001100': 1, '1000000100': 3, '0101101000': 2, '0110010000': 2, '1110001100': 1, '1101110101': 1, '0111100010': 2, '0100010001': 2, '0000001000': 3, '1101011001': 1, '0111111010': 3, '0000101000': 2, '0011000100': 2, '0010100001': 3, '1011101001': 1, '0001111000': 1, '1111101011': 1, '1010110111': 2, '1110000101': 1, '0101010101': 1, '1101101101': 1, '0110010011': 2, '0101100010': 1, '0001001010': 2, '1101101111': 1, '0100110010': 2, '1110010000': 1, '0001011010': 1, '0001111001': 1, '1111010011': 1, '0110100101': 2, '1111101101': 1, '0100000010': 3, '1011101011': 2, '0001111010': 1, '1101111010': 2, '0101111110': 1, '1110110101': 1, '1100111001': 2, '0111101000': 2, '1111111101': 4, '1010101001': 2, '1110111110': 1, '0110111101': 1, '1111011100': 4, '1000110011': 2, '1110010010': 1, '0111100001': 2, '1011100101': 1, '0101010011': 1, '1001100111': 2, '0011001111': 1, '0110111110': 1, '1000001000': 2, '0000110001': 2, '0010000010': 1, '0111101111': 2, '1111111010': 2, '1100101101': 4, '1001000011': 2, '0010100110': 2, '0100101111': 2, '0000010010': 1, '1101110011': 3, '1001011110': 3, '1000000101': 2, '0101000011': 1, '0111110101': 1, '0110000100': 3, '1000000000': 1, '0011010101': 4, '0101111010': 2, '0110011001': 1, '1010000011': 1, '1010011000': 2, '1101010001': 1, '0000011100': 1, '0010010011': 1, '1100000011': 1, '1011110000': 2, '1010100010': 4, '0011100000': 2, '0110000000': 1, '1110000000': 1, '1101111100': 2, '0000110101': 2, '0011111110': 1, '1100011100': 2, '0011000011': 2, '1010111101': 2, '0100010000': 1, '0011001010': 2, '0011110000': 1, '0000011011': 2, '0101000000': 1, '0000110110': 2, '0110001110': 3, '0101001000': 2, '0101000111': 1, '1110100010': 1, '1010110011': 1, '1110001000': 1, '1110101001': 1, '1011011111': 1, '1011100000': 1, '0110110001': 1, '1000110111': 3, '0101010000': 2, '0101110110': 2, '1011010101': 1, '1001001101': 1, '0011101010': 1, '1110110111': 1, '0100100001': 1, '0101100111': 1, '1010111000': 2, '0001001000': 1, '1010101010': 2, '1101011100': 2, '1000010111': 1, '0100111111': 1, '0000010011': 1, '1010011001': 2, '1111100111': 3, '1100111010': 1, '1111000000': 1, '0101110111': 1, '1110010101': 2, '0100000100': 3, '0100111010': 1, '1111101110': 1, '0101100011': 1, '0101000110': 2, '1111001011': 1, '1001100011': 2, '1001010100': 3, '0100111110': 2, '1011001110': 2, '0100100000': 1, '1001011001': 1, '1000010001': 1, '0010001010': 2, '1110000001': 2, '0100111011': 2, '0011101011': 1, '0000111010': 1, '1101010111': 2, '0010101010': 3, '1110110010': 2, '1000011010': 4, '1100000110': 3, '0110110101': 3, '1000000111': 2, '0101111011': 1, '1111000111': 1, '1101001001': 1, '0100100010': 2, '0010111011': 2, '0100100111': 1, '0110010110': 3, '0000010001': 1, '0100000000': 1, '0010001100': 2, '0111111110': 2, '0100011101': 3, '0000000011': 1, '1000011100': 1, '1001111111': 1, '1101000000': 2, '0110011101': 2, '1010000010': 1, '1010111110': 1, '0010000110': 3, '1011100010': 1, '0101011011': 1, '1001110111': 1, '1001101100': 2, '1011100011': 1, '1001010001': 1, '0101011001': 2, '0100110110': 1, '1011100110': 1, '1001011100': 2, '0111110010': 2, '0100001000': 3, '0010011010': 2, '0000111100': 2, '1001100110': 1, '0000010111': 1, '0000001101': 1, '1110111101': 3, '1010001100': 1, '0000010000': 3, '0111000101': 2, '1000001100': 2, '0101001100': 1, '0010100111': 1, '1101001000': 1, '1110111100': 2, '0111101011': 5, '0011000010': 1, '0100100101': 1, '1011101000': 2, '0101110000': 2, '1101000001': 2, '0000011111': 3, '0001001001': 1, '1000101011': 1, '1101101001': 1, '0111000010': 1, '1011010011': 1, '1100101001': 1, '1101011101': 3, '0101000101': 1, '1001111100': 2, '0111010100': 2, '0111011001': 2, '0000110000': 1, '1110010001': 1, '0111010000': 2, '1110011011': 3, '1100110000': 1, '1010111111': 1, '1001010111': 2, '0001011101': 1, '1000011111': 1, '1010000111': 1, '1010010100': 1, '1111100100': 2, '1110001101': 2, '0101101110': 1, '1100011001': 2, '0101111111': 2, '0011110001': 2, '1000000110': 2, '1000111101': 1, '0111001111': 2, '0100010101': 2, '0000000010': 1, '1000110100': 1, '1010100101': 2, '0110011010': 1, '0111000110': 1, '1010111001': 2, '0010000111': 1, '0011010111': 1, '0111100000': 2, '1000111000': 1, '0110001011': 2, '0111100100': 2, '1100101010': 1, '0010111110': 1, '1111101100': 1, '1101110010': 1, '1101011110': 1, '1010011101': 1, '0111110111': 3, '0001011000': 1, '0011110010': 1, '0001000111': 2, '1111100011': 2, '1011010010': 4, '1011011011': 3, '0111011111': 2, '1011000001': 1, '1110100111': 1, '1011001100': 3, '0001000001': 1, '0010101110': 3, '1100101011': 1, '0100000111': 2, '1000010101': 1, '1010000100': 3, '0101101001': 1, '1111010110': 1, '0111101110': 3, '0101110010': 1, '0011110101': 1, '1101001111': 3, '0001011111': 2, '0000010110': 1, '1100001001': 1, '1111001100': 4, '1010010110': 3, '1010010101': 1, '1010101111': 3, '1000001110': 2, '0101010110': 5, '0000011010': 3, '0011100010': 1, '1001101000': 1, '1101100000': 2, '0011010110': 2, '1001011111': 2, '0011001000': 1, '1100010001': 2, '0101101101': 1, '0100001111': 1, '1101010010': 2, '0111000111': 1, '0010111000': 1, '0110001100': 1, '0001011100': 2, '0000100110': 2, '0101011000': 1, '1010100100': 3, '1000100101': 3, '0010100011': 4, '1110001011': 3, '0010011000': 1, '0000010101': 1, '0000000111': 2, '1110111011': 1, '0101110001': 2, '0100001010': 2, '0110100010': 2, '0001001111': 2, '0010110100': 2, '0000101100': 1, '1001011101': 1, '0001101001': 2, '0101010010': 1, '1011010000': 2, '1101001100': 1, '1011011000': 2, '1001100101': 1, '0011001100': 2, '0001101100': 1, '1001011011': 1, '0010101000': 1, '1101000110': 2, '1101100100': 1, '0010011100': 1, '0100011001': 3, '0011100001': 2, '1010101101': 1, '0001100110': 1, '1011101101': 1, '0011111101': 1, '0000001011': 1, '0001010101': 1, '0011101001': 3, '0001010000': 1, '1000001010': 1, '1100101000': 2, '1111111011': 2, '0100110011': 1, '0001001101': 3, '1001010110': 1, '1010001011': 3, '1110101100': 3, '1111100000': 1, '1011100111': 1, '1010101011': 2, '1001111101': 4, '1000100111': 2, '0001110011': 2, '1011010110': 1, '0001100100': 1, '0101101010': 1, '0011101110': 2, '0100110111': 3, '0110101101': 1, '0100000001': 3, '0000000100': 4, '0111110001': 2, '0001110110': 2, '0000100000': 3, '0110101000': 3, '1100010010': 3, '0010001001': 1, '0011011001': 1, '1010100110': 2, '1011000010': 2, '1100011000': 1, '0000111110': 1, '1011110100': 2, '1001000110': 2, '1000110110': 3, '1101110110': 3, '1001001110': 1, '0101001110': 3, '0110100110': 3, '1011001001': 1, '1001100010': 1, '1111001001': 1, '1001101101': 1, '0111001000': 2, '0001110000': 1, '0110100000': 2, '1001101111': 1, '1101111000': 3, '0111100101': 2, '1011010100': 2, '1010100011': 1, '0110011000': 1, '0010000000': 3, '1100001111': 2, '0110100111': 1, '0110101011': 1, '1110101101': 2, '0110000101': 2, '0000011000': 2, '1010000101': 2, '0000010100': 2, '0101010111': 3, '1110110110': 2, '0100110101': 1, '1011000110': 1, '0110110010': 1, '1011101111': 1, '0001010010': 2, '0000001111': 3, '1000001111': 1, '1000010000': 1, '1000111001': 1, '1001111110': 1, '1110000011': 2, '0010000100': 2, '0000101110': 1, '1111000001': 1, '1001111011': 2, '1010110000': 1, '0011001110': 2, '0010110011': 2, '0000011110': 1, '1000010100': 1, '0000101010': 2, '0010000011': 1, '1000011000': 1, '1001000001': 2, '1010111010': 1, '0010101100': 1, '0011101100': 1, '1001010000': 1, '0010111111': 3, '0111010011': 1, '0111100111': 2, '0000100001': 2, '0011010010': 1, '0110111111': 1, '1100011101': 1, '0111111001': 1, '1000111010': 4, '0010011011': 1, '0110001010': 1, '0010010100': 1, '1100100010': 1}","DensityMatrix([[ 0.00096518+0.00000000e+00j,  0.00010554+9.14532072e-04j,
                 0.00020804+9.10654542e-04j, ...,
                 0.0002367 -6.59146084e-04j,  0.00016207-7.02790316e-04j,
                 0.00068557+7.03284600e-05j],
               [ 0.00010554-9.14532072e-04j,  0.00095462+0.00000000e+00j,
                 0.00088942-9.78309959e-05j, ...,
                -0.00065108-3.26580674e-04j, -0.0006469 -2.33624511e-04j,
                 0.00016014-7.00065531e-04j],
               [ 0.00020804-9.10654542e-04j,  0.00088942+9.78309959e-05j,
                 0.0009631 +0.00000000e+00j, ...,
                -0.00057344-3.81542412e-04j, -0.00065457-3.26750993e-04j,
                 0.00023315-6.57343360e-04j],
               ...,
               [ 0.0002367 +6.59146084e-04j, -0.00065108+3.26580674e-04j,
                -0.00057344+3.81542412e-04j, ...,
                 0.00100042+0.00000000e+00j,  0.00092584-1.01900514e-04j,
                 0.00021767+9.44715161e-04j],
               [ 0.00016207+7.02790316e-04j, -0.0006469 +2.33624511e-04j,
                -0.00065457+3.26750993e-04j, ...,
                 0.00092584+1.01900514e-04j,  0.00099865+0.00000000e+00j,
                 0.00011355+9.53242622e-04j],
               [ 0.00068557-7.03284600e-05j,  0.00016014+7.00065531e-04j,
                 0.00023315+6.57343360e-04j, ...,
                 0.00021767-9.44715161e-04j,  0.00011355-9.53242622e-04j,
                 0.00100152+0.00000000e+00j]],
              dims=(2, 2, 2, 2, 2, 2, 2, 2, 2, 2))"
data/selected_mutant_qc/mutants_qft_10/qft_10_Mutant_Add_cp_P45_Q9_[2.356194490192345].qasm,PureState_8,"{'1110000111': 1, '0000001100': 1, '1000011110': 1, '1010111110': 1, '1001111001': 1, '1010101101': 1, '0011011111': 1, '0000010111': 1, '0101101100': 2, '1110011110': 1, '1000010111': 1, '0011100000': 1, '1010000000': 1, '0111001110': 1, '1111011100': 1, '1001001001': 1, '1000100001': 1, '1111101110': 1, '0100110111': 1, '0001000010': 1, '1101001110': 1, '0100110011': 1, '1111000011': 1, '0000110011': 1, '0110001100': 2, '1111010001': 2, '1101100100': 2, '0101011101': 1, '0110011110': 1, '1110111011': 2, '1111101100': 1, '0011111010': 1, '1011000000': 1, '0101011100': 1, '0010010010': 1, '0000000010': 1, '0011111011': 1, '0010111001': 2, '0010111000': 1, '0101010110': 1, '0100010101': 1, '0101001011': 3, '1001001111': 1, '0100110110': 1, '1011100110': 1, '1000111010': 1, '0001000101': 1, '1110111001': 1, '0010110001': 1, '1001110100': 2, '0010110011': 1, '1111010101': 1, '1000101110': 1, '0100001000': 1, '1011111111': 1, '0111011101': 1, '1001001110': 1, '1110011001': 3, '1111110111': 1, '1001100011': 1, '0000101010': 2, '1000010100': 1, '0001001100': 1, '1010011100': 1, '0111110110': 1, '1100100001': 1, '1000011011': 1, '0001111111': 1, '0001011000': 1, '0101110010': 2, '0011110101': 1, '1010100000': 1, '1001101110': 1, '1110010011': 1, '0010100010': 1, '0101100001': 1, '0111110010': 1, '1111110110': 2, '1100101001': 1, '1110110110': 2, '0111101110': 1, '0111100101': 2, '1101101101': 1, '0101100010': 1, '1010100010': 1, '0110010111': 1, '0100101100': 1, '0001101111': 3, '0111011111': 1, '0011101110': 2, '0001001010': 2, '1111011000': 1, '1010100100': 2, '0101111110': 1, '0111100110': 1, '0100111110': 1, '0100100011': 2, '1111100001': 2, '1110111100': 2, '1110111110': 1, '1010101001': 1, '1100001000': 1, '1110101010': 1, '0111010000': 1, '1011011011': 1, '1100000011': 1, '0001110111': 1, '1010011101': 2, '0011001010': 1, '1010111101': 1, '0011100100': 1, '1101110111': 1, '1000110101': 1, '0011111001': 1, '0010000110': 1, '1101010011': 1, '0110110111': 2, '0001011001': 1, '0011000110': 2, '1001111010': 1, '0101110011': 1, '1110110000': 2, '0010000001': 1, '1100110010': 1, '1111011111': 1, '0001000110': 2, '1010101100': 2, '1111100110': 2, '0011010100': 1, '0001110110': 2, '1000010110': 1, '1100100110': 2, '0001100110': 3, '1010010001': 1, '1000101111': 1, '0100111010': 2, '0100111011': 2, '1100011111': 1, '0100001011': 1, '0110110010': 2, '1010001011': 2, '0010011111': 1, '0100100110': 2, '1000011010': 1, '1100000110': 1, '0110110101': 1, '0010001111': 1, '0010000010': 2, '1011011100': 1, '0101110111': 1, '1111000000': 1, '0000100110': 1, '0111001100': 1, '1100101100': 1, '0101010011': 1, '0100100101': 1, '1111111010': 2, '0011011010': 1, '0111011110': 2, '1110100100': 1, '0011010101': 1, '0101111010': 1, '0011001001': 1, '1101000111': 2, '0110110100': 1, '0101001101': 1, '1010011010': 1, '0010111010': 3, '1011110101': 2, '1101011100': 1, '1010110110': 3, '1111110101': 2, '1100110001': 4, '0000110100': 5, '1111000101': 1, '1001000100': 1, '1110001110': 1, '0010100000': 2, '1000110011': 2, '1110010010': 1, '0001111100': 1, '1010010111': 3, '1111010011': 1, '0110100101': 2, '1111101101': 2, '1001011001': 2, '0100100000': 2, '0000011001': 1, '1110011111': 1, '0010110101': 2, '0110001110': 1, '0011001101': 2, '1011010101': 2, '1100011110': 3, '0001100000': 3, '0100101000': 1, '0011000111': 1, '1101001101': 1, '1110101100': 2, '1001010100': 2, '0001011101': 1, '1111000010': 3, '1001100100': 1, '0100101101': 2, '1101001001': 2, '0100100010': 2, '0000101001': 1, '1010001110': 2, '1011110111': 1, '1011100111': 2, '0111010111': 2, '1010101000': 2, '0110100000': 1, '1001101111': 2, '1101111000': 2, '1111010100': 1, '0010110100': 1, '1100111011': 1, '0100101110': 2, '1101101010': 1, '1110011100': 2, '1011111010': 1, '1110011000': 1, '1000010010': 3, '0110100100': 1, '1011001100': 1, '1011000001': 1, '1110100111': 2, '0110000110': 2, '0011101001': 3, '0001010101': 2, '0000001011': 5, '1100001111': 1, '1001000010': 1, '1010110010': 3, '1101010000': 1, '0000010110': 2, '0100111001': 2, '0110010001': 2, '1111101111': 1, '0011111100': 2, '0111101000': 1, '1100111001': 1, '0111100010': 1, '1110001100': 1, '1101110101': 1, '1111000110': 1, '1101101100': 1, '1100001100': 1, '0000010101': 2, '1111111110': 1, '1111011110': 1, '1000110000': 1, '1011010001': 2, '1011111001': 4, '0011100111': 1, '0110100110': 1, '1011011110': 2, '0111100100': 1, '1100101010': 1, '0001111110': 1, '1101000010': 2, '0101000111': 4, '1011100001': 1, '0100101010': 2, '0101101111': 1, '1100111000': 1, '1110100101': 1, '1100111101': 2, '0101010101': 1, '1100010000': 1, '0110001010': 1, '0111100011': 1, '0110011010': 1, '1101101000': 2, '1100001101': 1, '1011110010': 1, '1111000111': 1, '0101111011': 2, '1000000110': 2, '0101111111': 1, '0010001110': 2, '1011101000': 2, '0000100111': 2, '1000101001': 1, '0000101110': 1, '1001111011': 1, '1011011001': 2, '1111100011': 2, '0001000111': 1, '0111001001': 1, '1101111101': 1, '1111011001': 2, '1101010110': 3, '1011000111': 1, '1100100111': 2, '1101010101': 1, '1000101101': 1, '1111001100': 2, '1010010110': 1, '0010001000': 1, '0111011011': 2, '1010111100': 1, '1100110000': 1, '0111001011': 2, '1010111111': 1, '0101000011': 1, '0100001101': 3, '1110010111': 1, '1010010000': 2, '0000111110': 1, '0010001101': 1, '1011110100': 2, '1000111101': 4, '0100010001': 1, '1110011010': 1, '0110101111': 1, '1101100011': 3, '0111010110': 3, '0000001010': 3, '0100010111': 4, '1111111111': 1, '1001001010': 2, '0011101101': 2, '1001011110': 1, '1101110011': 1, '0010100101': 1, '1000000101': 1, '0000010010': 2, '0101101110': 1, '1001011111': 1, '0001101101': 2, '0011001000': 2, '1101110000': 1, '1101000001': 3, '0101110000': 1, '1100000010': 1, '1101000100': 1, '0100010110': 1, '0000000110': 1, '1001100000': 1, '1110011101': 2, '0110111000': 2, '0011110000': 1, '0111000001': 1, '0000011011': 1, '1010010101': 2, '1010101111': 1, '1000001110': 1, '0000001001': 2, '0110100001': 3, '0110001001': 3, '1011001101': 1, '1011011000': 2, '0001011010': 1, '1110010000': 3, '0011101100': 1, '0010101100': 2, '1001010000': 1, '0111010101': 2, '1011101110': 1, '1001111000': 2, '0000111001': 2, '1010111000': 4, '0001001000': 3, '0110110001': 1, '1011011111': 2, '1011100000': 2, '1100110100': 1, '1111110001': 2, '0011011101': 1, '0011010110': 1, '0110100010': 2, '0100001010': 1, '1010001111': 1, '1111011011': 2, '0111111110': 1, '0100000000': 2, '0010001100': 1, '1110001001': 2, '0011101000': 1, '0110001000': 1, '1100011001': 1, '0111101100': 1, '0110101110': 2, '1010100110': 1, '1011000010': 2, '1100011000': 1, '0110011100': 1, '0100011000': 2, '0011111110': 2, '0000110101': 2, '1110110001': 1, '1100000111': 3, '0100001111': 2, '1011010110': 1, '0001110011': 3, '1000100111': 1, '1100011101': 1, '0110111111': 3, '0111000111': 2, '0001011100': 2, '1110111111': 3, '1101110100': 1, '0001000001': 1, '1011011101': 2, '1101110110': 3, '0001001011': 2, '1001001000': 1, '0000000101': 1, '1100100101': 3, '0010110110': 1, '0110101010': 1, '1100001110': 3, '0010000101': 1, '0111111000': 2, '1010101110': 1, '0011100001': 1, '0010110000': 1, '0110110110': 3, '0010101010': 2, '0100111100': 2, '1110000010': 3, '1001011010': 2, '0100000011': 2, '1100011010': 1, '1111110100': 1, '0110010101': 1, '1110000011': 2, '0000001101': 1, '1001010101': 2, '0100111101': 1, '0011110011': 1, '1000001100': 1, '0011110111': 2, '0110100011': 2, '0101101000': 1, '1111101000': 2, '0010001011': 1, '0111011000': 1, '0100101011': 3, '0110011011': 4, '1101000000': 1, '1001111111': 1, '1010000010': 1, '1000011100': 1, '1111011101': 2, '1010110100': 1, '1001010001': 3, '1011111110': 1, '1000011111': 1, '1010010100': 1, '1010000111': 1, '0001010111': 1, '0111110100': 3, '0010011110': 2, '1101011110': 2, '1100010111': 3, '0111110111': 2, '0101100110': 2, '1101110010': 3, '0010111100': 2, '1100101111': 1, '1000111110': 2, '0111000011': 1, '1001111110': 3, '0100010011': 3, '0000110111': 3, '1101100110': 1, '1000010000': 2, '1000111001': 2, '0000000011': 1, '0011011001': 1, '1010010010': 3, '0100001001': 1, '0100011100': 1, '1111010111': 3, '1010001001': 1, '0011111111': 1, '1100111010': 2, '1101001011': 2, '0010100110': 1, '0010111111': 1, '0001010000': 1, '0111010011': 2, '1001001100': 1, '0001100101': 1, '0111011100': 1, '0010010101': 1, '1010011011': 1, '1001111101': 1, '1010101011': 2, '0000010100': 3, '0000111010': 3, '0010010110': 2, '0001111011': 1, '1111111100': 2, '0110001111': 2, '1101010100': 2, '0110111011': 2, '0010100111': 1, '1101001000': 2, '1111001110': 2, '0100011010': 1, '1010011110': 2, '0100000101': 1, '1101011000': 6, '1010011001': 1, '1100001010': 1, '0000010011': 1, '1000011000': 2, '1101111011': 2, '1110101111': 1, '0100000111': 1, '1100101011': 2, '1001010010': 3, '0011001011': 2, '1100010010': 2, '0000001111': 2, '1010001010': 4, '0001010010': 2, '1001111100': 2, '0111011001': 2, '0001001110': 2, '0101111000': 2, '0010011010': 1, '0000111100': 2, '1011010000': 1, '0101010010': 2, '1001101011': 2, '0011011110': 2, '1100111110': 1, '0101100011': 2, '0101000110': 1, '1001010011': 1, '0011100010': 1, '1100000000': 1, '0000011000': 2, '0011000100': 1, '0111111010': 1, '1101011001': 2, '0010100001': 1, '0001100100': 1, '0101101010': 2, '1010110111': 3, '0111010010': 2, '1111100010': 2, '1011101011': 2, '1100001011': 1, '0101101011': 2, '1101011011': 3, '0010111101': 1, '1001100010': 1, '1100010110': 1, '1011001001': 1, '1111001001': 2, '1000111100': 5, '1101100111': 2, '1000100000': 1, '0100000110': 2, '0100011111': 2, '1111000100': 2, '0000000001': 1, '0101001010': 2, '1010111010': 3, '0001010110': 1, '1010111011': 2, '0001110001': 1, '1011100010': 1, '1001101100': 1, '0101011011': 1, '1001110111': 3, '0000101111': 3, '0000101101': 1, '1001011100': 4, '1101101001': 2, '0111110000': 1, '0011101010': 1, '1110110111': 1, '0100100001': 1, '0010010111': 1, '1001001101': 2, '0101010100': 1, '0000000100': 3, '1111001011': 1, '0100110000': 1, '0101110100': 1, '0001111001': 2, '0111100000': 1, '1000111000': 2, '1011001010': 2, '0010011001': 1, '0001101011': 1, '1100000001': 3, '0111111001': 4, '0000011110': 1, '1101111001': 2, '0010101011': 1, '0001100001': 1, '0100100100': 4, '0100010100': 2, '1011000011': 1, '0101110101': 1, '1010110101': 1, '0000100001': 1, '0011010010': 2, '0101110110': 1, '1000100101': 3, '0001000100': 1, '0001010011': 1, '1010000110': 2, '1001110000': 1, '1011100101': 1, '0000010000': 3, '1101100001': 1, '0000110110': 1, '1100100010': 1, '1010111001': 2, '1010110011': 2, '1110001000': 5, '1100010001': 1, '0101011110': 1, '0110010100': 3, '0010101001': 1, '0101100111': 1, '0000110010': 1, '1010110000': 1, '1000001010': 1, '0000111111': 1, '0101100100': 2, '1101001010': 3, '0111101010': 2, '0111001010': 1, '1011010011': 3, '0011100011': 2, '1001100110': 2, '1101111100': 3, '0101000100': 1, '0110100111': 1, '1011111011': 1, '0111111111': 1, '0000100100': 1, '1111101010': 3, '1000110111': 1, '0000110000': 3, '1000110001': 1, '0001110101': 2, '0100000001': 2, '1101111110': 3, '0101011111': 1, '1111110011': 1}","DensityMatrix([[ 9.76562500e-04+0.00000000e+00j,
                -5.99207485e-06+9.76544116e-04j,
                -1.19839241e-05+9.76488967e-04j, ...,
                -1.79753222e-05-9.76397053e-04j,
                -1.19839241e-05-9.76488967e-04j,
                 9.76544116e-04-5.99207485e-06j],
               [-5.99207485e-06-9.76544116e-04j,
                 9.76562500e-04+0.00000000e+00j,
                 9.76544116e-04+5.99207485e-06j, ...,
                -9.76268378e-04+2.39660435e-05j,
                -9.76397053e-04+1.79753222e-05j,
                -1.19839241e-05-9.76488967e-04j],
               [-1.19839241e-05-9.76488967e-04j,
                 9.76544116e-04-5.99207485e-06j,
                 9.76562500e-04+0.00000000e+00j, ...,
                -9.76102947e-04+2.99558625e-05j,
                -9.76268378e-04+2.39660435e-05j,
                -1.79753222e-05-9.76397053e-04j],
               ...,
               [-1.79753222e-05+9.76397053e-04j,
                -9.76268378e-04-2.39660435e-05j,
                -9.76102947e-04-2.99558625e-05j, ...,
                 9.76562500e-04+0.00000000e+00j,
                 9.76544116e-04+5.99207485e-06j,
                -1.19839241e-05+9.76488967e-04j],
               [-1.19839241e-05+9.76488967e-04j,
                -9.76397053e-04-1.79753222e-05j,
                -9.76268378e-04-2.39660435e-05j, ...,
                 9.76544116e-04-5.99207485e-06j,
                 9.76562500e-04+0.00000000e+00j,
                -5.99207485e-06+9.76544116e-04j],
               [ 9.76544116e-04+5.99207485e-06j,
                -1.19839241e-05+9.76488967e-04j,
                -1.79753222e-05+9.76397053e-04j, ...,
                -1.19839241e-05-9.76488967e-04j,
                -5.99207485e-06-9.76544116e-04j,
                 9.76562500e-04+0.00000000e+00j]],
              dims=(2, 2, 2, 2, 2, 2, 2, 2, 2, 2))","{'1100101111': 1, '1001010010': 1, '0111011100': 1, '1111001100': 1, '1100101001': 1, '1110110000': 1, '1000100110': 1, '1111110110': 1, '0011000101': 2, '0001100100': 1, '0110111001': 1, '0011100011': 1, '1010001111': 1, '1100100111': 1, '1001101011': 1, '1000101010': 1, '0001011100': 1, '1110011011': 1, '0101101110': 1, '1111110111': 1, '0011011010': 2, '1111001101': 1, '0011100000': 1, '1000000011': 1, '1000111011': 1, '1101111101': 1, '1001101100': 1, '1110001111': 1, '0000011100': 1, '0111001010': 1, '0100110110': 1, '0010011001': 1, '1001110110': 1, '0010010100': 3, '1000001010': 1, '1001001101': 1, '0110101000': 1, '0100001100': 1, '0110010100': 1, '0010110000': 1, '0011011111': 1, '1100001100': 1, '0101100001': 1, '1110100101': 2, '0111101111': 1, '1001001001': 1, '1000000100': 2, '0000011101': 1, '0001101111': 1, '1001111100': 1, '0111011001': 2, '0100100100': 1, '0101101001': 1, '0100000110': 1, '1000100000': 2, '1101111011': 1, '1011011001': 1, '0110110111': 1, '1111001111': 1, '0010000110': 1, '0010010110': 1, '1110000110': 1, '1001011100': 1, '0110001001': 2, '1010011100': 1, '1010111101': 2, '0100010000': 1, '1000101101': 1, '0001100010': 2, '0101010110': 1, '1001101010': 1, '1010101110': 1, '1010111110': 1, '0101111001': 1, '1011111111': 1, '0111101101': 2, '1110000111': 1, '1000111111': 1, '0110001111': 1, '1100111111': 1, '0100001000': 1, '1010000000': 2, '0000010111': 1, '1010101000': 2, '0010100111': 1, '0111100111': 2, '0110011011': 1, '0001011001': 1, '0001111110': 2, '0100111010': 1, '0100000100': 1, '1100001111': 1, '0010000000': 2, '1110101010': 1, '0001101001': 1, '1001011101': 2, '1001000001': 2, '1101010000': 2, '0010101110': 2, '0001000001': 1, '0110000001': 1, '0101010100': 1, '0011111000': 1, '0111110100': 1, '0001010111': 1, '1111111011': 2, '1100100011': 1, '0100010111': 1, '1001011010': 1, '0100111100': 1, '1100000111': 1, '1110001110': 1, '1011111110': 2, '1000111001': 1, '0010010000': 1, '0011010000': 1, '0000001001': 1, '1111111101': 1, '1110111100': 2, '1000100111': 2, '1111101101': 1, '1111010011': 1, '0011000000': 1, '0011110100': 2, '0101011100': 2, '1000110110': 2, '0000111011': 2, '0011110111': 1, '1001101001': 1, '0000001010': 1, '0011011101': 1, '0001000101': 1, '0110101110': 1, '0111101100': 1, '0101100110': 1, '1101000101': 1, '1001010100': 1, '0100101001': 2, '0111110010': 1, '0000001101': 1, '1110111010': 2, '1001111001': 1, '1000001111': 2, '0011000110': 1, '0111111111': 1, '1010001011': 1, '1001010110': 2, '0111101110': 3, '1011011011': 1, '0100110100': 1, '1111000100': 1, '0111011000': 1, '1101101110': 1, '1011101101': 1, '1110010010': 1, '0011111101': 2, '0111111101': 2, '1000101111': 1, '1111011111': 1, '1000100010': 1, '0100100110': 1, '0010001011': 1, '0101010011': 3, '0001011101': 1, '1101011110': 2, '1100101101': 1, '1111111010': 1, '1010100000': 1, '0001110110': 1, '1001000100': 3, '1000110001': 1, '0000101100': 2, '0110010010': 2, '0011001001': 2, '1101000111': 2, '0111001100': 1, '0000110110': 1, '0001111100': 2, '1010010111': 1, '1100111010': 2, '1010001001': 1, '1000110111': 1, '0101010000': 2, '1111001001': 2, '1100010110': 2, '1001100010': 1, '0111010000': 1, '1110010001': 1, '0101100000': 2, '0100110011': 2, '1111010100': 2, '0010101010': 2, '0010110100': 1, '0010001101': 2, '0000111110': 3, '0011001110': 2, '0000110010': 2, '1010110000': 3, '1101110100': 1, '1110111111': 2, '1011110011': 1, '0010110111': 1, '1110100100': 2, '1000010100': 2, '1001100011': 1, '0110111100': 1, '0110100110': 2, '1000010111': 1, '0100111111': 1, '1000111110': 2, '0011100101': 2, '1100010000': 2, '0000011111': 1, '0110111011': 1, '1101010100': 3, '0100001010': 1, '0001001111': 3, '0110100010': 4, '0000100110': 1, '1100100000': 1, '0001101010': 3, '1010111010': 6, '0101001010': 2, '1101111110': 1, '1111100111': 2, '1011011111': 1, '0110110001': 1, '1011010000': 4, '0101010010': 1, '0010110001': 1, '1110111001': 1, '1111001010': 2, '1101011111': 2, '1111111110': 1, '0101010101': 4, '1110000101': 2, '1001001011': 1, '1101101011': 2, '0000011001': 1, '0111011101': 3, '1011011010': 1, '1100001101': 1, '1011110010': 5, '1111000111': 1, '0101111011': 3, '1100010101': 2, '1000011010': 2, '0010001111': 2, '1110110010': 1, '0100000010': 2, '0110011001': 2, '0011010101': 2, '0110000100': 1, '0101000011': 1, '0111110101': 2, '0001110000': 3, '0110011101': 1, '1001111111': 1, '1010000010': 2, '1000011100': 2, '0010011110': 2, '1001000101': 1, '1100010111': 2, '0111110111': 1, '1111101100': 1, '1000101000': 2, '1010010010': 1, '0111010111': 1, '0111100000': 1, '1000111000': 1, '0100100011': 1, '1010111111': 2, '1100110000': 2, '1001010111': 2, '0111001011': 3, '1101101001': 1, '0111110000': 3, '0010101011': 3, '0001010011': 1, '0010100100': 1, '0001000100': 1, '1110011111': 1, '1000001011': 1, '0101100010': 1, '0110010011': 1, '1000001100': 2, '0101001100': 1, '0111011011': 2, '1010111100': 2, '0011000010': 1, '0100100101': 4, '0010001110': 1, '0011010111': 1, '0010011101': 1, '0111000110': 2, '1010111001': 1, '0110011010': 3, '1010100101': 2, '0010110110': 2, '1000110101': 1, '1010000101': 1, '1100100101': 3, '0110100011': 2, '0110010110': 2, '0100100111': 1, '1110000011': 1, '0010000100': 1, '1000011101': 1, '0100111001': 1, '0110111110': 1, '0011001111': 2, '1110001010': 1, '0101000111': 1, '1110000001': 4, '0001100011': 1, '0011010100': 1, '1010011111': 1, '0000100101': 1, '1001100101': 1, '0001001100': 1, '0100100001': 2, '0011101010': 2, '1110110111': 3, '1101110111': 1, '1110101100': 1, '0111001111': 2, '0010010001': 2, '1101001101': 2, '0011000111': 2, '1111101001': 3, '0001010000': 1, '0001110100': 1, '0111111110': 2, '0101100011': 2, '0111111010': 1, '0010100001': 2, '0011000100': 2, '1001001010': 2, '0100110101': 1, '0001101011': 1, '1100000001': 1, '0100010110': 2, '0101000101': 3, '1100110111': 1, '1110010111': 1, '1010000100': 1, '1000010101': 2, '1101001111': 2, '0001011111': 3, '1110010011': 2, '1011010010': 1, '1000000101': 1, '0010100101': 1, '1001011110': 1, '0011011100': 1, '1100000000': 1, '1001101000': 2, '1101100000': 1, '1110001001': 3, '0011101000': 3, '1111001110': 1, '0100011010': 3, '1100010100': 2, '0011010010': 1, '0000100001': 2, '1111001011': 1, '0101110100': 2, '0100110000': 2, '0010101100': 1, '1001010000': 3, '0011101100': 2, '0101000001': 2, '1011101110': 6, '1001000111': 3, '1000001000': 2, '0111101000': 1, '1100111001': 2, '1101100100': 2, '0011100001': 2, '0110010000': 1, '0100011000': 4, '0110011100': 2, '1110111011': 1, '0101110001': 4, '0000010101': 3, '0000000111': 1, '0011000011': 1, '1100011100': 2, '0011111110': 3, '0000110101': 1, '1011001100': 3, '1110100111': 1, '0110100100': 2, '0110000010': 1, '0010111111': 2, '0100101111': 1, '0010100110': 2, '1110010110': 1, '0101011010': 1, '1110001100': 1, '1101110101': 2, '1011111011': 2, '0001101110': 4, '0010111101': 3, '0001111111': 1, '1111101111': 1, '0101000010': 1, '0100010011': 1, '0010110011': 1, '0101001101': 1, '1011001011': 2, '0110100111': 1, '1011110111': 3, '1010001110': 1, '0100010101': 2, '0110010111': 2, '1001110101': 1, '1110100000': 2, '1011011110': 1, '1011100100': 2, '1100111011': 1, '0001101100': 3, '0011001100': 3, '1011111000': 2, '1100000011': 3, '1000001101': 1, '1011110000': 1, '0100101110': 1, '1001101110': 3, '1011010001': 1, '1000110000': 1, '1110101101': 2, '0000011000': 1, '0110000101': 1, '0011011011': 2, '1011001101': 1, '1011011000': 1, '0010011000': 1, '1010000011': 1, '1010011000': 3, '1101010001': 1, '1000010001': 1, '0100100000': 3, '0010011011': 1, '1101010110': 1, '1100110011': 2, '0000010100': 3, '1100011000': 1, '1011000010': 2, '0001011110': 2, '1001001110': 1, '0101001110': 1, '1111011001': 1, '0011110010': 1, '0001000111': 2, '0101110111': 1, '1111000000': 1, '1110010101': 2, '1010101010': 1, '1010111000': 2, '0001001000': 4, '0011001000': 1, '0111111100': 4, '0101101101': 3, '1100010001': 3, '1111101011': 1, '1010110111': 1, '0001110111': 1, '0101011001': 1, '1001010001': 1, '0001010110': 1, '1100011011': 2, '0111100100': 2, '0000001111': 1, '1011000110': 1, '0110110010': 1, '0101001111': 1, '0001010010': 4, '1101111010': 1, '0101111110': 1, '0100000101': 4, '1101011000': 1, '1010000110': 1, '1110100010': 2, '1100100110': 1, '1111100101': 1, '1111101110': 1, '1011000100': 2, '0010000001': 2, '1001011011': 2, '0010101000': 2, '0011111001': 2, '1010001000': 2, '0000000000': 2, '0101101011': 1, '1011010111': 1, '1100001011': 2, '1110101001': 1, '1110001000': 1, '1010110011': 3, '1000110011': 1, '1110100001': 2, '1000110100': 1, '1101100001': 2, '0001111010': 1, '1011101011': 3, '1111010110': 1, '0100001011': 1, '1100011111': 2, '1000011110': 1, '0101001000': 1, '0011101011': 1, '1001010101': 3, '0011110011': 2, '0011110001': 1, '0010000010': 2, '1111011000': 1, '1111110001': 2, '1100110100': 1, '1011101010': 1, '1001110010': 1, '0000011011': 1, '0011110000': 2, '0111000001': 2, '1100011010': 1, '1111110100': 2, '0101101100': 3, '0010100011': 1, '1111101000': 3, '0000111010': 1, '1101010111': 2, '1100100100': 1, '1010011001': 1, '1100001010': 1, '0000010011': 1, '0110000110': 1, '0011101001': 1, '0000001011': 3, '0010111010': 1, '1011110101': 2, '1101100010': 2, '1110011110': 1, '1000011001': 2, '0010001100': 1, '1110101000': 2, '0100000000': 1, '1011111001': 2, '0011100111': 1, '1110111000': 1, '1100000100': 1, '1010101011': 1, '1001111101': 1, '1010101100': 3, '0011011001': 1, '1001110001': 2, '0010001001': 1, '0000111001': 2, '0100011100': 1, '1111010111': 1, '0110101011': 1, '0110001011': 1, '1101001011': 1, '0111000101': 1, '0100000001': 1, '0110101101': 1, '0000010000': 1, '0100110111': 2, '0010000101': 2, '0111111000': 2, '1000010011': 1, '0100000111': 1, '1011010011': 1, '0111000010': 1, '0001001011': 1, '1010000001': 3, '0100010100': 2, '0100011011': 1, '1000101110': 2, '1111110101': 2, '1100110001': 1, '1101001001': 1, '0100100010': 2, '1001111011': 3, '0011100110': 1, '1101110010': 2, '0110110011': 1, '0110001100': 2, '0010111000': 3, '0000111000': 1, '0101110101': 2, '1011011100': 2, '1101011100': 2, '1010110110': 1, '1110111101': 2, '0101001011': 1, '1101000001': 3, '1111001000': 1, '1110011010': 1, '0110101111': 2, '1101100011': 3, '0111100110': 4, '0111000100': 2, '0110000111': 1, '1111100110': 1, '1001110011': 1, '0000000100': 2, '0001001001': 1, '1110110011': 1, '0010001000': 1, '0100001001': 1, '0100110010': 1, '0111100101': 3, '0110001000': 3, '1111100100': 1, '1001010011': 2, '1010010100': 1, '1101101000': 2, '0001110101': 2, '1100100010': 2, '0000111100': 1, '0010011010': 4, '0101011111': 2, '1110000000': 1, '0111011111': 3, '1101111000': 1, '1001101111': 2, '0111101010': 2, '1110011000': 1, '1011111010': 2, '1000010010': 3, '0001111011': 1, '1011011101': 2, '1101110110': 1, '0011010011': 2, '0001000000': 2, '1001110000': 3, '1110101110': 3, '0101011110': 1, '0110101100': 1, '0000000011': 3, '0111101001': 1, '0001010100': 2, '1110000100': 1, '0111001001': 1, '1111110000': 2, '1010100010': 2, '0110111010': 1, '1001100001': 1, '1101100101': 1, '0101000000': 1, '1010010011': 3, '1100010011': 1, '0111001110': 1, '1010100100': 1, '0100101000': 1, '0000100100': 1}","DensityMatrix([[ 9.63527962e-04+0.00000000e+00j,
                -6.06236238e-06+9.30700473e-04j,
                -8.51967395e-06+9.31459891e-04j, ...,
                -1.18059304e-05-7.05660055e-04j,
                -5.57645471e-06-7.03958920e-04j,
                 6.88339154e-04+2.59923356e-06j],
               [-6.06236238e-06-9.30700473e-04j,
                 9.58999741e-04+0.00000000e+00j,
                 9.04518031e-04+1.13192852e-06j, ...,
                -7.17348926e-04+2.17847983e-05j,
                -6.82925477e-04+1.10364945e-05j,
                -5.55618049e-06-7.03151865e-04j],
               [-8.51967395e-06-9.31459891e-04j,
                 9.04518031e-04-1.13192852e-06j,
                 9.50696570e-04+0.00000000e+00j, ...,
                -6.87597629e-04+2.05179785e-05j,
                -7.14769707e-04+1.62547381e-05j,
                -6.28495684e-06-7.02234874e-04j],
               ...,
               [-1.18059304e-05+7.05660055e-04j,
                -7.17348926e-04-2.17847983e-05j,
                -6.87597629e-04-2.05179785e-05j, ...,
                 1.00045198e-03+0.00000000e+00j,
                 9.34743286e-04-9.22315283e-07j,
                -7.57445545e-06+9.70578504e-04j],
               [-5.57645471e-06+7.03958920e-04j,
                -6.82925477e-04-1.10364945e-05j,
                -7.14769707e-04-1.62547381e-05j, ...,
                 9.34743286e-04+9.22315283e-07j,
                 9.90301717e-04+0.00000000e+00j,
                -6.17816696e-06+9.51246538e-04j],
               [ 6.88339154e-04-2.59923356e-06j,
                -5.55618049e-06+7.03151865e-04j,
                -6.28495684e-06+7.02234874e-04j, ...,
                -7.57445545e-06-9.70578504e-04j,
                -6.17816696e-06-9.51246538e-04j,
                 9.92967824e-04+0.00000000e+00j]],
              dims=(2, 2, 2, 2, 2, 2, 2, 2, 2, 2))"
data/selected_mutant_qc/mutants_qft_10/qft_10_Mutant_Add_cp_P45_Q9_[2.356194490192345].qasm,PureState_9,"{'0101001101': 1, '1000100101': 1, '0001101010': 1, '1101001010': 1, '0010011010': 1, '1110111111': 1, '1110001111': 1, '1111010100': 1, '0000100000': 1, '0111011001': 1, '1110000101': 1, '0110001100': 1, '0001100110': 1, '0101101100': 1, '0100010110': 1, '1000100110': 1, '0110100010': 1, '1010101100': 2, '0001110111': 1, '1100110100': 1, '1111001010': 1, '0010111100': 1, '1111110011': 1, '1010010101': 1, '0101100100': 1, '1100000101': 1, '1111100001': 1, '1110011000': 2, '0010011001': 1, '0101111101': 1, '1000111111': 1, '1010011010': 2, '1110010011': 1, '1010001000': 1, '0101011110': 1, '0100010101': 2, '1101001011': 1, '1110100100': 1, '1001111110': 2, '1110110000': 1, '1010011100': 1, '0010100110': 1, '1011111001': 2, '0000110110': 1, '1111110111': 1, '0000011101': 1, '1111110010': 2, '1011010010': 1, '0000101111': 1, '1110011110': 1, '1010101110': 1, '0001100101': 2, '0011011100': 1, '1000101101': 1, '1101010101': 1, '0001110001': 2, '1110011101': 1, '1100010011': 1, '0111001110': 1, '0001110100': 2, '1010001011': 1, '1001000000': 2, '0100110001': 1, '0100110011': 1, '0111100101': 1, '1111011001': 1, '1000110110': 1, '1100011101': 3, '1110011001': 2, '1011001000': 1, '0111101101': 3, '1101001101': 1, '1111000000': 1, '0101110111': 1, '0011111010': 1, '1100111100': 1, '0001011010': 2, '1111101110': 1, '0110111001': 1, '1101111100': 1, '1001100110': 2, '1110000000': 1, '0011010001': 1, '0010111001': 2, '1001000111': 1, '1011101110': 3, '1000111010': 1, '0000010001': 1, '1100100001': 1, '0001000010': 1, '1110001000': 2, '1010110011': 1, '1000011111': 2, '1010000111': 2, '1000000010': 2, '0110101001': 1, '0101100001': 2, '1100101000': 1, '1000100001': 3, '1101010011': 1, '0011100000': 1, '0011000000': 1, '1111000010': 1, '0011100001': 1, '0010011100': 2, '1101001001': 1, '1000010110': 1, '1100100110': 1, '1011000101': 2, '1010010001': 3, '1100101001': 1, '1100010010': 2, '0010000010': 1, '0101110011': 1, '0111001001': 1, '0111110111': 2, '0010100010': 1, '1011011001': 2, '0011000110': 1, '1101001100': 1, '0101010010': 1, '0000001001': 2, '0010001110': 1, '1001101110': 1, '1101010111': 2, '0000111010': 1, '1101110101': 1, '1110001100': 2, '1000001111': 1, '0001101001': 1, '1010000001': 1, '1111100111': 2, '0101110110': 1, '1100111101': 2, '1110100101': 1, '0111101111': 2, '0111101010': 2, '0101001011': 1, '1110111101': 2, '1010001100': 1, '1010100111': 1, '0000110100': 1, '1011001100': 1, '0110100100': 2, '1110100111': 2, '1011000001': 1, '0000010010': 2, '0111100000': 1, '1100111011': 2, '1011000100': 2, '1010111100': 3, '0111011011': 1, '0111100111': 1, '1101011001': 1, '0000101000': 2, '0011000100': 1, '0001010010': 3, '1010001010': 1, '1011101111': 1, '1100100101': 1, '1010000101': 2, '0110011001': 2, '0101111010': 1, '1000010011': 1, '1100101011': 1, '0001111110': 1, '0110101101': 1, '0100000001': 2, '1010111101': 1, '0011001010': 3, '1101000001': 1, '1101110000': 1, '1111001000': 2, '0101110000': 3, '1000001110': 2, '0110011101': 1, '1001111111': 1, '1000011000': 2, '1001000001': 2, '0010000011': 2, '0000111001': 2, '1101011010': 2, '1011110100': 1, '0010001101': 2, '1110100011': 2, '0000010011': 4, '1100001010': 1, '1001011110': 1, '1101110011': 1, '0010100101': 2, '0011111110': 1, '0000110101': 2, '0001011000': 3, '0010011101': 1, '0111000110': 1, '0000000011': 3, '0111111110': 1, '1001001011': 1, '1001111000': 3, '0001010000': 1, '1111101001': 3, '0100110010': 1, '0011010111': 1, '1111100010': 1, '0010000111': 1, '0011100101': 1, '0111101000': 1, '1100111001': 1, '0111111011': 1, '0011111100': 1, '1011001110': 2, '1100110110': 1, '0000100101': 2, '1000111101': 2, '0111100100': 2, '1100101010': 1, '1000110011': 2, '0000001000': 1, '1000010001': 2, '1001011001': 2, '0100100000': 1, '1000010100': 5, '0001000011': 2, '0100110101': 1, '1001001010': 1, '0111101011': 4, '1010010011': 2, '1010101011': 1, '1100000100': 3, '1110000010': 1, '0100010010': 1, '1001011010': 1, '1100101111': 1, '1000110000': 3, '1111011110': 3, '1010110001': 3, '1111100100': 1, '0110001000': 4, '0100000011': 1, '1111110100': 2, '0110101110': 1, '1101000111': 3, '0011001001': 3, '0100010111': 2, '0001011101': 4, '1001000100': 1, '0101011011': 1, '1110110100': 1, '1001110111': 2, '1001101100': 1, '0101100000': 4, '1011001101': 2, '1011011000': 1, '1101001111': 1, '0101110010': 2, '0011110101': 1, '0011011011': 1, '1111111110': 1, '0100110111': 2, '1110110010': 1, '0110110101': 1, '1100010101': 2, '0100110000': 1, '0101110100': 1, '0011001111': 1, '1000110001': 3, '0010001100': 1, '0100000000': 1, '0000001011': 1, '0011101001': 1, '0101111110': 1, '1101111010': 1, '0100111101': 3, '1001010101': 2, '0011101011': 3, '1100110101': 1, '1110111000': 2, '0011001000': 1, '0001101101': 3, '0011010100': 1, '0001111000': 2, '0101001110': 1, '1001001110': 1, '1101101100': 2, '1100001100': 1, '1101110010': 3, '0110110011': 2, '0001001100': 2, '1001100101': 1, '1110111110': 3, '0110111101': 3, '0001100000': 3, '0001000111': 1, '1111100011': 1, '0011110010': 1, '0000110011': 1, '1110001010': 1, '0111100110': 1, '1101000100': 1, '1000000001': 1, '0111111000': 2, '1111100000': 1, '0101011001': 1, '1001010001': 3, '1010110100': 1, '0101000101': 3, '0001001011': 1, '0000000101': 1, '0011010000': 2, '1011111011': 2, '0001101110': 1, '0011001110': 4, '1001101000': 1, '0011100010': 1, '0001111100': 1, '1010010111': 2, '0001100111': 2, '0010110100': 1, '1001100010': 2, '1000111100': 1, '1100110010': 2, '1110011011': 1, '0101101010': 1, '0001100100': 2, '1101101000': 3, '1110001011': 1, '0010100011': 1, '1111101000': 2, '0010001011': 1, '0010100100': 1, '0001000100': 2, '0001010011': 1, '0110110000': 1, '1011100000': 2, '1011011111': 2, '1010001111': 1, '1111011011': 4, '1110111100': 1, '1001100001': 2, '0010101101': 4, '1011100001': 1, '1111001101': 2, '0100101010': 3, '0101000111': 3, '1001101001': 1, '1110110101': 2, '0110001001': 2, '0110100001': 1, '1001010010': 3, '1101110111': 2, '0011001011': 1, '0110100111': 2, '0000101110': 1, '1111000001': 1, '1001111011': 1, '0011100110': 1, '1101110110': 1, '1011011101': 4, '0100111111': 2, '0101011100': 2, '0111000010': 1, '1010000100': 3, '1000010101': 4, '1010100011': 2, '1100011111': 1, '0100001011': 2, '0011011111': 3, '1110101110': 3, '1000100010': 3, '0000110111': 2, '1011101010': 1, '1111000011': 1, '0100010011': 2, '1111101111': 2, '0101000010': 1, '0001111111': 2, '0000101001': 2, '0101100010': 1, '1101101101': 2, '1011111110': 2, '0001001010': 3, '1010111000': 1, '1010101010': 3, '1011110001': 2, '0100100001': 1, '1111010000': 2, '0010110000': 1, '1001010011': 1, '0011001100': 3, '1000100111': 2, '0001110011': 2, '1011010110': 3, '1010011011': 1, '1001111101': 3, '0010010101': 2, '1001010111': 1, '1100110000': 2, '1010111111': 1, '1000000011': 1, '1111011000': 2, '0000011011': 2, '0011110000': 4, '0111000001': 2, '0110011100': 1, '0110010000': 1, '0010000110': 1, '0000111011': 1, '0101001001': 1, '1000001100': 3, '0011110001': 1, '1001011000': 1, '1011111100': 1, '1101100101': 2, '0111101100': 2, '1100011001': 4, '0001010111': 2, '0101111100': 2, '0011111000': 2, '0011100011': 1, '1100100010': 1, '0011011010': 1, '0111011110': 1, '1100111000': 1, '0101101111': 1, '1101011101': 1, '1111111100': 1, '0001111011': 2, '0001000001': 2, '1010100010': 2, '0110010001': 1, '0001010100': 1, '0001001001': 2, '1100101101': 2, '1001000011': 1, '0100000100': 3, '0010111110': 1, '1111101100': 3, '1101000101': 1, '0101100110': 2, '1101011110': 1, '1001000101': 3, '0010011110': 2, '1010110010': 1, '1100111010': 2, '1010001001': 1, '0010010010': 1, '1001101010': 2, '0110100011': 2, '0001111101': 2, '1011111111': 1, '0010101011': 2, '0111001101': 1, '0001100001': 1, '1001101011': 1, '0011011110': 1, '0111110010': 3, '0000110010': 2, '0101110101': 1, '1011000011': 1, '1010110101': 1, '1111100110': 1, '0111000100': 1, '1110100110': 1, '1101000011': 2, '1100100011': 1, '1101010010': 1, '0111000111': 1, '0001010110': 4, '0111111101': 4, '1000111001': 1, '1101100110': 1, '0010010000': 1, '1000010000': 3, '1001000010': 1, '1100001111': 3, '0010000000': 1, '0110011010': 5, '1010100101': 3, '0100001001': 5, '0111110110': 2, '0100011100': 1, '1111010111': 1, '1100001101': 1, '1100101110': 1, '1011011010': 1, '1011110010': 2, '0001010001': 1, '0111100001': 2, '1001110000': 2, '0101101110': 2, '1100111111': 2, '1110001101': 2, '0000001010': 3, '0001000110': 2, '0000001110': 2, '0010010011': 3, '0000011100': 3, '0010110011': 2, '0000010111': 1, '1110111010': 1, '0000001101': 1, '1010100100': 3, '0101011000': 3, '0000101011': 2, '0101011010': 1, '0111010101': 3, '1100111110': 1, '0011001101': 1, '0110001110': 2, '0101001010': 1, '1010111010': 3, '0010001001': 1, '1001110001': 3, '0000000110': 1, '1001101101': 2, '0011000101': 2, '0100111011': 1, '1110000001': 1, '1111000100': 1, '0100110100': 2, '0011011000': 1, '0001011001': 1, '1000101110': 2, '0100101101': 1, '1111000111': 2, '0000100100': 2, '1011010101': 1, '1100011110': 2, '0001110110': 2, '0110110010': 1, '0110001010': 1, '1100010000': 2, '0111011000': 1, '0100101011': 3, '0110011011': 2, '1111011101': 1, '0100000110': 1, '1000100000': 1, '0100111001': 1, '0000010110': 1, '1100001001': 3, '1000001010': 4, '1111111011': 3, '0000100110': 2, '0001011100': 4, '0100111000': 2, '1010010000': 2, '1101100111': 1, '0100100111': 1, '0100011010': 2, '1100000011': 1, '1011110000': 1, '0111011010': 2, '0011101100': 2, '0010101100': 1, '0100111110': 2, '1011000010': 1, '0001011110': 2, '0110001111': 1, '0000011111': 1, '1101010100': 1, '0110111011': 4, '1011000000': 3, '1111111001': 3, '0110110111': 2, '1100100100': 1, '0101100101': 1, '0110111100': 1, '0110100110': 1, '1110011100': 1, '0100101110': 1, '1101101010': 3, '0010111000': 2, '0000111000': 3, '1010011000': 2, '1010000011': 2, '1101010001': 1, '1001001001': 1, '1111011100': 1, '1111010001': 2, '1110011010': 1, '1110010110': 2, '1110101010': 2, '0001000000': 2, '0110010101': 2, '1110000011': 1, '0001110000': 3, '0110100000': 2, '1101111000': 2, '1011101000': 2, '0011000010': 3, '0100100101': 2, '0101010100': 1, '0110000001': 2, '1000001011': 1, '1001111010': 1, '0010111010': 1, '1011101100': 1, '1110000100': 1, '0010101000': 1, '1001011011': 1, '0111110000': 2, '0100110110': 2, '1011100110': 1, '0111001100': 1, '1100101100': 2, '1010100000': 2, '1011010111': 1, '0001101000': 1, '0101101011': 1, '1100001011': 3, '0001100011': 1, '1011001010': 2, '1001110101': 1, '1000000111': 2, '0011000001': 1, '0110000110': 1, '1110010100': 1, '1011000111': 1, '1100110011': 1, '1101010110': 1, '1101001110': 2, '0010011000': 3, '1101100100': 3, '0100100011': 2, '0000100011': 1, '0010110111': 1, '1111111101': 2, '0000100001': 1, '0011010010': 1, '1000110111': 2, '0011101000': 4}","DensityMatrix([[ 0.00097656+0.j        , -0.0009578 -0.00019052j,
                 0.00090223+0.00037371j, ..., -0.00081198+0.00054255j,
                 0.00090223-0.00037371j, -0.0009578 +0.00019052j],
               [-0.0009578 +0.00019052j,  0.00097656+0.j        ,
                -0.0009578 -0.00019052j, ...,  0.00069053-0.00069053j,
                -0.00081198+0.00054255j,  0.00090223-0.00037371j],
               [ 0.00090223-0.00037371j, -0.0009578 +0.00019052j,
                 0.00097656+0.j        , ..., -0.00054255+0.00081198j,
                 0.00069053-0.00069053j, -0.00081198+0.00054255j],
               ...,
               [-0.00081198-0.00054255j,  0.00069053+0.00069053j,
                -0.00054255-0.00081198j, ...,  0.00097656+0.j        ,
                -0.0009578 -0.00019052j,  0.00090223+0.00037371j],
               [ 0.00090223+0.00037371j, -0.00081198-0.00054255j,
                 0.00069053+0.00069053j, ..., -0.0009578 +0.00019052j,
                 0.00097656+0.j        , -0.0009578 -0.00019052j],
               [-0.0009578 -0.00019052j,  0.00090223+0.00037371j,
                -0.00081198-0.00054255j, ...,  0.00090223-0.00037371j,
                -0.0009578 +0.00019052j,  0.00097656+0.j        ]],
              dims=(2, 2, 2, 2, 2, 2, 2, 2, 2, 2))","{'1111111011': 1, '0110011000': 1, '0100000101': 1, '1001110100': 1, '1100100011': 1, '1110001101': 1, '1000001000': 1, '1010110000': 1, '1010011111': 1, '1000101111': 1, '1100110101': 1, '1111111101': 1, '0111110010': 1, '0011010000': 1, '0000010000': 1, '0001100100': 1, '0101101010': 2, '0000101111': 2, '1110000001': 1, '1010001111': 1, '1111001010': 1, '1111001100': 2, '1010111110': 1, '1101111100': 1, '0101110011': 1, '0001011111': 1, '0000111111': 1, '0100000110': 1, '0011001100': 1, '1001001110': 1, '0100000010': 1, '0111100101': 2, '0110110011': 1, '1001100000': 1, '0111000000': 2, '0000011110': 1, '1110100000': 1, '1110110001': 1, '0110000010': 1, '0010000011': 1, '1110100010': 1, '1010000110': 1, '0111111110': 1, '1101110110': 1, '1011011101': 1, '0110001000': 1, '1000010001': 1, '0111101110': 2, '1000011000': 1, '1001001111': 1, '1010010111': 1, '1010111100': 1, '0010011111': 1, '0110100010': 1, '1111010010': 2, '1101010101': 2, '1001101101': 1, '1111100001': 1, '0000100110': 1, '0001111011': 1, '1111111100': 1, '0110110110': 1, '1111101010': 2, '0010010101': 1, '0111111011': 2, '1000001110': 2, '0001100011': 1, '0110000110': 1, '1111011100': 2, '1001001001': 1, '1111101100': 3, '0011101110': 2, '1011011100': 1, '1011000000': 1, '1001101011': 3, '0101011010': 1, '1010011110': 1, '0100111001': 1, '0000010110': 1, '1110010000': 1, '0111101100': 2, '1100011001': 1, '1000111011': 1, '1101111010': 1, '0011010101': 1, '0110011001': 2, '0101111010': 1, '1010100101': 1, '0101110110': 1, '1110101101': 3, '1111001011': 1, '0101000000': 1, '1010010011': 1, '1000100011': 1, '1111011000': 2, '0001011001': 2, '1011011000': 1, '0110100011': 2, '0000000011': 1, '0011011001': 1, '1001110001': 1, '1011010010': 1, '0010001110': 1, '1011110000': 1, '0010100000': 1, '1110001110': 1, '0000100000': 2, '1110010001': 1, '0101100000': 2, '0111010000': 2, '0000111011': 1, '1000101010': 1, '0101001110': 1, '0010100110': 1, '0100101111': 1, '1101010111': 1, '0000111010': 1, '0011000111': 2, '1010001100': 1, '0101001011': 1, '1110111101': 1, '0011010100': 1, '0001100010': 2, '0010100010': 1, '0100001011': 1, '1100011111': 2, '0111011110': 2, '0100000001': 2, '1011101000': 1, '1011100100': 1, '1011011110': 2, '1000000000': 1, '0111110101': 1, '0110000100': 1, '0101000011': 1, '1011100000': 1, '0110110001': 2, '1011011111': 1, '1111000010': 1, '1000011110': 1, '1100100000': 1, '1010101100': 1, '1101101000': 1, '1001110110': 1, '0000110000': 1, '0001110101': 1, '1101100110': 1, '1111000101': 1, '1001000100': 3, '1010000101': 1, '0011101111': 1, '0010101100': 1, '0011101100': 1, '1111110111': 1, '1101001000': 3, '1110011110': 2, '1010101110': 1, '1000010101': 2, '1010000100': 1, '0110100001': 2, '0100010110': 1, '0111111000': 1, '1011110100': 2, '0111010100': 2, '1001111100': 3, '0110001111': 1, '1101000100': 1, '1100000010': 1, '1110101010': 1, '1001100001': 2, '1101000101': 2, '0001111110': 1, '0100011101': 1, '0110111000': 1, '1101000110': 1, '1001011011': 2, '1001101010': 2, '1010111010': 1, '0101001010': 1, '1011110101': 3, '0011111101': 1, '0111111101': 1, '0101011101': 1, '1011100101': 1, '1001110000': 2, '0111100001': 3, '1010110011': 1, '1110101001': 2, '1110001000': 1, '1111100111': 1, '1101111110': 1, '0011101000': 1, '0011111010': 2, '0011001110': 2, '1000110111': 1, '1010101010': 1, '1011110001': 1, '0001001000': 1, '1010111000': 1, '0111011000': 3, '0100101011': 1, '0100111111': 2, '1000010111': 1, '0000010111': 1, '1010100100': 2, '0101011000': 1, '0000001101': 1, '1000010010': 1, '1011111010': 1, '1000001001': 2, '1111011011': 1, '0010010001': 1, '0001110110': 1, '1101111001': 2, '1111101011': 1, '0111110111': 2, '1100010111': 1, '1001010101': 2, '0011110011': 2, '0011101011': 2, '0000101010': 1, '0001000011': 2, '1000010100': 2, '1011010000': 1, '0101010010': 2, '1101001100': 1, '0101011011': 2, '1001110111': 1, '1011100011': 3, '1011100010': 1, '1101001011': 1, '0000011101': 2, '1010111011': 2, '0001110001': 1, '1011000001': 3, '1110100111': 1, '1011100001': 2, '1111001101': 1, '0111010001': 1, '1100100010': 1, '0000011011': 2, '0011110000': 2, '0111000001': 3, '1000110100': 1, '0000000010': 5, '1100110011': 2, '1011000111': 3, '0101110101': 1, '1011000011': 3, '1010110101': 2, '1100001111': 1, '1001000010': 1, '0010000000': 2, '1000001010': 3, '1000111100': 1, '1111001001': 1, '1100101101': 1, '0010000111': 2, '1101101101': 2, '0101100010': 1, '0110010011': 1, '1111011111': 1, '1100110010': 1, '0110000001': 1, '0101010100': 1, '0011101010': 1, '1110110111': 1, '0101101110': 1, '0010101011': 1, '1111111111': 1, '0001101011': 2, '1100000001': 4, '0001010101': 1, '0011101001': 2, '0000001011': 1, '1001010100': 2, '0101000001': 1, '1101000011': 2, '0010100101': 1, '1000000101': 2, '1101110011': 2, '1001011110': 1, '0000100010': 2, '1101011101': 2, '0010011001': 2, '1010111111': 1, '0111001011': 3, '1001010111': 1, '1110011011': 1, '1001111010': 2, '0001111001': 1, '1101001111': 3, '0101110010': 1, '0000111000': 1, '1000111101': 1, '0111001111': 1, '1100111000': 1, '0110111110': 1, '1001100111': 3, '0011001111': 1, '1101011100': 1, '1010110110': 1, '1010010000': 2, '1001001101': 1, '0010010111': 3, '0110110000': 2, '1011110111': 1, '1010001110': 1, '0100010101': 1, '0011011011': 1, '1001111001': 1, '1110101100': 2, '1111100000': 3, '1011100111': 1, '0101001101': 1, '1011001011': 3, '0010011101': 2, '0111000110': 2, '0011000011': 1, '0011111110': 1, '1100011100': 3, '0000110101': 1, '0001011000': 2, '1000100001': 3, '1111000001': 1, '1001111011': 2, '0000101110': 1, '1110111011': 3, '0101110001': 2, '0101111101': 3, '0110101110': 1, '1010101111': 1, '1010010101': 2, '1110110010': 1, '1100010101': 1, '0010001111': 1, '1011010011': 2, '1010010010': 1, '1000101000': 2, '1101101001': 1, '1100101001': 2, '0011100111': 1, '1011111001': 1, '1111010011': 2, '1111101101': 1, '0011000000': 1, '0011110111': 1, '0000001001': 2, '0101010110': 1, '0001010111': 1, '0101111100': 2, '0001111101': 2, '0111110001': 2, '0000000100': 1, '0111101001': 1, '0110010001': 2, '0001000111': 1, '0011110010': 2, '1110000010': 1, '0100111100': 1, '1111110000': 2, '0111001001': 3, '1101111101': 1, '1111011001': 1, '0110111111': 1, '1100011101': 3, '1110110000': 2, '1110011001': 4, '0110010111': 3, '0110111011': 1, '0000011111': 2, '1001000111': 1, '1011101110': 2, '0101000100': 1, '1101011011': 2, '0101001100': 1, '1000101001': 1, '0111011010': 2, '1001101001': 2, '0000010001': 3, '0010111011': 2, '0111000111': 1, '1101010010': 2, '1010011000': 2, '1101010001': 3, '1010000011': 1, '0100010000': 3, '0100110010': 1, '0110101000': 2, '0000001100': 2, '0010100100': 4, '0001010011': 3, '0001000100': 2, '0001110011': 1, '1011010110': 1, '1000100111': 2, '0100011110': 2, '1100111010': 1, '0011111111': 1, '0111111100': 3, '0011001000': 3, '0001010000': 1, '1111101001': 1, '0011000001': 2, '1001110101': 1, '1011000101': 3, '0111111111': 1, '1011111011': 2, '0110101010': 1, '0010000101': 2, '0000101101': 2, '1000000001': 5, '1111001111': 3, '0001101001': 1, '1001011101': 1, '1001101111': 2, '0110100000': 2, '0100001101': 1, '1010001010': 1, '0001010010': 2, '0110110010': 3, '1100011110': 1, '1011010101': 1, '1111011101': 1, '1101001110': 3, '0101010001': 1, '0010101001': 1, '0110010100': 2, '1011001000': 3, '0100001100': 1, '0011000010': 1, '0100100101': 2, '0001110100': 1, '1110101111': 1, '1100101011': 2, '0100000111': 1, '0000000000': 3, '1010001000': 2, '1001001000': 1, '0000000101': 2, '0001001011': 5, '0011000101': 1, '0100111011': 1, '0000001010': 1, '0010111000': 4, '0110001100': 3, '1111010001': 2, '0011110001': 1, '1000000110': 3, '0101111111': 1, '1011111000': 2, '0011011101': 2, '0100110111': 1, '1111010111': 1, '0100011100': 2, '0000100011': 1, '0010110111': 2, '1000111111': 3, '1100010100': 1, '1111001110': 1, '0100011010': 2, '1101000000': 1, '1001111111': 2, '0110011101': 1, '1010000010': 2, '0001101010': 1, '1101110001': 1, '1001100011': 2, '0101100111': 1, '1000000100': 2, '0001100101': 2, '1000000011': 1, '0111110110': 2, '0000000001': 1, '0100001001': 1, '0000111101': 4, '1111000100': 2, '0100110100': 1, '1110010011': 2, '1001001010': 3, '1000001111': 2, '1010000000': 1, '0010110110': 1, '1111110110': 1, '0011010011': 4, '1110101011': 2, '0110101001': 1, '0101100001': 2, '0000011001': 2, '1010100000': 2, '1100011011': 1, '1111101111': 2, '1111111110': 3, '0110111100': 1, '0101010101': 1, '1110000101': 1, '0111011111': 1, '1011011011': 2, '0010001010': 4, '1010110010': 1, '1011011010': 2, '1100101110': 2, '1100001101': 1, '1101110111': 3, '1001010010': 1, '1100111101': 1, '1110100101': 3, '0111011101': 3, '0110110111': 3, '1101101111': 1, '1111000110': 1, '1101101100': 4, '0000000111': 1, '0000010101': 3, '0110011111': 2, '1110000100': 1, '1011101100': 2, '1011001111': 2, '1010010100': 2, '1000100010': 3, '0001000001': 4, '0101111000': 1, '1010100001': 3, '0101100011': 1, '1100111110': 3, '1111100110': 1, '0110000111': 2, '1011011001': 3, '1000011101': 3, '0110010101': 1, '0010000100': 3, '1100101010': 1, '0000011100': 2, '0010010011': 1, '0100101000': 2, '0010011000': 2, '1010101001': 1, '0110111101': 2, '1100101000': 1, '0100100110': 1, '1100110100': 2, '0100111110': 2, '1101100100': 3, '0010011100': 1, '0011100001': 1, '0001100001': 1, '0111001101': 3, '1101110101': 1, '1110001100': 1, '0111100010': 2, '0010101111': 1, '1000011011': 2, '0000101001': 2, '0111010101': 1, '1001010001': 1, '0101011001': 1, '0010101010': 2, '0001110010': 3, '1010110001': 1, '1011111101': 1, '1000110000': 1, '1111011110': 2, '1001100101': 1, '0001001100': 1, '1100010011': 2, '0011001001': 2, '0110010010': 2, '1000000010': 1, '0100101100': 1, '1000111010': 1, '1100010000': 2, '0010011011': 1, '0110001010': 1, '1110000000': 1, '0011010001': 2, '1000101100': 2, '0001110111': 1, '0100100100': 1, '1010100011': 1, '0100011011': 2, '0100010100': 2, '0001011110': 1, '0000010100': 2, '1011000010': 2, '0100010001': 3, '0100101110': 2, '1101101010': 2, '1110011010': 1, '1101100011': 1, '0111110011': 3, '1110000110': 1, '0001111111': 1, '0100010011': 3, '0111000011': 2, '1001111110': 3, '0101000101': 3, '0100100111': 1, '1010011011': 1, '1001111101': 1, '1010101011': 1, '1000111000': 1, '0111100000': 3, '1010100111': 1, '1111110101': 1, '1100110001': 1, '0101111011': 1, '1111000111': 1, '1001100100': 1, '1100001010': 1, '0000010011': 1, '1100100100': 3, '1011000100': 1, '1111101110': 3, '0010000001': 2, '1100100110': 2, '1011111100': 2, '1110101000': 1, '1010101101': 2, '1110010010': 2, '0101111001': 1, '0010111001': 3, '1111001000': 1, '1101110000': 1, '0110011110': 1, '0110111001': 1, '0101010011': 3, '0000101000': 2, '0011000100': 1, '0100100011': 3, '1011101010': 2, '0000010010': 1, '0001011101': 1, '1101111111': 1, '0000110011': 1, '0010000110': 1, '0010011010': 1, '0110000011': 2, '0011110100': 1, '1110010110': 1, '1001000000': 2, '0011111001': 2, '1100000000': 2, '0101011110': 2, '1011100110': 1, '0100110110': 1, '0100000011': 1, '1110011111': 1, '0010001000': 1, '1110110011': 1, '0001001001': 2, '0001100111': 1, '0010110101': 1, '0110001110': 1, '0011001101': 2, '0010011110': 1, '1101011110': 1, '1001000101': 1, '1011101101': 1, '0001100110': 2}","DensityMatrix([[ 0.00097333+0.j        , -0.00091623-0.00018768j,
                 0.000876  +0.00037018j, ..., -0.00056732+0.00038214j,
                 0.00065048-0.00027863j, -0.00066692+0.00014076j],
               [-0.00091623+0.00018768j,  0.00096281+0.j        ,
                -0.00090218-0.00018289j, ...,  0.00049888-0.00049892j,
                -0.00055492+0.00038595j,  0.00064142-0.00027595j],
               [ 0.000876  -0.00037018j, -0.00090218+0.00018289j,
                 0.0009676 +0.j        , ..., -0.00037824+0.00056079j,
                 0.00050102-0.00050587j, -0.00056246+0.00038422j],
               ...,
               [-0.00056732-0.00038214j,  0.00049888+0.00049892j,
                -0.00037824-0.00056079j, ...,  0.00097861+0.j        ,
                -0.00090859-0.00018436j,  0.00087852+0.00037024j],
               [ 0.00065048+0.00027863j, -0.00055492-0.00038595j,
                 0.00050102+0.00050587j, ..., -0.00090859+0.00018436j,
                 0.00098056+0.j        , -0.00091838-0.00018697j],
               [-0.00066692-0.00014076j,  0.00064142+0.00027595j,
                -0.00056246-0.00038422j, ...,  0.00087852-0.00037024j,
                -0.00091838+0.00018697j,  0.00097095+0.j        ]],
              dims=(2, 2, 2, 2, 2, 2, 2, 2, 2, 2))"
data/selected_mutant_qc/mutants_qft_10/qft_10_Mutant_Add_cp_P45_Q9_[2.356194490192345].qasm,Quratest_0,"{'1000001101': 2, '0111100101': 1, '0110001011': 1, '0110010011': 1, '1011010001': 1, '0101101010': 1, '1101100101': 1, '0111101110': 1, '0111110001': 2, '0011100101': 1, '0001111011': 1, '0111110100': 1, '1101110011': 1, '0111101100': 2, '0111001100': 1, '0010101101': 1, '0011101001': 1, '0011111101': 1, '1111111101': 1, '0101011001': 1, '0110011010': 1, '1101001011': 1, '0111010001': 4, '1100011101': 2, '0110101001': 1, '0001101110': 1, '1100010101': 2, '0111111101': 3, '0111110011': 1, '1101101111': 1, '0111011001': 1, '0011110011': 1, '1111100001': 5, '0100010101': 1, '1101111011': 1, '1100000001': 1, '1111111001': 2, '0011101110': 1, '0101110000': 1, '0110010100': 1, '0010011011': 1, '0110001100': 3, '0001010001': 3, '0111010010': 1, '0100110001': 1, '0010011001': 1, '1110101101': 5, '0111011101': 5, '0101010011': 1, '0101101100': 1, '0101100010': 2, '1100110001': 1, '0110001111': 1, '1111010011': 1, '0110011100': 2, '1011110001': 4, '1110000001': 1, '1001101101': 1, '0110001010': 1, '0011011101': 4, '0110110001': 1, '0101101001': 3, '1010011100': 1, '1110000101': 1, '0101100001': 5, '0101111001': 1, '0100101101': 2, '1000010001': 1, '0001001101': 3, '1111101001': 4, '0110010001': 11, '0011001101': 4, '0110100001': 1, '0011110101': 1, '0010010001': 4, '1101101001': 4, '0110010101': 13, '0001110001': 4, '0110111100': 1, '1101100001': 7, '0101100000': 1, '0110000101': 2, '0010100001': 1, '1000001011': 1, '0100100101': 1, '1101101011': 1, '0100101011': 1, '1010001101': 1, '1001101100': 1, '1100101101': 2, '0011001100': 1, '0001110101': 2, '0110011001': 3, '0011110010': 1, '0101010001': 5, '0101011011': 1, '1110010001': 19, '1111011011': 3, '0001101101': 16, '0001011101': 5, '1110010011': 5, '1101010001': 8, '0101111101': 6, '0111001101': 6, '0111010101': 3, '0011010101': 1, '1111010001': 9, '0000001101': 17, '0100001101': 12, '1101011101': 30, '1000011101': 1, '0110011101': 16, '0000110001': 1, '0000010001': 11, '0101101110': 2, '0100100001': 1, '1100011001': 2, '1101001101': 2, '1110001110': 2, '1110001100': 1, '1110010101': 12, '1101111101': 10, '0011011011': 1, '0001011011': 3, '0101011101': 21, '1111001101': 19, '1100010001': 4, '1110100101': 4, '0101110101': 7, '0000101101': 2, '1101111001': 6, '1111010101': 9, '0101010010': 2, '0101110001': 25, '1101101101': 65, '0011010001': 2, '1111110101': 6, '0011110001': 6, '0111010100': 1, '0101111100': 2, '0110010010': 1, '0101001101': 13, '0000010101': 3, '1011101101': 7, '0110101101': 2, '0101111011': 2, '1110011001': 2, '1111110001': 27, '1101110001': 25, '1111101101': 43, '0111100001': 1, '0111110101': 1, '0011100001': 1, '1111101011': 5, '1100001101': 9, '0101110010': 3, '0001111101': 1, '0111101101': 8, '0111010011': 1, '0001100001': 1, '0111111001': 1, '0001100101': 2, '1011110101': 2, '1110001101': 53, '1011100101': 1, '1011001101': 2, '0010000001': 1, '1001010001': 1, '0110011011': 1, '1111011101': 16, '1101011001': 2, '0100011101': 5, '0101100101': 3, '0110000001': 2, '1101010101': 4, '0110001101': 36, '0111001110': 1, '0011101101': 23, '0101011110': 1, '0101101101': 54, '0101010101': 5, '0001010101': 6, '0100010001': 9, '0110001110': 2, '1101101010': 1, '0010011101': 3, '1110011101': 29, '1110101011': 1, '0000011001': 1, '1110100001': 3, '0000011101': 5, '1111100101': 1, '1011011101': 1, '0111101010': 1, '0010001101': 4, '0100011001': 1, '1101110101': 6}","DensityMatrix([[ 3.24667483e-07+0.00000000e+00j,
                -6.32728306e-06+1.27441940e-05j,
                -5.61697018e-07+2.09898502e-07j, ...,
                 3.86930669e-05+8.81817343e-06j,
                 6.39412037e-07+7.07144969e-07j,
                 7.72563769e-09+2.31345405e-06j],
               [-6.32728306e-06-1.27441940e-05j,
                 6.23557951e-04+0.00000000e+00j,
                 1.91857934e-05+1.79577223e-05j, ...,
                -4.07929593e-04-1.69067448e-03j,
                 1.52964246e-05-3.88800790e-05j,
                 9.06596022e-05-4.53890101e-05j],
               [-5.61697018e-07-2.09898502e-07j,
                 1.91857934e-05-1.79577223e-05j,
                 1.10747438e-06+0.00000000e+00j, ...,
                -6.12406845e-05-4.02712288e-05j,
                -6.49055343e-07-1.63679111e-06j,
                 1.48228910e-06-4.00742886e-06j],
               ...,
               [ 3.86930669e-05-8.81817343e-06j,
                -4.07929593e-04+1.69067448e-03j,
                -6.12406845e-05+4.02712288e-05j, ...,
                 4.85085107e-03+0.00000000e+00j,
                 9.54100466e-05+6.69089529e-05j,
                 6.37555923e-05+2.75501894e-04j],
               [ 6.39412037e-07-7.07144969e-07j,
                 1.52964246e-05+3.88800790e-05j,
                -6.49055343e-07+1.63679111e-06j, ...,
                 9.54100466e-05-6.69089529e-05j,
                 2.79948503e-06+0.00000000e+00j,
                 5.05405483e-06+4.53937428e-06j],
               [ 7.72563769e-09-2.31345405e-06j,
                 9.06596022e-05+4.53890101e-05j,
                 1.48228910e-06+4.00742886e-06j, ...,
                 6.37555923e-05-2.75501894e-04j,
                 5.05405483e-06-4.53937428e-06j,
                 1.64849565e-05+0.00000000e+00j]],
              dims=(2, 2, 2, 2, 2, 2, 2, 2, 2, 2))","{'0111110101': 1, '1011010101': 1, '1010010101': 1, '0100110101': 1, '0111010010': 1, '1011110101': 1, '1101000001': 1, '0101110011': 1, '0100010011': 2, '0111011001': 1, '0101000101': 2, '0111110000': 1, '1000011101': 2, '0100100101': 1, '1110010000': 1, '0111011011': 1, '1110101100': 1, '1111100100': 1, '1011110001': 3, '0100100001': 1, '1001001101': 2, '1100011001': 2, '0010010101': 1, '0011111001': 1, '0111011010': 1, '0101001100': 1, '1111101000': 1, '0010011011': 1, '1000111101': 1, '1100010011': 1, '0101110110': 1, '0101111001': 1, '0010011101': 3, '1110010100': 1, '0111111001': 1, '1010001101': 1, '0101001001': 1, '1011001101': 1, '0101101011': 2, '1101101110': 1, '1001101111': 1, '1110011011': 1, '1110111101': 1, '1000010001': 3, '1101100001': 4, '0101011001': 4, '0111010101': 1, '1000001101': 2, '1101011101': 11, '0101101111': 1, '0110011001': 4, '0011101111': 1, '1101010001': 6, '0010010011': 2, '1111101011': 1, '0011100111': 1, '1011010001': 2, '1110001011': 1, '0111110111': 1, '1111101111': 2, '0101101001': 3, '0010010001': 3, '0011011011': 1, '0011110101': 2, '1111100011': 1, '0000110101': 1, '0010100101': 1, '0001100011': 1, '1111110011': 1, '1111011111': 1, '0011011001': 1, '1001101001': 1, '1101011001': 4, '1110110101': 1, '0111001101': 6, '0011100001': 3, '0001110001': 9, '0011011100': 1, '0111100010': 2, '0011011101': 3, '1100010101': 2, '1111110101': 5, '1101110011': 1, '0101110010': 3, '0001111101': 3, '0101111100': 2, '1111100001': 5, '0110000001': 2, '0001101100': 1, '0110001111': 1, '0110101010': 2, '0100101101': 7, '1100110001': 2, '0110001110': 2, '0110101101': 3, '1001110001': 5, '0000111101': 2, '0101100001': 3, '0000011001': 4, '1110101011': 1, '1011101101': 11, '1010101101': 5, '0011111101': 2, '0111101110': 1, '0001100001': 2, '0100011001': 2, '1101110101': 7, '0110010010': 1, '0000001000': 1, '0111111101': 2, '1001010000': 1, '0101101100': 3, '0110110001': 1, '0001011100': 1, '0111100101': 1, '0010101101': 3, '0011100101': 3, '0001011001': 3, '0101010011': 1, '1110110001': 4, '0110100001': 1, '1110010101': 14, '1000010101': 1, '0110001001': 1, '0001001101': 1, '0010011100': 1, '0101111101': 4, '1111010011': 1, '0001101001': 1, '1010011001': 1, '1101010101': 4, '1111001011': 2, '1111101001': 3, '0100010010': 1, '1111101101': 36, '0111100001': 1, '0111111100': 1, '0101101101': 30, '0100110001': 2, '1100010001': 2, '1110100101': 3, '1001101101': 10, '1100101101': 7, '1111001001': 1, '0101110101': 7, '0100001101': 10, '1001011101': 1, '0001010101': 4, '1100000101': 2, '0010110001': 1, '0011101101': 8, '0001000101': 1, '1101101011': 1, '0101110100': 2, '0101011101': 16, '0110100101': 1, '1000110001': 1, '0100111101': 1, '1101100101': 2, '0000001001': 1, '0101010110': 1, '0101001101': 12, '0000010101': 6, '1111111011': 1, '0101010001': 4, '0110111101': 1, '0110010100': 4, '1000001001': 1, '1101000101': 1, '0110001101': 15, '0100010101': 4, '1101111011': 1, '0101100101': 3, '1101101111': 3, '0111011101': 8, '1111111001': 2, '0110011101': 5, '0111011100': 1, '0001100101': 2, '1111100101': 2, '0000110001': 2, '0000010001': 12, '0001010011': 1, '0111101101': 13, '0101011100': 1, '1011010011': 1, '1101101001': 7, '1100101001': 2, '0111010100': 1, '0100001001': 1, '0001110011': 1, '0011110001': 13, '0001010001': 4, '0110010011': 2, '1111011001': 1, '1101111101': 9, '0111101001': 2, '0001101101': 12, '0101010101': 6, '1100111101': 2, '0101110000': 2, '1110001001': 2, '0110011000': 1, '0111001011': 1, '1100001101': 6, '0101010100': 1, '0110011100': 1, '0110010000': 2, '0101011011': 1, '1110010001': 22, '1111111101': 5, '0111110011': 1, '0100011101': 8, '0110110101': 1, '1001110101': 1, '0111110001': 12, '1111010001': 9, '0101011000': 1, '0000001101': 11, '1100011101': 5, '0011010001': 4, '0101110001': 25, '1001010001': 2, '1101101101': 54, '1110101101': 12, '0010111101': 1, '1111010101': 13, '1001010101': 2, '0110010001': 9, '0110011110': 1, '0011001101': 3, '1011111001': 1, '1110101001': 2, '0110010110': 1, '0010111011': 1, '1001011001': 1, '1110110111': 1, '0101101110': 3, '1110001101': 30, '0111010001': 7, '0111001100': 1, '1110011101': 22, '0110010101': 3, '0100011011': 1, '1111011101': 13, '0000101101': 3, '1101111001': 2, '0110001100': 3, '0001011101': 7, '1010110001': 1, '1111001111': 2, '0000011101': 5, '1011011101': 3, '1101001101': 9, '0100010001': 5, '0110010111': 1, '1101110001': 24, '1110011001': 5, '0110111010': 1, '1111110001': 20, '1111001101': 12}","DensityMatrix([[ 2.51014315e-06+0.00000000e+00j,
                -7.04155613e-06+1.58036736e-05j,
                -9.66657523e-07+6.44374462e-07j, ...,
                 2.75807284e-05+5.81676031e-06j,
                 7.23028962e-07+5.18879618e-07j,
                 4.93866718e-08+1.64598861e-06j],
               [-7.04155613e-06-1.58036736e-05j,
                 7.86495655e-04+0.00000000e+00j,
                 2.32694565e-05+1.99061214e-05j, ...,
                -2.87436140e-04-1.26192041e-03j,
                 1.07803402e-05-2.75478013e-05j,
                 6.36011666e-05-3.40542608e-05j],
               [-9.66657523e-07-6.44374462e-07j,
                 2.32694565e-05-1.99061214e-05j,
                 1.88338741e-06+0.00000000e+00j, ...,
                -4.33665188e-05-2.76653263e-05j,
                -6.35129243e-07-1.50001731e-06j,
                 1.07786393e-06-3.08050309e-06j],
               ...,
               [ 2.75807284e-05-5.81676031e-06j,
                -2.87436140e-04+1.26192041e-03j,
                -4.33665188e-05+2.76653263e-05j, ...,
                 5.01707181e-03+0.00000000e+00j,
                 9.72575657e-05+7.58486846e-05j,
                 7.83816005e-05+3.02349491e-04j],
               [ 7.23028962e-07-5.18879618e-07j,
                 1.07803402e-05+2.75478013e-05j,
                -6.35129243e-07+1.50001731e-06j, ...,
                 9.72575657e-05-7.58486846e-05j,
                 4.46542392e-06+0.00000000e+00j,
                 7.35372030e-06+5.70033179e-06j],
               [ 4.93866718e-08-1.64598861e-06j,
                 6.36011666e-05+3.40542608e-05j,
                 1.07786393e-06+3.08050309e-06j, ...,
                 7.83816005e-05-3.02349491e-04j,
                 7.35372030e-06-5.70033179e-06j,
                 3.37837274e-05+0.00000000e+00j]],
              dims=(2, 2, 2, 2, 2, 2, 2, 2, 2, 2))"
data/selected_mutant_qc/mutants_qft_10/qft_10_Mutant_Add_cp_P45_Q9_[2.356194490192345].qasm,Quratest_1,"{'1111001110': 1, '1000010000': 1, '0110111110': 1, '0010111110': 1, '1011001010': 1, '0000000011': 1, '0110110000': 1, '0001100000': 1, '1001000100': 1, '1000011000': 2, '0100011100': 1, '1001001100': 1, '1111000010': 1, '1001000010': 3, '0001001101': 1, '0011101111': 1, '1001001010': 2, '1101110000': 1, '0101111010': 5, '0111011000': 2, '0010101101': 1, '0010100000': 1, '0110100000': 1, '0100001101': 2, '0110101110': 1, '0000100010': 2, '0010100010': 2, '0101011000': 1, '1000111000': 2, '0100100000': 1, '0010011011': 1, '1110000010': 1, '1111110010': 1, '1111100001': 2, '0100110010': 2, '1100101010': 2, '0000101110': 2, '0101000010': 2, '1101001110': 2, '0010110110': 2, '0011000010': 6, '0000011001': 1, '0111001010': 1, '0011010010': 3, '0100010111': 1, '0111010000': 3, '1000011100': 1, '1000100000': 1, '0000010110': 1, '0111100100': 4, '1000001010': 1, '0011101100': 1, '1010011110': 4, '0100011010': 13, '1010000010': 1, '1100101101': 1, '0010110010': 3, '0000001110': 1, '1011011110': 2, '1100110010': 2, '0101010010': 4, '0111110010': 8, '0000110010': 1, '1011110010': 3, '0100111000': 1, '1011011010': 23, '0001101010': 2, '1011010000': 1, '0101011110': 3, '0010101110': 3, '0111000010': 3, '1010011100': 1, '1010100000': 1, '0000110110': 2, '0010011010': 9, '1100100010': 7, '1010101010': 3, '1001100000': 1, '0000010010': 1, '0010000010': 1, '0000110001': 1, '0010011110': 2, '0111110111': 1, '1101110010': 1, '0101100110': 1, '1111101011': 1, '1011110110': 4, '0100100001': 1, '0010010111': 1, '1001110010': 7, '1001011110': 3, '0010010010': 1, '1100010110': 5, '1001010110': 9, '0100011110': 1, '1110010110': 1, '0110000010': 2, '0010100110': 1, '0111101110': 5, '0011011111': 1, '1111011011': 1, '1011111010': 11, '0001100010': 5, '1001100110': 3, '1010000110': 1, '1010001010': 2, '0100001010': 2, '1100000010': 2, '0001101110': 2, '1000001110': 7, '0101010110': 6, '0000011010': 3, '0110011000': 2, '1011011000': 1, '0011101010': 3, '1100011000': 2, '0011011010': 19, '1110100010': 5, '0011100010': 9, '1000100100': 4, '1001010000': 2, '1110011010': 2, '1101010010': 2, '0110010110': 8, '1110001110': 1, '1101010110': 3, '0001011000': 1, '0111000110': 2, '1111100011': 1, '1011010010': 7, '0101101110': 5, '0100100100': 1, '1100011001': 1, '1101111010': 2, '0000110000': 1, '1010111000': 1, '1000110010': 8, '1100110110': 1, '1010110110': 2, '0101001100': 1, '0111011010': 21, '0101110010': 5, '1010001110': 6, '0001111010': 1, '0100000010': 2, '0101100100': 2, '1000000010': 6, '1010010010': 4, '0011100100': 1, '0100010110': 8, '1001000110': 1, '1000110110': 7, '0001010110': 4, '1001110110': 5, '1010011000': 3, '1001101010': 2, '1100010010': 4, '1101100010': 2, '1010011010': 12, '0010111010': 5, '1001111010': 6, '1111110110': 1, '0001011001': 1, '0001001110': 2, '0011110010': 4, '1000111010': 9, '0110111010': 5, '1111110001': 1, '1011100010': 15, '1000011010': 28, '0011010110': 3, '0111101010': 5, '1101001010': 1, '1010110010': 5, '1001001110': 10, '0101001110': 1, '1100001100': 1, '1010101100': 1, '0011110110': 2, '0101000000': 1, '0100100010': 7, '1000101110': 11, '0110101010': 1, '0100111010': 1, '0010010110': 2, '0001010111': 1, '0110011010': 13, '1010000000': 1, '1000100110': 5, '0111010110': 12, '0100100110': 1, '0100111110': 1, '1011001110': 5, '1100001110': 2, '1001010010': 19, '0110110110': 3, '0110010010': 5, '1000111110': 3, '1000101010': 11, '0111100110': 1, '0111111010': 6, '1010100110': 4, '0010010100': 1, '1101110110': 1, '1000100010': 21, '0110110010': 5, '0001010010': 3, '0011001010': 1, '0110011110': 3, '1101100100': 1, '1010101110': 6, '0001110110': 1, '1111111000': 1, '0101011010': 12, '0111110110': 1, '1000010110': 15, '0011110011': 2, '1101101110': 1, '1111100010': 2, '1011000010': 2, '0001011110': 2, '0000111010': 1, '0111100000': 2, '1111111010': 3, '0101110000': 1, '1011010110': 12, '0111010010': 12, '0011101110': 2, '0110001110': 5, '0100101010': 2, '0110111000': 1, '1100100110': 1, '1001101100': 1, '1100011010': 10, '0100010000': 2, '1000010010': 11, '1101011010': 4, '0100010010': 5, '1000110000': 1, '0111011110': 1, '1001101110': 6, '0100101110': 4, '0110100010': 13, '1001100010': 25, '1010100010': 16, '1001100100': 1, '0100001110': 4, '1001011010': 28, '1001110000': 1, '0011111010': 6, '0001110010': 2, '0011001110': 8, '1110011110': 2, '1010111010': 6, '1011101110': 2, '1111011010': 1, '1011101010': 3, '0111100010': 21, '1010010110': 6, '0001011010': 1, '0101100010': 6, '0111001110': 6}","DensityMatrix([[ 3.00781412e-05+0.00000000e+00j,
                 3.77298664e-05-2.63936179e-07j,
                 5.79838544e-06-1.04741730e-04j, ...,
                 1.01753522e-06-1.63018444e-06j,
                 3.76001949e-06+4.11046851e-05j,
                 2.31939404e-05+1.33975674e-05j],
               [ 3.77298664e-05+2.63936179e-07j,
                 4.73304675e-05+0.00000000e+00j,
                 8.19257542e-06-1.31336609e-04j, ...,
                 1.29069587e-06-2.03596614e-06j,
                 4.35585494e-06+5.15945009e-05j,
                 2.89767963e-05+1.70093672e-05j],
               [ 5.79838544e-06+1.04741730e-04j,
                 8.19257542e-06+1.31336609e-04j,
                 3.65862077e-04+0.00000000e+00j, ...,
                 5.87298260e-06+3.22912114e-06j,
                -1.42414843e-04+2.10176470e-05j,
                -4.21833573e-05+8.33514836e-05j],
               ...,
               [ 1.01753522e-06+1.63018444e-06j,
                 1.29069587e-06+2.03596614e-06j,
                 5.87298260e-06-3.22912114e-06j, ...,
                 1.22776179e-07+0.00000000e+00j,
                -2.10060407e-06+1.59434687e-06j,
                 5.85190854e-08+1.71030840e-06j],
               [ 3.76001949e-06-4.11046851e-05j,
                 4.35585494e-06-5.15945009e-05j,
                -1.42414843e-04-2.10176470e-05j, ...,
                -2.10060407e-06-1.59434687e-06j,
                 5.66435562e-05+0.00000000e+00j,
                 2.12085066e-05-3.00219516e-05j],
               [ 2.31939404e-05-1.33975674e-05j,
                 2.89767963e-05-1.70093672e-05j,
                -4.21833573e-05-8.33514836e-05j, ...,
                 5.85190854e-08-1.71030840e-06j,
                 2.12085066e-05+3.00219516e-05j,
                 2.38529927e-05+0.00000000e+00j]],
              dims=(2, 2, 2, 2, 2, 2, 2, 2, 2, 2))","{'1100111110': 1, '1100110110': 1, '1111110111': 1, '0111100110': 1, '1101011000': 1, '1101001010': 1, '1001100101': 1, '0010111110': 1, '1100010001': 1, '0010001110': 1, '0010001011': 1, '1010101000': 1, '1111001010': 1, '0111100000': 1, '1110110010': 1, '1101011100': 1, '0100000000': 2, '0111101000': 1, '0000001110': 2, '1000001111': 1, '0110101101': 1, '0111100100': 2, '1111111010': 1, '1110110110': 1, '0011010001': 1, '0001111000': 1, '0101000010': 2, '0100010011': 1, '0000010111': 1, '0101011000': 1, '0110010000': 1, '0101010100': 1, '1000011100': 1, '1110010010': 1, '0111111110': 1, '0010001100': 1, '0001100010': 2, '1110111010': 1, '0101101110': 3, '1010111110': 1, '1111001101': 1, '1000010000': 2, '1000100110': 2, '1111110010': 1, '0110110000': 1, '0001010110': 1, '1001110110': 2, '1000001100': 1, '1000101100': 1, '1010110111': 1, '0001010111': 1, '0101100011': 1, '1101111010': 3, '0010111100': 1, '1011101110': 3, '1111100011': 1, '0111000110': 1, '1010011000': 2, '0110010110': 4, '1001100000': 4, '1001001010': 3, '1011101100': 1, '1100011000': 2, '0100011000': 2, '0110011110': 2, '1100000100': 1, '1101001110': 2, '1100000010': 2, '0110000110': 1, '1100010111': 1, '1010100010': 11, '0011110010': 3, '0011010011': 1, '0100001110': 2, '0000100010': 4, '1010100110': 1, '1111010000': 1, '0000101100': 1, '0011000110': 5, '0000001010': 1, '0111010110': 1, '0111001110': 6, '0000011001': 1, '0001101111': 1, '0111111010': 7, '0001110100': 2, '0110100110': 2, '1011011110': 3, '0100111010': 2, '0110100001': 1, '1011010000': 2, '0101011110': 5, '0010101110': 2, '0010010010': 4, '1001011110': 6, '1010101100': 1, '0000010101': 1, '1111000110': 1, '0100111000': 3, '1011011010': 25, '0001101010': 1, '1000000110': 2, '1100101010': 2, '0000110000': 1, '1010111000': 1, '1000110010': 8, '1110100000': 1, '1011100100': 2, '0100110011': 1, '0101100000': 3, '0101011001': 1, '0101011010': 7, '1100001000': 1, '1010110000': 1, '0011001110': 2, '1010001110': 6, '0100010111': 1, '1011110010': 4, '0011011000': 4, '0011111010': 3, '1001110000': 1, '0010111000': 1, '1110000010': 1, '0010110010': 4, '1110101110': 3, '1111011010': 5, '1011000000': 1, '0010011110': 1, '1101011110': 1, '0101100110': 2, '1101110010': 1, '1110101010': 1, '1010010010': 3, '0011010010': 5, '0101001010': 1, '0101110110': 3, '0011011010': 15, '1110100010': 7, '1111101010': 1, '1011110000': 1, '0100101110': 1, '1100100110': 1, '1111101110': 3, '1101000010': 1, '1101011001': 1, '0101111110': 1, '0110010010': 8, '0011010000': 1, '0010101010': 1, '0110110110': 3, '1111100001': 1, '1010010110': 5, '1011000110': 1, '1000100100': 2, '0011100010': 7, '0100110110': 3, '0010010110': 3, '0101101100': 1, '1001010000': 2, '1110011010': 5, '1110010110': 2, '0110000010': 1, '0010100110': 2, '0010111111': 1, '0110100100': 2, '1100010110': 2, '1001010110': 13, '0100011110': 3, '0000101010': 1, '0000011110': 1, '1110001110': 1, '1101010110': 1, '1001101010': 6, '1100010010': 5, '1011001010': 2, '1100111010': 3, '0001000010': 2, '0100000010': 2, '0001111010': 2, '1010011110': 4, '0100011010': 10, '1010000010': 6, '1101110110': 3, '1000100010': 18, '0001010001': 1, '1000010100': 1, '0101101010': 1, '0011101110': 5, '0111010010': 6, '0100010000': 1, '1000010010': 10, '0110011010': 8, '1010100011': 2, '0100010100': 1, '1011000010': 2, '0100010110': 6, '1000111011': 1, '0000010010': 2, '1000000000': 1, '1000110110': 5, '0001001110': 1, '1000001010': 2, '1000100000': 2, '0000010110': 1, '0001011111': 1, '1100010000': 2, '1000111010': 7, '1010110110': 5, '1011010110': 8, '1111010110': 4, '1010101010': 4, '0001110110': 4, '0011010110': 1, '0001001010': 1, '1000011010': 19, '1011100010': 7, '1010101110': 7, '0110011011': 2, '1001010010': 11, '0110100000': 1, '0100110010': 4, '1000100001': 1, '1010110010': 6, '1011110110': 5, '1001001110': 7, '0101001110': 4, '0110101010': 3, '0100100010': 2, '1000101110': 10, '1000101000': 1, '0111001010': 3, '0111101110': 7, '1001100010': 17, '0111110110': 5, '0110101011': 1, '1000010110': 10, '1010111010': 4, '0100001100': 1, '1100101110': 4, '1011010010': 5, '1100011110': 1, '0000100100': 1, '1000101010': 6, '1000000010': 5, '1000001110': 4, '0000011010': 6, '0101010110': 4, '0010011000': 1, '0011000010': 4, '0001010010': 3, '1000011110': 5, '0110110010': 4, '1100111000': 1, '0111011010': 16, '0011100110': 2, '1001000010': 8, '1000111110': 4, '1100100100': 1, '1000011000': 6, '0000010011': 1, '0010011010': 3, '1100100010': 5, '0111000010': 2, '0101011100': 1, '0111100010': 7, '1011101001': 1, '1011101010': 7, '1111011100': 1, '1111111110': 1, '0010100010': 7, '0001110000': 1, '0001110010': 1, '1001011011': 1, '0110111010': 5, '1011100000': 5, '1101100010': 1, '1100001010': 2, '1010011010': 17, '1111100110': 2, '0111000100': 1, '1001011010': 20, '1101011010': 2, '0100010010': 6, '1001100110': 5, '1001110010': 5, '1001101110': 4, '0111011110': 4, '1000110000': 2, '0111001011': 1, '0110011000': 2, '1011011000': 6, '0011101010': 3, '0001101110': 3, '0110101110': 3, '1100011010': 8, '0000110010': 1, '0111110010': 6, '0101010010': 5, '0011011110': 5, '0011111100': 1, '0110100010': 8, '1110001100': 1, '1011001110': 2, '0100111110': 1, '0100100110': 1, '1100001110': 1, '1000111000': 1, '1001111010': 5, '0010111010': 4, '1101101010': 1, '0110011001': 2, '0011110110': 3, '0010011011': 1, '1011111010': 6, '0100110000': 2, '0111011000': 2, '1111010010': 2, '0110001110': 4, '0100101010': 1, '0011011100': 1, '0001110001': 1, '0110000100': 1, '1011111110': 3, '1111110110': 2, '1010110100': 2, '0001011010': 5, '0101100010': 10, '0000101110': 4}","DensityMatrix([[ 3.92740771e-05+0.00000000e+00j,
                 3.82521831e-05-1.65084119e-06j,
                 9.43705124e-06-1.20208358e-04j, ...,
                 5.68152873e-07-6.12442758e-07j,
                 4.68529108e-06+3.36506725e-05j,
                 1.82308938e-05+1.02578501e-05j],
               [ 3.82521831e-05+1.65084119e-06j,
                 4.77380337e-05+0.00000000e+00j,
                 1.37636175e-05-1.28171880e-04j, ...,
                 1.36764177e-06-1.54024233e-06j,
                 3.96526028e-06+3.94973679e-05j,
                 2.29552083e-05+1.33155962e-05j],
               [ 9.43705124e-06+1.20208358e-04j,
                 1.37636175e-05+1.28171880e-04j,
                 4.25656009e-04+0.00000000e+00j, ...,
                 5.16745108e-06+4.33971612e-06j,
                -1.11657833e-04+2.05299104e-05j,
                -3.11612858e-05+6.45745597e-05j],
               ...,
               [ 5.68152873e-07+6.12442758e-07j,
                 1.36764177e-06+1.54024233e-06j,
                 5.16745108e-06-4.33971612e-06j, ...,
                 6.80629228e-06+0.00000000e+00j,
                 1.47621877e-06-1.41004072e-05j,
                -2.19953001e-06-2.08099701e-06j],
               [ 4.68529108e-06-3.36506725e-05j,
                 3.96526028e-06-3.94973679e-05j,
                -1.11657833e-04-2.05299104e-05j, ...,
                 1.47621877e-06+1.41004072e-05j,
                 1.17139372e-04+0.00000000e+00j,
                 2.82156970e-05-3.71046225e-05j],
               [ 1.82308938e-05-1.02578501e-05j,
                 2.29552083e-05-1.33155962e-05j,
                -3.11612858e-05-6.45745597e-05j, ...,
                -2.19953001e-06+2.08099701e-06j,
                 2.82156970e-05+3.71046225e-05j,
                 2.62734583e-05+0.00000000e+00j]],
              dims=(2, 2, 2, 2, 2, 2, 2, 2, 2, 2))"
data/selected_mutant_qc/mutants_qft_10/qft_10_Mutant_Add_cp_P45_Q9_[2.356194490192345].qasm,Quratest_2,"{'0000010111': 1, '1111111111': 1, '0111111001': 1, '1111010100': 1, '1010001001': 1, '0011100000': 1, '0111011000': 2, '0110110011': 1, '0001111001': 1, '0111101000': 1, '1000111000': 1, '0010101111': 1, '0101001101': 3, '1001010000': 1, '1010111101': 1, '0000000001': 2, '0011011000': 1, '1000000001': 1, '0010000001': 1, '0101000111': 1, '0100111000': 1, '1111010000': 3, '1111101111': 1, '1001000000': 1, '0001000101': 2, '0110000001': 1, '0000011111': 1, '0101001001': 1, '1000010111': 2, '1000011111': 2, '0010011111': 2, '1110111100': 1, '1010010101': 1, '1111001101': 1, '1101110111': 1, '0011000000': 2, '1000011001': 2, '0001000011': 2, '0111101001': 1, '1110110001': 2, '0000000011': 1, '1010100011': 2, '1010010011': 1, '0100101001': 1, '1101010000': 2, '1011000101': 1, '1001011011': 1, '0110010000': 1, '1000001111': 1, '1110010000': 1, '0000111000': 6, '1111000111': 1, '1011000011': 1, '0101100011': 1, '0111101101': 1, '1110010111': 2, '0101010101': 2, '0111000000': 4, '1100111001': 1, '0110010111': 4, '0100011111': 2, '1111001111': 3, '1001101011': 1, '0010010000': 1, '0000011000': 1, '0010110101': 1, '1001110111': 1, '0101000000': 2, '1010111000': 1, '0101110101': 1, '1000110111': 19, '0000110000': 4, '1110011000': 1, '1100110101': 1, '1101010111': 1, '1010110101': 1, '0010000000': 3, '0111010011': 1, '1001000101': 3, '0111110111': 3, '0111001011': 2, '0110011000': 3, '0110100011': 1, '0100110001': 1, '0101101101': 2, '0111001101': 2, '0011100001': 1, '1001100101': 1, '1010110001': 2, '1000010001': 2, '0011000001': 1, '1110100000': 2, '1001110101': 1, '0110110101': 4, '0001111111': 1, '1000111001': 9, '1111000011': 5, '0000110111': 4, '0000110011': 1, '1110110000': 7, '1110011001': 2, '0111001111': 8, '1000110011': 2, '1101101101': 1, '1001010001': 5, '1011001111': 5, '0000111111': 12, '1101110011': 1, '0110011111': 5, '0001010111': 4, '0111000011': 6, '0001110111': 2, '1010110111': 7, '0001111000': 2, '1001001101': 3, '0100100001': 1, '1110110101': 1, '1001101001': 3, '1101011001': 4, '0110100001': 10, '0001001000': 2, '1010101001': 4, '0001010001': 3, '0001011001': 2, '1101000000': 1, '1010110000': 1, '0101110111': 1, '1001110001': 1, '0111000101': 2, '0110101101': 1, '0101111011': 1, '1101100000': 3, '1010010001': 2, '0110001111': 3, '0110111011': 1, '1010000011': 1, '1101001001': 3, '1011000000': 3, '0100111111': 4, '0111100001': 7, '0100101111': 2, '1110101011': 1, '1001000011': 8, '0110111000': 5, '1001010111': 16, '1110011011': 1, '0101111111': 1, '1111010001': 5, '0101111000': 1, '0101000101': 2, '0111011001': 4, '1000100111': 1, '0110111111': 12, '0111000111': 2, '1101111000': 1, '0001110000': 1, '0101000011': 6, '0001010101': 2, '1111111001': 1, '0101100101': 1, '0110110111': 14, '1000101111': 7, '0001111101': 1, '1111100001': 5, '1001000111': 5, '0101000001': 11, '1000011000': 1, '1001011000': 2, '1010011001': 4, '0010100000': 2, '0000100001': 7, '0001100001': 4, '0110101001': 5, '0001001101': 1, '0101100000': 1, '0110111001': 10, '1010010111': 5, '1011011001': 1, '1001010101': 3, '0110010001': 2, '1000111101': 2, '0001001001': 3, '1110011111': 6, '1000101101': 3, '1011001011': 1, '1110111001': 8, '1111000001': 15, '1111100000': 4, '0000100011': 1, '1111000101': 3, '1100111111': 2, '1110001101': 1, '1110110111': 10, '1010100111': 1, '1011000001': 12, '0000111001': 5, '0001000000': 11, '1111001000': 1, '0101001011': 3, '1001101101': 1, '1111001001': 3, '0111011111': 3, '1001101111': 2, '0010011000': 4, '0111010101': 2, '1111111000': 1, '0101011001': 6, '0101001111': 8, '1101011111': 1, '1110111111': 16, '1110000001': 1, '0100111001': 5, '1110111000': 9, '1011010001': 2, '1000110001': 5, '0110100101': 2, '0011000111': 1, '0001010000': 8, '0011010000': 1, '1001001001': 5, '0110011101': 2, '1010101111': 7, '1001011111': 5, '0010111000': 5, '1101001111': 1, '0001011111': 5, '1000100011': 2, '0011001111': 1, '0110010101': 1, '0111010000': 3, '0100010111': 3, '1010001111': 2, '1001111001': 4, '1010111001': 8, '0011010111': 2, '1111001011': 2, '1011010111': 3, '1001100011': 3, '0101100001': 8, '1001001011': 10, '1110111011': 1, '1010100001': 10, '0111010001': 8, '1001000001': 27, '0101010001': 2, '1010011111': 2, '0110011001': 1, '1101010001': 1, '1001100001': 5, '1011100000': 1, '1110001111': 2, '0001000001': 18, '0000110101': 1, '1111100011': 1, '0001011000': 7, '0010100001': 2, '0000100000': 3, '1001011101': 1, '1101110001': 1, '0001100000': 2, '1011100001': 3, '0100110111': 4, '1101111111': 1, '1101111001': 1, '0011011001': 1, '1111011111': 3, '1010111111': 7, '0101010111': 4, '1010100101': 1, '1111010111': 11, '0111100000': 1, '0011011111': 1, '1001001111': 9, '0001001111': 2, '1000110101': 3, '0110101111': 3, '1010101101': 2, '0010010001': 1, '0101101001': 1, '1111000000': 5, '1010111011': 1, '0000101111': 3, '1111011101': 1, '1110100001': 4, '0101101111': 2, '0111010111': 8, '0111101111': 1, '1111100101': 1, '1111011000': 3, '0000110001': 4, '0101011111': 7, '1101011000': 4, '1110101111': 4, '0110110001': 4, '1100011000': 1, '1010000001': 4, '1000111111': 29, '0111001001': 2, '1111011001': 3, '0111000001': 20, '1110101001': 1, '0011000011': 1, '1110100011': 1, '1001011001': 7, '1000100001': 2, '0010111001': 1, '0101111001': 4}","DensityMatrix([[ 4.57544212e-04+0.00000000e+00j,
                -5.36061167e-04+1.65167800e-04j,
                -3.68498734e-06-2.41822493e-05j, ...,
                 1.31274199e-04+3.50536863e-05j,
                -4.74156219e-06+1.52352706e-05j,
                 4.45629351e-04-9.50717820e-05j],
               [-5.36061167e-04-1.65167800e-04j,
                 6.87675570e-04+0.00000000e+00j,
                -4.41214259e-06+2.96622832e-05j, ...,
                -1.41147584e-04-8.84574420e-05j,
                 1.10549830e-05-1.61380766e-05j,
                -5.56421391e-04-4.94800909e-05j],
               [-3.68498734e-06+2.41822493e-05j,
                -4.41214259e-06-2.96622832e-05j,
                 1.30776501e-06+0.00000000e+00j, ...,
                -2.90992806e-06+6.65582239e-06j,
                -7.67030828e-07-3.73304729e-07j,
                 1.43573233e-06+2.43182147e-05j],
               ...,
               [ 1.31274199e-04-3.50536863e-05j,
                -1.41147584e-04+8.84574420e-05j,
                -2.90992806e-06-6.65582239e-06j, ...,
                 4.03494913e-05+0.00000000e+00j,
                -1.93188719e-07+4.73442156e-06j,
                 1.20571998e-04-6.14179412e-05j],
               [-4.74156219e-06-1.52352706e-05j,
                 1.10549830e-05+1.61380766e-05j,
                -7.67030828e-07+3.73304729e-07j, ...,
                -1.93188719e-07-4.73442156e-06j,
                 5.56439961e-07+0.00000000e+00j,
                -7.78378027e-06-1.38532951e-05j],
               [ 4.45629351e-04+9.50717820e-05j,
                -5.56421391e-04+4.94800909e-05j,
                 1.43573233e-06-2.43182147e-05j, ...,
                 1.20571998e-04+6.14179412e-05j,
                -7.78378027e-06+1.38532951e-05j,
                 4.53779453e-04+0.00000000e+00j]],
              dims=(2, 2, 2, 2, 2, 2, 2, 2, 2, 2))","{'1000101101': 1, '1110101101': 1, '0110001101': 1, '1010010011': 1, '0100100111': 1, '1111010011': 2, '0100000000': 1, '0110010111': 1, '1001100111': 1, '1101100000': 1, '0000011011': 1, '0111111101': 1, '0010101111': 1, '1001010011': 2, '1100100011': 1, '0001001101': 2, '1111101011': 1, '1101001101': 1, '0000111010': 1, '1111000100': 1, '0001100111': 1, '1000011001': 2, '1111111011': 1, '0101100011': 1, '0110011101': 1, '1011010001': 2, '1001010101': 2, '0000111000': 2, '0110001111': 2, '0000111100': 1, '1001101011': 1, '0011001111': 4, '0010100100': 1, '0011001101': 1, '0001010001': 1, '0000000001': 3, '0100100101': 1, '0001110000': 1, '1101111000': 1, '0110110000': 1, '0000011111': 3, '1101000001': 3, '1100110001': 1, '0100101101': 1, '1111000111': 1, '1110100100': 1, '1000011011': 2, '1001100101': 1, '0110000101': 1, '1000001001': 1, '1110111011': 1, '0111100100': 1, '1111101111': 1, '0111010111': 2, '0111010101': 1, '0101011001': 2, '1110110000': 3, '1110011001': 2, '1001011001': 8, '1100010001': 1, '0100110001': 2, '0001011011': 1, '0111010011': 1, '0010000000': 1, '1110100111': 1, '0110101111': 3, '1011000000': 3, '0101111011': 1, '0000010001': 1, '0000000101': 1, '1000110101': 5, '0101001101': 1, '0011010101': 1, '1101111111': 1, '1101111001': 2, '1010001101': 1, '0111111001': 2, '1001100000': 3, '1001001011': 3, '0011101011': 1, '1101010111': 2, '1011011101': 2, '0111000000': 3, '0101101011': 1, '0000101001': 2, '0001001111': 4, '1011011111': 1, '1010001111': 1, '0110111101': 3, '1010110011': 2, '1110001001': 1, '0101010100': 2, '0000100000': 3, '0011001011': 2, '1001010010': 1, '1101110111': 2, '0011011001': 1, '1111011111': 5, '0110001001': 2, '1000100101': 1, '0111001101': 4, '0011100001': 1, '0011010000': 1, '1001001001': 5, '0011101111': 1, '0110011001': 6, '1011001101': 2, '1011110111': 1, '1101011001': 2, '1110110101': 2, '1001101001': 1, '1110000000': 3, '1010000001': 1, '0100011000': 1, '0100110101': 2, '1001111001': 4, '0000100101': 1, '0001001100': 1, '1000111101': 3, '0011111001': 1, '1010011000': 1, '0000011000': 2, '0010010000': 3, '0010000111': 1, '0100001111': 1, '0110111111': 16, '0111000111': 4, '1000100111': 4, '1110000101': 1, '1001000101': 2, '1010011101': 1, '0111110111': 3, '1101001111': 5, '0001011111': 2, '0101010001': 2, '1001101111': 4, '1011011011': 1, '0111011111': 4, '1110011101': 1, '0110111000': 1, '1010111111': 9, '0001100000': 5, '1011100001': 5, '1001000111': 4, '0101000001': 11, '0101111100': 1, '0001111101': 1, '1001110011': 3, '1111100001': 3, '0101000111': 1, '0100110111': 6, '0100111111': 10, '0000110001': 1, '1111011000': 3, '0111101111': 1, '1110110011': 2, '1110011111': 7, '0001001001': 3, '1001100001': 5, '1111110001': 1, '0101000100': 1, '0011011000': 2, '1001001111': 7, '0011011111': 1, '1000101001': 5, '0110011111': 6, '1010100001': 2, '0111010001': 6, '0011110000': 1, '1110001000': 1, '1010111001': 8, '0011010111': 2, '0001010011': 1, '1110011000': 3, '0001111001': 1, '1000111011': 1, '1000000000': 1, '1101100001': 2, '0101110011': 1, '1110101111': 6, '1001011101': 1, '0110100000': 4, '0110011000': 1, '0111001011': 3, '0111011001': 3, '0101111000': 1, '1010010001': 3, '0010000110': 1, '0000110011': 1, '1111000011': 4, '1000111001': 5, '0000110111': 4, '1000011111': 3, '0000101000': 1, '0010011111': 1, '1111001001': 5, '1100101101': 1, '1001101101': 1, '0111001000': 3, '0100111011': 1, '1110000001': 6, '0010000001': 1, '0101111111': 3, '0111110001': 1, '1111010001': 4, '0000001101': 1, '1011000111': 1, '1010011111': 3, '0110111001': 5, '1010010111': 4, '0100101001': 2, '0001000000': 6, '0111100001': 6, '1100111001': 3, '0010100101': 1, '0000110101': 3, '0001011000': 3, '1111100011': 1, '0111111000': 1, '1000000001': 5, '1001001000': 1, '0010110111': 4, '1000111111': 11, '1110111001': 3, '1111000001': 19, '1011001011': 4, '0101110111': 1, '0010100011': 2, '0110101011': 1, '1111010111': 4, '1111110101': 1, '1010100101': 2, '1011001001': 3, '1000110001': 5, '1001110001': 1, '0000010000': 1, '0110101101': 2, '0111000101': 4, '0101010000': 2, '1001100011': 1, '1111001011': 2, '1011010111': 5, '0000111001': 3, '0000101101': 2, '1011000001': 9, '0101010011': 1, '1110110001': 2, '0011000100': 1, '1000010111': 2, '0001101111': 1, '1111111001': 1, '0110110111': 8, '1101101111': 2, '0000011001': 5, '0101100001': 7, '0110110001': 4, '0101010111': 6, '1100011001': 1, '0000100011': 1, '1111000101': 3, '0011111000': 1, '0011110111': 1, '1101011111': 2, '1110111111': 11, '0101001111': 4, '1001010000': 1, '1010011001': 2, '1101010101': 1, '1110101011': 1, '1001000011': 3, '0100101111': 1, '0100111001': 3, '1000011101': 2, '0101010110': 1, '1010101111': 4, '1000001111': 5, '0001011001': 2, '1101000000': 8, '1010001011': 1, '1011010101': 1, '1110100101': 2, '1100110011': 2, '0111101001': 1, '1111110000': 1, '1100010111': 1, '1110110111': 5, '1100111111': 3, '1111010101': 2, '0011100000': 1, '0101000011': 2, '0000100001': 2, '0010100000': 4, '1001010111': 12, '1110111101': 3, '0110100111': 2, '1011000101': 2, '1111001101': 3, '1000101111': 6, '0100011001': 1, '1000100001': 2, '0000101011': 2, '0010100001': 1, '0010111000': 1, '1001011111': 10, '0010111001': 2, '0101111001': 3, '1011001111': 4, '1101101101': 2, '1001010001': 9, '0100101011': 1, '0110011011': 2, '0001000101': 2, '0011010001': 1, '0101110001': 2, '1001001101': 3, '0100100001': 7, '1111010000': 2, '0001001011': 1, '1001110111': 2, '0001110001': 1, '0101000000': 2, '0010101100': 1, '1101011000': 3, '0001100001': 4, '1010110001': 3, '1100101111': 2, '0010110001': 1, '1010101001': 2, '0000101111': 2, '1111011101': 1, '1110100001': 6, '0101011111': 7, '1111100000': 5, '0111001111': 6, '1000110011': 7, '0111100000': 2, '1100110111': 2, '1010110111': 5, '0001110111': 1, '0001010111': 3, '0111000011': 2, '1100101001': 1, '1011010011': 2, '1001011000': 1, '0101010101': 1, '0111111011': 1, '1110010111': 2, '1101101000': 1, '1000000111': 1, '0110110101': 3, '0011000001': 4, '0111101101': 1, '0111010000': 2, '0100010111': 2, '0110010101': 3, '0011000000': 3, '1010111101': 1, '0000110000': 2, '1000110111': 10, '0010111111': 1, '1001000000': 2, '0000111111': 6, '0101101111': 1, '1000110000': 2, '1000001101': 1, '0111000001': 11, '0111001001': 2, '0001000111': 3, '1111011001': 4, '1000111000': 4, '0011000101': 1, '1111001111': 9, '1001000001': 18, '0001000001': 11, '1111000000': 1, '0101101001': 2, '0010010001': 1, '0110100001': 6, '0001010000': 2, '0101001011': 2, '1101100011': 2, '0100010001': 1}","DensityMatrix([[ 5.54231602e-04+0.00000000e+00j,
                -6.19708995e-04+1.72942857e-04j,
                -1.70767123e-06-2.83836896e-05j, ...,
                 1.05275348e-04+2.92631868e-05j,
                -6.01147103e-06+1.28292358e-05j,
                 3.47179039e-04-8.05640830e-05j],
               [-6.19708995e-04-1.72942857e-04j,
                 8.37525365e-04+0.00000000e+00j,
                -5.62966113e-06+3.33298452e-05j, ...,
                -1.24405723e-04-6.87858385e-05j,
                 8.10012610e-06-1.28769360e-05j,
                -4.65822318e-04-2.66269719e-05j],
               [-1.70767123e-06+2.83836896e-05j,
                -5.62966113e-06-3.33298452e-05j,
                 2.20654652e-06+0.00000000e+00j, ...,
                -1.94503883e-06+5.11193094e-06j,
                -1.73802888e-06-2.00346046e-07j,
                 2.27888071e-06+1.94688863e-05j],
               ...,
               [ 1.05275348e-04-2.92631868e-05j,
                -1.24405723e-04+6.87858385e-05j,
                -1.94503883e-06-5.11193094e-06j, ...,
                 1.02861353e-04+0.00000000e+00j,
                -4.85306694e-07+7.48588146e-06j,
                 1.93429093e-04-7.10987253e-05j],
               [-6.01147103e-06-1.28292358e-05j,
                 8.10012610e-06+1.28769360e-05j,
                -1.73802888e-06+2.00346046e-07j, ...,
                -4.85306694e-07-7.48588146e-06j,
                 3.70913488e-06+0.00000000e+00j,
                -1.14021901e-05-2.03681248e-05j],
               [ 3.47179039e-04+8.05640830e-05j,
                -4.65822318e-04+2.66269719e-05j,
                 2.27888071e-06-1.94688863e-05j, ...,
                 1.93429093e-04+7.10987253e-05j,
                -1.14021901e-05+2.03681248e-05j,
                 6.79704005e-04+0.00000000e+00j]],
              dims=(2, 2, 2, 2, 2, 2, 2, 2, 2, 2))"
data/selected_mutant_qc/mutants_qft_10/qft_10_Mutant_Add_cp_P45_Q9_[2.356194490192345].qasm,Quratest_3,"{'0000101111': 1, '1000001001': 1, '1100101010': 1, '0010111100': 1, '1110111100': 1, '1001110000': 2, '0101101101': 1, '0110110001': 1, '0110101111': 1, '1101100000': 1, '0101110010': 1, '0010001000': 1, '0001100100': 1, '1010110100': 1, '1010111100': 1, '0111011101': 1, '0001000000': 1, '0110100010': 4, '1101101000': 1, '1110001000': 1, '0101001100': 1, '0001111100': 1, '1110000110': 1, '0001001010': 1, '0100100111': 1, '0001100000': 1, '1101001000': 1, '0011001000': 1, '1010011010': 1, '1011000000': 1, '1000111100': 1, '1011000110': 1, '1110111010': 3, '1110000100': 1, '0000110010': 1, '1010000100': 2, '0011000000': 1, '1111000001': 1, '1010101010': 1, '0001010110': 1, '1110001010': 1, '1110110110': 1, '0010001100': 1, '0111111110': 2, '1010011101': 1, '0110001010': 1, '0000011000': 5, '1110000000': 1, '1110010100': 2, '1001001100': 1, '0101011110': 1, '0010101111': 1, '1100101000': 1, '0000000000': 2, '0110011010': 1, '1000110100': 2, '1101111001': 1, '0001110110': 1, '0100001111': 1, '0000001100': 17, '0001000100': 2, '1000010110': 3, '1000101011': 1, '0010100011': 1, '1110100111': 1, '0000010110': 4, '1000100000': 19, '1000100011': 2, '0101100000': 1, '0010011100': 2, '0000010100': 7, '1011000010': 1, '0000011010': 3, '1000001110': 13, '0000001001': 2, '1010101100': 5, '1111000110': 2, '0010101010': 3, '1000101110': 9, '0110101010': 5, '1111000111': 1, '0000101000': 7, '0110001110': 1, '0111010100': 1, '0110110010': 4, '1000011110': 4, '0000001111': 1, '0110111100': 2, '0010100010': 2, '0000010010': 4, '1000000000': 2, '1100100000': 2, '0000100110': 7, '1110111110': 8, '0111001001': 2, '1000010101': 1, '0100100100': 1, '1010100011': 1, '1010110010': 1, '1110100110': 3, '1000100110': 18, '0110100101': 1, '0100101000': 1, '1100011110': 1, '0000100100': 16, '0010100100': 3, '1110101010': 6, '0110111110': 3, '0110111010': 1, '0001001100': 2, '1100010011': 1, '0000100101': 4, '1010101110': 1, '1101100100': 1, '1000110010': 2, '0000110000': 3, '0001111110': 3, '0110110000': 11, '0001000110': 1, '0000001010': 6, '0111010110': 1, '1001110010': 1, '0111000001': 1, '0011000100': 4, '1110110001': 1, '1110001100': 2, '0101001010': 1, '1011010010': 1, '0100110100': 1, '0000101001': 1, '1110110000': 8, '0110111000': 1, '0111001100': 8, '0010000110': 1, '1000010100': 5, '1110100100': 5, '1100101100': 3, '0000000010': 3, '1010001010': 1, '1111010000': 4, '1001010010': 1, '0110100000': 4, '0110011100': 1, '0000101110': 6, '0110011110': 2, '0000110101': 1, '0001011000': 1, '0111000110': 7, '0000011001': 1, '1100100110': 2, '1011000100': 3, '1010001000': 5, '0001001011': 1, '0111000010': 9, '0111101000': 1, '0110001100': 3, '0010111010': 1, '1000100101': 1, '1010100100': 1, '0111001110': 3, '1111001010': 3, '1101110100': 2, '0110101000': 14, '0010101100': 4, '1110100000': 5, '1010100101': 1, '0111010010': 2, '0101101010': 1, '1000000010': 5, '0000011100': 8, '1100100100': 1, '1000011000': 2, '0110000100': 3, '0110100110': 3, '1001101100': 3, '1010100110': 5, '0001101100': 2, '1001001000': 2, '1110110100': 2, '0000001110': 7, '0111010000': 2, '0111000011': 1, '1010110000': 3, '1111001001': 1, '0000000110': 8, '1000010000': 21, '0010000000': 3, '1111001110': 4, '1110100010': 2, '1110101001': 2, '1110111000': 3, '0110000000': 3, '1001100010': 1, '0111000000': 8, '1110110101': 1, '0101111110': 2, '1000100100': 20, '0000011111': 4, '0000001000': 6, '1000100010': 8, '1000101010': 8, '1110101100': 6, '0010000010': 3, '1000011101': 1, '1000011010': 2, '0010110000': 3, '0000100010': 11, '1010111110': 1, '1111001101': 1, '1000010010': 9, '0000101100': 17, '0111001000': 10, '0000100111': 4, '1101101010': 1, '1111001000': 12, '1000001011': 2, '1010100000': 1, '1111000100': 3, '1001101000': 1, '1000001100': 19, '1000010001': 1, '0110101101': 1, '1001110001': 1, '0000010000': 13, '1110111101': 2, '0000100001': 2, '0010100000': 3, '0000010111': 1, '0101011000': 1, '0000001101': 2, '1110110010': 2, '0110000010': 1, '0010100110': 2, '0110100100': 14, '0000001011': 1, '0110000110': 2, '1000011100': 12, '1000110000': 1, '1001101110': 1, '1000001101': 1, '1111000000': 7, '1110101000': 13, '0110010010': 1, '0000101010': 2, '0000011110': 6, '0010110100': 1, '1100100010': 1, '0000110110': 1, '1010000000': 4, '0010101000': 3, '0111001010': 3, '1000101000': 16, '1000001000': 15, '0110101100': 19, '0000100000': 17, '1101101110': 1, '0011000111': 1, '1111000010': 10, '0000101011': 1, '1001100000': 1, '0011000010': 1, '0110110100': 6, '1110101110': 7, '0100010010': 1, '0101101100': 1, '1001010000': 2, '1001001110': 2, '0000000101': 3, '1000001010': 12, '0000000100': 6, '1111001100': 8, '0001011010': 1, '0000100011': 1, '1000000110': 6, '1111000101': 2, '0001101000': 1, '1000000100': 12, '0010001110': 2, '1110100101': 2, '1010101000': 5, '0001110000': 2, '1111100000': 2, '0111000100': 14, '0110101110': 6, '1000101100': 15}","DensityMatrix([[ 2.76399512e-03+0.00000000e+00j,
                -8.16512577e-04-7.80952041e-04j,
                -1.55930846e-03-2.30803327e-03j, ...,
                 1.27480611e-04+5.56165849e-04j,
                -4.96582038e-05+1.53141570e-03j,
                -2.41659190e-04+5.48057273e-04j],
               [-8.16512577e-04+7.80952041e-04j,
                 4.61860032e-04+0.00000000e+00j,
                 1.11275821e-03+2.41242490e-04j, ...,
                -1.94800769e-04-1.28278145e-04j,
                -4.18023773e-04-4.66426603e-04j,
                -8.34620422e-05-2.30181265e-04j],
               [-1.55930846e-03+2.30803327e-03j,
                 1.11275821e-03-2.41242490e-04j,
                 2.80697327e-03+0.00000000e+00j, ...,
                -5.36336285e-04-2.07310287e-04j,
                -1.25077136e-03-9.05414857e-04j,
                -3.21315038e-04-5.10980566e-04j],
               ...,
               [ 1.27480611e-04-5.56165849e-04j,
                -1.94800769e-04+1.28278145e-04j,
                -5.36336285e-04+2.07310287e-04j, ...,
                 1.17790279e-04+0.00000000e+00j,
                 3.05858230e-04+8.06238785e-05j,
                 9.91332708e-05+7.39036271e-05j],
               [-4.96582038e-05-1.53141570e-03j,
                -4.18023773e-04+4.66426603e-04j,
                -1.25077136e-03+9.05414857e-04j, ...,
                 3.05858230e-04-8.06238785e-05j,
                 8.49386445e-04+0.00000000e+00j,
                 3.07997604e-04+1.24046941e-04j],
               [-2.41659190e-04-5.48057273e-04j,
                -8.34620422e-05+2.30181265e-04j,
                -3.21315038e-04+5.10980566e-04j, ...,
                 9.91332708e-05-7.39036271e-05j,
                 3.07997604e-04-1.24046941e-04j,
                 1.29799773e-04+0.00000000e+00j]],
              dims=(2, 2, 2, 2, 2, 2, 2, 2, 2, 2))","{'1010111101': 1, '0111110100': 1, '0000101011': 1, '1101111010': 1, '1111010010': 1, '1001000111': 1, '0110010010': 2, '1001101010': 1, '1111001110': 1, '0100100001': 1, '0000010001': 1, '0100000000': 1, '1111001100': 3, '1101001010': 1, '1101111110': 1, '1101001000': 1, '1110000100': 1, '0101111110': 1, '1001000110': 1, '0001110010': 1, '1100101010': 1, '1010011100': 1, '0010000100': 2, '1100110101': 1, '0010011100': 1, '1010011001': 1, '0111100110': 2, '0100001010': 1, '1000101001': 2, '0010110001': 1, '0101000000': 1, '1100111110': 1, '1111111000': 1, '1100001000': 2, '0100100100': 2, '0100010011': 1, '1001111110': 2, '0010111010': 1, '0010001001': 1, '0001011010': 1, '0111101101': 1, '0111011000': 1, '1111100100': 3, '1010010100': 1, '1110001000': 1, '0001100010': 1, '1110111010': 2, '1110110011': 1, '0001010100': 2, '0111111100': 1, '1001010010': 1, '1111001010': 2, '0101000110': 2, '0010001110': 1, '1111011110': 1, '0010111100': 1, '1110110010': 1, '1101101100': 1, '0111110000': 1, '1111000010': 1, '0100001100': 1, '0001010110': 1, '0010000110': 1, '0101101000': 1, '0110101110': 5, '0110000001': 1, '0010111000': 1, '0101110010': 1, '0100111101': 1, '0101110100': 2, '0000110110': 1, '1110100100': 5, '1000010100': 2, '1101110100': 1, '0011100100': 1, '0000011011': 1, '0010100101': 1, '0111000110': 3, '1101000100': 2, '1100101011': 1, '0001001010': 2, '0110001010': 1, '0100101100': 4, '1001001100': 2, '0111000101': 1, '0000010000': 2, '0111000001': 1, '0000011111': 1, '1100001010': 1, '0010001111': 1, '1110100010': 2, '1110101001': 1, '0010110100': 2, '1001110100': 1, '0101010100': 1, '0110010000': 1, '0110011100': 1, '1010110000': 1, '0011001110': 1, '0110000101': 1, '1000001001': 2, '0100010010': 1, '1111101010': 2, '0001001111': 1, '0000101001': 2, '0000101010': 12, '0000011110': 3, '1000100110': 8, '0110100101': 2, '1000110001': 1, '0010001100': 1, '0111111110': 1, '0100110100': 2, '1011000011': 1, '0111100000': 4, '1111100010': 1, '1000001100': 15, '1001101000': 3, '0010101010': 5, '0110110110': 2, '0001011110': 1, '1011000010': 2, '0000010100': 5, '0000010101': 1, '1100001100': 1, '1010101100': 6, '1111000110': 3, '1001100100': 1, '1100011110': 1, '0100101000': 2, '0000100100': 16, '0010100100': 4, '0111111010': 1, '0001110100': 1, '0111000000': 9, '1001100010': 3, '0100100110': 1, '0100111110': 1, '1011001110': 2, '0110110010': 2, '0000001111': 1, '1000011110': 3, '0011001100': 1, '1000100000': 12, '1101010000': 1, '1100100110': 1, '1111101110': 2, '0000000110': 4, '1111001001': 1, '1110101110': 6, '1110100110': 4, '1101001100': 1, '0111001001': 1, '0010101111': 1, '0010010010': 1, '1001011110': 1, '1001010100': 1, '1000010110': 2, '0111110110': 1, '0110100001': 2, '0001001000': 2, '0100000110': 1, '0000100000': 6, '1110001010': 2, '0111001110': 1, '1010100100': 6, '1000100101': 4, '1011001010': 1, '1011001000': 1, '0010110110': 1, '1110101010': 5, '1010011110': 1, '1010000010': 2, '0111101000': 3, '1011111010': 1, '1010101010': 5, '1001100000': 1, '1010110010': 2, '1010001001': 1, '0101110111': 1, '1111101000': 2, '0010100011': 2, '0011000110': 2, '0110100110': 5, '1101110001': 1, '0111001010': 1, '1100101001': 1, '1101101001': 1, '1000101000': 20, '1001001010': 2, '1110111110': 3, '0000100110': 6, '1100100000': 1, '1011011010': 1, '1000001000': 12, '0111000100': 13, '1100101000': 3, '0011101100': 1, '1000001010': 7, '1010101000': 5, '0000010010': 3, '1000000101': 2, '1000000000': 4, '0100101110': 1, '1011110000': 1, '0101101010': 1, '0011101110': 1, '0111010010': 2, '1011100010': 1, '0010110000': 5, '0000100010': 10, '0111011100': 1, '1111011000': 1, '0100100010': 1, '1000101110': 2, '0110101010': 9, '1100100100': 6, '1000011000': 6, '0110000100': 4, '0110100100': 8, '0110000010': 3, '0010100110': 2, '1000001101': 1, '1000110000': 4, '1101110000': 1, '0100110000': 2, '0010100000': 3, '0000100001': 1, '0011000010': 2, '0010011000': 2, '1110011010': 1, '0101101100': 2, '1001010000': 3, '0011100000': 1, '1110101100': 7, '1100011100': 1, '0110101000': 8, '0010101100': 7, '0110100000': 5, '0000100101': 1, '0001001100': 4, '0110011110': 3, '1000000010': 6, '0000011100': 5, '0001001011': 1, '1010001000': 3, '0111000010': 9, '1010100110': 6, '0001101100': 2, '1001001000': 3, '0110001110': 3, '1010000110': 1, '1111010000': 1, '1010001010': 1, '1110010000': 2, '0001111110': 1, '0110100010': 2, '0110110100': 4, '1110000101': 1, '0110111100': 2, '0010100010': 4, '1111111110': 1, '1111000000': 8, '1110101000': 10, '1110110000': 4, '0110101001': 1, '0000110100': 4, '0000111110': 1, '1110011100': 2, '0100000010': 1, '0000011101': 1, '1001111100': 2, '0000001001': 1, '1000001110': 6, '1000101010': 11, '0110111101': 2, '1010010000': 4, '0000000000': 5, '0010010100': 3, '0000001000': 8, '1000100010': 11, '1011000101': 1, '1010000011': 1, '1000010010': 4, '1110101111': 3, '1000100100': 8, '0100110110': 1, '0011100010': 3, '0000111000': 3, '0000100011': 1, '0011111000': 1, '1111000101': 1, '1000000110': 6, '0001101000': 2, '1010000100': 4, '0100100000': 2, '1110110110': 1, '0100011110': 1, '0001000100': 2, '0000001100': 12, '1100010110': 1, '1010111000': 2, '1011011100': 2, '0000110000': 5, '1100100010': 3, '0010011110': 2, '1111101100': 1, '1101011110': 2, '0001100110': 1, '0000000001': 2, '0111010100': 1, '0000001110': 7, '0101110000': 1, '0011001000': 2, '0000101000': 6, '1001000100': 1, '1010011000': 2, '0000011000': 3, '1110100001': 1, '1000011100': 4, '0000001011': 2, '0110000110': 3, '0000100111': 2, '0111001000': 12, '0000101110': 5, '0111011010': 1, '0101001100': 3, '1000010000': 10, '0000111100': 2, '0111001100': 10, '0110111000': 2, '0110111110': 5, '0110111010': 1, '0111010000': 1, '0000000010': 4, '1011101100': 1, '1100101100': 1, '1000000100': 8, '1000101100': 12, '1110111100': 4, '1010110100': 1, '1100000110': 1, '1010111110': 5, '0000101100': 9, '1111001000': 12, '1010101110': 2, '0101111111': 1, '1110010010': 3, '1111010100': 2, '1001000010': 3, '1000111110': 1, '1010100000': 3, '1111000100': 6, '0110001000': 2, '0000001101': 3, '0000000100': 4, '0010001000': 2, '0010010110': 2, '0110101100': 9, '0101101110': 3, '1110001101': 2, '1110111000': 1, '0110110000': 6, '0111010110': 1, '0000001010': 6, '1100110000': 1, '0010101000': 11}","DensityMatrix([[ 3.02614251e-03+0.00000000e+00j,
                -8.35230827e-04-8.14077282e-04j,
                -1.57455025e-03-2.37392366e-03j, ...,
                 9.20190297e-05+4.15425331e-04j,
                -3.87905455e-05+1.17524461e-03j,
                -1.85347143e-04+4.10889382e-04j],
               [-8.35230827e-04+8.14077282e-04j,
                 4.88635660e-04+0.00000000e+00j,
                 1.09997424e-03+2.45377641e-04j, ...,
                -1.53689803e-04-1.02743779e-04j,
                -3.12949909e-04-3.47058470e-04j,
                -6.51745304e-05-1.72497316e-04j],
               [-1.57455025e-03+2.37392366e-03j,
                 1.09997424e-03-2.45377641e-04j,
                 2.86538672e-03+0.00000000e+00j, ...,
                -4.00689147e-04-1.57714761e-04j,
                -9.71221159e-04-7.09953305e-04j,
                -2.43520583e-04-3.82540059e-04j],
               ...,
               [ 9.20190297e-05-4.15425331e-04j,
                -1.53689803e-04+1.02743779e-04j,
                -4.00689147e-04+1.57714761e-04j, ...,
                 1.26848004e-04+0.00000000e+00j,
                 3.05613654e-04+8.09492656e-05j,
                 9.81727746e-05+7.15765879e-05j],
               [-3.87905455e-05-1.17524461e-03j,
                -3.12949909e-04+3.47058470e-04j,
                -9.71221159e-04+7.09953305e-04j, ...,
                 3.05613654e-04-8.09492656e-05j,
                 8.77669890e-04+0.00000000e+00j,
                 3.01870863e-04+1.20685398e-04j],
               [-1.85347143e-04-4.10889382e-04j,
                -6.51745304e-05+1.72497316e-04j,
                -2.43520583e-04+3.82540059e-04j, ...,
                 9.81727746e-05-7.15765879e-05j,
                 3.01870863e-04-1.20685398e-04j,
                 1.31418208e-04+0.00000000e+00j]],
              dims=(2, 2, 2, 2, 2, 2, 2, 2, 2, 2))"
data/selected_mutant_qc/mutants_qft_10/qft_10_Mutant_Add_cp_P45_Q9_[2.356194490192345].qasm,Quratest_4,"{'1000011000': 2, '0110111000': 1, '1110011100': 1, '0101110100': 1, '0100100011': 1, '0010100100': 1, '0011010110': 1, '1010110010': 1, '1100000110': 1, '0100111001': 1, '1000011101': 1, '0011110110': 1, '0010000000': 1, '1111000010': 1, '1110001001': 1, '0100000110': 2, '0100111010': 1, '0101011110': 1, '1110110100': 1, '0000110100': 1, '0101101000': 1, '0010001010': 2, '0001100100': 1, '1001111110': 1, '0000001010': 1, '0000001000': 1, '0011001000': 1, '1110111000': 1, '0100011110': 1, '0100001001': 1, '0100000011': 1, '1111111100': 2, '0111011000': 2, '1010100010': 2, '1100011000': 2, '0100011000': 1, '1001110100': 2, '0011111101': 1, '0100000100': 13, '1111110011': 1, '1000100100': 1, '0011100010': 2, '1011110110': 1, '0111111000': 1, '0100011100': 3, '0010111100': 4, '1011111101': 1, '1100000101': 1, '1000111010': 1, '0110001010': 9, '1101010100': 1, '1101111101': 2, '1011011010': 7, '0110011100': 3, '0010011100': 2, '0000111100': 1, '0111110010': 3, '0100101010': 1, '0010000010': 6, '0111011100': 4, '1100001100': 1, '1110101010': 1, '1010010010': 2, '0011011001': 1, '1101111010': 7, '1010110100': 1, '1111110110': 1, '0000001001': 2, '0101010110': 1, '0000011010': 1, '1000000110': 3, '0000100011': 1, '0011111000': 9, '0011100011': 3, '0101101010': 1, '0111010010': 2, '0100000000': 3, '1110000100': 1, '1000111100': 1, '0010011101': 1, '1010101010': 2, '1001100000': 1, '1000010010': 3, '0000000110': 1, '1000011010': 4, '1011100010': 5, '1111011100': 1, '1010010100': 1, '1100110100': 1, '1000011100': 1, '1111011101': 1, '0101110110': 1, '1101100110': 1, '1010111000': 1, '1011011100': 3, '1110000010': 2, '0010111000': 1, '0001110010': 2, '1010100100': 1, '0011101010': 3, '1011011000': 1, '0110111011': 1, '1101111011': 1, '0101100101': 1, '1111111001': 2, '0011001010': 1, '0110011110': 1, '0101111000': 5, '1011111001': 2, '0110011000': 2, '0010110100': 1, '0010011001': 2, '1000000010': 24, '0001111010': 14, '0100000010': 32, '0010100001': 1, '1011101010': 9, '0111100010': 6, '1101111001': 1, '0001110110': 1, '1111111000': 1, '0101011010': 2, '1011110100': 2, '0100010110': 1, '1000000000': 3, '0011011100': 3, '0100001010': 7, '1100000010': 8, '1011101000': 1, '0000000010': 4, '1110100100': 1, '1101110110': 1, '0000010110': 1, '0010011011': 1, '1010000100': 4, '0101011100': 1, '1010001000': 4, '0111000010': 7, '0110101010': 2, '0011100110': 1, '0010000100': 4, '0110000000': 6, '1011001010': 2, '1100111010': 1, '0011111100': 17, '0110100010': 5, '1011000010': 5, '0100010100': 1, '0111110110': 3, '1001111010': 37, '0010111010': 13, '1110111010': 1, '0100010010': 3, '0101111110': 3, '1101111000': 2, '0001110000': 1, '1010101000': 2, '1011111011': 3, '0011000010': 3, '0010011000': 2, '1101100010': 1, '1010011010': 8, '1100001010': 6, '0111001000': 2, '1110000001': 1, '0010011010': 7, '1000000100': 2, '1010100000': 2, '1111000100': 1, '0011111110': 7, '1100000000': 2, '0011111001': 3, '0011011000': 2, '1011110010': 2, '0010111011': 1, '0110001000': 1, '0011111011': 4, '0111101100': 1, '1010111100': 3, '0101111010': 47, '1001111000': 2, '1011111000': 3, '0010010100': 1, '1100011100': 3, '0100111100': 1, '0101111100': 8, '0001111101': 1, '1110111011': 2, '0000011001': 2, '0111001010': 2, '1010001010': 11, '1010000110': 1, '1000001010': 9, '1110001010': 2, '0011110010': 5, '0000000011': 4, '0011100100': 1, '0111111110': 6, '0010111001': 2, '1010111010': 13, '0010101010': 1, '0111101010': 5, '1110100010': 1, '0011011010': 16, '0011111010': 62, '1011111100': 16, '1011100000': 1, '0110111010': 8, '0010100010': 4, '0110111100': 3, '0111100110': 1, '0111111010': 47, '0110000010': 18, '0110100100': 3, '1010000000': 4, '0001111100': 6, '0011110100': 2, '1011111010': 46, '0100000001': 2, '1100011010': 5, '0111110100': 3, '0111011010': 10, '1101111100': 3, '1010011100': 2, '0101100010': 3, '0011000001': 2, '0111111100': 22, '1010000010': 7, '0100011010': 4, '0110011010': 15, '0010000001': 2, '0110010010': 2, '1100010011': 1, '1100000100': 7, '0011110011': 2, '1111100010': 3, '0111111011': 4, '0110000100': 2, '1011111110': 3, '1111111010': 15, '0001111000': 3, '1001111100': 6}","DensityMatrix([[ 3.93059060e-04+0.00000000e+00j,
                 4.69954825e-04+2.18249736e-04j,
                 8.92179541e-04-7.42960042e-04j, ...,
                 5.06531651e-04-3.85172771e-04j,
                -1.59813235e-04-4.85637916e-04j,
                 6.21980292e-05-2.40005622e-06j],
               [ 4.69954825e-04-2.18249736e-04j,
                 6.83079243e-04+0.00000000e+00j,
                 6.54184762e-04-1.38369945e-03j, ...,
                 3.91755728e-04-7.41782167e-04j,
                -4.60733172e-04-4.91907465e-04j,
                 7.30334324e-05-3.74056291e-05j],
               [ 8.92179541e-04+7.42960042e-04j,
                 6.54184762e-04+1.38369945e-03j,
                 3.42944380e-03+0.00000000e+00j, ...,
                 1.87779708e-03+8.31669178e-05j,
                 5.55202742e-04-1.40439724e-03j,
                 1.45715901e-04+1.12118951e-04j],
               ...,
               [ 5.06531651e-04+3.85172771e-04j,
                 3.91755728e-04+7.41782167e-04j,
                 1.87779708e-03-8.31669178e-05j, ...,
                 1.03020746e-03+0.00000000e+00j,
                 2.69944268e-04-7.82443946e-04j,
                 8.25059387e-05+5.78571648e-05j],
               [-1.59813235e-04+4.85637916e-04j,
                -4.60733172e-04+4.91907465e-04j,
                 5.55202742e-04+1.40439724e-03j, ...,
                 2.69944268e-04+7.82443946e-04j,
                 6.65000459e-04+0.00000000e+00j,
                -2.23236425e-05+7.78236278e-05j],
               [ 6.21980292e-05+2.40005622e-06j,
                 7.30334324e-05+3.74056291e-05j,
                 1.45715901e-04-1.12118951e-04j, ...,
                 8.25059387e-05-5.78571648e-05j,
                -2.23236425e-05-7.78236278e-05j,
                 9.85692863e-06+0.00000000e+00j]],
              dims=(2, 2, 2, 2, 2, 2, 2, 2, 2, 2))","{'0110101100': 1, '0100001110': 1, '1011000110': 1, '1101001100': 1, '0001100000': 1, '0001010100': 1, '1110111100': 1, '0101011100': 1, '0011111101': 1, '1110001001': 1, '0001011011': 1, '0000011010': 1, '1001110110': 1, '1101111001': 1, '1111100111': 1, '1000000100': 1, '0110000101': 1, '0011010101': 1, '1110100011': 1, '0101100010': 1, '0000001101': 1, '0101011000': 1, '1100111101': 1, '1101110101': 1, '0001100110': 1, '0010011110': 1, '0010000000': 2, '0101111000': 2, '1000100000': 1, '1011101100': 2, '0110111000': 2, '1011010000': 1, '0001011000': 1, '0110000110': 1, '1000110110': 2, '0010100000': 2, '0101101000': 1, '0100010010': 2, '0000000110': 2, '1111001001': 1, '0010111101': 1, '0100111010': 3, '0111110010': 1, '0011011110': 1, '0100001000': 2, '1110000010': 4, '0010111000': 1, '1011010010': 2, '1100011100': 2, '0100111100': 2, '1111010010': 1, '0100000101': 1, '0110101000': 2, '1000010110': 1, '0111110110': 4, '0011011000': 1, '0101000110': 1, '1110011010': 1, '0011100000': 1, '0111011110': 1, '1001101110': 1, '1110110010': 1, '1110000111': 1, '1001001010': 2, '0110000001': 1, '0010001010': 3, '1010001010': 3, '0110011011': 1, '1111110110': 1, '1010110100': 1, '1110000001': 3, '1111111110': 1, '0110111100': 3, '0010100010': 2, '1011101010': 2, '0100000110': 3, '1110011100': 2, '0111001110': 1, '1010111000': 1, '1011011100': 3, '1000001010': 3, '0011101100': 2, '0001110010': 1, '0101110010': 2, '1011000010': 3, '0001011110': 1, '1110001000': 2, '0000100010': 2, '0010000010': 4, '1000000011': 2, '0111011100': 5, '1111011000': 1, '0111011010': 8, '0101001100': 1, '1110001010': 2, '0110010001': 1, '0011110010': 5, '1100110111': 1, '0110000000': 3, '1011001010': 1, '1100111010': 2, '0011001010': 5, '0110011110': 2, '0011011001': 1, '1011100100': 2, '0011011100': 2, '0101000000': 1, '0010110101': 1, '0001111011': 1, '1000100010': 2, '1110111110': 1, '1011011010': 5, '0001101010': 3, '0111100100': 1, '1100000000': 2, '0011111001': 3, '0101111011': 3, '1011110010': 3, '1010000010': 10, '0100011010': 10, '1010011110': 1, '1100000110': 1, '1010111110': 2, '0111010010': 1, '0011101110': 1, '0101101010': 2, '1010100101': 1, '1001111000': 3, '1110000000': 4, '1101111100': 1, '1011111011': 1, '1010101000': 1, '0111001010': 2, '0011110101': 1, '1111011010': 1, '1011000000': 1, '0100100010': 3, '0010010010': 1, '1001011110': 2, '1110011001': 1, '1110110000': 1, '0100000100': 5, '1110111010': 3, '1001011100': 1, '0010000100': 7, '1001111011': 1, '1100001000': 4, '0101011010': 4, '0010011001': 2, '0000011110': 1, '1010100010': 2, '0000000010': 7, '1100100101': 1, '0010100100': 1, '0000100100': 2, '0101111001': 1, '1010110010': 2, '0010011010': 2, '1100100010': 3, '0111111000': 6, '0111101010': 4, '0011111000': 3, '1000000110': 4, '1010111100': 3, '0001000110': 1, '0000001010': 2, '1101111010': 7, '1101111000': 4, '0100001100': 1, '1111000010': 1, '0100101110': 1, '1100000011': 1, '0001000100': 1, '0100011110': 2, '1001101010': 3, '0100101010': 2, '0111000000': 5, '0101111110': 7, '0001110100': 3, '0111111010': 39, '0111100110': 2, '0101001010': 1, '0101110110': 1, '0011010010': 2, '0010111100': 3, '0011011010': 10, '1110100010': 1, '1111101010': 2, '0000011101': 1, '0100000010': 22, '0001111010': 17, '1001011000': 1, '1000011000': 1, '1100100100': 1, '0000011011': 2, '0011000010': 2, '0010011000': 1, '1101100010': 1, '1010011010': 9, '1100001010': 4, '1000011010': 3, '1011100010': 3, '1010110000': 1, '0110110110': 1, '0010101010': 3, '1001011010': 4, '0010000001': 1, '1011000100': 2, '1100101010': 1, '0110100010': 3, '0011111100': 15, '0110110000': 1, '1100011010': 4, '0111110100': 3, '0110111110': 2, '0011110110': 4, '0110111010': 8, '1011111100': 11, '0110100000': 1, '0100100100': 2, '0011001000': 1, '1110111011': 3, '1011011110': 3, '0011000000': 1, '1111111001': 2, '1100000001': 1, '1011111000': 3, '0111010100': 1, '0000000001': 1, '0011111110': 6, '1011110011': 1, '1111111101': 1, '0010111011': 1, '0011111011': 3, '0110001000': 4, '0111111100': 11, '1000111100': 3, '0111100010': 2, '0011100100': 1, '0111011011': 1, '1111001000': 1, '1101101010': 3, '0100111001': 1, '1000111010': 1, '0110001010': 9, '1001111101': 1, '1011010110': 1, '1100101000': 2, '1111111010': 13, '0100000001': 1, '0010001000': 1, '1010010110': 2, '0100011100': 2, '0110000100': 4, '1011111110': 9, '0111011000': 1, '1100001110': 1, '1100110100': 1, '0100100110': 1, '0000000100': 1, '0001111101': 1, '0101111100': 9, '0110010010': 2, '1000000000': 3, '0000010010': 1, '0101111101': 1, '0110101110': 1, '0101111010': 39, '0001100100': 2, '0011100010': 4, '0100110110': 2, '0001111000': 2, '1000001000': 1, '0011111010': 48, '1101101110': 1, '1111100010': 3, '1111111100': 7, '0111100000': 2, '0100100011': 1, '1100000010': 13, '0100001010': 6, '0010011011': 2, '1010000100': 3, '1000000010': 13, '1000011110': 1, '0110110010': 1, '0111101110': 1, '0011110100': 4, '0011001011': 1, '1111011011': 1, '1011111010': 34, '0010001100': 1, '0111111110': 6, '1000010010': 2, '0100010000': 1, '1010101010': 2, '1010111010': 11, '1011101000': 1, '0010001001': 1, '0010111010': 6, '1001111010': 21, '1001111100': 7, '0001111110': 1, '0110000010': 16, '0011110001': 1, '1011010100': 1, '1000001100': 2, '0011101010': 5, '1010011011': 1, '0001111100': 9, '1000100110': 2, '1100111011': 1, '1010000000': 4, '1101000010': 5, '0101000010': 1, '1100000100': 8, '0110011010': 14, '0000000000': 1, '0001011010': 3, '1111001100': 1, '1000010100': 2, '0100000000': 2, '1011110100': 4}","DensityMatrix([[ 5.11855018e-04+0.00000000e+00j,
                 4.57457792e-04+1.95152565e-04j,
                 8.57811394e-04-7.46268956e-04j, ...,
                 3.40945066e-04-2.69766243e-04j,
                -1.17978013e-04-3.29476358e-04j,
                 5.72205629e-05+2.27970066e-06j],
               [ 4.57457792e-04-1.95152565e-04j,
                 7.22437300e-04+0.00000000e+00j,
                 5.44876397e-04-1.18203449e-03j, ...,
                 3.22779435e-04-6.19582638e-04j,
                -3.13187798e-04-3.29947164e-04j,
                 6.77022433e-05-2.88501860e-05j],
               [ 8.57811394e-04+7.46268956e-04j,
                 5.44876397e-04+1.18203449e-03j,
                 3.28490175e-03+0.00000000e+00j, ...,
                 1.31631530e-03+5.56962001e-05j,
                 3.86986668e-04-1.02087917e-03j,
                 1.05778710e-04+8.80071981e-05j],
               ...,
               [ 3.40945066e-04+2.69766243e-04j,
                 3.22779435e-04+6.19582638e-04j,
                 1.31631530e-03-5.56962001e-05j, ...,
                 1.11544141e-03+0.00000000e+00j,
                 2.94684413e-04-8.84349847e-04j,
                 5.75365036e-06+9.39947605e-06j],
               [-1.17978013e-04+3.29476358e-04j,
                -3.13187798e-04+3.29947164e-04j,
                 3.86986668e-04+1.02087917e-03j, ...,
                 2.94684413e-04+8.84349847e-04j,
                 1.53531891e-03+0.00000000e+00j,
                 6.01921904e-05-1.66851443e-04j],
               [ 5.72205629e-05-2.27970066e-06j,
                 6.77022433e-05+2.88501860e-05j,
                 1.05778710e-04-8.80071981e-05j, ...,
                 5.75365036e-06-9.39947605e-06j,
                 6.01921904e-05+1.66851443e-04j,
                 1.21649206e-04+0.00000000e+00j]],
              dims=(2, 2, 2, 2, 2, 2, 2, 2, 2, 2))"
data/selected_mutant_qc/mutants_qft_10/qft_10_Mutant_Add_cp_P45_Q9_[2.356194490192345].qasm,Quratest_5,"{'0111001101': 1, '1011010101': 1, '0010110100': 1, '0001010011': 1, '0010010100': 1, '0000001000': 1, '0100100010': 1, '1101010000': 1, '1011010011': 1, '1110011001': 1, '0000010000': 2, '0000100101': 1, '1001111001': 1, '1100101001': 2, '1100110011': 1, '1101010010': 3, '0001000101': 2, '1000010110': 1, '1101001101': 1, '0110010010': 1, '1100010011': 2, '1101010100': 2, '0110011001': 3, '0010010101': 1, '0100010100': 1, '1101010101': 1, '1110110101': 1, '1110001001': 1, '1001010010': 6, '1000111001': 3, '1101001110': 2, '0001001110': 1, '0000110101': 2, '1001010011': 1, '0000010110': 1, '0100001101': 2, '1000110111': 1, '1110011110': 1, '1001000001': 2, '0001010000': 2, '1000001000': 1, '0101000101': 5, '1001010100': 1, '0001010100': 1, '0110010100': 1, '0100001111': 2, '1001001101': 1, '0001010101': 4, '0010010000': 1, '0111010001': 6, '1010000011': 1, '1001001001': 5, '1010010100': 2, '0100111001': 4, '0100101101': 2, '0110111001': 1, '0110010011': 3, '1100110010': 3, '0100101001': 3, '0101001001': 8, '1100110000': 1, '0100110011': 2, '1111010101': 1, '1000110101': 6, '0000001001': 15, '0101010101': 6, '1010011001': 3, '0011101001': 1, '0110010101': 4, '1100010010': 16, '1010011000': 2, '0000110111': 1, '1100010101': 8, '0000110011': 2, '0010001001': 4, '0101010011': 1, '0111000101': 1, '0010010010': 4, '1000110001': 13, '0000110100': 2, '1000010101': 8, '0110001001': 4, '1000001101': 2, '0100100001': 2, '1100011001': 8, '0000010101': 25, '0101001101': 4, '0000111001': 4, '0111010010': 1, '1000010100': 4, '0001010001': 24, '1010010010': 6, '0001011000': 1, '0011010101': 1, '0001000001': 2, '0011000101': 1, '1100000100': 1, '1011010001': 6, '0000010100': 4, '1100011010': 1, '1000110011': 3, '1101001001': 2, '0000011001': 7, '0000101111': 1, '0001001000': 1, '1100111001': 1, '1000100011': 1, '1011111000': 1, '0000110000': 2, '1101100100': 1, '1100010100': 5, '1001000101': 2, '1101001010': 1, '1111010100': 1, '0010001101': 1, '1110010010': 2, '0001000011': 1, '0101010001': 48, '0000000101': 5, '0010000101': 1, '1000011001': 5, '0000010001': 82, '1000010000': 2, '0000110001': 12, '0000011101': 1, '1011000101': 1, '1000010010': 8, '0100011001': 14, '1001010101': 1, '1100010000': 7, '0110010001': 13, '0000010011': 2, '1000101001': 3, '1010001001': 5, '0100010000': 3, '0100001001': 16, '0101110001': 1, '0011010001': 4, '1100001010': 1, '0101010010': 3, '1110010001': 16, '1010010001': 45, '0001010010': 8, '0010110010': 1, '0100100101': 2, '0100110001': 14, '0010101010': 1, '1100101110': 1, '0100010001': 91, '1100010001': 33, '1010000111': 1, '1000010011': 2, '0000010010': 6, '1010110001': 3, '1111110000': 1, '1100110001': 8, '1000011000': 1, '0100111010': 1, '1011010010': 1, '1101000101': 3, '0000100100': 1, '1000001001': 4, '1100100001': 1, '0100010101': 15, '0010010001': 9, '0100010010': 6, '0000001101': 4, '1111010001': 7, '0001001001': 3, '0010110001': 1, '0100000101': 3, '0001001101': 1, '1000010001': 44, '1010010011': 3, '0100010011': 7, '1010000101': 2, '0000101001': 3, '0001111000': 1, '1001010001': 43, '1011001101': 1, '0000001111': 1, '0100110101': 4, '1010010101': 10, '1101000001': 1, '0101000001': 1, '1100001001': 9, '1110010101': 4, '1101010001': 7}","DensityMatrix([[ 4.95848935e-07+0.00000000e+00j,
                 1.02696489e-05-2.05426448e-06j,
                 3.40122660e-06-5.19248414e-06j, ...,
                -2.85302915e-06-1.26612231e-06j,
                -5.08320512e-07-3.50900240e-07j,
                -4.95124640e-07-4.91360731e-07j],
               [ 1.02696489e-05+2.05426448e-06j,
                 2.21207878e-04+0.00000000e+00j,
                 9.19557057e-05-9.34517888e-05j, ...,
                -5.38443378e-05-3.80428528e-05j,
                -9.07419774e-06-9.37351419e-06j,
                -8.21897764e-06-1.22279564e-05j],
               [ 3.40122660e-06+5.19248414e-06j,
                 9.19557057e-05+9.34517888e-05j,
                 7.77055897e-05+0.00000000e+00j, ...,
                -6.31135492e-06-3.85614975e-05j,
                 1.87820671e-07-7.73005073e-06j,
                 1.74922570e-06-8.55533959e-06j],
               ...,
               [-2.85302915e-06+1.26612231e-06j,
                -5.38443378e-05+3.80428528e-05j,
                -6.31135492e-06+3.85614975e-05j, ...,
                 1.96488090e-05+0.00000000e+00j,
                 3.82079244e-06+7.21051603e-07j,
                 4.10352361e-06+1.56293193e-06j],
               [-5.08320512e-07+3.50900240e-07j,
                -9.07419774e-06+9.37351419e-06j,
                 1.87820671e-07+7.73005073e-06j, ...,
                 3.82079244e-06-7.21051603e-07j,
                 7.69429344e-07+0.00000000e+00j,
                 8.55302045e-07+1.53331747e-07j],
               [-4.95124640e-07+4.91360731e-07j,
                -8.21897764e-06+1.22279564e-05j,
                 1.74922570e-06+8.55533959e-06j, ...,
                 4.10352361e-06-1.56293193e-06j,
                 8.55302045e-07-1.53331747e-07j,
                 9.81314554e-07+0.00000000e+00j]],
              dims=(2, 2, 2, 2, 2, 2, 2, 2, 2, 2))","{'0010000011': 1, '0000000101': 1, '1100110100': 1, '1010110101': 1, '0010101101': 1, '0111100101': 1, '1100110101': 1, '0011010010': 1, '0100011101': 1, '0111000001': 1, '0000110110': 1, '1110010011': 1, '0001010011': 1, '1000100001': 1, '0100011001': 4, '0101110011': 1, '0100110110': 1, '0100010110': 1, '0001101001': 1, '1101001110': 1, '0001111001': 1, '1010001101': 1, '0001000010': 1, '0000101110': 1, '1100101010': 1, '0101111001': 1, '0001110101': 2, '0101010010': 3, '1101011100': 1, '0100000001': 1, '1001001111': 1, '0100110000': 1, '0010001001': 1, '1001000011': 1, '0110001100': 1, '0110100100': 1, '0001010010': 3, '0110110010': 1, '1000110100': 2, '1011001111': 2, '1001010001': 26, '1101101101': 1, '0110000100': 1, '0110000011': 1, '1101111010': 1, '0000110000': 1, '0101110101': 2, '1000110010': 2, '1110110101': 1, '0001010101': 7, '1100000101': 1, '1000100101': 2, '0111001110': 1, '0110010010': 2, '0001001001': 3, '0001010100': 2, '0010000111': 1, '1100001010': 1, '1011110101': 1, '1000110110': 1, '1001000101': 2, '0101100110': 1, '0001000101': 2, '1010111001': 2, '1101000100': 1, '0001010001': 11, '0110010011': 1, '1100010100': 4, '0100011010': 1, '1011010011': 1, '1101101001': 1, '1100101001': 1, '1001000010': 1, '0101000010': 1, '0100010011': 1, '1000111001': 2, '1000010110': 1, '0111111000': 1, '1000000001': 1, '0011000011': 1, '1000011101': 1, '0100111001': 2, '1101010010': 2, '1000111000': 1, '0110001011': 1, '1110011001': 2, '0100001011': 1, '0010110010': 1, '1110111001': 1, '0010001111': 1, '1001001001': 1, '1010000101': 3, '0000001000': 2, '0010010100': 3, '0100110010': 1, '1100101000': 1, '1001011001': 2, '0001110001': 2, '0010110101': 2, '0100000101': 5, '1000010011': 2, '1100010110': 2, '0100000000': 1, '1000010100': 1, '1010100101': 1, '0111010010': 1, '1100111001': 3, '0111010001': 9, '1110001001': 3, '0000001011': 1, '0111110100': 1, '1100011010': 1, '1110010001': 11, '1110010010': 5, '1000110011': 1, '0001001110': 1, '0011111101': 1, '0110011101': 1, '1100100100': 1, '0000010011': 4, '0101110001': 3, '0001111000': 2, '0011010001': 9, '0100000111': 1, '0110100010': 1, '1100010011': 1, '0000100101': 4, '1000111101': 1, '0000010010': 11, '1000000101': 1, '0001010000': 1, '1000110001': 16, '0110100101': 3, '1111101001': 1, '1000010001': 30, '0010011100': 1, '0100110011': 3, '0001001101': 4, '0010010111': 1, '1001001101': 2, '0100100001': 1, '1100011001': 6, '0000000001': 2, '0000010000': 4, '1001110001': 4, '0010000110': 1, '0000110011': 2, '1100010101': 9, '1100010000': 1, '1000111010': 1, '0000111001': 2, '0000010101': 15, '1011000001': 1, '0110010100': 1, '1100100001': 1, '1000001001': 3, '0010010010': 3, '0100111101': 1, '1110110001': 7, '0101010011': 2, '1011001001': 3, '0010010001': 24, '0101101001': 1, '1010001001': 6, '1001100101': 1, '0000011010': 1, '0000001001': 7, '1101010101': 6, '1010011001': 3, '1100111101': 1, '0101010101': 8, '1011000010': 2, '0000010100': 2, '0010001101': 1, '1100110010': 3, '0100101001': 5, '0010100101': 1, '0000110101': 5, '1010010001': 22, '1011010101': 4, '1101001001': 3, '1000010010': 8, '1111001101': 1, '1010110001': 4, '0110011001': 3, '1101010001': 9, '0100010111': 1, '0111010000': 1, '0110010101': 7, '0100100101': 3, '1100010001': 45, '0100110001': 23, '1010010100': 2, '1100101101': 1, '0101001001': 6, '0000101001': 5, '1110010101': 8, '0111001001': 1, '1111011001': 1, '0101010100': 1, '1111010001': 2, '0111110001': 1, '1100110001': 5, '0100101101': 1, '0110111001': 2, '0101000111': 1, '1110100010': 1, '1011010001': 12, '1100110000': 1, '1111110001': 1, '0000101100': 1, '0011010110': 2, '0100001101': 2, '1100001001': 8, '0000010110': 2, '1000010000': 2, '0000110001': 15, '0000010001': 57, '0101000001': 2, '1001000111': 1, '0010110001': 6, '0000110100': 1, '1100001101': 1, '1000011001': 9, '1110010000': 2, '1111111001': 3, '0100010101': 19, '0101010001': 35, '0010000100': 1, '1001010101': 4, '0110010001': 21, '0001110010': 1, '0000011000': 1, '0011111001': 1, '0010010000': 1, '1000001100': 1, '0011110001': 2, '0100001001': 14, '0010000001': 3, '0100110101': 3, '1010010101': 9, '0100010001': 66, '0010010101': 6, '0011110101': 2, '0110110001': 2, '1100101100': 1, '1010000001': 1, '0100010010': 7, '0101000101': 5, '0000011001': 9, '1000001101': 2, '0100010100': 1, '1000010101': 7, '0110001001': 5, '1100010010': 14, '0001000001': 1, '0011010101': 1, '1110110010': 2, '0000001101': 2}","DensityMatrix([[ 2.03145976e-05+0.00000000e+00j,
                 3.88943407e-05-1.03841695e-04j,
                -1.96197639e-05-2.99543342e-05j, ...,
                -2.25798378e-06-4.63325904e-07j,
                -3.41959672e-07-2.42258088e-07j,
                -4.45695793e-07-3.68588791e-07j],
               [ 3.88943407e-05+1.03841695e-04j,
                 8.84566684e-04+0.00000000e+00j,
                 1.87739276e-04-2.56423897e-04j, ...,
                -4.37680163e-05-3.04682999e-05j,
                -6.54148569e-06-6.91621531e-06j,
                -6.15353414e-06-1.01930022e-05j],
               [-1.96197639e-05+2.99543342e-05j,
                 1.87739276e-04+2.56423897e-04j,
                 1.46625275e-04+0.00000000e+00j, ...,
                -4.61918989e-06-2.85653942e-05j,
                 2.29368961e-07-5.98934443e-06j,
                 1.56875782e-06-6.33853490e-06j],
               ...,
               [-2.25798378e-06+4.63325904e-07j,
                -4.37680163e-05+3.04682999e-05j,
                -4.61918989e-06+2.85653942e-05j, ...,
                 7.98967195e-05+0.00000000e+00j,
                 1.10121036e-05-6.87633152e-06j,
                 6.77558536e-06-3.48480097e-06j],
               [-3.41959672e-07+2.42258088e-07j,
                -6.54148569e-06+6.91621531e-06j,
                 2.29368961e-07+5.98934443e-06j, ...,
                 1.10121036e-05+6.87633152e-06j,
                 2.90628977e-06+0.00000000e+00j,
                 1.95561631e-06-3.74243810e-07j],
               [-4.45695793e-07+3.68588791e-07j,
                -6.15353414e-06+1.01930022e-05j,
                 1.56875782e-06+6.33853490e-06j, ...,
                 6.77558536e-06+3.48480097e-06j,
                 1.95561631e-06+3.74243810e-07j,
                 2.12024668e-06+0.00000000e+00j]],
              dims=(2, 2, 2, 2, 2, 2, 2, 2, 2, 2))"
data/selected_mutant_qc/mutants_qft_10/qft_10_Mutant_Add_cp_P45_Q9_[2.356194490192345].qasm,Quratest_6,"{'1000011111': 1, '1001000011': 1, '0110110100': 1, '0110111000': 1, '0010011001': 1, '0011011110': 1, '0111100110': 1, '0000101001': 1, '1001000010': 1, '1000111110': 1, '1100110010': 1, '0000011101': 1, '1000101011': 1, '0000110100': 1, '0110101001': 1, '1101010011': 3, '1111010010': 1, '1010011100': 1, '0111000001': 2, '0111000101': 1, '1010111110': 2, '0110011111': 1, '1110101000': 1, '0011010011': 2, '1100100111': 1, '0100011100': 1, '0011000011': 1, '0001000110': 1, '0111010110': 2, '0010011010': 1, '1100100010': 1, '1011001010': 1, '0110111001': 1, '1010100111': 2, '0001101011': 1, '0011000110': 1, '1000101001': 1, '1101000101': 1, '0111011000': 1, '1101100011': 2, '0110010011': 1, '1010111101': 1, '1010101011': 2, '1111011010': 4, '1000011001': 1, '1010111100': 2, '0111011110': 1, '0010101010': 1, '0110110110': 1, '0001100100': 2, '0000011011': 2, '0001010011': 2, '0100000111': 1, '1100000011': 1, '1101011100': 1, '0110101000': 1, '1101011000': 1, '1000010011': 1, '0010111101': 1, '0001001001': 1, '1100010111': 1, '1010100010': 5, '0101000111': 1, '1001011110': 1, '0111100001': 1, '0001100010': 1, '1110111010': 2, '1011100110': 2, '1001011100': 3, '0111100101': 6, '1001100101': 4, '1010000011': 1, '1101011011': 2, '1110100110': 7, '1110010110': 1, '0010100110': 2, '1010010011': 1, '0001100011': 4, '1010100110': 2, '0000100101': 2, '1100010011': 1, '1110010011': 1, '1011000011': 3, '1011010010': 1, '0100011111': 2, '0011000101': 1, '1110011010': 2, '1110100100': 4, '0110011001': 5, '0101011111': 3, '1100111100': 3, '0011011111': 1, '0010011011': 7, '0000111011': 1, '1001100001': 1, '0111010011': 5, '0000100100': 1, '1100011110': 2, '0101010111': 5, '1100100011': 4, '1101011110': 2, '1001000101': 1, '1010011101': 2, '0100101001': 3, '1111100010': 3, '1111010110': 3, '1100011111': 2, '0101011011': 19, '0001011010': 3, '0111010101': 8, '1011100011': 6, '0101011001': 3, '1010101100': 1, '1111000110': 4, '1000011011': 19, '0111100010': 1, '0010011101': 4, '1000111100': 1, '0110100111': 9, '1100111010': 5, '1000110010': 1, '1011011100': 2, '1101100110': 4, '0000111110': 1, '0011100111': 2, '0110111011': 1, '1001100010': 2, '0111001011': 4, '0110100001': 1, '0001010110': 1, '0100000011': 1, '0111011100': 1, '0001100101': 2, '1111100110': 5, '1001100100': 3, '1100011101': 3, '0001000011': 1, '1011001001': 1, '0101010011': 7, '0010010111': 2, '1110110110': 2, '0100110101': 1, '1001000110': 4, '1000110110': 6, '0110110111': 2, '0111011101': 5, '0101100101': 5, '1000100110': 5, '0110100101': 11, '1011010101': 4, '1011100100': 1, '0011000001': 1, '0110110101': 3, '1010110001': 1, '1111011110': 5, '1010100011': 8, '1000010101': 3, '1000011110': 1, '0110110010': 1, '1100111000': 1, '0100011011': 19, '0100010111': 5, '0110010101': 2, '0011001001': 2, '0100100111': 7, '1111010011': 1, '0101001001': 1, '1000010111': 5, '0100100110': 1, '1100110100': 1, '1110100010': 3, '0111011011': 30, '1001011101': 4, '1000111010': 3, '1101010100': 1, '1010010101': 1, '1110111100': 2, '1001011111': 2, '0000011010': 3, '0101010110': 1, '1111010111': 4, '0110101011': 3, '0100100011': 29, '1100011010': 2, '1000110011': 1, '0101101010': 1, '1010100101': 6, '0011100011': 7, '0000100011': 3, '1001011011': 22, '1101100010': 2, '1010011010': 2, '1011011001': 1, '1001010101': 8, '0011100110': 1, '0010110011': 2, '1010110110': 6, '1100110110': 3, '1100100101': 1, '0010110110': 3, '1000110101': 1, '1111010101': 1, '0011101011': 2, '1101010111': 3, '1100110101': 1, '0011100101': 5, '1111110110': 1, '0001011001': 2, '1001100111': 3, '0110010111': 5, '0011000111': 3, '0010101011': 1, '1010011011': 8, '1001001010': 1, '1011100111': 1, '0110100011': 17, '1111011100': 1, '0010100000': 1, '0000100001': 2, '1101000110': 1, '0010100101': 12, '1010110101': 1, '0100010101': 3, '0100100101': 6, '0111100011': 5, '0010010110': 1, '0111000011': 4, '0001010111': 5, '0101100011': 7, '1001100011': 7, '1011010111': 3, '0010110100': 2, '1101010110': 4, '0000111010': 3, '1001011010': 4, '1000100001': 1, '0100011001': 4, '0000111000': 1, '0110011101': 3, '1000011101': 5, '0000010111': 1, '1010010100': 1, '1001010011': 6, '1111100100': 4, '0000100010': 2, '0001011111': 1, '1000100011': 17, '1001011001': 8, '0001011101': 2, '1001000111': 2, '1000111001': 1, '1001010111': 12, '1101000010': 1, '0111011111': 5, '1011011011': 16, '1000100010': 3, '1110011110': 2, '1111101000': 1, '0010100011': 6, '0010100111': 3, '0101011101': 2, '0001011011': 11, '0101000101': 2, '0111011001': 2, '1100011011': 2, '0111100111': 3, '0100011101': 6, '1001101001': 2, '1101011001': 1, '1010100100': 1, '1000100101': 6, '1011100010': 6, '0001001010': 1, '0000011111': 1, '1000100100': 1, '1101100100': 3, '0110111111': 1, '0100011110': 1, '0111000111': 3, '1001010110': 3, '1100010110': 2, '1101010101': 1, '1010011001': 3, '1110010111': 1, '0101010101': 10, '0100110111': 1, '0011011101': 3, '0011010111': 9, '1110111110': 2, '1011011010': 6, '0000100110': 5, '0001011100': 1, '0111101011': 1, '1001101011': 2, '0010000101': 1, '0001010101': 2, '0101000011': 3, '0011011001': 1, '1101011010': 6, '1100100100': 5, '1001011000': 1, '1000101000': 1, '1011010011': 4, '0111010111': 11, '0011010101': 7, '0100101011': 1, '0110011011': 10, '1011011111': 1, '1111011011': 3, '1011101010': 1, '0000101011': 1, '1100100110': 7, '0010101001': 1, '1010101010': 2, '0101100111': 7, '0011011011': 13, '1110110100': 1, '0001000101': 1}","DensityMatrix([[ 9.87705425e-07+0.00000000e+00j,
                -4.67518351e-07+6.29729549e-07j,
                 4.21941651e-06+5.55744955e-07j, ...,
                -5.39061699e-07-2.99732394e-07j,
                 8.97413380e-07+4.44349124e-06j,
                -2.45424753e-07+7.39389949e-07j],
               [-4.67518351e-07-6.29729549e-07j,
                 6.22789648e-07+0.00000000e+00j,
                -1.64288419e-06-2.95322082e-06j, ...,
                 6.40584626e-08+4.85563270e-07j,
                 2.40824891e-06-2.67543475e-06j,
                 5.87580325e-07-1.93506227e-07j],
               [ 4.21941651e-06-5.55744955e-07j,
                -1.64288419e-06+2.95322082e-06j,
                 1.83377834e-05+0.00000000e+00j, ...,
                -2.47148647e-06-9.77128372e-07j,
                 6.33388105e-06+1.84773788e-05j,
                -6.32412260e-07+3.29671949e-06j],
               ...,
               [-5.39061699e-07+2.99732394e-07j,
                 6.40584626e-08-4.85563270e-07j,
                -2.47148647e-06+9.77128372e-07j, ...,
                 3.85162432e-07+0.00000000e+00j,
                -1.83821958e-06-2.15279983e-06j,
                -9.04318568e-08-4.78015549e-07j],
               [ 8.97413380e-07-4.44349124e-06j,
                 2.40824891e-06+2.67543475e-06j,
                 6.33388105e-06-1.84773788e-05j, ...,
                -1.83821958e-06+2.15279983e-06j,
                 2.08057632e-05+0.00000000e+00j,
                 3.10338004e-06+1.77591530e-06j],
               [-2.45424753e-07-7.39389949e-07j,
                 5.87580325e-07+1.93506227e-07j,
                -6.32412260e-07-3.29671949e-06j, ...,
                -9.04318568e-08+4.78015549e-07j,
                 3.10338004e-06-1.77591530e-06j,
                 6.14485646e-07+0.00000000e+00j]],
              dims=(2, 2, 2, 2, 2, 2, 2, 2, 2, 2))","{'1001001100': 1, '1010000111': 1, '0000011100': 1, '0101100001': 1, '0100101001': 1, '1111111010': 1, '1010101000': 1, '0010101000': 1, '0110010010': 1, '1101000000': 1, '1010011110': 2, '0010011101': 1, '1000011110': 1, '0110101001': 1, '0111000001': 1, '0000100100': 1, '1100011110': 1, '1101110110': 2, '1000100010': 2, '1011001001': 1, '0101001101': 1, '1010111010': 3, '0011011111': 3, '1101000001': 1, '0000010101': 1, '0110000011': 1, '0001100111': 1, '0011010001': 1, '1101111100': 1, '1100110101': 2, '0010011000': 1, '0100111111': 1, '0100010011': 1, '0001101101': 1, '1010110011': 1, '1010110110': 2, '0000100010': 2, '0000100111': 1, '1101101000': 1, '1001011010': 3, '0110000101': 1, '1000110011': 2, '1000010010': 1, '1101010110': 2, '0011001011': 1, '1001010010': 1, '1100101011': 1, '1001011101': 2, '0000100101': 2, '1110000010': 1, '1001011111': 2, '0101001111': 1, '1010111011': 1, '1100011000': 2, '0010010110': 1, '1111111100': 1, '1101011100': 1, '1010011000': 1, '0000011000': 1, '1111000010': 2, '1100101110': 1, '0101010001': 1, '0100100110': 1, '1111000001': 1, '1011001011': 2, '0110100010': 1, '1011010100': 1, '0010100001': 1, '1001100010': 2, '1111111110': 1, '1010101001': 2, '1100101001': 1, '1011010011': 2, '1100100001': 1, '1111000100': 1, '1000111010': 2, '1101000111': 1, '0010000011': 1, '1110100011': 2, '1100000100': 1, '0101011111': 2, '0101010011': 6, '1110011000': 1, '0001010011': 1, '0110100110': 1, '1011011110': 1, '0111101011': 2, '1010110101': 1, '1100111011': 1, '0101101011': 2, '1011101011': 2, '1111100010': 1, '1111010110': 4, '1100011111': 2, '0110111110': 1, '1110100110': 2, '0001111001': 1, '0011100010': 1, '1000100100': 2, '0100110110': 1, '0101110011': 1, '0101111011': 4, '0100100010': 1, '0110101010': 1, '1010010010': 1, '0011011001': 2, '0011001000': 1, '1000101100': 1, '1111011001': 1, '0001000111': 3, '1110100100': 4, '1111100111': 1, '1010011001': 1, '1110110010': 1, '1101011010': 3, '1100111010': 1, '0110101101': 1, '0111000101': 2, '0110100111': 4, '1011000101': 4, '1110101011': 1, '1001000011': 3, '1010100011': 6, '1000010101': 4, '1101011001': 3, '1001101001': 1, '0000111110': 1, '1101000011': 2, '1001011110': 1, '1110011001': 2, '0100001011': 1, '1011100110': 3, '1001011100': 3, '0101011011': 22, '0001011010': 1, '1001100100': 4, '0001000101': 3, '1001011001': 5, '1000110111': 1, '0101110101': 2, '1010111000': 1, '1101100110': 6, '1011010101': 4, '0010010101': 3, '0000011011': 4, '1101011101': 1, '0111011110': 2, '1011100011': 4, '0101011010': 2, '0111010101': 8, '0101011001': 3, '0110001111': 2, '0110111011': 6, '1100100011': 2, '1001010110': 1, '1000100111': 8, '1100010110': 2, '0111000111': 5, '0011100000': 1, '0000011010': 1, '1001100001': 1, '1111011011': 5, '1011011111': 3, '1110110110': 1, '0100110101': 1, '0110011001': 3, '0010010011': 4, '0011100110': 3, '1011011001': 2, '1001010101': 3, '1010011101': 1, '0111110111': 1, '1001000101': 2, '1101011110': 4, '0001100110': 1, '0010110110': 1, '1011001000': 1, '0000000101': 1, '1100100101': 2, '0001010110': 2, '1001110110': 1, '0100000011': 3, '0000011101': 1, '0100000010': 1, '1111010111': 2, '0110101011': 1, '0110010111': 6, '1001100111': 3, '1100100010': 4, '0010011010': 1, '0001100001': 2, '1110010101': 3, '1111100101': 1, '0001100101': 3, '1000000011': 1, '1111011000': 1, '1010010111': 3, '1001100011': 9, '1011010111': 3, '1111001011': 1, '0110001101': 1, '1100000111': 1, '0000110101': 1, '0010100101': 4, '1111100011': 4, '1001100110': 1, '1101000101': 1, '0011100111': 5, '0000010110': 3, '1000100011': 9, '0001011111': 2, '1101100111': 1, '1111010011': 2, '0100100111': 4, '1000011001': 2, '1100001101': 1, '0111001011': 2, '1100011011': 3, '0101100101': 3, '0111011101': 9, '0110110111': 4, '0101000101': 1, '0111011001': 2, '0111111011': 4, '1110010111': 3, '0101010101': 5, '1001000110': 2, '1000110110': 3, '0010101111': 1, '1110011110': 2, '0001011011': 7, '0001000010': 1, '0101011101': 6, '0011010110': 1, '0011010101': 8, '1001010011': 5, '1110100001': 1, '1111011101': 1, '1000011100': 2, '1010111110': 2, '1100000110': 1, '0011000111': 1, '0100101011': 2, '0110011011': 10, '1100100000': 1, '1011011010': 5, '0000100110': 3, '1110111110': 2, '1110011010': 4, '0001010111': 1, '0111000011': 6, '0110011111': 3, '1011001010': 1, '1010100100': 2, '1000100101': 5, '1100100111': 2, '0111110101': 2, '0111001101': 1, '1101100100': 2, '0011100001': 1, '1001100101': 4, '0011000101': 3, '0100011111': 3, '1011000000': 1, '1111011010': 2, '1010011111': 2, '1011000111': 3, '1101000010': 1, '0111011111': 5, '1011011011': 8, '1110010011': 1, '1011000011': 2, '0100011001': 4, '1011011101': 2, '1100010101': 1, '0011011101': 7, '0100110111': 4, '0000011110': 1, '0000101010': 1, '0000010111': 1, '1000011101': 4, '0110011101': 6, '1011110101': 1, '1101100010': 1, '1010011010': 1, '0011100011': 10, '0000100011': 7, '1001011011': 13, '0001100011': 6, '1010100110': 2, '0101000011': 3, '1101011000': 1, '0100000101': 1, '1000010011': 3, '0100100011': 5, '1100011010': 3, '1001001011': 3, '0011100101': 4, '1110100000': 1, '1011100100': 1, '1111010000': 1, '1011100101': 3, '1000011010': 1, '1011100010': 3, '1010010101': 1, '0111100111': 1, '0011010011': 4, '1100011100': 2, '1010010011': 4, '0110010101': 2, '0011001001': 1, '0100010111': 3, '0100011011': 21, '1010011011': 11, '0111000010': 1, '0001001011': 3, '0100100101': 8, '0010011111': 3, '1000011111': 4, '0111100011': 6, '0110000111': 1, '1010100001': 2, '1100111110': 2, '0000010011': 1, '1000011000': 1, '1100100100': 2, '1100100110': 3, '0011110101': 1, '0011011011': 7, '1000100110': 2, '0110100101': 4, '0101010111': 5, '1010100111': 2, '0111011011': 12, '0011010111': 8, '1110100010': 2, '0101000111': 2, '0010011011': 12, '0101001001': 2, '1000010111': 6, '0111010111': 10, '0111100101': 6, '0100010101': 5, '1010101010': 2, '0101100111': 7, '0111100001': 3, '0100111011': 1, '0001011101': 1, '0101000001': 1, '1001000111': 3, '0001111101': 1, '1110011011': 1, '1001010111': 4, '0101100011': 6, '1011110011': 1, '1000111111': 1, '0010110111': 1, '0010100011': 9, '1010100101': 6, '0111010011': 7, '0110111101': 3, '0100100001': 2, '0010010111': 3, '1001001101': 1, '1011110110': 2, '0100110011': 2, '1000011011': 14, '0000110110': 3, '1010111100': 1, '1101011011': 3, '1101100011': 2, '0100010001': 3, '0101001011': 3, '0010100110': 2, '1110010110': 1, '1110111010': 2, '0001100010': 2, '0110110011': 5, '0010111100': 1, '1111011110': 3, '1001001010': 3, '1110000111': 1, '0110110110': 1, '0110010011': 3, '0110100011': 10}","DensityMatrix([[ 5.19963237e-06+0.00000000e+00j,
                 1.32662950e-06+3.04065060e-06j,
                 1.37149977e-05-5.78955142e-06j, ...,
                -5.20481449e-07-1.83802999e-07j,
                 1.15165993e-06+3.99355497e-06j,
                -8.30003355e-08+5.96507866e-07j],
               [ 1.32662950e-06-3.04065060e-06j,
                 5.64254376e-06+0.00000000e+00j,
                 1.54936810e-06-1.13628351e-05j, ...,
                -2.10024386e-08+6.27680273e-07j,
                 2.25727846e-06-2.05211708e-06j,
                 6.27427838e-07-2.07254092e-07j],
               [ 1.37149977e-05+5.78955142e-06j,
                 1.54936810e-06+1.13628351e-05j,
                 7.47517102e-05+0.00000000e+00j, ...,
                -2.11558572e-06-7.69018738e-07j,
                 3.91963121e-06+1.68801142e-05j,
                -4.28713302e-07+2.63292583e-06j],
               ...,
               [-5.20481449e-07+1.83802999e-07j,
                -2.10024386e-08-6.27680273e-07j,
                -2.11558572e-06+7.69018738e-07j, ...,
                 9.09434748e-06+0.00000000e+00j,
                 4.75219473e-06-1.46081537e-05j,
                -4.19839837e-06-7.22189256e-06j],
               [ 1.15165993e-06-3.99355497e-06j,
                 2.25727846e-06+2.05211708e-06j,
                 3.91963121e-06-1.68801142e-05j, ...,
                 4.75219473e-06+1.46081537e-05j,
                 7.29030644e-05+0.00000000e+00j,
                 1.28362763e-05-1.17453320e-05j],
               [-8.30003355e-08-5.96507866e-07j,
                 6.27427838e-07+2.07254092e-07j,
                -4.28713302e-07-2.63292583e-06j, ...,
                -4.19839837e-06+7.22189256e-06j,
                 1.28362763e-05+1.17453320e-05j,
                 1.20085733e-05+0.00000000e+00j]],
              dims=(2, 2, 2, 2, 2, 2, 2, 2, 2, 2))"
data/selected_mutant_qc/mutants_qft_10/qft_10_Mutant_Add_cp_P45_Q9_[2.356194490192345].qasm,Quratest_7,"{'1100110010': 1, '0011110110': 1, '1001100101': 1, '1010110111': 1, '0011001000': 1, '0111000001': 1, '0101110110': 2, '0000000110': 1, '1010111110': 1, '1100001101': 1, '1011111001': 1, '1000100101': 1, '0100100000': 1, '1010111010': 1, '1001010111': 1, '0001001110': 1, '1110000000': 1, '1110110010': 1, '0101001101': 1, '1110011010': 1, '0101000001': 1, '1101000000': 1, '1010100000': 1, '1010011000': 2, '1100001001': 1, '0000010110': 1, '1100011101': 2, '0001100010': 1, '1110111010': 1, '1101001110': 3, '0101111001': 2, '0100010110': 1, '1111101000': 1, '0001111010': 1, '1100100001': 3, '0101100010': 1, '0101010111': 1, '1110011000': 1, '1001100000': 1, '0001011010': 3, '0000110110': 1, '0010110010': 2, '1111100110': 2, '1100111101': 1, '1000111000': 1, '1000101001': 2, '0110011001': 1, '1101010001': 4, '1100011010': 2, '0011010001': 1, '0001111000': 3, '1001000000': 1, '0010100110': 9, '1110101010': 1, '0011011001': 1, '1101101110': 1, '1111010110': 2, '0001100000': 7, '1011100001': 12, '1001011101': 2, '0010111000': 8, '1001011111': 1, '1011001010': 1, '0011110000': 1, '1101110010': 2, '1101011110': 6, '0001100110': 4, '0101100110': 4, '0010011110': 5, '1110101001': 1, '0011011010': 6, '1110100010': 1, '1101110000': 3, '0110111001': 2, '0010100000': 15, '0100110000': 2, '1011010110': 5, '1111001110': 2, '1110100000': 3, '0110110101': 1, '1100100010': 2, '0010011010': 4, '0100111001': 1, '1010011001': 3, '1100010110': 1, '0100011110': 1, '1101010010': 8, '1101001010': 3, '0010101110': 7, '0101011110': 6, '1011010000': 6, '1111011001': 3, '1111011000': 3, '0011101000': 5, '1110001001': 1, '1011100101': 3, '1111010000': 2, '0001101000': 7, '1100011001': 10, '0111101110': 1, '1011100110': 5, '1001101110': 1, '1101011101': 1, '1000110000': 1, '0011111010': 1, '0101100000': 10, '0101100101': 1, '0001010000': 5, '1101110110': 3, '1100001110': 1, '1011001110': 2, '0100100110': 5, '1101101001': 9, '1100101001': 5, '0011010010': 9, '1011110000': 2, '0011100010': 3, '0100110110': 2, '0000101000': 3, '1001010001': 3, '1101101101': 3, '0010011000': 4, '0101110001': 3, '0001101010': 7, '1110111110': 1, '0100111000': 6, '1100100000': 5, '1011011010': 2, '1101011001': 15, '1001101001': 3, '1100110101': 1, '0110101000': 1, '1101011000': 22, '1100111000': 6, '1110101000': 4, '1011101101': 2, '1010101101': 2, '0011010110': 6, '1110110000': 1, '1110011001': 3, '0000100000': 1, '0101001001': 3, '1101111010': 3, '1100110000': 2, '0010101000': 14, '0111110001': 1, '1110110110': 2, '0001010110': 5, '1101101000': 23, '0100011010': 1, '1010011110': 2, '1101100010': 9, '0111010101': 2, '1100001000': 1, '0101011001': 7, '0101011010': 2, '1011110010': 1, '0011011000': 9, '1111100001': 3, '1100010101': 1, '0011000110': 1, '1101100001': 11, '0011100110': 7, '1001010101': 3, '1011011001': 17, '1010001101': 1, '1101010110': 9, '0011101010': 3, '1011011000': 9, '1111011110': 2, '1010110001': 3, '1011100010': 5, '0010110000': 3, '1100100110': 4, '0110001010': 1, '1100010000': 1, '1100100101': 1, '1011001000': 1, '0010110110': 6, '1010000001': 1, '1100011000': 4, '0100011000': 4, '0110101001': 2, '0101111101': 2, '1100101010': 3, '1110100110': 1, '0101001110': 2, '1001001101': 1, '1011110001': 1, '1011110110': 2, '1010100110': 2, '1011100111': 1, '1111100000': 3, '0000111000': 2, '0000011010': 1, '0101010110': 2, '1010101111': 1, '1110111001': 1, '1011011101': 4, '1101010000': 6, '0100101001': 2, '1011011110': 5, '0001000000': 1, '1011010001': 5, '1110111000': 1, '1001011001': 10, '1010111001': 3, '0101100001': 4, '0001010010': 2, '0101010010': 2, '0011011110': 2, '1010010001': 3, '0001101110': 1, '1100101110': 2, '0101010001': 6, '0011001110': 4, '1010110000': 1, '0010010110': 4, '1111011101': 1, '1011101000': 4, '0001011000': 11, '1101100110': 11, '1010111000': 3, '0101111000': 3, '0111011001': 6, '0111100001': 2, '0010101001': 1, '1010101010': 2, '0101100111': 1, '1010100101': 5, '1011101010': 3, '1011101001': 10, '0101101101': 2, '0011100000': 10, '0101101001': 13, '1010110010': 2, '1010001001': 2, '0100010000': 1, '1101001001': 2, '1001100010': 1, '0111101001': 1, '1101001000': 4, '1011000010': 1, '0000111010': 1, '0001011110': 4, '0100111101': 1, '0101010000': 3, '1011001001': 5, '0011100001': 1, '1100111001': 7, '1101100111': 1, '1010100010': 2, '1011100000': 7, '1001100001': 5, '1101011010': 13, '0100100010': 2, '1100110001': 1, '0101011000': 13, '0101101000': 3, '1100101000': 14, '0010101010': 7, '0011010000': 4, '1101100000': 23, '0110101101': 1, '1001110001': 3, '0101011101': 2, '0010111010': 2, '0100111010': 2, '0001001000': 1, '1010101001': 16, '1000100001': 2, '0111100101': 2, '0001110000': 3, '1101111000': 4, '1111010010': 1, '0010100010': 6, '0101000110': 1, '0100101010': 2, '1010110101': 1, '1101101010': 10, '1101100101': 3, '1100011110': 1, '0100101000': 7, '1010110110': 1, '1100110110': 2, '1010100001': 12, '1101111001': 2, '1010101000': 9}","DensityMatrix([[ 1.90219939e-05+0.00000000e+00j,
                -5.20659579e-06-4.74567391e-07j,
                -8.77478154e-06+3.29145998e-06j, ...,
                 4.97662264e-06-1.17847722e-06j,
                 1.60725469e-05-1.12852786e-05j,
                 2.79817252e-07+1.45828743e-06j],
               [-5.20659579e-06+4.74567391e-07j,
                 1.43696050e-06+0.00000000e+00j,
                 2.31966855e-06-1.11983670e-06j, ...,
                -1.33277278e-06+4.46724848e-07j,
                -4.11774025e-06+3.48992808e-06j,
                -1.12971910e-07-3.92173455e-07j],
               [-8.77478154e-06-3.29145998e-06j,
                 2.31966855e-06+1.11983670e-06j,
                 4.61731301e-06+0.00000000e+00j, ...,
                -2.49961635e-06-3.17499530e-07j,
                -9.36695342e-06+2.42475682e-06j,
                 1.23255190e-07-7.21121088e-07j],
               ...,
               [ 4.97662264e-06+1.17847722e-06j,
                -1.33277278e-06-4.46724848e-07j,
                -2.49961635e-06+3.17499530e-07j, ...,
                 1.37501786e-06+0.00000000e+00j,
                 4.90413597e-06-1.95675820e-06j,
                -1.71387736e-08+3.98859580e-07j],
               [ 1.60725469e-05+1.12852786e-05j,
                -4.11774025e-06-3.48992808e-06j,
                -9.36695342e-06-2.42475682e-06j, ...,
                 4.90413597e-06+1.95675820e-06j,
                 2.02757019e-05+0.00000000e+00j,
                -6.28735564e-07+1.39818197e-06j],
               [ 2.79817252e-07-1.45828743e-06j,
                -1.12971910e-07+3.92173455e-07j,
                 1.23255190e-07+7.21121088e-07j, ...,
                -1.71387736e-08-3.98859580e-07j,
                -6.28735564e-07-1.39818197e-06j,
                 1.15913187e-07+0.00000000e+00j]],
              dims=(2, 2, 2, 2, 2, 2, 2, 2, 2, 2))","{'0111011101': 1, '1110100001': 1, '1011000001': 1, '1110100100': 1, '0101011100': 1, '1101000100': 1, '0001110110': 1, '1111000101': 1, '1101011111': 1, '0111101110': 1, '1010010101': 1, '1001010010': 1, '1110001101': 1, '0110101110': 1, '1010110100': 1, '0101011001': 1, '1001010001': 1, '0000111101': 1, '1110101000': 2, '1010111001': 3, '0010011101': 1, '1111010010': 1, '1111001010': 1, '1110100000': 3, '1000011001': 2, '1000000000': 1, '1110011001': 1, '1011001110': 4, '1010011111': 1, '1100110110': 1, '0000100101': 1, '1010010110': 2, '1111001100': 1, '1010101000': 1, '1100001001': 1, '1100111101': 1, '1110100101': 1, '0100110000': 1, '0101110100': 1, '1011000000': 1, '1101100010': 7, '1111111001': 1, '0011101001': 1, '1001001000': 1, '1010111101': 1, '0101011101': 1, '0001000010': 1, '1100110101': 1, '0011010010': 1, '0100100111': 1, '0110010110': 1, '1101010010': 2, '0100000110': 1, '0101100110': 5, '1101000101': 1, '1010111010': 2, '0101001010': 1, '1101110101': 1, '0111100010': 1, '1011101001': 11, '1000001001': 1, '0000011000': 1, '0110000101': 1, '1101100101': 4, '0010110010': 1, '0101001110': 1, '1000100101': 1, '0101011000': 11, '1010100100': 1, '1011111000': 4, '0001100110': 2, '1011101101': 2, '1010101101': 2, '1011011101': 2, '1101110110': 1, '1110011000': 2, '1011111010': 1, '1011001001': 3, '1100010110': 1, '1001100010': 2, '0011001001': 1, '0010100000': 5, '0000100000': 4, '1110101011': 1, '1101101100': 1, '1111000110': 1, '1000110110': 1, '1010110101': 1, '0000111000': 5, '1110100110': 1, '0000101010': 1, '0010000000': 3, '1100001111': 1, '0101001101': 2, '1000000010': 2, '1100111010': 1, '1010001001': 1, '0001101100': 1, '1001100011': 1, '1011011010': 4, '1100101110': 1, '1011110010': 1, '1101011100': 1, '1010110110': 1, '1100001110': 1, '0101001001': 2, '0011010001': 2, '1110000000': 2, '0001100100': 3, '0100010110': 1, '1010000010': 1, '1101000000': 1, '0111100000': 2, '1000111000': 1, '1111101001': 1, '0001010000': 2, '1110101110': 1, '0000100010': 2, '0100111001': 1, '1000011101': 1, '1111011000': 4, '1111100010': 2, '0011010111': 1, '1101101010': 6, '1110011100': 1, '0101001111': 1, '0001010010': 2, '0011001000': 1, '1101000001': 1, '1101110000': 2, '0101110000': 3, '1101111010': 1, '1101010100': 1, '1000111010': 1, '0101111010': 1, '1011100101': 4, '1001110000': 2, '0111100001': 2, '0101001000': 2, '0111011000': 2, '0100101011': 1, '1101011101': 2, '1110000110': 1, '0010010110': 2, '1011011000': 12, '1011001101': 1, '1111001110': 1, '0100011010': 2, '1101111110': 1, '0100011110': 2, '1001010110': 1, '1011100001': 6, '1111001101': 2, '0100101010': 2, '1001011010': 2, '0100010010': 2, '0100111100': 1, '1001001111': 1, '0111110110': 1, '1111000001': 1, '0011111010': 1, '0001100000': 12, '0100101000': 5, '1100101010': 4, '1111010000': 1, '1100011010': 5, '1011111001': 3, '0011000000': 2, '0011110101': 1, '0011011011': 1, '0011011000': 4, '0110101001': 2, '0101100001': 6, '0001011110': 2, '0000111010': 1, '1100000110': 1, '1101011010': 6, '0110100010': 1, '1101111000': 4, '0110100000': 2, '1010011001': 7, '1100001010': 1, '1010011010': 2, '1000101001': 3, '0111011010': 2, '1111101100': 1, '1101011110': 6, '1101110010': 1, '0010011110': 5, '1010011101': 3, '0011100001': 2, '0010011100': 1, '1110010001': 1, '0101100000': 7, '1100111000': 3, '0110100001': 3, '0110001001': 2, '1111011010': 3, '0101010110': 2, '1010000001': 1, '0100011000': 4, '1010100110': 4, '1100011000': 1, '1001010101': 1, '1011011001': 16, '0011100110': 3, '1101111111': 1, '1110001010': 1, '0011110010': 2, '0001001000': 1, '1010111000': 3, '1011110001': 3, '1010101010': 1, '1011001000': 4, '0010101001': 1, '0001110001': 1, '0011011100': 2, '0101000000': 2, '1001011100': 1, '0100110110': 2, '1011100110': 2, '0001101000': 6, '0011111000': 2, '0000100011': 1, '1100011001': 5, '0011101010': 1, '0100100001': 3, '0111011001': 1, '0111010100': 1, '0011111110': 1, '1111111000': 2, '0111010101': 1, '0101011010': 3, '1100001000': 2, '0110111000': 1, '0100011101': 1, '1010001110': 2, '1011110111': 1, '1110110101': 2, '1001101001': 4, '0010100001': 2, '0000101000': 6, '1101011001': 14, '0111101011': 1, '1100111001': 1, '1100000001': 1, '1101010110': 5, '1001110110': 1, '0000110000': 1, '0101010000': 3, '1000110111': 1, '1011011100': 2, '0010010000': 1, '1101100110': 7, '0001001010': 1, '0011010110': 4, '1111110000': 2, '0010100111': 1, '1101001000': 1, '0111101001': 4, '1111110001': 1, '1011100000': 10, '1001100001': 2, '1010100000': 3, '0101000101': 2, '0010001010': 2, '1011011011': 1, '1101000010': 1, '1101010001': 8, '1010011000': 1, '0101101001': 6, '1111000000': 1, '1100111110': 3, '0001001110': 2, '1010100001': 6, '0101100010': 2, '1010010000': 2, '1101101110': 3, '1111010110': 1, '0001111010': 2, '1011101011': 1, '1111100000': 5, '1011100111': 1, '0001101010': 5, '1101110001': 1, '0101010001': 3, '1111101000': 5, '0011011110': 5, '1011010000': 3, '0101010010': 2, '0011000010': 2, '0010011000': 5, '1001100000': 1, '1010110001': 2, '1011010001': 4, '1111011110': 3, '0010001000': 1, '0011011001': 1, '1010101001': 6, '1001111010': 1, '0010111010': 3, '0110001110': 1, '1100010010': 1, '0010010010': 1, '1001101010': 2, '0101101000': 2, '1110001001': 1, '0011101000': 4, '1111000010': 1, '1001101000': 2, '0011100010': 6, '1101100000': 12, '0110100110': 1, '1011011110': 3, '1101010000': 2, '0100101001': 2, '1110011010': 3, '1101111001': 3, '1100101001': 1, '1101101001': 9, '0110111001': 1, '0110011110': 1, '0101010101': 1, '1101010101': 3, '0010101100': 2, '1101011000': 10, '1000011000': 1, '0010111000': 8, '0110001100': 1, '1100101000': 5, '0100100110': 1, '0100100010': 2, '1101001001': 1, '1110010000': 2, '0001011010': 1, '1100110001': 3, '0100101101': 1, '0010000001': 1, '1111101110': 1, '1100100110': 3, '1100100101': 1, '1000110101': 2, '0010110110': 4, '1100110000': 3, '1001010111': 1, '0000100110': 1, '0100111000': 1, '1100100000': 4, '0001111000': 1, '1011010010': 2, '0100110100': 1, '1110111010': 1, '0010100010': 7, '0001100010': 3, '0010110000': 3, '0110110110': 1, '0010101010': 5, '1001001001': 1, '0011010000': 7, '1111111010': 1, '0011000110': 3, '1101100001': 8, '1001011001': 8, '0100100000': 6, '1000010001': 2, '1110110110': 1, '1001111001': 1, '1110100010': 1, '1110101001': 2, '0011011010': 7, '0001010110': 4, '1101101000': 20, '1001100101': 4, '0010101000': 14, '1101000110': 1, '1100100001': 4, '1111100110': 2, '1000100110': 1, '1010100101': 1, '0011101110': 1, '1001111101': 1, '1011010110': 4, '1011010101': 2, '1000100001': 3, '0010111001': 3, '0101111001': 2, '0010101110': 1, '0101011110': 2, '1110111000': 2, '1111100001': 7, '1011100010': 2, '1011101110': 1, '0011100000': 12, '1100010001': 1, '0101101101': 2, '1001011110': 1, '0011110000': 2, '1011001010': 3, '1011101000': 10, '0001011000': 8, '1011010100': 1, '1011101010': 3, '1110011110': 2, '0010011010': 4, '1100100010': 3, '1100100111': 1, '0010100110': 8, '1011110000': 3, '0000001010': 1, '1110010010': 2}","DensityMatrix([[ 4.38156065e-05+0.00000000e+00j,
                -1.15442143e-05+1.46334042e-07j,
                -2.21986236e-05+1.26730906e-05j, ...,
                 3.78529046e-06-3.11383420e-06j,
                 8.42481255e-06-1.52427992e-05j,
                 9.48671399e-07+6.94787151e-07j],
               [-1.15442143e-05-1.46334042e-07j,
                 4.13314530e-06+0.00000000e+00j,
                 6.30759463e-06-3.38155883e-06j, ...,
                -1.16338848e-06+9.09251175e-07j,
                -2.22137667e-06+4.70962088e-06j,
                -3.05659606e-07-2.45458215e-07j],
               [-2.21986236e-05-1.26730906e-05j,
                 6.30759463e-06+3.38155883e-06j,
                 1.71796595e-05+0.00000000e+00j, ...,
                -2.96402103e-06+1.19960250e-06j,
                -7.82302940e-06+8.12771328e-06j,
                -5.82583506e-07-6.82021460e-07j],
               ...,
               [ 3.78529046e-06+3.11383420e-06j,
                -1.16338848e-06-9.09251175e-07j,
                -2.96402103e-06-1.19960250e-06j, ...,
                 6.07904740e-06+0.00000000e+00j,
                 1.14264878e-05-6.84109309e-06j,
                 1.32566316e-07+1.28547721e-06j],
               [ 8.42481255e-06+1.52427992e-05j,
                -2.22137667e-06-4.70962088e-06j,
                -7.82302940e-06-8.12771328e-06j, ...,
                 1.14264878e-05+6.84109309e-06j,
                 4.76130435e-05+0.00000000e+00j,
                -1.33300306e-06+3.52662612e-06j],
               [ 9.48671399e-07-6.94787151e-07j,
                -3.05659606e-07+2.45458215e-07j,
                -5.82583506e-07+6.82021460e-07j, ...,
                 1.32566316e-07-1.28547721e-06j,
                -1.33300306e-06-3.52662612e-06j,
                 4.45618201e-07+0.00000000e+00j]],
              dims=(2, 2, 2, 2, 2, 2, 2, 2, 2, 2))"
data/selected_mutant_qc/mutants_qft_10/qft_10_Mutant_Add_cp_P45_Q9_[2.356194490192345].qasm,Quratest_8,"{'0000010111': 1, '0010110000': 1, '1011010111': 1, '0111001111': 1, '1101010000': 1, '1000011011': 1, '1010011001': 1, '1110001000': 1, '1000101011': 1, '0101011101': 1, '1001111101': 1, '1100101110': 2, '0110001111': 2, '1001001011': 1, '1101110111': 1, '0100011001': 1, '0100000001': 1, '1101111110': 2, '1101001011': 1, '1110111001': 1, '1011110101': 1, '1111001111': 1, '0100000110': 1, '1001111110': 1, '1110011010': 1, '1011001110': 1, '0000000000': 1, '0111011011': 1, '1110010000': 1, '1011000111': 1, '0001001010': 1, '1101101011': 1, '0101100001': 1, '1011010000': 1, '0101001111': 2, '0001011110': 2, '0100001001': 2, '0001001110': 1, '1000111111': 1, '0101000111': 4, '0110011101': 2, '1101011111': 1, '0000011000': 1, '0010010000': 1, '1100000000': 2, '0110001110': 1, '1010000001': 11, '1100101100': 1, '1000011111': 1, '0000101000': 1, '0101111101': 3, '1100101000': 2, '0011010000': 1, '0101111110': 1, '1011110111': 2, '1001101001': 9, '1100110111': 1, '0100001011': 1, '1101101110': 5, '1100011111': 6, '1011101011': 1, '0110000111': 10, '1010100001': 1, '1101101010': 3, '1111001000': 4, '1100000110': 2, '1111001101': 2, '1101011011': 1, '0111100101': 2, '0000001000': 10, '0011001100': 1, '0100010000': 1, '1101001001': 1, '1000001000': 1, '1010001010': 3, '1010000110': 3, '1011100101': 1, '1101100110': 2, '1100000101': 5, '0101001110': 1, '1110001011': 2, '0000100110': 1, '0001101010': 4, '1101111101': 4, '0111001001': 5, '1100111111': 2, '1110001101': 7, '0101101110': 3, '1100011001': 1, '1011110001': 3, '1111100000': 3, '1011100111': 10, '1000000001': 2, '0101001000': 1, '1111101001': 5, '0001100010': 1, '1001110001': 3, '0111000101': 1, '1011001001': 12, '0111111101': 1, '1001011111': 8, '1110000010': 3, '1111110111': 1, '1011111000': 2, '0110101001': 2, '0110001011': 1, '1110000101': 5, '1011010101': 1, '0111000001': 1, '1011000101': 1, '0111111111': 15, '1011111011': 1, '1000000111': 19, '1001110101': 2, '0111100001': 1, '0101111010': 1, '1001000111': 4, '1011011101': 5, '1101100101': 2, '0010101000': 1, '0010011110': 1, '0101100110': 3, '0001100110': 1, '0111110111': 2, '1001111111': 13, '1001100101': 2, '1101000110': 1, '0010001010': 10, '0110000001': 7, '1100001111': 16, '0100100111': 3, '1101100111': 5, '1011100001': 3, '1101110001': 4, '1100010111': 6, '1110001110': 7, '1010001101': 8, '1100000001': 4, '1101010110': 1, '0101101010': 2, '1010100101': 1, '0010100001': 1, '1011101001': 17, '0010001000': 1, '1011111111': 13, '1110101000': 3, '0101101101': 4, '0011111101': 1, '1011101101': 8, '0101011001': 1, '1111111000': 2, '1100001000': 11, '1011100011': 1, '0110100010': 1, '1000000101': 2, '0001111110': 6, '0100001111': 2, '1000100111': 4, '1110001001': 19, '0011101000': 4, '1010001001': 45, '0101101001': 8, '0001101110': 5, '0110011110': 1, '1011111001': 3, '1101111001': 1, '1101111111': 4, '1010010001': 7, '1101101001': 5, '1101101101': 2, '1010000111': 25, '1011001111': 2, '0111101111': 3, '0010000010': 3, '0101011111': 2, '0010011010': 1, '0111101101': 1, '1011000110': 1, '0111100111': 5, '1010101001': 6, '0001001000': 1, '1100000011': 1, '1011110000': 1, '1011100000': 2, '1011011111': 1, '1010001111': 4, '1001111001': 5, '1100001101': 7, '1011101111': 10, '0101101111': 6, '1101001000': 1, '1111110000': 3, '0111101001': 11, '1000001001': 6, '0110000101': 4, '0101110111': 1, '1111101000': 4, '1101000101': 1, '0110001101': 3, '0101111001': 3, '0011011101': 1, '1111001001': 1, '1001101101': 1, '1110000001': 1, '1100010000': 2, '0110001010': 2, '0000000111': 4, '0101110001': 1, '1011111101': 1, '1010110001': 1, '1100101111': 2, '1111010001': 1, '0101111111': 4, '1110001010': 5, '1101001100': 1, '1110010001': 3, '1100011110': 1, '1011101000': 2, '0010001110': 7, '1000001111': 5, '1011001000': 2, '0011101111': 5, '1110011101': 1, '0011110000': 5, '1100001011': 2, '0100010111': 1, '1100101011': 1, '1101111011': 1, '0111011101': 1, '1101101111': 6, '1111111001': 1, '0011001000': 4, '0011111111': 3, '1001101111': 13, '1010000101': 6, '0110001001': 26, '0100000000': 4, '0000000001': 1, '1111101101': 1, '0101100111': 7, '1110000110': 6, '1101001111': 3, '1100001001': 16, '1101110101': 3, '0010000110': 9, '0100001101': 1, '1001011101': 1, '0101000101': 1, '0111011001': 3, '1100000010': 1, '1001001111': 3, '1001110111': 1, '1101000111': 13, '1100100111': 9, '0100000111': 12, '0101000110': 1, '0000001111': 2, '1011001101': 7, '1001100111': 10, '1100000111': 53, '0100001000': 12, '1110000111': 10}","DensityMatrix([[ 2.98425056e-03+0.00000000e+00j,
                -4.63260847e-04-8.95691210e-04j,
                 2.48489224e-04+1.27905258e-04j, ...,
                 8.81609649e-04+1.45921665e-04j,
                -2.65741873e-04+2.62338076e-04j,
                 1.76649742e-03+8.28077001e-04j],
               [-4.63260847e-04+8.95691210e-04j,
                 3.40746642e-04+0.00000000e+00j,
                -7.69636931e-05+5.47260064e-05j, ...,
                -1.80653727e-04+2.41953618e-04j,
                -3.74854931e-05-1.20483724e-04j,
                -5.22761193e-04+4.01648767e-04j],
               [ 2.48489224e-04-1.27905258e-04j,
                -7.69636931e-05-5.47260064e-05j,
                 2.61729529e-05+0.00000000e+00j, ...,
                 7.96630983e-05-2.56354309e-05j,
                -1.08836613e-05+3.32337939e-05j,
                 1.82582181e-04-6.76085922e-06j],
               ...,
               [ 8.81609649e-04-1.45921665e-04j,
                -1.80653727e-04-2.41953618e-04j,
                 7.96630983e-05+2.56354309e-05j, ...,
                 2.67580986e-04+0.00000000e+00j,
                -6.56780612e-05+9.04941696e-05j,
                 5.62350751e-04+1.58254282e-04j],
               [-2.65741873e-04-2.62338076e-04j,
                -3.74854931e-05+1.20483724e-04j,
                -1.08836613e-05-3.32337939e-05j, ...,
                -6.56780612e-05-9.04941696e-05j,
                 4.67253023e-05+0.00000000e+00j,
                -8.45090587e-05-2.29027106e-04j],
               [ 1.76649742e-03-8.28077001e-04j,
                -5.22761193e-04-4.01648767e-04j,
                 1.82582181e-04+6.76085922e-06j, ...,
                 5.62350751e-04-1.58254282e-04j,
                -8.45090587e-05+2.29027106e-04j,
                 1.27543736e-03+0.00000000e+00j]],
              dims=(2, 2, 2, 2, 2, 2, 2, 2, 2, 2))","{'0011001101': 1, '1000010011': 1, '0100000101': 1, '1101001110': 1, '0010001001': 1, '0110111001': 1, '1101110000': 1, '1010010111': 1, '0011111111': 1, '0101000110': 1, '0010000011': 1, '1011011000': 1, '0011101010': 1, '1010101000': 1, '0100001100': 1, '0101111101': 2, '1001011001': 1, '1000011101': 1, '0111001111': 1, '1110000000': 1, '0011001111': 1, '0011100000': 1, '1110010000': 2, '1001101011': 1, '0001110101': 1, '0101111001': 2, '0000001101': 1, '0000001111': 1, '0001010010': 1, '1111010111': 1, '0110010011': 1, '0001010001': 1, '1101101010': 2, '0011000101': 1, '1011111000': 1, '0010110000': 1, '1111101101': 3, '0010000000': 1, '1010110000': 1, '0011001110': 1, '1100101000': 3, '1000010111': 1, '0001101111': 2, '1101110111': 4, '1111001101': 3, '1100000110': 2, '1101100000': 1, '1000110001': 1, '1010000100': 1, '1101001011': 1, '0100001110': 1, '1011100001': 1, '1101110001': 2, '0001111001': 1, '0110001010': 1, '1010110101': 1, '0010010010': 1, '0100101001': 1, '0110101111': 1, '0001011110': 1, '1011000010': 1, '0010000111': 2, '0001101110': 2, '0001100111': 1, '1101111111': 2, '1101111001': 2, '1100010111': 1, '1011011101': 1, '0110001111': 3, '1110000101': 6, '0011101101': 1, '0110000011': 2, '1101111010': 1, '0111000011': 2, '1101001101': 1, '0111011011': 1, '1111100111': 2, '0111100111': 3, '0001100001': 1, '0011010001': 1, '0001110000': 1, '1101111000': 1, '1011011110': 1, '0101101101': 2, '1110010101': 2, '1100100010': 1, '0111010001': 1, '0010001000': 2, '1011000001': 1, '1110001010': 2, '0110010001': 1, '1000010001': 2, '0011000110': 4, '0100001101': 1, '1001011101': 1, '1011100110': 1, '0101001111': 2, '1010010001': 2, '1100101011': 1, '1100101001': 1, '1101101001': 1, '1000101000': 1, '1001101010': 1, '0001001101': 1, '0111001101': 3, '1101100100': 1, '1001111001': 2, '1100100001': 1, '0111100000': 1, '1101011100': 1, '1111101001': 6, '0111111111': 1, '1011000101': 5, '1011111011': 1, '1111011111': 2, '1010010010': 1, '0011100111': 1, '1011010001': 1, '1101001111': 4, '0001011111': 3, '1100001001': 12, '1000100011': 1, '1100001111': 5, '1011011100': 2, '1101100110': 2, '1000110111': 1, '1001111101': 2, '0010010101': 1, '1010101111': 1, '0000001001': 1, '1011001001': 16, '0001000011': 1, '0101111011': 4, '1110001000': 2, '1010000110': 1, '1111010000': 1, '1011100101': 2, '1010001010': 3, '0000001100': 1, '0110111111': 1, '0100001111': 4, '1000100111': 1, '1111000001': 1, '1011001011': 2, '0011110101': 2, '0011011011': 1, '1110101001': 2, '0011000000': 1, '1011111001': 1, '0111010111': 1, '0000100111': 1, '1110000001': 3, '1110000110': 5, '0111110011': 1, '1110101110': 2, '1001001111': 4, '0001101001': 1, '1100111111': 1, '0010100001': 2, '0000101011': 1, '1011101001': 16, '1011101010': 1, '1101001100': 1, '1110100110': 1, '1011000111': 4, '1010010011': 1, '1101011111': 5, '0001111010': 3, '1100100100': 1, '0101000111': 4, '1111101010': 1, '1110000010': 1, '1001011111': 5, '1001000101': 1, '0111110111': 1, '0101100110': 1, '1101011110': 2, '1010011101': 1, '0010011110': 1, '0001100110': 1, '1101000101': 2, '1001100110': 2, '1011001010': 1, '1100001011': 2, '0011110000': 2, '1111111111': 3, '1110001011': 1, '1110010001': 2, '1111000110': 1, '1010101100': 1, '1000101001': 1, '0001100101': 1, '0010000010': 5, '1111011000': 1, '0100100110': 1, '1110001100': 2, '1101100111': 8, '0100100111': 4, '0111011111': 2, '1001101111': 6, '1000001011': 1, '0110000001': 3, '0010001010': 5, '0101100111': 2, '1010101010': 2, '0010101001': 2, '0000101111': 1, '0100111111': 1, '1010001011': 2, '0010000101': 3, '1000000001': 3, '1011100111': 2, '1001100011': 2, '1111001011': 1, '1001111111': 9, '1101000110': 4, '1001100101': 1, '0010100110': 1, '0110000010': 2, '1011001101': 6, '1011111101': 4, '1100101111': 3, '1010110001': 2, '1101001000': 1, '0001101101': 1, '0111101001': 5, '1111110000': 1, '1001010001': 1, '1101101101': 3, '1010000111': 11, '1011001111': 1, '1010001000': 2, '0100000111': 10, '1100100111': 8, '1010000000': 1, '1000001111': 5, '0000000101': 1, '1011001000': 3, '0001011001': 1, '1001010111': 2, '0001001110': 2, '0110001000': 3, '1111111000': 3, '1100001000': 12, '1111111101': 2, '0011101111': 1, '1101010001': 1, '0110000111': 7, '1010100001': 1, '0011101110': 1, '1010100101': 1, '0100001001': 4, '0100000001': 1, '1101111110': 5, '0000101000': 2, '1000011111': 2, '1000001010': 1, '0011101100': 3, '1110001110': 6, '1100000001': 4, '1101010110': 2, '1010001101': 5, '0011010000': 2, '1001001001': 6, '0001111101': 1, '1001110011': 1, '1011111111': 11, '0000000100': 1, '1010001001': 33, '0001111110': 5, '1100010011': 1, '1000111101': 1, '0010000110': 5, '1101000001': 1, '1001101101': 6, '0000000110': 4, '1111001001': 2, '1001110001': 2, '0111000101': 1, '1100100011': 2, '0000001000': 5, '0001110001': 1, '1001110111': 6, '1101000111': 6, '1001100111': 9, '1001111110': 1, '0001111111': 3, '1001110110': 1, '0001010110': 1, '0100000011': 1, '1010000011': 1, '1101001001': 3, '0011101000': 3, '1110001001': 9, '0001001111': 1, '0110101001': 3, '1110101101': 2, '1001110101': 1, '0110110101': 1, '1000000111': 17, '1001111011': 1, '1011011001': 3, '1010101001': 2, '0101000101': 1, '0111011001': 2, '0101100101': 1, '1111111001': 2, '0111011101': 2, '1101101111': 7, '0101001110': 1, '1100000101': 5, '1100011000': 1, '1010000001': 9, '0110001001': 19, '1011111010': 1, '1010001111': 7, '0011011101': 1, '1100010101': 1, '0000000000': 3, '1000001000': 2, '1010001110': 1, '0100010101': 1, '1111101000': 4, '0101110111': 4, '0111110001': 2, '0101111111': 3, '0011101001': 2, '0100000000': 5, '0101110011': 1, '1001101001': 9, '1011110111': 3, '1010100111': 2, '0111101101': 2, '0001101000': 1, '1111000101': 2, '1100011001': 1, '0011111000': 2, '1001000111': 6, '1010101101': 3, '0011111101': 1, '1011101101': 6, '1101111101': 2, '0111001001': 5, '0010001110': 5, '1011101000': 5, '1110101000': 1, '0101101001': 3, '1111000000': 1, '1100011010': 1, '1100011111': 1, '0101101011': 3, '1101101110': 4, '0100100011': 1, '0010101101': 1, '0111100101': 1, '0101011101': 1, '1001001011': 1, '1011110001': 1, '0110000101': 2, '1110000011': 1, '1000001001': 7, '0110001101': 4, '1100000011': 3, '1100000111': 32, '1110001111': 5, '0000001110': 1, '1101101011': 2, '1110100111': 3, '0101010111': 1, '0110000110': 7, '0001101010': 2, '0000100110': 1, '1100001101': 1, '1011101111': 8, '1100000000': 4, '1010000101': 10, '1111110001': 1, '0101110001': 1, '0000000111': 6, '1100001010': 2, '1001101110': 1, '1000001101': 2, '1000110000': 1, '0101101111': 3, '1110000111': 9, '0011001001': 2, '0100001000': 8}","DensityMatrix([[ 2.61104727e-03+0.00000000e+00j,
                -4.12469264e-04-7.63938329e-04j,
                 2.21055439e-04+1.11568264e-04j, ...,
                 6.41825030e-04+1.16160504e-04j,
                -2.05914108e-04+2.04264759e-04j,
                 1.26340489e-03+5.95115454e-04j],
               [-4.12469264e-04+7.63938329e-04j,
                 3.63333354e-04+0.00000000e+00j,
                -6.84851917e-05+4.52798758e-05j, ...,
                -1.36964025e-04+1.80521690e-04j,
                -3.11837193e-05-8.92028741e-05j,
                -3.87586141e-04+3.01337586e-04j],
               [ 2.21055439e-04-1.11568264e-04j,
                -6.84851917e-05-4.52798758e-05j,
                 6.43504271e-05+0.00000000e+00j, ...,
                 5.79112551e-05-1.70089278e-05j,
                -1.49332608e-05+3.20811662e-05j,
                 1.39209687e-04+1.16380674e-06j],
               ...,
               [ 6.41825030e-04-1.16160504e-04j,
                -1.36964025e-04-1.80521690e-04j,
                 5.79112551e-05+1.70089278e-05j, ...,
                 3.30549812e-04+0.00000000e+00j,
                -4.44884852e-05+6.81262144e-05j,
                 5.71964436e-04+1.63293971e-04j],
               [-2.05914108e-04-2.04264759e-04j,
                -3.11837193e-05+8.92028741e-05j,
                -1.49332608e-05-3.20811662e-05j, ...,
                -4.44884852e-05-6.81262144e-05j,
                 1.03681880e-04+0.00000000e+00j,
                -8.41176324e-05-2.03765657e-04j],
               [ 1.26340489e-03-5.95115454e-04j,
                -3.87586141e-04-3.01337586e-04j,
                 1.39209687e-04-1.16380674e-06j, ...,
                 5.71964436e-04-1.63293971e-04j,
                -8.41176324e-05+2.03765657e-04j,
                 1.31522923e-03+0.00000000e+00j]],
              dims=(2, 2, 2, 2, 2, 2, 2, 2, 2, 2))"
data/selected_mutant_qc/mutants_qft_10/qft_10_Mutant_Add_cp_P45_Q9_[2.356194490192345].qasm,Quratest_9,"{'0101101000': 1, '1010010001': 1, '1110100011': 1, '1101101000': 1, '1010001110': 2, '1000010100': 1, '1111101010': 1, '1010101101': 1, '1110101111': 1, '0111010100': 1, '0111011000': 1, '1101010000': 1, '1001000100': 1, '1101001111': 1, '1110100110': 1, '1100111000': 1, '1110110011': 1, '1110101100': 1, '1110111000': 1, '1100101011': 1, '0100101110': 2, '0110001110': 1, '0101110001': 1, '0100101011': 1, '0100100101': 1, '1111101111': 1, '1010111010': 2, '0000011011': 1, '1100111010': 1, '0101100011': 1, '1001000110': 1, '1111001010': 2, '0001101011': 1, '0111011010': 1, '1010110110': 1, '1111110010': 1, '1111110000': 1, '0001101101': 1, '0101000101': 1, '1101110000': 2, '1011001000': 1, '1100100101': 1, '1001110000': 1, '0011101101': 2, '0110010100': 1, '1010000010': 2, '0010111000': 1, '0010110000': 2, '0101101111': 2, '0001011011': 5, '0100111000': 1, '0001101010': 2, '1011010101': 1, '1101001010': 2, '0011001101': 1, '0011001010': 1, '0001011010': 1, '0010000111': 1, '1011001100': 1, '1110100111': 4, '1101010011': 1, '1001001111': 3, '0010111010': 1, '1001111010': 1, '0110001011': 2, '0000010010': 4, '1011001101': 1, '0110100110': 4, '0011101010': 1, '0000111010': 1, '0011110101': 1, '0011010010': 2, '0110010000': 4, '0000100011': 1, '1001001100': 1, '0111101101': 2, '0010001101': 10, '0010000110': 1, '1101110101': 5, '1101111010': 1, '0011000111': 2, '0001010000': 4, '0110101100': 2, '0001000011': 1, '1101011011': 1, '0100101000': 1, '1100101101': 4, '1010001111': 2, '0100101111': 5, '0100101100': 2, '0110001010': 7, '0001001110': 3, '0010011000': 1, '0011000010': 2, '1110010000': 1, '0011000101': 2, '1111001111': 3, '1100100011': 1, '0001100111': 1, '0101010111': 1, '0000001011': 1, '0010001111': 2, '1010110011': 1, '1001001000': 2, '0010000101': 4, '1010101011': 1, '0010010101': 7, '1101101101': 8, '1001010001': 1, '0100110111': 2, '1000101110': 1, '0110101010': 25, '0100101101': 3, '0100100010': 1, '1001010110': 3, '1000001010': 2, '0101110010': 6, '0111001011': 1, '0110011000': 2, '1011110100': 1, '1111011010': 1, '0111100010': 1, '0110001101': 4, '1001000010': 1, '1111010110': 1, '1101101110': 1, '0101101011': 3, '1111100010': 1, '0101100101': 2, '0110110111': 1, '1101101111': 1, '0110010101': 6, '0111010000': 2, '0010001011': 3, '1111101000': 1, '0010100111': 1, '0110001000': 1, '0110010110': 1, '1101010010': 4, '1110010011': 2, '0100110100': 2, '1001100010': 1, '0101101101': 9, '0000011010': 2, '0101010110': 2, '1010101111': 1, '1000011101': 1, '0110011010': 10, '0110110000': 5, '1111010011': 4, '1101100111': 3, '1111101110': 2, '0110100111': 2, '0001110011': 1, '1001101000': 1, '1011001110': 1, '1100110100': 1, '0110101101': 7, '0001100101': 2, '1111011000': 1, '1111100101': 1, '1111010000': 2, '1010001010': 10, '1010000110': 1, '0111010101': 4, '0101011010': 3, '1110010110': 3, '0011110010': 2, '1110001010': 4, '1100111101': 1, '1110010111': 3, '0101010101': 2, '1000101010': 5, '1000101000': 1, '0111001010': 12, '0100000111': 1, '0101011100': 1, '1010001000': 3, '0001001011': 6, '0001001010': 8, '0111001101': 4, '1010101110': 2, '1010001100': 1, '0000010111': 1, '0000001101': 3, '1110110010': 6, '0110101011': 7, '1000010110': 2, '1001010100': 1, '0010010010': 6, '1001110010': 2, '1110001110': 1, '1101010110': 1, '1010001101': 3, '1010010010': 8, '1110101010': 12, '0001001101': 19, '0100110011': 2, '0101100000': 2, '0110000101': 1, '0001010011': 2, '1101100110': 1, '0101110101': 2, '1000110010': 1, '1010000100': 1, '1001000111': 2, '0110101110': 3, '0010010011': 2, '1111100110': 1, '1111101011': 1, '1101011000': 1, '0110101000': 4, '0010101101': 9, '0111100101': 1, '0100110010': 11, '0100101010': 12, '0101010010': 6, '0111110010': 2, '0110100011': 2, '1001101010': 3, '1100110011': 3, '1110100101': 4, '1001001101': 5, '1010101010': 1, '0101100111': 5, '1101011010': 5, '1111101101': 2, '0001110101': 4, '0101101110': 4, '1110001101': 4, '1100111111': 1, '1001010011': 1, '1010010100': 1, '0000101101': 1, '0111101011': 1, '0001010111': 2, '1010110111': 1, '1000100101': 2, '0111001110': 3, '0010001100': 2, '1010110010': 8, '1100110000': 1, '0111010010': 16, '0101101010': 18, '0011101110': 2, '0011001000': 1, '0101110000': 1, '0101001110': 1, '1001001110': 2, '0001010101': 9, '1000101101': 3, '0110010010': 9, '1100101010': 5, '1000011000': 1, '0001111010': 1, '1111001100': 1, '0010110010': 8, '1100110101': 3, '1101010111': 2, '1010011011': 1, '1001001010': 22, '0010101011': 2, '0100111010': 3, '1110010101': 5, '0111000110': 1, '0001011000': 4, '0001000111': 4, '0010101010': 4, '1001011010': 2, '0111010111': 1, '1101000110': 1, '0100110000': 3, '0111010011': 1, '1000010000': 3, '1011110010': 4, '0110100010': 3, '0000100101': 4, '0110100101': 3, '0101100110': 1, '1101110010': 3, '0001100110': 2, '1001000101': 3, '1110010010': 6, '0111101010': 6, '0001000010': 2, '1011001010': 5, '0010111101': 1, '0001000110': 4, '1001110111': 1, '0010110101': 5, '0011000110': 1, '0110010011': 1, '0110110010': 8, '0001010010': 15, '1100110010': 8, '0000010101': 4, '0001000101': 2, '1101101011': 2, '0000011000': 1, '0010010000': 1, '0001110010': 2, '1111010101': 6, '0110101111': 2, '1001001011': 1, '0000101010': 8, '1110100000': 1, '0110110101': 4, '1001010101': 7, '0010001010': 11, '1010011010': 2, '1100001010': 1, '1111001110': 1, '1111001101': 7, '1000010010': 9, '1110001111': 1, '1000100010': 1, '1010110101': 1, '1101100011': 1, '1101101010': 18, '0001001111': 6, '1110101101': 10, '1100100010': 1, '0011001111': 1, '1111010010': 11, '0010001000': 1, '1110100010': 2, '0100110101': 5, '1110000101': 1, '1101010101': 1, '1111001011': 2, '1110011010': 4, '0101101100': 1, '1001010000': 1, '1001010010': 31}","DensityMatrix([[ 1.47925224e-06+0.00000000e+00j,
                -9.66239390e-08+6.19598137e-07j,
                -5.27594618e-06+7.78576541e-06j, ...,
                 4.68738517e-07+2.03751453e-06j,
                 5.62950526e-07-9.58808230e-09j,
                -8.18989829e-07+4.42141119e-07j],
               [-9.66239390e-08-6.19598137e-07j,
                 2.65835687e-07+0.00000000e+00j,
                 3.60575991e-06+1.70131572e-06j, ...,
                 8.22813588e-07-3.29424676e-07j,
                -4.07876719e-08-2.35170614e-07j,
                 2.38690756e-07+3.14160859e-07j],
               [-5.27594618e-06-7.78576541e-06j,
                 3.60575991e-06-1.70131572e-06j,
                 5.97962595e-05+0.00000000e+00j, ...,
                 9.05225666e-06-9.73417834e-06j,
                -2.05830158e-06-2.92878685e-06j,
                 5.24816056e-06+2.73364462e-06j],
               ...,
               [ 4.68738517e-07-2.03751453e-06j,
                 8.22813588e-07+3.29424676e-07j,
                 9.05225666e-06+9.73417834e-06j, ...,
                 2.95499384e-06+0.00000000e+00j,
                 1.65178548e-07-7.78443424e-07j,
                 3.49485275e-07+1.26817604e-06j],
               [ 5.62950526e-07+9.58808230e-09j,
                -4.07876719e-08+2.35170614e-07j,
                -2.05830158e-06+2.92878685e-06j, ...,
                 1.65178548e-07+7.78443424e-07j,
                 2.14300994e-07+0.00000000e+00j,
                -3.14544083e-07+1.62954651e-07j],
               [-8.18989829e-07-4.42141119e-07j,
                 2.38690756e-07-3.14160859e-07j,
                 5.24816056e-06-2.73364462e-06j, ...,
                 3.49485275e-07-1.26817604e-06j,
                -3.14544083e-07-1.62954651e-07j,
                 5.85588504e-07+0.00000000e+00j]],
              dims=(2, 2, 2, 2, 2, 2, 2, 2, 2, 2))","{'1100100110': 1, '0010001011': 1, '1001100011': 1, '1000110011': 1, '0110101100': 1, '0100111000': 1, '0011101010': 1, '0111101000': 1, '0001100010': 1, '1100000011': 1, '1101010011': 1, '0011001110': 1, '1000011011': 1, '1100010001': 1, '0110100111': 1, '0010010111': 1, '0011011001': 1, '0111111101': 1, '1101101011': 1, '1101111001': 1, '1000011000': 1, '0110001101': 1, '0100101111': 1, '1000001110': 1, '1110100100': 1, '0100001011': 1, '0010101001': 1, '0111100101': 2, '1110111000': 1, '1010010101': 1, '1101001010': 1, '0000110110': 1, '0110111011': 1, '0110101011': 2, '0111001011': 1, '1001010111': 1, '1100110000': 1, '0010000011': 1, '1100011101': 1, '0010010001': 2, '0101111010': 2, '0011010101': 1, '1101101010': 10, '0100101110': 2, '0011100111': 1, '0000100010': 1, '1010111010': 4, '0101001010': 1, '0111010100': 2, '0000100101': 3, '1011001110': 1, '1010011111': 1, '1110110000': 1, '1111001000': 1, '0101110000': 1, '1101110000': 1, '1001110100': 1, '0110001001': 1, '0001001110': 2, '1010100001': 1, '0100100110': 1, '1100101000': 1, '0010001101': 3, '1011110100': 1, '1110100010': 1, '1111011011': 1, '1010001111': 1, '0100011001': 1, '1010001110': 1, '1011100000': 1, '0100010100': 1, '1000010101': 1, '0111110010': 2, '0100101001': 1, '1010111011': 1, '0101110100': 1, '0100110000': 1, '0010100000': 1, '1010001101': 4, '0011000010': 1, '0010011000': 1, '0010110101': 3, '0011001101': 2, '0110001110': 4, '1011010110': 2, '1011001100': 1, '1110100111': 1, '0110100100': 1, '1110010110': 1, '1100001101': 1, '0011000111': 1, '1101001101': 1, '0010010100': 1, '0010100111': 1, '1110010101': 2, '0101110111': 1, '0110011011': 1, '1010101110': 1, '0111001101': 3, '0111101010': 2, '1000001111': 1, '0011100010': 1, '0101110011': 1, '1100101011': 2, '1110101111': 1, '1110011010': 5, '1101100011': 1, '0110101111': 1, '1111101111': 1, '0101000010': 1, '0100010011': 1, '0110100011': 1, '0101101000': 2, '1110111111': 1, '1011010100': 1, '1001101101': 1, '1100101101': 3, '1100110010': 4, '0111010111': 2, '0000000101': 2, '0001001011': 5, '1001001000': 3, '0001010111': 2, '0111000011': 1, '0111100011': 1, '1001000110': 1, '0100001010': 1, '0110100010': 3, '0001001111': 3, '0001010000': 1, '1001001100': 2, '0001100101': 2, '1111100101': 1, '0000101101': 5, '1001110011': 1, '1100010110': 1, '1001100010': 2, '1001001011': 2, '1000110111': 1, '0101010000': 1, '1001001111': 2, '1111011010': 4, '0101010110': 2, '0000011010': 3, '1101010001': 2, '1010011000': 2, '0011010011': 1, '0101100100': 2, '1111100010': 1, '0010000111': 1, '1110010000': 1, '0001011010': 4, '1010110110': 1, '0111000001': 1, '1011101010': 3, '1001110010': 2, '0000010110': 1, '0000010001': 1, '1100101010': 5, '1110000100': 1, '0111110001': 1, '0110001111': 1, '0110110000': 3, '1101110011': 2, '0010100101': 1, '0111000110': 1, '0001011000': 1, '0100110111': 1, '0001100111': 1, '0000101000': 2, '0111111010': 1, '0001101111': 3, '0111101011': 3, '1100100011': 1, '1100111010': 2, '0000011001': 1, '0101100001': 1, '1111100111': 1, '1101010101': 2, '0110101110': 2, '0000010101': 4, '1110101000': 3, '0010001100': 1, '0101101111': 1, '1001101110': 1, '1011110000': 1, '1000001101': 2, '1000110000': 1, '1110110011': 2, '0001001001': 1, '0001010100': 1, '1010001000': 3, '1011010011': 1, '0111000010': 4, '0010110010': 5, '0101110010': 6, '1110110110': 1, '1001001010': 13, '0100110101': 5, '0001000100': 1, '0001010011': 1, '0100010001': 1, '1101101101': 3, '0110010011': 2, '0101100010': 4, '1100110100': 1, '0010000101': 1, '0110101010': 14, '1100001110': 1, '1111010101': 1, '1111010010': 5, '0011001111': 4, '0101010011': 1, '1110110001': 1, '1111101010': 4, '1101011000': 1, '0110101000': 2, '0100110010': 3, '0001010110': 3, '1100011011': 1, '0011110110': 1, '1110100101': 3, '0101010111': 1, '0110000110': 2, '1010000111': 1, '1010010100': 1, '1001010011': 3, '0110011010': 2, '1110000011': 1, '0110010101': 1, '0010000100': 1, '0011101011': 1, '1001010101': 7, '0011100110': 1, '1111110101': 2, '1100110001': 1, '0100101101': 7, '1111000111': 2, '0100100010': 2, '1001101010': 3, '0010010010': 7, '0000111101': 1, '0110101101': 5, '0111000101': 2, '0010110110': 3, '1010000101': 1, '1100100101': 1, '0110011110': 1, '0011001010': 2, '0100010110': 1, '1111000001': 1, '0000101110': 1, '1010010110': 1, '0010101101': 1, '1110101010': 11, '1010010010': 4, '0010111010': 2, '1001111010': 2, '1100001010': 2, '1010011010': 1, '1110110010': 9, '0010001111': 3, '1000011010': 2, '0110110101': 2, '1001110101': 2, '0111001000': 2, '0001110000': 1, '0101110101': 2, '1011000011': 1, '1010110101': 5, '0111010110': 3, '0001000110': 1, '0000001010': 3, '1101110110': 1, '1000100010': 1, '1010100110': 1, '1100011000': 1, '0100011000': 1, '1001011000': 1, '1100101001': 1, '0111001010': 8, '0110010010': 7, '0011001001': 1, '0111010000': 2, '0010000110': 1, '1101110101': 2, '1001111000': 1, '1011010010': 5, '0110010000': 4, '0010010011': 2, '0111110011': 2, '0100100111': 2, '0110010110': 2, '1101010010': 4, '0110001000': 1, '1010010000': 1, '1110010111': 1, '0101010101': 3, '1000101010': 6, '0110110100': 1, '1011001011': 3, '0101001101': 2, '1110111101': 1, '1010001100': 1, '1110111010': 1, '0000001101': 3, '0000010111': 1, '0101011000': 2, '1111010110': 2, '0101101011': 3, '1000111010': 1, '0110001010': 5, '1101001110': 1, '1111101011': 1, '0111010010': 10, '0001111000': 1, '0111101101': 2, '0010110111': 1, '1100001111': 1, '1001000010': 1, '0101010010': 6, '0000110010': 4, '1010111000': 1, '0001001000': 1, '1010101010': 4, '1110110100': 1, '1011100010': 1, '1001110111': 2, '0101101110': 1, '1110001101': 5, '0000101111': 1, '0010110000': 1, '1101101111': 1, '0001001010': 10, '0011010110': 2, '1001010110': 4, '0100001111': 1, '0011010010': 6, '1001000100': 1, '1101110010': 7, '0110110011': 1, '0011110010': 1, '0001000111': 2, '0111001001': 1, '1001001110': 6, '0001010101': 9, '0010011010': 1, '1100100010': 1, '1010110011': 2, '0010001010': 7, '1001101111': 2, '0001111001': 1, '1001101001': 1, '1110110101': 4, '1111100110': 3, '0010110011': 1, '0001101110': 1, '1111010000': 1, '0001010010': 10, '0101001111': 3, '1010001010': 8, '0001100110': 1, '1011101101': 1, '1010101101': 3, '0111011101': 1, '0101100101': 3, '1001100110': 1, '0101100110': 2, '1101000101': 1, '1110010010': 11, '1000000110': 1, '0100111010': 5, '0111010011': 1, '0111100111': 2, '0000101010': 6, '0011101110': 2, '0101101010': 14, '1101010111': 1, '1100110101': 3, '1001110000': 1, '0001010001': 1, '0011000110': 1, '0011001000': 1, '0001101101': 3, '1100010010': 3, '1111001101': 7, '0100101010': 6, '1111110010': 1, '0011100101': 1, '1111010011': 1, '0110100101': 6, '1111101101': 1, '1101011010': 2, '1001011010': 4, '0100010010': 3, '1000001010': 6, '1001000101': 1, '0101101101': 4, '1001001001': 1, '0010101010': 3, '1001010010': 18, '0110100110': 3, '0001111010': 2, '0101011010': 1, '0111010101': 3, '1101101000': 1, '1110100110': 1, '0001001101': 9, '0100110011': 1, '1010110010': 8, '1011000110': 1, '0110110010': 5, '0111001110': 3, '1110001011': 2, '1100100000': 2, '0001101010': 2, '0011101101': 4, '1111001010': 7, '0001110101': 5, '0011111010': 1, '1000110010': 3, '1101100110': 2, '0010010110': 2, '0111011010': 1, '1011000101': 1, '1000010010': 4, '1110101101': 7, '0011000101': 4, '1111001111': 3, '1101100111': 3, '0110011111': 1, '1011001010': 9, '0100011010': 3, '1010011110': 1, '0011101100': 1, '1001010000': 3, '0010001110': 2, '1110001010': 4, '0001000101': 4, '0110011000': 4, '0111001111': 3, '0000000011': 1, '1001100101': 1, '0001001100': 1, '0111110101': 1, '1001001101': 3, '0000010010': 4}","DensityMatrix([[ 3.74261863e-06+0.00000000e+00j,
                 3.96928372e-07+1.72154953e-06j,
                -7.77818534e-06+1.09954830e-05j, ...,
                -5.18923272e-08+1.33665578e-06j,
                 2.75129997e-07-6.29196103e-11j,
                -3.45916385e-07+4.98798676e-07j],
               [ 3.96928372e-07-1.72154953e-06j,
                 5.93937130e-06+0.00000000e+00j,
                 5.60277671e-06+1.02665744e-06j, ...,
                 6.30453843e-07-1.72099977e-07j,
                 9.25664936e-09-1.97174242e-07j,
                 2.29388291e-07+1.06401536e-07j],
               [-7.77818534e-06-1.09954830e-05j,
                 5.60277671e-06-1.02665744e-06j,
                 7.73811602e-05+0.00000000e+00j, ...,
                 6.93116951e-06-6.64736566e-06j,
                -1.27684507e-06-2.00031160e-06j,
                 3.88996632e-06+1.40604189e-06j],
               ...,
               [-5.18923272e-08-1.33665578e-06j,
                 6.30453843e-07+1.72099977e-07j,
                 6.93116951e-06+6.64736566e-06j, ...,
                 4.80840924e-05+0.00000000e+00j,
                 1.08195671e-05-1.65129720e-05j,
                -2.12491581e-05+1.14114817e-05j],
               [ 2.75129997e-07+6.29196103e-11j,
                 9.25664936e-09+1.97174242e-07j,
                -1.27684507e-06+2.00031160e-06j, ...,
                 1.08195671e-05+1.65129720e-05j,
                 1.58662854e-05+0.00000000e+00j,
                -7.24348924e-06-2.25952692e-06j],
               [-3.45916385e-07-4.98798676e-07j,
                 2.29388291e-07-1.06401536e-07j,
                 3.88996632e-06-1.40604189e-06j, ...,
                -2.12491581e-05-1.14114817e-05j,
                -7.24348924e-06+2.25952692e-06j,
                 1.60716000e-05+0.00000000e+00j]],
              dims=(2, 2, 2, 2, 2, 2, 2, 2, 2, 2))"
