Name,Input,Ideal_hellinger,Noisy_hellinger,Ideal_jensenshannon,Noisy_jensenshannon,Ideal_trace,Noisy_trace,Ideal_fidelity,Noisy_fidelity,Ideal_expectation,Noisy_expectation,Killed_IH,Killed_NH,Killed_IJ,Killed_NJ,Killed_IT,Killed_NT,Killed_IF,Killed_NF,Killed_IE,Killed_NE
qftentangled_4_Mutant_Add_rxx_P1_Q3_[0.0].qasm,PureState_0,0.015336119191641778,0.09585257267979336,0.015334201291171861,0.08722429294734706,0.0,0.032034627751515596,1.0,0.9112606304005599,0.0063665390466369765,0.06349544529663698,False,False,False,False,False,True,False,True,False,True
qftentangled_4_Mutant_Add_rxx_P1_Q3_[0.0].qasm,Quratest_0,0.011619550021457745,0.05165816172456078,0.011616966092828536,0.05143437022227935,0.0,0.029350360609342284,1.0000000000000009,0.9090157729240779,0.0034975883953862197,0.00838040089538622,False,False,False,False,False,True,False,True,False,False
qftentangled_4_Mutant_Add_rxx_P1_Q3_[0.0].qasm,PureState_1,0.013445418219543454,0.08937946138453301,0.013444433579239943,0.08167693895498276,0.0,0.031579283745266265,1.0,0.9144834151464625,0.0005071640466370042,0.002948570296637004,False,False,False,False,False,True,False,True,False,False
qftentangled_4_Mutant_Add_rxx_P1_Q3_[0.0].qasm,Quratest_1,0.014198657639684446,0.08289988056955475,0.014195385542652879,0.0738222689711921,0.0,0.02372546062698044,0.9999999999999976,0.9088530908613561,0.009197594047319846,0.011150719047319846,False,False,False,False,False,True,False,True,False,False
qftentangled_4_Mutant_Add_rxx_P1_Q3_[0.0].qasm,PureState_2,0.014054838725905173,0.09326945912464701,0.014053559545182859,0.08518725489952275,0.0,0.03332380170177873,1.0000000000000009,0.9098871724780154,0.012714195296636976,0.06935482029663698,False,False,False,False,False,True,False,True,True,True
qftentangled_4_Mutant_Add_rxx_P1_Q3_[0.0].qasm,Quratest_2,0.012076267796711265,0.04322777479616867,0.012075692199939826,0.04317959177437173,0.0,0.023451620945950567,0.9999999999999982,0.9154147307468932,0.021103822969511528,0.012314760469511528,False,False,False,False,False,True,False,True,True,False
qftentangled_4_Mutant_Add_rxx_P1_Q3_[0.0].qasm,PureState_3,0.011233302151006222,0.09666065470134437,0.011231219829924819,0.0871141223109576,0.0,0.032034618505267995,1.0,0.9117147547995907,0.0063665390466369765,0.06349544529663698,False,False,False,False,False,True,False,True,False,True
qftentangled_4_Mutant_Add_rxx_P1_Q3_[0.0].qasm,Quratest_3,0.013345188487270902,0.050050603030851556,0.013344063181877181,0.0497615265085189,0.0,0.025768012238514923,1.0000000000000004,0.9103945137125409,0.0011901369924431637,0.017303418242443164,False,False,False,False,False,True,False,True,False,True
qftentangled_4_Mutant_Add_rxx_P1_Q3_[0.0].qasm,PureState_4,0.012359314177829019,0.102558316302581,0.012358639065122533,0.09264642236534615,0.0,0.03332380189446686,1.0000000000000004,0.909378354883303,0.012714195296636865,0.06935482029663687,False,True,False,False,False,True,False,True,True,True
qftentangled_4_Mutant_Add_rxx_P1_Q3_[0.0].qasm,Quratest_4,0.012388916155192456,0.05725891620057009,0.012384377977176437,0.056627798163233545,0.0,0.030945970559381947,1.0000000000000022,0.9103229690870565,0.01316392693676044,0.0014451769367604395,False,False,False,False,False,True,False,True,True,False
qftentangled_4_Mutant_Add_rxx_P1_Q3_[0.0].qasm,PureState_5,0.011982534168250266,0.09265701227790123,0.011981339878776953,0.08375542620229715,0.0,0.03303411133646332,1.0,0.9126002239886392,0.010723304703363079,0.012676429703363079,False,False,False,False,False,True,False,True,False,False
qftentangled_4_Mutant_Add_rxx_P1_Q3_[0.0].qasm,Quratest_5,0.013740080554768932,0.06694809960970419,0.01372599569876576,0.06523067918263747,0.0,0.02862070603987718,0.9999999999999989,0.9110457419790918,0.010892453034265781,0.011869015534265781,False,False,False,False,False,True,False,True,False,False
qftentangled_4_Mutant_Add_rxx_P1_Q3_[0.0].qasm,PureState_6,0.012714490305336428,0.09856626915498357,0.012713287043745245,0.08879746077222499,0.0,0.03210320568403226,0.9999999999999998,0.9113091952986472,0.012188148453363079,0.05617122654663692,False,False,False,False,False,True,False,True,True,True
qftentangled_4_Mutant_Add_rxx_P1_Q3_[0.0].qasm,Quratest_6,0.015693020626049194,0.12404352291304635,0.015174103918982818,0.11490923928167568,0.0,0.053820255168682045,0.9999999999999982,0.9040267716961321,0.007661071652558249,0.02084466540255825,False,True,False,True,False,True,False,True,False,True
qftentangled_4_Mutant_Add_rxx_P1_Q3_[0.0].qasm,PureState_7,0.017665349454322604,0.09729980128263707,0.017660996544763736,0.08764722517831057,0.0,0.0318167919681739,0.9999999999999998,0.9126888038946033,0.0033990859533631346,0.019061851546636865,False,False,False,False,False,True,False,True,False,True
qftentangled_4_Mutant_Add_rxx_P1_Q3_[0.0].qasm,Quratest_7,0.015990059764121274,0.08828955939376205,0.01595584294437996,0.08673238249219198,0.0,0.03213238715658072,0.9999999999999987,0.9029904021342936,0.01177994167438818,0.01422134792438818,False,False,False,False,False,True,False,True,True,False
qftentangled_4_Mutant_Add_rxx_P1_Q3_[0.0].qasm,PureState_8,0.012691440193476122,0.08386773836777606,0.012690299503822578,0.07546034106398797,0.0,0.031579283665442236,1.0000000000000022,0.9139251048148089,0.0005071640466369487,0.0029485702966369487,False,False,False,False,False,True,False,True,False,False
qftentangled_4_Mutant_Add_rxx_P1_Q3_[0.0].qasm,Quratest_8,0.011771419950988588,0.08032136707476688,0.011770849109236163,0.06956667670185317,0.0,0.025572708998129832,1.0000000000000009,0.9098048356669393,0.003347015194060457,0.008229827694060457,False,False,False,False,False,True,False,True,False,False
qftentangled_4_Mutant_Add_rxx_P1_Q3_[0.0].qasm,PureState_9,0.015382881391787895,0.1031997595151073,0.015382208356797804,0.09359759458929309,0.0,0.03356629954489429,1.0000000000000004,0.9094223373269736,0.018535804703363024,0.048847007796636976,False,True,False,False,False,True,False,True,True,True
qftentangled_4_Mutant_Add_rxx_P1_Q3_[0.0].qasm,Quratest_9,0.011517427512736027,0.06332748396799011,0.011516896842362354,0.06291327578067694,0.0,0.03034737104251945,0.9999999999999996,0.9030172770795126,0.019694848206973342,0.003581566956973342,False,False,False,False,False,True,False,True,True,False
qftentangled_4_Mutant_Add_rxx_P1_Q3_[0.0].qasm,PureState_10,0.014675850032547103,0.09292656287739604,0.014675238528868968,0.08420873340095142,0.0,0.031816792040964874,1.0000000000000004,0.9122053345298324,0.00339908595336319,0.01906185154663681,False,False,False,False,False,True,False,True,False,True
qftentangled_4_Mutant_Add_rxx_P1_Q3_[0.0].qasm,Quratest_10,0.018745538902478733,0.10529710216373069,0.018724467762662317,0.10077088137731369,0.0,0.036954943587202485,1.0,0.9121873059979682,0.01928100361557039,0.09105834736557039,False,True,False,True,False,True,False,True,True,True
qftentangled_4_Mutant_Add_rxx_P1_Q3_[0.0].qasm,PureState_11,0.011319840800832608,0.10402002411702806,0.011319014956096326,0.09441957492533921,0.0,0.03210320559522363,1.0000000000000018,0.910802149924711,0.012188148453363135,0.056171226546636865,False,True,False,False,False,True,False,True,True,True
qftentangled_4_Mutant_Add_rxx_P1_Q3_[0.0].qasm,Quratest_11,0.01802056078966082,0.05781215110774874,0.0180190157233097,0.05761932580667356,0.0,0.030609930790984445,1.0000000000000013,0.903254684032137,0.009804408196729897,0.012245814446729897,False,False,False,False,False,True,False,True,False,False
qftentangled_4_Mutant_Add_rxx_P1_Q3_[0.0].qasm,PureState_12,0.010782398514759916,0.09169585098819785,0.010781280639300953,0.08227796062682209,0.0,0.03303411141628743,1.0000000000000004,0.9122024016663343,0.010723304703363107,0.012676429703363107,False,False,False,False,False,True,False,True,False,False
qftentangled_4_Mutant_Add_rxx_P1_Q3_[0.0].qasm,Quratest_12,0.012708377294907487,0.07617156051402037,0.012707038887262172,0.07557594663080669,0.0,0.035197694077222536,1.0000000000000009,0.908001659967067,0.012526751516004797,0.0784447202660048,False,False,False,False,False,True,False,True,True,True
qftentangled_4_Mutant_Add_rxx_P1_Q3_[0.0].qasm,PureState_13,0.014967020370563721,0.09337021240939414,0.01496531725629299,0.08470532330274276,0.0,0.03356629955078218,1.0000000000000018,0.9089536744182849,0.018535804703363135,0.048847007796636865,False,False,False,False,False,True,False,True,True,True
qftentangled_4_Mutant_Add_rxx_P1_Q3_[0.0].qasm,Quratest_13,0.017296113684760115,0.061756852319062194,0.01729141515750453,0.060290232044383975,0.0,0.02452403297901604,0.9999999999999998,0.9102882753442331,0.009280795718445534,0.022952670718445534,False,False,False,False,False,True,False,True,False,True
qftentangled_4_Mutant_Add_rxx_P1_Q3_[0.0].qasm,PureState_14,0.012977402947629862,0.09100441740263371,0.01297683467606629,0.082178419332529,0.0,0.03328186560435538,1.0000000000000013,0.9104222764432031,0.00877017970336319,0.01662044529663681,False,False,False,False,False,True,False,True,False,True
qftentangled_4_Mutant_Add_rxx_P1_Q3_[0.0].qasm,Quratest_14,0.014415682551540075,0.09887861021416819,0.014374689983957042,0.09108703506652029,0.0,0.0320414904509504,1.0000000000000018,0.9073414747594918,0.015904880317119674,0.023157619682880326,False,False,False,False,False,True,False,True,True,True
qftentangled_4_Mutant_Add_rxx_P1_Q3_[0.0].qasm,PureState_15,0.00797632050925354,0.09351832960392784,0.007976180309482302,0.08457163710363567,0.0,0.03328186567714644,1.0,0.9109361914301314,0.008770179703363135,0.016620445296636865,False,False,False,False,False,True,False,True,False,True
qftentangled_4_Mutant_Add_rxx_P1_Q3_[0.0].qasm,Quratest_15,0.014908864740637049,0.06877375056288637,0.014907650284202966,0.06658441829874445,0.0,0.020613986493048096,0.9999999999999989,0.9040613604131923,0.0011508016318695358,0.062185957881869536,False,False,False,False,False,True,False,True,False,True
qftentangled_4_Mutant_Add_rzz_P5_Q3_[0.0].qasm,PureState_0,0.013062148180989022,0.09720450154972181,0.013060199002516482,0.0869676257383569,0.0,0.033808437101936914,1.0,0.9071915398399478,0.0063665390466369765,0.06593685154663698,False,False,False,False,False,True,False,True,False,True
qftentangled_4_Mutant_Add_rzz_P5_Q3_[0.0].qasm,Quratest_0,0.015680034927271304,0.055356782673438416,0.015677085773559748,0.0550110215015835,0.0,0.0299944139402975,1.0000000000000009,0.90795955829093,0.0034975883953862197,0.01277493214538622,False,False,False,False,False,True,False,True,False,False
qftentangled_4_Mutant_Add_rzz_P5_Q3_[0.0].qasm,PureState_1,0.011860885395009544,0.09294824589051986,0.011860502475780261,0.08415709177887472,0.0,0.03323701925668215,1.0,0.910185194472349,0.0005071640466370042,0.0009954452966370042,False,False,False,False,False,True,False,True,False,False
qftentangled_4_Mutant_Add_rzz_P5_Q3_[0.0].qasm,Quratest_1,0.01691657555781622,0.0797239706757985,0.01645424837381824,0.07131807986247145,0.0,0.02275882245002909,0.9999999999999976,0.9095861296164158,0.009197594047319846,0.008709312797319846,False,False,False,False,False,True,False,True,False,False
qftentangled_4_Mutant_Add_rzz_P5_Q3_[0.0].qasm,PureState_2,0.01406992731656594,0.10303628295921279,0.014062426700209678,0.09335856646779417,0.0,0.03366496037255168,1.0000000000000009,0.9077356653024384,0.012714195296636976,0.06984310154663698,False,True,False,False,False,True,False,True,True,True
qftentangled_4_Mutant_Add_rzz_P5_Q3_[0.0].qasm,Quratest_2,0.01160438593417864,0.034448089341777344,0.011603963017326887,0.034427533178971965,0.0,0.020626576390788277,0.9999999999999982,0.9176174814032527,0.021103822969511528,0.020127260469511528,False,False,False,False,False,True,False,True,True,True
qftentangled_4_Mutant_Add_rzz_P5_Q3_[0.0].qasm,PureState_3,0.01624659810874262,0.10135402851819343,0.01624322977238397,0.09139772907701374,0.0,0.03380843239836027,1.0,0.9074362564457435,0.0063665390466369765,0.06593685154663698,False,True,False,False,False,True,False,True,False,True
qftentangled_4_Mutant_Add_rzz_P5_Q3_[0.0].qasm,Quratest_3,0.01509707713467956,0.04683585998911815,0.015095326470867917,0.04658027632635367,0.0,0.026667140342360642,1.0000000000000004,0.9091837004043077,0.0011901369924431637,0.019744824492443164,False,False,False,False,False,True,False,True,False,True
qftentangled_4_Mutant_Add_rzz_P5_Q3_[0.0].qasm,PureState_4,0.010470106900657694,0.09483196486572391,0.010469699270961934,0.08592008506344154,0.0,0.03366495566897496,1.0000000000000004,0.9074355730399639,0.012714195296636865,0.06984310154663687,False,False,False,False,False,True,False,True,True,True
qftentangled_4_Mutant_Add_rzz_P5_Q3_[0.0].qasm,Quratest_4,0.015337026680601912,0.06045197887072234,0.015332514670582902,0.05963177857362188,0.0,0.030320324958459377,1.0000000000000022,0.9090325267215198,0.01316392693676044,0.0005079480632395605,False,False,False,False,False,True,False,True,True,False
qftentangled_4_Mutant_Add_rzz_P5_Q3_[0.0].qasm,PureState_5,0.011769039950162487,0.09133201364304568,0.011768622849922552,0.08272748594281748,0.0,0.03308623108737582,1.0,0.9104348419804884,0.010723304703363079,0.012188148453363079,False,False,False,False,False,True,False,True,False,False
qftentangled_4_Mutant_Add_rzz_P5_Q3_[0.0].qasm,Quratest_5,0.013424358763697651,0.06896078638405875,0.013423536068358813,0.06737782146515482,0.0,0.027048029033018617,0.9999999999999989,0.9104198602652523,0.010892453034265781,0.01870495303426578,False,False,False,False,False,True,False,True,False,True
qftentangled_4_Mutant_Add_rzz_P5_Q3_[0.0].qasm,PureState_6,0.014171854462954398,0.0987517277725053,0.014170447704332968,0.0898923149695998,0.0,0.03387621634899743,0.9999999999999998,0.9070343591565897,0.012188148453363079,0.05714778904663692,False,False,False,False,False,True,False,True,True,True
qftentangled_4_Mutant_Add_rzz_P5_Q3_[0.0].qasm,Quratest_6,0.017021517128060958,0.13249100539927025,0.015596927980923745,0.12225305708952018,0.0,0.05507724118985152,0.9999999999999982,0.9011798139534481,0.007661071652558249,0.01889154040255825,False,True,False,True,False,True,False,True,False,True
qftentangled_4_Mutant_Add_rzz_P5_Q3_[0.0].qasm,PureState_7,0.011934082915025887,0.0997480853453924,0.011933022363033759,0.08989837555888298,0.0,0.03355128393159697,0.9999999999999998,0.9083970142444946,0.0033990859533631346,0.018573570296636865,False,False,False,False,False,True,False,True,False,True
qftentangled_4_Mutant_Add_rzz_P5_Q3_[0.0].qasm,Quratest_7,0.011154743465991724,0.08286594560645641,0.011154118833000786,0.08159918162075569,0.0,0.03205145702552858,0.9999999999999987,0.9026577471917464,0.01177994167438818,0.01763931667438818,False,False,False,False,False,True,False,True,True,True
qftentangled_4_Mutant_Add_rzz_P5_Q3_[0.0].qasm,PureState_8,0.013918452050303183,0.08711496816084609,0.013912754556901361,0.07859385787759966,0.0,0.03323701930119771,1.0000000000000022,0.9098378313803466,0.0005071640466369487,0.0009954452966369487,False,False,False,False,False,True,False,True,False,False
qftentangled_4_Mutant_Add_rzz_P5_Q3_[0.0].qasm,Quratest_8,0.015553625182546903,0.0788429072439026,0.015551155415006413,0.06763062314832534,0.0,0.026666354444731293,1.0000000000000009,0.9075106984458773,0.003347015194060457,0.016042327694060457,False,False,False,False,False,True,False,True,False,True
qftentangled_4_Mutant_Add_rzz_P5_Q3_[0.0].qasm,PureState_9,0.015149995132101735,0.10075738618104021,0.015149166757302254,0.09127060267339744,0.0,0.03381216565962436,1.0000000000000004,0.90727350041384,0.018535804703363024,0.054218101546636976,False,True,False,False,False,True,False,True,True,True
qftentangled_4_Mutant_Add_rzz_P5_Q3_[0.0].qasm,Quratest_9,0.013855531334655714,0.057688982509140736,0.013854177930268911,0.05735170116675635,0.0,0.031058225006571863,0.9999999999999996,0.9015400462291505,0.019694848206973342,0.004558129456973342,False,False,False,False,False,True,False,True,True,False
qftentangled_4_Mutant_Add_rzz_P5_Q3_[0.0].qasm,PureState_10,0.010322418596765885,0.09446407176074251,0.010322052771443163,0.08471536336189546,0.0,0.03355127920967575,1.0000000000000004,0.9081231511086273,0.00339908595336319,0.01857357029663681,False,False,False,False,False,True,False,True,False,True
qftentangled_4_Mutant_Add_rzz_P5_Q3_[0.0].qasm,Quratest_10,0.012797412570545869,0.10211240152237974,0.012794737016617208,0.09756964119927179,0.0,0.038161080383528015,1.0,0.9119715484148352,0.01928100361557039,0.08715209736557039,False,True,False,False,False,True,False,True,True,True
qftentangled_4_Mutant_Add_rzz_P5_Q3_[0.0].qasm,PureState_11,0.01268448627220163,0.10057098923300628,0.01268272887280578,0.09205315644660891,0.0,0.033876216303853735,1.0000000000000018,0.9067373924486842,0.012188148453363135,0.057147789046636865,False,True,False,False,False,True,False,True,True,True
qftentangled_4_Mutant_Add_rzz_P5_Q3_[0.0].qasm,Quratest_11,0.012943226647026018,0.05683539382603838,0.012942604510725032,0.05654796992532439,0.0,0.029790819211126054,1.0000000000000013,0.903516877072002,0.009804408196729897,0.012245814446729897,False,False,False,False,False,True,False,True,False,False
qftentangled_4_Mutant_Add_rzz_P5_Q3_[0.0].qasm,PureState_12,0.01083925692453145,0.0904193347602136,0.010838163735738485,0.08073400261802689,0.0,0.033086231042860334,1.0000000000000004,0.9102459497677038,0.010723304703363107,0.012188148453363107,False,False,False,False,False,True,False,True,False,False
qftentangled_4_Mutant_Add_rzz_P5_Q3_[0.0].qasm,Quratest_12,0.012649489822718522,0.07299877733953963,0.012646915067154239,0.07261487216994496,0.0,0.03329570446047741,1.0000000000000009,0.9104527971033723,0.012526751516004797,0.0818626890160048,False,False,False,False,False,True,False,True,True,True
qftentangled_4_Mutant_Add_rzz_P5_Q3_[0.0].qasm,PureState_13,0.015564797844315236,0.09899610842158982,0.015563243813717967,0.0896665770500126,0.0,0.03381216570476796,1.0000000000000018,0.9070135471193114,0.018535804703363135,0.054218101546636865,False,False,False,False,False,True,False,True,True,True
qftentangled_4_Mutant_Add_rzz_P5_Q3_[0.0].qasm,Quratest_13,0.012752030755206667,0.07135312508367776,0.01274509049910349,0.06972747679132157,0.0,0.022382144061369458,0.9999999999999998,0.9127890939136447,0.009280795718445534,0.026370639468445534,False,False,False,False,False,True,False,True,False,True
qftentangled_4_Mutant_Add_rzz_P5_Q3_[0.0].qasm,PureState_14,0.011340324463271689,0.09177390826371606,0.011339131223132794,0.0828264597882153,0.0,0.033412566541420406,1.0000000000000013,0.9084698407705669,0.00877017970336319,0.01613216404663681,False,False,False,False,False,True,False,True,False,True
qftentangled_4_Mutant_Add_rzz_P5_Q3_[0.0].qasm,Quratest_14,0.015212358170107649,0.10055278253464153,0.015203609139952244,0.09267908086606857,0.0,0.03302206228457326,1.0000000000000018,0.9032681854431065,0.015904880317119674,0.026087307182880326,False,True,False,False,False,True,False,True,True,True
qftentangled_4_Mutant_Add_rzz_P5_Q3_[0.0].qasm,PureState_15,0.010020150491086798,0.09329785518243969,0.01001903078956565,0.08529185849007974,0.0,0.03341256181949931,1.0,0.9087749494313486,0.008770179703363135,0.016132164046636865,False,False,False,False,False,True,False,True,False,True
qftentangled_4_Mutant_Add_rzz_P5_Q3_[0.0].qasm,Quratest_15,0.014858971327983856,0.07139846188211628,0.01485791944568745,0.06877740464749449,0.0,0.0205886501687575,0.9999999999999989,0.9038038678127174,0.0011508016318695358,0.061209395381869536,False,False,False,False,False,True,False,True,False,True
qftentangled_4_Mutant_Add_y_P0_Q3_[].qasm,PureState_0,0.009041358327557402,0.0928655558783348,0.009040995365808682,0.084348754916444,0.0,0.028232772057224676,1.0,0.9235567880304695,0.0063665390466369765,0.060565757796636976,False,False,False,False,False,True,False,True,False,True
qftentangled_4_Mutant_Add_y_P0_Q3_[].qasm,Quratest_0,0.01229743979829961,0.049019903754229176,0.012296501909620353,0.0487232016293204,0.0,0.024657335574668357,1.0000000000000009,0.9240577075907462,0.0034975883953862197,0.01277493214538622,False,False,False,False,False,True,False,True,False,False
qftentangled_4_Mutant_Add_y_P0_Q3_[].qasm,PureState_1,0.01187161444663781,0.08369464452096365,0.011870658695953861,0.07596005455080349,0.0,0.027780394035120802,1.0,0.926610137250522,0.0005071640466370042,0.006854820296637004,False,False,False,False,False,True,False,True,False,False
qftentangled_4_Mutant_Add_y_P0_Q3_[].qasm,Quratest_1,0.019311415882905063,0.07485746783375247,0.019307776737884082,0.0672284254786344,0.0,0.0195919965289209,0.9999999999999976,0.9238949004982718,0.009197594047319846,0.009685875297319846,False,False,False,False,False,True,False,True,False,False
qftentangled_4_Mutant_Add_y_P0_Q3_[].qasm,PureState_2,0.018963973599414895,0.09652501595287596,0.018962044514446844,0.08584477080649662,0.0,0.0280861159894415,1.0000000000000009,0.9241129135515604,0.012714195296636976,0.06447200779663698,False,False,False,False,False,True,False,True,True,True
qftentangled_4_Mutant_Add_y_P0_Q3_[].qasm,Quratest_2,0.00937016798570684,0.039138084985503585,0.009369902680745378,0.0390774368630641,0.0,0.01811769142114973,0.9999999999999982,0.9305846384919401,0.021103822969511528,0.022568666719511528,False,False,False,False,False,True,False,True,True,True
qftentangled_4_Mutant_Add_y_P0_Q3_[].qasm,PureState_3,0.01185839871405794,0.09628494557790664,0.011856618280584895,0.08724633667770693,0.0,0.028232767341818683,1.0,0.9238074708500805,0.0063665390466369765,0.060565757796636976,False,False,False,False,False,True,False,True,False,True
qftentangled_4_Mutant_Add_y_P0_Q3_[].qasm,Quratest_3,0.020554142088877653,0.04412148088365935,0.020547356756740822,0.043859364902287507,0.0,0.02027423858588992,1.0000000000000004,0.9254988191510258,0.0011901369924431637,0.013885449492443164,False,False,False,False,False,True,False,True,False,False
qftentangled_4_Mutant_Add_y_P0_Q3_[].qasm,PureState_4,0.009592125379994052,0.08602686094295266,0.009591834767660436,0.07826918795742185,0.0,0.028086111274035555,1.0000000000000004,0.923805996957911,0.012714195296636865,0.06447200779663687,False,False,False,False,False,True,False,True,True,True
qftentangled_4_Mutant_Add_y_P0_Q3_[].qasm,Quratest_4,0.013446399981263632,0.05907576398458558,0.013445891964155122,0.05852430018747901,0.0,0.02622957069943908,1.0000000000000022,0.9242732846877959,0.01316392693676044,0.0024217394367604395,False,False,False,False,False,True,False,True,True,False
qftentangled_4_Mutant_Add_y_P0_Q3_[].qasm,PureState_5,0.015655555948792872,0.0790692561643487,0.01565433026820176,0.07166150279373329,0.0,0.027540230444934772,1.0,0.9268653463089412,0.010723304703363079,0.015117835953363079,False,False,False,False,False,True,False,True,False,True
qftentangled_4_Mutant_Add_y_P0_Q3_[].qasm,Quratest_5,0.011980429896543805,0.06236330255647527,0.01197389542642212,0.06094860136112487,0.0,0.024041212715319765,0.9999999999999989,0.9256424086431456,0.010892453034265781,0.01577526553426578,False,False,False,False,False,True,False,True,False,True
qftentangled_4_Mutant_Add_y_P0_Q3_[].qasm,PureState_6,0.01591262582851228,0.09918114447678109,0.015910454037707727,0.08945699406798724,0.0,0.028302824850732395,0.9999999999999998,0.9233949095766752,0.012188148453363079,0.05519466404663692,False,False,False,False,False,True,False,True,True,True
qftentangled_4_Mutant_Add_y_P0_Q3_[].qasm,Quratest_6,0.010597825896920772,0.1289675052659905,0.010596896614290906,0.11905601321147098,0.0,0.046086908120127223,0.9999999999999982,0.917142591639959,0.007661071652558249,0.02279779040255825,False,True,False,True,False,True,False,True,False,True
qftentangled_4_Mutant_Add_y_P0_Q3_[].qasm,PureState_7,0.016142807555445587,0.09323178431559728,0.01614073011952393,0.08471389644399184,0.0,0.028021152011142934,0.9999999999999998,0.9247843591394949,0.0033990859533631346,0.015643882796636865,False,False,False,False,False,True,False,True,False,True
qftentangled_4_Mutant_Add_y_P0_Q3_[].qasm,Quratest_7,0.013973049778502177,0.07219863896246838,0.013966174771693504,0.07116445155878674,0.0,0.026776335904678802,0.9999999999999987,0.9189996903356932,0.01177994167438818,0.01861587917438818,False,False,False,False,False,True,False,True,True,True
qftentangled_4_Mutant_Add_y_P0_Q3_[].qasm,PureState_8,0.014647265225247298,0.07786736159505354,0.014646425821153594,0.07011741845194698,0.0,0.027780393994411783,1.0000000000000022,0.9262551922737345,0.0005071640466369487,0.006854820296636949,False,False,False,False,False,True,False,True,False,False
qftentangled_4_Mutant_Add_y_P0_Q3_[].qasm,Quratest_8,0.011076721033510541,0.07761839880752804,0.011076200151206623,0.06677576118005339,0.0,0.021146447401767292,1.0000000000000009,0.9238611700260757,0.003347015194060457,0.012624358944060457,False,False,False,False,False,True,False,True,False,False
qftentangled_4_Mutant_Add_y_P0_Q3_[].qasm,PureState_9,0.015719850613182575,0.09189080704574148,0.01571913231380461,0.08402420724159143,0.0,0.028235401630161815,1.0000000000000004,0.9236392483935046,0.018535804703363024,0.044452476546636976,False,False,False,False,False,True,False,True,True,True
qftentangled_4_Mutant_Add_y_P0_Q3_[].qasm,Quratest_9,0.016551189897358085,0.05814365341515409,0.016518696404621246,0.057732268096372955,0.0,0.02598218551936139,0.9999999999999996,0.9172603125338904,0.019694848206973342,0.006022973206973342,False,False,False,False,False,True,False,True,True,False
qftentangled_4_Mutant_Add_y_P0_Q3_[].qasm,PureState_10,0.010112119462648485,0.0892547143876823,0.010111928518860317,0.0814031694265516,0.0,0.02802115204826794,1.0000000000000004,0.9245041225955815,0.00339908595336319,0.01564388279663681,False,False,False,False,False,True,False,True,False,True
qftentangled_4_Mutant_Add_y_P0_Q3_[].qasm,Quratest_10,0.009350783974996672,0.0984740684857799,0.009347603048467065,0.09429003576910579,0.0,0.03331753547937755,1.0,0.9263639158337049,0.01928100361557039,0.08764037861557039,False,False,False,False,False,True,False,True,True,True
qftentangled_4_Mutant_Add_y_P0_Q3_[].qasm,PureState_11,0.013417829335872001,0.09173595260737247,0.013416600081245051,0.08375493121251942,0.0,0.02830282480545135,1.0000000000000018,0.9230912154363928,0.012188148453363135,0.055194664046636865,False,False,False,False,False,True,False,True,True,True
qftentangled_4_Mutant_Add_y_P0_Q3_[].qasm,Quratest_11,0.015786058246459705,0.047581745365438424,0.015779620263545933,0.04741445497452572,0.0,0.024617749801684484,1.0000000000000013,0.9194433793420744,0.009804408196729897,0.013710658196729897,False,False,False,False,False,True,False,True,False,False
qftentangled_4_Mutant_Add_y_P0_Q3_[].qasm,PureState_12,0.01575470026700288,0.08478298000769487,0.015754145843141023,0.07717559193107386,0.0,0.0275402304856438,1.0000000000000004,0.926671325740101,0.010723304703363107,0.015117835953363107,False,False,False,False,False,True,False,True,False,True
qftentangled_4_Mutant_Add_y_P0_Q3_[].qasm,Quratest_12,0.013067402505910855,0.05947905831479179,0.01306659472756631,0.05918276308651515,0.0,0.029632267136469055,1.0000000000000009,0.9250092791309616,0.012526751516004797,0.0740501890160048,False,False,False,False,False,True,False,True,True,True
qftentangled_4_Mutant_Add_y_P0_Q3_[].qasm,PureState_13,0.015401265159908266,0.10606605283005263,0.015400038081975834,0.09607760905258911,0.0,0.02823540167544273,1.0000000000000018,0.923373125828266,0.018535804703363135,0.044452476546636865,False,True,False,False,False,True,False,True,True,True
qftentangled_4_Mutant_Add_y_P0_Q3_[].qasm,Quratest_13,0.015880585151197578,0.05785541936935651,0.01587343225766551,0.0567428876665831,0.0,0.019941776696439366,0.9999999999999998,0.9261100760979443,0.009280795718445534,0.026370639468445534,False,False,False,False,False,True,False,True,False,True
qftentangled_4_Mutant_Add_y_P0_Q3_[].qasm,PureState_14,0.011713623874235017,0.08757781168023367,0.011712845512079894,0.0788234302550131,0.0,0.027827522459652355,1.0000000000000013,0.9248576733588665,0.00877017970336319,0.01222591404663681,False,False,False,False,False,True,False,True,False,False
qftentangled_4_Mutant_Add_y_P0_Q3_[].qasm,Quratest_14,0.012382961255015845,0.09018920910401258,0.011073702935214296,0.08324803326853154,0.0,0.024267605206461658,1.0000000000000018,0.9193083284620008,0.015904880317119674,0.019739650932880326,False,False,False,False,False,True,False,True,True,True
qftentangled_4_Mutant_Add_y_P0_Q3_[].qasm,PureState_15,0.014553177547675586,0.09111227791909518,0.014552164968051296,0.08258163677139538,0.0,0.02782751772604741,1.0,0.9251696281223684,0.008770179703363135,0.012225914046636865,False,False,False,False,False,True,False,True,False,False
qftentangled_4_Mutant_Add_y_P0_Q3_[].qasm,Quratest_15,0.01705783347993,0.06468649628348262,0.017056661098146148,0.062313529843830616,0.0,0.018027910169846714,0.9999999999999989,0.9197781372521624,0.0011508016318695358,0.054861739131869536,False,False,False,False,False,True,False,True,False,True
qftentangled_4_Mutant_Add_rx_P2_Q2_[0.0].qasm,PureState_0,0.01330152995560185,0.09490358180585798,0.013300385730226344,0.08587833412732356,0.0,0.028232537338864716,1.0,0.9233223072722572,0.0063665390466369765,0.060565757796636976,False,False,False,False,False,True,False,True,False,True
qftentangled_4_Mutant_Add_rx_P2_Q2_[0.0].qasm,Quratest_0,0.013978626192394893,0.05125069374774352,0.013976785979345473,0.05101383538220478,0.0,0.02463852839383564,1.0000000000000009,0.9239802215562394,0.0034975883953862197,0.01277493214538622,False,False,False,False,False,True,False,True,False,False
qftentangled_4_Mutant_Add_rx_P2_Q2_[0.0].qasm,PureState_1,0.010870697145134169,0.08747743826863875,0.010870389147664115,0.07848931035100767,0.0,0.027780317968359898,1.0,0.9263747140622829,0.0005071640466370042,0.006854820296637004,False,False,False,False,False,True,False,True,False,False
qftentangled_4_Mutant_Add_rx_P2_Q2_[0.0].qasm,Quratest_1,0.013902005889475065,0.07167639197986182,0.013898960270541154,0.06438752539394357,0.0,0.0194376901763723,0.9999999999999976,0.9236634882313969,0.009197594047319846,0.009685875297319846,False,False,False,False,False,True,False,True,False,False
qftentangled_4_Mutant_Add_rx_P2_Q2_[0.0].qasm,PureState_2,0.012989376703037089,0.09770171487920526,0.012988663857805905,0.08776570063335791,0.0,0.028091430017945916,1.0000000000000009,0.9238780024690932,0.012714195296636976,0.06447200779663698,False,False,False,False,False,True,False,True,True,True
qftentangled_4_Mutant_Add_rx_P2_Q2_[0.0].qasm,Quratest_2,0.012756444974035937,0.027633258064750626,0.012754058205769013,0.027611590822998293,0.0,0.018100451921461487,0.9999999999999982,0.9308443108628929,0.021103822969511528,0.022568666719511528,False,False,False,False,False,True,False,True,True,True
qftentangled_4_Mutant_Add_rx_P2_Q2_[0.0].qasm,PureState_3,0.007969209619287532,0.09731093883226828,0.00796904603090905,0.08838976717059692,0.0,0.028232532627835667,1.0,0.9235727372737574,0.0063665390466369765,0.060565757796636976,False,False,False,False,False,True,False,True,False,True
qftentangled_4_Mutant_Add_rx_P2_Q2_[0.0].qasm,Quratest_3,0.010486004965350527,0.04775455781101981,0.010485764570109645,0.04740061228264898,0.0,0.02041180440467133,1.0000000000000004,0.9254852258466005,0.0011901369924431637,0.015350293242443164,False,False,False,False,False,True,False,True,False,True
qftentangled_4_Mutant_Add_rx_P2_Q2_[0.0].qasm,PureState_4,0.011250495139756091,0.09227919906108133,0.01124974095702806,0.08419601146503251,0.0,0.028091425306916565,1.0000000000000004,0.9235713563752737,0.012714195296636865,0.06447200779663687,False,False,False,False,False,True,False,True,True,True
qftentangled_4_Mutant_Add_rx_P2_Q2_[0.0].qasm,Quratest_4,0.010235688852801893,0.05710466130097168,0.010234430593527378,0.05626458299344386,0.0,0.026326422621616025,1.0000000000000022,0.924291271941987,0.01316392693676044,0.0024217394367604395,False,False,False,False,False,True,False,True,True,False
qftentangled_4_Mutant_Add_rx_P2_Q2_[0.0].qasm,PureState_5,0.01372743285943042,0.08523062578036184,0.013726504917164293,0.07748990764705409,0.0,0.02754539902401775,1.0,0.9266297424947378,0.010723304703363079,0.015117835953363079,False,False,False,False,False,True,False,True,False,True
qftentangled_4_Mutant_Add_rx_P2_Q2_[0.0].qasm,Quratest_5,0.011539825245907362,0.05365666078011534,0.011538954371533648,0.05284829639243586,0.0,0.023991675359942496,0.9999999999999989,0.9255441452448117,0.010892453034265781,0.015286984284265781,False,False,False,False,False,True,False,True,False,True
qftentangled_4_Mutant_Add_rx_P2_Q2_[0.0].qasm,PureState_6,0.01680866728083121,0.10312798494894093,0.016806403380475975,0.0931957529876988,0.0,0.028302587823856314,0.9999999999999998,0.9231604778247606,0.012188148453363079,0.05519466404663692,False,True,False,False,False,True,False,True,True,True
qftentangled_4_Mutant_Add_rx_P2_Q2_[0.0].qasm,Quratest_6,0.016411982736205734,0.12803536970958296,0.01640982457717219,0.1185281776964122,0.0,0.046114713998509804,0.9999999999999982,0.9170738719170507,0.007661071652558249,0.02279779040255825,False,True,False,True,False,True,False,True,False,True
qftentangled_4_Mutant_Add_rx_P2_Q2_[0.0].qasm,PureState_7,0.014597158822392431,0.08600486664916396,0.014595043211187876,0.07851868030746886,0.0,0.028021104003132034,0.9999999999999998,0.9245502581848823,0.0033990859533631346,0.016132164046636865,False,False,False,False,False,True,False,True,False,True
qftentangled_4_Mutant_Add_rx_P2_Q2_[0.0].qasm,Quratest_7,0.01755415284333213,0.07540690143894645,0.0175471159315325,0.07429448796567142,0.0,0.026843097951527964,0.9999999999999987,0.9187957492967386,0.01177994167438818,0.01861587917438818,False,False,False,False,False,True,False,True,True,True
qftentangled_4_Mutant_Add_rx_P2_Q2_[0.0].qasm,PureState_8,0.01265934028548828,0.08252589642990812,0.012658293978671447,0.07546061677034004,0.0,0.027780317927688692,1.0000000000000022,0.926020074512659,0.0005071640466369487,0.006854820296636949,False,False,False,False,False,True,False,True,False,False
qftentangled_4_Mutant_Add_rx_P2_Q2_[0.0].qasm,Quratest_8,0.00983636724647623,0.07400674963788588,0.009836215642806128,0.06327470895872797,0.0,0.021133403570064567,1.0000000000000009,0.9236373802165533,0.003347015194060457,0.013112640194060457,False,False,False,False,False,True,False,True,False,False
qftentangled_4_Mutant_Add_rx_P2_Q2_[0.0].qasm,PureState_9,0.016618420137777576,0.09207913229310712,0.01661652122686048,0.0848301861851754,0.0,0.028240716024144706,1.0000000000000004,0.9234046795573384,0.018535804703363024,0.044452476546636976,False,False,False,False,False,True,False,True,True,True
qftentangled_4_Mutant_Add_rx_P2_Q2_[0.0].qasm,Quratest_9,0.011642742685528203,0.06580236113813552,0.011642328956952521,0.06538134864013602,0.0,0.02598331276386755,0.9999999999999996,0.9172054101535418,0.019694848206973342,0.006022973206973342,False,False,False,False,False,True,False,True,True,False
qftentangled_4_Mutant_Add_rx_P2_Q2_[0.0].qasm,PureState_10,0.012308514782430929,0.08801282057411454,0.012308070211400273,0.07922405384336277,0.0,0.028021104040222664,1.0000000000000004,0.9242702749883248,0.00339908595336319,0.01613216404663681,False,False,False,False,False,True,False,True,False,True
qftentangled_4_Mutant_Add_rx_P2_Q2_[0.0].qasm,Quratest_10,0.01443664587184272,0.10520454517192349,0.014413499002061271,0.10070827496807201,0.0,0.03330121740883217,1.0,0.9263918591788831,0.01928100361557039,0.08715209736557039,False,True,False,True,False,True,False,True,True,True
qftentangled_4_Mutant_Add_rx_P2_Q2_[0.0].qasm,PureState_11,0.012290177263943422,0.09403492975101042,0.012285321564580483,0.08426864685607223,0.0,0.028302587778617466,1.0000000000000018,0.9228570463294565,0.012188148453363135,0.055194664046636865,False,False,False,False,False,True,False,True,True,True
qftentangled_4_Mutant_Add_rx_P2_Q2_[0.0].qasm,Quratest_11,0.011638123694987415,0.0577732139325804,0.011637625468252982,0.05750562593402707,0.0,0.024786829893546747,1.0000000000000013,0.9192480391664813,0.009804408196729897,0.014198939446729897,False,False,False,False,False,True,False,True,False,False
qftentangled_4_Mutant_Add_rx_P2_Q2_[0.0].qasm,PureState_12,0.012595777960115977,0.08722339555091856,0.012594735955970566,0.07968630078115274,0.0,0.02754539906468898,1.0000000000000004,0.926435956139119,0.010723304703363107,0.015117835953363107,False,False,False,False,False,True,False,True,False,True
qftentangled_4_Mutant_Add_rx_P2_Q2_[0.0].qasm,Quratest_12,0.011666352907277758,0.06347347902014225,0.01166564212090417,0.06316836944387227,0.0,0.029743385194256837,1.0000000000000009,0.9248639377346525,0.012526751516004797,0.0740501890160048,False,False,False,False,False,True,False,True,True,True
qftentangled_4_Mutant_Add_rx_P2_Q2_[0.0].qasm,PureState_13,0.01029800970385212,0.10212737818405551,0.010296703451963294,0.09214142577212542,0.0,0.028240716069383578,1.0000000000000018,0.9231388139265503,0.018535804703363135,0.044452476546636865,False,True,False,False,False,True,False,True,True,True
qftentangled_4_Mutant_Add_rx_P2_Q2_[0.0].qasm,Quratest_13,0.011423696671521162,0.05417235169754376,0.01140867817249965,0.053189804718560094,0.0,0.020055786059463794,0.9999999999999998,0.9260245097451918,0.009280795718445534,0.027347201968445534,False,False,False,False,False,True,False,True,False,True
qftentangled_4_Mutant_Add_rx_P2_Q2_[0.0].qasm,PureState_14,0.012102801884243381,0.09342418901867039,0.012102477306617423,0.08473070148713549,0.0,0.02783268826517744,1.0000000000000013,0.9246236088243447,0.00877017970336319,0.01173763279663681,False,False,False,False,False,True,False,True,False,False
qftentangled_4_Mutant_Add_rx_P2_Q2_[0.0].qasm,Quratest_14,0.012729804255335627,0.0870915827874966,0.012725547697641448,0.08008611514502557,0.0,0.024000162450899032,1.0000000000000018,0.9193776888787252,0.015904880317119674,0.019739650932880326,False,False,False,False,False,True,False,True,True,True
qftentangled_4_Mutant_Add_rx_P2_Q2_[0.0].qasm,PureState_15,0.012754035018488132,0.08634758273777046,0.012753474268570646,0.07794859441929274,0.0,0.02783268353596628,1.0,0.9249353097476394,0.008770179703363135,0.011737632796636865,False,False,False,False,False,True,False,True,False,False
qftentangled_4_Mutant_Add_rx_P2_Q2_[0.0].qasm,Quratest_15,0.012683989700615819,0.06740196892574664,0.012682880610408773,0.06422050994050993,0.0,0.01801233064575519,0.9999999999999989,0.9198306162987164,0.0011508016318695358,0.054861739131869536,False,False,False,False,False,True,False,True,False,True
qftentangled_4_Mutant_Add_s_P8_Q2_[].qasm,PureState_0,0.013664832504040034,0.09426878486353216,0.01366267812889219,0.08456292322215389,0.0,0.027969620987376403,1.0,0.9239744557537743,0.0063665390466369765,0.059589195296636976,False,False,False,False,False,True,False,True,False,True
qftentangled_4_Mutant_Add_s_P8_Q2_[].qasm,Quratest_0,0.017953824104878946,0.04834731592567304,0.017948023546383838,0.04808013891008872,0.0,0.024451961125694532,1.0000000000000009,0.9245027349429676,0.0034975883953862197,0.01131008839538622,False,False,False,False,False,True,False,True,False,False
qftentangled_4_Mutant_Add_s_P8_Q2_[].qasm,PureState_1,0.01298740219373964,0.08778777030415093,0.01297672608691764,0.08004758984468324,0.0,0.02751655920855512,1.0,0.9270289315202366,0.0005071640466370042,0.007343101546637004,False,False,False,False,False,True,False,True,False,False
qftentangled_4_Mutant_Add_s_P8_Q2_[].qasm,Quratest_1,0.012826805847865478,0.08107173221440711,0.012213237142871279,0.07248145014220055,0.0,0.019360720866743397,0.9999999999999976,0.92431471052512,0.009197594047319846,0.009685875297319846,False,False,False,False,False,True,False,True,False,False
qftentangled_4_Mutant_Add_s_P8_Q2_[].qasm,PureState_2,0.010847014174556921,0.09332555568491455,0.010846645193671435,0.08490719743759773,0.0,0.02782284387666235,1.0000000000000009,0.9245308880737565,0.012714195296636976,0.06398372654663698,False,False,False,False,False,True,False,True,True,True
qftentangled_4_Mutant_Add_s_P8_Q2_[].qasm,Quratest_2,0.014588026127284505,0.03966256184615284,0.014587104093916926,0.03960916820780817,0.0,0.017890462066965523,0.9999999999999982,0.9312281906263646,0.021103822969511528,0.022568666719511528,False,False,False,False,False,True,False,True,True,True
qftentangled_4_Mutant_Add_s_P8_Q2_[].qasm,PureState_3,0.015103672665675149,0.09949403963264486,0.01510118879994937,0.08958558975807036,0.0,0.027969616271970425,1.0,0.9242252620160897,0.0063665390466369765,0.059589195296636976,False,False,False,False,False,True,False,True,False,True
qftentangled_4_Mutant_Add_s_P8_Q2_[].qasm,Quratest_3,0.013599358983491803,0.041991745658111417,0.013598622827779466,0.041838095307204566,0.0,0.020199213967866152,1.0000000000000004,0.9259599428224634,0.0011901369924431637,0.014862011992443164,False,False,False,False,False,True,False,True,False,False
qftentangled_4_Mutant_Add_s_P8_Q2_[].qasm,PureState_4,0.021583644948302443,0.09213996535258835,0.0215677316349917,0.08327566602541514,0.0,0.027822839161256524,1.0000000000000004,0.9242238402342675,0.012714195296636865,0.06398372654663687,False,False,False,False,False,True,False,True,True,True
qftentangled_4_Mutant_Add_s_P8_Q2_[].qasm,Quratest_4,0.011863840107572474,0.05960369137035958,0.0118551461170088,0.059083951617488445,0.0,0.026128940123967496,1.0000000000000022,0.9247442236060838,0.01316392693676044,0.0024217394367604395,False,False,False,False,False,True,False,True,True,False
qftentangled_4_Mutant_Add_s_P8_Q2_[].qasm,PureState_5,0.009406083707521105,0.08332690039517876,0.009403814657241494,0.07536245271039616,0.0,0.02727627426092739,1.0,0.9272843522137868,0.010723304703363079,0.015606117203363079,False,False,False,False,False,True,False,True,False,True
qftentangled_4_Mutant_Add_s_P8_Q2_[].qasm,Quratest_5,0.009671415684481433,0.05621695029817858,0.009670120639305103,0.05501667350875416,0.0,0.02380820080896145,0.9999999999999989,0.9260896074827919,0.010892453034265781,0.01577526553426578,False,False,False,False,False,True,False,True,False,True
qftentangled_4_Mutant_Add_s_P8_Q2_[].qasm,PureState_6,0.0123503398320721,0.09799803497399305,0.012341607406616774,0.0889630957962232,0.0,0.028039774673263927,0.9999999999999998,0.923812456876147,0.012188148453363079,0.05519466404663692,False,False,False,False,False,True,False,True,True,True
qftentangled_4_Mutant_Add_s_P8_Q2_[].qasm,Quratest_6,0.015354290652183227,0.12369022682838153,0.015347195040212543,0.11517097544180797,0.0,0.04581244857128104,0.9999999999999982,0.917588863792964,0.007661071652558249,0.02230950915255825,False,True,False,True,False,True,False,True,False,True
qftentangled_4_Mutant_Add_s_P8_Q2_[].qasm,PureState_7,0.01641176270140961,0.08646640005599569,0.016410919702214033,0.07886195468412549,0.0,0.027757544216537776,0.9999999999999998,0.9252029411622001,0.0033990859533631346,0.015643882796636865,False,False,False,False,False,True,False,True,False,True
qftentangled_4_Mutant_Add_s_P8_Q2_[].qasm,Quratest_7,0.012458752771439477,0.07701942170308827,0.012456007042025322,0.07594649507791769,0.0,0.02659697623352511,0.9999999999999987,0.9194606496151521,0.01177994167438818,0.01861587917438818,False,False,False,False,False,True,False,True,True,True
qftentangled_4_Mutant_Add_s_P8_Q2_[].qasm,PureState_8,0.013070878525001287,0.07828122531515222,0.013070522741670603,0.07112968558987223,0.0,0.0275165591678461,1.0000000000000022,0.9266738594325374,0.0005071640466369487,0.007343101546636949,False,False,False,False,False,True,False,True,False,False
qftentangled_4_Mutant_Add_s_P8_Q2_[].qasm,Quratest_8,0.016525396986353944,0.07487969361876529,0.01652424632640997,0.06441344393547958,0.0,0.02090005699206872,1.0000000000000009,0.9242800393312239,0.003347015194060457,0.012624358944060457,False,False,False,False,False,True,False,True,False,False
qftentangled_4_Mutant_Add_s_P8_Q2_[].qasm,PureState_9,0.007541946724335242,0.09343199971319623,0.007541819454297417,0.08533042968894249,0.0,0.02797223045617053,1.0000000000000004,0.9240569802596377,0.018535804703363024,0.044452476546636976,False,False,False,False,False,True,False,True,True,True
qftentangled_4_Mutant_Add_s_P8_Q2_[].qasm,Quratest_9,0.013940053029216313,0.05472082663155305,0.013939480241866933,0.05442060416328694,0.0,0.02579405798978881,0.9999999999999996,0.9177552615222515,0.019694848206973342,0.006511254456973342,False,False,False,False,False,True,False,True,True,False
qftentangled_4_Mutant_Add_s_P8_Q2_[].qasm,PureState_10,0.01375779483819876,0.08600470514248505,0.013756356221462809,0.07739126744227275,0.0,0.027757544253662753,1.0000000000000004,0.9249225759376762,0.00339908595336319,0.01564388279663681,False,False,False,False,False,True,False,True,False,True
qftentangled_4_Mutant_Add_s_P8_Q2_[].qasm,Quratest_10,0.01607255521881708,0.09961760587263536,0.016069949455395173,0.09511474476246215,0.0,0.03320784470779088,1.0,0.9268180040401686,0.01928100361557039,0.08666381611557039,False,False,False,False,False,True,False,True,True,True
qftentangled_4_Mutant_Add_s_P8_Q2_[].qasm,PureState_11,0.01444636128606791,0.09498291801600048,0.01444527711486163,0.08548344042645335,0.0,0.02803977462798294,1.0000000000000018,0.9235086262684478,0.012188148453363135,0.055194664046636865,False,False,False,False,False,True,False,True,True,True
qftentangled_4_Mutant_Add_s_P8_Q2_[].qasm,Quratest_11,0.01130423822959303,0.05623933757668062,0.011303482301082341,0.05593948108089694,0.0,0.024521889429984612,1.0000000000000013,0.9199082187263817,0.009804408196729897,0.013222376946729897,False,False,False,False,False,True,False,True,False,False
qftentangled_4_Mutant_Add_s_P8_Q2_[].qasm,PureState_12,0.009997344871459044,0.08344375327596927,0.009996956726525725,0.07548044624629352,0.0,0.027276274301636226,1.0000000000000004,0.9270902071600756,0.010723304703363107,0.015606117203363107,False,False,False,False,False,True,False,True,False,True
qftentangled_4_Mutant_Add_s_P8_Q2_[].qasm,Quratest_12,0.014851460710678544,0.0639568186462851,0.01484110554076648,0.06364443378612424,0.0,0.029487116720188552,1.0000000000000009,0.9254615987401396,0.012526751516004797,0.0750267515160048,False,False,False,False,False,True,False,True,True,True
qftentangled_4_Mutant_Add_s_P8_Q2_[].qasm,PureState_13,0.0151555305826076,0.08866827940647967,0.015154245083001519,0.07948084983825646,0.0,0.027972230501451305,1.0000000000000018,0.9237907328058905,0.018535804703363135,0.044452476546636865,False,False,False,False,False,True,False,True,True,True
qftentangled_4_Mutant_Add_s_P8_Q2_[].qasm,Quratest_13,0.013169222820622328,0.057155318439205835,0.01316857856513879,0.05606371550111127,0.0,0.019935527168208938,0.9999999999999998,0.9265833827698426,0.009280795718445534,0.026858920718445534,False,False,False,False,False,True,False,True,False,True
qftentangled_4_Mutant_Add_s_P8_Q2_[].qasm,PureState_14,0.01409354761211194,0.08635083460329579,0.014089367687020921,0.07829099821273236,0.0,0.02756401025374312,1.0000000000000013,0.9252763062853631,0.00877017970336319,0.01222591404663681,False,False,False,False,False,True,False,True,False,False
qftentangled_4_Mutant_Add_s_P8_Q2_[].qasm,Quratest_14,0.016038686068025516,0.08920237055175138,0.016024695867034776,0.08148869876229148,0.0,0.02390476247433926,1.0000000000000018,0.9197334778099053,0.015904880317119674,0.019251369682880326,False,False,False,False,False,True,False,True,True,True
qftentangled_4_Mutant_Add_s_P8_Q2_[].qasm,PureState_15,0.015572674207653948,0.09250912923848213,0.015570021036280007,0.08371065660162574,0.0,0.027564005520138206,1.0,0.9255884033990329,0.008770179703363135,0.012225914046636865,False,False,False,False,False,True,False,True,False,False
qftentangled_4_Mutant_Add_s_P8_Q2_[].qasm,Quratest_15,0.012736234543321285,0.06449216467488428,0.012735109790228323,0.06238456676795518,0.0,0.017931186178783684,0.9999999999999989,0.9204537837034732,0.0011508016318695358,0.054861739131869536,False,False,False,False,False,True,False,True,False,True
qftentangled_4_Mutant_Add_ry_P3_Q1_[6.283185307179586].qasm,PureState_0,0.01196793441804942,0.09470087556985063,0.011967142429478776,0.08472173353740876,5.160802341031001e-17,0.028150308865188923,1.0000000000000018,0.9235601137296459,0.0063665390466369765,0.060077476546636976,False,False,False,False,False,True,False,True,False,True
qftentangled_4_Mutant_Add_ry_P3_Q1_[6.283185307179586].qasm,Quratest_0,0.015281218912329286,0.047624991411644994,0.0152799009558527,0.047354867419874616,1.201296007113939e-16,0.024582401948836433,1.0000000000000027,0.9240772537990573,0.0034975883953862197,0.01277493214538622,False,False,False,False,False,True,False,True,False,False
qftentangled_4_Mutant_Add_ry_P3_Q1_[6.283185307179586].qasm,PureState_1,0.011720547228892582,0.08054852624163443,0.011718267469700115,0.07394293750401916,5.334274688628682e-17,0.027689872498840654,1.0000000000000009,0.926612835163237,0.0005071640466370042,0.007343101546637004,False,False,False,False,False,True,False,True,False,False
qftentangled_4_Mutant_Add_ry_P3_Q1_[6.283185307179586].qasm,Quratest_1,0.01576036660937847,0.07375551244988045,0.015264550592832025,0.06554661057937958,1.228096129565065e-16,0.019455258216644115,0.9999999999999976,0.9240022906201061,0.009197594047319846,0.009685875297319846,False,False,False,False,False,True,False,True,False,False
qftentangled_4_Mutant_Add_ry_P3_Q1_[6.283185307179586].qasm,PureState_2,0.011110294487209543,0.09011692046623879,0.01110893134385059,0.08170204137547483,4.813857645835641e-17,0.027988012189856342,1.0,0.9241160614190823,0.012714195296636976,0.06447200779663698,False,False,False,False,False,True,False,True,True,True
qftentangled_4_Mutant_Add_ry_P3_Q1_[6.283185307179586].qasm,Quratest_2,0.010729953739812373,0.04133879847910304,0.010729103332610216,0.041268319029272776,6.461844948013606e-17,0.01806578959950729,0.9999999999999984,0.930889402197578,0.021103822969511528,0.022568666719511528,False,False,False,False,False,True,False,True,True,True
qftentangled_4_Mutant_Add_ry_P3_Q1_[6.283185307179586].qasm,PureState_3,0.01383853488270644,0.09230773376843934,0.01383266612790388,0.08439643726857521,9.410874857174178e-17,0.028150304152633206,1.0000000000000004,0.9238107763437551,0.0063665390466369765,0.060077476546636976,False,False,False,False,False,True,False,True,False,True
qftentangled_4_Mutant_Add_ry_P3_Q1_[6.283185307179586].qasm,Quratest_3,0.01617945618902954,0.038528240021748116,0.01617850274860063,0.038351833981984426,1.3444106938820255e-16,0.02037073441978127,1.0000000000000018,0.9255395696487799,0.0011901369924431637,0.015350293242443164,False,False,False,False,False,True,False,True,False,True
qftentangled_4_Mutant_Add_ry_P3_Q1_[6.283185307179586].qasm,PureState_4,0.014316027679076805,0.09621297814936741,0.014314851959244666,0.0880317191467905,7.41594285980085e-17,0.02798800747730036,1.0,0.923809176316564,0.012714195296636865,0.06447200779663687,False,False,False,False,False,True,False,True,True,True
qftentangled_4_Mutant_Add_ry_P3_Q1_[6.283185307179586].qasm,Quratest_4,0.013855586043565592,0.05773518849640096,0.013852894670440234,0.057329518019886165,1.0299920638612292e-16,0.02632873571206688,1.0000000000000004,0.924331556323757,0.01316392693676044,0.0029100206867604395,False,False,False,False,False,True,False,True,True,False
qftentangled_4_Mutant_Add_ry_P3_Q1_[6.283185307179586].qasm,PureState_5,0.016740932889015018,0.08495772882432308,0.016739268179965815,0.07691793408192457,6.071532165918825e-17,0.02744971521947769,1.0,0.9268680229762958,0.010723304703363079,0.015606117203363079,False,False,False,False,False,True,False,True,False,True
qftentangled_4_Mutant_Add_ry_P3_Q1_[6.283185307179586].qasm,Quratest_5,0.011866714179501263,0.06537393658324295,0.011865950771230828,0.06400090706838124,1.1872013788716274e-16,0.023922973081435258,1.0000000000000004,0.9257387300891375,0.010892453034265781,0.015286984284265781,False,False,False,False,False,True,False,True,False,True
qftentangled_4_Mutant_Add_ry_P3_Q1_[6.283185307179586].qasm,PureState_6,0.012325555055606481,0.08793801830538431,0.012325069277524286,0.07885852412386643,6.071532165918825e-17,0.02822054779901397,0.9999999999999998,0.9233979762167959,0.012188148453363079,0.05470638279663692,False,False,False,False,False,True,False,True,True,True
qftentangled_4_Mutant_Add_ry_P3_Q1_[6.283185307179586].qasm,Quratest_6,0.014186763663044848,0.1216197736691093,0.014055398295403757,0.11218328739375401,1.4457835970094202e-16,0.04596510128128026,0.9999999999999991,0.9171775505068271,0.007661071652558249,0.02279779040255825,False,True,False,True,False,True,False,True,False,True
qftentangled_4_Mutant_Add_ry_P3_Q1_[6.283185307179586].qasm,PureState_7,0.015021539086415809,0.08319622320530513,0.015011113512967784,0.0755605288511271,6.895525817007808e-17,0.027930706445319118,1.0000000000000004,0.9247873580490943,0.0033990859533631346,0.015643882796636865,False,False,False,False,False,True,False,True,False,True
qftentangled_4_Mutant_Add_ry_P3_Q1_[6.283185307179586].qasm,Quratest_7,0.015065334145648148,0.07138665914770939,0.015060810894325708,0.07059298593369241,1.0408340855860843e-16,0.026759032505284108,0.9999999999999998,0.9191121778018562,0.01177994167438818,0.02008072292438818,False,False,False,False,False,True,False,True,True,True
qftentangled_4_Mutant_Add_ry_P3_Q1_[6.283185307179586].qasm,PureState_8,0.014283711585705159,0.08111708372396141,0.014279697940518655,0.0735376731446354,5.551115123125783e-17,0.02768987245815624,1.0000000000000018,0.9262579410863215,0.0005071640466369487,0.007343101546636949,False,False,False,False,False,True,False,True,False,False
qftentangled_4_Mutant_Add_ry_P3_Q1_[6.283185307179586].qasm,Quratest_8,0.008281948942275108,0.07824323012313325,0.00828176249152758,0.06761488192266892,1.0928757898653914e-16,0.021043934028557643,0.9999999999999993,0.9238752456897205,0.003347015194060457,0.012624358944060457,False,False,False,False,False,True,False,True,False,False
qftentangled_4_Mutant_Add_ry_P3_Q1_[6.283185307179586].qasm,PureState_9,0.012096786939742456,0.0979579837045716,0.012095784124142198,0.08832291134740425,4.466912950640278e-17,0.028137180938761056,1.0000000000000013,0.9236423274236216,0.018535804703363024,0.043964195296636976,False,False,False,False,False,True,False,True,True,True
qftentangled_4_Mutant_Add_ry_P3_Q1_[6.283185307179586].qasm,Quratest_9,0.016020338700114177,0.061272145609965675,0.016017639417675138,0.06092548674226816,8.066464163292153e-17,0.02591579182581001,0.9999999999999993,0.9173612853390333,0.019694848206973342,0.005534691956973342,False,False,False,False,False,True,False,True,True,False
qftentangled_4_Mutant_Add_ry_P3_Q1_[6.283185307179586].qasm,PureState_10,0.012105121535918393,0.08593698975951815,0.012103759545907457,0.07933830079476792,1.0842021724855044e-16,0.027930706482421915,1.0000000000000013,0.9245070941917136,0.00339908595336319,0.01564388279663681,False,False,False,False,False,True,False,True,False,True
qftentangled_4_Mutant_Add_ry_P3_Q1_[6.283185307179586].qasm,Quratest_10,0.017068614771714247,0.10820852798977129,0.01706577685006165,0.10395041099053796,5.767955557622884e-17,0.03339518479256709,1.0,0.9264962209463975,0.01928100361557039,0.08715209736557039,False,True,False,True,False,True,False,True,True,True
qftentangled_4_Mutant_Add_ry_P3_Q1_[6.283185307179586].qasm,PureState_11,0.009702444399128558,0.08891379148487208,0.009699760455253956,0.07980147705300217,4.9439619065339e-17,0.028220547753760553,1.0000000000000009,0.9230942562844086,0.012188148453363135,0.054706382796636865,False,False,False,False,False,True,False,True,True,True
qftentangled_4_Mutant_Add_ry_P3_Q1_[6.283185307179586].qasm,Quratest_11,0.013462677788499997,0.05488416890709876,0.013460575113960852,0.05464166881055786,9.280770596475918e-17,0.024657078641235654,1.0000000000000004,0.919497515609765,0.009804408196729897,0.014198939446729897,False,False,False,False,False,True,False,True,False,False
qftentangled_4_Mutant_Add_ry_P3_Q1_[6.283185307179586].qasm,PureState_12,0.013336429854152995,0.08979738041632156,0.013334599304191461,0.08170347094614608,6.938893903907228e-17,0.02744971526016201,1.0000000000000004,0.9266740070202046,0.010723304703363107,0.015606117203363107,False,False,False,False,False,True,False,True,False,True
qftentangled_4_Mutant_Add_ry_P3_Q1_[6.283185307179586].qasm,Quratest_12,0.015106689158217715,0.06341010600489853,0.015105240807453214,0.06305676368781758,3.924811864397526e-17,0.02960576258258709,1.0,0.9251418569681278,0.012526751516004797,0.0740501890160048,False,False,False,False,False,True,False,True,True,True
qftentangled_4_Mutant_Add_ry_P3_Q1_[6.283185307179586].qasm,PureState_13,0.012462294594822771,0.09079563284208027,0.012460651692280568,0.08158599412286285,6.591949208711867e-17,0.02813718098401454,1.0000000000000018,0.9233761755154122,0.018535804703363135,0.043964195296636865,False,False,False,False,False,True,False,True,True,True
qftentangled_4_Mutant_Add_ry_P3_Q1_[6.283185307179586].qasm,Quratest_13,0.010068956725499666,0.06273449190108076,0.010060219103468665,0.06135034588057913,9.370217275705972e-17,0.020061846747074084,0.9999999999999991,0.9262997556984571,0.009280795718445534,0.027347201968445534,False,False,False,False,False,True,False,True,False,True
qftentangled_4_Mutant_Add_ry_P3_Q1_[6.283185307179586].qasm,PureState_14,0.013729623631242964,0.08935561782309141,0.013728853050537178,0.08056817959103547,5.941427905220564e-17,0.027745022451485753,1.0,0.9248605705443305,0.00877017970336319,0.01222591404663681,False,False,False,False,False,True,False,True,False,False
qftentangled_4_Mutant_Add_ry_P3_Q1_[6.283185307179586].qasm,Quratest_14,0.013537045403658599,0.08465106241601647,0.013514128693138188,0.07830574153857055,1.4628597812260669e-16,0.02397713597572357,1.0000000000000004,0.9193219124946872,0.015904880317119674,0.019739650932880326,False,False,False,False,False,True,False,True,True,True
qftentangled_4_Mutant_Add_ry_P3_Q1_[6.283185307179586].qasm,PureState_15,0.014490823685479574,0.08434617076594905,0.014490042229153085,0.07713003606131091,7.979727989493313e-17,0.027745017720741866,1.0000000000000004,0.9251725522460308,0.008770179703363135,0.012225914046636865,False,False,False,False,False,True,False,True,False,False
qftentangled_4_Mutant_Add_ry_P3_Q1_[6.283185307179586].qasm,Quratest_15,0.011096626684545122,0.07449716398552038,0.011096362140085615,0.07120855978063932,1.1083256708233069e-16,0.018085242444334404,0.9999999999999993,0.9201747861932791,0.0011508016318695358,0.053885176631869536,False,False,False,False,False,True,False,True,False,True
qftentangled_4_Mutant_Add_p_P15_Q1_[0.0].qasm,PureState_0,0.015514663265721073,0.09435321741203995,0.015506890181690963,0.08515843371318621,0.0,0.027969620987376445,1.0,0.9239744557537741,0.0063665390466369765,0.059589195296636976,False,False,False,False,False,True,False,True,False,True
qftentangled_4_Mutant_Add_p_P15_Q1_[0.0].qasm,Quratest_0,0.016165778582260284,0.04893563769440489,0.016162720476904903,0.04865033997496022,0.0,0.024451961125694532,1.0000000000000009,0.924502734942968,0.0034975883953862197,0.01131008839538622,False,False,False,False,False,True,False,True,False,False
qftentangled_4_Mutant_Add_p_P15_Q1_[0.0].qasm,PureState_1,0.011727508271912213,0.08299621465688355,0.011727108673403612,0.07561753346757137,0.0,0.02751655920855519,1.0,0.927028931520237,0.0005071640466370042,0.007343101546637004,False,False,False,False,False,True,False,True,False,False
qftentangled_4_Mutant_Add_p_P15_Q1_[0.0].qasm,Quratest_1,0.014959686998404945,0.07004020516840832,0.014435726136383227,0.06234249732447665,0.0,0.01936072086674345,0.9999999999999976,0.9243147105251198,0.009197594047319846,0.009685875297319846,False,False,False,False,False,True,False,True,False,False
qftentangled_4_Mutant_Add_p_P15_Q1_[0.0].qasm,PureState_2,0.016691662418376843,0.09263241079142388,0.016690520938487333,0.08340700915637404,0.0,0.02782284387666249,1.0000000000000009,0.9245308880737557,0.012714195296636976,0.06398372654663698,False,False,False,False,False,True,False,True,True,True
qftentangled_4_Mutant_Add_p_P15_Q1_[0.0].qasm,Quratest_2,0.00992797704206743,0.027597147433006772,0.009927770553686495,0.027565128456939668,0.0,0.017890462066965575,0.9999999999999982,0.931228190626364,0.021103822969511528,0.022568666719511528,False,False,False,False,False,True,False,True,True,True
qftentangled_4_Mutant_Add_p_P15_Q1_[0.0].qasm,PureState_3,0.012091938814635819,0.0892053490434466,0.012091509011060354,0.08111280498940084,0.0,0.027969616271970456,1.0,0.9242252620160885,0.0063665390466369765,0.059589195296636976,False,False,False,False,False,True,False,True,False,True
qftentangled_4_Mutant_Add_p_P15_Q1_[0.0].qasm,Quratest_3,0.007090273703528723,0.044604279425720456,0.007090158675835818,0.04437120172465604,0.0,0.020199213967866163,1.0000000000000004,0.9259599428224632,0.0011901369924431637,0.014862011992443164,False,False,False,False,False,True,False,True,False,False
qftentangled_4_Mutant_Add_p_P15_Q1_[0.0].qasm,PureState_4,0.010356178292992993,0.0961972261981109,0.010354374956628281,0.08712592466836919,0.0,0.027822839161256482,1.0000000000000004,0.9242238402342675,0.012714195296636865,0.06398372654663687,False,False,False,False,False,True,False,True,True,True
qftentangled_4_Mutant_Add_p_P15_Q1_[0.0].qasm,Quratest_4,0.013614093332759859,0.051609665416844176,0.013611386997940381,0.05113864776492967,0.0,0.026128940123967506,1.0000000000000022,0.9247442236060844,0.01316392693676044,0.0024217394367604395,False,False,False,False,False,True,False,True,True,False
qftentangled_4_Mutant_Add_p_P15_Q1_[0.0].qasm,PureState_5,0.010031866720078253,0.08789489044765553,0.010029788471127765,0.07970953404434852,0.0,0.027276274260927345,1.0,0.9272843522137868,0.010723304703363079,0.015606117203363079,False,False,False,False,False,True,False,True,False,True
qftentangled_4_Mutant_Add_p_P15_Q1_[0.0].qasm,Quratest_5,0.014839077583063565,0.06697846556383204,0.014838045225047674,0.06546766451179395,0.0,0.023808200808961528,0.9999999999999989,0.9260896074827926,0.010892453034265781,0.01577526553426578,False,False,False,False,False,True,False,True,False,True
qftentangled_4_Mutant_Add_p_P15_Q1_[0.0].qasm,PureState_6,0.015043853080105868,0.10005639376119962,0.015033926120462168,0.09086756652882623,0.0,0.028039774673264028,0.9999999999999998,0.923812456876146,0.012188148453363079,0.05519466404663692,False,True,False,False,False,True,False,True,True,True
qftentangled_4_Mutant_Add_p_P15_Q1_[0.0].qasm,Quratest_6,0.01261395006005013,0.12255879820725876,0.012587359429234314,0.11319794247274192,0.0,0.04581244857128086,0.9999999999999982,0.917588863792964,0.007661071652558249,0.02230950915255825,False,True,False,True,False,True,False,True,False,True
qftentangled_4_Mutant_Add_p_P15_Q1_[0.0].qasm,PureState_7,0.010151200250047008,0.09285515524937667,0.010151032654944724,0.08472764620707177,0.0,0.02775754421653774,0.9999999999999998,0.9252029411621985,0.0033990859533631346,0.015643882796636865,False,False,False,False,False,True,False,True,False,True
qftentangled_4_Mutant_Add_p_P15_Q1_[0.0].qasm,Quratest_7,0.012177667044900146,0.07354567286954437,0.012176409811789704,0.07251983879175941,0.0,0.026596976233525166,0.9999999999999987,0.9194606496151514,0.01177994167438818,0.01861587917438818,False,False,False,False,False,True,False,True,True,True
qftentangled_4_Mutant_Add_p_P15_Q1_[0.0].qasm,PureState_8,0.010619465660976626,0.07889353225322503,0.010619064409108186,0.07174817587113362,0.0,0.027516559167846132,1.0000000000000022,0.9266738594325377,0.0005071640466369487,0.007343101546636949,False,False,False,False,False,True,False,True,False,False
qftentangled_4_Mutant_Add_p_P15_Q1_[0.0].qasm,Quratest_8,0.019129681114272018,0.07795941777745839,0.01912558279577336,0.06705826773064731,0.0,0.02090005699206873,1.0000000000000009,0.9242800393312239,0.003347015194060457,0.012624358944060457,False,False,False,False,False,True,False,True,False,False
qftentangled_4_Mutant_Add_p_P15_Q1_[0.0].qasm,PureState_9,0.016214577574367884,0.08501748733286399,0.016210690488780315,0.07771247027865617,0.0,0.027972230456170526,1.0000000000000004,0.924056980259637,0.018535804703363024,0.044452476546636976,False,False,False,False,False,True,False,True,True,True
qftentangled_4_Mutant_Add_p_P15_Q1_[0.0].qasm,Quratest_9,0.013798641510395409,0.054246446854278846,0.013798087877308041,0.053956165808816715,0.0,0.0257940579897888,0.9999999999999996,0.9177552615222504,0.019694848206973342,0.006511254456973342,False,False,False,False,False,True,False,True,True,False
qftentangled_4_Mutant_Add_p_P15_Q1_[0.0].qasm,PureState_10,0.021957270777027183,0.0888018498791984,0.021952394406473567,0.08107467064220723,0.0,0.02775754425366271,1.0000000000000004,0.924922575937677,0.00339908595336319,0.01564388279663681,False,False,False,False,False,True,False,True,False,True
qftentangled_4_Mutant_Add_p_P15_Q1_[0.0].qasm,Quratest_10,0.013054999025671022,0.10980071754283204,0.013051299647021881,0.10497911137365759,0.0,0.03320784470779088,1.0,0.9268180040401688,0.01928100361557039,0.08666381611557039,False,True,False,True,False,True,False,True,True,True
qftentangled_4_Mutant_Add_p_P15_Q1_[0.0].qasm,PureState_11,0.015509606909509976,0.09463621738550636,0.015505721205753654,0.08496301304857444,0.0,0.02803977462798294,1.0000000000000018,0.9235086262684478,0.012188148453363135,0.055194664046636865,False,False,False,False,False,True,False,True,True,True
qftentangled_4_Mutant_Add_p_P15_Q1_[0.0].qasm,Quratest_11,0.01333485127313789,0.05101316724067694,0.013332609389440017,0.05078390519515517,0.0,0.02452188942998465,1.0000000000000013,0.9199082187263822,0.009804408196729897,0.013222376946729897,False,False,False,False,False,True,False,True,False,False
qftentangled_4_Mutant_Add_p_P15_Q1_[0.0].qasm,PureState_12,0.013894945793283538,0.08455465991099417,0.013884461512783466,0.07671429069883919,0.0,0.02727627430163624,1.0000000000000004,0.9270902071600756,0.010723304703363107,0.015606117203363107,False,False,False,False,False,True,False,True,False,True
qftentangled_4_Mutant_Add_p_P15_Q1_[0.0].qasm,Quratest_12,0.017524647260573595,0.06620167345623724,0.01752115573167272,0.06570175192200069,0.0,0.029487116720188562,1.0000000000000009,0.9254615987401391,0.012526751516004797,0.0750267515160048,False,False,False,False,False,True,False,True,True,True
qftentangled_4_Mutant_Add_p_P15_Q1_[0.0].qasm,PureState_13,0.010895554916812251,0.09455403853538256,0.010895231971554818,0.0852319677893702,0.0,0.027972230501451267,1.0000000000000018,0.9237907328058907,0.018535804703363135,0.044452476546636865,False,False,False,False,False,True,False,True,True,True
qftentangled_4_Mutant_Add_p_P15_Q1_[0.0].qasm,Quratest_13,0.013188125987950711,0.05156203726968119,0.01311847158575871,0.050646195375494904,0.0,0.019935527168208927,0.9999999999999998,0.9265833827698422,0.009280795718445534,0.026858920718445534,False,False,False,False,False,True,False,True,False,True
qftentangled_4_Mutant_Add_p_P15_Q1_[0.0].qasm,PureState_14,0.012610257845754804,0.0884010238682055,0.012609547265236916,0.08034726811545968,0.0,0.027564010253743144,1.0000000000000013,0.9252763062853633,0.00877017970336319,0.01222591404663681,False,False,False,False,False,True,False,True,False,False
qftentangled_4_Mutant_Add_p_P15_Q1_[0.0].qasm,Quratest_14,0.014504982550958022,0.09111436078192099,0.014484190346751446,0.08382278762957243,0.0,0.02390476247433925,1.0000000000000018,0.9197334778099056,0.015904880317119674,0.019251369682880326,False,False,False,False,False,True,False,True,True,True
qftentangled_4_Mutant_Add_p_P15_Q1_[0.0].qasm,PureState_15,0.007119644993123415,0.08331298690830377,0.0071194194133007245,0.07435793075973836,0.0,0.02756400552013823,1.0,0.9255884033990325,0.008770179703363135,0.012225914046636865,False,False,False,False,False,True,False,True,False,False
qftentangled_4_Mutant_Add_p_P15_Q1_[0.0].qasm,Quratest_15,0.011551609235290394,0.07237146582907374,0.01154520749836451,0.069430657910445,0.0,0.017931186178783722,0.9999999999999989,0.9204537837034739,0.0011508016318695358,0.054861739131869536,False,False,False,False,False,True,False,True,False,True
qftentangled_4_Mutant_Add_x_P0_Q3_[].qasm,PureState_0,0.00957291482540826,0.09583028017710085,0.009572640410675523,0.08727271923383119,0.0,0.028232772057224676,1.0,0.9235567880304695,0.0063665390466369765,0.060565757796636976,False,False,False,False,False,True,False,True,False,True
qftentangled_4_Mutant_Add_x_P0_Q3_[].qasm,Quratest_0,0.012102634014510909,0.05094873158171932,0.012101905829800504,0.05066287699029972,0.0,0.024657335574668357,1.0000000000000009,0.9240577075907462,0.0034975883953862197,0.01277493214538622,False,False,False,False,False,True,False,True,False,False
qftentangled_4_Mutant_Add_x_P0_Q3_[].qasm,PureState_1,0.011583804605859846,0.08248550837208615,0.011581750102880775,0.07567555153432809,0.0,0.027780394035120802,1.0,0.926610137250522,0.0005071640466370042,0.006854820296637004,False,False,False,False,False,True,False,True,False,False
qftentangled_4_Mutant_Add_x_P0_Q3_[].qasm,Quratest_1,0.012777964338248396,0.06916044554439238,0.012777531062114185,0.06159966089353357,0.0,0.0195919965289209,0.9999999999999976,0.9238949004982718,0.009197594047319846,0.009685875297319846,False,False,False,False,False,True,False,True,False,False
qftentangled_4_Mutant_Add_x_P0_Q3_[].qasm,PureState_2,0.016548620080435474,0.08799419122966066,0.016543169532221878,0.08092400973922546,0.0,0.0280861159894415,1.0000000000000009,0.9241129135515604,0.012714195296636976,0.06447200779663698,False,False,False,False,False,True,False,True,True,True
qftentangled_4_Mutant_Add_x_P0_Q3_[].qasm,Quratest_2,0.015995075174289327,0.03142438932764611,0.015993170655363046,0.03140243368906381,0.0,0.01811769142114973,0.9999999999999982,0.9305846384919401,0.021103822969511528,0.022568666719511528,False,False,False,False,False,True,False,True,True,True
qftentangled_4_Mutant_Add_x_P0_Q3_[].qasm,PureState_3,0.011873101950691974,0.09147100060685757,0.011872798689480399,0.08272479841619342,0.0,0.028232767341818683,1.0,0.9238074708500805,0.0063665390466369765,0.060565757796636976,False,False,False,False,False,True,False,True,False,True
qftentangled_4_Mutant_Add_x_P0_Q3_[].qasm,Quratest_3,0.014508384486382203,0.046889815119322775,0.014506792586867875,0.046518624123526586,0.0,0.02027423858588992,1.0000000000000004,0.9254988191510258,0.0011901369924431637,0.013885449492443164,False,False,False,False,False,True,False,True,False,False
qftentangled_4_Mutant_Add_x_P0_Q3_[].qasm,PureState_4,0.01061165987216323,0.09957492986191728,0.010610753169276482,0.09011313868021185,0.0,0.028086111274035555,1.0000000000000004,0.923805996957911,0.012714195296636865,0.06447200779663687,False,False,False,False,False,True,False,True,True,True
qftentangled_4_Mutant_Add_x_P0_Q3_[].qasm,Quratest_4,0.014102250561787563,0.05927856536845045,0.014094654454569897,0.05842581274553344,0.0,0.02622957069943908,1.0000000000000022,0.9242732846877959,0.01316392693676044,0.0024217394367604395,False,False,False,False,False,True,False,True,True,False
qftentangled_4_Mutant_Add_x_P0_Q3_[].qasm,PureState_5,0.014878911043200512,0.0849597457483599,0.014877040809601907,0.07685557269631633,0.0,0.027540230444934772,1.0,0.9268653463089412,0.010723304703363079,0.015117835953363079,False,False,False,False,False,True,False,True,False,True
qftentangled_4_Mutant_Add_x_P0_Q3_[].qasm,Quratest_5,0.014058422007877115,0.06220378145554069,0.014055048798254208,0.061130817273292365,0.0,0.024041212715319765,0.9999999999999989,0.9256424086431456,0.010892453034265781,0.01577526553426578,False,False,False,False,False,True,False,True,False,True
qftentangled_4_Mutant_Add_x_P0_Q3_[].qasm,PureState_6,0.01454558319348084,0.10237928890091193,0.014544125040651161,0.09226439386097865,0.0,0.028302824850732395,0.9999999999999998,0.9233949095766752,0.012188148453363079,0.05519466404663692,False,True,False,False,False,True,False,True,True,True
qftentangled_4_Mutant_Add_x_P0_Q3_[].qasm,Quratest_6,0.016965575589591254,0.11749072599742492,0.016963762900886414,0.10915101844450316,0.0,0.046086908120127126,0.9999999999999982,0.9171425916399594,0.007661071652558249,0.02279779040255825,False,True,False,True,False,True,False,True,False,True
qftentangled_4_Mutant_Add_x_P0_Q3_[].qasm,PureState_7,0.014579116972174084,0.08454198793131464,0.014577487534012648,0.07632007987386392,0.0,0.028021152011142934,0.9999999999999998,0.9247843591394949,0.0033990859533631346,0.015643882796636865,False,False,False,False,False,True,False,True,False,True
qftentangled_4_Mutant_Add_x_P0_Q3_[].qasm,Quratest_7,0.01447169259742175,0.07808523131676101,0.014468355760237313,0.07700445954247316,0.0,0.026776335904678802,0.9999999999999987,0.9189996903356932,0.01177994167438818,0.01861587917438818,False,False,False,False,False,True,False,True,True,True
qftentangled_4_Mutant_Add_x_P0_Q3_[].qasm,PureState_8,0.014208254926528616,0.08310801149329951,0.014207621944298268,0.07598918947508183,0.0,0.027780393994411783,1.0000000000000022,0.9262551922737345,0.0005071640466369487,0.006854820296636949,False,False,False,False,False,True,False,True,False,False
qftentangled_4_Mutant_Add_x_P0_Q3_[].qasm,Quratest_8,0.01822208499295145,0.07212804440857808,0.018218667677597455,0.06243009554994784,0.0,0.021146447401767292,1.0000000000000009,0.9238611700260757,0.003347015194060457,0.012624358944060457,False,False,False,False,False,True,False,True,False,False
qftentangled_4_Mutant_Add_x_P0_Q3_[].qasm,PureState_9,0.01698935409909218,0.09399400604364483,0.016987424659544708,0.08459296084413331,0.0,0.028235401630161815,1.0000000000000004,0.9236392483935046,0.018535804703363024,0.044452476546636976,False,False,False,False,False,True,False,True,True,True
qftentangled_4_Mutant_Add_x_P0_Q3_[].qasm,Quratest_9,0.011586437671478532,0.05529286196681678,0.0115855749808743,0.054971651647400394,0.0,0.02598218551936139,0.9999999999999996,0.9172603125338904,0.019694848206973342,0.006022973206973342,False,False,False,False,False,True,False,True,True,False
qftentangled_4_Mutant_Add_x_P0_Q3_[].qasm,PureState_10,0.011649615778014466,0.08533386103313365,0.011649111375212297,0.07730077226504638,0.0,0.02802115204826794,1.0000000000000004,0.9245041225955815,0.00339908595336319,0.01564388279663681,False,False,False,False,False,True,False,True,False,True
qftentangled_4_Mutant_Add_x_P0_Q3_[].qasm,Quratest_10,0.014624492010056105,0.09822839034513238,0.014620029187539145,0.09436120499205036,0.0,0.03331753547937755,1.0,0.9263639158337049,0.01928100361557039,0.08764037861557039,False,False,False,False,False,True,False,True,True,True
qftentangled_4_Mutant_Add_x_P0_Q3_[].qasm,PureState_11,0.016660718670645645,0.09804165467448309,0.01665399096443658,0.08883025843920311,0.0,0.02830282480545135,1.0000000000000018,0.9230912154363928,0.012188148453363135,0.055194664046636865,False,False,False,False,False,True,False,True,True,True
qftentangled_4_Mutant_Add_x_P0_Q3_[].qasm,Quratest_11,0.014635735761468012,0.05294574824387542,0.014634885243366707,0.05267828684696893,0.0,0.02461774980168454,1.0000000000000013,0.9194433793420747,0.009804408196729897,0.013710658196729897,False,False,False,False,False,True,False,True,False,False
qftentangled_4_Mutant_Add_x_P0_Q3_[].qasm,PureState_12,0.01222852634229625,0.08191994156884498,0.01222789658984015,0.07469699079776913,0.0,0.0275402304856438,1.0000000000000004,0.926671325740101,0.010723304703363107,0.015117835953363107,False,False,False,False,False,True,False,True,False,True
qftentangled_4_Mutant_Add_x_P0_Q3_[].qasm,Quratest_12,0.011840818804170745,0.06483986409395963,0.011839538360387569,0.06449837590367405,0.0,0.029632267136469055,1.0000000000000009,0.9250092791309616,0.012526751516004797,0.0740501890160048,False,False,False,False,False,True,False,True,True,True
qftentangled_4_Mutant_Add_x_P0_Q3_[].qasm,PureState_13,0.012477554128640378,0.09203462255081751,0.012477177731620775,0.08403067496279412,0.0,0.02823540167544273,1.0000000000000018,0.923373125828266,0.018535804703363135,0.044452476546636865,False,False,False,False,False,True,False,True,True,True
qftentangled_4_Mutant_Add_x_P0_Q3_[].qasm,Quratest_13,0.01377648609927964,0.053877411186578635,0.013775774837907245,0.05276319844073081,0.0,0.019941776696439366,0.9999999999999998,0.9261100760979443,0.009280795718445534,0.026370639468445534,False,False,False,False,False,True,False,True,False,True
qftentangled_4_Mutant_Add_x_P0_Q3_[].qasm,PureState_14,0.014053815980933606,0.086297686937088,0.014043357919693402,0.077482521959726,0.0,0.027827522459652355,1.0000000000000013,0.9248576733588665,0.00877017970336319,0.01222591404663681,False,False,False,False,False,True,False,True,False,False
qftentangled_4_Mutant_Add_x_P0_Q3_[].qasm,Quratest_14,0.015446844207741244,0.08857676982164558,0.015438829493202102,0.08131038002784415,0.0,0.024267605206461658,1.0000000000000018,0.9193083284620008,0.015904880317119674,0.019739650932880326,False,False,False,False,False,True,False,True,True,True
qftentangled_4_Mutant_Add_x_P0_Q3_[].qasm,PureState_15,0.00678995227019455,0.08852227952327237,0.006789834518037635,0.08023979555029712,0.0,0.02782751772604741,1.0,0.9251696281223684,0.008770179703363135,0.012225914046636865,False,False,False,False,False,True,False,True,False,False
qftentangled_4_Mutant_Add_x_P0_Q3_[].qasm,Quratest_15,0.010765933018717196,0.06837086773439172,0.010765202559899253,0.06565897264980182,0.0,0.018027910169846676,0.9999999999999989,0.9197781372521624,0.0011508016318695358,0.054861739131869536,False,False,False,False,False,True,False,True,False,True
qftentangled_4_Mutant_Add_rz_P4_Q3_[6.283185307179586].qasm,PureState_0,0.011916924018192018,0.09675227284031074,0.011916167534957509,0.0871521796331246,2.905661822261152e-17,0.02796962098737628,1.0000000000000013,0.9239744557537739,0.0063665390466369765,0.059589195296636976,False,False,False,False,False,True,False,True,False,True
qftentangled_4_Mutant_Add_rz_P4_Q3_[6.283185307179586].qasm,Quratest_0,0.013485508420435287,0.05450875371806834,0.013483927543557749,0.05418786353949241,6.852157730108388e-17,0.0244519611256946,1.0000000000000013,0.9245027349429682,0.0034975883953862197,0.01131008839538622,False,False,False,False,False,True,False,True,False,False
qftentangled_4_Mutant_Add_rz_P4_Q3_[6.283185307179586].qasm,PureState_1,0.016528979971182207,0.07815173500652758,0.016525992246294613,0.07071461190971463,6.765421556309548e-17,0.02751655920855524,1.0,0.9270289315202364,0.0005071640466370042,0.007343101546637004,False,False,False,False,False,True,False,True,False,False
qftentangled_4_Mutant_Add_rz_P4_Q3_[6.283185307179586].qasm,Quratest_1,0.01582451817486637,0.06628097084407489,0.01533071316569013,0.059238670598624116,7.192326161725715e-17,0.019360720866743425,0.9999999999999987,0.92431471052512,0.009197594047319846,0.009685875297319846,False,False,False,False,False,True,False,True,False,False
qftentangled_4_Mutant_Add_rz_P4_Q3_[6.283185307179586].qasm,PureState_2,0.010799038878293588,0.09371217775571614,0.010798571048248128,0.08574007985594857,1.0538445116559103e-16,0.027822843876662447,1.0000000000000004,0.9245308880737558,0.012714195296636976,0.06398372654663698,False,False,False,False,False,True,False,True,True,True
qftentangled_4_Mutant_Add_rz_P4_Q3_[6.283185307179586].qasm,Quratest_2,0.015561204181989393,0.033901194393798705,0.015559003446449319,0.03385476827767125,1.2533377113932431e-16,0.01789046206696552,0.9999999999999989,0.9312281906263649,0.021103822969511528,0.022568666719511528,False,False,False,False,False,True,False,True,True,True
qftentangled_4_Mutant_Add_rz_P4_Q3_[6.283185307179586].qasm,PureState_3,0.014208305954411323,0.09377436782569411,0.014198047733344368,0.08564264818222711,5.334274688628682e-17,0.027969616271970484,1.0000000000000009,0.9242252620160887,0.0063665390466369765,0.059589195296636976,False,False,False,False,False,True,False,True,False,True
qftentangled_4_Mutant_Add_rz_P4_Q3_[6.283185307179586].qasm,Quratest_3,0.01134856498674623,0.04510332115814846,0.011348025134470975,0.04485231166237291,7.37257477290143e-17,0.02019921396786624,1.0000000000000009,0.9259599428224642,0.0011901369924431637,0.014862011992443164,False,False,False,False,False,True,False,True,False,False
qftentangled_4_Mutant_Add_rz_P4_Q3_[6.283185307179586].qasm,PureState_4,0.01293705309991549,0.08976007504632533,0.012929800517264134,0.08117853264364747,1.457167719820518e-16,0.02782283916125653,1.0000000000000004,0.9242238402342671,0.012714195296636865,0.06398372654663687,False,False,False,False,False,True,False,True,True,True
qftentangled_4_Mutant_Add_rz_P4_Q3_[6.283185307179586].qasm,Quratest_4,0.017078604441264026,0.05905544076629123,0.017076087620622297,0.05850880706083256,1.3064636178450328e-16,0.02612894012396752,1.0000000000000013,0.9247442236060842,0.01316392693676044,0.0024217394367604395,False,False,False,False,False,True,False,True,True,False
qftentangled_4_Mutant_Add_rz_P4_Q3_[6.283185307179586].qasm,PureState_5,0.01331133686886176,0.08342127926461781,0.013310576583709764,0.07477547217063471,1.3617579286417936e-16,0.027276274260927408,1.0,0.9272843522137868,0.010723304703363079,0.015606117203363079,False,False,False,False,False,True,False,True,False,True
qftentangled_4_Mutant_Add_rz_P4_Q3_[6.283185307179586].qasm,Quratest_5,0.012828309366287904,0.06175161462970002,0.012825577619910072,0.06018406769705076,8.120674271916428e-17,0.0238082008089615,0.9999999999999989,0.9260896074827919,0.010892453034265781,0.01577526553426578,False,False,False,False,False,True,False,True,False,True
qftentangled_4_Mutant_Add_rz_P4_Q3_[6.283185307179586].qasm,PureState_6,0.012349701800541572,0.09736121038163685,0.01234833927848678,0.0873501115090731,5.767955557622884e-17,0.028039774673263965,1.0000000000000009,0.923812456876146,0.012188148453363079,0.05519466404663692,False,False,False,False,False,True,False,True,True,True
qftentangled_4_Mutant_Add_rz_P4_Q3_[6.283185307179586].qasm,Quratest_6,0.014295992961304658,0.12563212680952032,0.014236551643450597,0.11618074022626411,1.4551348407471076e-16,0.04581244857128081,0.9999999999999991,0.9175888637929642,0.007661071652558249,0.02230950915255825,False,True,False,True,False,True,False,True,False,True
qftentangled_4_Mutant_Add_rz_P4_Q3_[6.283185307179586].qasm,PureState_7,0.014242973942160325,0.08651381766349353,0.014237527854783128,0.0781922103278276,1.0018028073766061e-16,0.02775754421653784,1.0000000000000013,0.9252029411621993,0.0033990859533631346,0.015643882796636865,False,False,False,False,False,True,False,True,False,True
qftentangled_4_Mutant_Add_rz_P4_Q3_[6.283185307179586].qasm,Quratest_7,0.013782741632798667,0.07375673485372021,0.013781788171280967,0.07274875203608115,9.172350379227368e-17,0.026596976233525072,0.9999999999999989,0.9194606496151516,0.01177994167438818,0.01861587917438818,False,False,False,False,False,True,False,True,True,True
qftentangled_4_Mutant_Add_rz_P4_Q3_[6.283185307179586].qasm,PureState_8,0.019238343657996548,0.0806966266971236,0.019236185679313324,0.07355255439341687,2.949029909160572e-17,0.027516559167846177,1.0000000000000013,0.9266738594325377,0.0005071640466369487,0.007343101546636949,False,False,False,False,False,True,False,True,False,False
qftentangled_4_Mutant_Add_rz_P4_Q3_[6.283185307179586].qasm,Quratest_8,0.009544140753032353,0.07833990939239288,0.009543867823630986,0.06749772859209875,1.0061396160665506e-16,0.02090005699206873,1.0000000000000018,0.9242800393312244,0.003347015194060457,0.012624358944060457,False,False,False,False,False,True,False,True,False,False
qftentangled_4_Mutant_Add_rz_P4_Q3_[6.283185307179586].qasm,PureState_9,0.01566230941344135,0.09291821814025675,0.015660358826991724,0.08319221338471335,5.984795992119984e-17,0.02797223045617048,1.0,0.9240569802596377,0.018535804703363024,0.044452476546636976,False,False,False,False,False,True,False,True,True,True
qftentangled_4_Mutant_Add_rz_P4_Q3_[6.283185307179586].qasm,Quratest_9,0.015375984749986105,0.05902372304459054,0.015374862606297881,0.05868925989751615,3.2959746043559335e-17,0.025794057989788753,1.0000000000000009,0.9177552615222511,0.019694848206973342,0.006511254456973342,False,False,False,False,False,True,False,True,True,False
qftentangled_4_Mutant_Add_rz_P4_Q3_[6.283185307179586].qasm,PureState_10,0.016172149021083788,0.0898971600508526,0.016170360527252774,0.08149201476899684,1.1796119636642288e-16,0.027757544253662766,1.0000000000000004,0.9249225759376765,0.00339908595336319,0.01564388279663681,False,False,False,False,False,True,False,True,False,True
qftentangled_4_Mutant_Add_rz_P4_Q3_[6.283185307179586].qasm,Quratest_10,0.015877150341443973,0.10769964345917356,0.01435283548798989,0.1023911970693618,7.37257477290143e-17,0.03320784470779094,1.0000000000000004,0.9268180040401683,0.01928100361557039,0.08666381611557039,False,True,False,True,False,True,False,True,True,True
qftentangled_4_Mutant_Add_rz_P4_Q3_[6.283185307179586].qasm,PureState_11,0.01358648536438638,0.09106029479005588,0.013586080770947915,0.08158417632790496,8.109832250191573e-17,0.028039774627983023,1.0000000000000004,0.9235086262684471,0.012188148453363135,0.055194664046636865,False,False,False,False,False,True,False,True,True,True
qftentangled_4_Mutant_Add_rz_P4_Q3_[6.283185307179586].qasm,Quratest_11,0.0079009126596956,0.056095418492005375,0.007900747091001765,0.055788165981806456,1.0234868508263162e-16,0.02452188942998464,0.9999999999999989,0.9199082187263817,0.009804408196729897,0.013222376946729897,False,False,False,False,False,True,False,True,False,False
qftentangled_4_Mutant_Add_rz_P4_Q3_[6.283185307179586].qasm,PureState_12,0.01472943163027622,0.08150934659941984,0.01471966061824896,0.07376096514383991,9.71445146547012e-17,0.027276274301636136,1.0000000000000004,0.9270902071600756,0.010723304703363107,0.015606117203363107,False,False,False,False,False,True,False,True,False,True
qftentangled_4_Mutant_Add_rz_P4_Q3_[6.283185307179586].qasm,Quratest_12,0.01370008055625702,0.06247889187407763,0.013698741423851956,0.062092894313406526,1.227316859253591e-16,0.02948711672018862,1.0000000000000013,0.9254615987401402,0.012526751516004797,0.0750267515160048,False,False,False,False,False,True,False,True,True,True
qftentangled_4_Mutant_Add_rz_P4_Q3_[6.283185307179586].qasm,PureState_13,0.010246470985744521,0.09461328821510329,0.010246057869087968,0.08621546524414891,7.19910242530375e-17,0.027972230501451326,1.0000000000000022,0.923790732805891,0.018535804703363135,0.044452476546636865,False,False,False,False,False,True,False,True,True,True
qftentangled_4_Mutant_Add_rz_P4_Q3_[6.283185307179586].qasm,Quratest_13,0.013344386733240452,0.05737526126776115,0.013336083343451703,0.05599148140850604,1.1511516566364843e-16,0.01993552716820897,1.0000000000000004,0.926583382769842,0.009280795718445534,0.026858920718445534,False,False,False,False,False,True,False,True,False,True
qftentangled_4_Mutant_Add_rz_P4_Q3_[6.283185307179586].qasm,PureState_14,0.016662692730160796,0.08046055888312076,0.016661456280440023,0.07284423569287456,9.584347204771859e-17,0.027564010253743165,1.0000000000000004,0.9252763062853628,0.00877017970336319,0.01222591404663681,False,False,False,False,False,True,False,True,False,False
qftentangled_4_Mutant_Add_rz_P4_Q3_[6.283185307179586].qasm,Quratest_14,0.01277387417017061,0.09141655957721428,0.01276111643218665,0.08323711177243785,1.2170169386149787e-16,0.023904762474339192,1.0000000000000018,0.9197334778099058,0.015904880317119674,0.019251369682880326,False,False,False,False,False,True,False,True,True,True
qftentangled_4_Mutant_Add_rz_P4_Q3_[6.283185307179586].qasm,PureState_15,0.013844444449751235,0.09030343593838928,0.013843354950029509,0.08248766310869955,7.32920668600201e-17,0.02756400552013819,1.0000000000000004,0.9255884033990325,0.008770179703363135,0.012225914046636865,False,False,False,False,False,True,False,True,False,False
qftentangled_4_Mutant_Add_rz_P4_Q3_[6.283185307179586].qasm,Quratest_15,0.009914947351746261,0.06869996977013465,0.00991464010634032,0.0662969376139777,5.99563801384484e-17,0.017931186178783608,1.0,0.9204537837034736,0.0011508016318695358,0.054861739131869536,False,False,False,False,False,True,False,True,False,True
qftentangled_4_Mutant_Add_cz_P14_Q0_[].qasm,PureState_0,0.012375638743197349,0.09664274186032376,0.012374988326176808,0.08790613958985859,0.0,0.028447664383817704,1.0,0.9215224100917803,0.0063665390466369765,0.060565757796636976,False,False,False,False,False,True,False,True,False,True
qftentangled_4_Mutant_Add_cz_P14_Q0_[].qasm,Quratest_0,0.012262215119684255,0.04811794801510004,0.01226126567309559,0.04785861821229139,0.0,0.024844215313517014,1.0000000000000009,0.922543919761937,0.0034975883953862197,0.00984524464538622,False,False,False,False,False,True,False,True,False,False
qftentangled_4_Mutant_Add_cz_P14_Q0_[].qasm,PureState_1,0.010882918561890172,0.08186917771657079,0.010880466376646887,0.07406468019217002,0.0,0.027713642548912606,1.0,0.9247641716238878,0.0005071640466370042,0.006366539046637004,False,False,False,False,False,True,False,True,False,False
qftentangled_4_Mutant_Add_cz_P14_Q0_[].qasm,Quratest_1,0.015174846311153789,0.07404083095399275,0.01517438730458434,0.06530241767814367,0.0,0.020061957190721395,0.9999999999999976,0.9219493537805785,0.009197594047319846,0.011639000297319846,False,False,False,False,False,True,False,True,False,False
qftentangled_4_Mutant_Add_cz_P14_Q0_[].qasm,PureState_2,0.012504479278248319,0.08752212826948477,0.01250381309394005,0.07886422054449971,0.0,0.028301128361489777,1.0000000000000009,0.9222002132865256,0.012714195296636976,0.06544857029663698,False,False,False,False,False,True,False,True,True,True
qftentangled_4_Mutant_Add_cz_P14_Q0_[].qasm,Quratest_2,0.015219587485086328,0.03885047217533242,0.015218632344431384,0.038786159876218355,0.0,0.018199422139618223,0.9999999999999982,0.9291400650728299,0.021103822969511528,0.022080385469511528,False,False,False,False,False,True,False,True,True,True
qftentangled_4_Mutant_Add_cz_P14_Q0_[].qasm,PureState_3,0.009748283288863487,0.08841571606087009,0.009747736600373145,0.079838867937743,0.0,0.028447659665740088,1.0,0.9218468409349251,0.0063665390466369765,0.060565757796636976,False,False,False,False,False,True,False,True,False,True
qftentangled_4_Mutant_Add_cz_P14_Q0_[].qasm,Quratest_3,0.01251871741746252,0.04075343832131524,0.01251824422024476,0.04056403456763957,0.0,0.02041009879870949,1.0000000000000004,0.923705762717832,0.0011901369924431637,0.013397168242443164,False,False,False,False,False,True,False,True,False,False
qftentangled_4_Mutant_Add_cz_P14_Q0_[].qasm,PureState_4,0.01116153330052158,0.09733555009503732,0.011161267840791956,0.08873134046010676,0.0,0.02830112364341223,1.0000000000000004,0.9217863710917242,0.012714195296636865,0.06544857029663687,False,False,False,False,False,True,False,True,True,True
qftentangled_4_Mutant_Add_cz_P14_Q0_[].qasm,Quratest_4,0.01673150419701406,0.060364308810399066,0.01673029495079726,0.059660536852172104,0.0,0.02685671743051709,1.0000000000000022,0.9223953064967294,0.01316392693676044,0.0009962293132395605,False,False,False,False,False,True,False,True,True,False
qftentangled_4_Mutant_Add_cz_P14_Q0_[].qasm,PureState_5,0.013859524164841286,0.07969716506000885,0.013856895041013367,0.07171034414022524,0.0,0.027439734832255355,1.0,0.9250645509033838,0.010723304703363079,0.014629554703363079,False,False,False,False,False,True,False,True,False,False
qftentangled_4_Mutant_Add_cz_P14_Q0_[].qasm,Quratest_5,0.013324457531216641,0.06351465412736182,0.013319130138701823,0.06171392990286917,0.0,0.024019103902276018,0.9999999999999989,0.9237073115198388,0.010892453034265781,0.01577526553426578,False,False,False,False,False,True,False,True,False,True
qftentangled_4_Mutant_Add_cz_P14_Q0_[].qasm,PureState_6,0.017268911612926784,0.09374724025534531,0.017264648710331374,0.0857814040690684,0.0,0.028723797232017102,0.9999999999999998,0.9212949512160857,0.012188148453363079,0.05568294529663692,False,False,False,False,False,True,False,True,True,True
qftentangled_4_Mutant_Add_cz_P14_Q0_[].qasm,Quratest_6,0.013755319092400584,0.124279492243248,0.01373011607297341,0.11429108178789442,0.0,0.04690031182322474,0.9999999999999982,0.9154472203952702,0.007661071652558249,0.02328607165255825,False,True,False,True,False,True,False,True,False,True
qftentangled_4_Mutant_Add_cz_P14_Q0_[].qasm,PureState_7,0.012290196962217677,0.09108319351714837,0.012286237992187473,0.08227911422907158,0.0,0.02874312489502316,0.9999999999999998,0.9226904118254531,0.0033990859533631346,0.017108726546636865,False,False,False,False,False,True,False,True,False,True
qftentangled_4_Mutant_Add_cz_P14_Q0_[].qasm,Quratest_7,0.013559371819524303,0.07877039790218049,0.013558630550932486,0.07769361682740074,0.0,0.027296274508792996,0.9999999999999987,0.917005148606818,0.01177994167438818,0.01910416042438818,False,False,False,False,False,True,False,True,True,True
qftentangled_4_Mutant_Add_cz_P14_Q0_[].qasm,PureState_8,0.017064748352808263,0.08255823770318975,0.017049634861503273,0.07506397424523162,0.0,0.027713642506079675,1.0000000000000022,0.9243163899943407,0.0005071640466369487,0.006366539046636949,False,False,False,False,False,True,False,True,False,False
qftentangled_4_Mutant_Add_cz_P14_Q0_[].qasm,Quratest_8,0.012028593248048263,0.07581050726181802,0.012027607345940756,0.06537148145260632,0.0,0.021002679336077065,1.0000000000000009,0.9220449264470784,0.003347015194060457,0.013600921444060457,False,False,False,False,False,True,False,True,False,False
qftentangled_4_Mutant_Add_cz_P14_Q0_[].qasm,PureState_9,0.011415567028439643,0.10062480802665115,0.011410113076404115,0.09114558444012004,0.0,0.028602386455791256,1.0000000000000004,0.9215951633754071,0.018535804703363024,0.044940757796636976,False,True,False,False,False,True,False,True,True,True
qftentangled_4_Mutant_Add_cz_P14_Q0_[].qasm,Quratest_9,0.016130948447930886,0.05368581507859228,0.016129949063281822,0.053381850924259594,0.0,0.025975453144552053,0.9999999999999996,0.9153484111817751,0.019694848206973342,0.006511254456973342,False,False,False,False,False,True,False,True,True,False
qftentangled_4_Mutant_Add_cz_P14_Q0_[].qasm,PureState_10,0.015550301225631084,0.09215729117348538,0.015547579127125264,0.08344206491793611,0.0,0.028743124943621953,1.0000000000000004,0.9224600621107497,0.00339908595336319,0.01710872654663681,False,False,False,False,False,True,False,True,False,True
qftentangled_4_Mutant_Add_cz_P14_Q0_[].qasm,Quratest_10,0.013456219273723828,0.0972672134641674,0.013450514552042788,0.09350225246115271,0.0,0.03363676888360928,1.0,0.9246977224975388,0.01928100361557039,0.08764037861557039,False,False,False,False,False,True,False,True,True,True
qftentangled_4_Mutant_Add_cz_P14_Q0_[].qasm,PureState_11,0.012467431098654126,0.09427935933772659,0.012466841061672373,0.08603495575132969,0.0,0.028723797229045424,1.0000000000000018,0.9209556937700784,0.012188148453363135,0.055682945296636865,False,False,False,False,False,True,False,True,True,True
qftentangled_4_Mutant_Add_cz_P14_Q0_[].qasm,Quratest_11,0.012334315888617373,0.049984505408285376,0.012333651237358776,0.0497690024934163,0.0,0.024816067037968334,1.0000000000000013,0.9175764454713761,0.009804408196729897,0.013222376946729897,False,False,False,False,False,True,False,True,False,False
qftentangled_4_Mutant_Add_cz_P14_Q0_[].qasm,PureState_12,0.012383941222061516,0.08584315297421184,0.012383347152386122,0.07725973628188931,0.0,0.027439734875087916,1.0000000000000004,0.9247493901012593,0.010723304703363107,0.014629554703363107,False,False,False,False,False,True,False,True,False,False
qftentangled_4_Mutant_Add_cz_P14_Q0_[].qasm,Quratest_12,0.01274006792447371,0.05914642100622796,0.012735134046549681,0.05888386067148081,0.0,0.029912675779300166,1.0000000000000009,0.923079717423125,0.012526751516004797,0.0745384702660048,False,False,False,False,False,True,False,True,True,True
qftentangled_4_Mutant_Add_cz_P14_Q0_[].qasm,PureState_13,0.014857631743137723,0.09820207072766511,0.01485363044948523,0.08836345252748995,0.0,0.028602386501040532,1.0000000000000018,0.9212439122629287,0.018535804703363135,0.044940757796636865,False,False,False,False,False,True,False,True,True,True
qftentangled_4_Mutant_Add_cz_P14_Q0_[].qasm,Quratest_13,0.014739947895217438,0.0576744498339462,0.01473447692888973,0.056371701137486595,0.0,0.02063920588920535,0.9999999999999998,0.9241446482159528,0.009280795718445534,0.027835483218445534,False,False,False,False,False,True,False,True,False,True
qftentangled_4_Mutant_Add_cz_P14_Q0_[].qasm,PureState_14,0.01494057793477406,0.08756745347181101,0.014939767465546603,0.07944332624802942,0.0,0.02854992063085213,1.0000000000000013,0.9227739971256349,0.00877017970336319,0.01076107029663681,False,False,False,False,False,True,False,True,False,False
qftentangled_4_Mutant_Add_cz_P14_Q0_[].qasm,Quratest_14,0.009196777232884985,0.08163808311130627,0.009191859795381533,0.0752302591557806,0.0,0.024985698641212542,1.0000000000000018,0.9178334058877574,0.015904880317119674,0.019739650932880326,False,False,False,False,False,True,False,True,True,True
qftentangled_4_Mutant_Add_cz_P14_Q0_[].qasm,PureState_15,0.009135791500268385,0.08976340642325994,0.009134364758316527,0.08099240093029675,0.0,0.028549915912046496,1.0,0.9231773078673754,0.008770179703363135,0.010761070296636865,False,False,False,False,False,True,False,True,False,False
qftentangled_4_Mutant_Add_cz_P14_Q0_[].qasm,Quratest_15,0.01557709866530084,0.07049413692917855,0.015570958417752183,0.06803761688591187,0.0,0.018284106772315928,0.9999999999999989,0.9180499081705107,0.0011508016318695358,0.055350020381869536,False,False,False,False,False,True,False,True,False,True
qftentangled_4_Mutant_Add_h_P0_Q3_[].qasm,PureState_0,0.01585747448343063,0.09437613951644447,0.015847688766903796,0.08516254815088704,6.114900252818245e-17,0.02829291363471879,1.0000000000000004,0.9234612423441174,0.0063665390466369765,0.060565757796636976,False,False,False,False,False,True,False,True,False,True
qftentangled_4_Mutant_Add_h_P0_Q3_[].qasm,Quratest_0,0.011883145174472563,0.05393479703299447,0.011882267678725855,0.053513012786344585,4.163336342344337e-17,0.024617487593432446,1.0000000000000022,0.9241503460843895,0.0034975883953862197,0.01277493214538622,False,False,False,False,False,True,False,True,False,False
qftentangled_4_Mutant_Add_h_P0_Q3_[].qasm,PureState_1,0.010269414340583025,0.07923318215416028,0.010269178086764863,0.07267274258124728,9.540979117872439e-17,0.0278406914921737,1.0000000000000009,0.9265145930996576,0.0005071640466370042,0.006854820296637004,False,False,False,False,False,True,False,True,False,False
qftentangled_4_Mutant_Add_h_P0_Q3_[].qasm,Quratest_1,0.01620518654097393,0.07130483633819495,0.015723537461476263,0.06292722048130117,6.788799665653766e-17,0.019569054478521204,0.9999999999999976,0.9239374173575989,0.009197594047319846,0.009685875297319846,False,False,False,False,False,True,False,True,False,False
qftentangled_4_Mutant_Add_h_P0_Q3_[].qasm,PureState_2,0.019741288203182418,0.1008908583060519,0.019727037173187113,0.09157163432865714,6.201636426617085e-17,0.028060185456735578,1.0000000000000004,0.9241540970550368,0.012714195296636976,0.06447200779663698,False,True,False,False,False,True,False,True,True,True
qftentangled_4_Mutant_Add_h_P0_Q3_[].qasm,Quratest_2,0.013888475930216844,0.03300883486028786,0.013886939621569902,0.03297877142592176,6.852157730108388e-17,0.01812387546994837,0.9999999999999989,0.9305583059480396,0.021103822969511528,0.022568666719511528,False,False,False,False,False,True,False,True,True,True
qftentangled_4_Mutant_Add_h_P0_Q3_[].qasm,PureState_3,0.010861302657919797,0.09105204215244896,0.010859390584215837,0.08229686727932295,1.0408340855860843e-16,0.028292904208523678,1.0,0.9237119965330264,0.0063665390466369765,0.060565757796636976,False,False,False,False,False,True,False,True,False,True
qftentangled_4_Mutant_Add_h_P0_Q3_[].qasm,Quratest_3,0.016306415901224596,0.04107852546601084,0.016305530154510306,0.04083545084443858,8.239936510889834e-17,0.020262728769630332,1.0000000000000004,0.9254900403250176,0.0011901369924431637,0.013885449492443164,False,False,False,False,False,True,False,True,False,False
qftentangled_4_Mutant_Add_h_P0_Q3_[].qasm,PureState_4,0.014405866263393146,0.09357901737986887,0.014402609442419018,0.08438915604803962,7.806255641895632e-17,0.02806017603054033,1.0,0.9238470678878333,0.012714195296636865,0.06447200779663687,False,False,False,False,False,True,False,True,True,True
qftentangled_4_Mutant_Add_h_P0_Q3_[].qasm,Quratest_4,0.015838020121779456,0.05221303280914366,0.015836292128964757,0.05186979390250103,1.3465790982269965e-16,0.026226664782819833,1.0000000000000018,0.9243297216506068,0.01316392693676044,0.0024217394367604395,False,False,False,False,False,True,False,True,True,False
qftentangled_4_Mutant_Add_h_P0_Q3_[].qasm,PureState_5,0.014865382241505349,0.08898446311518757,0.014848464090400457,0.08107379801517471,9.454242944073599e-17,0.027514228201666463,1.0,0.9269067903873156,0.010723304703363079,0.015606117203363079,False,False,False,False,False,True,False,True,False,True
qftentangled_4_Mutant_Add_h_P0_Q3_[].qasm,Quratest_5,0.011886512249649194,0.0652315840309963,0.01188572607315293,0.06379254114255675,1.1980434005964824e-16,0.02404995205551719,0.9999999999999996,0.9256528380445045,0.010892453034265781,0.01626354678426578,False,False,False,False,False,True,False,True,False,True
qftentangled_4_Mutant_Add_h_P0_Q3_[].qasm,PureState_6,0.01758155172474108,0.08877438855581159,0.017565810537291317,0.0803808930925052,6.852157730108388e-17,0.028362945002095342,1.0,0.9232997221918502,0.012188148453363079,0.05470638279663692,False,False,False,False,False,True,False,True,True,True
qftentangled_4_Mutant_Add_h_P0_Q3_[].qasm,Quratest_6,0.009952820929272885,0.12485684447000463,0.009947679480072571,0.11534291160732257,6.548581121812447e-17,0.04616981120241808,0.9999999999999991,0.917145869549555,0.007661071652558249,0.02279779040255825,False,True,False,True,False,True,False,True,False,True
qftentangled_4_Mutant_Add_h_P0_Q3_[].qasm,PureState_7,0.012159090874048827,0.08455901397946945,0.01215804488172887,0.0759848001273168,8.326672684688674e-17,0.028081397612662318,1.0,0.9246887474348844,0.0033990859533631346,0.016132164046636865,False,False,False,False,False,True,False,True,False,True
qftentangled_4_Mutant_Add_h_P0_Q3_[].qasm,Quratest_7,0.014088862044157468,0.0744261805267736,0.014085240841872829,0.07357430435895117,1.3769367590565906e-16,0.02680545179115649,0.9999999999999989,0.9189786762226572,0.01177994167438818,0.01861587917438818,False,False,False,False,False,True,False,True,True,True
qftentangled_4_Mutant_Add_h_P0_Q3_[].qasm,PureState_8,0.015532728010866255,0.08176038672201202,0.015526919817669191,0.07323030766033296,8.543513119185775e-17,0.027840691410795478,1.0000000000000022,0.926159255194636,0.0005071640466369487,0.006854820296636949,False,False,False,False,False,True,False,True,False,False
qftentangled_4_Mutant_Add_h_P0_Q3_[].qasm,Quratest_8,0.011212746002803276,0.07803109006213088,0.011211623195037023,0.06610741196137582,4.5102810375397077e-17,0.021122066198968798,1.0000000000000009,0.9239027199211157,0.003347015194060457,0.012624358944060457,False,False,False,False,False,True,False,True,False,False
qftentangled_4_Mutant_Add_h_P0_Q3_[].qasm,PureState_9,0.012654811943456124,0.09786256900108563,0.012652491867374377,0.08856960981908572,1.3010426069826055e-17,0.028209474698055632,1.0,0.9236806388155476,0.018535804703363024,0.044452476546636976,False,False,False,False,False,True,False,True,True,True
qftentangled_4_Mutant_Add_h_P0_Q3_[].qasm,Quratest_9,0.011645262415801178,0.05630880039219225,0.011641865446186636,0.05603808907863926,1.0321604682062002e-16,0.025962983742625345,1.0000000000000013,0.9172778423267282,0.019694848206973342,0.006022973206973342,False,False,False,False,False,True,False,True,True,False
qftentangled_4_Mutant_Add_h_P0_Q3_[].qasm,PureState_10,0.0129882173607544,0.08926171994732593,0.012986664915361754,0.0812407089263303,7.37257477290143e-17,0.02808139768687612,1.0000000000000009,0.9244083588470308,0.00339908595336319,0.01613216404663681,False,False,False,False,False,True,False,True,False,True
qftentangled_4_Mutant_Add_h_P0_Q3_[].qasm,Quratest_10,0.009969318627568753,0.09804090064219595,0.009967798245657198,0.09371710507527527,7.613809756279455e-17,0.03329378432924913,1.0,0.9264660454652305,0.01928100361557039,0.08715209736557039,False,False,False,False,False,True,False,True,True,True
qftentangled_4_Mutant_Add_h_P0_Q3_[].qasm,PureState_11,0.0129694172593104,0.09434720693776408,0.012969084527580778,0.08581253587971426,3.8163916471489756e-17,0.0283629449115778,1.0000000000000004,0.9229955005994578,0.012188148453363135,0.054706382796636865,False,False,False,False,False,True,False,True,True,True
qftentangled_4_Mutant_Add_h_P0_Q3_[].qasm,Quratest_11,0.017632533554660688,0.053949912132118284,0.017631030172967195,0.05372674431744397,9.194034422677078e-17,0.024596402996109344,1.0000000000000009,0.9194167987597255,0.009804408196729897,0.013710658196729897,False,False,False,False,False,True,False,True,False,False
qftentangled_4_Mutant_Add_h_P0_Q3_[].qasm,PureState_12,0.011793116670813534,0.08203578504331051,0.011792800079280514,0.0733668366482046,5.898059818321144e-17,0.0275142282830446,1.0000000000000004,0.9267123354693145,0.010723304703363107,0.015606117203363107,False,False,False,False,False,True,False,True,False,True
qftentangled_4_Mutant_Add_h_P0_Q3_[].qasm,Quratest_12,0.008306005755143868,0.06529348986679404,0.00830562717360809,0.06503957078582781,1.5243882545146192e-16,0.02962796166967481,1.0000000000000004,0.9250078413299612,0.012526751516004797,0.0740501890160048,False,False,False,False,False,True,False,True,True,True
qftentangled_4_Mutant_Add_h_P0_Q3_[].qasm,PureState_13,0.011643469883731172,0.09943809004896452,0.011641827112867442,0.0901278605792681,6.5052130349130266e-18,0.028209474788573156,1.0000000000000009,0.9234139453319249,0.018535804703363135,0.044452476546636865,False,False,False,False,False,True,False,True,True,True
qftentangled_4_Mutant_Add_h_P0_Q3_[].qasm,Quratest_13,0.007703017403336309,0.05395923474533728,0.0077021385833608205,0.05302088393567061,9.947554932554503e-17,0.01993759588380417,1.0000000000000004,0.9262123307196771,0.009280795718445534,0.026370639468445534,False,False,False,False,False,True,False,True,False,True
qftentangled_4_Mutant_Add_h_P0_Q3_[].qasm,PureState_14,0.009178866696581906,0.08609384872307553,0.009178434709241144,0.0772739454959347,5.2475385148298415e-17,0.0278015682717924,1.0000000000000004,0.9248987834244864,0.00877017970336319,0.01222591404663681,False,False,False,False,False,True,False,True,False,False
qftentangled_4_Mutant_Add_h_P0_Q3_[].qasm,Quratest_14,0.01494864362609439,0.08731297839334334,0.014921148373624226,0.08009879713753754,4.130810277169772e-17,0.024231599896246167,1.0000000000000018,0.9193437856811841,0.015904880317119674,0.019739650932880326,False,False,False,False,False,True,False,True,True,True
qftentangled_4_Mutant_Add_h_P0_Q3_[].qasm,PureState_15,0.009796979018976583,0.08881382045657263,0.009796791877396682,0.08146685548079922,3.8163916471489756e-17,0.027801558809217034,1.0,0.9252109336817446,0.008770179703363135,0.012225914046636865,False,False,False,False,False,True,False,True,False,False
qftentangled_4_Mutant_Add_h_P0_Q3_[].qasm,Quratest_15,0.008407532533093967,0.07848079155231488,0.008406218856596637,0.07499692588739523,1.1248597539537109e-16,0.018005933418405867,0.9999999999999993,0.9197850778075045,0.0011508016318695358,0.054861739131869536,False,False,False,False,False,True,False,True,False,True
qftentangled_4_Mutant_Add_ch_P10_Q3_[].qasm,PureState_0,0.010927946925249815,0.09596395595795965,0.010926536003091384,0.08664800997430157,2.454633718507182e-16,0.02882577400746523,1.0,0.9216069675366707,0.0063665390466369765,0.061054039046636976,False,False,False,False,False,True,False,True,False,True
qftentangled_4_Mutant_Add_ch_P10_Q3_[].qasm,Quratest_0,0.012139234667363224,0.050454217831364494,0.012138604280828648,0.05018459398497589,2.445960101127298e-16,0.025160229055265253,1.0000000000000018,0.9222801102889562,0.0034975883953862197,0.01326321339538622,False,False,False,False,False,True,False,True,False,False
qftentangled_4_Mutant_Add_ch_P10_Q3_[].qasm,PureState_1,0.017154233599003577,0.08786563066926985,0.0171508509441592,0.07954292225954755,1.691355389077387e-16,0.02846193054921807,1.0000000000000004,0.9246539289077909,0.0005071640466370042,0.004901695296637004,False,False,False,False,False,True,False,True,False,False
qftentangled_4_Mutant_Add_ch_P10_Q3_[].qasm,Quratest_1,0.01409402802341351,0.07564236786116547,0.01353806692272559,0.06795395090162457,2.0175985990418532e-16,0.02000144770288973,0.999999999999998,0.9218630977025294,0.009197594047319846,0.010662437797319846,False,False,False,False,False,True,False,True,False,False
qftentangled_4_Mutant_Add_ch_P10_Q3_[].qasm,PureState_2,0.02029753689428677,0.0953539235474706,0.020287729633083385,0.08524060907309766,2.0513105103425746e-16,0.028703909748348043,1.0,0.9221618367592985,0.012714195296636976,0.06544857029663698,False,False,False,False,False,True,False,True,True,True
qftentangled_4_Mutant_Add_ch_P10_Q3_[].qasm,Quratest_2,0.011719646227481352,0.03631591486276684,0.01171916757938873,0.036277718233769254,4.36282954208167e-16,0.01877318641085527,0.9999999999999969,0.9289897252740892,0.021103822969511528,0.019638979219511528,False,False,False,False,False,True,False,True,True,True
qftentangled_4_Mutant_Add_ch_P10_Q3_[].qasm,PureState_3,0.018156469126723602,0.09899718842883423,0.01815456618423068,0.08999690927164039,2.896988204881268e-16,0.028825772384593062,0.9999999999999991,0.9218570064691511,0.0063665390466369765,0.061054039046636976,False,False,False,False,False,True,False,True,False,True
qftentangled_4_Mutant_Add_ch_P10_Q3_[].qasm,Quratest_3,0.0148069663591409,0.04344840215793936,0.014805557573662255,0.043236844137254066,2.8319360745321376e-16,0.02052159444735531,1.0000000000000022,0.9237476644691325,0.0011901369924431637,0.014373730742443164,False,False,False,False,False,True,False,True,False,False
qftentangled_4_Mutant_Add_ch_P10_Q3_[].qasm,PureState_4,0.012707294126278182,0.09816741364479317,0.012705310102292974,0.08918630888694375,2.203098814490545e-16,0.028703908125475616,1.0000000000000004,0.9218556699211576,0.012714195296636865,0.06544857029663687,False,False,False,False,False,True,False,True,True,True
qftentangled_4_Mutant_Add_ch_P10_Q3_[].qasm,Quratest_4,0.013698556763394832,0.06205270990972239,0.01369733435202322,0.061303992637470585,2.5738959574805875e-16,0.02714494747432512,0.9999999999999998,0.9223479175755923,0.01316392693676044,0.0033983019367604395,False,False,False,False,False,True,False,True,True,False
qftentangled_4_Mutant_Add_ch_P10_Q3_[].qasm,PureState_5,0.01307460873242818,0.08593354009654953,0.01307359130859154,0.07799655348679337,1.2836953722228372e-16,0.028124186078014198,0.9999999999999998,0.9249083691292762,0.010723304703363079,0.01658267970336308,False,False,False,False,False,True,False,True,False,True
qftentangled_4_Mutant_Add_ch_P10_Q3_[].qasm,Quratest_5,0.010620722027827873,0.06410548253357268,0.010619738009486158,0.06265195347119368,2.5977484052752686e-16,0.024657573150946157,0.9999999999999993,0.9238154518604883,0.010892453034265781,0.01724010928426578,False,False,False,False,False,True,False,True,False,True
qftentangled_4_Mutant_Add_ch_P10_Q3_[].qasm,PureState_6,0.014587048674752622,0.09421625891852323,0.014584550852645789,0.08501338150397039,2.7798943702528334e-16,0.02892555353218905,0.9999999999999998,0.9214082482647927,0.012188148453363079,0.05617122654663692,False,False,False,False,False,True,False,True,True,True
qftentangled_4_Mutant_Add_ch_P10_Q3_[].qasm,Quratest_6,0.009432294528720247,0.12315313517293233,0.009423768093912044,0.11351552927924015,1.1262150066693177e-16,0.047079717203998575,0.9999999999999987,0.9155223640193261,0.007661071652558249,0.02035638415255825,False,True,False,True,False,True,False,True,False,True
qftentangled_4_Mutant_Add_ch_P10_Q3_[].qasm,PureState_7,0.013483356242657896,0.09276135854265803,0.013482484484421362,0.08362553253762132,1.5959455978986625e-16,0.028693777903167718,1.0,0.9227952172561694,0.0033990859533631346,0.017108726546636865,False,False,False,False,False,True,False,True,False,True
qftentangled_4_Mutant_Add_ch_P10_Q3_[].qasm,Quratest_7,0.012941635662808648,0.08342301419747407,0.012939817574182883,0.08219205878765215,2.3006770100142404e-16,0.027087770029227597,0.9999999999999989,0.9172117581319771,0.01177994167438818,0.01959244167438818,False,False,False,False,False,True,False,True,True,True
qftentangled_4_Mutant_Add_ch_P10_Q3_[].qasm,PureState_8,0.014079635653398218,0.07718137051278319,0.01407522663143633,0.07076379234319877,1.721713049906981e-16,0.028461938922704055,1.0000000000000013,0.924299879579368,0.0005071640466369487,0.004901695296636949,False,False,False,False,False,True,False,True,False,False
qftentangled_4_Mutant_Add_ch_P10_Q3_[].qasm,Quratest_8,0.019839380927047286,0.0739737746088315,0.019837605133373376,0.06323732955299896,2.93168267440081e-16,0.021374406727120897,0.9999999999999989,0.9219016350971159,0.003347015194060457,0.013600921444060457,False,False,False,False,False,True,False,True,False,False
qftentangled_4_Mutant_Add_ch_P10_Q3_[].qasm,PureState_9,0.016486821399336857,0.09578007411210424,0.016485327180438093,0.0863384693864793,1.6566609195578508e-16,0.02891779739283334,0.9999999999999996,0.9216519975618337,0.018535804703363024,0.044452476546636976,False,False,False,False,False,True,False,True,True,True
qftentangled_4_Mutant_Add_ch_P10_Q3_[].qasm,Quratest_9,0.012563673933399733,0.0562905079882484,0.012563159237629774,0.05600391870497069,4.0592529337857286e-16,0.02638917507094249,0.9999999999999991,0.9154547511589441,0.019694848206973342,0.005046410706973342,False,False,False,False,False,True,False,True,True,False
qftentangled_4_Mutant_Add_ch_P10_Q3_[].qasm,PureState_10,0.010064287527521634,0.0923864099893518,0.01006396700146857,0.0833501824401579,2.242130092700023e-16,0.028693785003573863,0.9999999999999993,0.9225156808969541,0.00339908595336319,0.01710872654663681,False,False,False,False,False,True,False,True,False,True
qftentangled_4_Mutant_Add_ch_P10_Q3_[].qasm,Quratest_10,0.013982134998686831,0.10387271921458723,0.013958489188335496,0.09918242800892221,4.658003583540848e-16,0.034251058705800294,1.0,0.9248042371012266,0.01928100361557039,0.08666381611557039,False,True,False,False,False,True,False,True,True,True
qftentangled_4_Mutant_Add_ch_P10_Q3_[].qasm,PureState_11,0.013332335774572874,0.09627148120308798,0.013331794613161177,0.08684730731926384,1.6609977282477928e-16,0.02892555018470489,1.0000000000000009,0.9211053410825353,0.012188148453363135,0.056171226546636865,False,False,False,False,False,True,False,True,True,True
qftentangled_4_Mutant_Add_ch_P10_Q3_[].qasm,Quratest_11,0.016883695491125127,0.05866904010028278,0.01688303721662174,0.05833421471083748,2.6194324487249787e-16,0.025259146554887424,0.9999999999999996,0.9174618772662905,0.009804408196729897,0.013710658196729897,False,False,False,False,False,True,False,True,False,False
qftentangled_4_Mutant_Add_ch_P10_Q3_[].qasm,PureState_12,0.013270135341415848,0.08666062203749479,0.013269252283977965,0.07852307804919575,1.9038590148845458e-16,0.028124177704528186,0.9999999999999998,0.9247149259728846,0.010723304703363107,0.016582679703363107,False,False,False,False,False,True,False,True,False,True
qftentangled_4_Mutant_Add_ch_P10_Q3_[].qasm,Quratest_12,0.012951334473228977,0.0596075516280209,0.012950185541558946,0.05931412363619394,2.7517051137682103e-16,0.030485773400202018,1.0,0.9232645959305166,0.012526751516004797,0.0735619077660048,False,False,False,False,False,True,False,True,True,True
qftentangled_4_Mutant_Add_ch_P10_Q3_[].qasm,PureState_13,0.01268893352066571,0.09805439326237746,0.012688440053804458,0.08831755136474922,1.687018580387445e-16,0.028917800740317308,1.0,0.921386593037308,0.018535804703363135,0.044452476546636865,False,False,False,False,False,True,False,True,True,True
qftentangled_4_Mutant_Add_ch_P10_Q3_[].qasm,Quratest_13,0.011653167614954777,0.057161342102784764,0.011645533820247448,0.055890902840171224,2.7693233990710997e-16,0.020741397149674993,0.9999999999999998,0.9241627295998384,0.009280795718445534,0.028812045718445534,False,False,False,False,False,True,False,True,False,True
qftentangled_4_Mutant_Add_ch_P10_Q3_[].qasm,PureState_14,0.011399231834149886,0.08994157527410825,0.01139816743751068,0.08237674079895302,2.1293730667615307e-16,0.028484145648918983,1.0000000000000004,0.9228685006840756,0.00877017970336319,0.01124935154663681,False,False,False,False,False,True,False,True,False,False
qftentangled_4_Mutant_Add_ch_P10_Q3_[].qasm,Quratest_14,0.01801668970347034,0.09873287106072771,0.017981651726832346,0.0902637994596868,1.932861422998533e-16,0.024459125019005535,1.0000000000000004,0.9176211516754635,0.015904880317119674,0.018763088432880326,False,False,False,False,False,True,False,True,True,True
qftentangled_4_Mutant_Add_ch_P10_Q3_[].qasm,PureState_15,0.0121683181052183,0.08723673696688632,0.012167325507887943,0.07896087735844802,2.1467203015212988e-16,0.028484147993069153,1.0,0.9231797013244125,0.008770179703363135,0.011249351546636865,False,False,False,False,False,True,False,True,False,False
qftentangled_4_Mutant_Add_ch_P10_Q3_[].qasm,Quratest_15,0.01430375817426762,0.06904381428083564,0.014291425753786887,0.06625871400059707,3.37213980697304e-16,0.018550348372605344,0.9999999999999987,0.9180501984210225,0.0011508016318695358,0.054373457881869536,False,False,False,False,False,True,False,True,False,True
qftentangled_4_Mutant_Add_cx_P12_Q1_[].qasm,PureState_0,0.017078563924954767,0.09647358160446445,0.01707690573298543,0.08726625791146296,0.0,0.03418547913324762,1.0,0.9086984866929411,0.0063665390466369765,0.06300716404663698,False,False,False,False,False,True,False,True,False,True
qftentangled_4_Mutant_Add_cx_P12_Q1_[].qasm,Quratest_0,0.014751602604548426,0.05735809512698866,0.014748307361019893,0.056796975703365886,0.0,0.030698626685095032,1.0000000000000009,0.9098708807640044,0.0034975883953862197,0.01472805714538622,False,False,False,False,False,True,False,True,False,False
qftentangled_4_Mutant_Add_cx_P12_Q1_[].qasm,PureState_1,0.0125428112153487,0.08658369380084681,0.012542020089660521,0.07873563704317009,0.0,0.03388467137927258,1.0,0.912684417300496,0.0005071640466370042,0.0014459609533629958,False,False,False,False,False,True,False,True,False,False
qftentangled_4_Mutant_Add_cx_P12_Q1_[].qasm,Quratest_1,0.015554300502241178,0.06673251444642196,0.01555297779679119,0.060922970578297965,0.0,0.02332638613735371,0.9999999999999976,0.9096964894878908,0.009197594047319846,0.012127281547319846,False,False,False,False,False,True,False,True,False,False
qftentangled_4_Mutant_Add_cx_P12_Q1_[].qasm,PureState_2,0.009395296443514264,0.10234486600122028,0.009395034013932978,0.0935689859480897,0.0,0.03404189925907547,1.0000000000000009,0.9092062973420212,0.012714195296636976,0.06886653904663698,False,True,False,False,False,True,False,True,True,True
qftentangled_4_Mutant_Add_cx_P12_Q1_[].qasm,Quratest_2,0.01313622462003856,0.04228672425981479,0.013134775287460106,0.04220957259227021,0.0,0.023791198595600756,0.9999999999999982,0.9169490700534866,0.021103822969511528,0.010361635469511528,False,False,False,False,False,True,False,True,True,False
qftentangled_4_Mutant_Add_cx_P12_Q1_[].qasm,PureState_3,0.015250579944744809,0.1002069894286443,0.015249199011283628,0.08944504435607838,0.0,0.034185474527662296,1.0,0.9089452365713808,0.0063665390466369765,0.06300716404663698,False,True,False,False,False,True,False,True,False,True
qftentangled_4_Mutant_Add_cx_P12_Q1_[].qasm,Quratest_3,0.012951216295875045,0.04364066589531512,0.012950807085137744,0.04340833363811825,0.0,0.023550308316894187,1.0000000000000004,0.911601339585268,0.0011901369924431637,0.017303418242443164,False,False,False,False,False,True,False,True,False,True
qftentangled_4_Mutant_Add_cx_P12_Q1_[].qasm,PureState_4,0.013163464971397752,0.1020203802354041,0.013162867585093906,0.0920838737049383,0.0,0.03404189465349032,1.0000000000000004,0.9089039959445893,0.012714195296636865,0.06886653904663687,False,True,False,False,False,True,False,True,True,True
qftentangled_4_Mutant_Add_cx_P12_Q1_[].qasm,Quratest_4,0.012503486377611525,0.06107999144940273,0.012501519652890496,0.06017876337002722,0.0,0.0327546759543367,1.0000000000000022,0.9097536751352354,0.01316392693676044,0.0063279894367604395,False,False,False,False,False,True,False,True,True,False
qftentangled_4_Mutant_Add_cx_P12_Q1_[].qasm,PureState_5,0.011533927222834818,0.09112970422787531,0.011533203338569036,0.08291723478987698,0.0,0.03364840408542984,1.0,0.912996541036343,0.010723304703363079,0.010235023453363079,False,False,False,False,False,True,False,True,False,False
qftentangled_4_Mutant_Add_cx_P12_Q1_[].qasm,Quratest_5,0.012026213987812402,0.0626306955068011,0.012024400309226378,0.06135663972390447,0.0,0.03019970752079454,0.9999999999999989,0.9122562477663504,0.010892453034265781,0.013822140534265781,False,False,False,False,False,True,False,True,False,False
qftentangled_4_Mutant_Add_cx_P12_Q1_[].qasm,PureState_6,0.01215395418299422,0.09553370679090213,0.012153549266700241,0.08691054769614967,0.0,0.03432564043688435,0.9999999999999998,0.9083646370897922,0.012188148453363079,0.06007747654663692,False,False,False,False,False,True,False,True,True,True
qftentangled_4_Mutant_Add_cx_P12_Q1_[].qasm,Quratest_6,0.01456789817989593,0.1340426123426717,0.014023108733858057,0.12324782106080713,0.0,0.05483602742864514,0.9999999999999982,0.9027612554513765,0.007661071652558249,0.02621575915255825,False,True,False,True,False,True,False,True,False,True
qftentangled_4_Mutant_Add_cx_P12_Q1_[].qasm,PureState_7,0.013864181087636443,0.0955499853762466,0.013863143877559792,0.08633780588064571,0.0,0.03411916097938932,0.9999999999999998,0.9097351163820606,0.0033990859533631346,0.018085289046636865,False,False,False,False,False,True,False,True,False,True
qftentangled_4_Mutant_Add_cx_P12_Q1_[].qasm,Quratest_7,0.00811291319631225,0.08664728549854135,0.008112684952695038,0.08536103701946234,0.0,0.031219324517060776,0.9999999999999987,0.9038496635249345,0.01177994167438818,0.01617447292438818,False,False,False,False,False,True,False,True,True,True
qftentangled_4_Mutant_Add_cx_P12_Q1_[].qasm,PureState_8,0.0106590235632745,0.09076870727077219,0.010655305070127612,0.08284094061809726,0.0,0.03388467136044555,1.0000000000000022,0.9123346827083656,0.0005071640466369487,0.0014459609533630513,False,False,False,False,False,True,False,True,False,False
qftentangled_4_Mutant_Add_cx_P12_Q1_[].qasm,Quratest_8,0.010921742451926458,0.08123658312394334,0.010921371001066526,0.07007600636304213,0.0,0.024714568396621145,1.0000000000000009,0.9094715988283546,0.003347015194060457,0.014577483944060457,False,False,False,False,False,True,False,True,False,False
qftentangled_4_Mutant_Add_cx_P12_Q1_[].qasm,PureState_9,0.016358951113901878,0.09991343319691956,0.016358061036016728,0.09036398531750621,0.0,0.03418688318582866,1.0000000000000004,0.9085988796939877,0.018535804703363024,0.056659507796636976,False,False,False,False,False,True,False,True,True,True
qftentangled_4_Mutant_Add_cx_P12_Q1_[].qasm,Quratest_9,0.012201979101902393,0.06511764616067894,0.012200209308120278,0.06452053937779806,0.0,0.030087033200991202,0.9999999999999996,0.9030818717828956,0.019694848206973342,0.003093285706973342,False,False,False,False,False,True,False,True,True,False
qftentangled_4_Mutant_Add_cx_P12_Q1_[].qasm,PureState_10,0.013014376132437734,0.09858053816953392,0.013013180542569225,0.0894440120465664,0.0,0.03411916102047541,1.0000000000000004,0.9094595698614052,0.00339908595336319,0.01808528904663681,False,False,False,False,False,True,False,True,False,True
qftentangled_4_Mutant_Add_cx_P12_Q1_[].qasm,Quratest_10,0.018161644994271055,0.11314094938377842,0.016844959179159322,0.10826350899615259,0.0,0.04306247430608466,1.0,0.9115114879939535,0.01928100361557039,0.09301147236557039,False,True,False,True,False,True,False,True,True,True
qftentangled_4_Mutant_Add_cx_P12_Q1_[].qasm,PureState_11,0.01370990506109628,0.09939015494085478,0.01370754198703327,0.09005065352003902,0.0,0.034325640433659696,1.0000000000000018,0.9080661332541652,0.012188148453363135,0.060077476546636865,False,False,False,False,False,True,False,True,True,True
qftentangled_4_Mutant_Add_cx_P12_Q1_[].qasm,Quratest_11,0.01397536618669337,0.05652432171464278,0.013973862960083145,0.05628559464701544,0.0,0.029492911637845086,1.0000000000000013,0.9048264867662003,0.009804408196729897,0.009316126946729897,False,False,False,False,False,True,False,True,False,False
qftentangled_4_Mutant_Add_cx_P12_Q1_[].qasm,PureState_12,0.010004354364957137,0.09285626343366006,0.010003633422722211,0.08530160314292785,0.0,0.03364840410425664,1.0000000000000004,0.9128061632780411,0.010723304703363107,0.010235023453363107,False,False,False,False,False,True,False,True,False,False
qftentangled_4_Mutant_Add_cx_P12_Q1_[].qasm,Quratest_12,0.016450661915393735,0.06798231669416528,0.01644827158234566,0.06747768104705831,0.0,0.036676619101919064,1.0000000000000009,0.9108711353443582,0.012526751516004797,0.0764915952660048,False,False,False,False,False,True,False,True,True,True
qftentangled_4_Mutant_Add_cx_P12_Q1_[].qasm,PureState_13,0.012954000539015674,0.0981590108896085,0.012952648667104768,0.08885561951059105,0.0,0.03418688323051955,1.0000000000000018,0.9083375261526686,0.018535804703363135,0.056659507796636865,False,False,False,False,False,True,False,True,True,True
qftentangled_4_Mutant_Add_cx_P12_Q1_[].qasm,Quratest_13,0.011541908739757294,0.0574877333805049,0.01153387545528567,0.056188216456606384,0.0,0.02465196286083498,0.9999999999999998,0.912500979382057,0.009280795718445534,0.032718295718445534,False,False,False,False,False,True,False,True,False,True
qftentangled_4_Mutant_Add_cx_P12_Q1_[].qasm,PureState_14,0.013100481644784386,0.09728421321877871,0.01310022501661669,0.08823983999007062,0.0,0.03389556931206648,1.0000000000000013,0.9097881370707268,0.00877017970336319,0.01710872654663681,False,False,False,False,False,True,False,True,False,True
qftentangled_4_Mutant_Add_cx_P12_Q1_[].qasm,Quratest_14,0.016484891645367542,0.08782887689871423,0.016373416189425855,0.08082869326405921,0.0,0.026846480074925023,1.0000000000000018,0.9056069281204668,0.015904880317119674,0.020716213432880326,False,False,False,False,False,True,False,True,True,True
qftentangled_4_Mutant_Add_cx_P12_Q1_[].qasm,PureState_15,0.011975645892799253,0.0898513711912237,0.011975325862305902,0.08169498080352715,0.0,0.03389556935315283,1.0,0.9100947614286947,0.008770179703363135,0.017108726546636865,False,False,False,False,False,True,False,True,False,True
qftentangled_4_Mutant_Add_cx_P12_Q1_[].qasm,Quratest_15,0.016860084250264036,0.07470184893307182,0.016857713148071142,0.07133180423643719,0.0,0.022573501954030024,0.9999999999999989,0.9050763694870063,0.0011508016318695358,0.06267423913186954,False,False,False,False,False,True,False,True,False,True
qftentangled_4_Mutant_Add_swap_P7_Q3_[].qasm,PureState_0,0.015443307066280446,0.09101613109108937,0.015441455607284278,0.08226619081607013,0.0,0.028531085289120378,1.0,0.9225256996866681,0.0063665390466369765,0.060565757796636976,False,False,False,False,False,True,False,True,False,True
qftentangled_4_Mutant_Add_swap_P7_Q3_[].qasm,Quratest_0,0.011327368541707792,0.05145935991256413,0.011326956875197242,0.05123127436600569,0.0,0.024899781703676894,1.0000000000000009,0.9231129711973282,0.0034975883953862197,0.01326321339538622,False,False,False,False,False,True,False,True,False,False
qftentangled_4_Mutant_Add_swap_P7_Q3_[].qasm,PureState_1,0.013623455361098545,0.08358873939700137,0.01362075255047245,0.07466774537368817,0.0,0.02801157112275887,1.0,0.925575275080763,0.0005071640466370042,0.006854820296637004,False,False,False,False,False,True,False,True,False,False
qftentangled_4_Mutant_Add_swap_P7_Q3_[].qasm,Quratest_1,0.013569594818808886,0.06628037112398913,0.013568261455825695,0.058763563025460694,0.0,0.019824993184001626,0.9999999999999976,0.9228371277528642,0.009197594047319846,0.009685875297319846,False,False,False,False,False,True,False,True,False,False
qftentangled_4_Mutant_Add_swap_P7_Q3_[].qasm,PureState_2,0.014089527414486856,0.09472471333467669,0.014089058504931118,0.0859127968928139,0.0,0.02833892464142331,1.0000000000000009,0.9230808940394698,0.012714195296636976,0.06496028904663698,False,False,False,False,False,True,False,True,True,True
qftentangled_4_Mutant_Add_swap_P7_Q3_[].qasm,Quratest_2,0.01289415738259866,0.030684447438260834,0.01289349415865593,0.030669824921592453,0.0,0.01811530448207234,0.9999999999999982,0.9299024389736752,0.021103822969511528,0.023056947969511528,False,False,False,False,False,True,False,True,True,True
qftentangled_4_Mutant_Add_swap_P7_Q3_[].qasm,PureState_3,0.017527245585904416,0.09966435111567888,0.017523907991363857,0.09035437445449847,0.0,0.02848541237068121,1.0,0.9227757809955206,0.0063665390466369765,0.061542320296636976,False,False,False,False,False,True,False,True,False,True
qftentangled_4_Mutant_Add_swap_P7_Q3_[].qasm,Quratest_3,0.014489453864178867,0.0494848283489668,0.014487556908002968,0.0491093279864314,0.0,0.02076564845009252,1.0000000000000004,0.9244673788534927,0.0011901369924431637,0.014373730742443164,False,False,False,False,False,True,False,True,False,False
qftentangled_4_Mutant_Add_swap_P7_Q3_[].qasm,PureState_4,0.016305008120564048,0.09443277323872548,0.016303663594016013,0.08560691114174428,0.0,0.02838460516587435,1.0000000000000004,0.9227745992519283,0.012714195296636865,0.06496028904663687,False,False,False,False,False,True,False,True,True,True
qftentangled_4_Mutant_Add_swap_P7_Q3_[].qasm,Quratest_4,0.013816361910474998,0.0603751856902943,0.013814740688376813,0.059532886312313314,0.0,0.0266827477877892,1.0000000000000022,0.9233386436222041,0.01316392693676044,0.0029100206867604395,False,False,False,False,False,True,False,True,True,False
qftentangled_4_Mutant_Add_swap_P7_Q3_[].qasm,PureState_5,0.012705248293742553,0.082932289699265,0.012704501338935196,0.07543260952972958,0.0,0.027771585052300613,1.0,0.9258302327147517,0.010723304703363079,0.015117835953363079,False,False,False,False,False,True,False,True,False,True
qftentangled_4_Mutant_Add_swap_P7_Q3_[].qasm,Quratest_5,0.010825803953085867,0.06380018802560967,0.010823320502523999,0.06199955087391482,0.0,0.024101004784763302,0.9999999999999989,0.9246988816925692,0.010892453034265781,0.014310421784265781,False,False,False,False,False,True,False,True,False,False
qftentangled_4_Mutant_Add_swap_P7_Q3_[].qasm,PureState_6,0.010817825183040747,0.09113939380078986,0.010817521545136545,0.08315926275031932,0.0,0.028549929279504,0.9999999999999998,0.9223019719992842,0.012188148453363079,0.05470638279663692,False,False,False,False,False,True,False,True,True,True
qftentangled_4_Mutant_Add_swap_P7_Q3_[].qasm,Quratest_6,0.01321673157504961,0.12914895747696398,0.013191290172848386,0.1192948490420243,0.0,0.046606176854107166,0.9999999999999982,0.9161948773431527,0.007661071652558249,0.02182122790255825,False,True,False,True,False,True,False,True,False,True
qftentangled_4_Mutant_Add_swap_P7_Q3_[].qasm,PureState_7,0.014138022473098692,0.08842159492636834,0.014136239283968571,0.07932305317896522,0.0,0.028298631878069663,0.9999999999999998,0.9236905992643083,0.0033990859533631346,0.015643882796636865,False,False,False,False,False,True,False,True,False,True
qftentangled_4_Mutant_Add_swap_P7_Q3_[].qasm,Quratest_7,0.010288636890666572,0.08040637354635134,0.010287972307526452,0.07920537464248152,0.0,0.027240650103630592,0.9999999999999987,0.9179718918008435,0.01177994167438818,0.02056900417438818,False,False,False,False,False,True,False,True,True,True
qftentangled_4_Mutant_Add_swap_P7_Q3_[].qasm,PureState_8,0.017882437864450703,0.0841768893053585,0.017880248590112092,0.07589537894109516,0.0,0.02805859467349779,1.0000000000000022,0.9252209333622068,0.0005071640466369487,0.006854820296636949,False,False,False,False,False,True,False,True,False,False
qftentangled_4_Mutant_Add_swap_P7_Q3_[].qasm,Quratest_8,0.015219842372721913,0.0799521722951263,0.015219332320714995,0.06892104123611618,0.0,0.021297890126005303,1.0000000000000009,0.9228106698531897,0.003347015194060457,0.013112640194060457,False,False,False,False,False,True,False,True,False,False
qftentangled_4_Mutant_Add_swap_P7_Q3_[].qasm,PureState_9,0.015587409798571737,0.09344951936748463,0.01558564711835949,0.08452861144480496,0.0,0.02848269206772292,1.0000000000000004,0.9225460191229022,0.018535804703363024,0.044452476546636976,False,False,False,False,False,True,False,True,True,True
qftentangled_4_Mutant_Add_swap_P7_Q3_[].qasm,Quratest_9,0.012180052707068371,0.059103936595014936,0.012178905042931511,0.058826199228796915,0.0,0.026141464600979165,0.9999999999999996,0.9163691971709582,0.019694848206973342,0.005534691956973342,False,False,False,False,False,True,False,True,True,False
qftentangled_4_Mutant_Add_swap_P7_Q3_[].qasm,PureState_10,0.013827812492437232,0.0890665352083554,0.013827050859300409,0.08135046446795192,0.0,0.028251989270642867,1.0000000000000004,0.9235343830349402,0.00339908595336319,0.01564388279663681,False,False,False,False,False,True,False,True,False,True
qftentangled_4_Mutant_Add_swap_P7_Q3_[].qasm,Quratest_10,0.017000540559326885,0.09936390890394334,0.016993982100529284,0.09539731736399025,0.0,0.03367240652528211,1.0,0.9255685735620259,0.01928100361557039,0.08812865986557039,False,False,False,False,False,True,False,True,True,True
qftentangled_4_Mutant_Add_swap_P7_Q3_[].qasm,PureState_11,0.01081872979172183,0.09790976048913447,0.010813658190531848,0.08811428558923416,0.0,0.02851952875682496,1.0000000000000018,0.92212215031166,0.012188148453363135,0.054706382796636865,False,False,False,False,False,True,False,True,True,True
qftentangled_4_Mutant_Add_swap_P7_Q3_[].qasm,Quratest_11,0.013285574612216574,0.046410673714463786,0.013284575575936916,0.04626053733660723,0.0,0.024861426462306435,1.0000000000000013,0.9184541932915229,0.009804408196729897,0.013710658196729897,False,False,False,False,False,True,False,True,False,False
qftentangled_4_Mutant_Add_swap_P7_Q3_[].qasm,PureState_12,0.015770341404634458,0.08222736179779769,0.01576827059922088,0.07486062615080633,0.0,0.02781867287554003,1.0000000000000004,0.9256365698249324,0.010723304703363107,0.014629554703363107,False,False,False,False,False,True,False,True,False,False
qftentangled_4_Mutant_Add_swap_P7_Q3_[].qasm,Quratest_12,0.014026520854932854,0.06241154755874725,0.014023900011635134,0.06205706375940475,0.0,0.029944526515546604,1.0000000000000009,0.9241264255822274,0.012526751516004797,0.0745384702660048,False,False,False,False,False,True,False,True,True,True
qftentangled_4_Mutant_Add_swap_P7_Q3_[].qasm,PureState_13,0.008876325902000864,0.09390894954476481,0.008876191208685873,0.08528492710058411,0.0,0.028452245160996564,1.0000000000000018,0.9224037270891655,0.018535804703363135,0.044940757796636865,False,False,False,False,False,True,False,True,True,True
qftentangled_4_Mutant_Add_swap_P7_Q3_[].qasm,Quratest_13,0.01269169168334693,0.05880157211052502,0.012684680620439818,0.057621132650289945,0.0,0.020489965070902366,0.9999999999999998,0.9251649185397771,0.009280795718445534,0.028323764468445534,False,False,False,False,False,True,False,True,False,True
qftentangled_4_Mutant_Add_swap_P7_Q3_[].qasm,PureState_14,0.013862434277925747,0.1001177594927475,0.013861799697705944,0.0898739513026979,0.0,0.02808046512478784,1.0000000000000013,0.9238875147680213,0.00877017970336319,0.01173763279663681,False,True,False,False,False,True,False,True,False,False
qftentangled_4_Mutant_Add_swap_P7_Q3_[].qasm,Quratest_14,0.009076280720873815,0.08922164350100024,0.009075327201975545,0.08190488053155107,0.0,0.024726424760816296,1.0000000000000018,0.918370283288757,0.015904880317119674,0.018274807182880326,False,False,False,False,False,True,False,True,True,True
qftentangled_4_Mutant_Add_swap_P7_Q3_[].qasm,PureState_15,0.007858540426158252,0.0841678454033327,0.007857293134831618,0.07554161616006298,0.0,0.02812616076582077,1.0,0.9240753887057291,0.008770179703363135,0.012225914046636865,False,False,False,False,False,True,False,True,False,False
qftentangled_4_Mutant_Add_swap_P7_Q3_[].qasm,Quratest_15,0.008731528200199299,0.07720034318086998,0.008731195021702592,0.07349000031924512,0.0,0.018328909385469137,0.9999999999999989,0.9189933682993761,0.0011508016318695358,0.054373457881869536,False,False,False,False,False,True,False,True,False,True
qftentangled_4_Mutant_Add_z_P0_Q3_[].qasm,PureState_0,0.01169723043404871,0.09549237223954757,0.01169661738133208,0.08647806138254358,0.0,0.027969620987376445,1.0,0.9239744557537741,0.0063665390466369765,0.059589195296636976,False,False,False,False,False,True,False,True,False,True
qftentangled_4_Mutant_Add_z_P0_Q3_[].qasm,Quratest_0,0.018734090205925823,0.0501550158403564,0.018731148672658102,0.04990503828633714,0.0,0.024451961125694463,1.0000000000000009,0.9245027349429682,0.0034975883953862197,0.01131008839538622,False,False,False,False,False,True,False,True,False,False
qftentangled_4_Mutant_Add_z_P0_Q3_[].qasm,PureState_1,0.012318698136366013,0.0767869799262752,0.012317874273776584,0.06988883302277786,0.0,0.02751655920855519,1.0,0.927028931520237,0.0005071640466370042,0.007343101546637004,False,False,False,False,False,True,False,True,False,False
qftentangled_4_Mutant_Add_z_P0_Q3_[].qasm,Quratest_1,0.011747221409154712,0.07306686714270016,0.011746817201605659,0.06581981223454465,0.0,0.01936072086674331,0.9999999999999976,0.9243147105251207,0.009197594047319846,0.009685875297319846,False,False,False,False,False,True,False,True,False,False
qftentangled_4_Mutant_Add_z_P0_Q3_[].qasm,PureState_2,0.012979850086006522,0.0996767373534381,0.012979352981399964,0.08972474211156482,0.0,0.02782284387666249,1.0000000000000009,0.9245308880737557,0.012714195296636976,0.06398372654663698,False,False,False,False,False,True,False,True,True,True
qftentangled_4_Mutant_Add_z_P0_Q3_[].qasm,Quratest_2,0.017189097886430953,0.031002228496882053,0.017186024481907116,0.030975702120190896,0.0,0.01789046206696555,0.9999999999999982,0.9312281906263646,0.021103822969511528,0.022568666719511528,False,False,False,False,False,True,False,True,True,True
qftentangled_4_Mutant_Add_z_P0_Q3_[].qasm,PureState_3,0.014604961537262802,0.09181322999092709,0.014602056663669219,0.08305786070515163,0.0,0.027969616271970456,1.0,0.9242252620160885,0.0063665390466369765,0.059589195296636976,False,False,False,False,False,True,False,True,False,True
qftentangled_4_Mutant_Add_z_P0_Q3_[].qasm,Quratest_3,0.01475137433871262,0.039691066372087726,0.014750778184214936,0.039497225787166725,0.0,0.0201992139678661,1.0000000000000004,0.9259599428224639,0.0011901369924431637,0.014862011992443164,False,False,False,False,False,True,False,True,False,False
qftentangled_4_Mutant_Add_z_P0_Q3_[].qasm,PureState_4,0.014065085703456943,0.09299488752962465,0.0140619733336436,0.08373259429858805,0.0,0.027822839161256482,1.0000000000000004,0.9242238402342675,0.012714195296636865,0.06398372654663687,False,False,False,False,False,True,False,True,True,True
qftentangled_4_Mutant_Add_z_P0_Q3_[].qasm,Quratest_4,0.01599873663882744,0.05838119882200243,0.015988390426157403,0.05730765486896476,0.0,0.02612894012396752,1.0000000000000022,0.9247442236060851,0.01316392693676044,0.0024217394367604395,False,False,False,False,False,True,False,True,True,False
qftentangled_4_Mutant_Add_z_P0_Q3_[].qasm,PureState_5,0.010934928368045686,0.08498700107652855,0.010934290225062131,0.07691523116486383,0.0,0.027276274260927345,1.0,0.9272843522137868,0.010723304703363079,0.015606117203363079,False,False,False,False,False,True,False,True,False,True
qftentangled_4_Mutant_Add_z_P0_Q3_[].qasm,Quratest_5,0.013525956150052395,0.06300630464910416,0.013524867494893782,0.06145979203043494,0.0,0.023808200808961406,0.9999999999999989,0.9260896074827921,0.010892453034265781,0.01577526553426578,False,False,False,False,False,True,False,True,False,True
qftentangled_4_Mutant_Add_z_P0_Q3_[].qasm,PureState_6,0.013299250175267919,0.09449946397091831,0.013298734517381507,0.08584052532737152,0.0,0.028039774673264028,0.9999999999999998,0.923812456876146,0.012188148453363079,0.05519466404663692,False,False,False,False,False,True,False,True,True,True
qftentangled_4_Mutant_Add_z_P0_Q3_[].qasm,Quratest_6,0.016152431120763984,0.11946917744704462,0.01601642787353603,0.11041744784705948,0.0,0.04581244857128082,0.9999999999999982,0.9175888637929642,0.007661071652558249,0.02230950915255825,False,True,False,True,False,True,False,True,False,True
qftentangled_4_Mutant_Add_z_P0_Q3_[].qasm,PureState_7,0.012866837088432562,0.08339956279432872,0.01286411701439497,0.07532317379501745,0.0,0.02775754421653774,0.9999999999999998,0.9252029411621985,0.0033990859533631346,0.015643882796636865,False,False,False,False,False,True,False,True,False,True
qftentangled_4_Mutant_Add_z_P0_Q3_[].qasm,Quratest_7,0.013511989552662342,0.07746619279759218,0.013487244861906592,0.0764011833494139,0.0,0.026596976233525117,0.9999999999999987,0.9194606496151512,0.01177994167438818,0.01861587917438818,False,False,False,False,False,True,False,True,True,True
qftentangled_4_Mutant_Add_z_P0_Q3_[].qasm,PureState_8,0.010830428407046573,0.0891837525787075,0.010829855571080054,0.08050609380580528,0.0,0.027516559167846132,1.0000000000000022,0.9266738594325377,0.0005071640466369487,0.007343101546636949,False,False,False,False,False,True,False,True,False,False
qftentangled_4_Mutant_Add_z_P0_Q3_[].qasm,Quratest_8,0.009550523108312468,0.06411558999808742,0.009550366577637671,0.05496612162418213,0.0,0.02090005699206873,1.0000000000000009,0.9242800393312239,0.003347015194060457,0.012624358944060457,False,False,False,False,False,True,False,True,False,False
qftentangled_4_Mutant_Add_z_P0_Q3_[].qasm,PureState_9,0.010937225184900399,0.08762371925949385,0.010936621722557521,0.0791819788938138,0.0,0.027972230456170526,1.0000000000000004,0.924056980259637,0.018535804703363024,0.044452476546636976,False,False,False,False,False,True,False,True,True,True
qftentangled_4_Mutant_Add_z_P0_Q3_[].qasm,Quratest_9,0.014582811362156334,0.059397286272219636,0.014579807387547748,0.059044397455412886,0.0,0.025794057989788656,0.9999999999999996,0.9177552615222515,0.019694848206973342,0.006511254456973342,False,False,False,False,False,True,False,True,True,False
qftentangled_4_Mutant_Add_z_P0_Q3_[].qasm,PureState_10,0.010332848684421053,0.08082960269572714,0.01033254583183188,0.0731725186921829,0.0,0.02775754425366271,1.0000000000000004,0.924922575937677,0.00339908595336319,0.01564388279663681,False,False,False,False,False,True,False,True,False,True
qftentangled_4_Mutant_Add_z_P0_Q3_[].qasm,Quratest_10,0.009735923817553624,0.10176414348065504,0.009734614184266733,0.09677620912242527,0.0,0.033207844707790944,1.0,0.9268180040401675,0.01928100361557039,0.08666381611557039,False,True,False,False,False,True,False,True,True,True
qftentangled_4_Mutant_Add_z_P0_Q3_[].qasm,PureState_11,0.013705493428108716,0.0934768592643266,0.013702197425579175,0.08432326382539652,0.0,0.02803977462798294,1.0000000000000018,0.9235086262684478,0.012188148453363135,0.055194664046636865,False,False,False,False,False,True,False,True,True,True
qftentangled_4_Mutant_Add_z_P0_Q3_[].qasm,Quratest_11,0.015282715680985626,0.0581247131813129,0.015280145523273081,0.057862346509497606,0.0,0.024521889429984588,1.0000000000000013,0.9199082187263824,0.009804408196729897,0.013222376946729897,False,False,False,False,False,True,False,True,False,False
qftentangled_4_Mutant_Add_z_P0_Q3_[].qasm,PureState_12,0.014208323686633665,0.0801912891060737,0.014199651435372414,0.07287984060261297,0.0,0.02727627430163624,1.0000000000000004,0.9270902071600756,0.010723304703363107,0.015606117203363107,False,False,False,False,False,True,False,True,False,True
qftentangled_4_Mutant_Add_z_P0_Q3_[].qasm,Quratest_12,0.017034002794320394,0.0648924444557795,0.01703102903534609,0.06454045388914552,0.0,0.029487116720188552,1.0000000000000009,0.9254615987401398,0.012526751516004797,0.0750267515160048,False,False,False,False,False,True,False,True,True,True
qftentangled_4_Mutant_Add_z_P0_Q3_[].qasm,PureState_13,0.01311139839084401,0.09177397178428705,0.013110328360502656,0.08331202679548799,0.0,0.027972230501451267,1.0000000000000018,0.9237907328058907,0.018535804703363135,0.044452476546636865,False,False,False,False,False,True,False,True,True,True
qftentangled_4_Mutant_Add_z_P0_Q3_[].qasm,Quratest_13,0.012770908528803993,0.05439959599197624,0.01276911241760054,0.05322309382231148,0.0,0.019935527168208796,0.9999999999999998,0.9265833827698426,0.009280795718445534,0.026858920718445534,False,False,False,False,False,True,False,True,False,True
qftentangled_4_Mutant_Add_z_P0_Q3_[].qasm,PureState_14,0.014367192828583846,0.08465282291867852,0.014366341550195554,0.07640630087161544,0.0,0.027564010253743144,1.0000000000000013,0.9252763062853633,0.00877017970336319,0.01222591404663681,False,False,False,False,False,True,False,True,False,False
qftentangled_4_Mutant_Add_z_P0_Q3_[].qasm,Quratest_14,0.012686778728035454,0.08929541640722459,0.012662024903570056,0.08154813398029351,0.0,0.02390476247433916,1.0000000000000018,0.9197334778099051,0.015904880317119674,0.019251369682880326,False,False,False,False,False,True,False,True,True,True
qftentangled_4_Mutant_Add_z_P0_Q3_[].qasm,PureState_15,0.012175822540034107,0.08254321065408242,0.012174827015914587,0.07422225563726906,0.0,0.02756400552013823,1.0,0.9255884033990325,0.008770179703363135,0.012225914046636865,False,False,False,False,False,True,False,True,False,False
qftentangled_4_Mutant_Add_z_P0_Q3_[].qasm,Quratest_15,0.012226055998662753,0.07502426171342004,0.0122186974394578,0.07155445432299114,0.0,0.017931186178783608,0.9999999999999989,0.9204537837034736,0.0011508016318695358,0.054861739131869536,False,False,False,False,False,True,False,True,False,True
qftentangled_4_Mutant_Add_cp_P11_Q2_[0.0].qasm,PureState_0,0.015549504582186463,0.09805347513122412,0.015546894066318664,0.08894780469643887,0.0,0.028361680953036622,1.0,0.9227762179340013,0.0063665390466369765,0.060565757796636976,False,False,False,False,False,True,False,True,False,True
qftentangled_4_Mutant_Add_cp_P11_Q2_[0.0].qasm,Quratest_0,0.010100334378653182,0.052810267803051196,0.01009965898451827,0.05254586108269052,0.0,0.024765832478790446,1.0000000000000009,0.9233671269311888,0.0034975883953862197,0.01179836964538622,False,False,False,False,False,True,False,True,False,False
qftentangled_4_Mutant_Add_cp_P11_Q2_[0.0].qasm,PureState_1,0.012376974856195369,0.0828306432972596,0.01236858796942791,0.07504537357217599,0.0,0.02786673204950628,1.0,0.9258271292333932,0.0005071640466370042,0.006854820296637004,False,False,False,False,False,True,False,True,False,False
qftentangled_4_Mutant_Add_cp_P11_Q2_[0.0].qasm,Quratest_1,0.013419992009641477,0.0716542162314626,0.013418866195292135,0.0649654808142453,0.0,0.019848698446161953,0.9999999999999976,0.9230565300945448,0.009197594047319846,0.009197594047319846,False,False,False,False,False,True,False,True,False,False
qftentangled_4_Mutant_Add_cp_P11_Q2_[0.0].qasm,PureState_2,0.020653963530120382,0.09816798936170429,0.02064258327013425,0.08999217374956439,0.0,0.028214757971588775,1.0000000000000009,0.9233319314736085,0.012714195296636976,0.06447200779663698,False,False,False,False,False,True,False,True,True,True
qftentangled_4_Mutant_Add_cp_P11_Q2_[0.0].qasm,Quratest_2,0.011947525411016542,0.035871149528835224,0.011945959015725278,0.03582687998965871,0.0,0.018183429211045276,0.9999999999999982,0.930161478772027,0.021103822969511528,0.021103822969511528,False,False,False,False,False,True,False,True,True,True
qftentangled_4_Mutant_Add_cp_P11_Q2_[0.0].qasm,PureState_3,0.012300915635734313,0.09208263731989216,0.012300454162564204,0.08228169835710933,0.0,0.028361676247585232,1.0,0.9230267010396516,0.0063665390466369765,0.060565757796636976,False,False,False,False,False,True,False,True,False,True
qftentangled_4_Mutant_Add_cp_P11_Q2_[0.0].qasm,Quratest_3,0.015156201688888087,0.04740395714177603,0.015155091708288842,0.04710284484566813,0.0,0.020317382118245422,1.0000000000000004,0.9248231149150461,0.0011901369924431637,0.015350293242443164,False,False,False,False,False,True,False,True,False,True
qftentangled_4_Mutant_Add_cp_P11_Q2_[0.0].qasm,PureState_4,0.012309936885424633,0.10342654249747082,0.012308852696385729,0.09407514158062275,0.0,0.028214753266137434,1.0000000000000004,0.9230252878574898,0.012714195296636865,0.06447200779663687,False,True,False,False,False,True,False,True,True,True
qftentangled_4_Mutant_Add_cp_P11_Q2_[0.0].qasm,Quratest_4,0.013203452085891323,0.05963179114906678,0.013200552417714808,0.05917145582970037,0.0,0.026466804929527177,1.0000000000000022,0.9235515568802013,0.01316392693676044,0.0024217394367604395,False,False,False,False,False,True,False,True,True,False
qftentangled_4_Mutant_Add_cp_P11_Q2_[0.0].qasm,PureState_5,0.019516723408128985,0.07563285433647317,0.019515024422177035,0.06828153649130081,0.0,0.027659032213080054,1.0,0.9260825097364753,0.010723304703363079,0.015117835953363079,False,False,False,False,False,True,False,True,False,True
qftentangled_4_Mutant_Add_cp_P11_Q2_[0.0].qasm,Quratest_5,0.020710915102532982,0.0575404822241667,0.020690097125656736,0.05642639288778251,0.0,0.024231901242573378,0.9999999999999989,0.9249215429066855,0.010892453034265781,0.01626354678426578,False,False,False,False,False,True,False,True,False,True
qftentangled_4_Mutant_Add_cp_P11_Q2_[0.0].qasm,PureState_6,0.010116535778982177,0.0961589626698868,0.010116251504732322,0.0865313285947152,0.0,0.028398789835201974,0.9999999999999998,0.922613156549464,0.012188148453363079,0.05519466404663692,False,False,False,False,False,True,False,True,True,True
qftentangled_4_Mutant_Add_cp_P11_Q2_[0.0].qasm,Quratest_6,0.011524596989876491,0.12894709079507866,0.011469156395516024,0.1185996424928533,0.0,0.04630159007469009,0.9999999999999982,0.9164491184209796,0.007661071652558249,0.02230950915255825,False,True,False,True,False,True,False,True,False,True
qftentangled_4_Mutant_Add_cp_P11_Q2_[0.0].qasm,PureState_7,0.015944708809089162,0.08901090680385154,0.015941023521973654,0.08059269034606718,0.0,0.028139984154129195,0.9999999999999998,0.9240005452560763,0.0033990859533631346,0.016132164046636865,False,False,False,False,False,True,False,True,False,True
qftentangled_4_Mutant_Add_cp_P11_Q2_[0.0].qasm,Quratest_7,0.013590358855580483,0.069723615847957,0.013588155168966472,0.06879349986442758,0.0,0.026948005128305585,0.9999999999999987,0.9183076390023034,0.01177994167438818,0.01861587917438818,False,False,False,False,False,True,False,True,True,True
qftentangled_4_Mutant_Add_cp_P11_Q2_[0.0].qasm,PureState_8,0.01028940277960507,0.0888774126274686,0.010289175227285558,0.08077069292158467,0.0,0.02786673200785661,1.0000000000000022,0.9254725113520623,0.0005071640466369487,0.006854820296636949,False,False,False,False,False,True,False,True,False,False
qftentangled_4_Mutant_Add_cp_P11_Q2_[0.0].qasm,Quratest_8,0.013910484891871498,0.07326872959272716,0.013909418690847072,0.06386604500328781,0.0,0.021128640316752514,1.0000000000000009,0.9230970502128154,0.003347015194060457,0.013112640194060457,False,False,False,False,False,True,False,True,False,False
qftentangled_4_Mutant_Add_cp_P11_Q2_[0.0].qasm,PureState_9,0.015896330278047682,0.0971279099034232,0.015895124220393818,0.08770221885370029,0.0,0.028396699839308544,1.0000000000000004,0.9228573663925764,0.018535804703363024,0.043964195296636976,False,False,False,False,False,True,False,True,True,True
qftentangled_4_Mutant_Add_cp_P11_Q2_[0.0].qasm,Quratest_9,0.01173607195795125,0.053539392575874346,0.011735548801972548,0.053328566912643406,0.0,0.026085286891351492,0.9999999999999996,0.9165369188394391,0.019694848206973342,0.006022973206973342,False,False,False,False,False,True,False,True,True,False
qftentangled_4_Mutant_Add_cp_P11_Q2_[0.0].qasm,PureState_10,0.014181612463160447,0.09297090746545741,0.014178708218565168,0.08436644797673673,0.0,0.028139984191451903,1.0000000000000004,0.9237205496035517,0.00339908595336319,0.01613216404663681,False,False,False,False,False,True,False,True,False,True
qftentangled_4_Mutant_Add_cp_P11_Q2_[0.0].qasm,Quratest_10,0.01005290577636087,0.09986235550058059,0.010050185662833862,0.09503154749788803,0.0,0.033729851393482155,1.0,0.9258168806079885,0.01928100361557039,0.08519897236557039,False,False,False,False,False,True,False,True,True,True
qftentangled_4_Mutant_Add_cp_P11_Q2_[0.0].qasm,PureState_11,0.013288799488694486,0.09693912280101388,0.013288188876077661,0.088394970424537,0.0,0.028398789790937285,1.0000000000000018,0.9223097103081456,0.012188148453363135,0.055194664046636865,False,False,False,False,False,True,False,True,True,True
qftentangled_4_Mutant_Add_cp_P11_Q2_[0.0].qasm,Quratest_11,0.008557058002891168,0.05105424387065866,0.008556559849031767,0.050905919878536085,0.0,0.02495026917072307,1.0000000000000013,0.9186425016025042,0.009804408196729897,0.014198939446729897,False,False,False,False,False,True,False,True,False,False
qftentangled_4_Mutant_Add_cp_P11_Q2_[0.0].qasm,PureState_12,0.012133149422716531,0.07744816164838828,0.012132242546972658,0.0699284982928121,0.0,0.027659032254729713,1.0000000000000004,0.925888625793331,0.010723304703363107,0.015117835953363107,False,False,False,False,False,True,False,True,False,True
qftentangled_4_Mutant_Add_cp_P11_Q2_[0.0].qasm,Quratest_12,0.011728653231827809,0.0678613511111226,0.011727682458979871,0.0674472290130266,0.0,0.029956883528295772,1.0000000000000009,0.9243250191103438,0.012526751516004797,0.0750267515160048,False,False,False,False,False,True,False,True,True,True
qftentangled_4_Mutant_Add_cp_P11_Q2_[0.0].qasm,PureState_13,0.011287739826257399,0.09280612857569959,0.011286080653844805,0.08512257644455479,0.0,0.02839669988357309,1.0000000000000018,0.9225914791104024,0.018535804703363135,0.043964195296636865,False,False,False,False,False,True,False,True,True,True
qftentangled_4_Mutant_Add_cp_P11_Q2_[0.0].qasm,Quratest_13,0.015233709867934667,0.061064050689285936,0.015232974156182735,0.059772259854421216,0.0,0.0202605173713628,0.9999999999999998,0.925326530005645,0.009280795718445534,0.027347201968445534,False,False,False,False,False,True,False,True,False,True
qftentangled_4_Mutant_Add_cp_P11_Q2_[0.0].qasm,PureState_14,0.010939379350961835,0.0855239290794222,0.010938121308297407,0.07796828514048033,0.0,0.027902021259218097,1.0000000000000013,0.9240738319628593,0.00877017970336319,0.01222591404663681,False,False,False,False,False,True,False,True,False,False
qftentangled_4_Mutant_Add_cp_P11_Q2_[0.0].qasm,Quratest_14,0.012941903444658542,0.08892687071024538,0.012931119417646976,0.08205509339818615,0.0,0.024092211362938466,1.0000000000000018,0.9185616061855174,0.015904880317119674,0.019739650932880326,False,False,False,False,False,True,False,True,True,True
qftentangled_4_Mutant_Add_cp_P11_Q2_[0.0].qasm,PureState_15,0.011584601082554193,0.08592520552324283,0.011583911122783948,0.07762763556159218,0.0,0.02790201652883458,1.0,0.92438552463699,0.008770179703363135,0.012225914046636865,False,False,False,False,False,True,False,True,False,False
qftentangled_4_Mutant_Add_cp_P11_Q2_[0.0].qasm,Quratest_15,0.01387887630206777,0.0670810729800145,0.013878423324661108,0.0647006975950609,0.0,0.018125588788337508,0.9999999999999989,0.9193206963480041,0.0011508016318695358,0.053885176631869536,False,False,False,False,False,True,False,True,False,True
qftentangled_4_Mutant_Add_id_P13_Q0_[].qasm,PureState_0,0.017938279090894512,0.09473538142251481,0.01793632312248398,0.08518075038191104,0.0,0.02827816382283349,1.0,0.9233891228801697,0.0063665390466369765,0.060565757796636976,False,False,False,False,False,True,False,True,False,True
qftentangled_4_Mutant_Add_id_P13_Q0_[].qasm,Quratest_0,0.01398482525382155,0.04742141056694365,0.013983434111443116,0.047222809082681866,0.0,0.02472664415211026,1.0000000000000009,0.9239335836008362,0.0034975883953862197,0.01228665089538622,False,False,False,False,False,True,False,True,False,False
qftentangled_4_Mutant_Add_id_P13_Q0_[].qasm,PureState_1,0.014082821781284015,0.08733350768070712,0.014079990415292613,0.07974287775411222,0.0,0.027825862646721114,1.0,0.9264787925474296,0.0005071640466370042,0.006854820296637004,False,False,False,False,False,True,False,True,False,False
qftentangled_4_Mutant_Add_id_P13_Q0_[].qasm,Quratest_1,0.010259644136897252,0.07170645771462851,0.010258593741718013,0.06372409424993973,0.0,0.01954918102777707,0.9999999999999976,0.9237220800907556,0.009197594047319846,0.008709312797319846,False,False,False,False,False,True,False,True,False,False
qftentangled_4_Mutant_Add_id_P13_Q0_[].qasm,PureState_2,0.016063262049182545,0.09878212920047383,0.016054801125470256,0.08923694776906792,0.0,0.02813154490755408,1.0000000000000009,0.9239451410689254,0.012714195296636976,0.06447200779663698,False,False,False,False,False,True,False,True,True,True
qftentangled_4_Mutant_Add_id_P13_Q0_[].qasm,Quratest_2,0.013842085577069374,0.03782966923961687,0.013841514715705695,0.03779363697509904,0.0,0.01818460716606483,0.9999999999999982,0.9307395046799313,0.021103822969511528,0.021592104219511528,False,False,False,False,False,True,False,True,True,True
qftentangled_4_Mutant_Add_id_P13_Q0_[].qasm,PureState_3,0.010537264485968584,0.0983263288310252,0.010534767878029119,0.08946591879535305,0.0,0.028278159112510293,1.0,0.9236398100169341,0.0063665390466369765,0.060565757796636976,False,False,False,False,False,True,False,True,False,True
qftentangled_4_Mutant_Add_id_P13_Q0_[].qasm,Quratest_3,0.013539459653223621,0.04408508959756563,0.01353695938864333,0.043910843819962776,0.0,0.020320983477098382,1.0000000000000004,0.9254933757920771,0.0011901369924431637,0.015350293242443164,False,False,False,False,False,True,False,True,False,True
qftentangled_4_Mutant_Add_id_P13_Q0_[].qasm,PureState_4,0.016497764339746444,0.09140797267920853,0.01649604828404073,0.08310748055097032,0.0,0.028131540197231096,1.0000000000000004,0.9236382236411443,0.012714195296636865,0.06447200779663687,False,False,False,False,False,True,False,True,True,True
qftentangled_4_Mutant_Add_id_P13_Q0_[].qasm,Quratest_4,0.014737708052427615,0.05665224316195997,0.01473622370954568,0.05575231558115787,0.0,0.02646071202313217,1.0000000000000022,0.9241572215800364,0.01316392693676044,0.0029100206867604395,False,False,False,False,False,True,False,True,True,False
qftentangled_4_Mutant_Add_id_P13_Q0_[].qasm,PureState_5,0.008833923887320572,0.08851371806605451,0.008833441205046375,0.07913888227246611,0.0,0.027585818505431653,1.0,0.9267338847346647,0.010723304703363079,0.015606117203363079,False,False,False,False,False,True,False,True,False,True
qftentangled_4_Mutant_Add_id_P13_Q0_[].qasm,Quratest_5,0.017132804972347884,0.0682630485819922,0.017129556704632225,0.06690547562522872,0.0,0.02412481300916473,0.9999999999999989,0.9255270180245532,0.010892453034265781,0.01577526553426578,False,False,False,False,False,True,False,True,False,True
qftentangled_4_Mutant_Add_id_P13_Q0_[].qasm,PureState_6,0.016247644557070312,0.10156881974568309,0.016240961519850466,0.09085415172641184,0.0,0.02834824170972757,0.9999999999999998,0.9232245343342438,0.012188148453363079,0.05470638279663692,False,True,False,False,False,True,False,True,True,True
qftentangled_4_Mutant_Add_id_P13_Q0_[].qasm,Quratest_6,0.015611796274644579,0.12822252659559175,0.01558626009535367,0.11839594258902084,0.0,0.04620150538944569,0.9999999999999982,0.9170179804243996,0.007661071652558249,0.02279779040255825,False,True,False,True,False,True,False,True,False,True
qftentangled_4_Mutant_Add_id_P13_Q0_[].qasm,PureState_7,0.017695093983501557,0.0822149182660517,0.01769212696223053,0.07452753646842267,0.0,0.028066587970693994,0.9999999999999998,0.9246129251395308,0.0033990859533631346,0.016132164046636865,False,False,False,False,False,True,False,True,False,True
qftentangled_4_Mutant_Add_id_P13_Q0_[].qasm,Quratest_7,0.011164361096848688,0.0712901174964031,0.01116398788872202,0.0704726614333354,0.0,0.026716909796484174,0.9999999999999987,0.9188762730695522,0.01177994167438818,0.01812759792438818,False,False,False,False,False,True,False,True,True,True
qftentangled_4_Mutant_Add_id_P13_Q0_[].qasm,PureState_8,0.01551088610941097,0.08100956247955733,0.015507901174095846,0.0737767431671321,0.0,0.02782586260605597,1.0000000000000022,0.9261239240795575,0.0005071640466369487,0.006854820296636949,False,False,False,False,False,True,False,True,False,False
qftentangled_4_Mutant_Add_id_P13_Q0_[].qasm,Quratest_8,0.014383198171247993,0.0735079515205699,0.014382484865943963,0.06269174547938346,0.0,0.02108543713304272,1.0000000000000009,0.9237161816425922,0.003347015194060457,0.012624358944060457,False,False,False,False,False,True,False,True,False,False
qftentangled_4_Mutant_Add_id_P13_Q0_[].qasm,PureState_9,0.011239607733822326,0.09530487741361832,0.01123867728951938,0.08664759602320915,0.0,0.028280770639229173,1.0000000000000004,0.9234687745337193,0.018535804703363024,0.044452476546636976,False,False,False,False,False,True,False,True,True,True
qftentangled_4_Mutant_Add_id_P13_Q0_[].qasm,Quratest_9,0.009984013965167071,0.058202747609070474,0.009983783740408054,0.05789325193660395,0.0,0.026009370398951695,0.9999999999999996,0.9172253794797858,0.019694848206973342,0.005534691956973342,False,False,False,False,False,True,False,True,True,False
qftentangled_4_Mutant_Add_id_P13_Q0_[].qasm,PureState_10,0.016983941568334108,0.09263082347221405,0.01698241465570684,0.08378946814259666,0.0,0.028066588007778885,1.0000000000000004,0.9243326736746957,0.00339908595336319,0.01613216404663681,False,False,False,False,False,True,False,True,False,True
qftentangled_4_Mutant_Add_id_P13_Q0_[].qasm,Quratest_10,0.012055941552014865,0.09701758335530315,0.01205398559190799,0.09276186054699774,0.0,0.033591170778728155,1.0,0.9262446187927791,0.01928100361557039,0.08617553486557039,False,False,False,False,False,True,False,True,True,True
qftentangled_4_Mutant_Add_id_P13_Q0_[].qasm,PureState_11,0.012728112432535046,0.09898780785483448,0.012726194522183643,0.09038087023197407,0.0,0.02834824166449538,1.0000000000000018,0.9229209523174565,0.012188148453363135,0.054706382796636865,False,False,False,False,False,True,False,True,True,True
qftentangled_4_Mutant_Add_id_P13_Q0_[].qasm,Quratest_11,0.012856013455070495,0.0513902551790099,0.012855381621249861,0.05124128566747705,0.0,0.024758253860228355,1.0000000000000013,0.9193164731154074,0.009804408196729897,0.013710658196729897,False,False,False,False,False,True,False,True,False,False
qftentangled_4_Mutant_Add_id_P13_Q0_[].qasm,PureState_12,0.013013853413353914,0.08774282226199902,0.013011277257599834,0.08053829569703046,0.0,0.027585818546096583,1.0000000000000004,0.9265399354140462,0.010723304703363107,0.015606117203363107,False,False,False,False,False,True,False,True,False,True
qftentangled_4_Mutant_Add_id_P13_Q0_[].qasm,Quratest_12,0.021506840865946595,0.06393528499302002,0.021501568404265183,0.06359077687018512,0.0,0.029847707046472514,1.0000000000000009,0.9248925673431396,0.012526751516004797,0.0745384702660048,False,False,False,False,False,True,False,True,True,True
qftentangled_4_Mutant_Add_id_P13_Q0_[].qasm,PureState_13,0.011698268480735973,0.09625452414437312,0.011697591175201291,0.08724700141429499,0.0,0.02828077068446118,1.0000000000000018,0.9232027599431772,0.018535804703363135,0.044452476546636865,False,False,False,False,False,True,False,True,True,True
qftentangled_4_Mutant_Add_id_P13_Q0_[].qasm,Quratest_13,0.009389230436651118,0.059048028231089664,0.009380072030151686,0.057710394800334665,0.0,0.02016526387721306,0.9999999999999998,0.9260156829261028,0.009280795718445534,0.027347201968445534,False,False,False,False,False,True,False,True,False,True
qftentangled_4_Mutant_Add_id_P13_Q0_[].qasm,PureState_14,0.0111774322396982,0.0896860801636623,0.011177028834724274,0.08144393428511819,0.0,0.027872990290517922,1.0000000000000013,0.9246861049111678,0.00877017970336319,0.01222591404663681,False,False,False,False,False,True,False,True,False,False
qftentangled_4_Mutant_Add_id_P13_Q0_[].qasm,Quratest_14,0.010903177738539563,0.09639354153933201,0.01090125686527186,0.08852974336625972,0.0,0.024042816920450225,1.0000000000000018,0.9191690009031537,0.015904880317119674,0.019739650932880326,False,False,False,False,False,True,False,True,True,True
qftentangled_4_Mutant_Add_id_P13_Q0_[].qasm,PureState_15,0.014304879510132203,0.08471957960689086,0.01429858955802013,0.07797489967156963,0.0,0.027872985562015503,1.0,0.9249980673859682,0.008770179703363135,0.012225914046636865,False,False,False,False,False,True,False,True,False,False
qftentangled_4_Mutant_Add_id_P13_Q0_[].qasm,Quratest_15,0.014697165703450492,0.06690014287875007,0.014696473329245055,0.06426004275179774,0.0,0.018151924216700997,0.9999999999999989,0.9198710736526687,0.0011508016318695358,0.053885176631869536,False,False,False,False,False,True,False,True,False,True
