Name,Input,Ideal_output_distribution,Ideal_density_matrix,Noisy_output_distribution,Noisy_density_matrix
data/selected_mutant_qc/mutants_qftentangled_6/qftentangled_6_Mutant_Replace_cp_P28_Q1_[3.9269908169872414].qasm,PureState_0,"{'001101': 2, '000011': 4, '001110': 10, '101001': 6, '011111': 8, '010010': 6, '010101': 1, '101111': 2, '011100': 24, '101010': 3, '100010': 19, '101100': 33, '100111': 16, '100100': 8, '000100': 16, '001111': 32, '110101': 35, '001000': 4, '111010': 22, '111100': 11, '111110': 2, '111011': 26, '101101': 27, '110011': 9, '111111': 24, '100110': 1, '010000': 3, '110111': 27, '011001': 18, '011101': 28, '000101': 29, '000000': 27, '110001': 33, '111001': 12, '100001': 17, '001011': 30, '001001': 26, '110000': 36, '110010': 26, '101011': 1, '010110': 1, '010111': 8, '010001': 4, '000111': 12, '010100': 22, '010011': 29, '011000': 35, '100011': 31, '000001': 20, '011010': 8, '111000': 1, '000010': 13, '001010': 17, '001100': 4, '101000': 29, '000110': 21, '110110': 32, '110100': 17, '101110': 19, '011110': 37}","DensityMatrix([[ 0.03125   +0.00000000e+00j, -0.02507   -1.23161017e-03j,
                -0.015625  -1.56250000e-02j, ...,
                 0.00307932-3.39750344e-03j, -0.00575483+7.01228406e-03j,
                 0.01685629-1.85980476e-02j],
               [-0.02507   +1.23161017e-03j,  0.0201607 +0.00000000e+00j,
                 0.01315081+1.19191954e-02j, ...,
                -0.00233645+2.84697388e-03j,  0.00434039-5.85234174e-03j,
                -0.01278981+1.55844304e-02j],
               [-0.015625  +1.56250000e-02j,  0.01315081-1.19191954e-02j,
                 0.015625  +0.00000000e+00j, ...,
                 0.00015909+3.23841054e-03j, -0.00062873-6.38355843e-03j,
                 0.00087088+1.77271677e-02j],
               ...,
               [ 0.00307932+3.39750344e-03j, -0.00233645-2.84697388e-03j,
                 0.00015909-3.23841054e-03j, ...,
                 0.00067281+0.00000000e+00j, -0.00132945+6.53115408e-05j,
                 0.00368297+8.02309608e-18j],
               [-0.00575483-7.01228406e-03j,  0.00434039+5.85234174e-03j,
                -0.00062873+6.38355843e-03j, ...,
                -0.00132945-6.53115408e-05j,  0.00263329+0.00000000e+00j,
                -0.00727744-3.57517562e-04j],
               [ 0.01685629+1.85980476e-02j, -0.01278981-1.55844304e-02j,
                 0.00087088-1.77271677e-02j, ...,
                 0.00368297-8.02309608e-18j, -0.00727744+3.57517562e-04j,
                 0.0201607 +0.00000000e+00j]],
              dims=(2, 2, 2, 2, 2, 2))","{'111000': 3, '101110': 20, '111101': 8, '100000': 5, '111110': 12, '001010': 28, '111111': 12, '010010': 14, '001101': 5, '010011': 19, '110000': 33, '011110': 18, '010110': 4, '010001': 9, '010111': 11, '101100': 28, '100111': 17, '110011': 16, '101101': 19, '010000': 9, '100110': 6, '110010': 16, '101011': 8, '111100': 14, '111010': 21, '001000': 5, '001110': 13, '011001': 9, '110111': 13, '010101': 11, '110001': 21, '011101': 19, '000000': 24, '000101': 32, '101000': 25, '001100': 4, '011111': 16, '011011': 7, '001001': 20, '001011': 23, '100100': 9, '110110': 30, '110101': 28, '001111': 26, '000100': 28, '100010': 12, '010100': 20, '000111': 14, '000110': 22, '000011': 2, '101001': 15, '100101': 6, '000001': 22, '011010': 16, '000010': 20, '011000': 20, '111011': 24, '100001': 19, '111001': 10, '100011': 31, '101111': 11, '011100': 14, '101010': 8, '110100': 20}","DensityMatrix([[ 0.02877648-3.25305577e-18j, -0.0225904 -1.10606610e-03j,
                -0.01399126-1.39717109e-02j, ...,
                 0.00263893-2.81412833e-03j, -0.00500368+6.06528562e-03j,
                 0.014463  -1.58832525e-02j],
               [-0.0225904 +1.10606610e-03j,  0.01951362+2.20034859e-19j,
                 0.01181667+1.07414942e-02j, ...,
                -0.00187572+2.24657547e-03j,  0.00366314-4.92195546e-03j,
                -0.01091794+1.33027304e-02j],
               [-0.01399126+1.39717109e-02j,  0.01181667-1.07414942e-02j,
                 0.01564905+4.20460479e-19j, ...,
                 0.00012109+2.71512603e-03j, -0.00050067-5.24275788e-03j,
                 0.0007018 +1.49807372e-02j],
               ...,
               [ 0.00263893+2.81412833e-03j, -0.00187572-2.24657547e-03j,
                 0.00012109-2.71512603e-03j, ...,
                 0.00288816+6.94371753e-18j, -0.00208437+7.95593379e-05j,
                 0.00420488-2.63329217e-05j],
               [-0.00500368-6.06528562e-03j,  0.00366314+4.92195546e-03j,
                -0.00050067+5.24275788e-03j, ...,
                -0.00208437-7.95593379e-05j,  0.00457003+8.61918710e-18j,
                -0.00760528-3.63285954e-04j],
               [ 0.014463  +1.58832525e-02j, -0.01091794-1.33027304e-02j,
                 0.0007018 -1.49807372e-02j, ...,
                 0.00420488+2.63329217e-05j, -0.00760528+3.63285954e-04j,
                 0.0196484 +8.62365327e-18j]],
              dims=(2, 2, 2, 2, 2, 2))"
data/selected_mutant_qc/mutants_qftentangled_6/qftentangled_6_Mutant_Replace_cp_P28_Q1_[3.9269908169872414].qasm,PureState_1,"{'000100': 1, '000011': 3, '111111': 2, '101110': 2, '010011': 1, '000001': 3, '100101': 2, '100010': 28, '101010': 23, '111101': 3, '111100': 30, '001000': 21, '111010': 5, '100011': 20, '011111': 22, '010010': 30, '100100': 37, '011011': 1, '001011': 17, '010101': 11, '100111': 9, '101100': 33, '101001': 37, '001010': 4, '011010': 23, '001101': 18, '010110': 1, '010001': 23, '010111': 41, '000101': 37, '000000': 25, '110001': 4, '011101': 28, '000110': 15, '110000': 7, '010000': 14, '100110': 13, '101000': 6, '001100': 11, '110100': 37, '110110': 26, '110101': 31, '001111': 13, '001110': 33, '111011': 31, '011000': 32, '111001': 17, '100001': 29, '011001': 14, '011110': 15, '010100': 4, '000111': 20, '101111': 27, '111110': 18, '000010': 18, '111000': 3, '110011': 28, '101011': 17}","DensityMatrix([[ 0.03125   +0.00000000e+00j,  0.01051513+5.16575050e-04j,
                 0.015625  +1.56250000e-02j, ...,
                -0.00897276+9.89991961e-03j,  0.01532477-1.86732863e-02j,
                -0.00707004+7.80059112e-03j],
               [ 0.01051513-5.16575050e-04j,  0.00354671+0.00000000e+00j,
                 0.00551585+4.99927583e-03j, ...,
                -0.00285554+3.47948849e-03j,  0.00484786-6.53658769e-03j,
                -0.00225001+2.74164519e-03j],
               [ 0.015625  -1.56250000e-02j,  0.00551585-4.99927583e-03j,
                 0.015625  +0.00000000e+00j, ...,
                 0.00046358+9.43634186e-03j, -0.00167426-1.69990281e-02j,
                 0.00036527+7.43531740e-03j],
               ...,
               [-0.00897276-9.89991961e-03j, -0.00285554-3.47948849e-03j,
                 0.00046358-9.43634186e-03j, ...,
                 0.0057126 +0.00000000e+00j, -0.01031583+5.06784061e-04j,
                 0.00450122-1.73472348e-18j],
               [ 0.01532477+1.86732863e-02j,  0.00484786+6.53658769e-03j,
                -0.00167426+1.69990281e-02j, ...,
                -0.01031583-5.06784061e-04j,  0.01867329+0.00000000e+00j,
                -0.0081283 -3.99317914e-04j],
               [-0.00707004-7.80059112e-03j, -0.00225001-2.74164519e-03j,
                 0.00036527-7.43531740e-03j, ...,
                 0.00450122+1.73472348e-18j, -0.0081283 +3.99317914e-04j,
                 0.00354671+0.00000000e+00j]],
              dims=(2, 2, 2, 2, 2, 2))","{'101110': 2, '001010': 6, '111000': 6, '010100': 7, '010011': 11, '100110': 4, '010000': 15, '011110': 9, '000011': 14, '110000': 16, '110010': 4, '101011': 14, '010010': 29, '111101': 9, '001001': 5, '001011': 19, '011011': 11, '011000': 22, '001111': 11, '110101': 21, '001100': 11, '101000': 7, '111110': 18, '100000': 5, '111111': 6, '101101': 6, '110011': 27, '110100': 23, '000110': 16, '110001': 9, '000000': 30, '000101': 25, '011101': 18, '011111': 21, '000111': 19, '010101': 13, '000100': 7, '011100': 2, '101111': 30, '111010': 12, '001000': 26, '111100': 31, '101100': 19, '100111': 16, '000010': 17, '011010': 20, '100101': 8, '000001': 15, '101001': 28, '100010': 14, '111011': 20, '011001': 16, '110111': 10, '001110': 28, '100100': 23, '010001': 17, '010111': 30, '010110': 7, '100011': 20, '101010': 23, '100001': 24, '111001': 21, '001101': 25, '110110': 26}","DensityMatrix([[ 0.02880853-3.57662156e-18j,  0.00955068+4.99944843e-04j,
                 0.01395069+1.39997058e-02j, ...,
                -0.00754849+8.30590891e-03j,  0.0131337 -1.60422452e-02j,
                -0.00605398+6.71345167e-03j],
               [ 0.00955068-4.99944843e-04j,  0.00534088-3.65602132e-18j,
                 0.00528435+4.81977969e-03j, ...,
                -0.00254782+3.20113099e-03j,  0.00414734-5.70091328e-03j,
                -0.00168677+2.02769792e-03j],
               [ 0.01395069-1.39997058e-02j,  0.00528435-4.81977969e-03j,
                 0.01567122-3.87470770e-18j, ...,
                 0.00039347+8.01675428e-03j, -0.00150492-1.46080011e-02j,
                 0.00035138+6.25553087e-03j],
               ...,
               [-0.00754849-8.30590891e-03j, -0.00254782-3.20113099e-03j,
                 0.00039347-8.01675428e-03j, ...,
                 0.00712768-3.85407295e-18j, -0.0095319 +4.44748396e-04j,
                 0.00286104-5.11622349e-05j],
               [ 0.0131337 +1.60422452e-02j,  0.00414734+5.70091328e-03j,
                -0.00150492+1.46080011e-02j, ...,
                -0.0095319 -4.44748396e-04j,  0.01825003+1.23512380e-17j,
                -0.0064993 -2.75416901e-04j],
               [-0.00605398-6.71345167e-03j, -0.00168677-2.02769792e-03j,
                 0.00035138-6.25553087e-03j, ...,
                 0.00286104+5.11622349e-05j, -0.0064993 +2.75416901e-04j,
                 0.00535882+1.94496035e-18j]],
              dims=(2, 2, 2, 2, 2, 2))"
data/selected_mutant_qc/mutants_qftentangled_6/qftentangled_6_Mutant_Replace_cp_P28_Q1_[3.9269908169872414].qasm,PureState_2,"{'110111': 1, '101010': 21, '010010': 5, '101100': 1, '110101': 24, '001111': 6, '110110': 25, '111100': 4, '111010': 20, '001000': 26, '011101': 13, '000101': 14, '110001': 7, '111011': 11, '100010': 13, '011110': 34, '110010': 18, '101011': 7, '010000': 3, '100110': 33, '000010': 17, '010101': 5, '011000': 28, '101000': 5, '001100': 38, '000011': 17, '101001': 30, '111110': 3, '100000': 30, '001101': 4, '010001': 23, '010111': 26, '000100': 16, '010100': 19, '000111': 39, '100011': 18, '001010': 10, '101111': 24, '011100': 28, '001110': 27, '010011': 23, '000110': 4, '110000': 43, '111111': 27, '100101': 9, '000001': 38, '011010': 16, '111101': 24, '100100': 18, '111001': 29, '001001': 1, '011011': 18, '001011': 19, '101110': 13, '110100': 18, '110011': 7, '101101': 24}","DensityMatrix([[ 6.61267927e-34+0.00000000e+00j,
                 3.90011294e-18-2.23804288e-18j,
                 3.14014536e-18+6.86875890e-19j, ...,
                 6.04267176e-19-3.60090047e-18j,
                -1.54267041e-19+1.31053810e-18j,
                 7.44174915e-19-4.43462744e-18j],
               [ 3.90011294e-18+2.23804288e-18j,
                 3.05771927e-02+0.00000000e+00j,
                 1.61956499e-02+1.46788814e-02j, ...,
                 1.57510738e-02-1.91927389e-02j,
                -5.34533615e-03+7.20735146e-03j,
                 1.93979657e-02-2.36364896e-02j],
               [ 3.14014536e-18-6.86875890e-19j,
                 1.61956499e-02-1.46788814e-02j,
                 1.56250000e-02+0.00000000e+00j, ...,
                -8.70879906e-04-1.77271677e-02j,
                 6.28725628e-04+6.38355843e-03j,
                -1.07251727e-03-2.18315905e-02j],
               ...,
               [ 6.04267176e-19+3.60090047e-18j,
                 1.57510738e-02+1.91927389e-02j,
                -8.70879906e-04+1.77271677e-02j, ...,
                 2.01606981e-02+0.00000000e+00j,
                -7.27743716e-03+3.57517562e-04j,
                 2.48285632e-02+1.73472348e-18j],
               [-1.54267041e-19-1.31053810e-18j,
                -5.34533615e-03-7.20735146e-03j,
                 6.28725628e-04-6.38355843e-03j, ...,
                -7.27743716e-03-3.57517562e-04j,
                 2.63328731e-03+0.00000000e+00j,
                -8.96240337e-03-4.40294644e-04j],
               [ 7.44174915e-19+4.43462744e-18j,
                 1.93979657e-02+2.36364896e-02j,
                -1.07251727e-03+2.18315905e-02j, ...,
                 2.48285632e-02-1.73472348e-18j,
                -8.96240337e-03+4.40294644e-04j,
                 3.05771927e-02+0.00000000e+00j]],
              dims=(2, 2, 2, 2, 2, 2))","{'111000': 5, '011111': 3, '000100': 10, '100011': 11, '100010': 17, '010101': 11, '001101': 10, '111111': 19, '001010': 11, '011000': 18, '101100': 4, '100111': 9, '111100': 9, '111010': 7, '001000': 25, '001100': 27, '101000': 7, '111101': 20, '010010': 6, '010000': 9, '100110': 19, '000010': 13, '011011': 5, '001001': 5, '001011': 23, '001111': 5, '110101': 29, '011010': 13, '101011': 12, '110010': 30, '100101': 14, '000001': 29, '011100': 19, '101111': 20, '010110': 4, '010111': 28, '010001': 25, '100001': 8, '111001': 18, '101101': 22, '110011': 9, '110000': 27, '000111': 29, '010100': 25, '000000': 2, '110001': 12, '000101': 23, '011101': 8, '000110': 7, '010011': 17, '001110': 22, '011001': 9, '110111': 9, '000011': 25, '101001': 28, '101010': 29, '100100': 18, '111011': 19, '101110': 14, '110100': 12, '110110': 33, '011110': 27, '111110': 11, '100000': 30}","DensityMatrix([[ 2.26419711e-03-2.61823877e-18j,
                -1.89359104e-04+2.16226883e-06j,
                -6.73145539e-04-6.87675668e-04j, ...,
                -3.72255063e-05+4.48368552e-05j,
                 2.66597911e-04-3.38583167e-04j,
                 4.35269151e-05-8.31000780e-05j],
               [-1.89359104e-04-2.16226883e-06j,
                 2.82824920e-02-3.48557817e-18j,
                 1.42335688e-02+1.29668845e-02j, ...,
                 1.34254283e-02-1.63345499e-02j,
                -4.64734854e-03+6.26542572e-03j,
                 1.66634472e-02-2.02614781e-02j],
               [-6.73145539e-04+6.87675668e-04j,
                 1.42335688e-02-1.29668845e-02j,
                 1.55246588e-02-4.36579114e-19j, ...,
                -6.66309993e-04-1.50737393e-02j,
                 5.45969923e-04+5.64700791e-03j,
                -8.56663108e-04-1.84653712e-02j],
               ...,
               [-3.72255063e-05-4.48368552e-05j,
                 1.34254283e-02+1.63345499e-02j,
                -6.66309993e-04+1.50737393e-02j, ...,
                 1.96400272e-02+1.15732782e-20j,
                -7.07634456e-03+2.91430886e-04j,
                 2.23623727e-02-8.31972905e-06j],
               [ 2.66597911e-04+3.38583167e-04j,
                -4.64734854e-03-6.26542572e-03j,
                 5.45969923e-04-5.64700791e-03j, ...,
                -7.07634456e-03-2.91430886e-04j,
                 4.59342508e-03+6.79991108e-19j,
                -8.08775280e-03-3.76411096e-04j],
               [ 4.35269151e-05+8.31000780e-05j,
                 1.66634472e-02+2.02614781e-02j,
                -8.56663108e-04+1.84653712e-02j, ...,
                 2.23623727e-02+8.31972905e-06j,
                -8.08775280e-03+3.76411096e-04j,
                 2.86522256e-02+6.66470201e-19j]],
              dims=(2, 2, 2, 2, 2, 2))"
data/selected_mutant_qc/mutants_qftentangled_6/qftentangled_6_Mutant_Replace_cp_P28_Q1_[3.9269908169872414].qasm,PureState_3,"{'000110': 1, '100101': 3, '011110': 4, '010010': 3, '111111': 2, '100011': 5, '100100': 16, '111100': 4, '001000': 5, '101100': 1, '100111': 5, '010111': 7, '010001': 15, '010110': 13, '110110': 16, '001111': 14, '000000': 32, '110001': 13, '000101': 23, '011101': 6, '011000': 14, '100010': 16, '001110': 18, '011001': 5, '110111': 26, '010011': 33, '111011': 29, '010101': 27, '011111': 42, '111110': 28, '001011': 2, '001001': 28, '011011': 3, '110011': 1, '101101': 51, '110000': 8, '000100': 7, '101000': 31, '001100': 23, '100110': 30, '010000': 29, '111001': 21, '100001': 25, '101010': 6, '000011': 30, '101001': 10, '110010': 33, '101011': 26, '111000': 11, '000010': 14, '111101': 28, '011010': 36, '001010': 28, '101111': 11, '011100': 36, '000111': 30, '101110': 13, '110100': 27}","DensityMatrix([[ 0.03125   +0.00000000e+00j,  0.00758398+3.72577260e-04j,
                -0.015625  -1.56250000e-02j, ...,
                -0.01800048+1.98604681e-02j,  0.0174839 -2.13041986e-02j,
                -0.00509923+5.62613868e-03j],
               [ 0.00758398-3.72577260e-04j,  0.00184498+0.00000000e+00j,
                -0.00397828-3.60570355e-03j, ...,
                -0.00413171+5.03449756e-03j,  0.00398913-5.37871406e-03j,
                -0.00117044+1.42618902e-03j],
               [-0.015625  +1.56250000e-02j, -0.00397828+3.60570355e-03j,
                 0.015625  +0.00000000e+00j, ...,
                -0.00092999-1.89304736e-02j,  0.00191015+1.93940513e-02j,
                -0.00026345-5.36268677e-03j],
               ...,
               [-0.01800048-1.98604681e-02j, -0.00413171-5.03449756e-03j,
                -0.00092999+1.89304736e-02j, ...,
                 0.02299057+0.00000000e+00j, -0.02361056+1.15991244e-03j,
                 0.00651285+1.73472348e-18j],
               [ 0.0174839 +2.13041986e-02j,  0.00398913+5.37871406e-03j,
                 0.00191015-1.93940513e-02j, ...,
                -0.02361056-1.15991244e-03j,  0.02430578+0.00000000e+00j,
                -0.00668848-3.28583809e-04j],
               [-0.00509923-5.62613868e-03j, -0.00117044-1.42618902e-03j,
                -0.00026345+5.36268677e-03j, ...,
                 0.00651285-1.73472348e-18j, -0.00668848+3.28583809e-04j,
                 0.00184498+0.00000000e+00j]],
              dims=(2, 2, 2, 2, 2, 2))","{'001101': 3, '111111': 6, '011110': 4, '100011': 12, '000111': 21, '010100': 4, '010011': 19, '000011': 20, '010101': 15, '101001': 16, '010001': 19, '010110': 15, '010111': 17, '110011': 8, '101101': 29, '001010': 22, '010000': 23, '100110': 28, '110001': 12, '011101': 11, '000000': 33, '000101': 32, '101000': 20, '001100': 21, '100000': 5, '111110': 15, '011100': 25, '101111': 17, '000100': 11, '011000': 16, '101110': 11, '110100': 22, '111000': 12, '000010': 15, '110000': 6, '011011': 7, '001011': 5, '001001': 29, '000001': 8, '100101': 10, '111011': 21, '100100': 19, '111100': 5, '001000': 14, '111010': 5, '110010': 27, '101011': 30, '111001': 28, '100001': 27, '110111': 15, '011001': 10, '011010': 23, '101100': 12, '100111': 8, '111101': 16, '000110': 7, '011111': 25, '010010': 13, '110101': 5, '001111': 19, '110110': 24, '100010': 19, '001110': 20, '101010': 8}","DensityMatrix([[ 0.02878233-1.67075269e-19j,  0.00694292+3.78584271e-04j,
                -0.01399715-1.39501586e-02j, ...,
                -0.01526225+1.68803560e-02j,  0.01497472-1.82364705e-02j,
                -0.00439543+4.90956011e-03j],
               [ 0.00694292-3.78584271e-04j,  0.00390699-1.73473374e-18j,
                -0.00313906-2.71769798e-03j, ...,
                -0.00337462+4.31149962e-03j,  0.0033493 -4.70117393e-03j,
                -0.00074643+9.38018031e-04j],
               [-0.01399715+1.39501586e-02j, -0.00313906+2.71769798e-03j,
                 0.01562601-3.46768050e-18j, ...,
                -0.00072618-1.61257587e-02j,  0.00157514+1.63627243e-02j,
                -0.00025215-4.73149137e-03j],
               ...,
               [-0.01526225-1.68803560e-02j, -0.00337462-4.31149962e-03j,
                -0.00072618+1.61257587e-02j, ...,
                 0.02204191+6.44946970e-18j, -0.02066581+9.25460256e-04j,
                 0.00659437-2.50653969e-05j],
               [ 0.01497472+1.82364705e-02j,  0.0033493 +4.70117393e-03j,
                 0.00157514-1.63627243e-02j, ...,
                -0.02066581-9.25460256e-04j,  0.02313099-5.25850565e-18j,
                -0.00541929-2.17378003e-04j],
               [-0.00439543-4.90956011e-03j, -0.00074643-9.38018031e-04j,
                -0.00025215+4.73149137e-03j, ...,
                 0.00659437+2.50653969e-05j, -0.00541929+2.17378003e-04j,
                 0.00386209-1.83504425e-18j]],
              dims=(2, 2, 2, 2, 2, 2))"
data/selected_mutant_qc/mutants_qftentangled_6/qftentangled_6_Mutant_Replace_cp_P28_Q1_[3.9269908169872414].qasm,PureState_4,"{'110111': 1, '001101': 4, '011111': 2, '001010': 10, '100110': 34, '010000': 3, '010010': 12, '000011': 17, '101001': 21, '001111': 8, '110101': 21, '100010': 8, '000010': 9, '111110': 2, '100000': 24, '101110': 13, '110100': 13, '111010': 19, '111100': 9, '001000': 17, '001001': 2, '001011': 27, '011011': 27, '110011': 2, '101101': 25, '110001': 7, '000101': 18, '011101': 10, '100100': 16, '101111': 24, '011100': 19, '101010': 24, '000100': 17, '000001': 37, '100101': 18, '111011': 19, '011000': 29, '001110': 23, '010011': 23, '110110': 29, '111111': 33, '110010': 27, '101011': 10, '010110': 1, '010111': 33, '010001': 25, '100011': 13, '011010': 14, '111001': 45, '111101': 21, '011110': 35, '010100': 17, '000111': 34, '110000': 29, '010101': 13, '101000': 5, '001100': 26}","DensityMatrix([[ 1.92592994e-34+0.00000000e+00j,
                -1.19073336e-19+2.42379344e-18j,
                 1.22663473e-18-1.22663473e-18j, ...,
                 1.46003272e-18+1.32329652e-18j,
                 5.50496716e-19+4.51780979e-19j,
                 1.79807834e-18+1.62968322e-18j],
               [-1.19073336e-19-2.42379344e-18j,
                 3.05771927e-02+0.00000000e+00j,
                -1.61956499e-02-1.46788814e-02j, ...,
                 1.57510738e-02-1.91927389e-02j,
                 5.34533615e-03-7.20735146e-03j,
                 1.93979657e-02-2.36364896e-02j],
               [ 1.22663473e-18+1.22663473e-18j,
                -1.61956499e-02+1.46788814e-02j,
                 1.56250000e-02+0.00000000e+00j, ...,
                 8.70879906e-04+1.77271677e-02j,
                 6.28725628e-04+6.38355843e-03j,
                 1.07251727e-03+2.18315905e-02j],
               ...,
               [ 1.46003272e-18-1.32329652e-18j,
                 1.57510738e-02+1.91927389e-02j,
                 8.70879906e-04-1.77271677e-02j, ...,
                 2.01606981e-02+0.00000000e+00j,
                 7.27743716e-03-3.57517562e-04j,
                 2.48285632e-02+1.04083409e-17j],
               [ 5.50496716e-19-4.51780979e-19j,
                 5.34533615e-03+7.20735146e-03j,
                 6.28725628e-04-6.38355843e-03j, ...,
                 7.27743716e-03+3.57517562e-04j,
                 2.63328731e-03+0.00000000e+00j,
                 8.96240337e-03+4.40294644e-04j],
               [ 1.79807834e-18-1.62968322e-18j,
                 1.93979657e-02+2.36364896e-02j,
                 1.07251727e-03-2.18315905e-02j, ...,
                 2.48285632e-02-1.04083409e-17j,
                 8.96240337e-03-4.40294644e-04j,
                 3.05771927e-02+0.00000000e+00j]],
              dims=(2, 2, 2, 2, 2, 2))","{'001010': 8, '000100': 8, '011001': 5, '110111': 8, '010100': 11, '010101': 14, '100111': 5, '101100': 10, '111101': 12, '101111': 26, '011100': 23, '100001': 3, '111001': 24, '011101': 10, '000000': 3, '110001': 10, '000101': 18, '010000': 2, '100110': 21, '111110': 7, '100000': 23, '010010': 9, '100100': 17, '111011': 18, '111010': 23, '111100': 14, '001000': 26, '000010': 17, '111000': 6, '011000': 25, '001111': 8, '110101': 27, '000011': 17, '101001': 27, '101010': 20, '000111': 20, '011110': 23, '100101': 11, '000001': 25, '011010': 13, '011011': 12, '001001': 5, '001011': 18, '111111': 37, '101101': 28, '110011': 5, '010011': 30, '001110': 22, '101000': 8, '001100': 21, '101110': 12, '110100': 27, '011111': 8, '000110': 5, '110010': 18, '101011': 16, '010110': 6, '010111': 25, '010001': 24, '100010': 19, '110110': 31, '001101': 7, '110000': 30, '100011': 13}","DensityMatrix([[ 2.26419709e-03-1.68635180e-18j,
                 1.87292359e-04+3.69278751e-05j,
                -6.76136910e-04-6.84701362e-04j, ...,
                 5.83866041e-05-2.60204078e-05j,
                 2.65415694e-04-3.39801895e-04j,
                -1.69307566e-05+1.06761782e-04j],
               [ 1.87292359e-04-3.69278751e-05j,
                 2.82824918e-02+2.97820742e-21j,
                -1.42651625e-02-1.29583343e-02j, ...,
                 1.34275142e-02-1.63323913e-02j,
                 4.62541100e-03-6.29300890e-03j,
                 1.66626158e-02-2.02623897e-02j],
               [-6.76136910e-04+6.84701362e-04j,
                -1.42651625e-02+1.29583343e-02j,
                 1.55246559e-02+4.27599762e-19j, ...,
                 6.57390103e-04+1.50828565e-02j,
                 5.43292871e-04+5.64692268e-03j,
                 8.23626260e-04+1.84779790e-02j],
               ...,
               [ 5.83866041e-05+2.60204078e-05j,
                 1.34275142e-02+1.63323913e-02j,
                 6.57390103e-04-1.50828565e-02j, ...,
                 1.96400305e-02-1.38734172e-17j,
                 7.08150889e-03-3.16211834e-04j,
                 2.23623874e-02-1.25894266e-05j],
               [ 2.65415694e-04+3.39801895e-04j,
                 4.62541100e-03+6.29300890e-03j,
                 5.43292871e-04-5.64692268e-03j, ...,
                 7.08150889e-03+3.16211834e-04j,
                 4.59342634e-03-3.62954681e-18j,
                 8.09288045e-03+4.18395953e-04j],
               [-1.69307566e-05-1.06761782e-04j,
                 1.66626158e-02+2.02623897e-02j,
                 8.23626260e-04-1.84779790e-02j, ...,
                 2.23623874e-02+1.25894266e-05j,
                 8.09288045e-03-4.18395953e-04j,
                 2.86522258e-02-2.68683678e-20j]],
              dims=(2, 2, 2, 2, 2, 2))"
data/selected_mutant_qc/mutants_qftentangled_6/qftentangled_6_Mutant_Replace_cp_P28_Q1_[3.9269908169872414].qasm,PureState_5,"{'011010': 1, '110101': 3, '011110': 1, '001010': 6, '000011': 16, '111001': 10, '101000': 3, '001100': 21, '101100': 9, '100111': 27, '100010': 18, '100100': 2, '110011': 16, '101101': 17, '000111': 9, '010100': 23, '111101': 22, '100110': 28, '010000': 29, '011011': 1, '001011': 1, '001001': 24, '101001': 7, '000101': 31, '000000': 32, '011101': 22, '000110': 5, '110100': 4, '101110': 30, '000001': 40, '101011': 24, '110010': 21, '111000': 4, '000010': 19, '111010': 32, '111100': 11, '001000': 22, '010111': 4, '010110': 9, '010001': 33, '111110': 31, '011100': 18, '101111': 29, '000100': 26, '010010': 16, '111011': 34, '011000': 16, '111111': 41, '110110': 17, '100011': 18, '101010': 34, '010101': 26, '001101': 22, '011001': 21, '110111': 18, '001110': 4, '010011': 16}","DensityMatrix([[ 0.03125   +0.00000000e+00j, -0.03117476-1.53151782e-03j,
                 0.015625  +1.56250000e-02j, ...,
                -0.01409348+1.55497614e-02j, -0.01972933+2.40402561e-02j,
                 0.02096094-2.31268318e-02j],
               [-0.03117476+1.53151782e-03j,  0.03117476+0.00000000e+00j,
                -0.01635314-1.48216218e-02j, ...,
                 0.01329748-1.62030246e-02j,  0.01850365-2.49492821e-02j,
                -0.01977706+2.40984164e-02j],
               [ 0.015625  -1.56250000e-02j, -0.01635314+1.48216218e-02j,
                 0.015625  +0.00000000e+00j, ...,
                 0.00072814+1.48216218e-02j,  0.00215546+2.18847922e-02j,
                -0.00108295-2.20438852e-02j],
               ...,
               [-0.01409348-1.55497614e-02j,  0.01329748+1.62030246e-02j,
                 0.00072814-1.48216218e-02j, ...,
                 0.01409348+0.00000000e+00j,  0.02086001-1.02478637e-03j,
                -0.02096094-1.73472348e-18j],
               [-0.01972933-2.40402561e-02j,  0.01850365+2.49492821e-02j,
                 0.00215546-2.18847922e-02j, ...,
                 0.02086001+1.02478637e-03j,  0.03094977+0.00000000e+00j,
                -0.03102465-1.52414314e-03j],
               [ 0.02096094+2.31268318e-02j, -0.01977706-2.40984164e-02j,
                -0.00108295+2.20438852e-02j, ...,
                -0.02096094+1.73472348e-18j, -0.03102465+1.52414314e-03j,
                 0.03117476+0.00000000e+00j]],
              dims=(2, 2, 2, 2, 2, 2))","{'110000': 2, '100100': 6, '000111': 11, '011110': 5, '001110': 2, '110100': 5, '001101': 16, '001010': 8, '100010': 14, '011111': 2, '111101': 17, '110001': 6, '000101': 30, '011101': 20, '000000': 24, '100011': 18, '110110': 21, '010100': 25, '001111': 2, '110101': 13, '001011': 5, '001001': 18, '011011': 11, '110011': 23, '101101': 9, '101110': 30, '010011': 13, '011001': 23, '110111': 25, '101100': 11, '100111': 21, '101111': 32, '011100': 17, '111011': 25, '010010': 9, '100001': 3, '111001': 10, '111111': 28, '000010': 15, '111000': 15, '000110': 11, '011010': 6, '100101': 6, '000001': 33, '101011': 20, '110010': 23, '010000': 32, '100110': 22, '100000': 5, '111110': 25, '010110': 16, '010111': 12, '010001': 16, '101001': 7, '000011': 16, '000100': 27, '101000': 6, '001100': 22, '011000': 28, '010101': 31, '101010': 19, '111100': 5, '111010': 23, '001000': 23}","DensityMatrix([[ 0.02894558+8.23946800e-18j, -0.02820367-1.38686766e-03j,
                 0.01399586+1.39360346e-02j, ...,
                -0.01201382+1.31108782e-02j, -0.01698615+2.06889737e-02j,
                 0.01796976-1.97851848e-02j],
               [-0.02820367+1.38686766e-03j,  0.0289433 +1.30075284e-18j,
                -0.01434365-1.29550538e-02j, ...,
                 0.01134799-1.37413620e-02j,  0.01576358-2.12591659e-02j,
                -0.01702987+2.07319793e-02j],
               [ 0.01399586-1.39360346e-02j, -0.01434365+1.29550538e-02j,
                 0.01554565-7.35440360e-18j, ...,
                 0.00043003+1.25330532e-02j,  0.00175707+1.86848266e-02j,
                -0.00080533-1.87707725e-02j],
               ...,
               [-0.01201382-1.31108782e-02j,  0.01134799+1.37413620e-02j,
                 0.00043003-1.25330532e-02j, ...,
                 0.01421901-3.38588286e-18j,  0.01845714-9.40616104e-04j,
                -0.01901508+5.22478203e-05j],
               [-0.01698615-2.06889737e-02j,  0.01576358+2.12591659e-02j,
                 0.00175707-1.86848266e-02j, ...,
                 0.01845714+9.40616104e-04j,  0.02900518-6.94880151e-18j,
                -0.02839602-1.40211782e-03j],
               [ 0.01796976+1.97851848e-02j, -0.01702987-2.07319793e-02j,
                -0.00080533+1.87707725e-02j, ...,
                -0.01901508-5.22478203e-05j, -0.02839602+1.40211782e-03j,
                 0.02930384-5.63806042e-20j]],
              dims=(2, 2, 2, 2, 2, 2))"
data/selected_mutant_qc/mutants_qftentangled_6/qftentangled_6_Mutant_Replace_cp_P28_Q1_[3.9269908169872414].qasm,PureState_6,"{'011010': 1, '000011': 1, '001101': 11, '101010': 5, '111110': 5, '100100': 23, '111011': 7, '011011': 29, '001001': 24, '001011': 21, '011000': 13, '101110': 11, '111010': 32, '111100': 25, '001000': 3, '110110': 18, '100010': 15, '001110': 15, '011001': 5, '110111': 36, '010011': 16, '101011': 6, '110010': 3, '100101': 21, '000001': 11, '011101': 34, '000101': 11, '000000': 24, '100001': 28, '111001': 33, '010101': 9, '100110': 26, '010000': 7, '000100': 19, '101000': 33, '001100': 31, '111111': 11, '101101': 11, '110011': 22, '011111': 25, '010110': 18, '010001': 38, '110000': 26, '101111': 27, '011100': 4, '001010': 20, '110101': 25, '111000': 15, '000010': 12, '101100': 1, '100111': 5, '011110': 29, '010100': 27, '000111': 34, '010010': 36, '100011': 26}","DensityMatrix([[ 0.03125   +0.00000000e+00j,  0.01604636+7.88307063e-04j,
                -0.015625  -1.56250000e-02j, ...,
                 0.00509923-5.62613868e-03j,  0.00934534-1.13873314e-02j,
                -0.01078907+1.19039065e-02j],
               [ 0.01604636-7.88307063e-04j,  0.00825943+0.00000000e+00j,
                -0.00841733-7.62902592e-03j, ...,
                 0.00247645-3.01756171e-03j,  0.00451142-6.08295057e-03j,
                -0.00523972+6.38462263e-03j],
               [-0.015625  +1.56250000e-02j, -0.00841733+7.62902592e-03j,
                 0.015625  +0.00000000e+00j, ...,
                 0.00026345+5.36268677e-03j,  0.001021  +1.03663364e-02j,
                -0.00055742-1.13464892e-02j],
               ...,
               [ 0.00509923+5.62613868e-03j,  0.00247645+3.01756171e-03j,
                 0.00026345-5.36268677e-03j, ...,
                 0.00184498+0.00000000e+00j,  0.00357507-1.75631705e-04j,
                -0.00390365+4.98732999e-18j],
               [ 0.00934534+1.13873314e-02j,  0.00451142+6.08295057e-03j,
                 0.001021  -1.03663364e-02j, ...,
                 0.00357507+1.75631705e-04j,  0.00694422+0.00000000e+00j,
                -0.0075642 -3.71605377e-04j],
               [-0.01078907-1.19039065e-02j, -0.00523972-6.38462263e-03j,
                -0.00055742+1.13464892e-02j, ...,
                -0.00390365-4.98732999e-18j, -0.0075642 +3.71605377e-04j,
                 0.00825943+0.00000000e+00j]],
              dims=(2, 2, 2, 2, 2, 2))","{'000011': 2, '011010': 5, '000110': 4, '010011': 13, '101001': 5, '000010': 20, '011110': 28, '010101': 13, '011000': 12, '100111': 5, '101100': 7, '011101': 20, '000101': 12, '110001': 10, '000000': 17, '010010': 11, '001011': 20, '001001': 33, '011011': 18, '101000': 19, '001100': 27, '000100': 17, '110110': 18, '111110': 12, '100000': 3, '101111': 32, '011100': 11, '011111': 25, '111111': 13, '101101': 15, '110011': 22, '100001': 24, '111001': 20, '100100': 16, '010000': 12, '100110': 21, '111000': 31, '000001': 13, '100101': 29, '111011': 10, '110000': 28, '111100': 23, '001000': 5, '111010': 20, '100011': 21, '010111': 9, '010001': 28, '010110': 18, '001111': 3, '110101': 24, '111101': 4, '101011': 15, '110010': 7, '101110': 13, '110100': 6, '001010': 17, '101010': 11, '000111': 21, '010100': 25, '001101': 13, '001110': 20, '011001': 6, '110111': 29, '100010': 13}","DensityMatrix([[ 0.02875055+3.47992703e-18j,  0.01450949+7.32980250e-04j,
                -0.01400763-1.39493110e-02j, ...,
                 0.00426258-4.75642247e-03j,  0.0079559 -9.75306550e-03j,
                -0.00926698+1.02044126e-02j],
               [ 0.01450949-7.32980250e-04j,  0.00939486+1.08431477e-19j,
                -0.00779306-7.09904447e-03j, ...,
                 0.00225364-2.75319784e-03j,  0.00395107-5.33836235e-03j,
                -0.00437238+5.25219537e-03j],
               [-0.01400763+1.39493110e-02j, -0.00779306+7.09904447e-03j,
                 0.01565102+3.44375158e-18j, ...,
                 0.00021127+4.53420688e-03j,  0.00089501+9.02099712e-03j,
                -0.00043897-9.58094668e-03j],
               ...,
               [ 0.00426258+4.75642247e-03j,  0.00225364+2.75319784e-03j,
                 0.00021127-4.53420688e-03j, ...,
                 0.00385396+1.76184102e-18j,  0.00385435-1.68964036e-04j,
                -0.00234576-3.46253798e-05j],
               [ 0.0079559 +9.75306550e-03j,  0.00395107+5.33836235e-03j,
                 0.00089501-9.02099712e-03j, ...,
                 0.00385435+1.68964036e-04j,  0.00819426+8.18971890e-22j,
                -0.00565785-2.46433639e-04j],
               [-0.00926698-1.02044126e-02j, -0.00437238-5.25219537e-03j,
                -0.00043897+9.58094668e-03j, ...,
                -0.00234576+3.46253798e-05j, -0.00565785+2.46433639e-04j,
                 0.00939367-1.19426193e-19j]],
              dims=(2, 2, 2, 2, 2, 2))"
data/selected_mutant_qc/mutants_qftentangled_6/qftentangled_6_Mutant_Replace_cp_P28_Q1_[3.9269908169872414].qasm,PureState_7,"{'010100': 1, '111011': 1, '000110': 2, '100100': 17, '101001': 22, '100001': 1, '111001': 8, '011110': 6, '101000': 28, '001100': 18, '010110': 7, '010111': 23, '010001': 10, '000100': 10, '110110': 22, '110101': 27, '001111': 14, '101100': 2, '100111': 28, '101010': 7, '010010': 3, '000111': 6, '111000': 11, '000010': 17, '000101': 2, '011101': 24, '000000': 32, '110001': 15, '100110': 32, '010000': 31, '110111': 9, '011001': 24, '001110': 20, '011000': 14, '001000': 2, '111100': 2, '111110': 25, '011100': 31, '101111': 21, '001011': 22, '001001': 9, '011011': 33, '111101': 12, '011010': 28, '100101': 43, '000001': 34, '101011': 1, '110010': 27, '001101': 31, '110000': 2, '100010': 16, '001010': 27, '101110': 8, '110100': 43, '000011': 9, '011111': 4, '100011': 26, '111111': 35, '110011': 39}","DensityMatrix([[ 0.03125   +0.00000000e+00j,  0.03027696+1.48741180e-03j,
                -0.015625  -1.56250000e-02j, ...,
                -0.01078907+1.19039065e-02j, -0.0174839 +2.13041986e-02j,
                -0.02035729+2.24608046e-02j],
               [ 0.03027696-1.48741180e-03j,  0.02940502+0.00000000e+00j,
                -0.01588219-1.43947755e-02j, ...,
                -0.00988654+1.20467816e-02j, -0.01592548+2.14730302e-02j,
                -0.01865435+2.27303877e-02j],
               [-0.015625  +1.56250000e-02j, -0.01588219+1.43947755e-02j,
                 0.015625  +0.00000000e+00j, ...,
                -0.00055742-1.13464892e-02j, -0.00191015-1.93940513e-02j,
                -0.00105176-2.14090457e-02j],
               ...,
               [-0.01078907-1.19039065e-02j, -0.00988654-1.20467816e-02j,
                -0.00055742+1.13464892e-02j, ...,
                 0.00825943+0.00000000e+00j,  0.01415163-6.95224762e-04j,
                 0.01558424+1.30104261e-17j],
               [-0.0174839 -2.13041986e-02j, -0.01592548-2.14730302e-02j,
                -0.00191015+1.93940513e-02j, ...,
                 0.01415163+6.95224762e-04j,  0.02430578+0.00000000e+00j,
                 0.0267019 +1.31178010e-03j],
               [-0.02035729-2.24608046e-02j, -0.01865435-2.27303877e-02j,
                -0.00105176+2.14090457e-02j, ...,
                 0.01558424-1.30104261e-17j,  0.0267019 -1.31178010e-03j,
                 0.02940502+0.00000000e+00j]],
              dims=(2, 2, 2, 2, 2, 2))","{'010101': 3, '010011': 4, '000110': 9, '101110': 14, '101001': 15, '111101': 6, '111011': 6, '100001': 4, '111001': 10, '001111': 18, '110101': 31, '100010': 16, '000100': 16, '011110': 13, '110110': 22, '101100': 3, '100111': 21, '010010': 8, '110100': 22, '111110': 27, '100000': 3, '100011': 24, '001010': 20, '000011': 13, '011000': 21, '010110': 14, '010111': 9, '010001': 16, '000001': 21, '100101': 26, '101111': 14, '011100': 28, '111010': 3, '001000': 13, '111100': 6, '001101': 19, '101010': 9, '110001': 13, '000000': 22, '011101': 27, '000101': 15, '110111': 6, '011001': 21, '100110': 20, '010000': 20, '001011': 29, '001001': 18, '011011': 20, '001110': 23, '110000': 8, '010100': 5, '000111': 9, '011111': 6, '100100': 24, '111111': 29, '101101': 5, '110011': 27, '000010': 17, '111000': 13, '101000': 21, '001100': 38, '011010': 30, '101011': 5, '110010': 26}","DensityMatrix([[ 0.0288277 +1.38812241e-17j,  0.0272982 +1.32648073e-03j,
                -0.01401579-1.39162095e-02j, ...,
                -0.00917278+9.97524172e-03j, -0.01507283+1.82862153e-02j,
                -0.01744346+1.92031134e-02j],
               [ 0.0272982 -1.32648073e-03j,  0.02731576-3.31620605e-21j,
                -0.01404143-1.27179030e-02j, ...,
                -0.0084001 +1.00529664e-02j, -0.01360381+1.82655584e-02j,
                -0.01606903+1.94943184e-02j],
               [-0.01401579+1.39162095e-02j, -0.01404143+1.27179030e-02j,
                 0.0155902 -1.72829438e-18j, ...,
                -0.00037048-9.60302362e-03j, -0.00149248-1.64266623e-02j,
                -0.00079482-1.81905206e-02j],
               ...,
               [-0.00917278-9.97524172e-03j, -0.0084001 -1.00529664e-02j,
                -0.00037048+9.60302362e-03j, ...,
                 0.00928147-6.93854541e-18j,  0.01286217-6.52208978e-04j,
                 0.0143778 -9.33628063e-05j],
               [-0.01507283-1.82862153e-02j, -0.01360381-1.82655584e-02j,
                -0.00149248+1.64266623e-02j, ...,
                 0.01286217+6.52208978e-04j,  0.02317093+6.28811697e-18j,
                 0.02456489+1.19097528e-03j],
               [-0.01744346-1.92031134e-02j, -0.01606903-1.94943184e-02j,
                -0.00079482+1.81905206e-02j, ...,
                 0.0143778 +9.33628063e-05j,  0.02456489-1.19097528e-03j,
                 0.02767763-6.50631703e-19j]],
              dims=(2, 2, 2, 2, 2, 2))"
data/selected_mutant_qc/mutants_qftentangled_6/qftentangled_6_Mutant_Replace_cp_P28_Q1_[3.9269908169872414].qasm,PureState_8,"{'101110': 1, '011000': 3, '101000': 3, '001100': 13, '011010': 8, '010101': 1, '111010': 28, '001000': 27, '001010': 6, '110010': 35, '101100': 13, '100111': 24, '011110': 19, '110100': 5, '000111': 2, '010100': 30, '101111': 27, '011100': 39, '001111': 3, '110101': 26, '101001': 10, '000011': 27, '110001': 1, '011101': 4, '000101': 25, '000000': 33, '111110': 12, '110000': 21, '001011': 37, '011011': 7, '001001': 29, '110011': 13, '101101': 27, '010110': 29, '010111': 18, '010001': 19, '100010': 20, '100110': 3, '010000': 9, '111001': 1, '100001': 22, '110111': 18, '011001': 37, '001101': 9, '001110': 30, '010011': 23, '101010': 27, '111101': 23, '000110': 16, '100011': 4, '011111': 28, '000001': 7, '100101': 11, '111011': 24, '100100': 28, '111111': 8, '000010': 11, '111000': 37, '110110': 3}","DensityMatrix([[ 0.03125   +0.00000000e+00j, -0.013345  -6.55597940e-04j,
                 0.015625  +1.56250000e-02j, ...,
                -0.01975945+2.18011917e-02j,  0.01257671-1.53247700e-02j,
                 0.00897276-9.89991961e-03j],
               [-0.013345  +6.55597940e-04j,  0.0057126 +0.00000000e+00j,
                -0.0070003 -6.34470235e-03j, ...,
                 0.00798071-9.72451887e-03j, -0.00504926+6.80813964e-03j,
                -0.00362404+4.41590333e-03j],
               [ 0.015625  -1.56250000e-02j, -0.0070003 +6.34470235e-03j,
                 0.015625  +0.00000000e+00j, ...,
                 0.00102087+2.07803200e-02j, -0.00137403-1.39507419e-02j,
                -0.00046358-9.43634186e-03j],
               ...,
               [-0.01975945-2.18011917e-02j,  0.00798071+9.72451887e-03j,
                 0.00102087-2.07803200e-02j, ...,
                 0.02770329+0.00000000e+00j, -0.01864343+9.15892964e-04j,
                -0.01258006-2.60208521e-18j],
               [ 0.01257671+1.53247700e-02j, -0.00504926-6.80813964e-03j,
                -0.00137403+1.39507419e-02j, ...,
                -0.01864343-9.15892964e-04j,  0.01257671+0.00000000e+00j,
                 0.00846598+4.15906930e-04j],
               [ 0.00897276+9.89991961e-03j, -0.00362404-4.41590333e-03j,
                -0.00046358+9.43634186e-03j, ...,
                -0.01258006+2.60208521e-18j,  0.00846598-4.15906930e-04j,
                 0.0057126 +0.00000000e+00j]],
              dims=(2, 2, 2, 2, 2, 2))","{'010101': 4, '011000': 7, '001101': 8, '110000': 25, '101110': 5, '010011': 13, '001010': 6, '010010': 10, '101001': 11, '110100': 12, '101000': 11, '001100': 13, '111111': 13, '110101': 24, '001111': 8, '110110': 10, '111101': 26, '110001': 4, '000101': 18, '000000': 27, '011101': 8, '000110': 20, '111110': 19, '100000': 4, '000011': 28, '111000': 19, '000010': 14, '101100': 19, '100111': 28, '000100': 9, '101010': 22, '101111': 30, '011100': 25, '011001': 25, '110111': 9, '001110': 29, '000111': 5, '010100': 15, '010110': 27, '010001': 26, '010111': 18, '100101': 14, '000001': 11, '011010': 9, '101011': 6, '110010': 28, '111011': 16, '111100': 5, '111010': 16, '001000': 24, '100010': 21, '001011': 26, '001001': 15, '011011': 11, '110011': 9, '101101': 13, '011111': 25, '100011': 9, '011110': 20, '100100': 33, '111001': 4, '100001': 29, '100110': 15, '010000': 11}","DensityMatrix([[ 0.02877434+4.20244434e-19j, -0.01212152-5.88903157e-04j,
                 0.01393481+1.39887904e-02j, ...,
                -0.01674828+1.84644004e-02j,  0.01072074-1.30808812e-02j,
                 0.00775117-8.53770293e-03j],
               [-0.01212152+5.88903157e-04j,  0.00722348+3.83782531e-18j,
                -0.00572585-5.18962269e-03j, ...,
                 0.00676762-8.25008682e-03j, -0.00437832+5.97450720e-03j,
                -0.00294608+3.57459591e-03j],
               [ 0.01393481-1.39887904e-02j, -0.00572585+5.18962269e-03j,
                 0.01563889-6.28266802e-18j, ...,
                 0.0008649 +1.76230836e-02j, -0.00120253-1.16759319e-02j,
                -0.00042554-8.13539013e-03j],
               ...,
               [-0.01674828-1.84644004e-02j,  0.00676762+8.25008682e-03j,
                 0.0008649 -1.76230836e-02j, ...,
                 0.02603898+2.68856396e-20j, -0.01624091+8.26396035e-04j,
                -0.01176702-4.75764786e-05j],
               [ 0.01072074+1.30808812e-02j, -0.00437832-5.97450720e-03j,
                -0.00120253+1.16759319e-02j, ...,
                -0.01624091-8.26396035e-04j,  0.01304867-3.25465681e-18j,
                 0.00653621+3.22411987e-04j],
               [ 0.00775117+8.53770293e-03j, -0.00294608-3.57459591e-03j,
                -0.00042554+8.13539013e-03j, ...,
                -0.01176702+4.75764786e-05j,  0.00653621-3.22411987e-04j,
                 0.00720273+1.05053695e-19j]],
              dims=(2, 2, 2, 2, 2, 2))"
data/selected_mutant_qc/mutants_qftentangled_6/qftentangled_6_Mutant_Replace_cp_P28_Q1_[3.9269908169872414].qasm,PureState_9,"{'101110': 1, '111000': 2, '011010': 3, '010101': 4, '101001': 3, '000100': 2, '100100': 30, '000010': 11, '001011': 24, '011011': 10, '001001': 28, '110100': 5, '010010': 8, '101010': 2, '001101': 28, '011000': 27, '101000': 46, '001100': 13, '110011': 29, '101101': 2, '001000': 6, '111100': 16, '111010': 25, '011111': 9, '100001': 18, '111001': 31, '010110': 2, '010111': 3, '010001': 9, '100111': 1, '101100': 18, '000011': 32, '000001': 15, '100101': 10, '111011': 17, '110110': 30, '110101': 24, '001111': 25, '011100': 21, '101111': 8, '100000': 29, '111110': 33, '000101': 31, '110001': 21, '010000': 23, '100110': 6, '100010': 12, '111111': 23, '111101': 32, '101011': 6, '110010': 23, '001010': 26, '001110': 40, '110111': 41, '010100': 29, '000111': 32, '000110': 19}","DensityMatrix([[ 3.60803668e-33+0.00000000e+00j,
                 5.93201881e-18-5.16841353e-18j,
                 7.50692545e-18+1.47117047e-19j, ...,
                 3.12740375e-19+1.06010318e-17j,
                -8.29521971e-19-1.05346950e-17j,
                -2.32004792e-19-7.86431938e-18j],
               [ 5.93201881e-18+5.16841353e-18j,
                 1.71565178e-02+0.00000000e+00j,
                 1.21314901e-02+1.09953417e-02j, ...,
                -1.46715068e-02+1.78772827e-02j,
                 1.37268339e-02-1.85084930e-02j,
                 1.08839797e-02-1.32621676e-02j],
               [ 7.50692545e-18-1.47117047e-19j,
                 1.21314901e-02-1.09953417e-02j,
                 1.56250000e-02+0.00000000e+00j, ...,
                 1.08294663e-03+2.20438852e-02j,
                -2.15546390e-03-2.18847922e-02j,
                -8.03378232e-04-1.63531396e-02j],
               ...,
               [ 3.12740375e-19-1.06010318e-17j,
                -1.46715068e-02-1.78772827e-02j,
                 1.08294663e-03-2.20438852e-02j, ...,
                 3.11747614e-02+0.00000000e+00j,
                -3.10246464e-02+1.52414314e-03j,
                -2.31268318e-02-1.73472348e-17j],
               [-8.29521971e-19+1.05346950e-17j,
                 1.37268339e-02+1.85084930e-02j,
                -2.15546390e-03+2.18847922e-02j, ...,
                -3.10246464e-02-1.52414314e-03j,
                 3.09497700e-02+0.00000000e+00j,
                 2.30154698e-02+1.13067753e-03j],
               [-2.32004792e-19+7.86431938e-18j,
                 1.08839797e-02+1.32621676e-02j,
                -8.03378232e-04+1.63531396e-02j, ...,
                -2.31268318e-02+1.73472348e-17j,
                 2.30154698e-02-1.13067753e-03j,
                 1.71565178e-02+0.00000000e+00j]],
              dims=(2, 2, 2, 2, 2, 2))","{'001110': 31, '101010': 6, '100011': 4, '000010': 23, '011111': 19, '101001': 8, '010010': 15, '001000': 4, '111100': 9, '111010': 24, '011110': 6, '111000': 6, '010000': 32, '100110': 21, '100010': 25, '100001': 11, '111001': 32, '101000': 35, '001100': 7, '001111': 7, '110101': 17, '001101': 21, '101011': 6, '110010': 21, '100101': 11, '000001': 11, '011010': 7, '010101': 6, '101101': 1, '110011': 18, '111111': 14, '111110': 25, '100000': 23, '001010': 29, '000101': 20, '011101': 3, '000000': 4, '110001': 23, '111101': 21, '000011': 28, '100111': 4, '101100': 18, '011100': 27, '101111': 17, '110000': 10, '011011': 14, '001011': 38, '001001': 19, '110110': 23, '111011': 21, '010110': 13, '010111': 6, '010001': 11, '011001': 7, '110111': 19, '010011': 8, '000110': 25, '000100': 7, '010100': 20, '000111': 23, '101110': 8, '110100': 7, '011000': 20, '100100': 25}","DensityMatrix([[ 2.24045794e-03+3.52037991e-18j,
                 1.09853232e-03+6.80710568e-05j,
                 7.10515051e-04+6.88823270e-04j, ...,
                 9.48176623e-05+3.01237315e-06j,
                -4.46081768e-05-1.63673873e-04j,
                -1.62894652e-04+1.33115138e-04j],
               [ 1.09853232e-03-6.80710568e-05j,
                 1.69178608e-02-1.42903363e-17j,
                 1.09520781e-02+9.95421951e-03j, ...,
                -1.24484134e-02+1.52650251e-02j,
                 1.16758974e-02-1.58626903e-02j,
                 9.23202468e-03-1.13420819e-02j],
               [ 7.10515051e-04-6.88823270e-04j,
                 1.09520781e-02-9.95421951e-03j,
                 1.56597910e-02+6.28828045e-18j, ...,
                 9.61601509e-04+1.86457091e-02j,
                -1.90586539e-03-1.86874485e-02j,
                -6.72740762e-04-1.37729943e-02j],
               ...,
               [ 9.48176623e-05-3.01237315e-06j,
                -1.24484134e-02-1.52650251e-02j,
                 9.61601509e-04-1.86457091e-02j, ...,
                 2.90980667e-02+2.64782496e-20j,
                -2.74944846e-02+1.32944515e-03j,
                -2.10238705e-02+1.47518471e-05j],
               [-4.46081768e-05+1.63673873e-04j,
                 1.16758974e-02+1.58626903e-02j,
                -1.90586539e-03+1.86874485e-02j, ...,
                -2.74944846e-02-1.32944515e-03j,
                 2.89458016e-02-3.48788200e-18j,
                 2.09938621e-02+1.04287293e-03j],
               [-1.62894652e-04-1.33115138e-04j,
                 9.23202468e-03+1.13420819e-02j,
                -6.72740762e-04+1.37729943e-02j, ...,
                -2.10238705e-02-1.47518471e-05j,
                 2.09938621e-02-1.04287293e-03j,
                 1.72349874e-02+6.91743938e-18j]],
              dims=(2, 2, 2, 2, 2, 2))"
data/selected_mutant_qc/mutants_qftentangled_6/qftentangled_6_Mutant_Replace_cp_P28_Q1_[3.9269908169872414].qasm,Quratest_0,"{'111000': 1, '111111': 5, '110000': 3, '111011': 2, '001101': 15, '010011': 2, '010010': 10, '100001': 17, '111001': 32, '011011': 16, '001001': 51, '001011': 11, '101101': 3, '110011': 10, '101100': 16, '100111': 16, '011000': 18, '101010': 27, '011110': 5, '011111': 14, '111010': 8, '111100': 1, '001000': 41, '101000': 21, '001100': 18, '010101': 22, '100101': 11, '000001': 6, '010110': 1, '010001': 37, '010111': 34, '110100': 2, '101110': 16, '000100': 16, '000011': 26, '101001': 46, '110111': 31, '011001': 6, '011101': 8, '000101': 3, '110001': 18, '100100': 13, '101111': 61, '100000': 37, '111110': 21, '010000': 1, '100110': 20, '000110': 18, '100010': 14, '110010': 6, '101011': 20, '111101': 21, '000010': 10, '001110': 13, '110101': 5, '001111': 28, '110110': 11, '001010': 20, '010100': 8, '000111': 42, '100011': 9}","DensityMatrix([[ 0.00059282+0.j        ,  0.0010838 -0.00140319j,
                 0.0022266 -0.00070531j, ...,  0.0031582 -0.00230287j,
                 0.00287329-0.00012044j,  0.00064708+0.00193637j],
               [ 0.0010838 +0.00140319j,  0.00530274+0.j        ,
                 0.00574014+0.00398085j, ...,  0.01122469+0.00326524j,
                 0.00553805+0.00658081j, -0.00340034+0.0050717j ],
               [ 0.0022266 +0.00070531j,  0.00574014-0.00398085j,
                 0.00920212+0.j        , ...,  0.01460185-0.00489198j,
                 0.01093518+0.00296613j,  0.00012659+0.00804274j],
               ...,
               [ 0.0031582 +0.00230287j,  0.01122469-0.00326524j,
                 0.01460185+0.00489198j, ...,  0.02577073+0.j        ,
                 0.01577502+0.01051994j, -0.00407476+0.01282945j],
               [ 0.00287329+0.00012044j,  0.00553805-0.00658081j,
                 0.01093518-0.00296613j, ...,  0.01577502-0.01051994j,
                 0.01395072+0.j        ,  0.00274286+0.00951665j],
               [ 0.00064708-0.00193637j, -0.00340034-0.0050717j ,
                 0.00012659-0.00804274j, ..., -0.00407476-0.01282945j,
                 0.00274286-0.00951665j,  0.00703117+0.j        ]],
              dims=(2, 2, 2, 2, 2, 2))","{'011010': 2, '110100': 2, '001101': 15, '111011': 3, '100100': 8, '110000': 6, '011110': 5, '000010': 10, '111101': 20, '000001': 12, '100101': 12, '111000': 5, '010010': 12, '000110': 12, '101110': 14, '111100': 4, '111010': 10, '001000': 44, '101000': 17, '001100': 19, '011000': 12, '110101': 8, '001111': 18, '110110': 9, '001010': 21, '010000': 3, '100110': 31, '000100': 18, '111110': 9, '100000': 29, '010100': 12, '000111': 44, '010110': 9, '010001': 43, '010111': 37, '011101': 9, '000000': 8, '110001': 17, '000101': 5, '010101': 16, '011100': 1, '101111': 39, '100010': 14, '110010': 3, '101011': 20, '111001': 28, '100001': 18, '001110': 18, '010011': 4, '011001': 5, '110111': 31, '111111': 15, '101101': 6, '110011': 9, '101010': 32, '011011': 9, '001011': 8, '001001': 52, '011111': 14, '100011': 12, '101100': 11, '100111': 17, '000011': 29, '101001': 39}","DensityMatrix([[ 0.00297387+8.59057176e-18j,  0.00206034+1.01922694e-04j,
                 0.00186885-5.14342733e-04j, ...,
                 0.00254997-2.03244939e-03j,  0.0025513 +1.08651237e-05j,
                 0.00085239+1.79843860e-03j],
               [ 0.00206034-1.01922694e-04j,  0.00786704-1.40522136e-18j,
                 0.00476375+3.39233467e-03j, ...,
                 0.00942386+2.72793598e-03j,  0.00480933+5.52772068e-03j,
                -0.00285098+4.33208820e-03j],
               [ 0.00186885+5.14342733e-04j,  0.00476375-3.39233467e-03j,
                 0.00975657+4.48056424e-19j, ...,
                 0.01236276-4.05131680e-03j,  0.00928178+2.51411487e-03j,
                 0.00012935+6.77569954e-03j],
               ...,
               [ 0.00254997+2.03244939e-03j,  0.00942386-2.72793598e-03j,
                 0.01236276+4.05131680e-03j, ...,
                 0.02436894-9.08377527e-18j,  0.01357926+9.11279147e-03j,
                -0.00364481+1.14703058e-02j],
               [ 0.0025513 -1.08651237e-05j,  0.00480933-5.52772068e-03j,
                 0.00928178-2.51411487e-03j, ...,
                 0.01357926-9.11279147e-03j,  0.01378979+1.31686973e-18j,
                 0.00287347+8.61158776e-03j],
               [ 0.00085239-1.79843860e-03j, -0.00285098-4.33208820e-03j,
                 0.00012935-6.77569954e-03j, ...,
                -0.00364481-1.14703058e-02j,  0.00287347-8.61158776e-03j,
                 0.00925685+5.22057846e-18j]],
              dims=(2, 2, 2, 2, 2, 2))"
data/selected_mutant_qc/mutants_qftentangled_6/qftentangled_6_Mutant_Replace_cp_P28_Q1_[3.9269908169872414].qasm,Quratest_1,"{'000011': 3, '011100': 3, '111101': 3, '110110': 11, '110100': 2, '100100': 12, '000100': 3, '011111': 11, '100110': 3, '111010': 15, '001000': 19, '111100': 11, '011000': 9, '000110': 11, '110001': 67, '000101': 23, '011101': 8, '101101': 27, '110011': 26, '001001': 32, '011011': 16, '001011': 7, '011010': 4, '110010': 6, '101011': 47, '010101': 53, '101001': 49, '100111': 6, '101100': 12, '101010': 17, '101110': 5, '100101': 13, '111011': 24, '010010': 10, '100011': 7, '010111': 37, '010110': 27, '001100': 1, '101000': 8, '001010': 8, '001101': 22, '011110': 24, '010100': 14, '000111': 40, '001110': 12, '011001': 13, '110111': 28, '010011': 46, '110101': 3, '001111': 66, '110000': 18, '100001': 17, '111001': 35, '111000': 30}","DensityMatrix([[ 1.39253726e-04+0.00000000e+00j,
                -7.15795718e-05-4.04491552e-05j,
                 9.56789459e-05-1.52807382e-06j, ...,
                -3.66803794e-04-8.23075978e-04j,
                 5.12579024e-05-1.05987166e-04j,
                 8.68354965e-05-4.06998206e-05j],
               [-7.15795718e-05+4.04491552e-05j,
                 4.85428251e-05+0.00000000e+00j,
                -4.87372861e-05+2.85774142e-05j, ...,
                 4.27625086e-04+3.16533882e-04j,
                 4.43846389e-06+6.93687352e-05j,
                -3.28133001e-05+4.61438153e-05j],
               [ 9.56789459e-05+1.52807382e-06j,
                -4.87372861e-05-2.85774142e-05j,
                 6.57561989e-05+0.00000000e+00j, ...,
                -2.42992992e-04-5.69547025e-04j,
                 3.63814918e-05-7.22595710e-05j,
                 6.01098538e-05-2.70113052e-05j],
               ...,
               [-3.66803794e-04+8.23075978e-04j,
                 4.27625086e-04-3.16533882e-04j,
                -2.42992992e-04+5.69547025e-04j, ...,
                 5.83107622e-03+0.00000000e+00j,
                 4.91433152e-04+5.82143439e-04j,
                 1.18305994e-05+6.20457797e-04j],
               [ 5.12579024e-05+1.05987166e-04j,
                 4.43846389e-06-6.93687352e-05j,
                 3.63814918e-05+7.22595710e-05j, ...,
                 4.91433152e-04-5.82143439e-04j,
                 9.95352325e-05+0.00000000e+00j,
                 6.29402482e-05+5.11100205e-05j],
               [ 8.68354965e-05+4.06998206e-05j,
                -3.28133001e-05-4.61438153e-05j,
                 6.01098538e-05+2.70113052e-05j, ...,
                 1.18305994e-05-6.20457797e-04j,
                 6.29402482e-05-5.11100205e-05j,
                 6.60440416e-05+0.00000000e+00j]],
              dims=(2, 2, 2, 2, 2, 2))","{'000110': 6, '111101': 3, '000100': 4, '111011': 19, '111110': 1, '100000': 3, '010010': 7, '001110': 10, '100011': 4, '110100': 5, '101000': 12, '001100': 8, '101100': 17, '100111': 8, '001010': 8, '010110': 24, '010111': 41, '010001': 11, '110010': 7, '101011': 50, '000001': 4, '100101': 15, '011000': 8, '001111': 48, '110101': 13, '001011': 13, '011011': 13, '001001': 34, '110000': 25, '110011': 37, '101101': 20, '001101': 14, '011100': 7, '101111': 2, '101010': 8, '110110': 14, '011010': 6, '011001': 16, '110111': 36, '010011': 30, '000000': 2, '000101': 27, '110001': 54, '011101': 10, '111001': 41, '100001': 17, '100110': 3, '010000': 5, '101110': 10, '101001': 35, '000011': 10, '111111': 4, '111000': 25, '111100': 7, '001000': 9, '111010': 18, '100100': 15, '010100': 12, '000111': 28, '011110': 21, '010101': 44, '011111': 16}","DensityMatrix([[ 3.75954904e-04+7.09966221e-18j,
                -3.93907495e-04-4.97294814e-05j,
                 2.47395480e-04+1.45260245e-05j, ...,
                -3.14662940e-04-5.59914025e-04j,
                 2.12488247e-06-2.36953057e-05j,
                 1.77814571e-04-1.59491542e-04j],
               [-3.93907495e-04+4.97294814e-05j,
                 1.21850324e-03+7.15692810e-18j,
                -3.71951247e-04-6.83246444e-06j, ...,
                 3.43792736e-04+1.43837115e-04j,
                 9.89465336e-06+6.10924945e-05j,
                -7.71129469e-05+1.14446427e-04j],
               [ 2.47395480e-04-1.45260245e-05j,
                -3.71951247e-04+6.83246444e-06j,
                 6.35446182e-04+5.00272301e-18j, ...,
                -2.07219045e-04-3.94028783e-04j,
                 5.36564134e-06-3.00930864e-05j,
                 1.29651581e-04-1.30522939e-04j],
               ...,
               [-3.14662940e-04+5.59914025e-04j,
                 3.43792736e-04-1.43837115e-04j,
                -2.07219045e-04+3.94028783e-04j, ...,
                 7.04695230e-03-1.08179338e-19j,
                 8.83329643e-04+7.74077615e-04j,
                -5.81880420e-04+3.12597159e-05j],
               [ 2.12488247e-06+2.36953057e-05j,
                 9.89465336e-06-6.10924945e-05j,
                 5.36564134e-06+3.00930864e-05j, ...,
                 8.83329643e-04-7.74077615e-04j,
                 1.08784482e-03+6.12543012e-18j,
                -9.03133104e-04-1.10045774e-04j],
               [ 1.77814571e-04+1.59491542e-04j,
                -7.71129469e-05-1.14446427e-04j,
                 1.29651581e-04+1.30522939e-04j, ...,
                -5.81880420e-04-3.12597159e-05j,
                -9.03133104e-04+1.10045774e-04j,
                 1.32149106e-03+2.62914623e-18j]],
              dims=(2, 2, 2, 2, 2, 2))"
data/selected_mutant_qc/mutants_qftentangled_6/qftentangled_6_Mutant_Replace_cp_P28_Q1_[3.9269908169872414].qasm,Quratest_2,"{'000110': 1, '001010': 3, '100100': 2, '000100': 1, '111111': 4, '111001': 7, '100001': 23, '100010': 8, '101100': 4, '100111': 10, '001100': 20, '111110': 1, '100000': 15, '000101': 1, '110001': 26, '011101': 22, '001111': 54, '110101': 10, '111000': 32, '000010': 15, '011110': 51, '000001': 3, '100101': 23, '111011': 4, '011001': 14, '110111': 3, '001110': 10, '010011': 4, '010100': 7, '000111': 2, '111101': 26, '001000': 3, '111010': 43, '111100': 22, '011100': 53, '101111': 8, '100011': 14, '010111': 2, '010110': 12, '010001': 6, '110010': 9, '101011': 18, '011111': 30, '110000': 12, '001011': 37, '001001': 28, '011011': 6, '110011': 12, '101101': 31, '110110': 32, '001101': 61, '100110': 2, '010000': 3, '101001': 18, '000011': 30, '101110': 4, '110100': 19, '011010': 43, '011000': 59, '010101': 1}","DensityMatrix([[ 0.00013486+0.j        ,  0.00080303-0.0002126j ,
                -0.00047587+0.00126988j, ...,  0.00032653+0.00160935j,
                 0.00012242+0.00019047j, -0.00023282+0.00028883j],
               [ 0.00080303+0.0002126j ,  0.00511691+0.j        ,
                -0.00483555+0.00681145j, ..., -0.00059274+0.01009781j,
                 0.00042868+0.00132714j, -0.00184166+0.00135286j],
               [-0.00047587-0.00126988j, -0.00483555-0.00681145j,
                 0.0136368 +0.j        , ...,  0.01400199-0.00875353j,
                 0.00136153-0.0018248j ,  0.00354127+0.00117308j],
               ...,
               [ 0.00032653-0.00160935j, -0.00059274-0.01009781j,
                 0.01400199+0.00875353j, ...,  0.01999589+0.j        ,
                 0.00256935-0.0009997j ,  0.00288309+0.00347765j],
               [ 0.00012242-0.00019047j,  0.00042868-0.00132714j,
                 0.00136153+0.0018248j , ...,  0.00256935+0.0009997j ,
                 0.00038012+0.j        ,  0.00019659+0.000591j  ],
               [-0.00023282-0.00028883j, -0.00184166-0.00135286j,
                 0.00354127-0.00117308j, ...,  0.00288309-0.00347765j,
                 0.00019659-0.000591j  ,  0.00102052+0.j        ]],
              dims=(2, 2, 2, 2, 2, 2))","{'111111': 2, '000100': 4, '101110': 4, '111110': 5, '100000': 19, '101000': 1, '001100': 7, '000111': 5, '001000': 7, '111010': 28, '111100': 19, '100001': 19, '111001': 7, '000001': 9, '100101': 11, '111011': 11, '101101': 29, '110011': 16, '011111': 17, '101100': 3, '100111': 16, '010001': 4, '010110': 20, '010111': 7, '001101': 48, '101010': 3, '100010': 10, '001010': 8, '110000': 19, '000110': 7, '000101': 8, '110001': 22, '011101': 19, '001110': 25, '010011': 7, '110110': 30, '110101': 7, '001111': 63, '011110': 44, '110100': 21, '101001': 22, '000011': 29, '100110': 3, '010000': 5, '110111': 9, '011001': 11, '000010': 20, '111000': 42, '001001': 21, '011011': 11, '001011': 33, '101011': 21, '110010': 16, '011010': 36, '111101': 10, '100100': 3, '011000': 39, '100011': 16, '010010': 7, '101111': 10, '011100': 37, '010100': 12}","DensityMatrix([[ 7.95051625e-04-4.38959825e-18j,
                 1.13351033e-03+2.97981824e-04j,
                -5.67524705e-04+1.21470252e-03j, ...,
                 2.12664780e-04+1.33800017e-03j,
                 3.15838125e-04+1.31504505e-04j,
                -5.51432814e-05+2.98333606e-04j],
               [ 1.13351033e-03-2.97981824e-04j,
                 5.64036055e-03+1.03549257e-17j,
                -4.24825927e-03+5.99229723e-03j, ...,
                -5.27084071e-04+8.59155778e-03j,
                 4.50164061e-04+8.11976644e-04j,
                -1.41883145e-03+1.01454397e-03j],
               [-5.67524705e-04-1.21470252e-03j,
                -4.24825927e-03-5.99229723e-03j,
                 1.35343917e-02-3.03545159e-18j, ...,
                 1.18335952e-02-7.36809652e-03j,
                 1.17011446e-03-1.58707627e-03j,
                 3.02443004e-03+9.77167177e-04j],
               ...,
               [ 2.12664780e-04-1.33800017e-03j,
                -5.27084071e-04-8.59155778e-03j,
                 1.18335952e-02+7.36809652e-03j, ...,
                 1.94732214e-02+1.62100079e-19j,
                 2.22987564e-03-8.51290164e-04j,
                 2.59885664e-03+3.17462688e-03j],
               [ 3.15838125e-04-1.31504505e-04j,
                 4.50164061e-04-8.11976644e-04j,
                 1.17011446e-03+1.58707627e-03j, ...,
                 2.22987564e-03+8.51290164e-04j,
                 2.41902999e-03-1.40922508e-17j,
                 1.27025319e-03+8.16612890e-04j],
               [-5.51432814e-05-2.98333606e-04j,
                -1.41883145e-03-1.01454397e-03j,
                 3.02443004e-03-9.77167177e-04j, ...,
                 2.59885664e-03-3.17462688e-03j,
                 1.27025319e-03-8.16612890e-04j,
                 1.96977842e-03-8.65654587e-19j]],
              dims=(2, 2, 2, 2, 2, 2))"
data/selected_mutant_qc/mutants_qftentangled_6/qftentangled_6_Mutant_Replace_cp_P28_Q1_[3.9269908169872414].qasm,Quratest_3,"{'110111': 2, '111011': 1, '001101': 2, '011000': 2, '010011': 5, '000011': 9, '010110': 88, '010111': 8, '110010': 5, '101011': 1, '111101': 10, '001110': 10, '010010': 12, '001010': 8, '101000': 2, '011011': 4, '001001': 3, '001011': 5, '100001': 1, '111001': 9, '010100': 21, '000111': 17, '000001': 9, '100101': 13, '101010': 16, '110000': 20, '000000': 113, '011101': 10, '000101': 7, '110001': 2, '010000': 8, '010101': 5, '110011': 2, '111111': 18, '000110': 43, '100011': 6, '111100': 13, '001000': 21, '111010': 19, '110101': 10, '001111': 5, '110110': 2, '011100': 10, '011010': 53, '101110': 8, '110100': 47, '100010': 83, '111110': 6, '000010': 76, '111000': 98, '000100': 8, '101001': 6, '100111': 1, '101100': 30, '011110': 11, '100100': 20}","DensityMatrix([[ 0.113652  +0.j        , -0.03327949+0.004531j  ,
                 0.07017403+0.07034296j, ..., -0.01252292+0.0286609j ,
                -0.01191369+0.02381999j,  0.00639323-0.03816678j],
               [-0.03327949-0.004531j  ,  0.00992551+0.j        ,
                -0.01774392-0.02339542j, ...,  0.00480959-0.00789321j,
                 0.0044382 -0.00649998j, -0.00339367+0.01092108j],
               [ 0.07017403-0.07034296j, -0.01774392+0.02339542j,
                 0.08686628+0.j        , ...,  0.01000694+0.02544742j,
                 0.00738691+0.02208134j, -0.01967519-0.02752293j],
               ...,
               [-0.01252292-0.0286609j ,  0.00480959+0.00789321j,
                 0.01000694-0.02544742j, ...,  0.0086076 +0.j        ,
                 0.00731968+0.00037977j, -0.01032939+0.00259321j],
               [-0.01191369-0.02381999j,  0.0044382 +0.00649998j,
                 0.00738691-0.02208134j, ...,  0.00731968-0.00037977j,
                 0.00624123+0.j        , -0.00866944+0.00266093j],
               [ 0.00639323+0.03816678j, -0.00339367-0.01092108j,
                -0.01967519+0.02752293j, ..., -0.01032939-0.00259321j,
                -0.00866944-0.00266093j,  0.01317686+0.j        ]],
              dims=(2, 2, 2, 2, 2, 2))","{'011111': 2, '111011': 3, '110111': 4, '101001': 6, '100110': 4, '010000': 8, '100001': 2, '111001': 11, '001010': 6, '001100': 4, '101000': 7, '111010': 19, '111100': 18, '001000': 11, '010011': 6, '001110': 16, '110011': 1, '101101': 1, '001001': 3, '001011': 5, '011011': 6, '010010': 24, '111111': 12, '111101': 9, '000011': 14, '101100': 33, '100111': 6, '101010': 16, '010101': 6, '110001': 2, '011101': 3, '000000': 65, '000101': 6, '100010': 64, '110110': 13, '110101': 8, '001111': 2, '010001': 3, '010110': 103, '010111': 20, '001101': 6, '111110': 8, '100000': 11, '011110': 9, '010100': 28, '000111': 17, '110000': 11, '011100': 12, '100011': 4, '011000': 9, '100100': 18, '110010': 9, '101011': 4, '000110': 49, '011010': 42, '100101': 7, '000001': 8, '101110': 11, '110100': 50, '000010': 79, '111000': 68, '000100': 12}","DensityMatrix([[ 0.10309086-4.46682117e-17j, -0.02978131+3.90542271e-03j,
                 0.06158168+6.18820848e-02j, ...,
                -0.01058591+2.42165360e-02j, -0.01031377+2.01448793e-02j,
                 0.00548813-3.24900028e-02j],
               [-0.02978131-3.90542271e-03j,  0.01013616+1.36627379e-19j,
                -0.01541141-2.02065611e-02j, ...,
                 0.00414593-6.64657936e-03j,  0.00377744-5.44582791e-03j,
                -0.00287168+9.34279402e-03j],
               [ 0.06158168-6.18820848e-02j, -0.01541141+2.02065611e-02j,
                 0.08066787+1.47872387e-17j, ...,
                 0.00843978+2.15076552e-02j,  0.00615473+1.86354710e-02j,
                -0.01660314-2.31909190e-02j],
               ...,
               [-0.01058591-2.42165360e-02j,  0.00414593+6.64657936e-03j,
                 0.00843978-2.15076552e-02j, ...,
                 0.00881701-4.87063050e-18j,  0.0066582 +3.88042611e-04j,
                -0.00978621+2.32017060e-03j],
               [-0.01031377-2.01448793e-02j,  0.00377744+5.44582791e-03j,
                 0.00615473-1.86354710e-02j, ...,
                 0.0066582 -3.88042611e-04j,  0.00824998-1.74081484e-18j,
                -0.00819251+2.49660548e-03j],
               [ 0.00548813+3.24900028e-02j, -0.00287168-9.34279402e-03j,
                -0.01660314+2.31909190e-02j, ...,
                -0.00978621-2.32017060e-03j, -0.00819251-2.49660548e-03j,
                 0.01283701-3.58395854e-18j]],
              dims=(2, 2, 2, 2, 2, 2))"
data/selected_mutant_qc/mutants_qftentangled_6/qftentangled_6_Mutant_Replace_cp_P28_Q1_[3.9269908169872414].qasm,Quratest_4,"{'001010': 1, '010100': 2, '011111': 5, '100010': 15, '001111': 11, '110101': 8, '101100': 11, '100100': 5, '011010': 2, '110110': 11, '100001': 7, '111001': 3, '110010': 12, '101011': 17, '010001': 18, '010110': 24, '010111': 7, '001101': 23, '101000': 11, '001100': 26, '111100': 14, '111010': 25, '001000': 27, '011011': 5, '001001': 17, '110000': 2, '000100': 50, '001110': 10, '010011': 17, '110001': 3, '011101': 17, '000101': 16, '000000': 54, '101010': 45, '010101': 2, '010010': 17, '111000': 3, '000010': 46, '111101': 21, '110100': 19, '101110': 33, '101001': 23, '000011': 21, '000001': 28, '100101': 18, '111011': 22, '011000': 15, '111111': 16, '101101': 2, '110011': 6, '110111': 14, '011001': 11, '100110': 23, '010000': 27, '000110': 35, '100011': 7, '011100': 21, '101111': 3, '100000': 4, '111110': 18, '000111': 36, '011110': 12}","DensityMatrix([[ 0.05571805+0.j        , -0.03694469+0.00301652j,
                 0.03559815+0.02652103j, ..., -0.02650465+0.00037434j,
                -0.02459185+0.0168222j ,  0.02960996-0.01581852j],
               [-0.03694469-0.00301652j,  0.02466004+0.j        ,
                -0.02216807-0.01951241j, ...,  0.01759457+0.00118672j,
                 0.01721673-0.00982283j, -0.02048973+0.00888565j],
               [ 0.03559815-0.02652103j, -0.02216807+0.01951241j,
                 0.03536724+0.j        , ..., -0.01675559+0.01285501j,
                -0.00770455+0.02245305j,  0.01138835-0.02420035j],
               ...,
               [-0.02650465-0.00037434j,  0.01759457-0.00118672j,
                -0.01675559-0.01285501j, ...,  0.01261057+0.j        ,
                 0.01181117-0.00783697j, -0.01419151+0.00732581j],
               [-0.02459185-0.0168222j ,  0.01721673+0.00982283j,
                -0.00770455-0.02245305j, ...,  0.01181117+0.00783697j,
                 0.01593281+0.j        , -0.01784459-0.00195804j],
               [ 0.02960996+0.01581852j, -0.02048973-0.00888565j,
                 0.01138835+0.02420035j, ..., -0.01419151-0.00732581j,
                -0.01784459+0.00195804j,  0.02022639+0.j        ]],
              dims=(2, 2, 2, 2, 2, 2))","{'010101': 5, '011000': 14, '010100': 3, '100011': 6, '011110': 9, '110110': 8, '101101': 9, '110011': 10, '010010': 19, '111100': 9, '001000': 28, '111010': 13, '101010': 31, '111011': 10, '000001': 30, '100101': 22, '101111': 2, '011100': 19, '001111': 20, '110101': 19, '100001': 11, '111001': 10, '100000': 7, '111110': 17, '000100': 44, '111101': 12, '011111': 3, '011011': 9, '001001': 11, '001011': 5, '100010': 15, '110001': 3, '000101': 16, '000000': 59, '011101': 7, '000110': 32, '110000': 4, '100100': 10, '001110': 14, '010011': 23, '111111': 16, '000111': 25, '101100': 9, '100111': 4, '111000': 8, '000010': 34, '101110': 36, '110100': 31, '101001': 21, '000011': 29, '101011': 19, '110010': 20, '010110': 18, '010111': 8, '010001': 16, '100110': 16, '010000': 32, '110111': 13, '011001': 16, '001010': 3, '001100': 20, '101000': 12, '001101': 20}","DensityMatrix([[ 0.05124724-1.14651517e-21j, -0.03342084+3.04507934e-03j,
                 0.03175804+2.34073402e-02j, ...,
                -0.02252309+1.58790636e-04j, -0.02123272+1.42955638e-02j,
                 0.02541952-1.33179355e-02j],
               [-0.03342084-3.04507934e-03j,  0.02366714-1.59336971e-21j,
                -0.01944038-1.69166336e-02j, ...,
                 0.01504407+1.00647084e-03j,  0.0146835 -8.32584107e-03j,
                -0.01772698+7.68710638e-03j],
               [ 0.03175804-2.34073402e-02j, -0.01944038+1.69166336e-02j,
                 0.03364324+1.62368703e-19j, ...,
                -0.0143948 +1.07605755e-02j, -0.00677036+1.90826212e-02j,
                 0.00991291-2.04799802e-02j],
               ...,
               [-0.02252309-1.58790636e-04j,  0.01504407-1.00647084e-03j,
                -0.0143948 -1.07605755e-02j, ...,
                 0.01276183+3.02984742e-18j,  0.0103838 -6.78430323e-03j,
                -0.01325634+6.65623422e-03j],
               [-0.02123272-1.42955638e-02j,  0.0146835 +8.32584107e-03j,
                -0.00677036-1.90826212e-02j, ...,
                 0.0103838 +6.78430323e-03j,  0.01588318-4.75474478e-19j,
                -0.01660683-1.40963878e-03j],
               [ 0.02541952+1.33179355e-02j, -0.01772698-7.68710638e-03j,
                 0.00991291+2.04799802e-02j, ...,
                -0.01325634-6.65623422e-03j, -0.01660683+1.40963878e-03j,
                 0.01959728-4.75116995e-19j]],
              dims=(2, 2, 2, 2, 2, 2))"
data/selected_mutant_qc/mutants_qftentangled_6/qftentangled_6_Mutant_Replace_cp_P28_Q1_[3.9269908169872414].qasm,Quratest_5,"{'101001': 1, '110100': 1, '011010': 2, '011000': 2, '110110': 4, '001101': 6, '100100': 5, '101110': 3, '010000': 11, '100110': 6, '110010': 29, '101011': 13, '011111': 2, '011110': 5, '001100': 5, '101000': 8, '001010': 3, '110000': 5, '001011': 23, '011011': 21, '001001': 15, '010010': 16, '011100': 24, '110101': 37, '001111': 14, '000100': 5, '100001': 1, '111001': 43, '000110': 14, '110001': 22, '000101': 25, '000000': 9, '011101': 43, '000011': 66, '100111': 46, '101100': 18, '010101': 6, '110111': 14, '011001': 50, '010011': 3, '001110': 5, '000111': 39, '010100': 9, '100011': 46, '010110': 15, '101101': 1, '110011': 7, '111111': 26, '111000': 19, '000010': 20, '100101': 12, '000001': 32, '111101': 63, '100010': 30, '001000': 1, '111010': 3, '111100': 22, '111110': 20, '111011': 28}","DensityMatrix([[ 1.22113662e-02+0.j        , -5.81969608e-03-0.01716342j,
                -1.67045882e-02+0.00114776j, ...,
                 2.45285918e-02-0.01238866j, -4.51318931e-03+0.01179927j,
                 1.69594806e-02+0.00638967j],
               [-5.81969608e-03+0.01716342j,  2.68972289e-02+0.j        ,
                 6.34787192e-03-0.02402577j, ...,
                 5.72276412e-03+0.04037982j, -1.44333139e-02-0.01196672j,
                -1.70634214e-02+0.02079184j],
               [-1.67045882e-02-0.00114776j,  6.34787192e-03+0.02402577j,
                 2.29589882e-02+0.j        , ...,
                -3.47184077e-02+0.01464165j,  7.28285957e-03-0.01571666j,
                -2.25992196e-02-0.01033482j],
               ...,
               [ 2.45285918e-02+0.01238866j,  5.72276412e-03-0.04037982j,
                -3.47184077e-02-0.01464165j, ...,
                 6.18383385e-02+0.j        , -2.10360806e-02+0.01912212j,
                 2.75835403e-02+0.03004044j],
               [-4.51318931e-03-0.01179927j, -1.44333139e-02+0.01196672j,
                 7.28285957e-03+0.01571666j, ...,
                -2.10360806e-02-0.01912212j,  1.30691095e-02+0.j        ,
                -9.39987871e-05-0.01874871j],
               [ 1.69594806e-02-0.00638967j, -1.70634214e-02-0.02079184j,
                -2.25992196e-02+0.01033482j, ...,
                 2.75835403e-02-0.03004044j, -9.39987871e-05+0.01874871j,
                 2.68972289e-02+0.j        ]],
              dims=(2, 2, 2, 2, 2, 2))","{'011010': 2, '011111': 5, '100100': 6, '101110': 2, '110100': 3, '101101': 7, '110011': 8, '000010': 17, '100011': 29, '010110': 17, '010111': 11, '010001': 4, '001001': 9, '001011': 31, '011011': 21, '010010': 18, '010000': 18, '100110': 3, '011110': 11, '101000': 3, '001100': 2, '010101': 9, '000000': 7, '110001': 16, '011101': 32, '000101': 25, '001010': 7, '110110': 5, '110101': 29, '001111': 23, '011001': 49, '110111': 12, '001110': 5, '010011': 5, '000111': 53, '010100': 6, '100001': 9, '111001': 43, '111000': 16, '100010': 27, '101001': 5, '000011': 47, '100111': 41, '101100': 7, '000100': 4, '000001': 24, '100101': 27, '111011': 28, '011000': 4, '100000': 1, '111110': 15, '011100': 24, '101111': 4, '111010': 3, '001000': 2, '111100': 27, '101011': 12, '110010': 26, '111101': 55, '000110': 15, '110000': 6, '111111': 32, '001101': 10}","DensityMatrix([[ 1.20338608e-02+1.24524263e-18j,
                -5.24670866e-03-1.55129049e-02j,
                -1.55442077e-02+1.07711626e-03j, ...,
                 2.03902498e-02-1.02747489e-02j,
                -3.95341146e-03+9.99951825e-03j,
                 1.43905441e-02+5.43233058e-03j],
               [-5.24670866e-03+1.55129049e-02j,
                 2.57437764e-02-1.94045384e-17j,
                 5.43347985e-03-2.06805431e-02j, ...,
                 4.91249574e-03+3.39608846e-02j,
                -1.21891123e-02-1.01640627e-02j,
                -1.46130511e-02+1.78967808e-02j],
               [-1.55442077e-02-1.07711626e-03j,
                 5.43347985e-03+2.06805431e-02j,
                 2.24794253e-02+6.88117367e-18j, ...,
                -2.90283266e-02+1.21937124e-02j,
                 6.22798663e-03-1.30291232e-02j,
                -1.88678120e-02-8.61496484e-03j],
               ...,
               [ 2.03902498e-02+1.02747489e-02j,
                 4.91249574e-03-3.39608846e-02j,
                -2.90283266e-02-1.21937124e-02j, ...,
                 5.76865235e-02-7.80080333e-19j,
                -1.79874740e-02+1.65980791e-02j,
                 2.49317728e-02+2.72318976e-02j],
               [-3.95341146e-03-9.99951825e-03j,
                -1.21891123e-02+1.01640627e-02j,
                 6.22798663e-03+1.30291232e-02j, ...,
                -1.79874740e-02-1.65980791e-02j,
                 1.29479165e-02+6.74875526e-18j,
                -1.14960045e-05-1.70733400e-02j],
               [ 1.43905441e-02-5.43233058e-03j,
                -1.46130511e-02-1.78967808e-02j,
                -1.88678120e-02+8.61496484e-03j, ...,
                 2.49317728e-02-2.72318976e-02j,
                -1.14960045e-05+1.70733400e-02j,
                 2.61746301e-02+2.43586906e-19j]],
              dims=(2, 2, 2, 2, 2, 2))"
data/selected_mutant_qc/mutants_qftentangled_6/qftentangled_6_Mutant_Replace_cp_P28_Q1_[3.9269908169872414].qasm,Quratest_6,"{'001101': 1, '011011': 5, '001011': 1, '110001': 1, '000000': 33, '000101': 11, '011101': 1, '000110': 6, '111011': 3, '000001': 2, '100101': 5, '111111': 5, '110011': 4, '011111': 8, '001111': 4, '110101': 3, '000010': 3, '111000': 15, '110110': 16, '101001': 1, '100111': 1, '101100': 5, '010101': 9, '101111': 4, '011100': 16, '001100': 25, '101000': 11, '001010': 8, '110000': 50, '110100': 36, '101110': 90, '000100': 70, '011010': 47, '110010': 18, '101011': 1, '010111': 1, '010110': 10, '010001': 1, '111110': 69, '100010': 5, '010000': 77, '100110': 20, '000111': 1, '010100': 70, '110111': 3, '001110': 44, '011110': 48, '011000': 20, '100100': 67, '111001': 1, '100001': 1, '111010': 67}","DensityMatrix([[ 3.16856010e-02+0.00000000e+00j,
                -3.98819024e-03+8.86455285e-03j,
                -9.31911786e-03-4.63407850e-03j, ...,
                 1.04622268e-03-1.76475612e-03j,
                -4.28848590e-03+4.92326043e-02j,
                -3.55219780e-03-8.09715736e-03j],
               [-3.98819024e-03-8.86455285e-03j,
                 2.98198411e-03+0.00000000e+00j,
                -1.23482553e-04+3.19045232e-03j, ...,
                -6.25404233e-04-7.05719024e-05j,
                 1.43133886e-02-4.99701684e-03j,
                -1.81820249e-03+2.01295374e-03j],
               [-9.31911786e-03+4.63407850e-03j,
                -1.23482553e-04-3.19045232e-03j,
                 3.41860775e-03+0.00000000e+00j, ...,
                -4.96078360e-05+6.72048112e-04j,
                -5.93906510e-03-1.51071025e-02j,
                 2.22896870e-03+1.86195617e-03j],
               ...,
               [ 1.04622268e-03+1.76475612e-03j,
                -6.25404233e-04+7.05719024e-05j,
                -4.96078360e-05-6.72048112e-04j, ...,
                 1.32834661e-04+0.00000000e+00j,
                -2.88365214e-03+1.38675405e-03j,
                 3.33688419e-04-4.65201608e-04j],
               [-4.28848590e-03-4.92326043e-02j,
                 1.43133886e-02+4.99701684e-03j,
                -5.93906510e-03+1.51071025e-02j, ...,
                -2.88365214e-03-1.38675405e-03j,
                 7.70772956e-02+0.00000000e+00j,
                -1.21004678e-02+6.61526016e-03j],
               [-3.55219780e-03+8.09715736e-03j,
                -1.81820249e-03-2.01295374e-03j,
                 2.22896870e-03-1.86195617e-03j, ...,
                 3.33688419e-04+4.65201608e-04j,
                -1.21004678e-02-6.61526016e-03j,
                 2.46743202e-03+0.00000000e+00j]],
              dims=(2, 2, 2, 2, 2, 2))","{'110011': 1, '101101': 1, '111011': 4, '111101': 1, '000011': 1, '010011': 1, '010010': 5, '000111': 1, '100010': 4, '101100': 11, '100111': 3, '111111': 5, '010110': 18, '010001': 4, '010111': 2, '001101': 4, '011111': 8, '000001': 1, '100101': 3, '010101': 5, '110001': 1, '000000': 24, '000101': 8, '101001': 1, '101000': 11, '001100': 27, '100001': 1, '111001': 1, '101010': 7, '001010': 13, '001111': 3, '110101': 3, '001000': 2, '111010': 58, '111100': 4, '100000': 8, '111110': 67, '110000': 44, '001011': 1, '001001': 5, '100110': 20, '010000': 70, '011110': 48, '011000': 13, '100100': 56, '110110': 34, '101111': 4, '011100': 17, '101011': 3, '110010': 9, '011010': 30, '000010': 2, '111000': 13, '100011': 1, '101110': 75, '110100': 51, '000110': 7, '010100': 70, '110111': 4, '001110': 51, '000100': 74}","DensityMatrix([[ 2.93788953e-02+8.67748865e-18j,
                -3.64939081e-03+7.97230587e-03j,
                -8.20937865e-03-4.05630551e-03j, ...,
                 9.16681706e-04-1.47010084e-03j,
                -3.73730398e-03+4.15392754e-02j,
                -2.91339116e-03-6.86495080e-03j],
               [-3.64939081e-03-7.97230587e-03j,
                 3.14612821e-03-2.59834800e-18j,
                -1.10186004e-04+2.73961962e-03j, ...,
                -5.45319601e-04-7.67259493e-05j,
                 1.19819726e-02-4.18471017e-03j,
                -1.56081801e-03+1.75217004e-03j],
               [-8.20937865e-03+4.05630551e-03j,
                -1.10186004e-04-2.73961962e-03j,
                 3.97261830e-03+1.63137448e-18j, ...,
                -2.10154524e-05+5.75951501e-04j,
                -4.84234721e-03-1.25332947e-02j,
                 1.81574966e-03+1.56836510e-03j],
               ...,
               [ 9.16681706e-04+1.47010084e-03j,
                -5.45319601e-04+7.67259493e-05j,
                -2.10154524e-05-5.75951501e-04j, ...,
                 3.54697966e-04+2.81979392e-18j,
                -2.54409693e-03+1.15368725e-03j,
                 3.61918351e-04-4.25704827e-04j],
               [-3.73730398e-03-4.15392754e-02j,
                 1.19819726e-02+4.18471017e-03j,
                -4.84234721e-03+1.25332947e-02j, ...,
                -2.54409693e-03-1.15368725e-03j,
                 7.12758121e-02-1.34433536e-17j,
                -1.10337825e-02+6.31738128e-03j],
               [-2.91339116e-03+6.86495080e-03j,
                -1.56081801e-03-1.75217004e-03j,
                 1.81574966e-03-1.56836510e-03j, ...,
                 3.61918351e-04+4.25704827e-04j,
                -1.10337825e-02-6.31738128e-03j,
                 2.89545911e-03+4.06579651e-18j]],
              dims=(2, 2, 2, 2, 2, 2))"
data/selected_mutant_qc/mutants_qftentangled_6/qftentangled_6_Mutant_Replace_cp_P28_Q1_[3.9269908169872414].qasm,Quratest_7,"{'010011': 1, '111101': 1, '011010': 1, '111000': 6, '000011': 2, '001010': 2, '011111': 6, '011011': 7, '001001': 16, '001011': 4, '101000': 1, '001100': 19, '100001': 1, '111001': 24, '010010': 9, '011000': 23, '001111': 4, '110101': 6, '111110': 25, '100000': 20, '000110': 15, '000111': 16, '010100': 17, '101101': 6, '110011': 52, '111111': 56, '010000': 31, '100110': 17, '000100': 27, '011001': 10, '110111': 12, '001110': 15, '101100': 17, '100111': 7, '000010': 22, '101010': 36, '010101': 17, '110001': 3, '011101': 5, '000101': 36, '010111': 18, '010110': 8, '010001': 18, '110010': 16, '101011': 35, '101001': 24, '111011': 26, '000001': 46, '100101': 7, '100010': 24, '011100': 14, '101111': 8, '111100': 6, '111010': 12, '001000': 36, '001101': 44, '110100': 2, '101110': 33, '110110': 26, '100011': 11, '100100': 15}","DensityMatrix([[ 1.28985166e-05+0.00000000e+00j,
                 4.95977157e-04-6.57760699e-04j,
                -5.81604157e-05-5.48261331e-04j, ...,
                -5.46644754e-05+1.49455513e-04j,
                -5.26042227e-04+7.13830620e-05j,
                -1.88579625e-04-7.94946538e-04j],
               [ 4.95977157e-04+6.57760699e-04j,
                 5.26139940e-02+0.00000000e+00j,
                 2.57222228e-02-2.40477832e-02j, ...,
                -9.72346644e-03+2.95928421e-03j,
                -2.38676981e-02-2.40807175e-02j,
                 3.32870373e-02-4.01841238e-02j],
               [-5.81604157e-05+5.48261331e-04j,
                 2.57222228e-02+2.40477832e-02j,
                 2.35665178e-02+0.00000000e+00j, ...,
                -6.10623469e-03-2.99746195e-03j,
                -6.62226385e-04-2.26816996e-02j,
                 3.46401318e-02-4.43124561e-03j],
               ...,
               [-5.46644754e-05-1.49455513e-04j,
                -9.72346644e-03-2.95928421e-03j,
                -6.10623469e-03+2.99746195e-03j, ...,
                 1.96341609e-03+0.00000000e+00j,
                 3.05650763e-03+5.79274309e-03j,
                -8.41186155e-03+5.55409603e-03j],
               [-5.26042227e-04-7.13830620e-05j,
                -2.38676981e-02+2.40807175e-02j,
                -6.62226385e-04+2.26816996e-02j, ...,
                 3.05650763e-03-5.79274309e-03j,
                 2.18487113e-02+0.00000000e+00j,
                 3.29147367e-03+3.34640680e-02j],
               [-1.88579625e-04+7.94946538e-04j,
                 3.32870373e-02+4.01841238e-02j,
                 3.46401318e-02+4.43124561e-03j, ...,
                -8.41186155e-03-5.55409603e-03j,
                 3.29147367e-03-3.34640680e-02j,
                 5.17503130e-02+0.00000000e+00j]],
              dims=(2, 2, 2, 2, 2, 2))","{'111101': 5, '111000': 3, '011110': 3, '100011': 11, '011010': 5, '100111': 9, '101100': 13, '010011': 11, '010010': 7, '100010': 26, '101000': 4, '001100': 18, '101001': 15, '000011': 3, '111110': 21, '100000': 21, '001111': 7, '110101': 7, '000100': 25, '011000': 26, '100100': 5, '000010': 19, '110111': 15, '011001': 7, '100110': 27, '010000': 22, '000000': 6, '000101': 26, '011101': 17, '110001': 4, '101111': 18, '011100': 18, '001000': 37, '111100': 9, '111010': 9, '010001': 19, '010111': 14, '010110': 9, '001110': 12, '100101': 21, '000001': 41, '101011': 25, '110010': 13, '000110': 17, '001011': 7, '001001': 17, '011011': 8, '110000': 2, '101101': 4, '110011': 37, '111111': 47, '001101': 31, '110110': 27, '001010': 10, '101010': 22, '010101': 25, '111011': 23, '010100': 9, '000111': 21, '011111': 16, '110100': 6, '101110': 34, '100001': 6, '111001': 22}","DensityMatrix([[ 3.49886862e-03-2.82245060e-18j,
                -1.55350763e-04+6.63340876e-05j,
                -6.00414238e-04-7.34984806e-04j, ...,
                -6.44224236e-05+5.00516302e-05j,
                -9.14931428e-05-4.11369392e-04j,
                -3.67718433e-04-7.16280691e-04j],
               [-1.55350763e-04-6.63340876e-05j,
                 4.81546890e-02+6.09439730e-18j,
                 2.22094997e-02-2.02795516e-02j, ...,
                -8.29616879e-03+2.74097092e-03j,
                -2.01358705e-02-2.01667125e-02j,
                 2.82414591e-02-3.39175247e-02j],
               [-6.00414238e-04+7.34984806e-04j,
                 2.22094997e-02+2.02795516e-02j,
                 2.22834802e-02+7.32261138e-18j, ...,
                -5.15397161e-03-2.44536319e-03j,
                -6.32351722e-04-1.92112569e-02j,
                 2.90253803e-02-3.72247273e-03j],
               ...,
               [-6.44224236e-05-5.00516302e-05j,
                -8.29616879e-03-2.74097092e-03j,
                -5.15397161e-03+2.44536319e-03j, ...,
                 3.75512751e-03+5.03039250e-18j,
                 3.04452640e-03+5.13815940e-03j,
                -6.81129137e-03+4.96338788e-03j],
               [-9.14931428e-05+4.11369392e-04j,
                -2.01358705e-02+2.01667125e-02j,
                -6.32351722e-04+1.92112569e-02j, ...,
                 3.04452640e-03-5.13815940e-03j,
                 2.18133586e-02+6.06964498e-18j,
                 3.13382108e-03+2.94749082e-02j],
               [-3.67718433e-04+7.16280691e-04j,
                 2.82414591e-02+3.39175247e-02j,
                 2.90253803e-02+3.72247273e-03j, ...,
                -6.81129137e-03-4.96338788e-03j,
                 3.13382108e-03-2.94749082e-02j,
                 4.79898318e-02+1.30089857e-17j]],
              dims=(2, 2, 2, 2, 2, 2))"
data/selected_mutant_qc/mutants_qftentangled_6/qftentangled_6_Mutant_Replace_cp_P28_Q1_[3.9269908169872414].qasm,Quratest_8,"{'001101': 1, '010101': 1, '100100': 3, '011111': 4, '101001': 13, '110110': 8, '100011': 10, '101010': 3, '100001': 10, '111001': 11, '111100': 11, '001000': 7, '001111': 23, '110101': 20, '101000': 107, '001100': 2, '000100': 12, '011110': 14, '010000': 8, '100110': 8, '100111': 6, '101100': 39, '000011': 13, '010001': 14, '010111': 16, '010110': 34, '001001': 5, '011011': 22, '001011': 18, '111011': 3, '000001': 12, '100101': 15, '110011': 1, '101101': 37, '000111': 10, '010100': 6, '110111': 4, '011001': 4, '000000': 1, '011101': 9, '110001': 24, '111110': 7, '100000': 39, '010010': 17, '001010': 122, '110000': 21, '011100': 6, '101111': 8, '100010': 14, '001110': 28, '010011': 33, '000110': 24, '101011': 3, '110010': 22, '011010': 27, '110100': 10, '101110': 9, '111111': 15, '111101': 24, '111000': 26}","DensityMatrix([[ 0.00168207+0.j        ,  0.00400677+0.0011084j ,
                 0.00102175-0.00181837j, ...,  0.00355968-0.00423645j,
                -0.00120349+0.00265895j, -0.00338196+0.00238043j],
               [ 0.00400677-0.0011084j ,  0.01027466+0.j        ,
                 0.00123562-0.00500472j, ...,  0.0056877 -0.01243704j,
                -0.00111463+0.00712677j, -0.00648738+0.00789883j],
               [ 0.00102175+0.00181837j,  0.00123562+0.00500472j,
                 0.00258636+0.j        , ...,  0.006742  +0.00127477j,
                -0.00360545+0.00031413j, -0.00462764-0.00221005j],
               ...,
               [ 0.00355968+0.00423645j,  0.0056877 +0.01243704j,
                 0.006742  -0.00127477j, ...,  0.01820301+0.j        ,
                -0.00924367+0.00259591j, -0.01315238-0.00348018j],
               [-0.00120349-0.00265895j, -0.00111463-0.00712677j,
                -0.00360545-0.00031413j, ..., -0.00924367-0.00259591j,
                 0.00506423+0.j        ,  0.00618261+0.00364292j],
               [-0.00338196-0.00238043j, -0.00648738-0.00789883j,
                -0.00462764+0.00221005j, ..., -0.01315238+0.00348018j,
                 0.00618261-0.00364292j,  0.01016848+0.j        ]],
              dims=(2, 2, 2, 2, 2, 2))","{'010101': 1, '100100': 3, '011000': 3, '110110': 10, '011001': 4, '110111': 10, '000100': 10, '011100': 4, '101111': 7, '111101': 14, '111010': 5, '001000': 10, '111100': 22, '001001': 4, '011011': 19, '001011': 16, '100001': 8, '111001': 9, '100110': 8, '010000': 15, '000000': 10, '011101': 14, '000101': 5, '110001': 21, '000111': 11, '010100': 6, '011110': 11, '010111': 15, '010110': 41, '010001': 11, '011111': 5, '010010': 17, '101001': 13, '000011': 11, '100111': 3, '101100': 45, '101010': 6, '100010': 13, '000001': 11, '100101': 20, '111011': 2, '110101': 20, '001111': 26, '001110': 24, '010011': 40, '000110': 32, '100011': 11, '101110': 12, '110100': 17, '110011': 4, '101101': 33, '110000': 16, '011010': 24, '101011': 3, '110010': 18, '111110': 5, '100000': 21, '001101': 5, '001100': 20, '101000': 87, '001010': 90, '000010': 12, '111000': 20, '111111': 11}","DensityMatrix([[ 0.00330547+5.24740476e-18j,  0.00369233+1.53156771e-03j,
                 0.00189937-7.68495712e-04j, ...,
                 0.00293724-3.50405051e-03j, -0.00113295+2.40483754e-03j,
                -0.00272783+2.04011271e-03j],
               [ 0.00369233-1.53156771e-03j,  0.00992934+3.51286003e-18j,
                 0.00137443-4.58414784e-03j, ...,
                 0.00488798-1.05101752e-02j, -0.0009484 +6.02913628e-03j,
                -0.00557626+6.73568000e-03j],
               [ 0.00189937+7.68495712e-04j,  0.00137443+4.58414784e-03j,
                 0.0049066 +1.03508370e-17j, ...,
                 0.00563473+1.07336328e-03j, -0.00292968+4.64940569e-04j,
                -0.00372329-1.90477230e-03j],
               ...,
               [ 0.00293724+3.50405051e-03j,  0.00488798+1.05101752e-02j,
                 0.00563473-1.07336328e-03j, ...,
                 0.01751447+6.69193723e-18j, -0.00806581+2.55259101e-03j,
                -0.01200612-3.07873059e-03j],
               [-0.00113295-2.40483754e-03j, -0.0009484 -6.02913628e-03j,
                -0.00292968-4.64940569e-04j, ...,
                -0.00806581-2.55259101e-03j,  0.00584441+1.19695406e-17j,
                 0.00572576+3.25680398e-03j],
               [-0.00272783-2.04011271e-03j, -0.00557626-6.73568000e-03j,
                -0.00372329+1.90477230e-03j, ...,
                -0.01200612+3.07873059e-03j,  0.00572576-3.25680398e-03j,
                 0.00995001-1.03644433e-17j]],
              dims=(2, 2, 2, 2, 2, 2))"
data/selected_mutant_qc/mutants_qftentangled_6/qftentangled_6_Mutant_Replace_cp_P28_Q1_[3.9269908169872414].qasm,Quratest_9,"{'000101': 1, '010100': 1, '111000': 1, '110011': 1, '001101': 1, '010000': 4, '011110': 5, '011010': 1, '110010': 18, '110000': 6, '001110': 40, '110100': 2, '101110': 13, '101000': 3, '001010': 4, '011100': 24, '111110': 2, '111100': 8, '010010': 13, '100100': 36, '000110': 101, '111010': 3, '010110': 1, '000000': 11, '101100': 100, '001100': 250, '000100': 15, '101010': 60, '100110': 231, '001000': 68}","DensityMatrix([[ 1.57280169e-02+0.00000000e+00j,
                 7.93951467e-04-8.69254279e-05j,
                 1.15150016e-03+3.41719352e-03j, ...,
                 7.76746696e-04+3.29080256e-04j,
                -1.45155220e-03+5.01125641e-03j,
                -4.36483214e-04+6.68877691e-04j],
               [ 7.93951467e-04+8.69254279e-05j,
                 4.05591478e-05+0.00000000e+00j,
                 3.92417070e-05+1.78864282e-04j, ...,
                 3.73914741e-05+2.09049108e-05j,
                -1.00970619e-04+2.44946175e-04j,
                -2.57304510e-05+3.13526452e-05j],
               [ 1.15150016e-03-3.41719352e-03j,
                 3.92417070e-05-1.78864282e-04j,
                 8.26751666e-04+0.00000000e+00j, ...,
                 1.28366779e-04-1.44669085e-04j,
                 9.82512318e-04+6.82266392e-04j,
                 1.13369284e-04+1.43804549e-04j],
               ...,
               [ 7.76746696e-04-3.29080256e-04j,
                 3.73914741e-05-2.09049108e-05j,
                 1.28366779e-04+1.44669085e-04j, ...,
                 4.52459613e-05+0.00000000e+00j,
                 3.31648400e-05+2.77857918e-04j,
                -7.56118544e-06+4.21659354e-05j],
               [-1.45155220e-03-5.01125641e-03j,
                -1.00970619e-04-2.44946175e-04j,
                 9.82512318e-04-6.82266392e-04j, ...,
                 3.31648400e-05-2.77857918e-04j,
                 1.73065014e-03+0.00000000e+00j,
                 2.53401037e-04+7.73408641e-05j],
               [-4.36483214e-04-6.68877691e-04j,
                -2.57304510e-05-3.13526452e-05j,
                 1.13369284e-04-1.43804549e-04j, ...,
                -7.56118544e-06-4.21659354e-05j,
                 2.53401037e-04-7.73408641e-05j,
                 4.05591478e-05+0.00000000e+00j]],
              dims=(2, 2, 2, 2, 2, 2))","{'100111': 3, '011110': 3, '100000': 3, '001101': 4, '001011': 1, '011000': 2, '001001': 1, '110000': 5, '100100': 30, '001110': 36, '110001': 1, '010000': 3, '011001': 2, '101011': 1, '010001': 1, '000111': 2, '010100': 7, '110011': 4, '001010': 9, '101000': 9, '101101': 2, '000110': 99, '011100': 28, '110110': 12, '111000': 3, '000010': 13, '111101': 2, '011010': 2, '110010': 25, '111110': 2, '101111': 1, '111100': 15, '010010': 11, '010101': 3, '101010': 51, '110100': 5, '101110': 26, '001100': 164, '000100': 27, '100110': 192, '100010': 19, '001000': 75, '000000': 22, '010110': 5, '111010': 4, '101001': 2, '101100': 87}","DensityMatrix([[ 1.48367270e-02+2.62478694e-17j,
                 7.35733170e-04-6.90438553e-05j,
                 8.96572947e-04+3.06550476e-03j, ...,
                 6.36246272e-04+2.60855884e-04j,
                -1.24063108e-03+4.20390676e-03j,
                -3.70744498e-04+5.75419192e-04j],
               [ 7.35733170e-04+6.90438553e-05j,
                 2.08697036e-04-1.73448654e-18j,
                -7.14299118e-07+1.52411383e-04j, ...,
                 7.18787877e-06+9.85276241e-05j,
                -7.94890801e-05+2.07347910e-04j,
                -3.65589822e-05+4.84323178e-05j],
               [ 8.96572947e-04-3.06550476e-03j,
                -7.14299118e-07-1.52411383e-04j,
                 6.57688434e-03+1.21971761e-17j, ...,
                 1.13769991e-04-8.05010274e-05j,
                 7.61241587e-04+5.21448812e-04j,
                 9.31938508e-05+1.24283302e-04j],
               ...,
               [ 6.36246272e-04-2.60855884e-04j,
                 7.18787877e-06-9.85276241e-05j,
                 1.13769991e-04+8.05010274e-05j, ...,
                 7.06009169e-04-3.99108086e-18j,
                 4.60001125e-05+2.54263249e-04j,
                -4.25879552e-05+1.25124392e-04j],
               [-1.24063108e-03-4.20390676e-03j,
                -7.94890801e-05-2.07347910e-04j,
                 7.61241587e-04-5.21448812e-04j, ...,
                 4.60001125e-05-2.54263249e-04j,
                 2.52739841e-03-2.43725592e-19j,
                 2.52178196e-04+5.65411322e-05j],
               [-3.70744498e-04-5.75419192e-04j,
                -3.65589822e-05-4.84323178e-05j,
                 9.31938508e-05-1.24283302e-04j, ...,
                -4.25879552e-05-1.25124392e-04j,
                 2.52178196e-04-5.65411322e-05j,
                 1.82451508e-04+8.67683574e-19j]],
              dims=(2, 2, 2, 2, 2, 2))"
