Name,Input,Ideal_hellinger,Noisy_hellinger,Ideal_jensenshannon,Noisy_jensenshannon,Ideal_trace,Noisy_trace,Ideal_fidelity,Noisy_fidelity,Ideal_expectation,Noisy_expectation,Killed_IH,Killed_NH,Killed_IJ,Killed_NJ,Killed_IT,Killed_NT,Killed_IF,Killed_NF,Killed_IE,Killed_NE
vqe_6_Mutant_Add_swap_P6_Q4_[].qasm,PureState_0,0.011130984569560354,0.28375055387977444,0.011099957077466034,0.24265788167890093,0.0,0.05454586190599192,1.000000000000011,0.9427894535508168,0.022863314928994627,0.10831253367899463,False,False,False,False,False,False,False,False,True,True
vqe_6_Mutant_Add_swap_P6_Q4_[].qasm,Quratest_0,0.029204320049093055,0.15783864928581506,0.02807372128829535,0.14707281567115169,0.0,0.04752112772890318,1.000000000000011,0.9329785318160988,0.002907858240559419,0.03664292300944058,False,False,False,False,False,False,False,False,False,False
vqe_6_Mutant_Add_swap_P6_Q4_[].qasm,PureState_1,0.0,0.30851187307352657,0.0,0.25953728026351425,0.0,0.05461207911798961,1.0000000000000102,0.9453861618161448,1.993538863986899e-07,0.2983396443961136,False,True,False,False,False,False,False,False,False,True
vqe_6_Mutant_Add_swap_P6_Q4_[].qasm,Quratest_1,0.031288702348636885,0.11701480394326465,0.029943824677643657,0.1130577217416353,0.0,0.04056608677330348,1.0000000000000107,0.9277200339497558,0.03574980717969689,0.07969511967969689,False,False,False,False,False,False,False,False,True,True
vqe_6_Mutant_Add_swap_P6_Q4_[].qasm,PureState_2,0.0,0.3130530582786654,0.0,0.2634374440743865,0.0,0.05344535319215709,1.000000000000011,0.9465530655908939,1.8531608814154055e-07,0.31298809593391186,False,True,False,False,False,False,False,False,False,True
vqe_6_Mutant_Add_swap_P6_Q4_[].qasm,Quratest_2,0.030934950342324703,0.11687652739765131,0.028845357125694204,0.11066807116897079,0.0,0.029867679917259915,1.0000000000000102,0.9342905166618523,0.013764399641357034,0.023833256608642966,False,False,False,False,False,False,False,False,True,False
vqe_6_Mutant_Add_swap_P6_Q4_[].qasm,PureState_3,0.007068828720490821,0.2825319435104891,0.0070681084364606055,0.23823177956145453,0.0,0.05498106301225933,1.000000000000011,0.9421536041196144,0.0032589661257649283,0.07291290887423507,False,False,False,False,False,False,False,False,False,True
vqe_6_Mutant_Add_swap_P6_Q4_[].qasm,Quratest_3,0.027667573508982763,0.13915922250542967,0.027328030797112882,0.12918440003305817,0.0,0.04129959902866946,1.0000000000000115,0.9340773814538269,0.00926835221395439,0.1533113209639544,False,False,False,False,False,False,False,False,False,True
vqe_6_Mutant_Add_swap_P6_Q4_[].qasm,PureState_4,0.0,0.3181557059918102,0.0,0.2678239103723618,0.0,0.0571659654927405,1.0000000000000115,0.9428349056433694,1.988763883575828e-07,0.32177714487361164,False,True,False,False,False,False,False,False,False,True
vqe_6_Mutant_Add_swap_P6_Q4_[].qasm,Quratest_4,0.027857784288955596,0.07881722829983406,0.027571015437410338,0.07688469287671891,0.0,0.019203113792733335,1.000000000000012,0.9345749385032477,4.8547264831833026e-05,0.013623327735168167,False,False,False,False,False,False,False,False,False,False
vqe_6_Mutant_Add_swap_P6_Q4_[].qasm,PureState_5,0.0056409313925576115,0.2507229052084706,0.005640889091048342,0.21118757156259751,0.0,0.05110204956413392,1.000000000000011,0.9469354626138439,0.013240354043680402,0.1552166772063196,False,False,False,False,False,False,False,False,True,True
vqe_6_Mutant_Add_swap_P6_Q4_[].qasm,Quratest_5,0.03266427011604745,0.0793888837865022,0.03191215511411628,0.07845536115775584,0.0,0.02342963635547869,1.0000000000000098,0.9310809630639695,0.029985590223591048,0.04121605897359105,False,False,False,False,False,False,False,False,True,False
vqe_6_Mutant_Add_swap_P6_Q4_[].qasm,PureState_6,0.006092613306576179,0.25104833219439776,0.006092552572596278,0.2114957439103649,0.0,0.030543384433337886,1.0000000000000107,0.9484527207341085,0.008035540311348306,0.0060824153113483055,False,False,False,False,False,False,False,False,False,False
vqe_6_Mutant_Add_swap_P6_Q4_[].qasm,Quratest_6,0.023572315228174805,0.15772375493289942,0.022186847822462115,0.14594973518253176,0.0,0.02971063339882222,1.0000000000000129,0.9362685790481737,0.012425972200174884,0.058324409700174884,False,False,False,False,False,False,False,False,True,True
vqe_6_Mutant_Add_swap_P6_Q4_[].qasm,PureState_7,0.005408799610889817,0.2299443273157045,0.005408714464040758,0.19317326887084488,0.0,0.030878918328701502,1.0000000000000102,0.949868746963968,0.004921639146742332,0.025917732896742332,False,False,False,False,False,False,False,False,False,False
vqe_6_Mutant_Add_swap_P6_Q4_[].qasm,Quratest_7,0.02309512438011158,0.18508515640151738,0.02203902412656818,0.16639730503013192,0.0,0.036383175537683506,1.000000000000011,0.9349554342653424,0.025292895921867398,0.0396485103281326,False,False,False,False,False,False,False,False,True,False
vqe_6_Mutant_Add_swap_P6_Q4_[].qasm,PureState_8,0.007166860381807821,0.27907188477018335,0.007163630169943935,0.23583443499146334,0.0,0.05102630719392917,1.000000000000011,0.946161476509947,0.0016238327753108073,0.07633086402531081,False,False,False,False,False,False,False,False,False,True
vqe_6_Mutant_Add_swap_P6_Q4_[].qasm,Quratest_8,0.029588330079256858,0.13750553834799234,0.029330851307947423,0.13194829715175033,0.0,0.03327580968444045,1.000000000000011,0.9246821811249412,0.0019076363125808682,0.04936189493741913,False,False,False,False,False,False,False,False,False,False
vqe_6_Mutant_Add_swap_P6_Q4_[].qasm,PureState_9,0.008032461042874016,0.2048780810452455,0.008030823944954576,0.17393999224708165,0.0,0.028348574984163714,1.0000000000000089,0.9556997591980638,0.03678731413215557,0.03776387663215557,False,False,False,False,False,False,False,False,True,False
vqe_6_Mutant_Add_swap_P6_Q4_[].qasm,Quratest_9,0.030338612684492478,0.14485242826943462,0.029493835074428695,0.1301745836555231,0.0,0.03805713483924335,1.000000000000012,0.9321405930966676,0.00019193322626903653,0.07109712927373096,False,False,False,False,False,False,False,False,False,True
vqe_6_Mutant_Add_swap_P6_Q4_[].qasm,PureState_10,0.014514306607566576,0.2485182151201941,0.014495921115528682,0.20952237622434183,0.0,0.028189158176221984,1.000000000000011,0.9552294850821068,0.015986191125957023,0.014775527624042977,False,False,False,False,False,False,False,False,True,False
vqe_6_Mutant_Add_swap_P6_Q4_[].qasm,Quratest_10,0.029038685458232773,0.10408827928274028,0.027925558477594696,0.10093152457349343,0.0,0.03357585765532633,1.000000000000011,0.9341824280477397,0.015478447399372375,0.11879889635062763,False,False,False,False,False,False,False,False,True,True
vqe_6_Mutant_Add_swap_P6_Q4_[].qasm,PureState_11,0.011138855969821487,0.252890411941364,0.011123012932424892,0.21368273540517674,0.0,0.03105752325175397,1.0000000000000115,0.9478218287374846,0.020146603697443886,0.0032908963025561136,False,False,False,False,False,False,False,False,True,False
vqe_6_Mutant_Add_swap_P6_Q4_[].qasm,Quratest_11,0.02278289523589942,0.2030285680063434,0.021708057534656985,0.17686519393959985,0.0,0.03278934414332166,1.000000000000011,0.9276220597486607,0.0016266410811671544,0.036459296418832846,False,False,False,False,False,False,False,False,False,False
vqe_6_Mutant_Add_swap_P6_Q4_[].qasm,PureState_12,0.004376380258800238,0.28080590882065193,0.004376047217649347,0.23642104399246258,0.0,0.05329480004600495,1.0000000000000124,0.944215269531904,0.00343227251334155,0.04298305376334155,False,False,False,False,False,False,False,False,False,False
vqe_6_Mutant_Add_swap_P6_Q4_[].qasm,Quratest_12,0.02949967980758591,0.11711217733636933,0.028925959485582572,0.11312482977321951,0.0,0.0289035265136881,1.000000000000011,0.9426948273713847,0.009071688705426517,0.17061581129457348,False,False,False,False,False,False,False,False,False,True
vqe_6_Mutant_Add_swap_P6_Q4_[].qasm,PureState_13,0.007077122505037398,0.27279872450171755,0.007076298689813714,0.22996858135856296,0.0,0.0539009198770024,1.000000000000011,0.9431904897163212,0.030042805648908155,0.08277718064890816,False,False,False,False,False,False,False,False,True,True
vqe_6_Mutant_Add_swap_P6_Q4_[].qasm,Quratest_13,0.031918918845401836,0.12633035132765771,0.03161106831659684,0.12171538388149848,0.0,0.03404481757591052,1.000000000000012,0.9342334966805291,0.0038297033493064347,0.11872889040069357,False,False,False,False,False,False,False,False,False,True
vqe_6_Mutant_Add_swap_P6_Q4_[].qasm,PureState_14,0.005870947957353098,0.25102472145354754,0.005870819826985748,0.2113971254242206,0.0,0.028140113130189943,1.000000000000011,0.9552184454138903,0.011983991328152754,0.014383196171847246,False,False,False,False,False,False,False,False,True,False
vqe_6_Mutant_Add_swap_P6_Q4_[].qasm,Quratest_14,0.03178983810732743,0.16838704186542608,0.02897288672692368,0.1595030008523274,0.0,0.03195633989309734,1.0000000000000102,0.9392639976480137,0.007717113298357892,0.1874046132983579,False,False,False,False,False,False,False,False,False,True
vqe_6_Mutant_Add_swap_P6_Q4_[].qasm,PureState_15,0.01227220652051411,0.2411221604459236,0.012263860673456545,0.2047874720204935,0.0,0.030049959089882658,1.0000000000000115,0.9487240511807549,0.006124633160333032,0.017355101910333032,False,False,False,False,False,False,False,False,False,False
vqe_6_Mutant_Add_swap_P6_Q4_[].qasm,Quratest_15,0.024676647503888902,0.1582659474247065,0.023034124946210807,0.14623977848776604,0.0,0.0422134160346563,1.0000000000000133,0.9382021444027674,0.011988504194499372,0.11740602705550063,False,False,False,False,False,False,False,False,True,True
vqe_6_Mutant_Add_swap_P6_Q4_[].qasm,PureState_16,0.007055974105817084,0.2696909639279365,0.007053759720538661,0.2287281094504155,0.0,0.031844951775155256,1.000000000000011,0.9487618442478525,0.013226361319912935,0.0028869199300870646,False,False,False,False,False,False,False,False,True,False
vqe_6_Mutant_Add_swap_P6_Q4_[].qasm,Quratest_16,0.03352827663345256,0.09644809438571096,0.032086769280616545,0.09253293185338507,0.0,0.023168044412190947,1.000000000000011,0.9445679800344559,0.018066999158001446,5.929080014455135e-07,False,False,False,False,False,False,False,False,True,False
vqe_6_Mutant_Add_swap_P6_Q4_[].qasm,PureState_17,0.0,0.3135839181016972,0.0,0.26389359225439013,0.0,0.05600247924858592,1.000000000000012,0.9439985467963123,1.8579640004290354e-07,0.31689434545359996,False,True,False,False,False,False,False,False,False,True
vqe_6_Mutant_Add_swap_P6_Q4_[].qasm,Quratest_17,0.029032539543630293,0.13938509254905493,0.02765301324763152,0.1312616529262862,0.0,0.030903324446830627,1.0000000000000115,0.9419772543808205,0.004743798440353553,0.12465073280964645,False,False,False,False,False,False,False,False,False,True
vqe_6_Mutant_Add_swap_P6_Q4_[].qasm,PureState_18,0.009461848981828513,0.2481470231731582,0.009461678264995728,0.2097598908024498,0.0,0.05227145680308559,1.0000000000000115,0.9457680885438413,0.013240397819089145,0.14496272718091086,False,False,False,False,False,False,False,False,True,True
vqe_6_Mutant_Add_swap_P6_Q4_[].qasm,Quratest_18,0.020744887888288082,0.15974815509212867,0.020732771966966733,0.13811876156744354,0.0,0.021190597566730633,1.0000000000000115,0.9342429830048147,0.0016389957736544364,0.004080402023654436,False,False,False,False,False,False,False,False,False,False
vqe_6_Mutant_Add_swap_P6_Q4_[].qasm,PureState_19,0.011873101244537209,0.27387762367521756,0.0111892511911029,0.23686358459912543,0.0,0.029757600322786446,1.000000000000012,0.9558045639580223,0.006665776434395407,0.020825932684395407,False,False,False,False,False,False,False,False,False,False
vqe_6_Mutant_Add_swap_P6_Q4_[].qasm,Quratest_19,0.028911004453972697,0.1238987880976905,0.028027693979029777,0.12014665260112335,0.0,0.022721888933362355,1.0000000000000102,0.9382366456816675,0.014460964484025007,0.04755075426597499,False,False,False,False,False,False,False,False,True,False
vqe_6_Mutant_Add_swap_P6_Q4_[].qasm,PureState_20,0.015287375588017892,0.24664378887085753,0.01528413745190211,0.2083706352595319,0.0,0.029923643296412387,1.000000000000012,0.9489454912057756,0.0018260562577355408,0.007451287492264459,False,False,False,False,False,False,False,False,False,False
vqe_6_Mutant_Add_swap_P6_Q4_[].qasm,Quratest_20,0.03191613354021478,0.10970374066938973,0.029615442697320426,0.10524808378805325,0.0,0.016306423599839623,1.0000000000000124,0.9446370452489987,0.018693668157403115,0.07972882440740311,False,False,False,False,False,False,False,False,True,True
vqe_6_Mutant_Add_swap_P6_Q4_[].qasm,PureState_21,0.009709643545043759,0.25533775525715596,0.009708995509207057,0.21500726495271577,0.0,0.030864464515570716,1.0000000000000107,0.9481662744683477,0.004755721058119743,0.021123185191880257,False,False,False,False,False,False,False,False,False,False
vqe_6_Mutant_Add_swap_P6_Q4_[].qasm,Quratest_21,0.03155654340456504,0.11938670221651236,0.030523628605285874,0.11055773579630657,0.0,0.013092797889048982,1.000000000000011,0.9483074440314537,0.008916388956751703,0.024541388956751703,False,False,False,False,False,False,False,False,False,False
vqe_6_Mutant_Add_swap_P6_Q4_[].qasm,PureState_22,0.006348365510738666,0.28235320810783676,0.006346890104603618,0.23825112643207383,0.0,0.05475244051912173,1.000000000000011,0.9427599619412887,0.008315041098719556,0.030775978598719556,False,False,False,False,False,False,False,False,False,False
vqe_6_Mutant_Add_swap_P6_Q4_[].qasm,Quratest_22,0.029529033008070894,0.11668552395408624,0.028432820611551925,0.11258165368421828,0.0,0.03227673692211641,1.0000000000000133,0.9260104599325828,0.004353407820789246,0.09224403282078925,False,False,False,False,False,False,False,False,False,True
vqe_6_Mutant_Add_swap_P6_Q4_[].qasm,PureState_23,0.015641928197177163,0.24830826162966896,0.015121727462602867,0.21033812479511618,0.0,0.030351074128813153,1.000000000000011,0.9484267154888001,0.015890262797020972,0.005636356547020972,False,False,False,False,False,False,False,False,True,False
vqe_6_Mutant_Add_swap_P6_Q4_[].qasm,Quratest_23,0.037831998437951375,0.13686342382243638,0.034661807689667784,0.12900904044948938,0.0,0.032900136686460385,1.0000000000000107,0.9450278256854946,0.003946086891788103,0.0668546943582119,False,False,False,False,False,False,False,False,False,True
vqe_6_Mutant_Add_swap_P6_Q4_[].qasm,PureState_24,0.002561581830561613,0.2593051901332726,0.0025615751019791486,0.21830723539029417,0.0,0.054543748844884006,1.0000000000000093,0.9442354692990126,0.012334982717127074,0.17272361103287293,False,False,False,False,False,False,False,False,True,True
vqe_6_Mutant_Add_swap_P6_Q4_[].qasm,Quratest_24,0.026024094643353226,0.1015525699168289,0.025361550975739895,0.09953251782125457,0.0,0.03967291027369705,1.0000000000000089,0.9395953955329718,0.005109380193118601,0.0388007864431186,False,False,False,False,False,False,False,False,False,False
vqe_6_Mutant_Add_swap_P6_Q4_[].qasm,PureState_25,0.0028901824759339613,0.2794261995492277,0.002889828714168703,0.2358399929313799,0.0,0.05201109412428154,1.000000000000012,0.9451076939917908,0.028550901565635944,0.036878785934364056,False,False,False,False,False,False,False,False,True,False
vqe_6_Mutant_Add_swap_P6_Q4_[].qasm,Quratest_25,0.024129136676418913,0.11574415381007835,0.023774364383116336,0.11277746871530704,0.0,0.03892688267738138,1.000000000000011,0.9309347745724109,0.00244486475698813,0.08594095850698813,False,False,False,False,False,False,False,False,False,True
vqe_6_Mutant_Add_swap_P6_Q4_[].qasm,PureState_26,0.0047990298644704135,0.278651017384137,0.004799002282382049,0.23499500338046678,0.0,0.05073033652768038,1.000000000000011,0.946770374590554,0.0034322729015923703,0.04102992915159237,False,False,False,False,False,False,False,False,False,False
vqe_6_Mutant_Add_swap_P6_Q4_[].qasm,Quratest_26,0.027508371109086313,0.13160571188724637,0.026883764843254655,0.1268926848484182,0.0,0.037662099470057,1.000000000000011,0.9396850435087323,0.016297960077736873,0.10272374132773687,False,False,False,False,False,False,False,False,True,True
vqe_6_Mutant_Add_swap_P6_Q4_[].qasm,PureState_27,0.002757152324457458,0.2495680500810404,0.0027571458686495008,0.2100003498651464,0.0,0.05483166715826857,1.000000000000011,0.9432158016513478,0.013240398299943612,0.1596111642000564,False,False,False,False,False,False,False,False,True,True
vqe_6_Mutant_Add_swap_P6_Q4_[].qasm,Quratest_27,0.02746594724960216,0.1075410585947152,0.02659596848457432,0.10104452767641996,0.0,0.02278530729788198,1.000000000000012,0.9424023875117029,0.002266328387132227,0.03351632838713223,False,False,False,False,False,False,False,False,False,False
vqe_6_Mutant_Add_swap_P6_Q4_[].qasm,PureState_28,0.011479384785832809,0.239659557374694,0.011423317453283975,0.20319509453181028,0.0,0.027976336548379332,1.0000000000000115,0.9551922537309783,0.011941768933099905,0.015401981066900095,False,False,False,False,False,False,False,False,True,False
vqe_6_Mutant_Add_swap_P6_Q4_[].qasm,Quratest_28,0.02911819094231281,0.10803441121337963,0.028827708139022763,0.10038225129033049,0.0,0.01826742367040674,1.000000000000011,0.9440998071996308,0.020242016047910955,0.053976733952089045,False,False,False,False,False,False,False,False,True,True
vqe_6_Mutant_Add_swap_P6_Q4_[].qasm,PureState_29,0.009980206303019937,0.211773305316722,0.009976799138196614,0.18007008565208046,0.0,0.027522300664523054,1.000000000000012,0.9565371040490002,0.03678731843443657,0.05387716218443657,False,False,False,False,False,False,False,False,True,True
vqe_6_Mutant_Add_swap_P6_Q4_[].qasm,Quratest_29,0.02781386676924598,0.12485269853214782,0.027240481087253715,0.117388980862637,0.0,0.02550664140311883,1.0000000000000124,0.9314699113226623,0.014714140811852447,0.023503203311852447,False,False,False,False,False,False,False,False,True,False
vqe_6_Mutant_Add_swap_P6_Q4_[].qasm,PureState_30,0.02063610264648058,0.2466596505432675,0.0190894557192073,0.20962567729321605,0.0,0.02767459802490318,1.0000000000000115,0.9554917793818419,0.005636352387666816,0.003152710112333184,False,False,False,False,False,False,False,False,False,False
vqe_6_Mutant_Add_swap_P6_Q4_[].qasm,Quratest_30,0.028482591532480842,0.10725376743083026,0.02843996614193037,0.10264001812764274,0.0,0.015667671705964115,1.0000000000000115,0.94276966721357,0.0014324014345792405,0.02047537018457924,False,False,False,False,False,False,False,False,False,False
vqe_6_Mutant_Add_swap_P6_Q4_[].qasm,PureState_31,0.007645700733413983,0.25962556506303885,0.0076434793083555875,0.22007755203976975,0.0,0.028901170205878454,1.000000000000012,0.9561259100843877,0.002398639316936721,0.008746295566936721,False,False,False,False,False,False,False,False,False,False
vqe_6_Mutant_Add_swap_P6_Q4_[].qasm,Quratest_31,0.03245247531522316,0.08358676494125114,0.03170793699413086,0.0815864736185441,0.0,0.021499019242984883,1.000000000000011,0.9508325485595304,0.0073900932936386,0.0941724067063614,False,False,False,False,False,False,False,False,False,True
vqe_6_Mutant_Add_z_P25_Q3_[].qasm,PureState_0,0.007615444703786422,0.2436261664065767,0.007575820484065937,0.20929573125841014,0.0,0.019156827029893853,1.000000000000011,0.9784523144215269,0.022863314928994627,0.10391800242899463,False,False,False,False,False,False,False,False,True,True
vqe_6_Mutant_Add_z_P25_Q3_[].qasm,Quratest_0,0.02778708754569713,0.13830707322422753,0.02572442031991377,0.12762737821938097,0.0,0.01568859946325108,1.000000000000011,0.9712631847456445,0.002907858240559419,0.02931870425944058,False,False,False,False,False,False,False,False,False,False
vqe_6_Mutant_Add_z_P25_Q3_[].qasm,PureState_1,0.0,0.29119599054278883,0.0,0.24469635835041778,0.0,0.034281693308975604,1.0000000000000102,0.9657176858436215,1.993538863986899e-07,0.2851560506461136,False,False,False,False,False,False,False,False,False,True
vqe_6_Mutant_Add_z_P25_Q3_[].qasm,Quratest_1,0.026510947220828574,0.10322697673108451,0.02588585406575439,0.10064517613293054,0.0,0.019143699339066608,1.0000000000000107,0.9568080612382192,0.03574980717969689,0.07920683842969689,False,False,False,False,False,False,False,False,True,True
vqe_6_Mutant_Add_z_P25_Q3_[].qasm,PureState_2,0.0,0.2958560839975555,0.0,0.24868568051399234,0.0,0.033089944351333896,1.000000000000011,0.966909617433473,1.8531608814154055e-07,0.29785137718391186,False,False,False,False,False,False,False,False,False,True
vqe_6_Mutant_Add_z_P25_Q3_[].qasm,Quratest_2,0.031134353109434104,0.10955307594446037,0.02923146868697336,0.10326646220628881,0.0,0.02049630011089701,1.0000000000000102,0.9559759530312097,0.013764399641357034,0.033110600358642966,False,False,False,False,False,False,False,False,True,False
vqe_6_Mutant_Add_z_P25_Q3_[].qasm,PureState_3,0.0076926006534688545,0.2450637069258579,0.007690981553041544,0.20684098105865403,0.0,0.01980150746382757,1.000000000000011,0.977792413197391,0.0032589661257649283,0.06705353387423507,False,False,False,False,False,False,False,False,False,True
vqe_6_Mutant_Add_z_P25_Q3_[].qasm,Quratest_3,0.029979815102582033,0.11447612931760259,0.029139523626527265,0.10727967919741778,0.0,0.012600175334430856,1.0000000000000115,0.9677769453110932,0.00926835221395439,0.12401444596395439,False,False,False,False,False,False,False,False,False,True
vqe_6_Mutant_Add_z_P25_Q3_[].qasm,PureState_4,0.0,0.28580820159533904,0.0,0.24008830434995326,0.0,0.02150016410377414,1.0000000000000115,0.9784994859630541,1.988763883575828e-07,0.28710917612361164,False,False,False,False,False,False,False,False,False,True
vqe_6_Mutant_Add_z_P25_Q3_[].qasm,Quratest_4,0.02888059101342112,0.07003546153980339,0.02886974901488691,0.06833229156052785,0.0,0.013722173640438564,1.000000000000012,0.9597670141119853,4.8547264831833026e-05,0.019970983985168167,False,False,False,False,False,False,False,False,False,False
vqe_6_Mutant_Add_z_P25_Q3_[].qasm,PureState_5,0.0033686297448915345,0.23260526441216106,0.0033686111247022135,0.19647693637618288,0.0,0.030941099941965533,1.000000000000011,0.9673002382808032,0.013240354043680402,0.1425213647063196,False,False,False,False,False,False,False,False,True,True
vqe_6_Mutant_Add_z_P25_Q3_[].qasm,Quratest_5,0.027194722917191414,0.07623535511112256,0.02717638743865572,0.07562640256004347,0.0,0.01197328171948915,1.0000000000000098,0.9584901907621817,0.029985590223591048,0.04414574647359105,False,False,False,False,False,False,False,False,True,False
vqe_6_Mutant_Add_z_P25_Q3_[].qasm,PureState_6,0.009654363753754365,0.24115338718375912,0.009651403560095776,0.20334011243053055,0.0,0.017153333011203947,1.0000000000000107,0.9714835085894232,0.008035540311348306,0.0012418034386516945,False,False,False,False,False,False,False,False,False,False
vqe_6_Mutant_Add_z_P25_Q3_[].qasm,Quratest_6,0.024920896847845948,0.1585221113383119,0.023289016173867708,0.14696205681033137,0.0,0.02506883370743121,1.0000000000000129,0.9607117882575623,0.012425972200174884,0.048070503450174884,False,False,False,False,False,False,False,False,True,False
vqe_6_Mutant_Add_z_P25_Q3_[].qasm,PureState_7,0.00820855112170666,0.22107459911436747,0.008208446630776463,0.18527995910942063,0.0,0.017303162782023825,1.0000000000000102,0.9729340047270769,0.004921639146742332,0.03275367039674233,False,False,False,False,False,False,False,False,False,False
vqe_6_Mutant_Add_z_P25_Q3_[].qasm,Quratest_7,0.02510368028162653,0.17549035094434098,0.023161400020331766,0.15643345750615364,0.0,0.013752628206708545,1.000000000000011,0.9736296148669472,0.025292895921867398,0.0440430415781326,False,False,False,False,False,False,False,False,True,False
vqe_6_Mutant_Add_z_P25_Q3_[].qasm,PureState_8,0.007463636071708197,0.26036171560591737,0.0074618906954390845,0.22031398302590732,0.0,0.03094228701421462,1.000000000000011,0.9665096059831326,0.0016238327753108073,0.06705352027531081,False,False,False,False,False,False,False,False,False,True
vqe_6_Mutant_Add_z_P25_Q3_[].qasm,Quratest_8,0.03142870233863121,0.12407144332408533,0.031153034896606525,0.11819355620375675,0.0,0.016597529455693667,1.000000000000011,0.9564577843498838,0.0019076363125808682,0.04399080118741913,False,False,False,False,False,False,False,False,False,False
vqe_6_Mutant_Add_z_P25_Q3_[].qasm,PureState_9,0.012396313177265679,0.2023448022571457,0.012394330255876964,0.1716266036067295,0.0,0.021399748362747804,1.0000000000000089,0.9736965226742527,0.03678731413215557,0.04167012663215557,False,False,False,False,False,False,False,False,True,False
vqe_6_Mutant_Add_z_P25_Q3_[].qasm,Quratest_9,0.024156992834612527,0.13386244653335433,0.023124684978648145,0.11910764675528714,0.0,0.01850323194087893,1.000000000000012,0.9581632473103373,0.00019193322626903653,0.06377291052373096,False,False,False,False,False,False,False,False,False,True
vqe_6_Mutant_Add_z_P25_Q3_[].qasm,PureState_10,0.01089794217644525,0.2482710584782161,0.010887729079711271,0.20962970732448716,0.0,0.021123996677437466,1.000000000000011,0.9732173837429328,0.015986191125957023,0.014287246374042977,False,False,False,False,False,False,False,False,True,False
vqe_6_Mutant_Add_z_P25_Q3_[].qasm,Quratest_10,0.03286368859818033,0.08838411030198479,0.032272065859080164,0.08559152282650705,0.0,0.01027385827383525,1.000000000000011,0.96969913391535,0.015478447399372375,0.08754889635062763,False,False,False,False,False,False,False,False,True,True
vqe_6_Mutant_Add_z_P25_Q3_[].qasm,PureState_11,0.012125427195966846,0.23087902685445694,0.01210682749661967,0.19502613213339945,0.0,0.01765444938191582,1.0000000000000115,0.9708372969452446,0.020146603697443886,0.005244021302556114,False,False,False,False,False,False,False,False,True,False
vqe_6_Mutant_Add_z_P25_Q3_[].qasm,Quratest_11,0.02788179944991025,0.1995551074874317,0.025859818510349363,0.17235109802626444,0.0,0.016367945062225928,1.000000000000011,0.9619529774784084,0.0016266410811671544,0.034506171418832846,False,False,False,False,False,False,False,False,False,False
vqe_6_Mutant_Add_z_P25_Q3_[].qasm,PureState_12,0.0046730690131782295,0.24955121908737216,0.0046729178411956005,0.21025849784723752,0.0,0.01777122350782398,1.0000000000000124,0.9799320877869382,0.00343227251334155,0.03761196001334155,False,False,False,False,False,False,False,False,False,False
vqe_6_Mutant_Add_z_P25_Q3_[].qasm,Quratest_12,0.028410802002380227,0.10944685113159322,0.02838249908542389,0.10525414972008446,0.0,0.01385620351361158,1.000000000000011,0.9650781184765205,0.009071688705426517,0.14766659254457348,False,False,False,False,False,False,False,False,False,True
vqe_6_Mutant_Add_z_P25_Q3_[].qasm,PureState_13,0.005069630415110377,0.24297751197149395,0.005069293400288877,0.20482533697989552,0.0,0.018702823314672462,1.000000000000011,0.97886854315516,0.030042805648908155,0.08131233689890816,False,False,False,False,False,False,False,False,True,True
vqe_6_Mutant_Add_z_P25_Q3_[].qasm,Quratest_13,0.031307795696241376,0.12686107381305478,0.03123561324468135,0.12177108387144839,0.0,0.021757227358852313,1.000000000000012,0.9585558331085756,0.0038297033493064347,0.11531092165069357,False,False,False,False,False,False,False,False,False,True
vqe_6_Mutant_Add_z_P25_Q3_[].qasm,PureState_14,0.01000618193935081,0.24270247878916099,0.010004414546997839,0.20442930822831792,0.0,0.02109472402119434,1.000000000000011,0.9732061457239859,0.011983991328152754,0.008523821171847246,False,False,False,False,False,False,False,False,True,False
vqe_6_Mutant_Add_z_P25_Q3_[].qasm,Quratest_14,0.02339883228347497,0.15272634474372165,0.023249284658631107,0.1450291474356892,0.0,0.02028416249574658,1.0000000000000102,0.9592032963243236,0.007717113298357892,0.1815452382983579,False,False,False,False,False,False,False,False,False,True
vqe_6_Mutant_Add_z_P25_Q3_[].qasm,PureState_15,0.01265091815817961,0.22986364677056295,0.012614901658993493,0.19497846620357387,0.0,0.016655312314795973,1.0000000000000115,0.9717615126945057,0.006124633160333032,0.020284789410333032,False,False,False,False,False,False,False,False,False,False
vqe_6_Mutant_Add_z_P25_Q3_[].qasm,Quratest_15,0.028571670792510075,0.15104393840144312,0.028172046981525346,0.14023836779312926,0.0,0.02688235028621497,1.0000000000000133,0.9580874154597459,0.011988504194499372,0.11740602705550063,False,False,False,False,False,False,False,False,True,True
vqe_6_Mutant_Add_z_P25_Q3_[].qasm,PureState_16,0.007034951873514867,0.2539881346404296,0.007030074057009207,0.215267870286045,0.0,0.018577186124758623,1.000000000000011,0.9718001386297095,0.013226361319912935,0.004840044930087065,False,False,False,False,False,False,False,False,True,False
vqe_6_Mutant_Add_z_P25_Q3_[].qasm,Quratest_16,0.0288611881362264,0.10029673958762321,0.02855976664064843,0.09609444188571166,0.0,0.010205870076946788,1.000000000000011,0.9674374197517343,0.018066999158001446,0.019042375841998554,False,False,False,False,False,False,False,False,True,False
vqe_6_Mutant_Add_z_P25_Q3_[].qasm,PureState_17,0.0,0.2851407963998345,0.0,0.23951779928652214,0.0,0.020292640864903386,1.000000000000012,0.9797071678854299,1.8579640004290354e-07,0.29101543920359996,False,False,False,False,False,False,False,False,False,True
vqe_6_Mutant_Add_z_P25_Q3_[].qasm,Quratest_17,0.03363360478247168,0.12541803266222612,0.03146507385690609,0.11848540768097797,0.0,0.012701232393135331,1.0000000000000115,0.9701399280662953,0.004743798440353553,0.10951401405964645,False,False,False,False,False,False,False,False,False,True
vqe_6_Mutant_Add_z_P25_Q3_[].qasm,PureState_18,0.004161536215784727,0.2297107982319161,0.004161328019804668,0.19356256691443025,0.0,0.03210773840505922,1.0000000000000115,0.9661078259992226,0.013240397819089145,0.13470882093091086,False,False,False,False,False,False,False,False,True,True
vqe_6_Mutant_Add_z_P25_Q3_[].qasm,Quratest_18,0.029315349382755696,0.15523035018796183,0.029270196077525387,0.13402063920932858,0.0,0.011967076192052107,1.0000000000000115,0.964242731427107,0.0016389957736544364,0.007986652023654436,False,False,False,False,False,False,False,False,False,False
vqe_6_Mutant_Add_z_P25_Q3_[].qasm,PureState_19,0.014608530020956675,0.2667708086243199,0.013482963164255964,0.23105648269646498,0.0,0.022655504270226116,1.000000000000012,0.9738033008073811,0.006665776434395407,0.020337651434395407,False,False,False,False,False,False,False,False,False,False
vqe_6_Mutant_Add_z_P25_Q3_[].qasm,Quratest_19,0.027303208432897654,0.11184526259831472,0.026910381434470523,0.10887579444037057,0.0,0.016882554092403954,1.0000000000000102,0.9602804656882705,0.014460964484025007,0.03827341051597499,False,False,False,False,False,False,False,False,True,False
vqe_6_Mutant_Add_z_P25_Q3_[].qasm,PureState_20,0.014271968823401277,0.23388069049438984,0.014260806276759712,0.19785655154079093,0.0,0.016539346784041065,1.000000000000012,0.9719883301228834,0.0018260562577355408,0.00989269374226446,False,False,False,False,False,False,False,False,False,False
vqe_6_Mutant_Add_z_P25_Q3_[].qasm,Quratest_20,0.029338620429185214,0.11079636042265657,0.02847003687190054,0.10573904506565271,0.0,0.012452259844565786,1.0000000000000124,0.9670233296061153,0.018693668157403115,0.07875226190740311,False,False,False,False,False,False,False,False,True,True
vqe_6_Mutant_Add_z_P25_Q3_[].qasm,PureState_21,0.013867498388516475,0.24505199226035518,0.013862505778496228,0.20685258050242494,0.0,0.017463263825316953,1.0000000000000107,0.9711901061848075,0.004755721058119743,0.026982560191880257,False,False,False,False,False,False,False,False,False,False
vqe_6_Mutant_Add_z_P25_Q3_[].qasm,Quratest_21,0.028375275981266507,0.11826587622126823,0.027510422551466025,0.10967767694998806,0.0,0.01051455837221892,1.000000000000011,0.9683775783562366,0.008916388956751703,0.026982795206751703,False,False,False,False,False,False,False,False,False,False
vqe_6_Mutant_Add_z_P25_Q3_[].qasm,PureState_22,0.0033277784381558367,0.24634654186576815,0.00332777495136402,0.2073843717295432,0.0,0.01926782204361927,1.000000000000011,0.978421707727291,0.008315041098719556,0.032729103598719556,False,False,False,False,False,False,False,False,False,False
vqe_6_Mutant_Add_z_P25_Q3_[].qasm,Quratest_22,0.027332427205472142,0.11691632439399209,0.027308959435967017,0.11284251547271341,0.0,0.012231777524207729,1.0000000000000133,0.9629502562985045,0.004353407820789246,0.07124793907078925,False,False,False,False,False,False,False,False,False,True
vqe_6_Mutant_Add_z_P25_Q3_[].qasm,PureState_23,0.010774916462245817,0.23580450643919965,0.010036286607550411,0.20022196977052198,0.0,0.016960557543337897,1.000000000000011,0.971456871317653,0.015890262797020972,0.0021761434529790277,False,False,False,False,False,False,False,False,True,False
vqe_6_Mutant_Add_z_P25_Q3_[].qasm,Quratest_23,0.02792576243128767,0.12042386956759266,0.026471123925096554,0.1129917611630597,0.0,0.010226515605920316,1.0000000000000107,0.9747475618306762,0.003946086891788103,0.0663664131082119,False,False,False,False,False,False,False,False,False,True
vqe_6_Mutant_Add_z_P25_Q3_[].qasm,PureState_24,0.007193964178067097,0.21596273168186084,0.007191206040967452,0.18169182061303943,0.0,0.019012396286781617,1.0000000000000093,0.9799530510544372,0.012334982717127074,0.17321189228287293,False,False,False,False,False,False,False,False,True,True
vqe_6_Mutant_Add_z_P25_Q3_[].qasm,Quratest_24,0.029920494163167024,0.09544212538216833,0.028824711064083325,0.0933281908234785,0.0,0.013718787291181285,1.0000000000000089,0.9702385408705827,0.005109380193118601,0.0422187551931186,False,False,False,False,False,False,False,False,False,False
vqe_6_Mutant_Add_z_P25_Q3_[].qasm,PureState_25,0.006616757635509023,0.2586490456823389,0.0066152438255869545,0.2182552300862735,0.0,0.031960899000692974,1.000000000000012,0.9654332292815402,0.028550901565635944,0.031507692184364056,False,False,False,False,False,False,False,False,True,False
vqe_6_Mutant_Add_z_P25_Q3_[].qasm,Quratest_25,0.03415665898733681,0.09963343436130609,0.032522791633652154,0.09715221997223403,0.0,0.025714573717239973,1.000000000000011,0.9538713306974276,0.00244486475698813,0.05859720850698813,False,False,False,False,False,False,False,False,False,True
vqe_6_Mutant_Add_z_P25_Q3_[].qasm,PureState_26,0.005706284550622488,0.2569869278484524,0.005705784265745734,0.2163289938109508,0.0,0.030432959988582052,1.000000000000011,0.9671315990391212,0.0034322729015923703,0.03810024165159237,False,False,False,False,False,False,False,False,False,False
vqe_6_Mutant_Add_z_P25_Q3_[].qasm,Quratest_26,0.029419771880972646,0.1241041010386682,0.028302098161417412,0.11899677634971528,0.0,0.02376543494943905,1.000000000000011,0.9591252880345958,0.016297960077736873,0.08758702257773687,False,False,False,False,False,False,False,False,True,True
vqe_6_Mutant_Add_z_P25_Q3_[].qasm,PureState_27,0.0010877724207518126,0.2126055680810745,0.0010877697373762388,0.17953132458421744,0.0,0.019593271238664303,1.000000000000011,0.9788947897299805,0.013240398299943612,0.1351971017000564,False,False,False,False,False,False,False,False,True,True
vqe_6_Mutant_Add_z_P25_Q3_[].qasm,Quratest_27,0.02722882963692598,0.10231348998030654,0.026360911161511926,0.09781183759837772,0.0,0.012830045490850669,1.000000000000012,0.9640721426127509,0.002266328387132227,0.001151640362867773,False,False,False,False,False,False,False,False,False,False
vqe_6_Mutant_Add_z_P25_Q3_[].qasm,PureState_28,0.012591939019626203,0.23978807976275646,0.012588346177680485,0.2039300941713258,0.0,0.020925853719711944,1.0000000000000115,0.9731794606263685,0.011941768933099905,0.018331668566900095,False,False,False,False,False,False,False,False,True,False
vqe_6_Mutant_Add_z_P25_Q3_[].qasm,Quratest_28,0.032091550388263494,0.10895532691944369,0.03135237281357216,0.10118563164499164,0.0,0.008563173502329765,1.000000000000011,0.9692641961553983,0.020242016047910955,0.029562671452089045,False,False,False,False,False,False,False,False,True,False
vqe_6_Mutant_Add_z_P25_Q3_[].qasm,PureState_29,0.009311902605966997,0.1944388486030208,0.009311250704182733,0.16476809357536756,0.0,0.020567371575330805,1.000000000000012,0.9745496266712403,0.03678731843443657,0.05241231843443657,False,False,False,False,False,False,False,False,True,True
vqe_6_Mutant_Add_z_P25_Q3_[].qasm,Quratest_29,0.025640254448194847,0.10892368518225246,0.025609694142713364,0.10271534906715653,0.0,0.010906690076021582,1.0000000000000124,0.9686662946689314,0.014714140811852447,0.022526640811852447,False,False,False,False,False,False,False,False,True,False
vqe_6_Mutant_Add_z_P25_Q3_[].qasm,PureState_30,0.011991834976971913,0.23774700411670227,0.011981771644896467,0.2017880886328607,0.0,0.020621870766338195,1.0000000000000115,0.9734846173006281,0.005636352387666816,0.001199585112333184,False,False,False,False,False,False,False,False,False,False
vqe_6_Mutant_Add_z_P25_Q3_[].qasm,Quratest_30,0.027338774749371835,0.09868580226900629,0.027288793342243423,0.09496886107776652,0.0,0.011072005305843341,1.0000000000000115,0.963476469170996,0.0014324014345792405,0.01266287018457924,False,False,False,False,False,False,False,False,False,False
vqe_6_Mutant_Add_z_P25_Q3_[].qasm,PureState_31,0.008629939041380662,0.25237339239850937,0.008619914578471295,0.21338643243459154,0.0,0.021910887854514234,1.000000000000012,0.9741306888831357,0.002398639316936721,0.006304889316936721,False,False,False,False,False,False,False,False,False,False
vqe_6_Mutant_Add_z_P25_Q3_[].qasm,Quratest_31,0.0339397998693061,0.08376532565364492,0.03366426673846052,0.08201744089806019,0.0,0.00845067049511614,1.000000000000011,0.9714184983805083,0.0073900932936386,0.0951489692063614,False,False,False,False,False,False,False,False,False,True
vqe_6_Mutant_Add_cp_P17_Q4_[6.283185307179586].qasm,PureState_0,0.009845934180422943,0.26389015137633426,0.009022127006455754,0.22660563005253898,0.0,0.02973307928518084,1.000000000000011,0.9677536364180936,0.022863314928994627,0.10391800242899463,False,False,False,False,False,False,False,False,True,True
vqe_6_Mutant_Add_cp_P17_Q4_[6.283185307179586].qasm,Quratest_0,0.033654869359684446,0.14550279423495754,0.030493985963295493,0.13528190229392265,5.392677610341866e-17,0.023729673365002313,1.000000000000012,0.9605034554021343,0.002907858240559419,0.04152573550944058,False,False,False,False,False,False,False,False,False,False
vqe_6_Mutant_Add_cp_P17_Q4_[6.283185307179586].qasm,PureState_1,0.0,0.30173590364325714,0.0,0.2537240715448326,0.0,0.05028228648452045,1.0000000000000102,0.9497166002891866,1.993538863986899e-07,0.3007810506461136,False,True,False,False,False,False,False,False,False,True
vqe_6_Mutant_Add_cp_P17_Q4_[6.283185307179586].qasm,Quratest_1,0.025727811029840387,0.10569798082344031,0.02565181170270768,0.1027900985931007,6.314101226188775e-17,0.025195169688840828,1.0000000000000107,0.9451644247095127,0.03574980717969689,0.07334746342969689,False,False,False,False,False,False,False,False,True,True
vqe_6_Mutant_Add_cp_P17_Q4_[6.283185307179586].qasm,PureState_2,0.0,0.308332715436919,0.0,0.2593834817592813,0.0,0.0491103091326663,1.000000000000011,0.9508887627234308,1.8531608814154055e-07,0.31103497093391186,False,True,False,False,False,False,False,False,False,True
vqe_6_Mutant_Add_cp_P17_Q4_[6.283185307179586].qasm,Quratest_2,0.028313532618121234,0.11144501105845049,0.026327397262939325,0.10559720103284205,2.4736538433377774e-17,0.02612300614874524,1.0000000000000107,0.9443118395286431,0.013764399641357034,0.027739506608642966,False,False,False,False,False,False,False,False,True,False
vqe_6_Mutant_Add_cp_P17_Q4_[6.283185307179586].qasm,PureState_3,0.002190202795306524,0.2561616444582743,0.002190156439842766,0.21604774956291437,0.0,0.030354634538788092,1.000000000000011,0.9671009504711959,0.0032589661257649283,0.06412384637423507,False,False,False,False,False,False,False,False,False,True
vqe_6_Mutant_Add_cp_P17_Q4_[6.283185307179586].qasm,Quratest_3,0.029484967790363425,0.12114210385710418,0.028537445940268445,0.11307007070297051,5.376216685455905e-17,0.020147444406630858,1.000000000000011,0.9572581519827791,0.00926835221395439,0.1303621022139544,False,False,False,False,False,False,False,False,False,True
vqe_6_Mutant_Add_cp_P17_Q4_[6.283185307179586].qasm,PureState_4,0.0,0.29100832682259675,0.0,0.24453577813279942,0.0,0.032199161911067115,1.000000000000011,0.9678002923150277,1.988763883575828e-07,0.29833964487361164,False,False,False,False,False,False,False,False,False,True
vqe_6_Mutant_Add_cp_P17_Q4_[6.283185307179586].qasm,Quratest_4,0.030239300850462152,0.07487404053508402,0.029974633307437885,0.07326747490654281,3.1977187824744346e-17,0.021329382534805305,1.000000000000012,0.9423221876822563,4.8547264831833026e-05,0.013623327735168167,False,False,False,False,False,False,False,False,False,False
vqe_6_Mutant_Add_cp_P17_Q4_[6.283185307179586].qasm,PureState_5,0.0011320826690907966,0.2348847042495563,0.0011320800713156413,0.19820574365291702,0.0,0.04675627495926414,1.000000000000011,0.9512729112905992,0.013240354043680402,0.1552166772063196,False,False,False,False,False,False,False,False,True,True
vqe_6_Mutant_Add_cp_P17_Q4_[6.283185307179586].qasm,Quratest_5,0.032482443993719516,0.07537065717907078,0.03242027793321504,0.07469793399601758,5.892638807458717e-17,0.016053976762943623,1.0000000000000107,0.9440523214313274,0.029985590223591048,0.05146996522359105,False,False,False,False,False,False,False,False,True,True
vqe_6_Mutant_Add_cp_P17_Q4_[6.283185307179586].qasm,PureState_6,0.008097538306340087,0.2472834448734121,0.008097342514898673,0.20848276580591457,0.0,0.02528374185859735,1.0000000000000107,0.9553823809382149,0.008035540311348306,0.0070589778113483055,False,False,False,False,False,False,False,False,False,False
vqe_6_Mutant_Add_cp_P17_Q4_[6.283185307179586].qasm,Quratest_6,0.024744634226767957,0.1569539345323952,0.023110895010267654,0.14573429676083427,2.1205254767552145e-17,0.03555761250454146,1.0000000000000115,0.9412370580817352,0.012425972200174884,0.06760175345017488,False,False,False,False,False,False,False,False,True,True
vqe_6_Mutant_Add_cp_P17_Q4_[6.283185307179586].qasm,PureState_7,0.006965226424322847,0.23339847518865006,0.006965194413273292,0.19610180199915606,0.0,0.025642912800017667,1.0000000000000102,0.956808905103823,0.004921639146742332,0.03324195164674233,False,False,False,False,False,False,False,False,False,False
vqe_6_Mutant_Add_cp_P17_Q4_[6.283185307179586].qasm,Quratest_7,0.02232206219643044,0.17944535028328182,0.02158907580433302,0.16019416520876398,2.4946860154735377e-17,0.020547711009643053,1.0000000000000107,0.961549257530281,0.025292895921867398,0.0464844478281326,False,False,False,False,False,False,False,False,True,False
vqe_6_Mutant_Add_cp_P17_Q4_[6.283185307179586].qasm,PureState_8,0.006755447546806513,0.2650649934244931,0.006753593362082404,0.2241941585864301,0.0,0.046749064583478425,1.000000000000011,0.9504953797260339,0.0016238327753108073,0.07340117652531081,False,False,False,False,False,False,False,False,False,True
vqe_6_Mutant_Add_cp_P17_Q4_[6.283185307179586].qasm,Quratest_8,0.02535494465711911,0.12959637505737523,0.02499969137674989,0.12354074778060392,5.355958732078392e-17,0.023868404470553876,1.000000000000011,0.9406540505685974,0.0019076363125808682,0.04643220743741913,False,False,False,False,False,False,False,False,False,False
vqe_6_Mutant_Add_cp_P17_Q4_[6.283185307179586].qasm,PureState_9,0.0133814625711462,0.2057256205862926,0.013369705360881095,0.17467426537501954,0.0,0.029137058048097596,1.0000000000000089,0.9630553565847434,0.03678731413215557,0.03922872038215557,False,False,False,False,False,False,False,False,True,False
vqe_6_Mutant_Add_cp_P17_Q4_[6.283185307179586].qasm,Quratest_9,0.025786016616284078,0.1360152696290014,0.02484451274245075,0.12121782788528251,8.309423950079261e-17,0.02456133296772605,1.0000000000000115,0.9464637989353966,0.00019193322626903653,0.051565879273730963,False,False,False,False,False,False,False,False,False,True
vqe_6_Mutant_Add_cp_P17_Q4_[6.283185307179586].qasm,PureState_10,0.005077282231227633,0.2533648845916652,0.005077005173366548,0.21358608315117605,0.0,0.02899084172802724,1.000000000000011,0.9625813741995858,0.015986191125957023,0.014775527624042977,False,False,False,False,False,False,False,False,True,False
vqe_6_Mutant_Add_cp_P17_Q4_[6.283185307179586].qasm,Quratest_10,0.03168072659249033,0.09017337864504356,0.03090231067595878,0.08786012232715502,9.008195394049484e-17,0.016584426709385217,1.000000000000011,0.9572820163357765,0.015478447399372375,0.09633795885062763,False,False,False,False,False,False,False,False,True,True
vqe_6_Mutant_Add_cp_P17_Q4_[6.283185307179586].qasm,PureState_11,0.011019262293170582,0.24306245101277987,0.011016791896922649,0.2052697031160893,0.0,0.02569326989246718,1.0000000000000115,0.954746879477566,0.020146603697443886,0.009150271302556114,False,False,False,False,False,False,False,False,True,False
vqe_6_Mutant_Add_cp_P17_Q4_[6.283185307179586].qasm,Quratest_11,0.01887703281325292,0.20430061057849297,0.018018027682461833,0.17700630438298287,1.1537796632093051e-17,0.02289581571777094,1.0000000000000115,0.9469555173864262,0.0016266410811671544,0.034506171418832846,False,False,False,False,False,False,False,False,False,False
vqe_6_Mutant_Add_cp_P17_Q4_[6.283185307179586].qasm,PureState_12,0.008440535350639785,0.2600754747985877,0.008439733722249038,0.21883680909437417,0.0,0.028369877334803183,1.0000000000000124,0.9692172418262005,0.00343227251334155,0.03907680376334155,False,False,False,False,False,False,False,False,False,False
vqe_6_Mutant_Add_cp_P17_Q4_[6.283185307179586].qasm,Quratest_12,0.032841309764246054,0.11576583614278343,0.03255710148699827,0.11174341802404834,1.1111717015260814e-16,0.02134407984935644,1.000000000000011,0.951684575537304,0.009071688705426517,0.15059628004457348,False,False,False,False,False,False,False,False,False,True
vqe_6_Mutant_Add_cp_P17_Q4_[6.283185307179586].qasm,PureState_13,0.008255507742094133,0.25597823487883437,0.008254610332817198,0.21618656503339234,0.0,0.029261446088293237,1.000000000000011,0.9681653264884746,0.030042805648908155,0.08375374314890816,False,False,False,False,False,False,False,False,True,True
vqe_6_Mutant_Add_cp_P17_Q4_[6.283185307179586].qasm,Quratest_13,0.028728723109710624,0.12893119980683493,0.02868225110806183,0.12373774396662769,7.199780051661553e-18,0.03293304346364906,1.000000000000011,0.9424357104990446,0.0038297033493064347,0.10749842165069357,False,False,False,False,False,False,False,False,False,True
vqe_6_Mutant_Add_cp_P17_Q4_[6.283185307179586].qasm,PureState_14,0.010797576186094277,0.2525027765901625,0.01079739428899622,0.21282223318830323,0.0,0.028939553281834424,1.000000000000011,0.9625703386568006,0.011983991328152754,0.009500383671847246,False,False,False,False,False,False,False,False,True,False
vqe_6_Mutant_Add_cp_P17_Q4_[6.283185307179586].qasm,Quratest_14,0.030350074313214858,0.15658130210168852,0.029161595982186168,0.14867978496091314,8.540391050040785e-18,0.025807635869090538,1.0000000000000102,0.950444752911617,0.007717113298357892,0.1878928945483579,False,False,False,False,False,False,False,False,False,True
vqe_6_Mutant_Add_cp_P17_Q4_[6.283185307179586].qasm,PureState_15,0.015542600405843477,0.2423673519767063,0.015530210232314259,0.20559569561906543,0.0,0.025003149716942803,1.0000000000000115,0.955655845448728,0.006124633160333032,0.027609008160333032,False,False,False,False,False,False,False,False,False,False
vqe_6_Mutant_Add_cp_P17_Q4_[6.283185307179586].qasm,Quratest_15,0.02991879609211824,0.1666670728031441,0.028302753378851422,0.1537414747776018,9.136097369084883e-18,0.03856342165091187,1.0000000000000129,0.9449461861925564,0.011988504194499372,0.12277712080550063,False,False,False,False,False,False,False,False,True,True
vqe_6_Mutant_Add_cp_P17_Q4_[6.283185307179586].qasm,PureState_16,0.0043365734476334,0.25624315599576936,0.004336220539280235,0.21671070477970414,0.0,0.026420675942187628,1.000000000000011,0.9556937635352137,0.013226361319912935,0.013629107430087065,False,False,False,False,False,False,False,False,True,False
vqe_6_Mutant_Add_cp_P17_Q4_[6.283185307179586].qasm,Quratest_16,0.02870926442714393,0.09841448268425036,0.028404686726030946,0.09412007193755349,1.3777329700270097e-16,0.013822167511516246,1.000000000000011,0.9545014516666389,0.018066999158001446,0.0004876883419985545,False,False,False,False,False,False,False,False,True,False
vqe_6_Mutant_Add_cp_P17_Q4_[6.283185307179586].qasm,PureState_17,0.0,0.29446433864671073,0.0,0.24749390451848807,0.0,0.031004778528157723,1.000000000000012,0.9689947811407809,1.8579640004290354e-07,0.29785137670359996,False,False,False,False,False,False,False,False,False,True
vqe_6_Mutant_Add_cp_P17_Q4_[6.283185307179586].qasm,Quratest_17,0.027872596565381755,0.12835610794498103,0.026704474721300754,0.12095797794123475,6.937030431423269e-17,0.01626833922843344,1.0000000000000115,0.9608587087493485,0.004743798440353553,0.12465073280964645,False,False,False,False,False,False,False,False,False,True
vqe_6_Mutant_Add_cp_P17_Q4_[6.283185307179586].qasm,PureState_18,0.002654888424204081,0.24308800790929128,0.0026548839541335905,0.20511457100978644,0.0,0.04793094663729917,1.0000000000000115,0.9501002763072534,0.013240397819089145,0.14007991468091086,False,False,False,False,False,False,False,False,True,True
vqe_6_Mutant_Add_cp_P17_Q4_[6.283185307179586].qasm,Quratest_18,0.023961257993067624,0.15382488356301535,0.023614407880813357,0.13292450263371677,1.0180033547404164e-16,0.016496225009391047,1.0000000000000115,0.9499702118957993,0.0016389957736544364,0.010428058273654436,False,False,False,False,False,False,False,False,False,False
vqe_6_Mutant_Add_cp_P17_Q4_[6.283185307179586].qasm,PureState_19,0.011252913468979142,0.2668803713830286,0.009793658742625893,0.23086816140300415,0.0,0.030563474864145172,1.000000000000012,0.9631609679849549,0.006665776434395407,0.018872807684395407,False,False,False,False,False,False,False,False,False,False
vqe_6_Mutant_Add_cp_P17_Q4_[6.283185307179586].qasm,Quratest_19,0.030614503465108103,0.12134346088150506,0.0294792099016515,0.1172091213053049,6.8371440711183055e-18,0.026472885081320247,1.0000000000000107,0.9399707129918574,0.014460964484025007,0.04852731676597499,False,False,False,False,False,False,False,False,True,False
vqe_6_Mutant_Add_cp_P17_Q4_[6.283185307179586].qasm,PureState_20,0.008202904916901005,0.24269285182842829,0.008182019456610092,0.20494649337852525,0.0,0.024917166931752537,1.000000000000012,0.9558789033352941,0.0018260562577355408,0.01038097499226446,False,False,False,False,False,False,False,False,False,False
vqe_6_Mutant_Add_cp_P17_Q4_[6.283185307179586].qasm,Quratest_20,0.03330582152107836,0.11462814218757077,0.03253661555979676,0.10990136315595747,1.2681946692880836e-16,0.015851840077867968,1.0000000000000129,0.9552735564213214,0.018693668157403115,0.07875226190740311,False,False,False,False,False,False,False,False,True,True
vqe_6_Mutant_Add_cp_P17_Q4_[6.283185307179586].qasm,PureState_21,0.009634593041779634,0.25236792850700573,0.009625653019666192,0.21265600771900878,0.0,0.025561410800686555,1.0000000000000107,0.9550938418872464,0.004755721058119743,0.026005997691880257,False,False,False,False,False,False,False,False,False,False
vqe_6_Mutant_Add_cp_P17_Q4_[6.283185307179586].qasm,Quratest_21,0.02837456977423945,0.12061980864462829,0.02780020779103722,0.11147657116483793,7.083567825192937e-17,0.013683820115730697,1.000000000000011,0.9585187722367617,0.008916388956751703,0.027471076456751703,False,False,False,False,False,False,False,False,False,False
vqe_6_Mutant_Add_cp_P17_Q4_[6.283185307179586].qasm,PureState_22,0.005576784893540564,0.25539120047556274,0.005576768899291056,0.21513895558340704,0.0,0.02985016930731943,1.000000000000011,0.9677233640855001,0.008315041098719556,0.028822853598719556,False,False,False,False,False,False,False,False,False,False
vqe_6_Mutant_Add_cp_P17_Q4_[6.283185307179586].qasm,Quratest_22,0.03407040002822827,0.11546188415278323,0.033119351056472526,0.1117181773091598,6.209090316552923e-17,0.018303392834469016,1.0000000000000124,0.948969102280445,0.004353407820789246,0.07808387657078925,False,False,False,False,False,False,False,False,False,True
vqe_6_Mutant_Add_cp_P17_Q4_[6.283185307179586].qasm,PureState_23,0.014567312796212074,0.24188847511094613,0.012887605302868393,0.20516459288570174,0.0,0.025162266045351316,1.000000000000011,0.9553561857857907,0.015890262797020972,0.005594112202979028,False,False,False,False,False,False,False,False,True,False
vqe_6_Mutant_Add_cp_P17_Q4_[6.283185307179586].qasm,Quratest_23,0.02482352138849407,0.12654329594291436,0.023849196881913153,0.11888313368592154,8.333427772443027e-17,0.015659799030782642,1.0000000000000107,0.9653146691565065,0.003946086891788103,0.0683195381082119,False,False,False,False,False,False,False,False,False,True
vqe_6_Mutant_Add_cp_P17_Q4_[6.283185307179586].qasm,PureState_24,0.0055838158016003605,0.2371503657992306,0.00558173017060638,0.19947368773859553,0.0,0.02967099076419532,1.0000000000000093,0.9692379766836996,0.012334982717127074,0.17467673603287293,False,False,False,False,False,False,False,False,True,True
vqe_6_Mutant_Add_cp_P17_Q4_[6.283185307179586].qasm,Quratest_24,0.028341646999224722,0.09581994156874934,0.026907358800088453,0.09357132172930689,4.5914903213577045e-17,0.02137409685130648,1.0000000000000089,0.9583909184117966,0.005109380193118601,0.0514960989431186,False,False,False,False,False,False,False,False,False,True
vqe_6_Mutant_Add_cp_P17_Q4_[6.283185307179586].qasm,PureState_25,0.0039489780289929215,0.2707626881190609,0.003948851459173044,0.22844648268586512,0.0,0.04774097956338172,1.000000000000012,0.9494368572785935,0.028550901565635944,0.037855348434364056,False,False,False,False,False,False,False,False,True,False
vqe_6_Mutant_Add_cp_P17_Q4_[6.283185307179586].qasm,Quratest_25,0.03166380212582297,0.1138092153887135,0.03046005391113067,0.11071593639626486,2.8965138664308054e-17,0.0382224416162187,1.000000000000011,0.9353519084550275,0.00244486475698813,0.08349955225698813,False,False,False,False,False,False,False,False,False,True
vqe_6_Mutant_Add_cp_P17_Q4_[6.283185307179586].qasm,PureState_26,0.006523408264338135,0.2725378509511206,0.006522189331206194,0.22983055006812048,0.0,0.04638286487320076,1.000000000000011,0.9511070669166397,0.0034322729015923703,0.04054164790159237,False,False,False,False,False,False,False,False,False,False
vqe_6_Mutant_Add_cp_P17_Q4_[6.283185307179586].qasm,Quratest_26,0.032664000829635984,0.1323559935189495,0.03189514353018103,0.12741847180327665,1.1446379732720988e-17,0.03505956971174458,1.000000000000011,0.944375685934094,0.016297960077736873,0.09442296007773687,False,False,False,False,False,False,False,False,True,True
vqe_6_Mutant_Add_cp_P17_Q4_[6.283185307179586].qasm,PureState_27,0.004599413036508348,0.2274990826274694,0.004599113521990382,0.19181169293238082,0.0,0.030068718250859952,1.000000000000011,0.9681912740291385,0.013240398299943612,0.1400799142000564,False,False,False,False,False,False,False,False,True,True
vqe_6_Mutant_Add_cp_P17_Q4_[6.283185307179586].qasm,Quratest_27,0.027441565167390304,0.10702375554294784,0.027422566975951034,0.10098102098589011,1.2088557761681835e-16,0.017357208168946793,1.0000000000000124,0.9518298704548036,0.002266328387132227,0.002266328387132227,False,False,False,False,False,False,False,False,False,False
vqe_6_Mutant_Add_cp_P17_Q4_[6.283185307179586].qasm,PureState_28,0.012030408663326459,0.24274251315955056,0.011370024382653745,0.2055363658379694,0.0,0.028776354555348903,1.0000000000000115,0.9625439454238173,0.011941768933099905,0.013937137316900095,False,False,False,False,False,False,False,False,True,False
vqe_6_Mutant_Add_cp_P17_Q4_[6.283185307179586].qasm,Quratest_28,0.03156890099214514,0.11092436703040144,0.030460810485171488,0.10144336307088407,1.01562214991106e-16,0.0119864436081881,1.000000000000011,0.9550551142324867,0.020242016047910955,0.041769702702089045,False,False,False,False,False,False,False,False,True,False
vqe_6_Mutant_Add_cp_P17_Q4_[6.283185307179586].qasm,PureState_29,0.011389262470466323,0.20686446568572547,0.0113873587807186,0.17548296218609363,0.0,0.02831147618193923,1.0000000000000115,0.9638990567549947,0.03678731843443657,0.05338888093443657,False,False,False,False,False,False,False,False,True,True
vqe_6_Mutant_Add_cp_P17_Q4_[6.283185307179586].qasm,Quratest_29,0.02406641602634532,0.11600763223230909,0.023737007482123033,0.10989881749938861,9.185008227832899e-17,0.01680767387900525,1.000000000000012,0.95285974922813,0.014714140811852447,0.024968047061852447,False,False,False,False,False,False,False,False,True,False
vqe_6_Mutant_Add_cp_P17_Q4_[6.283185307179586].qasm,PureState_30,0.009514169536970768,0.24924086541752535,0.009512470710618623,0.21145243243401815,0.0,0.028474870667132217,1.0000000000000115,0.9628456872193198,0.005636352387666816,0.008523803862333184,False,False,False,False,False,False,False,False,False,False
vqe_6_Mutant_Add_cp_P17_Q4_[6.283185307179586].qasm,Quratest_30,0.02639219910442695,0.1026361580599507,0.02637720807111797,0.0979589172120311,1.1244652446362144e-16,0.015281314968150323,1.0000000000000115,0.9504360077614287,0.0014324014345792405,0.01315115143457924,False,False,False,False,False,False,False,False,False,False
vqe_6_Mutant_Add_cp_P17_Q4_[6.283185307179586].qasm,PureState_31,0.010107876918748067,0.2654100727095395,0.010104218347133072,0.2247143271562612,0.0,0.029694357027626045,1.0000000000000124,0.9634846979124174,0.002398639316936721,0.007281451816936721,False,False,False,False,False,False,False,False,False,False
vqe_6_Mutant_Add_cp_P17_Q4_[6.283185307179586].qasm,Quratest_31,0.02649339594871595,0.08121402471017834,0.026118514317843813,0.08001229888996786,1.1781211856770613e-16,0.015252991970247275,1.0000000000000124,0.9595240046910524,0.0073900932936386,0.0980786567063614,False,False,False,False,False,False,False,False,False,True
vqe_6_Mutant_Add_h_P26_Q4_[].qasm,PureState_0,0.011281933165404217,0.24293315637904914,0.011244710039268708,0.20843676323483487,4.408305415322825e-19,0.019589077065622303,1.000000000000012,0.9780149666225587,0.022863314928994627,0.10684768992899463,False,False,False,False,False,False,False,False,True,True
vqe_6_Mutant_Add_h_P26_Q4_[].qasm,Quratest_0,0.025381156127556384,0.14178018884569732,0.02374383513036109,0.13288375343659953,1.0370256136969921e-16,0.01605721240275689,1.0000000000000115,0.9708116486060744,0.002907858240559419,0.03273667300944058,False,False,False,False,False,False,False,False,False,False
vqe_6_Mutant_Add_h_P26_Q4_[].qasm,PureState_1,0.0,0.30018310536365356,0.0,0.25239294860854383,8.257304869906137e-21,0.034713382929876864,1.0000000000000102,0.9652860309619752,1.993538863986899e-07,0.2841794881461136,False,True,False,False,False,False,False,False,False,True
vqe_6_Mutant_Add_h_P26_Q4_[].qasm,Quratest_1,0.03029767314400475,0.09927213860165286,0.02891199706778283,0.09710219683085258,8.803700464758615e-17,0.019205058852050483,1.0000000000000107,0.9562724289476113,0.03574980717969689,0.07823027592969689,False,False,False,False,False,False,False,False,True,True
vqe_6_Mutant_Add_h_P26_Q4_[].qasm,PureState_2,0.0,0.2965961880442358,0.0,0.2493195693686011,2.0274920710778795e-21,0.033349348016274864,1.000000000000011,0.9666501795928487,1.8531608814154055e-07,0.29833965843391186,False,False,False,False,False,False,False,False,False,True
vqe_6_Mutant_Add_h_P26_Q4_[].qasm,Quratest_2,0.03446609272729125,0.11055259699148731,0.03181588433910457,0.10432894450493407,1.4792138698551793e-16,0.020612252068573186,1.000000000000011,0.9554467235926564,0.013764399641357034,0.031645756608642966,False,False,False,False,False,False,False,False,True,False
vqe_6_Mutant_Add_h_P26_Q4_[].qasm,PureState_3,0.007397870745930395,0.2477187388360651,0.007396116766581133,0.2090979759699703,1.3880439636588635e-17,0.020232807155003342,1.000000000000011,0.9773553607471348,0.0032589661257649283,0.06851837762423507,False,False,False,False,False,False,False,False,False,True
vqe_6_Mutant_Add_h_P26_Q4_[].qasm,Quratest_3,0.02831416599559471,0.11428280523216974,0.027363720669901823,0.10762587396701907,6.633289827139188e-17,0.012750372411379687,1.0000000000000115,0.967363209528908,0.00926835221395439,0.12499100846395439,False,False,False,False,False,False,False,False,False,True
vqe_6_Mutant_Add_h_P26_Q4_[].qasm,PureState_4,0.0,0.28647432801381395,0.0,0.24065778443209473,6.64521559274471e-21,0.02193756788636805,1.000000000000011,0.9780621172643903,1.988763883575828e-07,0.28906230112361164,False,False,False,False,False,False,False,False,False,True
vqe_6_Mutant_Add_h_P26_Q4_[].qasm,Quratest_4,0.027437495605615606,0.06873019854340658,0.02742122030278698,0.06744076693975229,8.960930955592694e-17,0.013781742730734755,1.000000000000012,0.9592405126298015,4.8547264831833026e-05,0.021435827735168167,False,False,False,False,False,False,False,False,False,False
vqe_6_Mutant_Add_h_P26_Q4_[].qasm,PureState_5,0.00213217455271804,0.22995626820155635,0.0021321618415762154,0.1941217543598579,5.375612641558221e-21,0.031195082403827908,1.000000000000011,0.9670406956292751,0.013240354043680402,0.1434979272063196,False,False,False,False,False,False,False,False,True,True
vqe_6_Mutant_Add_h_P26_Q4_[].qasm,Quratest_5,0.028688146841308063,0.07391518483514373,0.028676222245353468,0.07344275536859796,1.2565903179106996e-16,0.012038098983316847,1.0000000000000102,0.9579301802596292,0.029985590223591048,0.04365746522359105,False,False,False,False,False,False,False,False,True,False
vqe_6_Mutant_Add_h_P26_Q4_[].qasm,PureState_6,0.007637760633639909,0.24226452769163578,0.007637405144121455,0.20428381979598126,4.2502505135372986e-17,0.017400038530928634,1.000000000000011,0.9712229892341281,0.008035540311348306,0.00022304031134830551,False,False,False,False,False,False,False,False,False,False
vqe_6_Mutant_Add_h_P26_Q4_[].qasm,Quratest_6,0.03048644502701917,0.15213577177811072,0.027237159734509426,0.14150032842328553,3.4418510486659876e-17,0.025334076560265636,1.000000000000011,0.9601692705554563,0.012425972200174884,0.049047065950174884,False,False,False,False,False,False,False,False,True,False
vqe_6_Mutant_Add_h_P26_Q4_[].qasm,PureState_7,0.004819648502961827,0.22257694238782882,0.004819603739359154,0.18690486958366076,1.6653963182012588e-16,0.017723396315727218,1.000000000000011,0.9724990305124699,0.004921639146742332,0.03421851414674233,False,False,False,False,False,False,False,False,False,False
vqe_6_Mutant_Add_h_P26_Q4_[].qasm,Quratest_7,0.02535166542840312,0.17759833578428316,0.023430519214881235,0.1585926457017019,1.0097456527551885e-16,0.01393063468213147,1.000000000000011,0.973087595636558,0.025292895921867398,0.0440430415781326,False,False,False,False,False,False,False,False,True,False
vqe_6_Mutant_Add_h_P26_Q4_[].qasm,PureState_8,0.006580920368938625,0.25642796934776046,0.006577409909230447,0.21635954312514177,8.349936302817352e-17,0.03119815378606675,1.000000000000011,0.9662502756805408,0.0016238327753108073,0.06461211402531081,False,False,False,False,False,False,False,False,False,True
vqe_6_Mutant_Add_h_P26_Q4_[].qasm,Quratest_8,0.03140013488442103,0.1277737483696696,0.030863276555687432,0.12207716893067072,8.894523572527957e-17,0.016667441899850234,1.000000000000011,0.956081997298636,0.0019076363125808682,0.04301423868741913,False,False,False,False,False,False,False,False,False,False
vqe_6_Mutant_Add_h_P26_Q4_[].qasm,PureState_9,0.011317979639244937,0.20187405198008315,0.011316626567485076,0.17174827992660036,8.110006983592761e-17,0.021654499101793033,1.0000000000000084,0.9734354086471837,0.03678731413215557,0.04020528288215557,False,False,False,False,False,False,False,False,True,False
vqe_6_Mutant_Add_h_P26_Q4_[].qasm,Quratest_9,0.028123777199962664,0.13279393040840823,0.026976893632226447,0.11919953585022654,7.831551586292161e-17,0.018678870369828023,1.0000000000000115,0.9577903112569875,0.00019193322626903653,0.06328462927373096,False,False,False,False,False,False,False,False,False,True
vqe_6_Mutant_Add_h_P26_Q4_[].qasm,PureState_10,0.011225650199167334,0.24924682291800254,0.011224135019214994,0.21007957110003497,5.551696354124845e-17,0.021555824040986594,1.000000000000011,0.9727822823593164,0.015986191125957023,0.012334121374042977,False,False,False,False,False,False,False,False,True,False
vqe_6_Mutant_Add_h_P26_Q4_[].qasm,Quratest_10,0.02477914658397139,0.08025283553160023,0.02445107441447185,0.07819130837866055,9.387920264303587e-17,0.010424070993814516,1.000000000000011,0.9692372426249041,0.015478447399372375,0.08803717760062763,False,False,False,False,False,False,False,False,True,True
vqe_6_Mutant_Add_h_P26_Q4_[].qasm,PureState_11,0.012593101302338736,0.23548690042736006,0.012590213396457642,0.19917547827036816,1.1963927320843536e-18,0.017914013412544453,1.0000000000000115,0.9705769509064248,0.020146603697443886,0.005244021302556114,False,False,False,False,False,False,False,False,True,False
vqe_6_Mutant_Add_h_P26_Q4_[].qasm,Quratest_11,0.0235296710986486,0.19520846859807697,0.023164229059122632,0.16800566904573394,6.817543778349678e-17,0.016627052981059615,1.0000000000000115,0.9614149370596938,0.0016266410811671544,0.034994452668832846,False,False,False,False,False,False,False,False,False,False
vqe_6_Mutant_Add_h_P26_Q4_[].qasm,PureState_12,0.0057299675489521276,0.2440047245780847,0.005729867797716843,0.20542223151694036,1.4053033757846528e-16,0.018031202757332186,1.0000000000000133,0.9796691551432858,0.00343227251334155,0.03663539751334155,False,False,False,False,False,False,False,False,False,False
vqe_6_Mutant_Add_h_P26_Q4_[].qasm,Quratest_12,0.028607070963428086,0.11269977744208208,0.028576563910024246,0.10911471643388782,6.200958800259282e-17,0.014024377347115542,1.0000000000000107,0.9647024248169491,0.009071688705426517,0.14717831129457348,False,False,False,False,False,False,False,False,False,True
vqe_6_Mutant_Add_h_P26_Q4_[].qasm,PureState_13,0.00613374607159802,0.23812201359815893,0.006132727060128878,0.20062337274016148,7.634362912165105e-17,0.01896181509751866,1.000000000000011,0.9786058964503025,0.030042805648908155,0.07984749314890816,False,False,False,False,False,False,False,False,True,True
vqe_6_Mutant_Add_h_P26_Q4_[].qasm,Quratest_13,0.027327695673334564,0.12254716099286994,0.026735509566223368,0.1174667826114928,5.17435486818707e-17,0.021829427316402115,1.0000000000000115,0.9580797771862242,0.0038297033493064347,0.11726404665069357,False,False,False,False,False,False,False,False,False,True
vqe_6_Mutant_Add_h_P26_Q4_[].qasm,PureState_14,0.0059069562482099505,0.2466072506771232,0.005906876821962536,0.20786979118173163,6.592321397501896e-17,0.021352774146039977,1.0000000000000115,0.9729451633275299,0.011983991328152754,0.006570696171847246,False,False,False,False,False,False,False,False,True,False
vqe_6_Mutant_Add_h_P26_Q4_[].qasm,Quratest_14,0.016773850843733618,0.15433363807420836,0.016295407950510078,0.1467337869415739,3.3973581667394967e-17,0.020487410252653233,1.0000000000000102,0.9587297575149064,0.007717113298357892,0.1820335195483579,False,False,False,False,False,False,False,False,False,True
vqe_6_Mutant_Add_h_P26_Q4_[].qasm,PureState_15,0.012915979293246787,0.2367652251115341,0.01287839972283492,0.2012482694687828,1.4162298328276757e-17,0.017088156677082286,1.000000000000011,0.9713270628071609,0.006124633160333032,0.021261351910333032,False,False,False,False,False,False,False,False,False,False
vqe_6_Mutant_Add_h_P26_Q4_[].qasm,Quratest_15,0.030329751359736947,0.15964575254793886,0.028664021966966123,0.14697096442482635,8.813377816180995e-17,0.02702232923755607,1.0000000000000115,0.9576835488103767,0.011988504194499372,0.11984743330550063,False,False,False,False,False,False,False,False,True,True
vqe_6_Mutant_Add_h_P26_Q4_[].qasm,PureState_16,0.004778581205269672,0.2547116821162122,0.004777729589094725,0.21550148330875832,1.201044115732878e-22,0.018834358612586727,1.000000000000011,0.9715395333666711,0.013226361319912935,0.0033752011800870646,False,False,False,False,False,False,False,False,True,False
vqe_6_Mutant_Add_h_P26_Q4_[].qasm,Quratest_16,0.03172538051895699,0.10190922994354076,0.031080252111934374,0.09735385951580713,7.037996758735982e-17,0.010352610551546595,1.0000000000000107,0.9669927961759996,0.018066999158001446,0.019042375841998554,False,False,False,False,False,False,False,False,True,False
vqe_6_Mutant_Add_h_P26_Q4_[].qasm,PureState_17,0.0,0.28485437182695755,0.0,0.2392729814315995,6.6502211336587324e-21,0.02055547868073241,1.0000000000000129,0.9794442954019381,1.8579640004290354e-07,0.29199200170359996,False,False,False,False,False,False,False,False,False,True
vqe_6_Mutant_Add_h_P26_Q4_[].qasm,Quratest_17,0.032577172780280855,0.12623424108514353,0.03035524920897615,0.11932986556675923,1.4498324144972957e-16,0.012964170102639354,1.000000000000011,0.9696067002418429,0.004743798440353553,0.11000229530964645,False,False,False,False,False,False,False,False,False,True
vqe_6_Mutant_Add_h_P26_Q4_[].qasm,PureState_18,0.005067236154532102,0.23131100354515458,0.0050668479759060706,0.19525692548359755,5.215787200993976e-18,0.03253040751335455,1.0000000000000115,0.9656759967324128,0.013240397819089145,0.13568538343091086,False,False,False,False,False,False,False,False,True,True
vqe_6_Mutant_Add_h_P26_Q4_[].qasm,Quratest_18,0.023020523345826892,0.15528571988305673,0.023009423750936064,0.1346777488716272,8.999070599276289e-17,0.01207696955544516,1.000000000000011,0.9638562736993304,0.0016389957736544364,0.006521808273654436,False,False,False,False,False,False,False,False,False,False
vqe_6_Mutant_Add_h_P26_Q4_[].qasm,PureState_19,0.012801656378494107,0.26091773020956555,0.012150897899078078,0.22600721655061645,1.1102964555597725e-16,0.02291587758729994,1.000000000000011,0.9735421581619933,0.006665776434395407,0.020337651434395407,False,False,False,False,False,False,False,False,False,False
vqe_6_Mutant_Add_h_P26_Q4_[].qasm,Quratest_19,0.03125365855247493,0.11617997858595842,0.02917458898324064,0.11290210158920785,1.287390024059642e-16,0.01695507446575286,1.000000000000011,0.9598261353065085,0.014460964484025007,0.03583200426597499,False,False,False,False,False,False,False,False,True,False
vqe_6_Mutant_Add_h_P26_Q4_[].qasm,PureState_20,0.013681991841324079,0.23508926355228613,0.01365979618190969,0.19868890951269802,6.993738463636399e-17,0.01694908806987501,1.0000000000000107,0.9715537784150107,0.0018260562577355408,0.00940441249226446,False,False,False,False,False,False,False,False,False,False
vqe_6_Mutant_Add_h_P26_Q4_[].qasm,Quratest_20,0.031202383997388478,0.1069982339499892,0.030291709397032848,0.1029951771068846,1.0429093163068573e-16,0.012535888038301884,1.0000000000000133,0.9665017460665067,0.018693668157403115,0.07875226190740311,False,False,False,False,False,False,False,False,True,True
vqe_6_Mutant_Add_h_P26_Q4_[].qasm,PureState_21,0.007426808453102656,0.2484218632429883,0.007426503302435426,0.20988548916035168,7.091418358936538e-17,0.017710986219867518,1.0000000000000107,0.97092966485039,0.004755721058119743,0.026494278941880257,False,False,False,False,False,False,False,False,False,False
vqe_6_Mutant_Add_h_P26_Q4_[].qasm,Quratest_21,0.030385616529273417,0.11607700752434519,0.029076864224281566,0.10691974855545011,9.975677430813867e-17,0.010550432470459777,1.000000000000011,0.967811903044483,0.008916388956751703,0.028447638956751703,False,False,False,False,False,False,False,False,False,False
vqe_6_Mutant_Add_h_P26_Q4_[].qasm,PureState_22,0.003392293123111245,0.24572283067210826,0.0033922867978613477,0.2068269486596869,9.889535796618286e-17,0.019700322775661867,1.000000000000011,0.9779843740128266,0.008315041098719556,0.031752541098719556,False,False,False,False,False,False,False,False,False,False
vqe_6_Mutant_Add_h_P26_Q4_[].qasm,Quratest_22,0.030248199688116106,0.1121655442511463,0.029692972833817357,0.10911526544850512,6.013933925505532e-17,0.012358987041093172,1.0000000000000129,0.9625239233597175,0.004353407820789246,0.07124793907078925,False,False,False,False,False,False,False,False,False,True
vqe_6_Mutant_Add_h_P26_Q4_[].qasm,PureState_23,0.007889159556442116,0.231910866077561,0.007886380337642326,0.19737099947370723,8.688301139387124e-19,0.017219870832109983,1.0000000000000115,0.9711963584137513,0.015890262797020972,0.0026644247029790277,False,False,False,False,False,False,False,False,True,False
vqe_6_Mutant_Add_h_P26_Q4_[].qasm,Quratest_23,0.03300944170263209,0.12794842187390476,0.03078716396595832,0.11980222512938761,7.319952851053257e-17,0.010303650825149736,1.0000000000000115,0.9742562133511303,0.003946086891788103,0.0697843818582119,False,False,False,False,False,False,False,False,False,True
vqe_6_Mutant_Add_h_P26_Q4_[].qasm,PureState_24,0.004379863870592208,0.22129442389291298,0.004379435756258829,0.18631366873578706,1.5184141161872704e-17,0.019273918138770586,1.0000000000000098,0.9796901133323961,0.012334982717127074,0.17077048603287293,False,False,False,False,False,False,False,False,True,True
vqe_6_Mutant_Add_h_P26_Q4_[].qasm,Quratest_24,0.03394410084969631,0.08698527194713786,0.030854930591200844,0.08553377350207567,7.249585588960106e-17,0.013865830379395089,1.0000000000000093,0.9698372357017288,0.005109380193118601,0.0427070364431186,False,False,False,False,False,False,False,False,False,False
vqe_6_Mutant_Add_h_P26_Q4_[].qasm,PureState_25,0.005172417805568622,0.2533363629420252,0.005172196251820814,0.21370281425673385,1.0475537456683715e-21,0.03238649951930328,1.0000000000000124,0.9650017012941273,0.028550901565635944,0.031507692184364056,False,False,False,False,False,False,False,False,True,False
vqe_6_Mutant_Add_h_P26_Q4_[].qasm,Quratest_25,0.024672376519539047,0.10567193510360876,0.02464291124528782,0.10269001123094382,6.860289246402029e-17,0.025771773481041933,1.0000000000000115,0.9534836102203743,0.00244486475698813,0.05859720850698813,False,False,False,False,False,False,False,False,False,True
vqe_6_Mutant_Add_h_P26_Q4_[].qasm,PureState_26,0.007725035551876419,0.25631996742163055,0.007724748984837525,0.21568233143059573,8.501210951161437e-17,0.030689541487314377,1.0000000000000115,0.9668721018519464,0.0034322729015923703,0.03810024165159237,False,False,False,False,False,False,False,False,False,False
vqe_6_Mutant_Add_h_P26_Q4_[].qasm,Quratest_26,0.029910242535325694,0.11289157077250199,0.02933634605481132,0.1095413880222384,5.510499893304939e-17,0.023878092449506207,1.000000000000011,0.9587002130933542,0.016297960077736873,0.08905186632773687,False,False,False,False,False,False,False,False,True,True
vqe_6_Mutant_Add_h_P26_Q4_[].qasm,PureState_27,0.0008748280090831409,0.2067066888920885,0.0008748278476227718,0.17475522982953126,2.307355223601623e-21,0.020021535220928623,1.000000000000011,0.9784572443388174,0.013240398299943612,0.1347088204500564,False,False,False,False,False,False,False,False,True,True
vqe_6_Mutant_Add_h_P26_Q4_[].qasm,Quratest_27,0.028628673168251427,0.09782357778275622,0.027806891893838715,0.09375803511269992,1.4533984232052363e-16,0.013017064537170749,1.0000000000000115,0.9635233218900879,0.002266328387132227,0.002128202862867773,False,False,False,False,False,False,False,False,False,False
vqe_6_Mutant_Add_h_P26_Q4_[].qasm,PureState_28,0.011495020056766373,0.24018470940014264,0.010805557412619606,0.2041259521978067,1.7491306401221064e-16,0.021184097939070286,1.0000000000000115,0.9729184848102104,0.011941768933099905,0.017355106066900095,False,False,False,False,False,False,False,False,True,False
vqe_6_Mutant_Add_h_P26_Q4_[].qasm,Quratest_28,0.02775896261561216,0.10092172718730198,0.027741153650317818,0.0931763951399975,8.864496254547792e-17,0.00866549250383825,1.000000000000011,0.9688116180062615,0.020242016047910955,0.029074390202089045,False,False,False,False,False,False,False,False,True,False
vqe_6_Mutant_Add_h_P26_Q4_[].qasm,PureState_29,0.01035913883068427,0.19722771043347767,0.01035712006554625,0.16761629628523364,1.6653974589275422e-16,0.020992508993412998,1.0000000000000115,0.9741139293292683,0.03678731843443657,0.05534200593443657,False,False,False,False,False,False,False,False,True,True
vqe_6_Mutant_Add_h_P26_Q4_[].qasm,Quratest_29,0.03191506397996827,0.11712248893957813,0.03157976957403525,0.11001939759451454,1.0571950563578931e-16,0.011002673162459488,1.0000000000000124,0.968298696865233,0.014714140811852447,0.022526640811852447,False,False,False,False,False,False,False,False,True,False
vqe_6_Mutant_Add_h_P26_Q4_[].qasm,PureState_30,0.009743537075423157,0.23503503132378986,0.009707003314538217,0.19958251059083731,1.4423457914007933e-17,0.021052937693920915,1.0000000000000107,0.9730493964504157,0.005636352387666816,0.000711303862333184,False,False,False,False,False,False,False,False,False,False
vqe_6_Mutant_Add_h_P26_Q4_[].qasm,Quratest_30,0.029807821503856927,0.1019982034331926,0.029766392732831215,0.09750518225873431,1.2353172198572574e-16,0.0112346617148015,1.0000000000000115,0.962946695516929,0.0014324014345792405,0.01070974518457924,False,False,False,False,False,False,False,False,False,False
vqe_6_Mutant_Add_h_P26_Q4_[].qasm,PureState_31,0.008577956440724083,0.24783198440777862,0.008574205463094765,0.20957601358142888,4.435983263240805e-19,0.022338187926064026,1.000000000000012,0.9736951790714022,0.002398639316936721,0.005816608066936721,False,False,False,False,False,False,False,False,False,False
vqe_6_Mutant_Add_h_P26_Q4_[].qasm,Quratest_31,0.02698494355508619,0.08064767722783533,0.026961163671059593,0.07906407947644611,6.382562664150604e-17,0.008509486617243486,1.0000000000000115,0.9708842733344015,0.0073900932936386,0.0936841254563614,False,False,False,False,False,False,False,False,False,True
vqe_6_Mutant_Add_ch_P8_Q2_[].qasm,PureState_0,0.010346179775020812,0.2510567588880961,0.009571062571045784,0.2154573383416335,3.409867668085523e-19,0.020532150662893447,1.000000000000011,0.9764464084299682,0.022863314928994627,0.10245315867899463,False,False,False,False,False,False,False,False,True,True
vqe_6_Mutant_Add_ch_P8_Q2_[].qasm,Quratest_0,0.03671518087962936,0.14109635374192975,0.03447265117121747,0.13135373838431957,2.479574603639085e-16,0.016573245685128274,1.0000000000000115,0.9691838984388013,0.002907858240559419,0.02883042300944058,False,False,False,False,False,False,False,False,False,False
vqe_6_Mutant_Add_ch_P8_Q2_[].qasm,PureState_1,0.0,0.29981680493992263,0.0,0.25207899713929954,3.3310963874064797e-16,0.036261538706615616,1.000000000000011,0.9637378851232916,1.993538863986899e-07,0.2856443318961136,False,False,False,False,False,False,False,False,False,True
vqe_6_Mutant_Add_ch_P8_Q2_[].qasm,Quratest_1,0.028655907656032667,0.10362148847673221,0.027509956057707445,0.10089727929017638,1.4120769796646193e-16,0.01984192504581503,1.0000000000000107,0.9547122189108377,0.03574980717969689,0.07823027592969689,False,False,False,False,False,False,False,False,True,True
vqe_6_Mutant_Add_ch_P8_Q2_[].qasm,PureState_2,0.0,0.29687334292940537,0.0,0.2495569710321609,3.331254889714512e-16,0.03485693505148356,1.000000000000011,0.9651424473727411,1.8531608814154055e-07,0.29394512718391186,False,False,False,False,False,False,False,False,False,True
vqe_6_Mutant_Add_ch_P8_Q2_[].qasm,Quratest_2,0.02752935560093202,0.12133904249616173,0.025496026147995884,0.11434408722340555,2.959700406713608e-16,0.0210252386777526,1.0000000000000107,0.953735752532839,0.013764399641357034,0.031645756608642966,False,False,False,False,False,False,False,False,True,False
vqe_6_Mutant_Add_ch_P8_Q2_[].qasm,PureState_3,0.009548066878168083,0.25116786070808367,0.009544359907747524,0.2125699435432447,2.8854080555753976e-17,0.021171201120811743,1.0000000000000115,0.9757884199327546,0.0032589661257649283,0.06949494012423507,False,False,False,False,False,False,False,False,False,True
vqe_6_Mutant_Add_ch_P8_Q2_[].qasm,Quratest_3,0.02748346635804612,0.12304166937662825,0.02657250230830213,0.11502584946696906,1.4929246197310763e-16,0.013113418353671958,1.000000000000012,0.9661601362784631,0.00926835221395439,0.1259675709639544,False,False,False,False,False,False,False,False,False,True
vqe_6_Mutant_Add_ch_P8_Q2_[].qasm,PureState_4,0.0,0.2875185366454842,0.0,0.24155062920633064,2.220991777071133e-16,0.0235062144491571,1.000000000000011,0.9764934802443974,1.988763883575828e-07,0.29199198862361164,False,False,False,False,False,False,False,False,False,True
vqe_6_Mutant_Add_ch_P8_Q2_[].qasm,Quratest_4,0.029604840364052004,0.07240184314598692,0.02959550648984857,0.07106694142980276,2.609268053357927e-16,0.014023047606518858,1.0000000000000115,0.9576782736717068,4.8547264831833026e-05,0.020459265235168167,False,False,False,False,False,False,False,False,False,False
vqe_6_Mutant_Add_ch_P8_Q2_[].qasm,PureState_5,0.004184898517297271,0.22888631781578572,0.0041848807105739835,0.19329224400592107,2.0819997800522127e-16,0.03267075548693671,1.000000000000011,0.9655323542921465,0.013240354043680402,0.1425213647063196,False,False,False,False,False,False,False,False,True,True
vqe_6_Mutant_Add_ch_P8_Q2_[].qasm,Quratest_5,0.028776735538693872,0.07477843686631847,0.027943902768353478,0.07406214675989672,2.7286658176028933e-16,0.01256444445700725,1.0000000000000107,0.956554322682418,0.029985590223591048,0.04414574647359105,False,False,False,False,False,False,False,False,True,False
vqe_6_Mutant_Add_ch_P8_Q2_[].qasm,PureState_6,0.01136463528672964,0.24052021407707552,0.011364317951132127,0.20259585875990194,4.346596128343331e-16,0.01850516472154551,1.000000000000011,0.9694924476307732,0.008035540311348306,0.0007113215613483055,False,False,False,False,False,False,False,False,False,False
vqe_6_Mutant_Add_ch_P8_Q2_[].qasm,Quratest_6,0.02813708671649427,0.15689467107026883,0.025254131539309454,0.14506056187912028,1.97064523012622e-16,0.026449515151394203,1.000000000000011,0.9589409719050955,0.012425972200174884,0.047582222200174884,False,False,False,False,False,False,False,False,True,False
vqe_6_Mutant_Add_ch_P8_Q2_[].qasm,PureState_7,0.0023013720735643515,0.22272890059292852,0.0023013700810642712,0.18692195694635463,2.0133346722885976e-16,0.019078958489337862,1.000000000000011,0.9711565874363747,0.004921639146742332,0.03177710789674233,False,False,False,False,False,False,False,False,False,False
vqe_6_Mutant_Add_ch_P8_Q2_[].qasm,Quratest_7,0.02390905778100288,0.17155334874731293,0.023223221295446385,0.15303056332882697,1.7055993422256985e-16,0.015091168445768955,1.0000000000000115,0.9712806956941974,0.025292895921867398,0.0411133540781326,False,False,False,False,False,False,False,False,True,False
vqe_6_Mutant_Add_ch_P8_Q2_[].qasm,PureState_8,0.01045815804935952,0.2599843938590878,0.010456631833499618,0.21934118101873964,3.443818703658561e-16,0.03222037677357702,1.0000000000000107,0.9647437917363845,0.0016238327753108073,0.06900664527531081,False,False,False,False,False,False,False,False,False,True
vqe_6_Mutant_Add_ch_P8_Q2_[].qasm,Quratest_8,0.024054513423526935,0.13033731263083206,0.023707674884920635,0.12404252057244546,2.2880731597590964e-16,0.01749761696995275,1.000000000000011,0.9542110962865749,0.0019076363125808682,0.04301423868741913,False,False,False,False,False,False,False,False,False,False
vqe_6_Mutant_Add_ch_P8_Q2_[].qasm,PureState_9,0.0070102511743740875,0.20427633090374525,0.007009044513212361,0.17402592228094155,3.869123179346251e-16,0.0233469779967286,1.0000000000000089,0.9717004347270184,0.03678731413215557,0.04215840788215557,False,False,False,False,False,False,False,False,True,False
vqe_6_Mutant_Add_ch_P8_Q2_[].qasm,Quratest_9,0.02554477367087896,0.1390211071522444,0.02429686135772111,0.12351024064832866,1.825044989500633e-16,0.01898203682825011,1.000000000000012,0.9560157546666043,0.00019193322626903653,0.062308066773730963,False,False,False,False,False,False,False,False,False,True
vqe_6_Mutant_Add_ch_P8_Q2_[].qasm,PureState_10,0.008276949029732418,0.24540266741842315,0.008276321868773298,0.20684158627071308,4.004563281957969e-16,0.02241658969918545,1.0000000000000107,0.9714397402730798,0.015986191125957023,0.014775527624042977,False,False,False,False,False,False,False,False,True,False
vqe_6_Mutant_Add_ch_P8_Q2_[].qasm,Quratest_10,0.030604434722283573,0.08929220409091705,0.03038605019743274,0.08727889301897948,2.4408186111374644e-16,0.010965743588077968,1.000000000000011,0.9676820380382235,0.015478447399372375,0.08608405260062763,False,False,False,False,False,False,False,False,True,True
vqe_6_Mutant_Add_ch_P8_Q2_[].qasm,PureState_11,0.013160614545517804,0.2362955972662404,0.013107125206635158,0.19993856362002832,3.734965544982392e-16,0.0190317093594716,1.000000000000011,0.9688475537303519,0.020146603697443886,0.005244021302556114,False,False,False,False,False,False,False,False,True,False
vqe_6_Mutant_Add_ch_P8_Q2_[].qasm,Quratest_11,0.02478244684597433,0.19356180872501744,0.023774491428835833,0.16748817800338095,3.8370184586500725e-16,0.017640652196739336,1.000000000000011,0.9597515798244117,0.0016266410811671544,0.032553046418832846,False,False,False,False,False,False,False,False,False,False
vqe_6_Mutant_Add_ch_P8_Q2_[].qasm,PureState_12,0.007229074211792209,0.24818280726674521,0.007228986494959126,0.20911753146823328,2.0646696715007714e-16,0.01906899277420103,1.000000000000011,0.9781417401856696,0.00343227251334155,0.03761196001334155,False,False,False,False,False,False,False,False,False,False
vqe_6_Mutant_Add_ch_P8_Q2_[].qasm,Quratest_12,0.026694120559087202,0.11008944225377222,0.026653952546289147,0.10673834142946577,3.179626158721083e-16,0.014722380450673832,1.0000000000000107,0.9628288607291343,0.009071688705426517,0.14522518629457348,False,False,False,False,False,False,False,False,False,True
vqe_6_Mutant_Add_ch_P8_Q2_[].qasm,PureState_13,0.004012134155756799,0.24309815951020586,0.004011818301539071,0.20482283022902964,2.541719589354801e-16,0.019995751890241407,1.000000000000011,0.977080624136601,0.030042805648908155,0.08033577439890816,False,False,False,False,False,False,False,False,True,True
vqe_6_Mutant_Add_ch_P8_Q2_[].qasm,Quratest_13,0.02856378218383326,0.1244923729027123,0.028532484809558487,0.11978267439969592,2.6344079912324347e-16,0.022455494544557465,1.000000000000011,0.9562754450712019,0.0038297033493064347,0.11824060915069357,False,False,False,False,False,False,False,False,False,True
vqe_6_Mutant_Add_ch_P8_Q2_[].qasm,PureState_14,0.012615670355220836,0.24669975847686068,0.012615149348252055,0.20783691410018537,3.9429918360623155e-16,0.02246196420550956,1.0000000000000115,0.9712115528964831,0.011983991328152754,0.008523821171847246,False,False,False,False,False,False,False,False,True,False
vqe_6_Mutant_Add_ch_P8_Q2_[].qasm,Quratest_14,0.029930958116557237,0.16042289763120907,0.028584596704636638,0.15197022364943902,1.0312275969173237e-16,0.021806979899848394,1.0000000000000107,0.9572421176749175,0.007717113298357892,0.1839866445483579,False,False,False,False,False,False,False,False,False,True
vqe_6_Mutant_Add_ch_P8_Q2_[].qasm,PureState_15,0.005441164898452233,0.22669165679262845,0.0054377439600925455,0.19298622770650617,2.857633624392841e-17,0.017952272835807956,1.000000000000012,0.9699865401753581,0.006124633160333032,0.020773070660333032,False,False,False,False,False,False,False,False,False,False
vqe_6_Mutant_Add_ch_P8_Q2_[].qasm,Quratest_15,0.034996459313640066,0.15449468855317602,0.0331899714250554,0.14220651834062079,1.4425489899420928e-16,0.027422991629815603,1.000000000000011,0.9567164634380687,0.011988504194499372,0.11789430830550063,False,False,False,False,False,False,False,False,True,True
vqe_6_Mutant_Add_ch_P8_Q2_[].qasm,PureState_16,0.011428753016082897,0.25330814221728776,0.011419556372374257,0.21474250246696341,1.3407422401838901e-18,0.020543688111516953,1.0000000000000115,0.9698073061361518,0.013226361319912935,0.006793169930087065,False,False,False,False,False,False,False,False,True,False
vqe_6_Mutant_Add_ch_P8_Q2_[].qasm,Quratest_16,0.030442807629419186,0.09617258057787068,0.028844387961468685,0.09198362362152573,1.8966761754918293e-16,0.011018015525440473,1.0000000000000115,0.9651209159697255,0.018066999158001446,0.021483782091998554,False,False,False,False,False,False,False,False,True,False
vqe_6_Mutant_Add_ch_P8_Q2_[].qasm,PureState_17,0.0,0.28456770991972585,0.0,0.23902797328004283,4.44172264460612e-16,0.02208301883090474,1.000000000000012,0.9779166075631566,1.8579640004290354e-07,0.29736309545359996,False,False,False,False,False,False,False,False,False,True
vqe_6_Mutant_Add_ch_P8_Q2_[].qasm,Quratest_17,0.035474197585562174,0.12562670378215376,0.03319296154507291,0.1189763100911317,2.454413489940896e-16,0.013606532391626453,1.0000000000000115,0.9675925537156062,0.004743798440353553,0.11195542030964645,False,False,False,False,False,False,False,False,False,True
vqe_6_Mutant_Add_ch_P8_Q2_[].qasm,PureState_18,0.0074770102670848534,0.22894288781609987,0.007475849475207739,0.19312206870252335,2.5506623572237113e-16,0.034045769197335325,1.000000000000011,0.9641272254096489,0.013240397819089145,0.13617366468091086,False,False,False,False,False,False,False,False,True,True
vqe_6_Mutant_Add_ch_P8_Q2_[].qasm,Quratest_18,0.027551815576101455,0.15537907130619902,0.027252639683479064,0.1337752059419291,2.0402161323564417e-16,0.012476669104850147,1.0000000000000115,0.9617902734335049,0.0016389957736544364,0.006521808273654436,False,False,False,False,False,False,False,False,False,False
vqe_6_Mutant_Add_ch_P8_Q2_[].qasm,PureState_19,0.011242564934120545,0.2642222354906345,0.010536998986299949,0.22875011843710832,3.6155770831245023e-16,0.024646335536991252,1.000000000000011,0.9718069937956411,0.006665776434395407,0.019361088934395407,False,False,False,False,False,False,False,False,False,False
vqe_6_Mutant_Add_ch_P8_Q2_[].qasm,Quratest_19,0.030978840994509853,0.1086250814502662,0.02937153979543585,0.1059856759178873,2.6274332043073876e-16,0.017746082561885323,1.0000000000000107,0.9582123581066861,0.014460964484025007,0.03778512926597499,False,False,False,False,False,False,False,False,True,False
vqe_6_Mutant_Add_ch_P8_Q2_[].qasm,PureState_20,0.012035811653017156,0.230924609632323,0.012029871412231283,0.19470446007752842,2.658334180943077e-16,0.017802773411414223,1.0000000000000115,0.9702125262379968,0.0018260562577355408,0.01184581874226446,False,False,False,False,False,False,False,False,False,False
vqe_6_Mutant_Add_ch_P8_Q2_[].qasm,Quratest_20,0.02748469178730799,0.1059250469041964,0.026615182581584972,0.10186191384107503,2.113855423167832e-16,0.013081684768503564,1.000000000000012,0.9644955507335097,0.018693668157403115,0.07728741815740311,False,False,False,False,False,False,False,False,True,True
vqe_6_Mutant_Add_ch_P8_Q2_[].qasm,PureState_21,0.013645906597351246,0.2469235205886171,0.0136425390557862,0.20823260160285473,7.289972053313412e-17,0.018828792328889087,1.0000000000000107,0.9691991707144082,0.004755721058119743,0.030888810191880257,False,False,False,False,False,False,False,False,False,False
vqe_6_Mutant_Add_ch_P8_Q2_[].qasm,Quratest_21,0.02924632601866725,0.11837082644667168,0.028934686993525374,0.1093407391909159,2.2905808754007943e-16,0.011075715923713671,1.000000000000011,0.9660374964530498,0.008916388956751703,0.026006232706751703,False,False,False,False,False,False,False,False,False,False
vqe_6_Mutant_Add_ch_P8_Q2_[].qasm,PureState_22,0.004659630631133007,0.2475282515318259,0.004659615129609623,0.20827120022617754,2.9234084019062556e-16,0.020643753393486335,1.000000000000011,0.9764164222213081,0.008315041098719556,0.030287697348719556,False,False,False,False,False,False,False,False,False,False
vqe_6_Mutant_Add_ch_P8_Q2_[].qasm,Quratest_22,0.02917723579286768,0.11492454473326355,0.028876677668724805,0.11094617213653732,2.5942247482146907e-16,0.01323725366275963,1.0000000000000124,0.9607228842478546,0.004353407820789246,0.07027137657078925,False,False,False,False,False,False,False,False,False,True
vqe_6_Mutant_Add_ch_P8_Q2_[].qasm,PureState_23,0.015086670990837391,0.23679561157337511,0.014510972965760854,0.20128992724219924,5.61022146524153e-17,0.018334914175268967,1.0000000000000107,0.9694653913721691,0.015890262797020972,0.0021761434529790277,False,False,False,False,False,False,False,False,True,False
vqe_6_Mutant_Add_ch_P8_Q2_[].qasm,Quratest_23,0.026042705754876383,0.12694708385546502,0.024995036535851445,0.1192945334438293,2.1588265199199309e-16,0.010758839025295334,1.0000000000000115,0.9731136153073824,0.003946086891788103,0.0678312568582119,False,False,False,False,False,False,False,False,False,True
vqe_6_Mutant_Add_ch_P8_Q2_[].qasm,PureState_24,0.004316500551943696,0.22532133682509342,0.004315824883502043,0.1895116384620186,9.852502159582166e-17,0.020792755323379337,1.0000000000000098,0.9781628792283097,0.012334982717127074,0.17223532978287293,False,False,False,False,False,False,False,False,True,True
vqe_6_Mutant_Add_ch_P8_Q2_[].qasm,Quratest_24,0.03180916598865248,0.09669528388315356,0.030025373452526215,0.09459068895238265,2.262844283425127e-16,0.014250554458521282,1.0000000000000084,0.9682598501484185,0.005109380193118601,0.0422187551931186,False,False,False,False,False,False,False,False,False,False
vqe_6_Mutant_Add_ch_P8_Q2_[].qasm,PureState_25,0.006380713198345546,0.2561034928134287,0.00637928704525607,0.2155648304784566,1.3349202375928091e-20,0.03331315199179615,1.0000000000000124,0.9634540217739994,0.028550901565635944,0.031019410934364056,False,False,False,False,False,False,False,False,True,False
vqe_6_Mutant_Add_ch_P8_Q2_[].qasm,Quratest_25,0.02763550656593239,0.10060374446497965,0.0269676038352121,0.0975759328641262,3.696892238950339e-16,0.026507696475655918,1.000000000000011,0.9517261103267242,0.00244486475698813,0.05957377100698813,False,False,False,False,False,False,False,False,False,True
vqe_6_Mutant_Add_ch_P8_Q2_[].qasm,PureState_26,0.004574229603637395,0.26072808536495207,0.004574189731570925,0.21940404781142012,2.0821689201622324e-16,0.0317137761224045,1.000000000000011,0.9653646388128189,0.0034322729015923703,0.04347133540159237,False,False,False,False,False,False,False,False,False,False
vqe_6_Mutant_Add_ch_P8_Q2_[].qasm,Quratest_26,0.03576104534847188,0.13116172540129012,0.034401301102329994,0.12629003105594477,1.7310981749625587e-16,0.02419071007101749,1.0000000000000107,0.9571198684195321,0.016297960077736873,0.08758702257773687,False,False,False,False,False,False,False,False,True,True
vqe_6_Mutant_Add_ch_P8_Q2_[].qasm,PureState_27,0.004242041901794271,0.21723719675725356,0.004241942021078741,0.1831210508538517,2.272894880545667e-16,0.02155695352583854,1.000000000000011,0.9768879735553367,0.013240398299943612,0.1351971017000564,False,False,False,False,False,False,False,False,True,True
vqe_6_Mutant_Add_ch_P8_Q2_[].qasm,Quratest_27,0.027258846686306897,0.09921057821003995,0.027249314360305005,0.09465219815075923,3.968442531510595e-16,0.013717798948692142,1.000000000000011,0.961789832819194,0.002266328387132227,0.002128202862867773,False,False,False,False,False,False,False,False,False,False
vqe_6_Mutant_Add_ch_P8_Q2_[].qasm,PureState_28,0.011256444822253535,0.23742094804792313,0.01054309010682567,0.20194792190925467,1.0532848338199336e-16,0.0222945724310281,1.0000000000000115,0.9711844480568128,0.011941768933099905,0.018331668566900095,False,False,False,False,False,False,False,False,True,False
vqe_6_Mutant_Add_ch_P8_Q2_[].qasm,Quratest_28,0.03300689185000289,0.11321140905700136,0.0324780892510389,0.10421847339229252,2.429036382841157e-16,0.009254073647423401,1.000000000000011,0.9671236061553323,0.020242016047910955,0.029074390202089045,False,False,False,False,False,False,False,False,True,False
vqe_6_Mutant_Add_ch_P8_Q2_[].qasm,PureState_29,0.007860566973795776,0.19729968126685068,0.007859697706557853,0.1679815399294666,3.858259441294497e-16,0.022304593748446365,1.000000000000011,0.972768521758077,0.03678731843443657,0.05583028718443657,False,False,False,False,False,False,False,False,True,True
vqe_6_Mutant_Add_ch_P8_Q2_[].qasm,Quratest_29,0.027431782765529458,0.1136629526380905,0.025985196466906238,0.10599900757235967,2.619169339115738e-16,0.011716379007946025,1.000000000000012,0.9666354137960895,0.014714140811852447,0.021061797061852447,False,False,False,False,False,False,False,False,True,False
vqe_6_Mutant_Add_ch_P8_Q2_[].qasm,PureState_30,0.012336049091510773,0.2455254217883488,0.012330684076203155,0.20895417512949363,8.314656459298818e-17,0.021913514914581135,1.0000000000000107,0.9717064968534053,0.005636352387666816,0.00022302261233318396,False,False,False,False,False,False,False,False,False,False
vqe_6_Mutant_Add_ch_P8_Q2_[].qasm,Quratest_30,0.028784072948341267,0.10415096006470306,0.028757477960892577,0.09963295958327567,2.6187761718987853e-16,0.011648152787980901,1.000000000000011,0.9618067255735977,0.0014324014345792405,0.01070974518457924,False,False,False,False,False,False,False,False,False,False
vqe_6_Mutant_Add_ch_P8_Q2_[].qasm,PureState_31,0.009331905386027042,0.261289328671013,0.00932641115467188,0.2216400028866745,1.4322102343786275e-16,0.023656947995447927,1.0000000000000129,0.9723510848004375,0.002398639316936721,0.006304889316936721,False,False,False,False,False,False,False,False,False,False
vqe_6_Mutant_Add_ch_P8_Q2_[].qasm,Quratest_31,0.030449247466570736,0.08531620791869458,0.030167403073371617,0.08343211090934219,1.5575241834112075e-16,0.00894239975485206,1.0000000000000115,0.9690315321666197,0.0073900932936386,0.0956372504563614,False,False,False,False,False,False,False,False,False,True
vqe_6_Mutant_Add_cx_P18_Q3_[].qasm,PureState_0,0.00845317132066304,0.24622317777927322,0.007490805873473698,0.21124421216927536,0.0,0.020003869757010642,1.000000000000011,0.9773760395126093,0.022863314928994627,0.10635940867899463,False,False,False,False,False,False,False,False,True,True
vqe_6_Mutant_Add_cx_P18_Q3_[].qasm,Quratest_0,0.029338688194599526,0.136407763769073,0.02789484324525572,0.12660868934586728,0.0,0.016316165336166116,1.000000000000011,0.9701670425640344,0.002907858240559419,0.03224839175944058,False,False,False,False,False,False,False,False,False,False
vqe_6_Mutant_Add_cx_P18_Q3_[].qasm,PureState_1,0.0,0.2939061471262545,0.0,0.24701600114228048,0.0,0.03534387298512615,1.0000000000000102,0.9646554605204388,1.993538863986899e-07,0.2885740193961136,False,False,False,False,False,False,False,False,False,True
vqe_6_Mutant_Add_cx_P18_Q3_[].qasm,Quratest_1,0.027962430188797033,0.10135181203705594,0.026536399250181482,0.09898543332520637,0.0,0.01950596417273963,1.0000000000000107,0.9556691400902044,0.03574980717969689,0.07823027592969689,False,False,False,False,False,False,False,False,True,True
vqe_6_Mutant_Add_cx_P18_Q3_[].qasm,PureState_2,0.0,0.2939992386988446,0.0,0.24709569936951933,0.0,0.034153626441035756,1.000000000000011,0.9658458905392876,1.8531608814154055e-07,0.29589825218391186,False,False,False,False,False,False,False,False,False,True
vqe_6_Mutant_Add_cx_P18_Q3_[].qasm,Quratest_2,0.02751342121887324,0.1135901907768517,0.02605218103169607,0.10649834501914449,0.0,0.020782136843438867,1.0000000000000102,0.9547899664779765,0.013764399641357034,0.032134037858642966,False,False,False,False,False,False,False,False,True,False
vqe_6_Mutant_Add_cx_P18_Q3_[].qasm,PureState_3,0.010958187990056314,0.2532741708743602,0.010952694119479009,0.213931191050802,0.0,0.02064576985969984,1.000000000000011,0.9767167499612487,0.0032589661257649283,0.06949494012423507,False,False,False,False,False,False,False,False,False,True
vqe_6_Mutant_Add_cx_P18_Q3_[].qasm,Quratest_3,0.030511683741642075,0.1210219852809204,0.029189067969758824,0.11388869756953503,0.0,0.012965707326505297,1.0000000000000115,0.9669584659013434,0.00926835221395439,0.12499100846395439,False,False,False,False,False,False,False,False,False,True
vqe_6_Mutant_Add_cx_P18_Q3_[].qasm,PureState_4,0.0,0.2872340613521877,0.0,0.24130737354832388,0.0,0.022576663376701306,1.0000000000000115,0.9774229400491815,1.988763883575828e-07,0.28808573862361164,False,False,False,False,False,False,False,False,False,True
vqe_6_Mutant_Add_cx_P18_Q3_[].qasm,Quratest_4,0.026400278908167454,0.07090163131515687,0.026381626179881684,0.06920909546643532,0.0,0.013899118618356982,1.000000000000012,0.9586817589146335,4.8547264831833026e-05,0.020947546485168167,False,False,False,False,False,False,False,False,False,False
vqe_6_Mutant_Add_cx_P18_Q3_[].qasm,PureState_5,0.0012019353029045989,0.23202605378388297,0.001201929475241797,0.19582771256041437,0.0,0.03198244163863025,1.000000000000011,0.9662360816515004,0.013240354043680402,0.1425213647063196,False,False,False,False,False,False,False,False,True,True
vqe_6_Mutant_Add_cx_P18_Q3_[].qasm,Quratest_5,0.026727367743387655,0.06478860568085941,0.026691654706831863,0.06431417767816824,0.0,0.012207168738322532,1.0000000000000098,0.9574242870196321,0.029985590223591048,0.04463402772359105,False,False,False,False,False,False,False,False,True,False
vqe_6_Mutant_Add_cx_P18_Q3_[].qasm,PureState_6,0.010605469259846269,0.2437860855953508,0.010605176362154753,0.20534556530327713,0.0,0.017977345489381617,1.0000000000000107,0.9704150885136628,0.008035540311348306,0.0026644465613483055,False,False,False,False,False,False,False,False,False,False
vqe_6_Mutant_Add_cx_P18_Q3_[].qasm,Quratest_6,0.028016989663770385,0.15877063589905144,0.025700180557234217,0.14788672449373233,0.0,0.025724946691572187,1.0000000000000129,0.95955915471393,0.012425972200174884,0.049535347200174884,False,False,False,False,False,False,False,False,True,False
vqe_6_Mutant_Add_cx_P18_Q3_[].qasm,PureState_7,0.006482457019034571,0.22256003161141935,0.0064824068004202375,0.18725268092411254,0.0,0.018364142527518026,1.0000000000000102,0.9718640405952818,0.004921639146742332,0.03275367039674233,False,False,False,False,False,False,False,False,False,False
vqe_6_Mutant_Add_cx_P18_Q3_[].qasm,Quratest_7,0.0291299213073657,0.1799011001528329,0.027115357893562175,0.16097371005485728,0.0,0.0144534083915575,1.000000000000011,0.9724849442129666,0.025292895921867398,0.0445313228281326,False,False,False,False,False,False,False,False,True,False
vqe_6_Mutant_Add_cx_P18_Q3_[].qasm,PureState_8,0.004765678454295604,0.2534972428747611,0.00476506272966538,0.21418623801113296,0.0,0.03177695904340973,1.000000000000011,0.9654465891350419,0.0016238327753108073,0.06656523902531081,False,False,False,False,False,False,False,False,False,True
vqe_6_Mutant_Add_cx_P18_Q3_[].qasm,Quratest_8,0.029843401215381243,0.12901964376339284,0.02893816854191888,0.12257054352049168,0.0,0.017090943078733746,1.000000000000011,0.9553130407036774,0.0019076363125808682,0.04301423868741913,False,False,False,False,False,False,False,False,False,False
vqe_6_Mutant_Add_cx_P18_Q3_[].qasm,PureState_9,0.005706271414150506,0.20309804462200398,0.005704357882278932,0.17275894176888817,0.0,0.022443097238343562,1.0000000000000089,0.9726253253018761,0.03678731413215557,0.04118184538215557,False,False,False,False,False,False,False,False,True,False
vqe_6_Mutant_Add_cx_P18_Q3_[].qasm,Quratest_9,0.026461374587805547,0.13641944433479652,0.025811963246353046,0.12129043953749682,0.0,0.019033487157934882,1.000000000000012,0.9570391421305816,0.00019193322626903653,0.060843223023730963,False,False,False,False,False,False,False,False,False,True
vqe_6_Mutant_Add_cx_P18_Q3_[].qasm,PureState_10,0.011205917593948305,0.24673159363017674,0.011205275497846846,0.20787309447207142,0.0,0.021968489328511906,1.000000000000011,0.9721469609744532,0.015986191125957023,0.013310683874042977,False,False,False,False,False,False,False,False,True,False
vqe_6_Mutant_Add_cx_P18_Q3_[].qasm,Quratest_10,0.025866358159511507,0.09296232851315399,0.02553260414280658,0.09072503321090805,0.0,0.010698190272624638,1.000000000000011,0.9685673692017768,0.015478447399372375,0.08803717760062763,False,False,False,False,False,False,False,False,True,True
vqe_6_Mutant_Add_cx_P18_Q3_[].qasm,PureState_11,0.007275891852068631,0.2368594784468657,0.007275158490100996,0.19999227488188961,0.0,0.018501842829150347,1.0000000000000115,0.9697695868559428,0.020146603697443886,0.007197146302556114,False,False,False,False,False,False,False,False,True,False
vqe_6_Mutant_Add_cx_P18_Q3_[].qasm,Quratest_11,0.023740090617953184,0.19564628538579176,0.02270085689151532,0.16869106480943422,0.0,0.01706366710702843,1.000000000000011,0.9608170392612548,0.0016266410811671544,0.034506171418832846,False,False,False,False,False,False,False,False,False,False
vqe_6_Mutant_Add_cx_P18_Q3_[].qasm,PureState_12,0.003398332232661502,0.249563867928279,0.003398264713043233,0.2101047345545039,0.0,0.01862056331483753,1.0000000000000124,0.9788540472813947,0.00343227251334155,0.03663539751334155,False,False,False,False,False,False,False,False,False,False
vqe_6_Mutant_Add_cx_P18_Q3_[].qasm,Quratest_12,0.029354658587877454,0.11392809549279938,0.028503558417908102,0.11011308129901504,0.0,0.014350117764209969,1.000000000000011,0.9639916596634633,0.009071688705426517,0.14717831129457348,False,False,False,False,False,False,False,False,False,True
vqe_6_Mutant_Add_cx_P18_Q3_[].qasm,PureState_13,0.006221814479458415,0.24252230840680347,0.006221251502131256,0.20435871441181355,0.0,0.019547543673316674,1.000000000000011,0.9777919344162582,0.030042805648908155,0.07838264939890816,False,False,False,False,False,False,False,False,True,True
vqe_6_Mutant_Add_cx_P18_Q3_[].qasm,Quratest_13,0.03064271720266036,0.11534292298608875,0.02984763119728285,0.11122325305085316,0.0,0.02210552680386504,1.000000000000012,0.9573867072942702,0.0038297033493064347,0.11775232790069357,False,False,False,False,False,False,False,False,False,True
vqe_6_Mutant_Add_cx_P18_Q3_[].qasm,PureState_14,0.0085905619201139,0.24356584880117932,0.008590044913463405,0.20516027945220994,0.0,0.021935428824418013,1.000000000000011,0.9721355790647064,0.011983991328152754,0.008523821171847246,False,False,False,False,False,False,False,False,True,False
vqe_6_Mutant_Add_cx_P18_Q3_[].qasm,Quratest_14,0.02518812169865064,0.1616532010314789,0.024182287510761177,0.1528495717387629,0.0,0.02106605550451395,1.0000000000000102,0.9580457727823287,0.007717113298357892,0.1815452382983579,False,False,False,False,False,False,False,False,False,True
vqe_6_Mutant_Add_cx_P18_Q3_[].qasm,PureState_15,0.018089167627012757,0.2360616019360152,0.017502938465329985,0.20064344435850953,0.0,0.017501835556670925,1.0000000000000115,0.9706929418122361,0.006124633160333032,0.021261351910333032,False,False,False,False,False,False,False,False,False,False
vqe_6_Mutant_Add_cx_P18_Q3_[].qasm,Quratest_15,0.028959120260416978,0.1595540619232218,0.027781576911700197,0.14652439994091274,0.0,0.02725518014047113,1.0000000000000133,0.9573300367484168,0.011988504194499372,0.12180055830550063,False,False,False,False,False,False,False,False,True,True
vqe_6_Mutant_Add_cx_P18_Q3_[].qasm,PureState_16,0.005276365004882087,0.2598609052218335,0.005275598498752923,0.22012085559923705,0.0,0.019631630822677597,1.000000000000011,0.9707312085375653,0.013226361319912935,0.0019103574300870646,False,False,False,False,False,False,False,False,True,False
vqe_6_Mutant_Add_cx_P18_Q3_[].qasm,Quratest_16,0.03171117514592237,0.1011906924400502,0.030798104951750047,0.09704681936106592,0.0,0.010548155322531217,1.000000000000011,0.9662279157935664,0.018066999158001446,0.019042375841998554,False,False,False,False,False,False,False,False,True,False
vqe_6_Mutant_Add_cx_P18_Q3_[].qasm,PureState_17,0.0,0.2821695303232251,0.0,0.23697875486177924,0.0,0.021370662533660365,1.000000000000012,0.9786291004170046,1.8579640004290354e-07,0.29443340795359996,False,False,False,False,False,False,False,False,False,True
vqe_6_Mutant_Add_cx_P18_Q3_[].qasm,Quratest_17,0.025132171663320175,0.12157475410472078,0.023850095453660354,0.11506077838684259,0.0,0.013135337625186774,1.0000000000000115,0.9691327086447394,0.004743798440353553,0.11049057655964645,False,False,False,False,False,False,False,False,False,True
vqe_6_Mutant_Add_cx_P18_Q3_[].qasm,PureState_18,0.007844269900076256,0.23060204513110633,0.007844024532786903,0.1948446995207426,0.0,0.03314761104954439,1.0000000000000115,0.9650451715502829,0.013240397819089145,0.13666194593091086,False,False,False,False,False,False,False,False,True,True
vqe_6_Mutant_Add_cx_P18_Q3_[].qasm,Quratest_18,0.023004198220697342,0.15308018720347713,0.022889983209517645,0.13195555411940138,0.0,0.012288655407836864,1.0000000000000115,0.9631177280629039,0.0016389957736544364,0.008474933273654436,False,False,False,False,False,False,False,False,False,False
vqe_6_Mutant_Add_cx_P18_Q3_[].qasm,PureState_19,0.011218069430413737,0.26231300154208187,0.009754510206940308,0.2269152824717187,0.0,0.02372204023651489,1.000000000000012,0.9727319859422534,0.006665776434395407,0.021314213934395407,False,False,False,False,False,False,False,False,False,False
vqe_6_Mutant_Add_cx_P18_Q3_[].qasm,Quratest_19,0.026006813117147823,0.11806058800833591,0.025601240138286047,0.11490964711931913,0.0,0.017252641637286032,1.0000000000000102,0.9591679340288767,0.014460964484025007,0.03632028551597499,False,False,False,False,False,False,False,False,True,False
vqe_6_Mutant_Add_cx_P18_Q3_[].qasm,PureState_20,0.007248516545323078,0.23518567364895343,0.0072476420966081775,0.19912740232259568,0.0,0.017353494841233812,1.000000000000012,0.9709192529289571,0.0018260562577355408,0.00989269374226446,False,False,False,False,False,False,False,False,False,False
vqe_6_Mutant_Add_cx_P18_Q3_[].qasm,Quratest_20,0.031439340538774285,0.110114944784947,0.02962667154658364,0.10603941784327899,0.0,0.012753744900676248,1.0000000000000124,0.9659527165542626,0.018693668157403115,0.07924054315740311,False,False,False,False,False,False,False,False,True,True
vqe_6_Mutant_Add_cx_P18_Q3_[].qasm,PureState_21,0.00791541050152511,0.23999867702983824,0.007914748832475733,0.20207786754659915,0.0,0.018298876506192142,1.0000000000000107,0.9701221194880792,0.004755721058119743,0.027959122691880257,False,False,False,False,False,False,False,False,False,False
vqe_6_Mutant_Add_cx_P18_Q3_[].qasm,Quratest_21,0.03190411831213771,0.11783735199803326,0.030123821889080048,0.10958890318258335,0.0,0.010834952785983726,1.000000000000011,0.9671700312006318,0.008916388956751703,0.027959357706751703,False,False,False,False,False,False,False,False,False,False
vqe_6_Mutant_Add_cx_P18_Q3_[].qasm,PureState_22,0.005218879037330704,0.2479856025419341,0.005218815355520919,0.2088141567363234,0.0,0.02011545556415731,1.000000000000011,0.9773453530054115,0.008315041098719556,0.032729103598719556,False,False,False,False,False,False,False,False,False,False
vqe_6_Mutant_Add_cx_P18_Q3_[].qasm,Quratest_22,0.029995707827361114,0.10603535772507591,0.029960518812819595,0.10222238096044263,0.0,0.012824902488264792,1.0000000000000133,0.9618334580289738,0.004353407820789246,0.07027137657078925,False,False,False,False,False,False,False,False,False,True
vqe_6_Mutant_Add_cx_P18_Q3_[].qasm,PureState_23,0.013126285261801584,0.23516584593399714,0.013097241383466813,0.1997095584457828,0.0,0.01780670080775556,1.000000000000011,0.970388590412285,0.015890262797020972,0.00022301845297902773,False,False,False,False,False,False,False,False,True,False
vqe_6_Mutant_Add_cx_P18_Q3_[].qasm,Quratest_23,0.03550223360276183,0.12392006782634707,0.032701714284249915,0.11614473244995223,0.0,0.010521372599896954,1.0000000000000107,0.9738710610043331,0.003946086891788103,0.0692961006082119,False,False,False,False,False,False,False,False,False,True
vqe_6_Mutant_Add_cx_P18_Q3_[].qasm,PureState_24,0.004622112969121475,0.23306684851329174,0.004621135925766811,0.19657747611156362,0.0,0.02008450882881378,1.0000000000000093,0.9788751577023441,0.012334982717127074,0.17174704853287293,False,False,False,False,False,False,False,False,True,True
vqe_6_Mutant_Add_cx_P18_Q3_[].qasm,Quratest_24,0.027407703373660816,0.09456951985858386,0.025337379101358474,0.0924942185157714,0.0,0.014233285330477893,1.0000000000000089,0.9691308316709797,0.005109380193118601,0.0427070364431186,False,False,False,False,False,False,False,False,False,False
vqe_6_Mutant_Add_cx_P18_Q3_[].qasm,PureState_25,0.005407589431567431,0.24936173962568467,0.005407482230899783,0.2103252655117594,0.0,0.032793732201176685,1.000000000000012,0.9643715337922381,0.028550901565635944,0.031019410934364056,False,False,False,False,False,False,False,False,True,False
vqe_6_Mutant_Add_cx_P18_Q3_[].qasm,Quratest_25,0.032367103804282274,0.10493576269471448,0.03184607063948609,0.10159478117776237,0.0,0.026120932416489412,1.000000000000011,0.9528205459548853,0.00244486475698813,0.06103861475698813,False,False,False,False,False,False,False,False,False,True
vqe_6_Mutant_Add_cx_P18_Q3_[].qasm,PureState_26,0.003485306147601708,0.2573564105840361,0.00348508103969333,0.2165916820683587,0.0,0.03127094931374584,1.000000000000011,0.9660678987793618,0.0034322729015923703,0.04298305415159237,False,False,False,False,False,False,False,False,False,False
vqe_6_Mutant_Add_cx_P18_Q3_[].qasm,Quratest_26,0.029594685330077298,0.12636221889271296,0.028762254469800887,0.1221600885589039,0.0,0.024107426355226426,1.000000000000011,0.9580217653403432,0.016297960077736873,0.09002842882773687,False,False,False,False,False,False,False,False,True,True
vqe_6_Mutant_Add_cx_P18_Q3_[].qasm,PureState_27,0.008243699203029742,0.21240056328516946,0.00824358438527486,0.17949466648187853,0.0,0.02064716287265673,1.000000000000011,0.9778178089191635,0.013240398299943612,0.1342205392000564,False,False,False,False,False,False,False,False,True,True
vqe_6_Mutant_Add_cx_P18_Q3_[].qasm,Quratest_27,0.030338629788690636,0.09575732862510539,0.029557742243584397,0.09211883385763746,0.0,0.013330137255749335,1.000000000000012,0.9629647790432813,0.002266328387132227,0.002616484112867773,False,False,False,False,False,False,False,False,False,False
vqe_6_Mutant_Add_cx_P18_Q3_[].qasm,PureState_28,0.013255735257980315,0.23875830503884257,0.012657040675224794,0.20276621981471527,0.0,0.02176764455949884,1.0000000000000115,0.9721090334452968,0.011941768933099905,0.016378543566900095,False,False,False,False,False,False,False,False,True,False
vqe_6_Mutant_Add_cx_P18_Q3_[].qasm,Quratest_28,0.03123864793239405,0.10282481657671763,0.030724582538066206,0.09567478394897735,0.0,0.008914553562047652,1.000000000000011,0.9680716146874836,0.020242016047910955,0.029562671452089045,False,False,False,False,False,False,False,False,True,False
vqe_6_Mutant_Add_cx_P18_Q3_[].qasm,PureState_29,0.005574962251267424,0.2007763550106902,0.005571526287461158,0.17079521981589724,0.0,0.021611897975959752,1.000000000000012,0.9734772218601011,0.03678731843443657,0.05485372468443657,False,False,False,False,False,False,False,False,True,True
vqe_6_Mutant_Add_cx_P18_Q3_[].qasm,Quratest_29,0.030775908486366334,0.10878787034486005,0.030196131325735696,0.10192060585710773,0.0,0.011361379486339805,1.0000000000000124,0.9676123064589045,0.014714140811852447,0.022038359561852447,False,False,False,False,False,False,False,False,True,False
vqe_6_Mutant_Add_cx_P18_Q3_[].qasm,PureState_30,0.011851413706672032,0.23769294211743713,0.011840189194334891,0.20197650332117795,0.0,0.021464041058895145,1.0000000000000115,0.9724138997425171,0.005636352387666816,0.001687866362333184,False,False,False,False,False,False,False,False,False,False
vqe_6_Mutant_Add_cx_P18_Q3_[].qasm,Quratest_30,0.027275469986227686,0.1010894305649918,0.02696832422957001,0.0972336199211266,0.0,0.011420347616337173,1.0000000000000115,0.9625163852199096,0.0014324014345792405,0.01168630768457924,False,False,False,False,False,False,False,False,False,False
vqe_6_Mutant_Add_cx_P18_Q3_[].qasm,PureState_31,0.010530583968620572,0.2593895217485423,0.010520377239000898,0.21914527135625728,0.0,0.02296058489138727,1.000000000000012,0.9730591566547087,0.002398639316936721,0.005328326816936721,False,False,False,False,False,False,False,False,False,False
vqe_6_Mutant_Add_cx_P18_Q3_[].qasm,Quratest_31,0.025908228874593677,0.07792620169763544,0.025861585723188536,0.07638061200327999,0.0,0.008762998511979987,1.000000000000011,0.9702517056884039,0.0073900932936386,0.0966138129563614,False,False,False,False,False,False,False,False,False,True
vqe_6_Mutant_Add_x_P23_Q1_[].qasm,PureState_0,0.009190134247048558,0.24703641754171887,0.009157273172799301,0.21170494547571836,0.0,0.01926660868835421,1.000000000000011,0.9781560769300099,0.022863314928994627,0.10440628367899463,False,False,False,False,False,False,False,False,True,True
vqe_6_Mutant_Add_x_P23_Q1_[].qasm,Quratest_0,0.03191650896256634,0.1354487154644628,0.02935537767055078,0.1263867475920486,0.0,0.015752406692310213,1.000000000000011,0.9709689549459185,0.002907858240559419,0.02931870425944058,False,False,False,False,False,False,False,False,False,False
vqe_6_Mutant_Add_x_P23_Q1_[].qasm,PureState_1,0.0,0.2952072635046172,0.0,0.2481300460662435,0.0,0.03448095915128349,1.0000000000000102,0.9655184203351322,1.993538863986899e-07,0.2851560506461136,False,False,False,False,False,False,False,False,False,True
vqe_6_Mutant_Add_x_P23_Q1_[].qasm,Quratest_1,0.033485254093512135,0.09889900946169122,0.03319441191269908,0.09657634289101241,0.0,0.01918756324123542,1.0000000000000107,0.9565179544708096,0.03574980717969689,0.07920683842969689,False,False,False,False,False,False,False,False,True,True
vqe_6_Mutant_Add_x_P23_Q1_[].qasm,PureState_2,0.0,0.290444742798406,0.0,0.24405356317200272,0.0,0.03328945614081198,1.000000000000011,0.9667101059335653,1.8531608814154055e-07,0.29785137718391186,False,False,False,False,False,False,False,False,False,True
vqe_6_Mutant_Add_x_P23_Q1_[].qasm,Quratest_2,0.03279026118895711,0.10688793098812374,0.03033810824361808,0.1006139919307674,0.0,0.020547613049099668,1.0000000000000102,0.9556811423464583,0.013764399641357034,0.033110600358642966,False,False,False,False,False,False,False,False,True,False
vqe_6_Mutant_Add_x_P23_Q1_[].qasm,PureState_3,0.005814651656575074,0.2458543370987505,0.005814270997701289,0.20755043584497587,0.0,0.0199096733290988,1.000000000000011,0.9774963986259577,0.0032589661257649283,0.06705353387423507,False,False,False,False,False,False,False,False,False,True
vqe_6_Mutant_Add_x_P23_Q1_[].qasm,Quratest_3,0.028150519090813193,0.12340155982236217,0.026711286784965486,0.11554657730196852,0.0,0.01268720365645566,1.0000000000000115,0.9674755143822629,0.00926835221395439,0.12401444596395439,False,False,False,False,False,False,False,False,False,True
vqe_6_Mutant_Add_x_P23_Q1_[].qasm,PureState_4,0.0,0.2839936711180439,0.0,0.238537383615633,0.0,0.021702067281220143,1.0000000000000115,0.9782975830700887,1.988763883575828e-07,0.28710917612361164,False,False,False,False,False,False,False,False,False,True
vqe_6_Mutant_Add_x_P23_Q1_[].qasm,Quratest_4,0.030598875919684243,0.07118333078402647,0.0305869446129974,0.06986840661198283,0.0,0.013761673460286738,1.000000000000012,0.9594652847440834,4.8547264831833026e-05,0.020459265235168167,False,False,False,False,False,False,False,False,False,False
vqe_6_Mutant_Add_x_P23_Q1_[].qasm,PureState_5,0.004301523225622326,0.23178742049273626,0.004301433666193944,0.19570403010558024,0.0,0.030941099941965117,1.000000000000011,0.9670993944641114,0.013240354043680402,0.1425213647063196,False,False,False,False,False,False,False,False,True,True
vqe_6_Mutant_Add_x_P23_Q1_[].qasm,Quratest_5,0.029063634684337973,0.07418245016341884,0.02900926000997866,0.07363257855794587,0.0,0.012006278172645093,1.0000000000000098,0.9581893666313192,0.029985590223591048,0.04414574647359105,False,False,False,False,False,False,False,False,True,False
vqe_6_Mutant_Add_x_P23_Q1_[].qasm,PureState_6,0.009357898787194003,0.2416633001654689,0.009357618034589663,0.20371801817904608,0.0,0.017281495913304013,1.0000000000000107,0.9711907395926461,0.008035540311348306,0.0017300846886516945,False,False,False,False,False,False,False,False,False,False
vqe_6_Mutant_Add_x_P23_Q1_[].qasm,Quratest_6,0.025814011610966657,0.15347824097829363,0.023574771253326993,0.14267538677969932,0.0,0.025152695398803777,1.0000000000000129,0.9604254157857522,0.012425972200174884,0.048558784700174884,False,False,False,False,False,False,False,False,True,False
vqe_6_Mutant_Add_x_P23_Q1_[].qasm,PureState_7,0.004276638530397564,0.22077132861067655,0.004276629587456432,0.1855380911688188,0.0,0.01734806458321221,1.0000000000000102,0.9727332381408162,0.004921639146742332,0.03275367039674233,False,False,False,False,False,False,False,False,False,False
vqe_6_Mutant_Add_x_P23_Q1_[].qasm,Quratest_7,0.021543354495732667,0.17958739164861592,0.020050392661336097,0.16081877359454697,0.0,0.013833354658397209,1.000000000000011,0.9733350755583023,0.025292895921867398,0.0440430415781326,False,False,False,False,False,False,False,False,True,False
vqe_6_Mutant_Add_x_P23_Q1_[].qasm,PureState_8,0.008373878077812338,0.2592846766840557,0.00837292532226437,0.21881184861467434,0.0,0.031049232082125258,1.000000000000011,0.966217009498621,0.0016238327753108073,0.06607695777531081,False,False,False,False,False,False,False,False,False,True
vqe_6_Mutant_Add_x_P23_Q1_[].qasm,Quratest_8,0.02878686484746792,0.13058846693139325,0.028339810177933203,0.1243151991049959,0.0,0.01670682081229908,1.000000000000011,0.9561607731003136,0.0019076363125808682,0.04399080118741913,False,False,False,False,False,False,False,False,False,False
vqe_6_Mutant_Add_x_P23_Q1_[].qasm,PureState_9,0.011746299451085131,0.20192683216128754,0.01174179569623392,0.17160928039133314,0.0,0.021399748362747703,1.0000000000000089,0.9734956396681468,0.03678731413215557,0.04167012663215557,False,False,False,False,False,False,False,False,True,False
vqe_6_Mutant_Add_x_P23_Q1_[].qasm,Quratest_9,0.029690425865458357,0.137578492734685,0.02910153654891976,0.12248814928225586,0.0,0.01857690513219079,1.000000000000012,0.9578869778994356,0.00019193322626903653,0.06377291052373096,False,False,False,False,False,False,False,False,False,True
vqe_6_Mutant_Add_x_P23_Q1_[].qasm,PureState_10,0.01110594451473197,0.251327923070179,0.011104347759403757,0.2117198316866159,0.0,0.02123451861343426,1.000000000000011,0.9729240593293502,0.015986191125957023,0.014287246374042977,False,False,False,False,False,False,False,False,True,False
vqe_6_Mutant_Add_x_P23_Q1_[].qasm,Quratest_10,0.031844579563388535,0.0927116630168793,0.030818639814950647,0.09075421164401665,0.0,0.01035849592054124,1.000000000000011,0.9693910830376228,0.015478447399372375,0.08706061510062763,False,False,False,False,False,False,False,False,True,True
vqe_6_Mutant_Add_x_P23_Q1_[].qasm,PureState_11,0.015943908666555904,0.234846789482244,0.01589501806794777,0.19880789738716367,0.0,0.017743972293103896,1.0000000000000115,0.9705433864321812,0.020146603697443886,0.005244021302556114,False,False,False,False,False,False,False,False,True,False
vqe_6_Mutant_Add_x_P23_Q1_[].qasm,Quratest_11,0.027002601330191025,0.19171913333667012,0.02609967483541823,0.16570256232925748,0.0,0.016496476633892514,1.000000000000011,0.9617009621258531,0.0016266410811671544,0.034506171418832846,False,False,False,False,False,False,False,False,False,False
vqe_6_Mutant_Add_x_P23_Q1_[].qasm,PureState_12,0.002380878176674412,0.24800627736046274,0.0023808731940644272,0.20840038097851854,0.0,0.01786021424726241,1.0000000000000124,0.9796367675531363,0.00343227251334155,0.03712367876334155,False,False,False,False,False,False,False,False,False,False
vqe_6_Mutant_Add_x_P23_Q1_[].qasm,Quratest_12,0.03122853998017482,0.11546649287126431,0.03116871402568908,0.11169256295702094,0.0,0.013944136013455687,1.000000000000011,0.9647746894855975,0.009071688705426517,0.14766659254457348,False,False,False,False,False,False,False,False,False,True
vqe_6_Mutant_Add_x_P23_Q1_[].qasm,PureState_13,0.005517061905077682,0.24498041077041785,0.005517045249473348,0.20671490125154823,0.0,0.01879430991321399,1.000000000000011,0.9785735224425972,0.030042805648908155,0.08131233689890816,False,False,False,False,False,False,False,False,True,True
vqe_6_Mutant_Add_x_P23_Q1_[].qasm,Quratest_13,0.027452455973009826,0.11775926582368004,0.027079313771932075,0.11294701775918542,0.0,0.021878915182331024,1.000000000000012,0.9582537638312772,0.0038297033493064347,0.11579920290069357,False,False,False,False,False,False,False,False,False,True
vqe_6_Mutant_Add_x_P23_Q1_[].qasm,PureState_14,0.010316249741042281,0.24932503490562444,0.010309963022569322,0.21046005218872765,0.0,0.02120213687032608,1.000000000000011,0.9729128575990456,0.011983991328152754,0.008035539921847246,False,False,False,False,False,False,False,False,True,False
vqe_6_Mutant_Add_x_P23_Q1_[].qasm,Quratest_14,0.029049729010378195,0.15975050222780687,0.026806958275972834,0.15143929929571265,0.0,0.020383619132755607,1.0000000000000102,0.958916585265556,0.007717113298357892,0.1815452382983579,False,False,False,False,False,False,False,False,False,True
vqe_6_Mutant_Add_x_P23_Q1_[].qasm,PureState_15,0.012945961248854195,0.2328752296476788,0.012335692108381997,0.19774659759423524,0.0,0.016746177701079425,1.0000000000000115,0.9714672996362804,0.006124633160333032,0.020284789410333032,False,False,False,False,False,False,False,False,False,False
vqe_6_Mutant_Add_x_P23_Q1_[].qasm,Quratest_15,0.027637055932090673,0.15119215374886075,0.025823821401355695,0.13980181388164364,0.0,0.02699799826100375,1.0000000000000133,0.9577941791161635,0.011988504194499372,0.11740602705550063,False,False,False,False,False,False,False,False,True,True
vqe_6_Mutant_Add_x_P23_Q1_[].qasm,PureState_16,0.008553127571155984,0.25713578101162593,0.008546514369701946,0.2177835115101328,0.0,0.018774999379089857,1.000000000000011,0.971598353753407,0.013226361319912935,0.0033752011800870646,False,False,False,False,False,False,False,False,True,False
vqe_6_Mutant_Add_x_P23_Q1_[].qasm,Quratest_16,0.030998951358844864,0.0980826187972929,0.030408767939661102,0.09390400864420195,0.0,0.010265425272619113,1.000000000000011,0.9671600248597843,0.018066999158001446,0.019042375841998554,False,False,False,False,False,False,False,False,True,False
vqe_6_Mutant_Add_x_P23_Q1_[].qasm,PureState_17,0.0,0.280722503134105,0.0,0.23574270809205647,0.0,0.020494793244465126,1.000000000000012,0.9795050157530414,1.8579640004290354e-07,0.29199200170359996,False,False,False,False,False,False,False,False,False,True
vqe_6_Mutant_Add_x_P23_Q1_[].qasm,Quratest_17,0.030552813430473523,0.12419225183994914,0.0286831337086612,0.11835264351174309,0.0,0.012810807088878653,1.0000000000000115,0.9698391439337737,0.004743798440353553,0.11000229530964645,False,False,False,False,False,False,False,False,False,True
vqe_6_Mutant_Add_x_P23_Q1_[].qasm,PureState_18,0.004585523089129508,0.22402528033686211,0.004585372251564801,0.18901882803704906,0.0,0.032107738405059164,1.0000000000000115,0.965907229817068,0.013240397819089145,0.13519710218091086,False,False,False,False,False,False,False,False,True,True
vqe_6_Mutant_Add_x_P23_Q1_[].qasm,Quratest_18,0.026804747545003633,0.16241065627667717,0.02646586395948682,0.1395216717911114,0.0,0.01201649878101849,1.0000000000000115,0.9639510815908565,0.0016389957736544364,0.008963214523654436,False,False,False,False,False,False,False,False,False,False
vqe_6_Mutant_Add_x_P23_Q1_[].qasm,PureState_19,0.011424969191981436,0.26303952013446397,0.010712861516964609,0.22774328989587553,0.0,0.022855286635581444,1.000000000000012,0.9736010783114437,0.006665776434395407,0.020337651434395407,False,False,False,False,False,False,False,False,False,False
vqe_6_Mutant_Add_x_P23_Q1_[].qasm,Quratest_19,0.029832491780492514,0.11764810420604518,0.028754348582135745,0.11457303074935243,0.0,0.0169606467887291,1.0000000000000102,0.9600084146645569,0.014460964484025007,0.03827341051597499,False,False,False,False,False,False,False,False,True,False
vqe_6_Mutant_Add_x_P23_Q1_[].qasm,PureState_20,0.014081965942527436,0.23498928508667674,0.014057796015228673,0.19850137501406503,0.0,0.016654533555943426,1.000000000000012,0.9716940734689303,0.0018260562577355408,0.01038097499226446,False,False,False,False,False,False,False,False,False,False
vqe_6_Mutant_Add_x_P23_Q1_[].qasm,Quratest_20,0.03300011582971751,0.10762903607764732,0.031946479919252146,0.10330991700976266,0.0,0.012503829361801996,1.0000000000000124,0.9667212151233484,0.018693668157403115,0.07875226190740311,False,False,False,False,False,False,False,False,True,True
vqe_6_Mutant_Add_x_P23_Q1_[].qasm,PureState_21,0.009756101282037542,0.24401113294933272,0.009753708347868944,0.20563502457506985,0.0,0.017593950505985202,1.0000000000000107,0.9708973952753859,0.004755721058119743,0.026982560191880257,False,False,False,False,False,False,False,False,False,False
vqe_6_Mutant_Add_x_P23_Q1_[].qasm,Quratest_21,0.0305153754261087,0.1221515106335567,0.029460105366908542,0.11327331981105292,0.0,0.010637015850395226,1.000000000000011,0.9680848250586288,0.008916388956751703,0.026982795206751703,False,False,False,False,False,False,False,False,False,False
vqe_6_Mutant_Add_x_P23_Q1_[].qasm,PureState_22,0.0033793515979213744,0.24573789167022778,0.003379279267635884,0.20684409460721695,0.0,0.019356703301327285,1.000000000000011,0.9781268403028817,0.008315041098719556,0.032240822348719556,False,False,False,False,False,False,False,False,False,False
vqe_6_Mutant_Add_x_P23_Q1_[].qasm,Quratest_22,0.027189142399961817,0.11576152390978364,0.027147315222772892,0.11163807443595744,0.0,0.012314995927385738,1.0000000000000133,0.9626469833613625,0.004353407820789246,0.07075965782078925,False,False,False,False,False,False,False,False,False,True
vqe_6_Mutant_Add_x_P23_Q1_[].qasm,PureState_23,0.008383619849966722,0.23378598718113927,0.008379005967121846,0.19839198498650953,0.0,0.017051366386050017,1.000000000000011,0.9711627529775698,0.015890262797020972,0.0026644247029790277,False,False,False,False,False,False,False,False,True,False
vqe_6_Mutant_Add_x_P23_Q1_[].qasm,Quratest_23,0.03328769176442571,0.1305347920561434,0.03180623911581297,0.12199338149803277,0.0,0.010307898287683394,1.0000000000000107,0.9744468079143407,0.003946086891788103,0.0663664131082119,False,False,False,False,False,False,False,False,False,True
vqe_6_Mutant_Add_x_P23_Q1_[].qasm,PureState_24,0.0024712505311276158,0.22363748055999882,0.0024711982818612648,0.18847992772263464,0.0,0.019012396286781374,1.0000000000000093,0.979749537009518,0.012334982717127074,0.17370017353287293,False,False,False,False,False,False,False,False,True,True
vqe_6_Mutant_Add_x_P23_Q1_[].qasm,Quratest_24,0.033315472699695814,0.08915747014366318,0.03245864071100525,0.08759490013326506,0.0,0.013762185515784299,1.0000000000000089,0.9699515546859983,0.005109380193118601,0.0422187551931186,False,False,False,False,False,False,False,False,False,False
vqe_6_Mutant_Add_x_P23_Q1_[].qasm,PureState_25,0.004980562755490898,0.2586467453054616,0.004980194138852191,0.21820999899924023,0.0,0.03205110193432663,1.000000000000012,0.9651422602985187,0.028550901565635944,0.031507692184364056,False,False,False,False,False,False,False,False,True,False
vqe_6_Mutant_Add_x_P23_Q1_[].qasm,Quratest_25,0.026063812411439367,0.10017716372365426,0.025733184879734007,0.09719789759081603,0.0,0.02580216679767958,1.000000000000011,0.9535886525064197,0.00244486475698813,0.05908548975698813,False,False,False,False,False,False,False,False,False,True
vqe_6_Mutant_Add_x_P23_Q1_[].qasm,PureState_26,0.0026766797938018927,0.2614342010771218,0.0026766622389530906,0.22013543818482453,0.0,0.030520788297752996,1.000000000000011,0.966840136481074,0.0034322729015923703,0.03810024165159237,False,False,False,False,False,False,False,False,False,False
vqe_6_Mutant_Add_x_P23_Q1_[].qasm,Quratest_26,0.024537381029324044,0.11553310386367895,0.0238601982953117,0.11141276073989059,0.0,0.023840040723282684,1.000000000000011,0.958822231537201,0.016297960077736873,0.08758702257773687,False,False,False,False,False,False,False,False,True,True
vqe_6_Mutant_Add_x_P23_Q1_[].qasm,PureState_27,0.0023713895390138156,0.2201020860214646,0.0023713437996359843,0.18580824687297465,0.0,0.019593271238664372,1.000000000000011,0.978691538550717,0.013240398299943612,0.1351971017000564,False,False,False,False,False,False,False,False,True,True
vqe_6_Mutant_Add_x_P23_Q1_[].qasm,Quratest_27,0.025737706616905682,0.09977694548010425,0.024807035473536812,0.09501409086542076,0.0,0.012874823659164697,1.000000000000012,0.9637762721968143,0.002266328387132227,0.001151640362867773,False,False,False,False,False,False,False,False,False,False
vqe_6_Mutant_Add_x_P23_Q1_[].qasm,PureState_28,0.01102275014167564,0.24007216151625296,0.011018823053305348,0.20397154934630898,0.0,0.021016290550025428,1.0000000000000115,0.972884820752376,0.011941768933099905,0.018331668566900095,False,False,False,False,False,False,False,False,True,False
vqe_6_Mutant_Add_x_P23_Q1_[].qasm,Quratest_28,0.02795308922097088,0.10505343018584459,0.02710246963054819,0.09786792047745226,0.0,0.008665071119162341,1.000000000000011,0.9689567007975435,0.020242016047910955,0.029074390202089045,False,False,False,False,False,False,False,False,True,False
vqe_6_Mutant_Add_x_P23_Q1_[].qasm,PureState_29,0.005499031226703307,0.19814817956283665,0.005498440764578782,0.16854191960334292,0.0,0.02056737157533068,1.000000000000012,0.9743485676078775,0.03678731843443657,0.05241231843443657,False,False,False,False,False,False,False,False,True,True
vqe_6_Mutant_Add_x_P23_Q1_[].qasm,Quratest_29,0.025732280547747836,0.10995192599583964,0.02509747655876013,0.10329447668308796,0.0,0.010981835848680418,1.0000000000000124,0.9683635763148396,0.014714140811852447,0.022526640811852447,False,False,False,False,False,False,False,False,True,False
vqe_6_Mutant_Add_x_P23_Q1_[].qasm,PureState_30,0.01458411405803533,0.23817833056511295,0.014005501025288008,0.2020174311319982,0.0,0.020712363907991534,1.0000000000000115,0.9731898825457156,0.005636352387666816,0.001199585112333184,False,False,False,False,False,False,False,False,False,False
vqe_6_Mutant_Add_x_P23_Q1_[].qasm,Quratest_30,0.02899804947935411,0.10191169060840624,0.028985359540676745,0.09763591099865954,0.0,0.011167607094213317,1.0000000000000115,0.9631894593861055,0.0014324014345792405,0.01315115143457924,False,False,False,False,False,False,False,False,False,False
vqe_6_Mutant_Add_x_P23_Q1_[].qasm,PureState_31,0.008087647136116224,0.25918569557642956,0.008086989511508026,0.21894138426365978,0.0,0.02210801351995653,1.000000000000012,0.9739284200096077,0.002398639316936721,0.006304889316936721,False,False,False,False,False,False,False,False,False,False
vqe_6_Mutant_Add_x_P23_Q1_[].qasm,Quratest_31,0.031850930242623796,0.08516894736282393,0.031099595132107468,0.08322498573373611,0.0,0.008488875499024244,1.000000000000011,0.9711252129874952,0.0073900932936386,0.0951489692063614,False,False,False,False,False,False,False,False,False,True
vqe_6_Mutant_Add_h_P5_Q5_[].qasm,PureState_0,0.00789457385427167,0.24256609487734684,0.007892528970555831,0.2080726025153971,5.684025190943541e-23,0.019399135088040902,1.0000000000000115,0.978207179547855,0.022863314928994627,0.10538284617899463,False,False,False,False,False,False,False,False,True,True
vqe_6_Mutant_Add_h_P5_Q5_[].qasm,Quratest_0,0.03015237644612719,0.13555348629061093,0.02851023986265454,0.1261688215958474,7.367778448837603e-17,0.015894632230600104,1.0000000000000115,0.9709879992192023,0.002907858240559419,0.02931870425944058,False,False,False,False,False,False,False,False,False,False
vqe_6_Mutant_Add_h_P5_Q5_[].qasm,PureState_1,0.0,0.295578159087188,0.0,0.24844766407859284,3.7582818067150403e-22,0.034525014761443915,1.0000000000000098,0.9654743910754081,1.993538863986899e-07,0.2861326131461136,False,False,False,False,False,False,False,False,False,True
vqe_6_Mutant_Add_h_P5_Q5_[].qasm,Quratest_1,0.029640163932940552,0.10164597604187837,0.028001114334262122,0.09929939516721456,1.3572940650097634e-16,0.019508708586308633,1.0000000000000107,0.9562999704816122,0.03574980717969689,0.07871855717969689,False,False,False,False,False,False,False,False,True,True
vqe_6_Mutant_Add_h_P5_Q5_[].qasm,PureState_2,0.0,0.2949288442301529,0.0,0.24789163481150048,1.118708075472381e-22,0.033333566149008134,1.000000000000011,0.9666660222960026,1.8531608814154055e-07,0.29736309593391186,False,False,False,False,False,False,False,False,False,True
vqe_6_Mutant_Add_h_P5_Q5_[].qasm,Quratest_2,0.028037726455761677,0.11238369728010805,0.02686881026280122,0.10601218105566775,1.3183241966889612e-16,0.020598809160847397,1.0000000000000107,0.9554075809275278,0.013764399641357034,0.031157475358642966,False,False,False,False,False,False,False,False,True,False
vqe_6_Mutant_Add_h_P5_Q5_[].qasm,PureState_3,0.006211767225867204,0.24614458072634418,0.006208948867307047,0.20835831033154334,1.029487317243648e-22,0.020043285635994126,1.000000000000011,0.977547443653399,0.0032589661257649283,0.06900665887423507,False,False,False,False,False,False,False,False,False,True
vqe_6_Mutant_Add_h_P5_Q5_[].qasm,Quratest_3,0.028720433400762854,0.12019506273158592,0.028138909895138047,0.11187311198091397,7.637243474132822e-17,0.012719153856337406,1.0000000000000115,0.9676035364848956,0.00926835221395439,0.12401444596395439,False,False,False,False,False,False,False,False,False,True
vqe_6_Mutant_Add_h_P5_Q5_[].qasm,PureState_4,0.0,0.2919456626114837,0.0,0.24533789309188708,4.0177607960558933e-22,0.02174528433170367,1.000000000000011,0.9782543392958147,1.988763883575828e-07,0.28857401987361164,False,False,False,False,False,False,False,False,False,True
vqe_6_Mutant_Add_h_P5_Q5_[].qasm,Quratest_4,0.03260403413032599,0.07773319011283067,0.03258265106707754,0.07599081873367698,1.3549816650637592e-16,0.01371158984625697,1.000000000000011,0.9594400852461723,4.8547264831833026e-05,0.019970983985168167,False,False,False,False,False,False,False,False,False,False
vqe_6_Mutant_Add_h_P5_Q5_[].qasm,PureState_5,0.005692267951042016,0.22261706803532555,0.005691599359565179,0.187717140986658,7.917241399789444e-23,0.031179631334891975,1.000000000000011,0.9670565447298487,0.013240354043680402,0.1410565209563196,False,False,False,False,False,False,False,False,True,True
vqe_6_Mutant_Add_h_P5_Q5_[].qasm,Quratest_5,0.027886649605801225,0.0709859676762076,0.027859716939786058,0.07044766656679816,1.5512222582836355e-16,0.012419458419415035,1.000000000000011,0.9575082584169882,0.029985590223591048,0.04707543397359105,False,False,False,False,False,False,False,False,True,False
vqe_6_Mutant_Add_h_P5_Q5_[].qasm,PureState_6,0.01090256697529295,0.2425925594788906,0.01090174040098787,0.20448884892423427,3.036927286297252e-18,0.018052571925477233,1.000000000000011,0.9705545643208984,0.008035540311348306,0.0002652409386516945,False,False,False,False,False,False,False,False,False,False
vqe_6_Mutant_Add_h_P5_Q5_[].qasm,Quratest_6,0.027838549068197483,0.15997330128988685,0.025205296196314352,0.14820722108614273,2.170566231132753e-16,0.025309175410177066,1.0000000000000115,0.9598519725332929,0.012425972200174884,0.050023628450174884,False,False,False,False,False,False,False,False,True,True
vqe_6_Mutant_Add_h_P5_Q5_[].qasm,PureState_7,0.006268479884790517,0.22312302610514356,0.006268370520086335,0.18751371272996029,8.595742367804067e-22,0.01821904253703812,1.000000000000011,0.9720036728804079,0.004921639146742332,0.03226538914674233,False,False,False,False,False,False,False,False,False,False
vqe_6_Mutant_Add_h_P5_Q5_[].qasm,Quratest_7,0.024775518014838818,0.1717935254431985,0.02311950811444384,0.15308611358279237,4.594907400590752e-17,0.013936137842940993,1.000000000000011,0.9733870676913073,0.025292895921867398,0.0440430415781326,False,False,False,False,False,False,False,False,True,False
vqe_6_Mutant_Add_h_P5_Q5_[].qasm,PureState_8,0.00939985189153899,0.25746962146513785,0.009398958620366092,0.21761101539001165,5.117111151324844e-23,0.031182660683260047,1.000000000000011,0.9662661116452265,0.0016238327753108073,0.06656523902531081,False,False,False,False,False,False,False,False,False,True
vqe_6_Mutant_Add_h_P5_Q5_[].qasm,Quratest_8,0.02983014062883799,0.12828258509952803,0.028996060293420445,0.12192204567009098,1.2400562347802957e-16,0.01656756829286965,1.000000000000011,0.9561749051095463,0.0019076363125808682,0.04545564493741913,False,False,False,False,False,False,False,False,False,False
vqe_6_Mutant_Add_h_P5_Q5_[].qasm,PureState_9,0.011980573214387235,0.20361753379192205,0.011976651638725586,0.17267979932304284,8.680927852920437e-19,0.022309678957718196,1.0000000000000089,0.9727605269276327,0.03678731413215557,0.03922872038215557,False,False,False,False,False,False,False,False,True,False
vqe_6_Mutant_Add_h_P5_Q5_[].qasm,Quratest_9,0.028852752837236654,0.129294875476715,0.028253364551882366,0.11421845389649583,1.1189502197857853e-16,0.01868029374845004,1.000000000000012,0.9579227291033329,0.00019193322626903653,0.06328462927373096,False,False,False,False,False,False,False,False,False,True
vqe_6_Mutant_Add_h_P5_Q5_[].qasm,PureState_10,0.008786076636715228,0.24727985125862137,0.00878588629841735,0.2087201782246792,1.9526227180775317e-18,0.02204916094692167,1.0000000000000107,0.9722818478663049,0.015986191125957023,0.012822402624042977,False,False,False,False,False,False,False,False,True,False
vqe_6_Mutant_Add_h_P5_Q5_[].qasm,Quratest_10,0.026061736500792427,0.09001024811109543,0.025729048930532548,0.0878343698395964,1.2752419834092393e-16,0.010383518610072364,1.000000000000011,0.9692679686769016,0.015478447399372375,0.08999030260062763,False,False,False,False,False,False,False,False,True,True
vqe_6_Mutant_Add_h_P5_Q5_[].qasm,PureState_11,0.012734589369582336,0.23620984287461258,0.012725415568798231,0.19940117672405414,2.173106539232883e-19,0.018576266710258915,1.0000000000000107,0.969908970597867,0.020146603697443886,0.008173708802556114,False,False,False,False,False,False,False,False,True,False
vqe_6_Mutant_Add_h_P5_Q5_[].qasm,Quratest_11,0.028447163936608608,0.19010895053400653,0.026373051695138483,0.1650014640206836,5.050761118615546e-17,0.016499488612747987,1.0000000000000115,0.9618157854142231,0.0016266410811671544,0.034506171418832846,False,False,False,False,False,False,False,False,False,False
vqe_6_Mutant_Add_h_P5_Q5_[].qasm,PureState_12,0.0012654390499724274,0.24588549435447268,0.0012654377119333175,0.20690890027533831,1.73537453541736e-18,0.018014046379040395,1.0000000000000115,0.9796865821025167,0.00343227251334155,0.03614711626334155,False,False,False,False,False,False,False,False,False,False
vqe_6_Mutant_Add_h_P5_Q5_[].qasm,Quratest_12,0.029869310926559704,0.11022331301209667,0.02983121638974019,0.10615009565595766,1.3812735677465326e-16,0.014526201112743492,1.000000000000011,0.9640816308522601,0.009071688705426517,0.14717831129457348,False,False,False,False,False,False,False,False,False,True
vqe_6_Mutant_Add_h_P5_Q5_[].qasm,PureState_13,0.0031502735160917894,0.24225665531491486,0.0031499465281681354,0.20444747369095617,5.537642546964093e-22,0.01894472897739375,1.000000000000011,0.9786233039082242,0.030042805648908155,0.07935921189890816,False,False,False,False,False,False,False,False,True,True
vqe_6_Mutant_Add_h_P5_Q5_[].qasm,Quratest_13,0.027019345378358234,0.12381674979246221,0.025846718023412533,0.11939342432518511,1.2228784066099785e-16,0.02182171021050453,1.0000000000000115,0.9583287098581253,0.0038297033493064347,0.11579920290069357,False,False,False,False,False,False,False,False,False,True
vqe_6_Mutant_Add_h_P5_Q5_[].qasm,PureState_14,0.011494711427835657,0.2407999001636183,0.011492983825009519,0.2028864235235355,7.431667054436998e-22,0.022017299176967854,1.0000000000000115,0.972270621335815,0.011983991328152754,0.005105852421847246,False,False,False,False,False,False,False,False,True,False
vqe_6_Mutant_Add_h_P5_Q5_[].qasm,Quratest_14,0.0277222970464341,0.1569983748176845,0.025669514204128583,0.14882585321135178,5.4587220679128453e-17,0.020786779691838356,1.0000000000000098,0.9587503853863352,0.007717113298357892,0.1805686757983579,False,False,False,False,False,False,False,False,False,True
vqe_6_Mutant_Add_h_P5_Q5_[].qasm,PureState_15,0.009623260380548527,0.23294716994442916,0.00962032454255776,0.19800074260049277,5.440349618773612e-20,0.017576550085748908,1.000000000000011,0.9708323019775009,0.006124633160333032,0.022237914410333032,False,False,False,False,False,False,False,False,False,False
vqe_6_Mutant_Add_h_P5_Q5_[].qasm,Quratest_15,0.028940083586609544,0.1548637009967185,0.027791093760759916,0.1419307873889309,1.1067120730587875e-16,0.026964297011938122,1.000000000000011,0.9579821734358357,0.011988504194499372,0.11740602705550063,False,False,False,False,False,False,False,False,True,True
vqe_6_Mutant_Add_h_P5_Q5_[].qasm,PureState_16,0.006266254417022802,0.25420012133598985,0.006262735540499951,0.2155050926166601,1.301461595512175e-18,0.019489697409479527,1.000000000000011,0.9708708915689834,0.013226361319912935,0.0004455136800870646,False,False,False,False,False,False,False,False,True,False
vqe_6_Mutant_Add_h_P5_Q5_[].qasm,Quratest_16,0.031105754578133492,0.0939307041510536,0.029275600256173536,0.09020066437335428,1.5920915979886555e-16,0.010231544764634892,1.0000000000000107,0.966739085125159,0.018066999158001446,0.018554094591998554,False,False,False,False,False,False,False,False,True,False
vqe_6_Mutant_Add_h_P5_Q5_[].qasm,PureState_17,0.0,0.2852362186447692,0.0,0.2395993630562571,9.900313231620608e-23,0.020538063758581436,1.000000000000012,0.979461718555652,1.8579640004290354e-07,0.29101543920359996,False,False,False,False,False,False,False,False,False,True
vqe_6_Mutant_Add_h_P5_Q5_[].qasm,Quratest_17,0.028583268148134628,0.11927665124619649,0.027167414570651516,0.11305152993251229,1.0922151041665301e-16,0.012692030729417667,1.0000000000000115,0.9699688490005373,0.004743798440353553,0.10756088905964645,False,False,False,False,False,False,False,False,False,True
vqe_6_Mutant_Add_h_P5_Q5_[].qasm,PureState_18,0.0051411661289342105,0.22719797055994298,0.0051407513095719694,0.19133608126543744,2.59864296604131e-22,0.03234597575424599,1.0000000000000115,0.9658644329439947,0.013240397819089145,0.13568538343091086,False,False,False,False,False,False,False,False,True,True
vqe_6_Mutant_Add_h_P5_Q5_[].qasm,Quratest_18,0.025411592255133352,0.15060839521391284,0.025387190373960193,0.13051997288171108,9.003747809331909e-17,0.012150817033446072,1.000000000000011,0.9636628244820454,0.0016389957736544364,0.007986652023654436,False,False,False,False,False,False,False,False,False,False
vqe_6_Mutant_Add_h_P5_Q5_[].qasm,PureState_19,0.009532694925657557,0.25710165783581224,0.008687507785132427,0.2225422105219474,2.3969558289807997e-22,0.023585505094310677,1.0000000000000115,0.972867202434659,0.006665776434395407,0.023267338934395407,False,False,False,False,False,False,False,False,False,False
vqe_6_Mutant_Add_h_P5_Q5_[].qasm,Quratest_19,0.025956945436007774,0.11274667524762992,0.024713666946032355,0.10957627096262436,1.8371334650689962e-16,0.016950269313858707,1.000000000000011,0.9595456299145099,0.014460964484025007,0.03778512926597499,False,False,False,False,False,False,False,False,True,False
vqe_6_Mutant_Add_h_P5_Q5_[].qasm,PureState_20,0.009773228747176194,0.2366559083296804,0.009767799875135177,0.20002856862453544,4.076942838025333e-22,0.017427531414703615,1.0000000000000115,0.9710589024990786,0.0018260562577355408,0.007451287492264459,False,False,False,False,False,False,False,False,False,False
vqe_6_Mutant_Add_h_P5_Q5_[].qasm,Quratest_20,0.03302805987851825,0.11437089458284615,0.03174634723219908,0.10928827286975332,1.7964552371727005e-16,0.012989371212584856,1.0000000000000115,0.9661075085768493,0.018693668157403115,0.07728741815740311,False,False,False,False,False,False,False,False,True,True
vqe_6_Mutant_Add_h_P5_Q5_[].qasm,PureState_21,0.008585385496414603,0.2467505288679567,0.008576727502098556,0.20785723013309892,4.349904884932406e-19,0.01837296994774887,1.0000000000000107,0.9702614425323045,0.004755721058119743,0.027959122691880257,False,False,False,False,False,False,False,False,False,False
vqe_6_Mutant_Add_h_P5_Q5_[].qasm,Quratest_21,0.03795472513825881,0.11960742200244734,0.03646029350599702,0.11100874371138894,1.6676726407619482e-16,0.010974506375520398,1.000000000000011,0.967805918171013,0.008916388956751703,0.028447638956751703,False,False,False,False,False,False,False,False,False,False
vqe_6_Mutant_Add_h_P5_Q5_[].qasm,PureState_22,0.007379297669820453,0.24756875162862324,0.007377221979725938,0.20849883222973767,3.4699422144876985e-18,0.019510269678252045,1.000000000000011,0.9781765805194688,0.008315041098719556,0.031752541098719556,False,False,False,False,False,False,False,False,False,False
vqe_6_Mutant_Add_h_P5_Q5_[].qasm,Quratest_22,0.029088099414681413,0.11163544000007594,0.0276986535678115,0.10836318656020318,1.6543739306002642e-16,0.012365614162998211,1.0000000000000129,0.9627903329431473,0.004353407820789246,0.06978309532078925,False,False,False,False,False,False,False,False,False,True
vqe_6_Mutant_Add_h_P5_Q5_[].qasm,PureState_23,0.011658490325723447,0.23385168797223604,0.011654365070479672,0.198662919948351,1.085840807994079e-19,0.017881502082151293,1.000000000000011,0.9705279525850103,0.015890262797020972,0.0011995809529790277,False,False,False,False,False,False,False,False,True,False
vqe_6_Mutant_Add_h_P5_Q5_[].qasm,Quratest_23,0.034983370113787826,0.11605466601376803,0.032665109597458594,0.11035626881991517,1.3974180157211996e-16,0.010245755716285332,1.0000000000000115,0.9745849726963326,0.003946086891788103,0.0678312568582119,False,False,False,False,False,False,False,False,False,True
vqe_6_Mutant_Add_h_P5_Q5_[].qasm,PureState_24,0.0013832016736295219,0.22489052275499527,0.0013831672247729008,0.18932592949888666,1.3013570234643276e-18,0.019256592400937047,1.0000000000000098,0.9797075401460674,0.012334982717127074,0.17077048603287293,False,False,False,False,False,False,False,False,True,True
vqe_6_Mutant_Add_h_P5_Q5_[].qasm,Quratest_24,0.030129814980206768,0.08845903374042668,0.02875513397188477,0.08623579426803639,1.0614381620280451e-16,0.013758409351149421,1.0000000000000089,0.9699102018035529,0.005109380193118601,0.0427070364431186,False,False,False,False,False,False,False,False,False,False
vqe_6_Mutant_Add_h_P5_Q5_[].qasm,PureState_25,0.004821142297840224,0.2587046284581835,0.00482082347235496,0.21814621037308943,8.675116511466311e-19,0.032200866929761984,1.0000000000000115,0.9651900062103687,0.028550901565635944,0.030531129684364056,False,False,False,False,False,False,False,False,True,False
vqe_6_Mutant_Add_h_P5_Q5_[].qasm,Quratest_25,0.02898165224731644,0.09885917826114643,0.028662049230542996,0.09600000326058708,1.4684501986779452e-16,0.02582114383972862,1.000000000000011,0.953620901151285,0.00244486475698813,0.05908548975698813,False,False,False,False,False,False,False,False,False,True
vqe_6_Mutant_Add_h_P5_Q5_[].qasm,PureState_26,0.0055103515941777965,0.2579495496243458,0.0055097455170573986,0.21750184461548414,4.590334882312322e-22,0.030674000839183424,1.000000000000011,0.9668879480054885,0.0034322729015923703,0.03858852290159237,False,False,False,False,False,False,False,False,False,False
vqe_6_Mutant_Add_h_P5_Q5_[].qasm,Quratest_26,0.028341865157379853,0.12175345279942353,0.02772872745790587,0.11727559188902244,1.4125375538296889e-16,0.023850927557238957,1.000000000000011,0.9589761328158828,0.016297960077736873,0.08758702257773687,False,False,False,False,False,False,False,False,True,True
vqe_6_Mutant_Add_h_P5_Q5_[].qasm,PureState_27,0.005287209400813478,0.2198537952979089,0.0052869550221994145,0.18575730097618712,1.6345145154616608e-22,0.019833269777801685,1.000000000000011,0.9786495440380757,0.013240398299943612,0.1337322579500564,False,False,False,False,False,False,False,False,True,True
vqe_6_Mutant_Add_h_P5_Q5_[].qasm,Quratest_27,0.02445785443364497,0.10237800466901587,0.02443440225049187,0.09784796804454815,1.8569333896066575e-16,0.012971484418517419,1.0000000000000129,0.9638088669637357,0.002266328387132227,0.001639921612867773,False,False,False,False,False,False,False,False,False,False
vqe_6_Mutant_Add_h_P5_Q5_[].qasm,PureState_28,0.008978544983283165,0.2373683130384418,0.008974504479787425,0.2018371058233726,8.186811670824377e-20,0.021849095940026427,1.0000000000000124,0.9722439619004241,0.011941768933099905,0.013937137316900095,False,False,False,False,False,False,False,False,True,False
vqe_6_Mutant_Add_h_P5_Q5_[].qasm,Quratest_28,0.03112621626413107,0.10812643678134218,0.030271171072440085,0.10079129417315172,1.4573350088276007e-16,0.008653617269565615,1.000000000000011,0.9683499480435287,0.020242016047910955,0.029074390202089045,False,False,False,False,False,False,False,False,True,False
vqe_6_Mutant_Add_h_P5_Q5_[].qasm,PureState_29,0.005361438370472064,0.19456964967294424,0.005359614839730866,0.1649639712509821,1.0846407954837358e-18,0.021478101204709277,1.0000000000000115,0.9736128100749999,0.03678731843443657,0.05631856843443657,False,False,False,False,False,False,False,False,True,True
vqe_6_Mutant_Add_h_P5_Q5_[].qasm,Quratest_29,0.024080214642122174,0.10999052549020324,0.024064635370963903,0.10336740929127379,2.4390541356292153e-16,0.01107674221258139,1.000000000000012,0.9684014904834365,0.014714140811852447,0.022038359561852447,False,False,False,False,False,False,False,False,True,False
vqe_6_Mutant_Add_h_P5_Q5_[].qasm,PureState_30,0.010690875945656686,0.23807838034215273,0.010659083751973377,0.20242560526924033,4.343319071935779e-19,0.021545406804547477,1.0000000000000115,0.9725488245341878,0.005636352387666816,0.001687866362333184,False,False,False,False,False,False,False,False,False,False
vqe_6_Mutant_Add_h_P5_Q5_[].qasm,Quratest_30,0.02909845251110359,0.10151827783224764,0.028930005236691925,0.09715424134147002,1.8780188045150145e-16,0.011547439764330614,1.000000000000011,0.9624303418270276,0.0014324014345792405,0.0072917764345792405,False,False,False,False,False,False,False,False,False,False
vqe_6_Mutant_Add_h_P5_Q5_[].qasm,PureState_31,0.00886298412888018,0.25598788302208086,0.00885955536079833,0.21668163622561135,2.6137785380127536e-22,0.0228262469644668,1.0000000000000129,0.9731942750324781,0.002398639316936721,0.006304889316936721,False,False,False,False,False,False,False,False,False,False
vqe_6_Mutant_Add_h_P5_Q5_[].qasm,Quratest_31,0.023181041325204526,0.08460086588640063,0.023163132380802216,0.08269961140709044,1.4482230518975125e-16,0.008956570580151976,1.000000000000012,0.9703608290185378,0.0073900932936386,0.0961255317063614,False,False,False,False,False,False,False,False,False,True
vqe_6_Mutant_Add_rxx_P20_Q1_[0.0].qasm,PureState_0,0.011635132487420872,0.24810097300833847,0.010939424121854177,0.2124849924954536,0.0,0.020124097049761307,1.000000000000011,0.9769688553090229,0.022863314928994627,0.10440628367899463,False,False,False,False,False,False,False,False,True,True
vqe_6_Mutant_Add_rxx_P20_Q1_[0.0].qasm,Quratest_0,0.033437441389073994,0.13966206790840877,0.030725196933517458,0.12933063052822025,0.0,0.01632982421226993,1.000000000000011,0.9693465117357145,0.002907858240559419,0.02834214175944058,False,False,False,False,False,False,False,False,False,False
vqe_6_Mutant_Add_rxx_P20_Q1_[0.0].qasm,PureState_1,0.0,0.292506890222527,0.0,0.24581822327751227,0.0,0.03561903566015453,1.0000000000000102,0.9643802868462911,1.993538863986899e-07,0.2861326131461136,False,False,False,False,False,False,False,False,False,True
vqe_6_Mutant_Add_rxx_P20_Q1_[0.0].qasm,Quratest_1,0.02811255742032676,0.10179288513730517,0.028020566894276698,0.09897722203465795,0.0,0.01940425026553791,1.0000000000000107,0.9550642512895032,0.03574980717969689,0.07823027592969689,False,False,False,False,False,False,False,False,True,True
vqe_6_Mutant_Add_rxx_P20_Q1_[0.0].qasm,PureState_2,0.0,0.2953927583780541,0.0,0.24828889267414164,0.0,0.0344292749329036,1.000000000000011,0.9655703387051403,1.8531608814154055e-07,0.29687481468391186,False,False,False,False,False,False,False,False,False,True
vqe_6_Mutant_Add_rxx_P20_Q1_[0.0].qasm,Quratest_2,0.03266719931305676,0.1137626023828735,0.03044630675776036,0.10771749021599265,0.0,0.02079784302347456,1.0000000000000102,0.9541068046017543,0.013764399641357034,0.034087162858642966,False,False,False,False,False,False,False,False,True,False
vqe_6_Mutant_Add_rxx_P20_Q1_[0.0].qasm,PureState_3,0.007051085102346314,0.24820489267218876,0.007050973138253929,0.20945920859951742,0.0,0.0207374092302777,1.000000000000011,0.9763412280446203,0.0032589661257649283,0.06803009637423507,False,False,False,False,False,False,False,False,False,True
vqe_6_Mutant_Add_rxx_P20_Q1_[0.0].qasm,Quratest_3,0.026301639360708104,0.11848051258941855,0.025391416685310798,0.11086619556671377,0.0,0.012876024450613997,1.0000000000000115,0.9661961186380432,0.00926835221395439,0.12450272721395439,False,False,False,False,False,False,False,False,False,True
vqe_6_Mutant_Add_rxx_P20_Q1_[0.0].qasm,PureState_4,0.0,0.28789747852872904,0.0,0.24187468291065142,0.0,0.022855207347417122,1.0000000000000115,0.9771443849484368,1.988763883575828e-07,0.28759745737361164,False,False,False,False,False,False,False,False,False,True
vqe_6_Mutant_Add_rxx_P20_Q1_[0.0].qasm,Quratest_4,0.035517427374600063,0.07166190905597042,0.03514794073595822,0.0700394497373219,0.0,0.013814480960268403,1.000000000000012,0.9579806964166321,4.8547264831833026e-05,0.018994421485168167,False,False,False,False,False,False,False,False,False,False
vqe_6_Mutant_Add_rxx_P20_Q1_[0.0].qasm,PureState_5,0.001096458484322176,0.23015837092700972,0.0010964581324495396,0.1944010443250329,0.0,0.03159410835064283,1.000000000000011,0.9664030228960669,0.013240354043680402,0.1415448022063196,False,False,False,False,False,False,False,False,True,True
vqe_6_Mutant_Add_rxx_P20_Q1_[0.0].qasm,Quratest_5,0.02533609325856711,0.07788519702743248,0.025321641107778004,0.07710914620159703,0.0,0.012211937815896912,1.0000000000000098,0.9566468050358443,0.029985590223591048,0.04512230897359105,False,False,False,False,False,False,False,False,True,False
vqe_6_Mutant_Add_rxx_P20_Q1_[0.0].qasm,PureState_6,0.006416317272528542,0.2403193731555715,0.006416192960713057,0.20265338146265283,0.0,0.018486320440609397,1.0000000000000107,0.9695666091648449,0.008035540311348306,0.0026644465613483055,False,False,False,False,False,False,False,False,False,False
vqe_6_Mutant_Add_rxx_P20_Q1_[0.0].qasm,Quratest_6,0.028095177137890368,0.15406366807380106,0.025786587819837347,0.14259828779938008,0.0,0.026049074953896814,1.0000000000000129,0.9588496617196084,0.012425972200174884,0.046117378450174884,False,False,False,False,False,False,False,False,True,False
vqe_6_Mutant_Add_rxx_P20_Q1_[0.0].qasm,PureState_7,0.004888561831089088,0.223662729295226,0.004888498566827742,0.18795108939400113,0.0,0.018273457524774876,1.0000000000000102,0.9715865784552795,0.004921639146742332,0.03324195164674233,False,False,False,False,False,False,False,False,False,False
vqe_6_Mutant_Add_rxx_P20_Q1_[0.0].qasm,Quratest_7,0.025322413419181886,0.1761469499623657,0.023392032478200958,0.1574099210150208,0.0,0.014598718476616356,1.000000000000011,0.9720506521249137,0.025292895921867398,0.0430664790781326,False,False,False,False,False,False,False,False,True,False
vqe_6_Mutant_Add_rxx_P20_Q1_[0.0].qasm,PureState_8,0.0076125602994232015,0.25724803503737725,0.00761024972700888,0.21741871666889062,0.0,0.031867928999069955,1.000000000000011,0.9650747980398839,0.0016238327753108073,0.06558867652531081,False,False,False,False,False,False,False,False,False,True
vqe_6_Mutant_Add_rxx_P20_Q1_[0.0].qasm,Quratest_8,0.03136204663494152,0.12921687976194088,0.030070977510180306,0.12320024427594459,0.0,0.017547977902049084,1.000000000000011,0.9545614705084975,0.0019076363125808682,0.04301423868741913,False,False,False,False,False,False,False,False,False,False
vqe_6_Mutant_Add_rxx_P20_Q1_[0.0].qasm,PureState_9,0.008352269981473415,0.20582457796934334,0.008350937722287323,0.1748096037348569,0.0,0.02253130170307745,1.0000000000000089,0.9720241272837516,0.03678731413215557,0.04313497038215557,False,False,False,False,False,False,False,False,True,False
vqe_6_Mutant_Add_rxx_P20_Q1_[0.0].qasm,Quratest_9,0.024087383762261636,0.13606648529872858,0.02340561818694933,0.121854175317933,0.0,0.018853415717389025,1.000000000000012,0.9562486868001554,0.00019193322626903653,0.06377291052373096,False,False,False,False,False,False,False,False,False,True
vqe_6_Mutant_Add_rxx_P20_Q1_[0.0].qasm,PureState_10,0.006609641178619907,0.25359682125537725,0.006609401656082931,0.21358221982914438,0.0,0.022376515706187178,1.000000000000011,0.9713278179836615,0.015986191125957023,0.013798965124042977,False,False,False,False,False,False,False,False,True,False
vqe_6_Mutant_Add_rxx_P20_Q1_[0.0].qasm,Quratest_10,0.03322763659871398,0.09185293377383129,0.032233733335698456,0.08929353770631324,0.0,0.010715611355017791,1.000000000000011,0.9679727225853144,0.015478447399372375,0.08510749010062763,False,False,False,False,False,False,False,False,True,True
vqe_6_Mutant_Add_rxx_P20_Q1_[0.0].qasm,PureState_11,0.011046999903963272,0.2384411430282418,0.011038792327589792,0.20124233041038436,0.0,0.018602607578154504,1.0000000000000115,0.9693655189086254,0.020146603697443886,0.005732302552556114,False,False,False,False,False,False,False,False,True,False
vqe_6_Mutant_Add_rxx_P20_Q1_[0.0].qasm,Quratest_11,0.025988792191981074,0.19755165548885262,0.024998412137955554,0.17113730260910645,0.0,0.01728627369383879,1.000000000000011,0.9602845907629232,0.0016266410811671544,0.034994452668832846,False,False,False,False,False,False,False,False,False,False
vqe_6_Mutant_Add_rxx_P20_Q1_[0.0].qasm,PureState_12,0.0017804326918335269,0.2522648985697795,0.00178043182515117,0.21240202475939574,0.0,0.01898772724571032,1.0000000000000124,0.9780293299743666,0.00343227251334155,0.03956508501334155,False,False,False,False,False,False,False,False,False,False
vqe_6_Mutant_Add_rxx_P20_Q1_[0.0].qasm,Quratest_12,0.02571384085936524,0.11105473511487682,0.025393872406520343,0.10774117704286269,0.0,0.01434792463674503,1.000000000000011,0.963209485278725,0.009071688705426517,0.14669003004457348,False,False,False,False,False,False,False,False,False,True
vqe_6_Mutant_Add_rxx_P20_Q1_[0.0].qasm,PureState_13,0.008689790349814094,0.2444559840982855,0.008686120841068018,0.20627493616811413,0.0,0.01993733493637784,1.000000000000011,0.976936805511719,0.030042805648908155,0.07887093064890816,False,False,False,False,False,False,False,False,True,True
vqe_6_Mutant_Add_rxx_P20_Q1_[0.0].qasm,Quratest_13,0.027588578293155516,0.12664670625978655,0.026991733141397724,0.12123335675792551,0.0,0.022363843682495707,1.000000000000012,0.9566824207959864,0.0038297033493064347,0.11775232790069357,False,False,False,False,False,False,False,False,False,True
vqe_6_Mutant_Add_rxx_P20_Q1_[0.0].qasm,PureState_14,0.00547369170013519,0.246872578871663,0.005473649376354682,0.20793464007078982,0.0,0.022378460524841944,1.000000000000011,0.9712858466011791,0.011983991328152754,0.008523821171847246,False,False,False,False,False,False,False,False,True,False
vqe_6_Mutant_Add_rxx_P20_Q1_[0.0].qasm,Quratest_14,0.02208059980468962,0.1640789008544128,0.021353364754722787,0.15543059656764174,0.0,0.02116043468257725,1.0000000000000102,0.9574648082127081,0.007717113298357892,0.1820335195483579,False,False,False,False,False,False,False,False,False,True
vqe_6_Mutant_Add_rxx_P20_Q1_[0.0].qasm,PureState_15,0.011123300298457229,0.23517129989650237,0.01111556244840731,0.20004346800622508,0.0,0.017571426821750648,1.0000000000000115,0.9703191780966979,0.006124633160333032,0.020284789410333032,False,False,False,False,False,False,False,False,False,False
vqe_6_Mutant_Add_rxx_P20_Q1_[0.0].qasm,Quratest_15,0.03291416145448037,0.1566963624594684,0.030653520782789552,0.14491385920395877,0.0,0.027367922250105564,1.0000000000000133,0.9562751779165085,0.011988504194499372,0.11838258955550063,False,False,False,False,False,False,False,False,True,True
vqe_6_Mutant_Add_rxx_P20_Q1_[0.0].qasm,PureState_16,0.008586766430426843,0.25778800982609335,0.008582917314403296,0.21860493812139578,0.0,0.019468920922332784,1.000000000000011,0.970898689569059,0.013226361319912935,0.004840044930087065,False,False,False,False,False,False,False,False,True,False
vqe_6_Mutant_Add_rxx_P20_Q1_[0.0].qasm,Quratest_16,0.026167243335373274,0.096095214624417,0.02607977747746304,0.09257881126352878,0.0,0.010577721749672359,1.000000000000011,0.9656818357854491,0.018066999158001446,0.018554094591998554,False,False,False,False,False,False,False,False,True,False
vqe_6_Mutant_Add_rxx_P20_Q1_[0.0].qasm,PureState_17,0.0,0.2829387732910532,0.0,0.2376359693058098,0.0,0.021649698519082626,1.000000000000012,0.9783501624440359,1.8579640004290354e-07,0.29589825170359996,False,False,False,False,False,False,False,False,False,True
vqe_6_Mutant_Add_rxx_P20_Q1_[0.0].qasm,Quratest_17,0.034981922320128984,0.12594690560637453,0.031962843550909406,0.11916709874632907,0.0,0.013395866655500022,1.0000000000000115,0.9684044505289896,0.004743798440353553,0.11000229530964645,False,False,False,False,False,False,False,False,False,True
vqe_6_Mutant_Add_rxx_P20_Q1_[0.0].qasm,PureState_18,0.0034257732955082303,0.22689141992258924,0.003425706993594404,0.1916078246115965,0.0,0.0327596005574767,1.0000000000000115,0.9652119456011122,0.013240397819089145,0.13422053968091086,False,False,False,False,False,False,False,False,True,True
vqe_6_Mutant_Add_rxx_P20_Q1_[0.0].qasm,Quratest_18,0.025418816179709876,0.15670451606823252,0.025375765409754097,0.13554045725059213,0.0,0.01241854259076788,1.0000000000000115,0.9623551627994483,0.0016389957736544364,0.008474933273654436,False,False,False,False,False,False,False,False,False,False
vqe_6_Mutant_Add_rxx_P20_Q1_[0.0].qasm,PureState_19,0.013057997635834666,0.26547980253559894,0.012379177140842728,0.22992493480186849,0.0,0.023874648138646412,1.000000000000012,0.9725759968260973,0.006665776434395407,0.020337651434395407,False,False,False,False,False,False,False,False,False,False
vqe_6_Mutant_Add_rxx_P20_Q1_[0.0].qasm,Quratest_19,0.029530386018159653,0.11600391036102041,0.027333869928681757,0.11290962269055413,0.0,0.017453908242082962,1.0000000000000102,0.9584675599374496,0.014460964484025007,0.04022653551597499,False,False,False,False,False,False,False,False,True,False
vqe_6_Mutant_Add_rxx_P20_Q1_[0.0].qasm,PureState_20,0.013303617143687866,0.23272206961135156,0.013298209002983744,0.19641174851317275,0.0,0.017454526344690947,1.000000000000012,0.9705142398294029,0.0018260562577355408,0.01038097499226446,False,False,False,False,False,False,False,False,False,False
vqe_6_Mutant_Add_rxx_P20_Q1_[0.0].qasm,Quratest_20,0.026467243244344206,0.10937961468473427,0.026109187699280795,0.10476142889948858,0.0,0.012726687997608194,1.0000000000000124,0.965197186461992,0.018693668157403115,0.07972882440740311,False,False,False,False,False,False,False,False,True,True
vqe_6_Mutant_Add_rxx_P20_Q1_[0.0].qasm,PureState_21,0.0074803765218460294,0.2473112708878328,0.007475755372189243,0.20822622296068902,0.0,0.018754419549929333,1.0000000000000107,0.9693045000785812,0.004755721058119743,0.030888810191880257,False,False,False,False,False,False,False,False,False,False
vqe_6_Mutant_Add_rxx_P20_Q1_[0.0].qasm,Quratest_21,0.03398568414268999,0.11970707754989605,0.0328140010760074,0.11128363614537005,0.0,0.010948815614645963,1.000000000000011,0.9668566254604086,0.008916388956751703,0.027959357706751703,False,False,False,False,False,False,False,False,False,False
vqe_6_Mutant_Add_rxx_P20_Q1_[0.0].qasm,PureState_22,0.0064901657449847345,0.2486310525043748,0.006490052473185197,0.2096842759727009,0.0,0.020481951940238212,1.000000000000011,0.9765222387088798,0.008315041098719556,0.031264259848719556,False,False,False,False,False,False,False,False,False,False
vqe_6_Mutant_Add_rxx_P20_Q1_[0.0].qasm,Quratest_22,0.0328438113508806,0.11263960786639814,0.032109981248994,0.10886679649146146,0.0,0.01274567486449145,1.0000000000000133,0.9612478014594912,0.004353407820789246,0.07075965782078925,False,False,False,False,False,False,False,False,False,True
vqe_6_Mutant_Add_rxx_P20_Q1_[0.0].qasm,PureState_23,0.01705958005475814,0.2334910123745125,0.015650018204937867,0.1986728565645639,0.0,0.01787649697575487,1.000000000000011,0.9700148684665464,0.015890262797020972,0.0011995809529790277,False,False,False,False,False,False,False,False,True,False
vqe_6_Mutant_Add_rxx_P20_Q1_[0.0].qasm,Quratest_23,0.031799444686781475,0.11793516630386364,0.030227316811980275,0.11059765716493383,0.0,0.010679919086528865,1.0000000000000107,0.9728713803498754,0.003946086891788103,0.0649015693582119,False,False,False,False,False,False,False,False,False,True
vqe_6_Mutant_Add_rxx_P20_Q1_[0.0].qasm,PureState_24,0.011410700359509586,0.22346318565966158,0.0114100302957722,0.18799313120428446,0.0,0.020008362435952623,1.0000000000000093,0.978717908486596,0.012334982717127074,0.16979392353287293,False,False,False,False,False,False,False,False,True,True
vqe_6_Mutant_Add_rxx_P20_Q1_[0.0].qasm,Quratest_24,0.036621808904903776,0.0960569871113964,0.034559955697772385,0.09376147179726906,0.0,0.013883611697831824,1.0000000000000089,0.9687320802895785,0.005109380193118601,0.0422187551931186,False,False,False,False,False,False,False,False,False,False
vqe_6_Mutant_Add_rxx_P20_Q1_[0.0].qasm,PureState_25,0.0042051362696059235,0.2569193414144328,0.004204333660324523,0.21693333501681458,0.0,0.03317854341347079,1.000000000000012,0.9635280600128632,0.028550901565635944,0.031507692184364056,False,False,False,False,False,False,False,False,True,False
vqe_6_Mutant_Add_rxx_P20_Q1_[0.0].qasm,Quratest_25,0.029350486355500107,0.10264049917158768,0.028927720522609997,0.09988517014618968,0.0,0.02632178306966075,1.000000000000011,0.9521658919034637,0.00244486475698813,0.06006205225698813,False,False,False,False,False,False,False,False,False,True
vqe_6_Mutant_Add_rxx_P20_Q1_[0.0].qasm,PureState_26,0.009016713199779447,0.25802572800068235,0.009016570251559955,0.2175626238675763,0.0,0.03163357257590736,1.000000000000011,0.9652536965951198,0.0034322729015923703,0.04298305415159237,False,False,False,False,False,False,False,False,False,False
vqe_6_Mutant_Add_rxx_P20_Q1_[0.0].qasm,Quratest_26,0.03263498787887408,0.12795061067153796,0.03066601744946396,0.1232696189146013,0.0,0.02417742092664308,1.000000000000011,0.9572928935605468,0.016297960077736873,0.08856358507773687,False,False,False,False,False,False,False,False,True,True
vqe_6_Mutant_Add_rxx_P20_Q1_[0.0].qasm,PureState_27,0.00426211213518648,0.21249483659568666,0.004261858314795367,0.1792727763944681,0.0,0.02025376178512,1.000000000000011,0.9779870510667746,0.013240398299943612,0.1351971017000564,False,False,False,False,False,False,False,False,True,True
vqe_6_Mutant_Add_rxx_P20_Q1_[0.0].qasm,Quratest_27,0.029575018592799086,0.09175583657569263,0.02955028391057727,0.08778814750342229,0.0,0.013199492779355278,1.000000000000012,0.9624964178892882,0.002266328387132227,0.002128202862867773,False,False,False,False,False,False,False,False,False,False
vqe_6_Mutant_Add_rxx_P20_Q1_[0.0].qasm,PureState_28,0.015884904546717673,0.2408678115236333,0.014857886819294105,0.20450297676729337,0.0,0.021838036805704487,1.0000000000000115,0.9717349002762735,0.011941768933099905,0.019308231066900095,False,False,False,False,False,False,False,False,True,False
vqe_6_Mutant_Add_rxx_P20_Q1_[0.0].qasm,Quratest_28,0.026950204498608965,0.1024694560380145,0.02664284621038494,0.09456763911177249,0.0,0.008838385080923725,1.000000000000011,0.9677169463041281,0.020242016047910955,0.029074390202089045,False,False,False,False,False,False,False,False,True,False
vqe_6_Mutant_Add_rxx_P20_Q1_[0.0].qasm,PureState_29,0.006666958584996692,0.19340878079226737,0.006666595250834969,0.16446097294294945,0.0,0.021700217652810598,1.000000000000012,0.9728756480164557,0.03678731843443657,0.05241231843443657,False,False,False,False,False,False,False,False,True,True
vqe_6_Mutant_Add_rxx_P20_Q1_[0.0].qasm,Quratest_29,0.03431049707616505,0.11378207745231249,0.03361232411226586,0.10696002357070253,0.0,0.011299463337819848,1.0000000000000124,0.9671758134883447,0.014714140811852447,0.022526640811852447,False,False,False,False,False,False,False,False,True,False
vqe_6_Mutant_Add_rxx_P20_Q1_[0.0].qasm,PureState_30,0.014299395882324513,0.24139172614101323,0.013748370246569889,0.20468058690715138,0.0,0.02153423053713984,1.0000000000000115,0.9720397249453709,0.005636352387666816,0.000753539887666816,False,False,False,False,False,False,False,False,False,False
vqe_6_Mutant_Add_rxx_P20_Q1_[0.0].qasm,Quratest_30,0.030036864806268278,0.09768615588962119,0.029227900047150018,0.09345233446099668,0.0,0.011528339149593905,1.0000000000000115,0.9616557075283154,0.0014324014345792405,0.01315115143457924,False,False,False,False,False,False,False,False,False,False
vqe_6_Mutant_Add_rxx_P20_Q1_[0.0].qasm,PureState_31,0.011270985814974344,0.2551879259709452,0.01126897533953581,0.2161182932585707,0.0,0.022799433421120556,1.000000000000012,0.9732272777053103,0.002398639316936721,0.006304889316936721,False,False,False,False,False,False,False,False,False,False
vqe_6_Mutant_Add_rxx_P20_Q1_[0.0].qasm,Quratest_31,0.026832533437034727,0.08617589004293913,0.026797412966751356,0.08450789223839945,0.0,0.008534240804117042,1.000000000000011,0.969674283635825,0.0073900932936386,0.0936841254563614,False,False,False,False,False,False,False,False,False,True
vqe_6_Mutant_Add_h_P3_Q3_[].qasm,PureState_0,0.020631874640206212,0.24611230556811234,0.017404969146139287,0.2111377519421222,3.683438417973442e-24,0.01972175904587334,1.0000000000000107,0.9778808121860042,0.022863314928994627,0.10587112742899463,False,False,False,False,False,False,False,False,True,True
vqe_6_Mutant_Add_h_P3_Q3_[].qasm,Quratest_0,0.03127917527763474,0.1432711418826395,0.03019552758043738,0.13412853834407626,1.9644885744578245e-16,0.016170231359880723,1.0000000000000115,0.9706726795762746,0.002907858240559419,0.03127182925944058,False,False,False,False,False,False,False,False,False,False
vqe_6_Mutant_Add_h_P3_Q3_[].qasm,PureState_1,0.0,0.2992666798532521,0.0,0.25160753222970195,6.624779602310716e-24,0.0348458038150694,1.0000000000000102,0.9651536228972551,1.993538863986899e-07,0.2851560506461136,False,False,False,False,False,False,False,False,False,True
vqe_6_Mutant_Add_h_P3_Q3_[].qasm,Quratest_1,0.030418429489735794,0.0981245677852154,0.029587327427988086,0.09555211151901725,2.2375179983022235e-16,0.01934332448665374,1.0000000000000107,0.9563447248918633,0.03574980717969689,0.07871855717969689,False,False,False,False,False,False,False,False,True,True
vqe_6_Mutant_Add_h_P3_Q3_[].qasm,PureState_2,0.0,0.28950344784871096,0.0,0.24324828058089368,1.263956257773175e-22,0.033382282632023905,1.000000000000011,0.9666172323231762,1.8531608814154055e-07,0.29833965843391186,False,False,False,False,False,False,False,False,False,True
vqe_6_Mutant_Add_h_P3_Q3_[].qasm,Quratest_2,0.030980379242347672,0.11478256485870589,0.029412304013418315,0.10760186466534048,2.2484044892568094e-16,0.020611730160317823,1.000000000000011,0.9553795690171465,0.013764399641357034,0.033110600358642966,False,False,False,False,False,False,False,False,True,False
vqe_6_Mutant_Add_h_P3_Q3_[].qasm,PureState_3,0.00853852700274609,0.24241945182250269,0.00852554021620141,0.20499131249636374,2.275637320017877e-22,0.020365200640812042,1.000000000000011,0.9772212960377262,0.0032589661257649283,0.06900665887423507,False,False,False,False,False,False,False,False,False,True
vqe_6_Mutant_Add_h_P3_Q3_[].qasm,Quratest_3,0.03354677738520599,0.1136435656667646,0.03161715949535383,0.10721921167240363,1.2537227537255641e-16,0.012696673707995522,1.0000000000000115,0.9673753951203314,0.00926835221395439,0.12499100846395439,False,False,False,False,False,False,False,False,False,True
vqe_6_Mutant_Add_h_P3_Q3_[].qasm,PureState_4,0.0,0.29213283591145667,0.0,0.24549808106141724,9.60584643342585e-24,0.022071741931569785,1.000000000000011,0.9779279561328561,1.988763883575828e-07,0.28906230112361164,False,False,False,False,False,False,False,False,False,True
vqe_6_Mutant_Add_h_P3_Q3_[].qasm,Quratest_4,0.028727515767346855,0.0648292524480194,0.028444790943554024,0.06374963344916074,2.234811728035746e-16,0.013789172232863234,1.000000000000011,0.9592474899480283,4.8547264831833026e-05,0.019970983985168167,False,False,False,False,False,False,False,False,False,False
vqe_6_Mutant_Add_h_P3_Q3_[].qasm,PureState_5,0.002663842683041174,0.2272055577465825,0.0026637740466787722,0.19190259134781348,2.0299545888839757e-23,0.031227329089845726,1.000000000000011,0.967007735050981,0.013240354043680402,0.1434979272063196,False,False,False,False,False,False,False,False,True,True
vqe_6_Mutant_Add_h_P3_Q3_[].qasm,Quratest_5,0.027838395744129843,0.07169322291828659,0.027823849568404235,0.0709407274118272,1.618713843520858e-16,0.012103112625821581,1.0000000000000107,0.9581757173943716,0.029985590223591048,0.04463402772359105,False,False,False,False,False,False,False,False,True,False
vqe_6_Mutant_Add_h_P3_Q3_[].qasm,PureState_6,0.006902378263549188,0.24911837535630116,0.006902135414283704,0.20979367106442015,3.072021239912989e-18,0.017697032938418636,1.000000000000011,0.9709161233974192,0.008035540311348306,0.0031527278113483055,False,False,False,False,False,False,False,False,False,False
vqe_6_Mutant_Add_h_P3_Q3_[].qasm,Quratest_6,0.024548080239802605,0.1519222847208364,0.022554327197566778,0.13968219210881047,1.3934145608181165e-16,0.025284403784094786,1.000000000000012,0.9603967989136417,0.012425972200174884,0.049047065950174884,False,False,False,False,False,False,False,False,True,False
vqe_6_Mutant_Add_h_P3_Q3_[].qasm,PureState_7,0.00501030767881856,0.22063827533468885,0.0050102813693245615,0.18529710317601147,6.054649297529844e-24,0.0175812268439778,1.0000000000000107,0.9726397743834762,0.004921639146742332,0.03324195164674233,False,False,False,False,False,False,False,False,False,False
vqe_6_Mutant_Add_h_P3_Q3_[].qasm,Quratest_7,0.02437107471513395,0.1835596747105556,0.022381887024351253,0.16400555329365746,2.2417815073515364e-16,0.013767622933722265,1.000000000000011,0.972993921450542,0.025292895921867398,0.0435547603281326,False,False,False,False,False,False,False,False,True,False
vqe_6_Mutant_Add_h_P3_Q3_[].qasm,PureState_8,0.00583660660003902,0.26065949974333746,0.005836166806935683,0.22049585177720835,6.507306670421454e-19,0.031230650583410454,1.000000000000011,0.9662173422459561,0.0016238327753108073,0.06510039527531081,False,False,False,False,False,False,False,False,False,True
vqe_6_Mutant_Add_h_P3_Q3_[].qasm,Quratest_8,0.02897199802306293,0.12634292518023676,0.02864218408207675,0.12063924468303784,9.463729713082847e-17,0.016633820322668965,1.000000000000011,0.956222126969498,0.0019076363125808682,0.04350251993741913,False,False,False,False,False,False,False,False,False,False
vqe_6_Mutant_Add_h_P3_Q3_[].qasm,PureState_9,0.010775948079140077,0.19797949547235374,0.01076642545871354,0.1685406481722679,5.049127260666527e-24,0.021954609109753952,1.0000000000000089,0.9731278444343645,0.03678731413215557,0.04118184538215557,False,False,False,False,False,False,False,False,True,False
vqe_6_Mutant_Add_h_P3_Q3_[].qasm,Quratest_9,0.03439586884545783,0.13475732184940606,0.03282914817609912,0.11984056100843037,7.850702493805974e-17,0.018678291474391297,1.0000000000000115,0.9577337993062521,0.00019193322626903653,0.06328462927373096,False,False,False,False,False,False,False,False,False,True
vqe_6_Mutant_Add_h_P3_Q3_[].qasm,PureState_10,0.012311281375142227,0.24500700305372056,0.012309416319557955,0.20634282399726686,5.1963023822697097e-23,0.021416074260053878,1.000000000000011,0.9729230668050075,0.015986191125957023,0.013310683874042977,False,False,False,False,False,False,False,False,True,False
vqe_6_Mutant_Add_h_P3_Q3_[].qasm,Quratest_10,0.027499134692915293,0.08847947132081709,0.02692366761618019,0.08634651363097706,1.8113799577033213e-16,0.010364547953356333,1.0000000000000115,0.9691505089650649,0.015478447399372375,0.08754889635062763,False,False,False,False,False,False,False,False,True,True
vqe_6_Mutant_Add_h_P3_Q3_[].qasm,PureState_11,0.01162856761238419,0.23476896913047984,0.011616462452890271,0.19774790321059643,2.1689431094514896e-19,0.018220141504964815,1.0000000000000115,0.9702702891817149,0.020146603697443886,0.005244021302556114,False,False,False,False,False,False,False,False,True,False
vqe_6_Mutant_Add_h_P3_Q3_[].qasm,Quratest_11,0.024975984538921192,0.19514005131577034,0.023356363647089946,0.16855412516027843,1.2155402681931583e-16,0.01657859691134665,1.000000000000012,0.961355257640024,0.0016266410811671544,0.033529608918832846,False,False,False,False,False,False,False,False,False,False
vqe_6_Mutant_Add_h_P3_Q3_[].qasm,PureState_12,0.004576518615301881,0.23974257272363414,0.004576501014057799,0.2020034680892576,1.2674364633033835e-23,0.018064220927999322,1.0000000000000124,0.9796357644785255,0.00343227251334155,0.03614711626334155,False,False,False,False,False,False,False,False,False,False
vqe_6_Mutant_Add_h_P3_Q3_[].qasm,Quratest_12,0.02807004824037209,0.10942925601522271,0.027781039493116347,0.10602024115263792,1.7614219544742626e-16,0.014254387012353018,1.0000000000000107,0.9644702788067325,0.009071688705426517,0.14669003004457348,False,False,False,False,False,False,False,False,False,True
vqe_6_Mutant_Add_h_P3_Q3_[].qasm,PureState_13,0.005751941125561241,0.2443806826800223,0.0057484550299746065,0.20592972816112368,3.1285409744934296e-21,0.018994709070897602,1.0000000000000115,0.9785725411388679,0.030042805648908155,0.07984749314890816,False,False,False,False,False,False,False,False,True,True
vqe_6_Mutant_Add_h_P3_Q3_[].qasm,Quratest_13,0.0303388934434236,0.12116670049146594,0.030269500898394617,0.11649828821112769,1.7052806107302476e-16,0.021789554325549423,1.000000000000011,0.9581000493003091,0.0038297033493064347,0.11726404665069357,False,False,False,False,False,False,False,False,False,True
vqe_6_Mutant_Add_h_P3_Q3_[].qasm,PureState_14,0.010492138765443132,0.2464348354960698,0.010491555517075183,0.20778058546072178,1.4374726628113974e-22,0.02165714139237219,1.0000000000000115,0.972637753399379,0.011983991328152754,0.007058977421847246,False,False,False,False,False,False,False,False,True,False
vqe_6_Mutant_Add_h_P3_Q3_[].qasm,Quratest_14,0.028318605590252035,0.15219836376070595,0.027366143245594433,0.14505572306433245,5.081374052035065e-17,0.020703219102443885,1.0000000000000098,0.9586201055042863,0.007717113298357892,0.1800803945483579,False,False,False,False,False,False,False,False,False,True
vqe_6_Mutant_Add_h_P3_Q3_[].qasm,PureState_15,0.015399802666400935,0.22972505320708902,0.013257517658950817,0.19512347800185784,7.997615673849951e-23,0.016948080733983774,1.0000000000000107,0.9714676366995785,0.006124633160333032,0.021261351910333032,False,False,False,False,False,False,False,False,False,False
vqe_6_Mutant_Add_h_P3_Q3_[].qasm,Quratest_15,0.02616450142126056,0.1585869749645337,0.02463116694717691,0.14661337232184982,1.3627426044429767e-16,0.026990808739321286,1.0000000000000129,0.9577711359815032,0.011988504194499372,0.11887087080550063,False,False,False,False,False,False,False,False,True,True
vqe_6_Mutant_Add_h_P3_Q3_[].qasm,PureState_16,0.00782624741812644,0.2586491805841734,0.007825153162566288,0.21910823993031453,8.675485654050801e-19,0.019137312090308677,1.0000000000000115,0.971232568417488,0.013226361319912935,0.0009337949300870646,False,False,False,False,False,False,False,False,True,False
vqe_6_Mutant_Add_h_P3_Q3_[].qasm,Quratest_16,0.024493080160095916,0.10084583739252859,0.024140811475224646,0.09664203123768635,7.900022189156683e-17,0.010347056508990708,1.000000000000011,0.9670849975262681,0.018066999158001446,0.019530657091998554,False,False,False,False,False,False,False,False,True,False
vqe_6_Mutant_Add_h_P3_Q3_[].qasm,PureState_17,0.0,0.2839936711180439,0.0,0.2385373836156332,3.4468202183959996e-23,0.020588848966200897,1.000000000000012,0.9794109122351328,1.8579640004290354e-07,0.29101543920359996,False,False,False,False,False,False,False,False,False,True
vqe_6_Mutant_Add_h_P3_Q3_[].qasm,Quratest_17,0.031400908272664695,0.12961292460258006,0.029864026309357538,0.12334308437071781,2.162915571472801e-16,0.013077525521179151,1.000000000000011,0.9694856632927707,0.004743798440353553,0.11097885780964645,False,False,False,False,False,False,False,False,False,True
vqe_6_Mutant_Add_h_P3_Q3_[].qasm,PureState_18,0.0025490826362379124,0.2297768391178075,0.002549078584875974,0.19426325796226684,6.2622194757094296e-24,0.03266006054631365,1.000000000000012,0.9655435351748337,0.013240397819089145,0.13519710218091086,False,False,False,False,False,False,False,False,True,True
vqe_6_Mutant_Add_h_P3_Q3_[].qasm,Quratest_18,0.024963906071423795,0.15208911635861108,0.0249208688339153,0.13127107123879841,1.7092153765552644e-16,0.01212625899520271,1.000000000000012,0.9637012330518413,0.0016389957736544364,0.007498370773654436,False,False,False,False,False,False,False,False,False,False
vqe_6_Mutant_Add_h_P3_Q3_[].qasm,PureState_19,0.01243433167953776,0.2724330460559635,0.011131675896577271,0.23585918432136624,2.68949331426094e-24,0.023222607334508392,1.000000000000012,0.9732345602292122,0.006665776434395407,0.022779057684395407,False,False,False,False,False,False,False,False,False,False
vqe_6_Mutant_Add_h_P3_Q3_[].qasm,Quratest_19,0.030509570003370106,0.11241723122379922,0.028396207293191526,0.10945943489487604,1.0245535829442646e-16,0.01693495757574223,1.000000000000011,0.9599958956021987,0.014460964484025007,0.03778512926597499,False,False,False,False,False,False,False,False,True,False
vqe_6_Mutant_Add_h_P3_Q3_[].qasm,PureState_20,0.012387965946088214,0.2302177107759328,0.012377518095754882,0.1942565681039963,2.170663045011914e-19,0.016816488779705676,1.0000000000000115,0.9716943857796897,0.0018260562577355408,0.00940441249226446,False,False,False,False,False,False,False,False,False,False
vqe_6_Mutant_Add_h_P3_Q3_[].qasm,Quratest_20,0.030083744397248955,0.10318245390944804,0.028473007518331196,0.09960489833697878,1.7751184772313647e-16,0.012464318500560692,1.000000000000012,0.9664747739509406,0.018693668157403115,0.07972882440740311,False,False,False,False,False,False,False,False,True,True
vqe_6_Mutant_Add_h_P3_Q3_[].qasm,PureState_21,0.011627232961481508,0.2398721238875784,0.011607250299104466,0.20201017423829876,1.754035241803826e-22,0.018016552379095066,1.0000000000000115,0.9706228931171809,0.004755721058119743,0.027959122691880257,False,False,False,False,False,False,False,False,False,False
vqe_6_Mutant_Add_h_P3_Q3_[].qasm,Quratest_21,0.02946682522457141,0.12177679160188022,0.02890330983576381,0.1135890544947176,1.135905528196455e-16,0.010564403784979484,1.000000000000011,0.9677893175857764,0.008916388956751703,0.027471076456751703,False,False,False,False,False,False,False,False,False,False
vqe_6_Mutant_Add_h_P3_Q3_[].qasm,PureState_22,0.007141447026547847,0.2458830928061093,0.0071409653786772215,0.20716223877087178,5.307530048179529e-23,0.019833080468010474,1.000000000000011,0.9778502230261416,0.008315041098719556,0.031264259848719556,False,False,False,False,False,False,False,False,False,False
vqe_6_Mutant_Add_h_P3_Q3_[].qasm,Quratest_22,0.03170327192200673,0.10773888032924628,0.030447317705771797,0.10371918602235887,2.583060853969879e-16,0.012292667438453335,1.0000000000000124,0.9624870738357811,0.004353407820789246,0.07075965782078925,False,False,False,False,False,False,False,False,False,True
vqe_6_Mutant_Add_h_P3_Q3_[].qasm,PureState_23,0.017877479262993146,0.23551502037771693,0.016539046030927665,0.19980523975073505,5.446989458228199e-20,0.017525709242272224,1.000000000000011,0.9708895024264437,0.015890262797020972,0.0021761434529790277,False,False,False,False,False,False,False,False,True,False
vqe_6_Mutant_Add_h_P3_Q3_[].qasm,Quratest_23,0.03298593217363278,0.1240151220422984,0.031462900414893774,0.11646260726017718,1.3495881827721174e-16,0.010351295194757339,1.0000000000000115,0.9743389578642531,0.003946086891788103,0.0688078193582119,False,False,False,False,False,False,False,False,False,True
vqe_6_Mutant_Add_h_P3_Q3_[].qasm,PureState_24,0.0017751890924716026,0.2315264486740661,0.0017751174121082706,0.1947702436368738,1.3013686129344888e-18,0.01930712269484915,1.0000000000000093,0.9796567213734684,0.012334982717127074,0.17077048603287293,False,False,False,False,False,False,False,False,True,True
vqe_6_Mutant_Add_h_P3_Q3_[].qasm,Quratest_24,0.030770719800318397,0.09175987140792513,0.028611040920408774,0.09022457907005788,8.45686164868166e-17,0.013909254734977679,1.0000000000000089,0.9699028375092233,0.005109380193118601,0.0417304739431186,False,False,False,False,False,False,False,False,False,False
vqe_6_Mutant_Add_h_P3_Q3_[].qasm,PureState_25,0.007148638252993477,0.25900389405108243,0.00714609762769923,0.21849922708126265,0.0,0.032517144384692304,1.000000000000012,0.964869332528467,0.028550901565635944,0.031019410934364056,False,False,False,False,False,False,False,False,True,False
vqe_6_Mutant_Add_h_P3_Q3_[].qasm,Quratest_25,0.025283752401451434,0.10443909194766769,0.024963410581211917,0.10092156175386427,1.653543838311955e-16,0.02577146190611373,1.000000000000011,0.9535651511369904,0.00244486475698813,0.05810892725698813,False,False,False,False,False,False,False,False,False,True
vqe_6_Mutant_Add_h_P3_Q3_[].qasm,PureState_26,0.006997807848469753,0.25334875282841024,0.006997756728688987,0.21339884819342989,2.2989096294925065e-23,0.03072212873535592,1.000000000000011,0.9668391472231456,0.0034322729015923703,0.03858852290159237,False,False,False,False,False,False,False,False,False,False
vqe_6_Mutant_Add_h_P3_Q3_[].qasm,Quratest_26,0.029547200686222307,0.12302818742612293,0.027890744381219006,0.11814988383940947,1.7954896196128306e-16,0.02380574147178706,1.000000000000011,0.9587710588889982,0.016297960077736873,0.08807530382773687,False,False,False,False,False,False,False,False,True,True
vqe_6_Mutant_Add_h_P3_Q3_[].qasm,PureState_27,0.0026892647409324996,0.21467609671565446,0.002689196743429925,0.1813429537320102,6.424689093276552e-24,0.020152904947639765,1.000000000000011,0.9783230290064258,0.013240398299943612,0.1332439767000564,False,False,False,False,False,False,False,False,True,True
vqe_6_Mutant_Add_h_P3_Q3_[].qasm,Quratest_27,0.024769958188493684,0.10243854009439811,0.0244526318518566,0.0981052742294365,2.1267133833071522e-16,0.012997660534685773,1.0000000000000115,0.9634422736456676,0.002266328387132227,0.002616484112867773,False,False,False,False,False,False,False,False,False,False
vqe_6_Mutant_Add_h_P3_Q3_[].qasm,PureState_28,0.008318709828857773,0.23372226029410462,0.008280537443853427,0.19865071593267433,8.150908701111811e-20,0.021488681420253224,1.0000000000000115,0.9726110844956594,0.011941768933099905,0.015401981066900095,False,False,False,False,False,False,False,False,True,False
vqe_6_Mutant_Add_h_P3_Q3_[].qasm,Quratest_28,0.02817425454347967,0.10366212088870481,0.027600334825877818,0.09606641127691044,1.8686139739492943e-16,0.008734311878118777,1.000000000000011,0.9688733078460336,0.020242016047910955,0.028097827702089045,False,False,False,False,False,False,False,False,True,False
vqe_6_Mutant_Add_h_P3_Q3_[].qasm,PureState_29,0.008543514357692525,0.19524114902378126,0.008540735048071572,0.1662895943920893,3.763665540160279e-24,0.020854941683100234,1.000000000000012,0.9742549068401787,0.03678731843443657,0.05436544343443657,False,False,False,False,False,False,False,False,True,True
vqe_6_Mutant_Add_h_P3_Q3_[].qasm,Quratest_29,0.030862606435206778,0.11916368557204439,0.03032917012226537,0.11158029537540523,1.1811207411015255e-16,0.010907697166300452,1.0000000000000124,0.9684098349517651,0.014714140811852447,0.022526640811852447,False,False,False,False,False,False,False,False,True,False
vqe_6_Mutant_Add_h_P3_Q3_[].qasm,PureState_30,0.01524882298849079,0.23534697425763876,0.01471305049221992,0.20001334603064685,2.169253765672469e-19,0.0209134347766676,1.000000000000011,0.9731902195698323,0.005636352387666816,0.00026525863766681604,False,False,False,False,False,False,False,False,False,False
vqe_6_Mutant_Add_h_P3_Q3_[].qasm,Quratest_30,0.023738784961084173,0.10111344062322422,0.023728651645580242,0.09748201573929186,2.6401879012869883e-16,0.01118346304222042,1.0000000000000124,0.963070509566287,0.0014324014345792405,0.01266287018457924,False,False,False,False,False,False,False,False,False,False
vqe_6_Mutant_Add_h_P3_Q3_[].qasm,PureState_31,0.0072375196472664605,0.2562003481375385,0.007231276889629604,0.21703174232604222,2.246575471247299e-23,0.022199921366057022,1.0000000000000115,0.973836095959302,0.002398639316936721,0.006793170566936721,False,False,False,False,False,False,False,False,False,False
vqe_6_Mutant_Add_h_P3_Q3_[].qasm,Quratest_31,0.0284307530847215,0.08158557645769383,0.028396338145589402,0.07975957962138708,1.552713036270803e-16,0.008544218122715783,1.000000000000012,0.9708208971436019,0.0073900932936386,0.0951489692063614,False,False,False,False,False,False,False,False,False,True
vqe_6_Mutant_Add_h_P12_Q1_[].qasm,PureState_0,0.013198278617882614,0.23845799839187695,0.012600533920748586,0.20418575715733828,8.018877753643255e-19,0.019328312694241668,1.000000000000011,0.9781334667971492,0.022863314928994627,0.10489456492899463,False,False,False,False,False,False,False,False,True,True
vqe_6_Mutant_Add_h_P12_Q1_[].qasm,Quratest_0,0.029122106726621046,0.13288646081740843,0.02789632162797464,0.12344786165022793,2.0682511692876604e-16,0.01574257568015851,1.000000000000011,0.9709799609009998,0.002907858240559419,0.02980698550944058,False,False,False,False,False,False,False,False,False,False
vqe_6_Mutant_Add_h_P12_Q1_[].qasm,PureState_1,0.0,0.2951144806982939,0.0,0.24805059451297568,2.457051050154858e-21,0.03439443308333514,1.0000000000000107,0.9656049439895109,1.993538863986899e-07,0.2851560506461136,False,False,False,False,False,False,False,False,False,True
vqe_6_Mutant_Add_h_P12_Q1_[].qasm,Quratest_1,0.030640390402452398,0.09932671725955786,0.02906694264165796,0.09707261441646643,1.7089948502039577e-16,0.019172665860762973,1.000000000000011,0.9565885404551054,0.03574980717969689,0.07920683842969689,False,False,False,False,False,False,False,False,True,True
vqe_6_Mutant_Add_h_P12_Q1_[].qasm,PureState_2,0.0,0.29278717596971404,0.0,0.24605812606689742,2.7804771133721746e-21,0.033202823314381125,1.000000000000011,0.9667967363704384,1.8531608814154055e-07,0.29785137718391186,False,False,False,False,False,False,False,False,False,True
vqe_6_Mutant_Add_h_P12_Q1_[].qasm,Quratest_2,0.027876487917443595,0.10857566538928386,0.02641552646304765,0.10200671265100004,1.5805444213352112e-16,0.020538808326425004,1.0000000000000102,0.9557746667377807,0.013764399641357034,0.033110600358642966,False,False,False,False,False,False,False,False,True,False
vqe_6_Mutant_Add_h_P12_Q1_[].qasm,PureState_3,0.008653242743657016,0.2526089070131525,0.008648044453628621,0.21345501771082184,1.404675036434389e-20,0.01997507486786266,1.000000000000011,0.9774737525498628,0.0032589661257649283,0.06705353387423507,False,False,False,False,False,False,False,False,False,True
vqe_6_Mutant_Add_h_P12_Q1_[].qasm,Quratest_3,0.028577255298697018,0.11933076725251023,0.027992700565715494,0.11164041354284418,1.1243698778524822e-16,0.012697087948513326,1.000000000000011,0.9674433116992708,0.00926835221395439,0.12352616471395439,False,False,False,False,False,False,False,False,False,True
vqe_6_Mutant_Add_h_P12_Q1_[].qasm,PureState_4,0.0,0.2810124021377306,0.0,0.23599031368943574,9.967088911234649e-21,0.02161439601841538,1.0000000000000115,0.9783852519060201,1.988763883575828e-07,0.28710917612361164,False,False,False,False,False,False,False,False,False,True
vqe_6_Mutant_Add_h_P12_Q1_[].qasm,Quratest_4,0.026146776466276604,0.07213786974995329,0.02613149999195895,0.07069326088704594,1.7098545886454208e-16,0.013770527587890585,1.0000000000000124,0.9594601944399641,4.8547264831833026e-05,0.020459265235168167,False,False,False,False,False,False,False,False,False,False
vqe_6_Mutant_Add_h_P12_Q1_[].qasm,PureState_5,0.0050271205626757735,0.22540958411113032,0.005026729313980671,0.190097251374257,3.3314219544642693e-20,0.03093658091264047,1.000000000000011,0.9669851065602442,0.013240354043680402,0.1425213647063196,False,False,False,False,False,False,False,False,True,True
vqe_6_Mutant_Add_h_P12_Q1_[].qasm,Quratest_5,0.025216329984893628,0.0711317087927785,0.025196683772086458,0.070630033140534,1.4100049253173985e-16,0.012019418266627268,1.000000000000011,0.9582241348077603,0.029985590223591048,0.04414574647359105,False,False,False,False,False,False,False,False,True,False
vqe_6_Mutant_Add_h_P12_Q1_[].qasm,PureState_6,0.013541732264288614,0.24796306587437275,0.013538160211895068,0.20882302348423634,3.055661242280794e-18,0.01724540790416956,1.0000000000000107,0.9713700424515719,0.008035540311348306,0.0017300846886516945,False,False,False,False,False,False,False,False,False,False
vqe_6_Mutant_Add_h_P12_Q1_[].qasm,Quratest_6,0.029015004580206664,0.15194976098190838,0.026503295995341538,0.13992475206241384,1.653303724323743e-16,0.025112591877995583,1.0000000000000124,0.9605931339193693,0.012425972200174884,0.048070503450174884,False,False,False,False,False,False,False,False,True,False
vqe_6_Mutant_Add_h_P12_Q1_[].qasm,PureState_7,0.007322301139276402,0.22322353472111942,0.007322257967812776,0.18763307624604,1.3889536399574326e-17,0.01737542099739498,1.000000000000011,0.9728203610160315,0.004921639146742332,0.03275367039674233,False,False,False,False,False,False,False,False,False,False
vqe_6_Mutant_Add_h_P12_Q1_[].qasm,Quratest_7,0.02647247756569766,0.17415392641099384,0.02494401962168148,0.15506138655904184,7.079743947743483e-17,0.013874994573659361,1.000000000000011,0.9732997520376735,0.025292895921867398,0.0445313228281326,False,False,False,False,False,False,False,False,True,False
vqe_6_Mutant_Add_h_P12_Q1_[].qasm,PureState_8,0.007208134031632291,0.2606581295369468,0.007200188732766329,0.2199661627836219,2.843662088905328e-17,0.03111389430581034,1.000000000000011,0.9661946223560162,0.0016238327753108073,0.06607695777531081,False,False,False,False,False,False,False,False,False,True
vqe_6_Mutant_Add_h_P12_Q1_[].qasm,Quratest_8,0.02556087726803682,0.12268766790396037,0.025213166527468595,0.11755915278163667,1.961592780569399e-16,0.016662221042031026,1.000000000000011,0.9563056294403545,0.0019076363125808682,0.04399080118741913,False,False,False,False,False,False,False,False,False,False
vqe_6_Mutant_Add_h_P12_Q1_[].qasm,PureState_9,0.0061902273710438965,0.20085174191085092,0.006189471466938661,0.171166536978812,6.949445611354186e-18,0.021394691505261743,1.0000000000000089,0.9735828697496782,0.03678731413215557,0.04167012663215557,False,False,False,False,False,False,False,False,True,False
vqe_6_Mutant_Add_h_P12_Q1_[].qasm,Quratest_9,0.03687640322107597,0.14263811186081804,0.03482470655000591,0.12653241976643198,1.0969765270246215e-16,0.018546795207719523,1.0000000000000115,0.95797916070711,0.00019193322626903653,0.06426119177373096,False,False,False,False,False,False,False,False,False,True
vqe_6_Mutant_Add_h_P12_Q1_[].qasm,PureState_10,0.010366127614976265,0.2511516937896265,0.010360407971821157,0.21176010328518102,1.8166906760794994e-20,0.021184236688948088,1.000000000000011,0.9731037694394751,0.015986191125957023,0.014287246374042977,False,False,False,False,False,False,False,False,True,False
vqe_6_Mutant_Add_h_P12_Q1_[].qasm,Quratest_10,0.023355541360836066,0.08661534145441674,0.022668608491044007,0.08451461488974617,1.246442863202593e-16,0.010330837994968475,1.000000000000011,0.9693878704329788,0.015478447399372375,0.08754889635062763,False,False,False,False,False,False,False,False,True,True
vqe_6_Mutant_Add_h_P12_Q1_[].qasm,PureState_11,0.014044932971013713,0.23536721813502462,0.014040290352461742,0.19890135864819933,8.439136800382964e-17,0.017798900220090376,1.0000000000000115,0.9705208976731011,0.020146603697443886,0.005244021302556114,False,False,False,False,False,False,False,False,True,False
vqe_6_Mutant_Add_h_P12_Q1_[].qasm,Quratest_11,0.025942039907811295,0.1924392497442763,0.024677779222278047,0.16617853087753737,1.2475034617762994e-16,0.01644095442529893,1.000000000000012,0.9618280017926334,0.0016266410811671544,0.034506171418832846,False,False,False,False,False,False,False,False,False,False
vqe_6_Mutant_Add_h_P12_Q1_[].qasm,PureState_12,0.005431193107330171,0.24409265744854902,0.00543104924431121,0.20567255586988525,8.50120556547046e-17,0.017823011896996633,1.0000000000000115,0.9798176329534735,0.00343227251334155,0.03712367876334155,False,False,False,False,False,False,False,False,False,False
vqe_6_Mutant_Add_h_P12_Q1_[].qasm,Quratest_12,0.026121975581320848,0.1161818178688778,0.02609203437918556,0.11202538239341267,1.1439688172437679e-16,0.013979249673796348,1.0000000000000102,0.9647642514642916,0.009071688705426517,0.14766659254457348,False,False,False,False,False,False,False,False,False,True
vqe_6_Mutant_Add_h_P12_Q1_[].qasm,PureState_13,0.0057068585651386785,0.2483671026880727,0.005706264902919333,0.2096542314593992,8.836727023353743e-19,0.018751804199797332,1.000000000000011,0.9787542711029726,0.030042805648908155,0.08082405564890816,False,False,False,False,False,False,False,False,True,True
vqe_6_Mutant_Add_h_P12_Q1_[].qasm,Quratest_13,0.025759861854133297,0.12601306419606698,0.025713590668654265,0.12115391923863573,1.658659917313371e-16,0.021847658386091116,1.000000000000011,0.9583062908929493,0.0038297033493064347,0.11579920290069357,False,False,False,False,False,False,False,False,False,True
vqe_6_Mutant_Add_h_P12_Q1_[].qasm,PureState_14,0.006511485852923662,0.2462603188640076,0.00651143712561234,0.20761178905197752,2.864422812662741e-17,0.02115616401470778,1.0000000000000115,0.9730924783904761,0.011983991328152754,0.008035539921847246,False,False,False,False,False,False,False,False,True,False
vqe_6_Mutant_Add_h_P12_Q1_[].qasm,Quratest_14,0.025181682347682918,0.1566056341940424,0.023822128308196758,0.14907163944984175,2.627270195959975e-17,0.020431193395411856,1.0000000000000107,0.9588778658579863,0.007717113298357892,0.1815452382983579,False,False,False,False,False,False,False,False,False,True
vqe_6_Mutant_Add_h_P12_Q1_[].qasm,PureState_15,0.014196676330507661,0.2375970163478112,0.013620721935116143,0.2016380269706651,4.5655770207536654e-17,0.016796449427063865,1.0000000000000107,0.9714448492550054,0.006124633160333032,0.020284789410333032,False,False,False,False,False,False,False,False,False,False
vqe_6_Mutant_Add_h_P12_Q1_[].qasm,Quratest_15,0.03100462723016211,0.1490881112816125,0.029669703500034214,0.1382267733134315,1.3472016674432284e-16,0.026954750701595583,1.0000000000000124,0.9579487156586294,0.011988504194499372,0.11691774580550063,False,False,False,False,False,False,False,False,True,True
vqe_6_Mutant_Add_h_P12_Q1_[].qasm,PureState_16,0.006244354334951228,0.25032012133039144,0.006243910168897441,0.21184865592846336,1.3644710779747068e-18,0.018890819678061527,1.000000000000011,0.9714835386804455,0.013226361319912935,0.0028869199300870646,False,False,False,False,False,False,False,False,True,False
vqe_6_Mutant_Add_h_P12_Q1_[].qasm,Quratest_16,0.031799997219507256,0.09328685685038764,0.030760918495735704,0.08992618530380092,1.0247912815650878e-16,0.010243250185984222,1.0000000000000107,0.9672542095076865,0.018066999158001446,0.019042375841998554,False,False,False,False,False,False,False,False,True,False
vqe_6_Mutant_Add_h_P12_Q1_[].qasm,PureState_17,0.0,0.2806258149795823,0.0,0.2356601286069329,1.020433820746039e-20,0.02040701381025188,1.000000000000012,0.9795927927790531,1.8579640004290354e-07,0.29150372045359996,False,False,False,False,False,False,False,False,False,True
vqe_6_Mutant_Add_h_P12_Q1_[].qasm,Quratest_17,0.031293616643048736,0.1197213927595159,0.02923360273200858,0.11307048352621206,1.1755038538700455e-16,0.012804936533310548,1.0000000000000115,0.9699129692210703,0.004743798440353553,0.10951401405964645,False,False,False,False,False,False,False,False,False,True
vqe_6_Mutant_Add_h_P12_Q1_[].qasm,PureState_18,0.00340199626492537,0.2215617450821347,0.0034018898410275032,0.18699474056923354,3.301104352448024e-17,0.032103224947113956,1.000000000000011,0.9657930827799,0.013240397819089145,0.13519710218091086,False,False,False,False,False,False,False,False,True,True
vqe_6_Mutant_Add_h_P12_Q1_[].qasm,Quratest_18,0.025209826540851785,0.15576174627265083,0.02506461769434026,0.13421683949315474,1.064360524957746e-16,0.012009988660531155,1.000000000000011,0.9640827518939029,0.0016389957736544364,0.008963214523654436,False,False,False,False,False,False,False,False,False,False
vqe_6_Mutant_Add_h_P12_Q1_[].qasm,PureState_19,0.010711827618276416,0.2622611761743156,0.009961920740879045,0.22703728790372205,9.807874286180314e-19,0.02297134373909654,1.0000000000000115,0.9734860099835103,0.006665776434395407,0.020337651434395407,False,False,False,False,False,False,False,False,False,False
vqe_6_Mutant_Add_h_P12_Q1_[].qasm,Quratest_19,0.026895926550306187,0.11632828490777093,0.02589588790263846,0.11321224918615398,1.5563759243720859e-16,0.016981966291767916,1.000000000000011,0.9599423534720717,0.014460964484025007,0.03876169176597499,False,False,False,False,False,False,False,False,True,False
vqe_6_Mutant_Add_h_P12_Q1_[].qasm,PureState_20,0.008635070797801663,0.2296177409298365,0.008631537686106189,0.19401998439941137,2.4479629541890785e-16,0.016707826571317485,1.000000000000011,0.9716715556699566,0.0018260562577355408,0.01038097499226446,False,False,False,False,False,False,False,False,False,False
vqe_6_Mutant_Add_h_P12_Q1_[].qasm,Quratest_20,0.029159850440721002,0.11054169134092748,0.028310414774197615,0.10597219507922538,2.1256291811346667e-16,0.012508799729106549,1.0000000000000129,0.9667632420508719,0.018693668157403115,0.07924054315740311,False,False,False,False,False,False,False,False,True,True
vqe_6_Mutant_Add_h_P12_Q1_[].qasm,PureState_21,0.014979227560362974,0.24327734224174738,0.014975141970007459,0.20528078022017693,5.824964758466144e-17,0.01755545935802115,1.0000000000000115,0.9710767285899428,0.004755721058119743,0.026494278941880257,False,False,False,False,False,False,False,False,False,False
vqe_6_Mutant_Add_h_P12_Q1_[].qasm,Quratest_21,0.027069020190380377,0.11895505262696236,0.026704547539682825,0.11020564989640326,1.0413428539755158e-16,0.01071238588906867,1.000000000000011,0.9680534049441926,0.008916388956751703,0.028447638956751703,False,False,False,False,False,False,False,False,False,False
vqe_6_Mutant_Add_h_P12_Q1_[].qasm,PureState_22,0.0028365520339270933,0.247724322695524,0.0028365483204891274,0.20850587200971615,2.0831130665075934e-17,0.01931954509695509,1.000000000000011,0.9783074293505065,0.008315041098719556,0.032240822348719556,False,False,False,False,False,False,False,False,False,False
vqe_6_Mutant_Add_h_P12_Q1_[].qasm,Quratest_22,0.026202490539532206,0.10680242210019872,0.02617825207070108,0.10325664662020001,1.789662032935721e-16,0.0123082560399859,1.0000000000000129,0.9626391753684758,0.004353407820789246,0.07075965782078925,False,False,False,False,False,False,False,False,False,True
vqe_6_Mutant_Add_h_P12_Q1_[].qasm,PureState_23,0.013982555496612998,0.23479509901766638,0.01283822229907828,0.1993568353726959,7.016283645586127e-17,0.017101605407349278,1.0000000000000115,0.971140307164222,0.015890262797020972,0.0026644247029790277,False,False,False,False,False,False,False,False,True,False
vqe_6_Mutant_Add_h_P12_Q1_[].qasm,Quratest_23,0.032796001062869756,0.12920946211135137,0.03137214765848742,0.12160061146972106,1.1842579393799187e-16,0.010297826544842167,1.0000000000000115,0.9744687253801709,0.003946086891788103,0.0663664131082119,False,False,False,False,False,False,False,False,False,True
vqe_6_Mutant_Add_h_P12_Q1_[].qasm,PureState_24,0.004827661905353996,0.22794592978628195,0.004827477549087501,0.19186229623734297,1.5216033182217326e-17,0.019016974709136637,1.0000000000000098,0.9796337392018364,0.012334982717127074,0.17370017353287293,False,False,False,False,False,False,False,False,True,True
vqe_6_Mutant_Add_h_P12_Q1_[].qasm,Quratest_24,0.028472076467493213,0.09498008972314445,0.027334104405592557,0.09295352008359152,1.8792188264489182e-16,0.01375177460137082,1.0000000000000089,0.9699034032557079,0.005109380193118601,0.0422187551931186,False,False,False,False,False,False,False,False,False,False
vqe_6_Mutant_Add_h_P12_Q1_[].qasm,PureState_25,0.0048885591533218585,0.25867638055880116,0.004888053146902623,0.218530166164973,4.392798404152355e-19,0.03200919107654004,1.0000000000000124,0.9653205256944228,0.028550901565635944,0.031507692184364056,False,False,False,False,False,False,False,False,True,False
vqe_6_Mutant_Add_h_P12_Q1_[].qasm,Quratest_25,0.027801634742363676,0.09729109518300087,0.027785337765174285,0.09441336963380213,1.843414743768479e-16,0.025781040890440705,1.0000000000000115,0.9535641516281818,0.00244486475698813,0.05859720850698813,False,False,False,False,False,False,False,False,False,True
vqe_6_Mutant_Add_h_P12_Q1_[].qasm,PureState_26,0.006819645669836911,0.25448863465146776,0.00681817942501126,0.21414584142813162,3.471512939634336e-18,0.030484071898397122,1.0000000000000115,0.9670186392961012,0.0034322729015923703,0.03810024165159237,False,False,False,False,False,False,False,False,False,False
vqe_6_Mutant_Add_h_P12_Q1_[].qasm,Quratest_26,0.02494766928481443,0.11992653977149655,0.024878660530236033,0.11592257260436258,1.789272397779984e-16,0.023831857616054348,1.0000000000000102,0.9588255045884019,0.016297960077736873,0.08709874132773687,False,False,False,False,False,False,False,False,True,True
vqe_6_Mutant_Add_h_P12_Q1_[].qasm,PureState_27,0.0033873226864125075,0.21738235274054496,0.003387288816258881,0.18324662749678713,6.13645787006701e-20,0.01958869804393092,1.000000000000011,0.9785758807043307,0.013240398299943612,0.1351971017000564,False,False,False,False,False,False,False,False,True,True
vqe_6_Mutant_Add_h_P12_Q1_[].qasm,Quratest_27,0.028365786192234583,0.1021508550544929,0.027803236990346546,0.09767858581866405,2.0301304514964806e-16,0.012874894013891094,1.000000000000011,0.9637392007941454,0.002266328387132227,0.001151640362867773,False,False,False,False,False,False,False,False,False,False
vqe_6_Mutant_Add_h_P12_Q1_[].qasm,PureState_28,0.012195440421034091,0.23464072807875436,0.011545311077956309,0.1990830552065865,5.973634171659986e-17,0.02106632375982235,1.000000000000012,0.9728623351386644,0.011941768933099905,0.018331668566900095,False,False,False,False,False,False,False,False,True,False
vqe_6_Mutant_Add_h_P12_Q1_[].qasm,Quratest_28,0.032593543951530295,0.10982450752206162,0.03160919269027445,0.10161685543533297,1.3938625949250997e-16,0.00870647793733596,1.000000000000011,0.9689340189905696,0.020242016047910955,0.029074390202089045,False,False,False,False,False,False,False,False,True,False
vqe_6_Mutant_Add_h_P12_Q1_[].qasm,PureState_29,0.009515899934175936,0.19951343615353107,0.0095142150742097,0.17015176545723015,3.259064240927439e-18,0.020562310283771274,1.0000000000000115,0.97443587409525,0.03678731843443657,0.05192403718443657,False,False,False,False,False,False,False,False,True,True
vqe_6_Mutant_Add_h_P12_Q1_[].qasm,Quratest_29,0.029034276438331164,0.10693076927767649,0.02846924426561119,0.10029038703521037,1.154095625523785e-16,0.011005402941154822,1.000000000000012,0.9683408699427191,0.014714140811852447,0.022526640811852447,False,False,False,False,False,False,False,False,True,False
vqe_6_Mutant_Add_h_P12_Q1_[].qasm,PureState_30,0.00976910187303207,0.2365963906208453,0.009763992567634657,0.20071347935690986,1.9834542202255682e-17,0.0207624296879489,1.0000000000000107,0.9731673923591615,0.005636352387666816,0.001199585112333184,False,False,False,False,False,False,False,False,False,False
vqe_6_Mutant_Add_h_P12_Q1_[].qasm,Quratest_30,0.02787556258669799,0.09475986258518854,0.027578460319653154,0.09093575592375854,1.8374587207576582e-16,0.011210774474571581,1.0000000000000124,0.9631599634226627,0.0014324014345792405,0.01315115143457924,False,False,False,False,False,False,False,False,False,False
vqe_6_Mutant_Add_h_P12_Q1_[].qasm,PureState_31,0.006685688540748511,0.2632591353119345,0.0066843503941288905,0.22308596671664144,1.6658996885117448e-16,0.02222343122661371,1.0000000000000124,0.9738133296606034,0.002398639316936721,0.006304889316936721,False,False,False,False,False,False,False,False,False,False
vqe_6_Mutant_Add_h_P12_Q1_[].qasm,Quratest_31,0.028769945707200692,0.08305203973583253,0.02845756314426887,0.08117789246355475,1.3613513528271115e-16,0.008503367388777112,1.000000000000012,0.9711793926849612,0.0073900932936386,0.0951489692063614,False,False,False,False,False,False,False,False,False,True
vqe_6_Mutant_Add_cz_P19_Q2_[].qasm,PureState_0,0.010927023041097815,0.2447077939340961,0.010196111588712838,0.21014251005805035,0.0,0.020674314072541673,1.000000000000011,0.976469638232623,0.022863314928994627,0.10245315867899463,False,False,False,False,False,False,False,False,True,True
vqe_6_Mutant_Add_cz_P19_Q2_[].qasm,Quratest_0,0.0316265016659084,0.1394224351965921,0.02981394742600353,0.13013778919493885,0.0,0.016655694244375727,1.000000000000011,0.9690256343283375,0.002907858240559419,0.02834214175944058,False,False,False,False,False,False,False,False,False,False
vqe_6_Mutant_Add_cz_P19_Q2_[].qasm,PureState_1,0.0,0.3026463349620128,0.0,0.2545047114042142,0.0,0.03680629027928306,1.0000000000000102,0.9631930193030014,1.993538863986899e-07,0.2866208943961136,False,True,False,False,False,False,False,False,False,True
vqe_6_Mutant_Add_cz_P19_Q2_[].qasm,Quratest_1,0.031674656193836075,0.0933338189111316,0.029098441129418486,0.09082030705662301,0.0,0.02018411004277662,1.0000000000000107,0.9542990857041195,0.03574980717969689,0.07774199467969689,False,False,False,False,False,False,False,False,True,True
vqe_6_Mutant_Add_cz_P19_Q2_[].qasm,PureState_2,0.0,0.2968733429294053,0.0,0.2495569710321609,0.0,0.03561842850056887,1.000000000000011,0.9643811196134009,1.8531608814154055e-07,0.29394512718391186,False,False,False,False,False,False,False,False,False,True
vqe_6_Mutant_Add_cz_P19_Q2_[].qasm,Quratest_2,0.02962561448730893,0.1155670588550712,0.027712215604298953,0.10848258714117796,0.0,0.02119738827104866,1.0000000000000102,0.9534713506673185,0.013764399641357034,0.032134037858642966,False,False,False,False,False,False,False,False,True,False
vqe_6_Mutant_Add_cz_P19_Q2_[].qasm,PureState_3,0.004437953030754539,0.2549802627530082,0.004437499930828772,0.21554053664535958,0.0,0.02158160721741111,1.000000000000011,0.9755369136853392,0.0032589661257649283,0.06851837762423507,False,False,False,False,False,False,False,False,False,True
vqe_6_Mutant_Add_cz_P19_Q2_[].qasm,Quratest_3,0.032344771227613464,0.11683606884127258,0.030071336008093058,0.11003329866785455,0.0,0.01323824748554276,1.0000000000000115,0.9656904097738929,0.00926835221395439,0.1264558522139544,False,False,False,False,False,False,False,False,False,True
vqe_6_Mutant_Add_cz_P19_Q2_[].qasm,PureState_4,0.0,0.2931605515610316,0.0,0.2463777256520818,0.0,0.02405817608819889,1.0000000000000115,0.9759414027430106,1.988763883575828e-07,0.29248026987361164,False,False,False,False,False,False,False,False,False,True
vqe_6_Mutant_Add_cz_P19_Q2_[].qasm,Quratest_4,0.02982333582666654,0.07139731975108736,0.02973909554306225,0.0703477772428054,0.0,0.014110373045173123,1.000000000000012,0.9572974143353378,4.8547264831833026e-05,0.022900671485168167,False,False,False,False,False,False,False,False,False,False
vqe_6_Mutant_Add_cz_P19_Q2_[].qasm,PureState_5,0.0051606327144653515,0.23120017196789538,0.005160500335312362,0.1948538291145041,0.0,0.033416291558859265,1.000000000000011,0.9647707189630728,0.013240354043680402,0.1430096459563196,False,False,False,False,False,False,False,False,True,True
vqe_6_Mutant_Add_cz_P19_Q2_[].qasm,Quratest_5,0.027405373371003638,0.07642645796651329,0.027384160834634946,0.07589019541536113,0.0,0.012647438538041622,1.0000000000000098,0.9560111105707118,0.029985590223591048,0.04414574647359105,False,False,False,False,False,False,False,False,True,False
vqe_6_Mutant_Add_cz_P19_Q2_[].qasm,PureState_6,0.009707505586305332,0.23900503955435776,0.009707331766211552,0.2011031291095191,0.0,0.01864504448229278,1.0000000000000107,0.969515092306067,0.008035540311348306,0.0007113215613483055,False,False,False,False,False,False,False,False,False,False
vqe_6_Mutant_Add_cz_P19_Q2_[].qasm,Quratest_6,0.03107173253136258,0.15270271355143072,0.028976125388760737,0.1413738316405959,0.0,0.027057851124369606,1.0000000000000129,0.9581932524995337,0.012425972200174884,0.047093940950174884,False,False,False,False,False,False,False,False,True,False
vqe_6_Mutant_Add_cz_P19_Q2_[].qasm,PureState_7,0.0031559044807243568,0.2199742793446693,0.003155887478857134,0.18487924643541684,0.0,0.019852224045682324,1.0000000000000102,0.9703910817975447,0.004921639146742332,0.030800545396742332,False,False,False,False,False,False,False,False,False,False
vqe_6_Mutant_Add_cz_P19_Q2_[].qasm,Quratest_7,0.026165331324050786,0.17197753049332942,0.02423557620887285,0.15377855144083713,0.0,0.015554063819163175,1.000000000000011,0.9712036258160015,0.025292895921867398,0.0416016353281326,False,False,False,False,False,False,False,False,True,False
vqe_6_Mutant_Add_cz_P19_Q2_[].qasm,PureState_8,0.009290599773240833,0.259842768839631,0.00928962970854418,0.2197299137208269,0.0,0.032703029487587486,1.000000000000011,0.9642796541555365,0.0016238327753108073,0.06900664527531081,False,False,False,False,False,False,False,False,False,True
vqe_6_Mutant_Add_cz_P19_Q2_[].qasm,Quratest_8,0.028165063244949544,0.12286987466221032,0.02812497157242185,0.11783261583855184,0.0,0.017899728549012565,1.000000000000011,0.9539592956142899,0.0019076363125808682,0.04545564493741913,False,False,False,False,False,False,False,False,False,False
vqe_6_Mutant_Add_cz_P19_Q2_[].qasm,PureState_9,0.00842591217173509,0.20076829551707936,0.008425428134177527,0.1704726397294341,0.0,0.023882485703410165,1.0000000000000089,0.9711513586254178,0.03678731413215557,0.04118184538215557,False,False,False,False,False,False,False,False,True,False
vqe_6_Mutant_Add_cz_P19_Q2_[].qasm,Quratest_9,0.02413377375992723,0.13805100012797594,0.022756575331973783,0.12309514874584994,0.0,0.01918645260214529,1.000000000000012,0.9558602768188426,0.00019193322626903653,0.06279634802373096,False,False,False,False,False,False,False,False,False,True
vqe_6_Mutant_Add_cz_P19_Q2_[].qasm,PureState_10,0.011297960643745398,0.24523813079320977,0.011297707961727034,0.20678838923794615,0.0,0.022909469662811544,1.000000000000011,0.970972424542789,0.015986191125957023,0.014287246374042977,False,False,False,False,False,False,False,False,True,False
vqe_6_Mutant_Add_cz_P19_Q2_[].qasm,Quratest_10,0.02510385947348632,0.09083108701394274,0.024982488374022106,0.08837453099673909,0.0,0.011183304227766805,1.000000000000011,0.9672736458161445,0.015478447399372375,0.08657233385062763,False,False,False,False,False,False,False,False,True,True
vqe_6_Mutant_Add_cz_P19_Q2_[].qasm,PureState_11,0.0073702703858091875,0.23217170037079826,0.007368471421078851,0.1965531214398351,0.0,0.019173737689572985,1.0000000000000115,0.9688701807633564,0.020146603697443886,0.005732302552556114,False,False,False,False,False,False,False,False,True,False
vqe_6_Mutant_Add_cz_P19_Q2_[].qasm,Quratest_11,0.025439533956472846,0.2000871540025038,0.02413593272386249,0.17226764259608424,0.0,0.018061496223230996,1.000000000000011,0.9594877243029214,0.0016266410811671544,0.032553046418832846,False,False,False,False,False,False,False,False,False,False
vqe_6_Mutant_Add_cz_P19_Q2_[].qasm,PureState_12,0.002993627140961403,0.24576065278413625,0.002993616021445881,0.20690514364396487,0.0,0.019564006358725447,1.0000000000000124,0.9776711586282082,0.00343227251334155,0.03761196001334155,False,False,False,False,False,False,False,False,False,False
vqe_6_Mutant_Add_cz_P19_Q2_[].qasm,Quratest_12,0.028063643686381194,0.11472798558687612,0.02802076033473549,0.11050164583023761,0.0,0.014730937469658156,1.000000000000011,0.9625956507371548,0.009071688705426517,0.14620174879457348,False,False,False,False,False,False,False,False,False,True
vqe_6_Mutant_Add_cz_P19_Q2_[].qasm,PureState_13,0.007979273269292372,0.24539327740010972,0.007977988968785831,0.206869707663449,0.0,0.020213612937933424,1.000000000000011,0.9768847157684023,0.030042805648908155,0.07984749314890816,False,False,False,False,False,False,False,False,True,True
vqe_6_Mutant_Add_cz_P19_Q2_[].qasm,Quratest_13,0.027126032465603578,0.12131946910210131,0.026524469730037286,0.11645771602356586,0.0,0.022586208165541105,1.000000000000012,0.9561851232446628,0.0038297033493064347,0.11872889040069357,False,False,False,False,False,False,False,False,False,True
vqe_6_Mutant_Add_cz_P19_Q2_[].qasm,PureState_14,0.006528706739997713,0.24176844617169688,0.0065286448989940364,0.20402760570643624,0.0,0.022601268762204134,1.000000000000011,0.9712342373564743,0.011983991328152754,0.007547258671847246,False,False,False,False,False,False,False,False,True,False
vqe_6_Mutant_Add_cz_P19_Q2_[].qasm,Quratest_14,0.029206636291882786,0.16291108877878174,0.027727478998195023,0.1545928865643763,0.0,0.02227635051068645,1.0000000000000102,0.9566498798824402,0.007717113298357892,0.1834983632983579,False,False,False,False,False,False,False,False,False,True
vqe_6_Mutant_Add_cz_P19_Q2_[].qasm,PureState_15,0.011182001510617745,0.23008268400171158,0.01117423384044826,0.19517307954592655,0.0,0.018441840690376278,1.0000000000000115,0.9695198805062575,0.006124633160333032,0.020773070660333032,False,False,False,False,False,False,False,False,False,False
vqe_6_Mutant_Add_cz_P19_Q2_[].qasm,Quratest_15,0.026535719115652986,0.1566084123056145,0.0255385141785688,0.1444742323114174,0.0,0.02760739466275016,1.0000000000000133,0.9560486623800488,0.011988504194499372,0.11935915205550063,False,False,False,False,False,False,False,False,True,True
vqe_6_Mutant_Add_cz_P19_Q2_[].qasm,PureState_16,0.008377858559526065,0.2608162688509631,0.00837599700339846,0.22103916316599242,0.0,0.021085005398235414,1.000000000000011,0.9692589565578357,0.013226361319912935,0.005816607430087065,False,False,False,False,False,False,False,False,True,False
vqe_6_Mutant_Add_cz_P19_Q2_[].qasm,Quratest_16,0.03128504812725803,0.09921231556058692,0.030418597192614544,0.09588000926979354,0.0,0.011150395755690858,1.000000000000011,0.9648245255898747,0.018066999158001446,0.022948625841998554,False,False,False,False,False,False,False,False,True,False
vqe_6_Mutant_Add_cz_P19_Q2_[].qasm,PureState_17,0.0,0.2789778653013885,0.0,0.23425286312569893,0.0,0.022854590927484264,1.000000000000012,0.9771452031426455,1.8579640004290354e-07,0.29638653295359996,False,False,False,False,False,False,False,False,False,True
vqe_6_Mutant_Add_cz_P19_Q2_[].qasm,Quratest_17,0.031041274226663633,0.11968920251533378,0.029924757126524208,0.11288037602932131,0.0,0.013547652641267477,1.0000000000000115,0.9681120553342623,0.004743798440353553,0.11000229530964645,False,False,False,False,False,False,False,False,False,True
vqe_6_Mutant_Add_cz_P19_Q2_[].qasm,PureState_18,0.0027253994883839824,0.22813493290260314,0.0027253819934055265,0.19252254404905322,0.0,0.034579126449874056,1.0000000000000115,0.9635821395080021,0.013240397819089145,0.13617366468091086,False,False,False,False,False,False,False,False,True,True
vqe_6_Mutant_Add_cz_P19_Q2_[].qasm,Quratest_18,0.025249915712335307,0.15691691511043254,0.02523168177754187,0.13523716475918612,0.0,0.012694812533073804,1.0000000000000115,0.9617123265019739,0.0016389957736544364,0.007498370773654436,False,False,False,False,False,False,False,False,False,False
vqe_6_Mutant_Add_cz_P19_Q2_[].qasm,PureState_19,0.010931568980749108,0.26959753585549917,0.010897172107141466,0.23329690024537533,0.0,0.025193642232428967,1.000000000000012,0.9712578575073665,0.006665776434395407,0.020825932684395407,False,False,False,False,False,False,False,False,False,False
vqe_6_Mutant_Add_cz_P19_Q2_[].qasm,Quratest_19,0.03023952262907005,0.11356903421292872,0.028373853996553806,0.1103651151328223,0.0,0.018110608276545797,1.0000000000000102,0.957901318842728,0.014460964484025007,0.03680856676597499,False,False,False,False,False,False,False,False,True,False
vqe_6_Mutant_Add_cz_P19_Q2_[].qasm,PureState_20,0.01641199021692003,0.2332085935133079,0.01639998324385329,0.19678112482467677,0.0,0.01802690639910566,1.000000000000012,0.9700181315836354,0.0018260562577355408,0.01135753749226446,False,False,False,False,False,False,False,False,False,False
vqe_6_Mutant_Add_cz_P19_Q2_[].qasm,Quratest_20,0.03433627229838523,0.09946320852589054,0.033765816128459115,0.09532493266841416,0.0,0.013245579826595176,1.0000000000000124,0.9646129269085627,0.018693668157403115,0.07679913690740311,False,False,False,False,False,False,False,False,True,True
vqe_6_Mutant_Add_cz_P19_Q2_[].qasm,PureState_21,0.008121079038146746,0.25090935328661046,0.008118279911620709,0.21169514178001198,0.0,0.019243061831770866,1.0000000000000107,0.9689497808383339,0.004755721058119743,0.030888810191880257,False,False,False,False,False,False,False,False,False,False
vqe_6_Mutant_Add_cz_P19_Q2_[].qasm,Quratest_21,0.03148463656668846,0.11709121939171731,0.03021981252462436,0.10837913477925917,0.0,0.011225265875896569,1.000000000000011,0.965890841746206,0.008916388956751703,0.026982795206751703,False,False,False,False,False,False,False,False,False,False
vqe_6_Mutant_Add_cz_P19_Q2_[].qasm,PureState_22,0.005292684531892035,0.25444244964725754,0.005292160397152017,0.2143664486129483,0.0,0.02105666705707169,1.000000000000011,0.9761647757032808,0.008315041098719556,0.030287697348719556,False,False,False,False,False,False,False,False,False,False
vqe_6_Mutant_Add_cz_P19_Q2_[].qasm,Quratest_22,0.03127897584337667,0.11018154380613608,0.03100476981740886,0.10655771966657825,0.0,0.013563315719692375,1.0000000000000133,0.9604452916448973,0.004353407820789246,0.07075965782078925,False,False,False,False,False,False,False,False,False,True
vqe_6_Mutant_Add_cz_P19_Q2_[].qasm,PureState_23,0.012269570090382409,0.236348591402805,0.010945596979533989,0.2008103780643162,0.0,0.018746958416277368,1.000000000000011,0.9692159486497706,0.015890262797020972,0.0011995809529790277,False,False,False,False,False,False,False,False,True,False
vqe_6_Mutant_Add_cz_P19_Q2_[].qasm,Quratest_23,0.03360193248707465,0.11977611639610289,0.03160092842273781,0.11323346553707829,0.0,0.01105916891653252,1.0000000000000107,0.9723382869490816,0.003946086891788103,0.0668546943582119,False,False,False,False,False,False,False,False,False,True
vqe_6_Mutant_Add_cz_P19_Q2_[].qasm,PureState_24,0.0022704284933599598,0.2264284734556429,0.002270294766727802,0.19030439460408383,0.0,0.021559821335442778,1.0000000000000093,0.9773916818535479,0.012334982717127074,0.17125876728287293,False,False,False,False,False,False,False,False,True,True
vqe_6_Mutant_Add_cz_P19_Q2_[].qasm,Quratest_24,0.03147832511456308,0.09281602247449111,0.02961938131795419,0.09076953382344309,0.0,0.014326168690602865,1.0000000000000089,0.9679696892666274,0.005109380193118601,0.0407539114431186,False,False,False,False,False,False,False,False,False,False
vqe_6_Mutant_Add_cz_P19_Q2_[].qasm,PureState_25,0.006866432256782033,0.26127416678413107,0.006865304863984822,0.22035009933467348,0.0,0.033451028577405756,1.000000000000012,0.9634769055728577,0.028550901565635944,0.031995973434364056,False,False,False,False,False,False,False,False,True,False
vqe_6_Mutant_Add_cz_P19_Q2_[].qasm,Quratest_25,0.030522954012385903,0.10191796547927001,0.02894067430443145,0.09910787061774072,0.0,0.026715110539178986,1.000000000000011,0.9515977910970016,0.00244486475698813,0.05713236475698813,False,False,False,False,False,False,False,False,False,True
vqe_6_Mutant_Add_cz_P19_Q2_[].qasm,PureState_26,0.005942940554179127,0.2589281357434332,0.005942882144623,0.2178937485064209,0.0,0.03220232342668015,1.000000000000011,0.9649002043244842,0.0034322729015923703,0.04249477290159237,False,False,False,False,False,False,False,False,False,False
vqe_6_Mutant_Add_cz_P19_Q2_[].qasm,Quratest_26,0.029805636752791215,0.12476157877673837,0.02934990448290928,0.12054359348185051,0.0,0.024342896755901004,1.000000000000011,0.9567749506023915,0.016297960077736873,0.09002842882773687,False,False,False,False,False,False,False,False,True,True
vqe_6_Mutant_Add_cz_P19_Q2_[].qasm,PureState_27,0.0019030687346313988,0.21456821834732298,0.0019030660580110247,0.18158324469890652,0.0,0.022097370034733457,1.000000000000011,0.9763356730597615,0.013240398299943612,0.1347088204500564,False,False,False,False,False,False,False,False,True,True
vqe_6_Mutant_Add_cz_P19_Q2_[].qasm,Quratest_27,0.030285968566706616,0.1033612881610756,0.0302698984186079,0.09868623128187229,0.0,0.014062940126188545,1.000000000000012,0.9615689411365751,0.002266328387132227,0.0006633591128677729,False,False,False,False,False,False,False,False,False,False
vqe_6_Mutant_Add_cz_P19_Q2_[].qasm,PureState_28,0.019385602540166615,0.24189548639788302,0.018611237033987517,0.20532396841287517,0.0,0.022704926991987458,1.0000000000000115,0.9709345629455444,0.011941768933099905,0.017843387316900095,False,False,False,False,False,False,False,False,True,False
vqe_6_Mutant_Add_cz_P19_Q2_[].qasm,Quratest_28,0.027045135973001448,0.10834055422569057,0.026739812149351824,0.10055388223049663,0.0,0.009419719156693396,1.000000000000011,0.9666793626000214,0.020242016047910955,0.030050952702089045,False,False,False,False,False,False,False,False,True,False
vqe_6_Mutant_Add_cz_P19_Q2_[].qasm,PureState_29,0.010985344458620058,0.20293825799359716,0.010983508920189417,0.172440500289913,0.0,0.023053380344354002,1.000000000000012,0.9720010852746973,0.03678731843443657,0.05631856843443657,False,False,False,False,False,False,False,False,True,True
vqe_6_Mutant_Add_cz_P19_Q2_[].qasm,Quratest_29,0.02935592499244833,0.1135592303985244,0.029070667007424455,0.10649741694159823,0.0,0.011996475193263814,1.0000000000000124,0.9662979600934284,0.014714140811852447,0.023014922061852447,False,False,False,False,False,False,False,False,True,False
vqe_6_Mutant_Add_cz_P19_Q2_[].qasm,PureState_30,0.018202436824551204,0.23472575802640785,0.01642095185338977,0.1994578678012368,0.0,0.022401076571902705,1.0000000000000115,0.9712390096769183,0.005636352387666816,0.00022302261233318396,False,False,False,False,False,False,False,False,False,False
vqe_6_Mutant_Add_cz_P19_Q2_[].qasm,Quratest_30,0.02900689072397795,0.09459698979673445,0.028954970728870044,0.09121720066172996,0.0,0.01192319476045689,1.0000000000000115,0.9612406798441963,0.0014324014345792405,0.01168630768457924,False,False,False,False,False,False,False,False,False,False
vqe_6_Mutant_Add_cz_P19_Q2_[].qasm,PureState_31,0.008534208810043414,0.256853628163283,0.00853158459760633,0.2175472126831752,0.0,0.024409032733827,1.000000000000012,0.9715846375982224,0.002398639316936721,0.005816608066936721,False,False,False,False,False,False,False,False,False,False
vqe_6_Mutant_Add_cz_P19_Q2_[].qasm,Quratest_31,0.028425275700711405,0.08471667430182579,0.028143571216821137,0.08303481557198035,0.0,0.009085545887396367,1.000000000000011,0.9687807226787624,0.0073900932936386,0.0971020942063614,False,False,False,False,False,False,False,False,False,True
vqe_6_Mutant_Add_h_P27_Q5_[].qasm,PureState_0,0.010108389534232279,0.24257355172638215,0.009316353507926605,0.2078293597796326,3.6569755724044688e-22,0.019255788602119774,1.000000000000011,0.9783522065465902,0.022863314928994627,0.10391800242899463,False,False,False,False,False,False,False,False,True,True
vqe_6_Mutant_Add_h_P27_Q5_[].qasm,Quratest_0,0.030672047127181735,0.1355898608148579,0.02879189381914805,0.1269603287508212,3.911756969097969e-17,0.01572249380827774,1.0000000000000107,0.9711148143877829,0.002907858240559419,0.03127182925944058,False,False,False,False,False,False,False,False,False,False
vqe_6_Mutant_Add_h_P27_Q5_[].qasm,PureState_1,0.0,0.2952072635046172,0.0,0.24813004606624328,4.6408375921545046e-21,0.03535544163010727,1.0000000000000107,0.9646439412319526,1.993538863986899e-07,0.2875974568961136,False,False,False,False,False,False,False,False,False,True
vqe_6_Mutant_Add_h_P27_Q5_[].qasm,Quratest_1,0.029468199771695503,0.10221210232559347,0.028351786556303698,0.09928852111888108,3.072633191988656e-17,0.019195659500058058,1.0000000000000107,0.9566325005045895,0.03574980717969689,0.07823027592969689,False,False,False,False,False,False,False,False,True,True
vqe_6_Mutant_Add_h_P27_Q5_[].qasm,PureState_2,0.0,0.29724255843572,0.0,0.24987324770651362,1.1102230302723798e-16,0.03416501773981977,1.000000000000011,0.9658345475542762,1.8531608814154055e-07,0.29492168968391186,False,False,False,False,False,False,False,False,False,True
vqe_6_Mutant_Add_h_P27_Q5_[].qasm,Quratest_2,0.029177198754915142,0.11047267691845704,0.02696842137258158,0.10473199579374859,8.456120494852813e-17,0.020930417581519613,1.0000000000000102,0.9551411101794555,0.013764399641357034,0.033598881608642966,False,False,False,False,False,False,False,False,True,False
vqe_6_Mutant_Add_h_P27_Q5_[].qasm,PureState_3,0.0016030555385314158,0.24887961078696247,0.0016030292372527374,0.21024828413928706,4.3718214895217195e-19,0.01990025267843199,1.000000000000011,0.9776923728386117,0.0032589661257649283,0.06803009637423507,False,False,False,False,False,False,False,False,False,True
vqe_6_Mutant_Add_h_P27_Q5_[].qasm,Quratest_3,0.03091290773727644,0.12355805167497197,0.02956991409500559,0.11603469093762712,5.164786434479378e-17,0.01267254831011087,1.000000000000011,0.96760825352287,0.00926835221395439,0.12450272721395439,False,False,False,False,False,False,False,False,False,True
vqe_6_Mutant_Add_h_P27_Q5_[].qasm,PureState_4,0.0,0.28542698437993896,0.0,0.23976242745896725,3.7162333065410195e-25,0.021600274090892563,1.0000000000000115,0.9783993732613485,1.988763883575828e-07,0.28662089487361164,False,False,False,False,False,False,False,False,False,True
vqe_6_Mutant_Add_h_P27_Q5_[].qasm,Quratest_4,0.02749960697815514,0.07532345679236101,0.027490671202374077,0.0738721681523291,9.431203647908282e-17,0.014408949051859622,1.000000000000011,0.9588709966679712,4.8547264831833026e-05,0.016553015235168167,False,False,False,False,False,False,False,False,False,False
vqe_6_Mutant_Add_h_P27_Q5_[].qasm,PureState_5,0.002561622874033977,0.22688105706572442,0.002561609841648998,0.19139747437845797,4.127781321904729e-21,0.03199371015975268,1.000000000000011,0.9662247340861152,0.013240354043680402,0.1430096459563196,False,False,False,False,False,False,False,False,True,True
vqe_6_Mutant_Add_h_P27_Q5_[].qasm,Quratest_5,0.02729673083245785,0.0760823882464593,0.02727753299338797,0.07528690129585629,5.732718987017105e-17,0.012079493426655838,1.0000000000000107,0.9579512194128492,0.029985590223591048,0.04609887147359105,False,False,False,False,False,False,False,False,True,False
vqe_6_Mutant_Add_h_P27_Q5_[].qasm,PureState_6,0.010085302093781025,0.24536869692521449,0.010083615446252685,0.20698946741620666,8.326672717174597e-17,0.017206548366860086,1.0000000000000115,0.9708788640769346,0.008035540311348306,0.0036410090613483055,False,False,False,False,False,False,False,False,False,False
vqe_6_Mutant_Add_h_P27_Q5_[].qasm,Quratest_6,0.026168655789160982,0.15487698557902368,0.023340606625669703,0.1438371594397118,9.359702817503688e-17,0.025910895530771832,1.000000000000012,0.9596822998514332,0.012425972200174884,0.050023628450174884,False,False,False,False,False,False,False,False,True,True
vqe_6_Mutant_Add_h_P27_Q5_[].qasm,PureState_7,0.00597523523123369,0.22636744815411747,0.00597519265632482,0.19007564840357566,5.551115508410501e-17,0.01742082189848264,1.000000000000011,0.9723284574419646,0.004921639146742332,0.03421851414674233,False,False,False,False,False,False,False,False,False,False
vqe_6_Mutant_Add_h_P27_Q5_[].qasm,Quratest_7,0.026879620271426836,0.18077149017120503,0.02444668899965722,0.161467847237982,1.091103814155429e-16,0.01375262820670831,1.000000000000011,0.9733344960519099,0.025292895921867398,0.0455078853281326,False,False,False,False,False,False,False,False,True,False
vqe_6_Mutant_Add_h_P27_Q5_[].qasm,PureState_8,0.005140916391726865,0.25444940848800124,0.005138757340626732,0.21471678641489206,4.354606561210284e-19,0.032003027857650225,1.000000000000011,0.9654349808647159,0.0016238327753108073,0.06803008277531081,False,False,False,False,False,False,False,False,False,True
vqe_6_Mutant_Add_h_P27_Q5_[].qasm,Quratest_8,0.030234983417328862,0.13023031717438374,0.030083000477025085,0.1241530638984008,6.428641256481238e-17,0.016951837425606756,1.000000000000011,0.95572079329622,0.0019076363125808682,0.04692048868741913,False,False,False,False,False,False,False,False,False,False
vqe_6_Mutant_Add_h_P27_Q5_[].qasm,PureState_9,0.008588723625338029,0.20487630696392492,0.008586763677747713,0.1737968289889737,2.3852531104956586e-18,0.02139974836274762,1.0000000000000089,0.9731232911716993,0.03678731413215557,0.04069356413215557,False,False,False,False,False,False,False,False,True,False
vqe_6_Mutant_Add_h_P27_Q5_[].qasm,Quratest_9,0.033472217994637406,0.13468282027792514,0.032203253964527924,0.12006181508774276,8.509510049356723e-17,0.01850323194087877,1.0000000000000115,0.9578787856443065,0.00019193322626903653,0.062308066773730963,False,False,False,False,False,False,False,False,False,True
vqe_6_Mutant_Add_h_P27_Q5_[].qasm,PureState_10,0.00982185334531856,0.2495524972703596,0.009815496385292742,0.21024955341065477,5.583642832160257e-17,0.021123996677437366,1.0000000000000107,0.9726444343315298,0.015986191125957023,0.011357558874042977,False,False,False,False,False,False,False,False,True,False
vqe_6_Mutant_Add_h_P27_Q5_[].qasm,Quratest_10,0.029396979071699112,0.0923630935275354,0.02854957329420994,0.08965141207639621,4.491307499521202e-17,0.010368882754231108,1.000000000000011,0.969386266718024,0.015478447399372375,0.08754889635062763,False,False,False,False,False,False,False,False,True,True
vqe_6_Mutant_Add_h_P27_Q5_[].qasm,PureState_11,0.01229209972580956,0.2355986866641875,0.012288134163329576,0.19897842052774198,4.271757250054439e-17,0.017673505061402802,1.0000000000000115,0.9702330546299376,0.020146603697443886,0.005732302552556114,False,False,False,False,False,False,False,False,True,False
vqe_6_Mutant_Add_h_P27_Q5_[].qasm,Quratest_11,0.025543366195335867,0.19760560645548614,0.024535868382102127,0.17078933203298988,1.2192022236483004e-16,0.016452922760285444,1.0000000000000115,0.9613213643878329,0.0016266410811671544,0.032553046418832846,False,False,False,False,False,False,False,False,False,False
vqe_6_Mutant_Add_h_P27_Q5_[].qasm,PureState_12,0.005520932721711448,0.24070081997655285,0.005520422227032823,0.2027680632340468,1.51169720843112e-21,0.017870395236060755,1.000000000000012,0.9798318285074613,0.00343227251334155,0.03712367876334155,False,False,False,False,False,False,False,False,False,False
vqe_6_Mutant_Add_h_P27_Q5_[].qasm,Quratest_12,0.032394440272526824,0.11233131205066807,0.031634589691576946,0.10857430937485049,4.7921736023859296e-17,0.013834153375676606,1.0000000000000107,0.9647735157598073,0.009071688705426517,0.14766659254457348,False,False,False,False,False,False,False,False,False,True
vqe_6_Mutant_Add_h_P27_Q5_[].qasm,PureState_13,0.00796075996784379,0.24589851152560832,0.007960495831569589,0.20753562230437594,2.0821615232400365e-17,0.01880162048255485,1.000000000000011,0.9787683926900151,0.030042805648908155,0.08033577439890816,False,False,False,False,False,False,False,False,True,True
vqe_6_Mutant_Add_h_P27_Q5_[].qasm,Quratest_13,0.028263093559294107,0.11919044963309162,0.02765956092137851,0.11470579475923334,6.476752727885282e-17,0.022628527173772867,1.0000000000000115,0.9575608098574703,0.0038297033493064347,0.12019373415069357,False,False,False,False,False,False,False,False,False,True
vqe_6_Mutant_Add_h_P27_Q5_[].qasm,PureState_14,0.0066466204920693425,0.24777542700662106,0.006646292759272213,0.20860132265917714,5.551116001056027e-17,0.021094724021194194,1.0000000000000124,0.9726332029402099,0.011983991328152754,0.004129289921847246,False,False,False,False,False,False,False,False,True,False
vqe_6_Mutant_Add_h_P27_Q5_[].qasm,Quratest_14,0.021394511079801514,0.1576408787840152,0.020531696618705412,0.14961543432548358,1.5178885654952344e-17,0.02038273291505278,1.0000000000000098,0.9588628125411583,0.007717113298357892,0.1825218007983579,False,False,False,False,False,False,False,False,False,True
vqe_6_Mutant_Add_h_P27_Q5_[].qasm,PureState_15,0.012084603364421742,0.23639732411822262,0.012083049758808227,0.20104125262054615,1.6100429807473296e-17,0.016686655672436497,1.0000000000000115,0.9711566951689568,0.006124633160333032,0.018819945660333032,False,False,False,False,False,False,False,False,False,False
vqe_6_Mutant_Add_h_P27_Q5_[].qasm,Quratest_15,0.03082936733505487,0.16128165662940802,0.029956534432561237,0.14904061910666036,6.197835366266282e-17,0.027758242750725394,1.0000000000000124,0.9570384999785281,0.011988504194499372,0.11740602705550063,False,False,False,False,False,False,False,False,True,True
vqe_6_Mutant_Add_h_P27_Q5_[].qasm,PureState_16,0.00701782702271982,0.2553283346921146,0.007015636949129541,0.2159185965960638,4.336985934996749e-19,0.01857718612475846,1.0000000000000115,0.9711952970962914,0.013226361319912935,0.007769732430087065,False,False,False,False,False,False,False,False,True,False
vqe_6_Mutant_Add_h_P27_Q5_[].qasm,Quratest_16,0.03202457622290149,0.09721387819064627,0.03147181619418131,0.09322900144235408,3.274375264200949e-17,0.010216836453647092,1.0000000000000115,0.9671180252878224,0.018066999158001446,0.017577532091998554,False,False,False,False,False,False,False,False,True,False
vqe_6_Mutant_Add_h_P27_Q5_[].qasm,PureState_17,0.0,0.2848543718269575,0.0,0.23927298143159936,4.618673696241813e-25,0.020392874398103573,1.000000000000012,0.9796069316175009,1.8579640004290354e-07,0.29150372045359996,False,False,False,False,False,False,False,False,False,True
vqe_6_Mutant_Add_h_P27_Q5_[].qasm,Quratest_17,0.03108292200076286,0.12779746609033002,0.029752210014071124,0.12112675733930563,5.263547437532948e-17,0.012845574891160803,1.0000000000000107,0.9697439780284715,0.004743798440353553,0.10951401405964645,False,False,False,False,False,False,False,False,False,True
vqe_6_Mutant_Add_h_P27_Q5_[].qasm,PureState_18,0.003031084273711917,0.23605479541210014,0.0030310647873099347,0.199469065477846,1.2116807749754629e-20,0.03315905147732007,1.0000000000000115,0.9650336476058207,0.013240397819089145,0.13568538343091086,False,False,False,False,False,False,False,False,True,True
vqe_6_Mutant_Add_h_P27_Q5_[].qasm,Quratest_18,0.026208262919163314,0.15896229290525582,0.026119933888272953,0.13650667780579226,5.994428014044797e-17,0.012153746178395005,1.0000000000000115,0.9636021610913068,0.0016389957736544364,0.007010089523654436,False,False,False,False,False,False,False,False,False,False
vqe_6_Mutant_Add_h_P27_Q5_[].qasm,PureState_19,0.006112573285149614,0.26682029830208287,0.006112435787672563,0.2304443755684812,5.1234322806047556e-24,0.022655504270225984,1.000000000000012,0.9732300064497516,0.006665776434395407,0.022290776434395407,False,False,False,False,False,False,False,False,False,False
vqe_6_Mutant_Add_h_P27_Q5_[].qasm,Quratest_19,0.03427247270162481,0.11832495317843782,0.03322941180473003,0.11515962701669774,9.57608863353613e-17,0.017624839579762377,1.0000000000000107,0.9594240214967498,0.014460964484025007,0.03632028551597499,False,False,False,False,False,False,False,False,True,False
vqe_6_Mutant_Add_h_P27_Q5_[].qasm,PureState_20,0.014246681657063122,0.23252488446013025,0.013671267502821353,0.19631329575651327,6.971420120684451e-17,0.016600592912599323,1.0000000000000115,0.9713833714176139,0.0018260562577355408,0.00989269374226446,False,False,False,False,False,False,False,False,False,False
vqe_6_Mutant_Add_h_P27_Q5_[].qasm,Quratest_20,0.03257545972810101,0.10857212278011898,0.031554366511796876,0.10390959911074553,1.2008386093224216e-16,0.012737014224409583,1.0000000000000124,0.966274280988634,0.018693668157403115,0.07484601190740311,False,False,False,False,False,False,False,False,True,True
vqe_6_Mutant_Add_h_P27_Q5_[].qasm,PureState_21,0.009154141276123962,0.24402555508360718,0.009148942995638875,0.2062833295594251,8.326676738499716e-17,0.01751495183306846,1.0000000000000098,0.9705856442860529,0.004755721058119743,0.026982560191880257,False,False,False,False,False,False,False,False,False,False
vqe_6_Mutant_Add_h_P27_Q5_[].qasm,Quratest_21,0.024398289192138302,0.11492263153694635,0.024065506770782615,0.10615397424847733,4.699339244215932e-17,0.010616463896875837,1.0000000000000107,0.9678284568677188,0.008916388956751703,0.029912482706751703,False,False,False,False,False,False,False,False,False,False
vqe_6_Mutant_Add_h_P27_Q5_[].qasm,PureState_22,0.0063444431176276,0.2446548586570061,0.006344382284780836,0.20621845102440325,9.714845344986735e-17,0.019366840647526792,1.000000000000011,0.9783216029835892,0.008315041098719556,0.034193947348719556,False,False,False,False,False,False,False,False,False,False
vqe_6_Mutant_Add_h_P27_Q5_[].qasm,Quratest_22,0.02611862585475358,0.11795054575015297,0.025804675543637433,0.1132796835836016,5.052212717193e-17,0.012400358195950253,1.0000000000000129,0.962413205548716,0.004353407820789246,0.07173622032078925,False,False,False,False,False,False,False,False,False,True
vqe_6_Mutant_Add_h_P27_Q5_[].qasm,PureState_23,0.011074211696570862,0.2357253049067355,0.011038604059952897,0.20011770184340733,8.592980458120265e-17,0.01698872318654385,1.0000000000000107,0.9708522433897739,0.015890262797020972,0.0031527059529790277,False,False,False,False,False,False,False,False,True,False
vqe_6_Mutant_Add_h_P27_Q5_[].qasm,Quratest_23,0.03457713449417787,0.12148815414977174,0.031928559749930925,0.11400469669256852,6.976057474468011e-17,0.010345018369073328,1.000000000000011,0.9744550068139425,0.003946086891788103,0.0702726631082119,False,False,False,False,False,False,False,False,False,True
vqe_6_Mutant_Add_h_P27_Q5_[].qasm,PureState_24,0.002658415909490871,0.22786044570942304,0.002658301343919775,0.19205934817609108,1.0904370888410138e-21,0.019112128843603658,1.0000000000000098,0.9798527896287235,0.012334982717127074,0.17174704853287293,False,False,False,False,False,False,False,False,True,True
vqe_6_Mutant_Add_h_P27_Q5_[].qasm,Quratest_24,0.03493493990847898,0.09590006738064337,0.03349981093078852,0.09378697745703118,2.954196810138823e-17,0.013773701277236771,1.0000000000000102,0.9700386149789768,0.005109380193118601,0.0427070364431186,False,False,False,False,False,False,False,False,False,False
vqe_6_Mutant_Add_h_P27_Q5_[].qasm,PureState_25,0.003982950939893089,0.26257103988380354,0.003982881359542808,0.22180510462241093,1.3881235262408223e-17,0.033019850215534705,1.0000000000000115,0.9643598009499296,0.028550901565635944,0.028089723434364056,False,False,False,False,False,False,False,False,True,False
vqe_6_Mutant_Add_h_P27_Q5_[].qasm,Quratest_25,0.030244484289878693,0.1045833242576456,0.0296750181811462,0.10141117455255771,9.516584568991515e-17,0.02665393295710801,1.000000000000011,0.9528588505368658,0.00244486475698813,0.06640970850698813,False,False,False,False,False,False,False,False,False,True
vqe_6_Mutant_Add_h_P27_Q5_[].qasm,PureState_26,0.0052342254543035266,0.26343658461969294,0.005234026105227645,0.22201847726526588,1.5405989657746043e-21,0.0314966448337757,1.000000000000011,0.966056282350653,0.0034322729015923703,0.03907680415159237,False,False,False,False,False,False,False,False,False,False
vqe_6_Mutant_Add_h_P27_Q5_[].qasm,Quratest_26,0.03681852505810226,0.11819226554070351,0.035555106279126426,0.1140181850057599,1.1913391348189646e-16,0.024748438983173818,1.000000000000011,0.9580676298071933,0.016297960077736873,0.09832921007773687,False,False,False,False,False,False,False,False,True,True
vqe_6_Mutant_Add_h_P27_Q5_[].qasm,PureState_27,0.0074259142418197305,0.22159843479885358,0.00742435269309336,0.18720226860533612,6.3646177634056364e-21,0.019691289493572576,1.000000000000011,0.978794636583836,0.013240398299943612,0.1356853829500564,False,False,False,False,False,False,False,False,True,True
vqe_6_Mutant_Add_h_P27_Q5_[].qasm,Quratest_27,0.03239467601416666,0.10018074909316431,0.03237559721360632,0.09531329476227761,1.1178378508209727e-16,0.012911021277358884,1.000000000000012,0.9635754034687247,0.002266328387132227,0.003593046612867773,False,False,False,False,False,False,False,False,False,False
vqe_6_Mutant_Add_h_P27_Q5_[].qasm,PureState_28,0.011576386729200284,0.23753809843760004,0.011525612241614153,0.20159309570953693,5.637851708538557e-17,0.020925853719711757,1.000000000000012,0.9726065335388663,0.011941768933099905,0.017843387316900095,False,False,False,False,False,False,False,False,True,False
vqe_6_Mutant_Add_h_P27_Q5_[].qasm,Quratest_28,0.0316219795701984,0.11100683899504986,0.03086833320327643,0.10340095853668457,9.518013937090007e-17,0.008666391685399654,1.000000000000011,0.968782756572652,0.020242016047910955,0.029562671452089045,False,False,False,False,False,False,False,False,True,False
vqe_6_Mutant_Add_h_P27_Q5_[].qasm,PureState_29,0.007477793029417446,0.19654573977683593,0.007476915182618803,0.1670064649687951,1.9584147238912232e-23,0.02056737157533073,1.0000000000000115,0.9739758929533844,0.03678731843443657,0.05436544343443657,False,False,False,False,False,False,False,False,True,True
vqe_6_Mutant_Add_h_P27_Q5_[].qasm,Quratest_29,0.031101322376250417,0.11356233527138834,0.030587362259220367,0.10606882572310788,8.132935073827934e-17,0.010961598370327747,1.0000000000000115,0.9681824744893792,0.014714140811852447,0.022038359561852447,False,False,False,False,False,False,False,False,True,False
vqe_6_Mutant_Add_h_P27_Q5_[].qasm,PureState_30,0.011033707321862717,0.22659682644190723,0.010311944389955573,0.192300717410641,1.253456580952515e-16,0.02062187076633801,1.000000000000011,0.9729115105642957,0.005636352387666816,0.001199585112333184,False,False,False,False,False,False,False,False,False,False
vqe_6_Mutant_Add_h_P27_Q5_[].qasm,Quratest_30,0.028618201199277098,0.10126856642180324,0.028558014961765087,0.09776240313578513,9.241517877880556e-17,0.011158712806251515,1.0000000000000115,0.9629328873915223,0.0014324014345792405,0.01168630768457924,False,False,False,False,False,False,False,False,False,False
vqe_6_Mutant_Add_h_P27_Q5_[].qasm,PureState_31,0.008786113730968572,0.25839797887729155,0.008779563754779394,0.21911284551957677,1.3921156014489468e-16,0.021910887854514026,1.000000000000011,0.9735572018232175,0.002398639316936721,0.005816608066936721,False,False,False,False,False,False,False,False,False,False
vqe_6_Mutant_Add_h_P27_Q5_[].qasm,Quratest_31,0.028205109051879198,0.08446473625279674,0.027907047307449827,0.08279832581594411,3.6761229910836635e-17,0.00844384208198351,1.000000000000011,0.971167010323003,0.0073900932936386,0.0931958442063614,False,False,False,False,False,False,False,False,False,True
vqe_6_Mutant_Add_rzz_P21_Q0_[6.283185307179586].qasm,PureState_0,0.009925855258336343,0.24907650396747924,0.00911253041192226,0.2136113019448779,0.0,0.019258532307518395,1.000000000000011,0.978141326804251,0.022863314928994627,0.10440628367899463,False,False,False,False,False,False,False,False,True,True
vqe_6_Mutant_Add_rzz_P21_Q0_[6.283185307179586].qasm,Quratest_0,0.028217488851856088,0.13931437992959067,0.02586752872341797,0.13063255887586167,6.085211748016982e-17,0.015906458043102457,1.0000000000000115,0.9699130513766153,0.002907858240559419,0.02931870425944058,False,False,False,False,False,False,False,False,False,False
vqe_6_Mutant_Add_rzz_P21_Q0_[6.283185307179586].qasm,PureState_1,0.0,0.2957634658171091,0.0,0.24860636043288162,0.0,0.03492964162017347,1.0000000000000102,0.9650697309397522,1.993538863986899e-07,0.2851560506461136,False,False,False,False,False,False,False,False,False,True
vqe_6_Mutant_Add_rzz_P21_Q0_[6.283185307179586].qasm,Quratest_1,0.031073204759317314,0.10004320194060572,0.029712208905102597,0.097642414168071,4.633503155541518e-17,0.01945656832080802,1.0000000000000107,0.9557771344833657,0.03574980717969689,0.07920683842969689,False,False,False,False,False,False,False,False,True,True
vqe_6_Mutant_Add_rzz_P21_Q0_[6.283185307179586].qasm,PureState_2,0.0,0.2982560009213061,0.0,0.25074149225782094,0.0,0.03373869230875082,1.000000000000011,0.9662608627431619,1.8531608814154055e-07,0.29785137718391186,False,False,False,False,False,False,False,False,False,True
vqe_6_Mutant_Add_rzz_P21_Q0_[6.283185307179586].qasm,Quratest_2,0.0323000608619894,0.11495604168004958,0.03027451528920519,0.10877164429936775,1.2371043249591145e-16,0.0208794542482793,1.0000000000000102,0.9552304965276992,0.013764399641357034,0.033598881608642966,False,False,False,False,False,False,False,False,True,False
vqe_6_Mutant_Add_rzz_P21_Q0_[6.283185307179586].qasm,PureState_3,0.007861597587786434,0.24404716377494567,0.007861310901902225,0.20613788036093947,0.0,0.02034199330693446,1.000000000000011,0.9770406101153015,0.0032589661257649283,0.06754181512423507,False,False,False,False,False,False,False,False,False,True
vqe_6_Mutant_Add_rzz_P21_Q0_[6.283185307179586].qasm,Quratest_3,0.02643375249667899,0.12369509202152465,0.025414414357990654,0.11609914922189865,6.830952256202597e-17,0.012851741969135723,1.0000000000000115,0.966432138718222,0.00926835221395439,0.12401444596395439,False,False,False,False,False,False,False,False,False,True
vqe_6_Mutant_Add_rzz_P21_Q0_[6.283185307179586].qasm,PureState_4,0.0,0.2951144806982938,0.0,0.24805059451297565,0.0,0.02215668817877376,1.0000000000000115,0.9778429550152179,1.988763883575828e-07,0.28857401987361164,False,False,False,False,False,False,False,False,False,True
vqe_6_Mutant_Add_rzz_P21_Q0_[6.283185307179586].qasm,Quratest_4,0.030069112603969755,0.07378406972861459,0.03005657719755105,0.0721085846792902,9.276027211971294e-17,0.013762830553577035,1.000000000000011,0.9584882828235275,4.8547264831833026e-05,0.020947546485168167,False,False,False,False,False,False,False,False,False,False
vqe_6_Mutant_Add_rzz_P21_Q0_[6.283185307179586].qasm,PureState_5,0.008029077316603591,0.21975061491913886,0.008028578462277367,0.18531160080705378,0.0,0.030920705570592476,1.000000000000011,0.9670854204215212,0.013240354043680402,0.1425213647063196,False,False,False,False,False,False,False,False,True,True
vqe_6_Mutant_Add_rzz_P21_Q0_[6.283185307179586].qasm,Quratest_5,0.028590097297853303,0.06826489874429474,0.028528650231390697,0.06765228448152756,1.2153906353562505e-16,0.012246138821023086,1.0000000000000107,0.9574415378814509,0.029985590223591048,0.04512230897359105,False,False,False,False,False,False,False,False,True,False
vqe_6_Mutant_Add_rzz_P21_Q0_[6.283185307179586].qasm,PureState_6,0.009823967910619295,0.24596254072521814,0.009823775116408019,0.20736255479680604,0.0,0.017271321042368462,1.0000000000000107,0.9711759082718564,0.008035540311348306,0.0017300846886516945,False,False,False,False,False,False,False,False,False,False
vqe_6_Mutant_Add_rzz_P21_Q0_[6.283185307179586].qasm,Quratest_6,0.02966360836132035,0.1594055448781318,0.027491135027901483,0.1478855766636626,4.5268038048393227e-17,0.02549582685718689,1.000000000000011,0.9599806980694833,0.012425972200174884,0.049535347200174884,False,False,False,False,False,False,False,False,True,False
vqe_6_Mutant_Add_rzz_P21_Q0_[6.283185307179586].qasm,PureState_7,0.0051119573119905275,0.22261730938324636,0.005111945893520291,0.18707576136235893,0.0,0.017375843135178367,1.0000000000000102,0.972720038031302,0.004921639146742332,0.03275367039674233,False,False,False,False,False,False,False,False,False,False
vqe_6_Mutant_Add_rzz_P21_Q0_[6.283185307179586].qasm,Quratest_7,0.027539070079646732,0.1735151195515997,0.02637477597197209,0.15537583808863398,2.173349286895283e-17,0.014250893597209068,1.000000000000011,0.9728835835022798,0.025292895921867398,0.0450196040781326,False,False,False,False,False,False,False,False,True,False
vqe_6_Mutant_Add_rzz_P21_Q0_[6.283185307179586].qasm,PureState_8,0.007330110016879032,0.2648578567749521,0.007328832574926946,0.2237725208701748,0.0,0.03147655690690671,1.000000000000011,0.9657664805669999,0.0016238327753108073,0.06607695777531081,False,False,False,False,False,False,False,False,False,True
vqe_6_Mutant_Add_rzz_P21_Q0_[6.283185307179586].qasm,Quratest_8,0.029683141017705035,0.12558764544770362,0.029123668756949463,0.1201639066604177,4.592273826833915e-17,0.01681186496663094,1.0000000000000115,0.9553081923443746,0.0019076363125808682,0.04350251993741913,False,False,False,False,False,False,False,False,False,False
vqe_6_Mutant_Add_rzz_P21_Q0_[6.283185307179586].qasm,PureState_9,0.008613489569362687,0.20073519103748408,0.008609080719480787,0.17069213058863264,0.0,0.021807726973380626,1.0000000000000089,0.9730432788549247,0.03678731413215557,0.04215840788215557,False,False,False,False,False,False,False,False,True,False
vqe_6_Mutant_Add_rzz_P21_Q0_[6.283185307179586].qasm,Quratest_9,0.031109090286192388,0.13112527566927243,0.029554509582978207,0.1163249606754872,1.4079079400050093e-16,0.018558448684535597,1.0000000000000115,0.9576492490254563,0.00019193322626903653,0.06377291052373096,False,False,False,False,False,False,False,False,False,True
vqe_6_Mutant_Add_rzz_P21_Q0_[6.283185307179586].qasm,PureState_10,0.013245740955369553,0.2479780933379891,0.013242113276519927,0.2090514802630476,0.0,0.021668176599753376,1.000000000000011,0.9724702674476268,0.015986191125957023,0.014775527624042977,False,False,False,False,False,False,False,False,True,False
vqe_6_Mutant_Add_rzz_P21_Q0_[6.283185307179586].qasm,Quratest_10,0.025625950685249334,0.09007162024084657,0.025296741096644412,0.08761802135790826,9.733933223256969e-17,0.0105221893145002,1.000000000000011,0.9684033779229615,0.015478447399372375,0.08754889635062763,False,False,False,False,False,False,False,False,True,True
vqe_6_Mutant_Add_rzz_P21_Q0_[6.283185307179586].qasm,PureState_11,0.012607150364117995,0.23492448819936715,0.012597251930580425,0.1985617233982685,0.0,0.01818132983024692,1.0000000000000115,0.9700908377554923,0.020146603697443886,0.004755740052556114,False,False,False,False,False,False,False,False,True,False
vqe_6_Mutant_Add_rzz_P21_Q0_[6.283185307179586].qasm,Quratest_11,0.023498609493787646,0.1958872359984027,0.02211186456675914,0.1690270231918316,3.077803649843541e-17,0.016818603401940288,1.000000000000011,0.9612537457728348,0.0016266410811671544,0.035482733918832846,False,False,False,False,False,False,False,False,False,False
vqe_6_Mutant_Add_rzz_P21_Q0_[6.283185307179586].qasm,PureState_12,0.0028783833861508326,0.25277556666410134,0.002878376505963061,0.21317349986179202,0.0,0.017855799436146624,1.0000000000000124,0.9796218036154145,0.00343227251334155,0.03663539751334155,False,False,False,False,False,False,False,False,False,False
vqe_6_Mutant_Add_rzz_P21_Q0_[6.283185307179586].qasm,Quratest_12,0.025476672109115302,0.1205937609489856,0.02545081297666538,0.11593132316563194,1.119167692548162e-16,0.014008323537384347,1.000000000000011,0.9637586811198857,0.009071688705426517,0.14717831129457348,False,False,False,False,False,False,False,False,False,True
vqe_6_Mutant_Add_rzz_P21_Q0_[6.283185307179586].qasm,PureState_13,0.004701962984143207,0.24024767836318314,0.004701722823889856,0.2023454282604059,0.0,0.019224589140297316,1.000000000000011,0.9781170991562809,0.030042805648908155,0.08131233689890816,False,False,False,False,False,False,False,False,True,True
vqe_6_Mutant_Add_rzz_P21_Q0_[6.283185307179586].qasm,Quratest_13,0.029554278223019616,0.11318512948504218,0.029402590413703984,0.10907376387837917,8.081033129984927e-17,0.02196054501158151,1.0000000000000115,0.9573208111024653,0.0038297033493064347,0.11579920290069357,False,False,False,False,False,False,False,False,False,True
vqe_6_Mutant_Add_rzz_P21_Q0_[6.283185307179586].qasm,PureState_14,0.010993889187158344,0.23946126282403388,0.0109914984179509,0.20182737888346525,0.0,0.021191295568628934,1.000000000000011,0.9728979999785535,0.011983991328152754,0.008035539921847246,False,False,False,False,False,False,False,False,True,False
vqe_6_Mutant_Add_rzz_P21_Q0_[6.283185307179586].qasm,Quratest_14,0.03229618854905941,0.1575854829760234,0.029746706665311196,0.14968666750006973,2.971962519706385e-17,0.020456455006449555,1.0000000000000107,0.9580438451707526,0.007717113298357892,0.1815452382983579,False,False,False,False,False,False,False,False,False,True
vqe_6_Mutant_Add_rzz_P21_Q0_[6.283185307179586].qasm,PureState_15,0.015815698375924336,0.23582208955977804,0.015215822411819463,0.20013784380337823,0.0,0.016735881655951898,1.0000000000000115,0.971452656516732,0.006124633160333032,0.020284789410333032,False,False,False,False,False,False,False,False,False,False
vqe_6_Mutant_Add_rzz_P21_Q0_[6.283185307179586].qasm,Quratest_15,0.0313677676942077,0.1595119563157378,0.03004512877075495,0.14693993054362353,1.5941054188207526e-17,0.02725671735565452,1.0000000000000129,0.9569765523137971,0.011988504194499372,0.11838258955550063,False,False,False,False,False,False,False,False,True,True
vqe_6_Mutant_Add_rzz_P21_Q0_[6.283185307179586].qasm,PureState_16,0.00925030035327085,0.261612716622026,0.00924081640680786,0.22215025213048775,0.0,0.01918855754311109,1.000000000000011,0.9711459423167016,0.013226361319912935,0.0023986386800870646,False,False,False,False,False,False,False,False,True,False
vqe_6_Mutant_Add_rzz_P21_Q0_[6.283185307179586].qasm,Quratest_16,0.032065886585819194,0.09646126539569325,0.031047806948457206,0.09278719091298149,7.951775902233921e-17,0.010546054219662713,1.0000000000000102,0.9665709668782003,0.018066999158001446,0.019042375841998554,False,False,False,False,False,False,False,False,True,False
vqe_6_Mutant_Add_rzz_P21_Q0_[6.283185307179586].qasm,PureState_17,0.0,0.28533161462902573,0.0,0.23968090577285966,0.0,0.02094997516901495,1.000000000000012,0.9790498265851135,1.8579640004290354e-07,0.29296856420359996,False,False,False,False,False,False,False,False,False,True
vqe_6_Mutant_Add_rzz_P21_Q0_[6.283185307179586].qasm,Quratest_17,0.034488221891905646,0.12424755805818996,0.033068766005590625,0.11714726944293227,4.29098420749556e-17,0.013166779006230499,1.0000000000000115,0.9692794228621276,0.004743798440353553,0.11097885780964645,False,False,False,False,False,False,False,False,False,True
vqe_6_Mutant_Add_rzz_P21_Q0_[6.283185307179586].qasm,PureState_18,0.006136434515425492,0.22927203065035645,0.006136332128895759,0.19351412275523247,0.0,0.03208736917627669,1.0000000000000115,0.9658932729712498,0.013240397819089145,0.13519710218091086,False,False,False,False,False,False,False,False,True,True
vqe_6_Mutant_Add_rzz_P21_Q0_[6.283185307179586].qasm,Quratest_18,0.029649282227413882,0.1555616944716315,0.029361956925838494,0.1344543384076467,6.898762409308606e-17,0.012023060987054978,1.0000000000000115,0.9636369879206842,0.0016389957736544364,0.009451495773654436,False,False,False,False,False,False,False,False,False,False
vqe_6_Mutant_Add_rzz_P21_Q0_[6.283185307179586].qasm,PureState_19,0.013402253020701567,0.267913523096668,0.013349420514392108,0.23179747185730368,0.0,0.022857591114431933,1.000000000000012,0.9735869891963261,0.006665776434395407,0.020337651434395407,False,False,False,False,False,False,False,False,False,False
vqe_6_Mutant_Add_rzz_P21_Q0_[6.283185307179586].qasm,Quratest_19,0.02960399603954325,0.1144387398570698,0.02823089333245928,0.11135212412716376,1.202498264503448e-16,0.017006403603437727,1.000000000000011,0.9592244267968603,0.014460964484025007,0.03778512926597499,False,False,False,False,False,False,False,False,True,False
vqe_6_Mutant_Add_rzz_P21_Q0_[6.283185307179586].qasm,PureState_20,0.011805449339431702,0.2331557592456715,0.011796454018908092,0.19704472597768877,0.0,0.017071486419862805,1.000000000000012,0.9712409884407882,0.0018260562577355408,0.01086925624226446,False,False,False,False,False,False,False,False,False,False
vqe_6_Mutant_Add_rzz_P21_Q0_[6.283185307179586].qasm,Quratest_20,0.0297696258539016,0.11118915097638685,0.028856180218038614,0.10635452292094437,1.1352867295344113e-16,0.012894417384494334,1.0000000000000124,0.9662458271438352,0.018693668157403115,0.07875226190740311,False,False,False,False,False,False,False,False,True,True
vqe_6_Mutant_Add_rzz_P21_Q0_[6.283185307179586].qasm,PureState_21,0.011910363989319266,0.24897023089953813,0.011891770824200868,0.2100008278478561,0.0,0.018012524784084702,1.0000000000000107,0.9704445486398798,0.004755721058119743,0.027470841441880257,False,False,False,False,False,False,False,False,False,False
vqe_6_Mutant_Add_rzz_P21_Q0_[6.283185307179586].qasm,Quratest_21,0.027050233634240084,0.11324585384279744,0.026458088519315283,0.10553492602999269,6.188427956997314e-17,0.010645707737516824,1.000000000000011,0.9677016320180505,0.008916388956751703,0.027471076456751703,False,False,False,False,False,False,False,False,False,False
vqe_6_Mutant_Add_rzz_P21_Q0_[6.283185307179586].qasm,PureState_22,0.004066990129432696,0.24894041129101788,0.00406697953556978,0.2098348630420356,0.0,0.0193522857892951,1.000000000000011,0.9781118875029768,0.008315041098719556,0.032240822348719556,False,False,False,False,False,False,False,False,False,False
vqe_6_Mutant_Add_rzz_P21_Q0_[6.283185307179586].qasm,Quratest_22,0.026030095891950503,0.11180175254884347,0.025711939213001724,0.10759341429443701,4.9485358844490734e-17,0.012427095217985584,1.0000000000000133,0.9616648674052534,0.004353407820789246,0.07075965782078925,False,False,False,False,False,False,False,False,False,True
vqe_6_Mutant_Add_rzz_P21_Q0_[6.283185307179586].qasm,PureState_23,0.015540334333688262,0.2296175342883906,0.015440563066129048,0.19524956193150578,0.0,0.017041070347459594,1.000000000000011,0.9711481260349709,0.015890262797020972,0.0026644247029790277,False,False,False,False,False,False,False,False,True,False
vqe_6_Mutant_Add_rzz_P21_Q0_[6.283185307179586].qasm,Quratest_23,0.031388330353762504,0.12659113762873184,0.029321953636636394,0.1185175277865634,4.819130425932298e-17,0.01065407336598316,1.0000000000000115,0.9739800867313968,0.003946086891788103,0.0673429756082119,False,False,False,False,False,False,False,False,False,True
vqe_6_Mutant_Add_rzz_P21_Q0_[6.283185307179586].qasm,PureState_24,0.0025660404497130566,0.2269444714660095,0.002565921912492545,0.1910980441899168,0.0,0.01946843112306359,1.0000000000000093,0.9792933044683577,0.012334982717127074,0.17223532978287293,False,False,False,False,False,False,False,False,True,True
vqe_6_Mutant_Add_rzz_P21_Q0_[6.283185307179586].qasm,Quratest_24,0.027127835886741208,0.08773868466382657,0.026222569229287056,0.08579164569405832,6.701555272086573e-17,0.013751276043199208,1.0000000000000093,0.9697001300138461,0.005109380193118601,0.0422187551931186,False,False,False,False,False,False,False,False,False,False
vqe_6_Mutant_Add_rzz_P21_Q0_[6.283185307179586].qasm,PureState_25,0.007960292354063562,0.2574383513631521,0.007955998560151521,0.21695868314409328,0.0,0.03247546895435666,1.000000000000012,0.9646921015701198,0.028550901565635944,0.030531129684364056,False,False,False,False,False,False,False,False,True,False
vqe_6_Mutant_Add_rzz_P21_Q0_[6.283185307179586].qasm,Quratest_25,0.025371733647346847,0.11031921894719562,0.025225283118235246,0.10710211321426275,9.270606201108866e-17,0.02591506909557538,1.0000000000000115,0.9525208726258151,0.00244486475698813,0.05908548975698813,False,False,False,False,False,False,False,False,False,True
vqe_6_Mutant_Add_rzz_P21_Q0_[6.283185307179586].qasm,PureState_26,0.005027363737381113,0.2522283508521218,0.005027300967385215,0.21214599463391248,0.0,0.030516431154537046,1.000000000000011,0.9668253680103375,0.0034322729015923703,0.03810024165159237,False,False,False,False,False,False,False,False,False,False
vqe_6_Mutant_Add_rzz_P21_Q0_[6.283185307179586].qasm,Quratest_26,0.02741628414164896,0.12173938563112123,0.02622079859470466,0.11758413697956664,3.2776786926952406e-17,0.023865772849638638,1.000000000000011,0.9582159118244724,0.016297960077736873,0.08709874132773687,False,False,False,False,False,False,False,False,True,True
vqe_6_Mutant_Add_rzz_P21_Q0_[6.283185307179586].qasm,PureState_27,0.006256072621559005,0.22127877148543698,0.006256008188032832,0.18723303873268005,0.0,0.01957263241784885,1.000000000000011,0.9786773969793434,0.013240398299943612,0.1351971017000564,False,False,False,False,False,False,False,False,True,True
vqe_6_Mutant_Add_rzz_P21_Q0_[6.283185307179586].qasm,Quratest_27,0.03384855677886924,0.10483044172163722,0.0326798300810473,0.10011832604336611,9.182006554826067e-17,0.012894723199944119,1.000000000000012,0.9628428021640797,0.002266328387132227,0.001151640362867773,False,False,False,False,False,False,False,False,False,False
vqe_6_Mutant_Add_rzz_P21_Q0_[6.283185307179586].qasm,PureState_28,0.01617237479802578,0.23605139720794419,0.016126661140298346,0.2004161286551701,0.0,0.02100603669071814,1.0000000000000115,0.9728701678731422,0.011941768933099905,0.018331668566900095,False,False,False,False,False,False,False,False,True,False
vqe_6_Mutant_Add_rzz_P21_Q0_[6.283185307179586].qasm,Quratest_28,0.033358401305306595,0.11133321191562047,0.03263760029706531,0.10342729982699458,5.73014612443982e-17,0.008728672056787108,1.000000000000011,0.9679155574346288,0.020242016047910955,0.029562671452089045,False,False,False,False,False,False,False,False,True,False
vqe_6_Mutant_Add_rzz_P21_Q0_[6.283185307179586].qasm,PureState_29,0.006904261105812247,0.19851029785463953,0.0069032508199886235,0.16888043837210454,0.0,0.020975707608202564,1.000000000000012,0.973895810476491,0.03678731843443657,0.05192403718443657,False,False,False,False,False,False,False,False,True,True
vqe_6_Mutant_Add_rzz_P21_Q0_[6.283185307179586].qasm,Quratest_29,0.032970927503284474,0.1118378828841423,0.03243885670368717,0.10497777599188746,1.1951862525862752e-16,0.011156354133191285,1.0000000000000124,0.9673398966799875,0.014714140811852447,0.023503203311852447,False,False,False,False,False,False,False,False,True,False
vqe_6_Mutant_Add_rzz_P21_Q0_[6.283185307179586].qasm,PureState_30,0.012856576106210724,0.24128277780109825,0.012218002038202955,0.20487594287577393,0.0,0.02070211004225772,1.0000000000000115,0.9731752134614499,0.005636352387666816,0.001199585112333184,False,False,False,False,False,False,False,False,False,False
vqe_6_Mutant_Add_rzz_P21_Q0_[6.283185307179586].qasm,Quratest_30,0.030027521873061423,0.10230195898027501,0.02973039618980177,0.0985062733979545,8.872917118619704e-17,0.011236498779226337,1.000000000000012,0.9622069073517481,0.0014324014345792405,0.01266287018457924,False,False,False,False,False,False,False,False,False,False
vqe_6_Mutant_Add_rzz_P21_Q0_[6.283185307179586].qasm,PureState_31,0.00452470656492669,0.25337381254064534,0.004523727582059167,0.2146184970438373,0.0,0.022520134167258045,1.000000000000012,0.973474923607015,0.002398639316936721,0.005328326816936721,False,False,False,False,False,False,False,False,False,False
vqe_6_Mutant_Add_rzz_P21_Q0_[6.283185307179586].qasm,Quratest_31,0.028147541950508802,0.08253188828885764,0.028112521312385515,0.08053570140814241,7.591448086471941e-17,0.008490112515618115,1.000000000000012,0.9702922639796085,0.0073900932936386,0.0956372504563614,False,False,False,False,False,False,False,False,False,True
vqe_6_Mutant_Add_id_P16_Q5_[].qasm,PureState_0,0.006708251963349026,0.24697358470213895,0.006700397864091845,0.2120278749168982,0.0,0.01945720639815253,1.000000000000011,0.9781484143994011,0.022863314928994627,0.10684768992899463,False,False,False,False,False,False,False,False,True,True
vqe_6_Mutant_Add_id_P16_Q5_[].qasm,Quratest_0,0.03386259884987909,0.13887337935212532,0.03163688624202042,0.12949833683355982,0.0,0.015823543803893374,1.000000000000011,0.9711678097270852,0.002907858240559419,0.03078354800944058,False,False,False,False,False,False,False,False,False,False
vqe_6_Mutant_Add_id_P16_Q5_[].qasm,PureState_1,0.0,0.2916647194308702,0.0,0.24509746460516305,0.0,0.03552178357299987,1.0000000000000102,0.9644776320929552,1.993538863986899e-07,0.2866208943961136,False,False,False,False,False,False,False,False,False,True
vqe_6_Mutant_Add_id_P16_Q5_[].qasm,Quratest_1,0.03186918823465932,0.10285610366599153,0.031323061243540166,0.10035260660419962,0.0,0.01928766634306478,1.0000000000000107,0.9564292598212083,0.03574980717969689,0.07920683842969689,False,False,False,False,False,False,False,False,True,True
vqe_6_Mutant_Add_id_P16_Q5_[].qasm,PureState_2,0.0,0.29128978546087686,0.0,0.24477661890770785,0.0,0.03433156513008848,1.000000000000011,0.9656680330259273,1.8531608814154055e-07,0.29443340843391186,False,False,False,False,False,False,False,False,False,True
vqe_6_Mutant_Add_id_P16_Q5_[].qasm,Quratest_2,0.032502663195698604,0.10981880889646048,0.029741732528941293,0.10255979381482831,0.0,0.02128872824802583,1.0000000000000102,0.9546680706130694,0.013764399641357034,0.034087162858642966,False,False,False,False,False,False,False,False,True,False
vqe_6_Mutant_Add_id_P16_Q5_[].qasm,PureState_3,0.007773751402880989,0.24038497984470866,0.007771957445607335,0.2030393114897254,0.0,0.020101230007883455,1.000000000000011,0.9774887181241152,0.0032589661257649283,0.06900665887423507,False,False,False,False,False,False,False,False,False,True
vqe_6_Mutant_Add_id_P16_Q5_[].qasm,Quratest_3,0.026863693765071844,0.1189984795948863,0.02650167782067527,0.11157165543513586,0.0,0.012759031368926598,1.0000000000000115,0.9674537110581031,0.00926835221395439,0.12401444596395439,False,False,False,False,False,False,False,False,False,True
vqe_6_Mutant_Add_id_P16_Q5_[].qasm,PureState_4,0.0,0.2865693850810114,0.0,0.24073905550500593,0.0,0.021804029760184175,1.0000000000000115,0.9781955712826007,1.988763883575828e-07,0.28808573862361164,False,False,False,False,False,False,False,False,False,True
vqe_6_Mutant_Add_id_P16_Q5_[].qasm,Quratest_4,0.028496219648249634,0.06407073007635762,0.028485405179832037,0.06290199383311373,0.0,0.014364001350353834,1.000000000000012,0.9589985333166279,4.8547264831833026e-05,0.017529577735168167,False,False,False,False,False,False,False,False,False,False
vqe_6_Mutant_Add_id_P16_Q5_[].qasm,PureState_5,0.006261202937557378,0.2260394805513896,0.006260934647053231,0.19084034898542626,0.0,0.03215677756097273,1.000000000000011,0.9660581522866687,0.013240354043680402,0.1415448022063196,False,False,False,False,False,False,False,False,True,True
vqe_6_Mutant_Add_id_P16_Q5_[].qasm,Quratest_5,0.023719155803141278,0.07648869930281886,0.02370872406993761,0.07592433489220711,0.0,0.012012096026431506,1.0000000000000098,0.9582424376235359,0.029985590223591048,0.04561059022359105,False,False,False,False,False,False,False,False,True,False
vqe_6_Mutant_Add_id_P16_Q5_[].qasm,PureState_6,0.008068572882856184,0.23559992025147408,0.008068409030542517,0.19824604759592235,0.0,0.017429020651876157,1.0000000000000107,0.9711808943726308,0.008035540311348306,0.0011996028113483055,False,False,False,False,False,False,False,False,False,False
vqe_6_Mutant_Add_id_P16_Q5_[].qasm,Quratest_6,0.025924314941509295,0.15062277949907005,0.023098337765304063,0.14050789211613915,0.0,0.02586395279284353,1.0000000000000129,0.959908036075755,0.012425972200174884,0.051488472200174884,False,False,False,False,False,False,False,False,True,True
vqe_6_Mutant_Add_id_P16_Q5_[].qasm,PureState_7,0.004184592803646493,0.22728366673780326,0.004184569906760295,0.19076441826079288,0.0,0.01760410144509507,1.0000000000000102,0.9726309384300529,0.004921639146742332,0.03421851414674233,False,False,False,False,False,False,False,False,False,False
vqe_6_Mutant_Add_id_P16_Q5_[].qasm,Quratest_7,0.02761427734658319,0.17443969527588776,0.025841851990967633,0.1563908346261657,0.0,0.013782989038397139,1.000000000000011,0.9735658479496652,0.025292895921867398,0.0445313228281326,False,False,False,False,False,False,False,False,True,False
vqe_6_Mutant_Add_id_P16_Q5_[].qasm,PureState_8,0.007741068847567081,0.26350123862290553,0.00773979354575652,0.22271960315045214,0.0,0.032167354539548346,1.000000000000011,0.9652685352414762,0.0016238327753108073,0.06607695777531081,False,False,False,False,False,False,False,False,False,True
vqe_6_Mutant_Add_id_P16_Q5_[].qasm,Quratest_8,0.029659032563268718,0.13329126916328404,0.028591039167260517,0.1270707926628638,0.0,0.01697459114926379,1.000000000000011,0.9556630664909049,0.0019076363125808682,0.04594392618741913,False,False,False,False,False,False,False,False,False,False
vqe_6_Mutant_Add_id_P16_Q5_[].qasm,PureState_9,0.008283822140336426,0.20132270017185397,0.008283214614967043,0.1711433578028743,0.0,0.02257034748287166,1.0000000000000089,0.9724459626016573,0.03678731413215557,0.03922872038215557,False,False,False,False,False,False,False,False,True,False
vqe_6_Mutant_Add_id_P16_Q5_[].qasm,Quratest_9,0.029978226920966043,0.13608775257655942,0.028340099102683147,0.12138093914996162,0.0,0.01910093463825649,1.000000000000012,0.957278115849127,0.00019193322626903653,0.060354941773730963,False,False,False,False,False,False,False,False,False,True
vqe_6_Mutant_Add_id_P16_Q5_[].qasm,PureState_10,0.010527420510697404,0.24933225386915955,0.010525209602026589,0.2102471563934336,0.0,0.02231419355862933,1.000000000000011,0.9719674387634362,0.015986191125957023,0.012822402624042977,False,False,False,False,False,False,False,False,True,False
vqe_6_Mutant_Add_id_P16_Q5_[].qasm,Quratest_10,0.02708554296955082,0.089745300322578,0.02675998143176705,0.08712703202281813,0.0,0.010426952663579547,1.000000000000011,0.9692566071793342,0.015478447399372375,0.08852545885062763,False,False,False,False,False,False,False,False,True,True
vqe_6_Mutant_Add_id_P16_Q5_[].qasm,PureState_11,0.00935295751246711,0.23867332734639482,0.009344825338943966,0.20184654096934068,0.0,0.017913130307960053,1.0000000000000115,0.9705348840217767,0.020146603697443886,0.006220583802556114,False,False,False,False,False,False,False,False,True,False
vqe_6_Mutant_Add_id_P16_Q5_[].qasm,Quratest_11,0.022534418397885617,0.20196115739278472,0.02109924953360677,0.17424202164220595,0.0,0.016593094260202473,1.000000000000011,0.9616618504823342,0.0016266410811671544,0.033041327668832846,False,False,False,False,False,False,False,False,False,False
vqe_6_Mutant_Add_id_P16_Q5_[].qasm,PureState_12,0.007716757809471065,0.24776897123439837,0.007716637669587865,0.20815671350272577,0.0,0.01807224113035278,1.0000000000000124,0.9796277279984984,0.00343227251334155,0.03614711626334155,False,False,False,False,False,False,False,False,False,False
vqe_6_Mutant_Add_id_P16_Q5_[].qasm,Quratest_12,0.02842007814369083,0.10992709827106333,0.02812710446059913,0.10642503770189636,0.0,0.014120520058214727,1.000000000000011,0.9644418870313931,0.009071688705426517,0.14571346754457348,False,False,False,False,False,False,False,False,False,True
vqe_6_Mutant_Add_id_P16_Q5_[].qasm,PureState_13,0.005876687713836743,0.24512362757891729,0.005874113030596803,0.20651808382818784,0.0,0.019002703974772658,1.000000000000011,0.9785645137062974,0.030042805648908155,0.07984749314890816,False,False,False,False,False,False,False,False,True,True
vqe_6_Mutant_Add_id_P16_Q5_[].qasm,Quratest_13,0.028544591353760543,0.125891815255526,0.028239071515351596,0.12071433088278205,0.0,0.022633909206272198,1.000000000000012,0.9576730143775463,0.0038297033493064347,0.12068201540069357,False,False,False,False,False,False,False,False,False,True
vqe_6_Mutant_Add_id_P16_Q5_[].qasm,PureState_14,0.005868059691512615,0.24456878564284282,0.0058680110180579685,0.205867769527165,0.0,0.022281590050275038,1.000000000000011,0.9719562154502517,0.011983991328152754,0.004617571171847246,False,False,False,False,False,False,False,False,True,False
vqe_6_Mutant_Add_id_P16_Q5_[].qasm,Quratest_14,0.029569701483526195,0.1599912733279968,0.027865885474828968,0.15240994422104465,0.0,0.020373132746419276,1.0000000000000102,0.9587414980213178,0.007717113298357892,0.1834983632983579,False,False,False,False,False,False,False,False,False,True
vqe_6_Mutant_Add_id_P16_Q5_[].qasm,PureState_15,0.01860220507638494,0.23139545373644238,0.01858430553563432,0.19665063793871737,0.0,0.016913830596527468,1.0000000000000115,0.9714588116249386,0.006124633160333032,0.021749633160333032,False,False,False,False,False,False,False,False,False,False
vqe_6_Mutant_Add_id_P16_Q5_[].qasm,Quratest_15,0.03524662227095484,0.16326374230313762,0.034098889701645416,0.15025122843566133,0.0,0.02787849127015459,1.0000000000000133,0.9571272107501633,0.011988504194499372,0.11642946455550063,False,False,False,False,False,False,False,False,True,True
vqe_6_Mutant_Add_id_P16_Q5_[].qasm,PureState_16,0.013039368742188731,0.25804946193265327,0.01302654548520878,0.21861148815463768,0.0,0.018833255585888015,1.000000000000011,0.9714974257600043,0.013226361319912935,0.007281451180087065,False,False,False,False,False,False,False,False,True,False
vqe_6_Mutant_Add_id_P16_Q5_[].qasm,Quratest_16,0.03321566627784133,0.10253122632480847,0.03241085172221231,0.09795614127016891,0.0,0.010378136478245058,1.000000000000011,0.9667980541184583,0.018066999158001446,0.016600969591998554,False,False,False,False,False,False,False,False,True,False
vqe_6_Mutant_Add_id_P16_Q5_[].qasm,PureState_17,0.0,0.28322679427385833,0.0,0.2378820675492042,0.0,0.020596881683538314,1.000000000000012,0.979402877938156,1.8579640004290354e-07,0.29150372045359996,False,False,False,False,False,False,False,False,False,True
vqe_6_Mutant_Add_id_P16_Q5_[].qasm,Quratest_17,0.02825618642892467,0.1204337093203523,0.026226235983080645,0.11455250519197155,0.0,0.012748403544512692,1.0000000000000115,0.9697842357300297,0.004743798440353553,0.11097885780964645,False,False,False,False,False,False,False,False,False,True
vqe_6_Mutant_Add_id_P16_Q5_[].qasm,PureState_18,0.0023592700607857,0.22742332784750144,0.0023592485851894494,0.1919984795968995,0.0,0.033321917719283244,1.0000000000000115,0.9648672713313934,0.013240397819089145,0.13422053968091086,False,False,False,False,False,False,False,False,True,True
vqe_6_Mutant_Add_id_P16_Q5_[].qasm,Quratest_18,0.026826409919396516,0.15674696846923897,0.026800002857966073,0.1361728847777807,0.0,0.012418408176757639,1.0000000000000115,0.963418868775215,0.0016389957736544364,0.009939777023654436,False,False,False,False,False,False,False,False,False,False
vqe_6_Mutant_Add_id_P16_Q5_[].qasm,PureState_19,0.011816461722077936,0.262401941393036,0.010436777572742667,0.22735481884102635,0.0,0.023851923153978813,1.000000000000012,0.9725526036138288,0.006665776434395407,0.023267338934395407,False,False,False,False,False,False,False,False,False,False
vqe_6_Mutant_Add_id_P16_Q5_[].qasm,Quratest_19,0.02542302943235209,0.11146071510505463,0.025062151203570877,0.10837370860669049,0.0,0.01750995681078575,1.0000000000000102,0.9596649837320786,0.014460964484025007,0.03436716051597499,False,False,False,False,False,False,False,False,True,False
vqe_6_Mutant_Add_id_P16_Q5_[].qasm,PureState_20,0.011502499724455235,0.232458867844422,0.011452799580088508,0.19628008718088474,0.0,0.016818405381703053,1.000000000000012,0.9716855583949736,0.0018260562577355408,0.00989269374226446,False,False,False,False,False,False,False,False,False,False
vqe_6_Mutant_Add_id_P16_Q5_[].qasm,Quratest_20,0.03354814563930987,0.10434147490027257,0.031634205803824186,0.1007444860084866,0.0,0.01311735317708645,1.0000000000000124,0.9658773798342872,0.018693668157403115,0.07679913690740311,False,False,False,False,False,False,False,False,True,True
vqe_6_Mutant_Add_id_P16_Q5_[].qasm,PureState_21,0.011933904667314567,0.2380272509820979,0.011929834808103109,0.20053880708299543,0.0,0.01773909484127671,1.0000000000000107,0.9708875833769289,0.004755721058119743,0.026005997691880257,False,False,False,False,False,False,False,False,False,False
vqe_6_Mutant_Add_id_P16_Q5_[].qasm,Quratest_21,0.031057251726777587,0.11947290905407729,0.02997758846507395,0.10986685476414812,0.0,0.01112371761568462,1.000000000000011,0.9674533898571545,0.008916388956751703,0.027959357706751703,False,False,False,False,False,False,False,False,False,False
vqe_6_Mutant_Add_id_P16_Q5_[].qasm,PureState_22,0.005528968775240523,0.24934342800241951,0.0055288863883887485,0.20987547849434007,0.0,0.01956837451075112,1.000000000000011,0.9781178171996917,0.008315041098719556,0.031752541098719556,False,False,False,False,False,False,False,False,False,False
vqe_6_Mutant_Add_id_P16_Q5_[].qasm,Quratest_22,0.029544328079883327,0.12033861411775483,0.028472493958778523,0.11566339651191283,0.0,0.012455622724626931,1.0000000000000133,0.962562661261163,0.004353407820789246,0.07271278282078925,False,False,False,False,False,False,False,False,False,True
vqe_6_Mutant_Add_id_P16_Q5_[].qasm,PureState_23,0.012237559645726872,0.23282424354393377,0.012202584687649206,0.1974332012933695,0.0,0.017218993559404802,1.000000000000011,0.9711542654134154,0.015890262797020972,0.0007112997029790277,False,False,False,False,False,False,False,False,True,False
vqe_6_Mutant_Add_id_P16_Q5_[].qasm,Quratest_23,0.0316084054633701,0.11912932591314118,0.029577331937408233,0.1120247351424291,0.0,0.01031885029276186,1.0000000000000107,0.9743936211287496,0.003946086891788103,0.0697843818582119,False,False,False,False,False,False,False,False,False,True
vqe_6_Mutant_Add_id_P16_Q5_[].qasm,PureState_24,0.003409350141463587,0.2220288912418632,0.00340934005115158,0.18681647024982193,0.0,0.019315116362227262,1.0000000000000093,0.9796486847723472,0.012334982717127074,0.17077048603287293,False,False,False,False,False,False,False,False,True,True
vqe_6_Mutant_Add_id_P16_Q5_[].qasm,Quratest_24,0.032772444435419906,0.09118407342616365,0.031032780251360626,0.08936459084224237,0.0,0.013862270321632638,1.0000000000000089,0.9696892208216975,0.005109380193118601,0.0427070364431186,False,False,False,False,False,False,False,False,False,False
vqe_6_Mutant_Add_id_P16_Q5_[].qasm,PureState_25,0.004218628380330471,0.2571704247161555,0.004218000871492432,0.21695598004037334,0.0,0.03318389937713192,1.000000000000012,0.964193540843494,0.028550901565635944,0.029554567184364056,False,False,False,False,False,False,False,False,True,False
vqe_6_Mutant_Add_id_P16_Q5_[].qasm,Quratest_25,0.03179919049403845,0.10620736287851619,0.03148752692812394,0.10273411231970447,0.0,0.026663334688154027,1.000000000000011,0.9528864321598475,0.00244486475698813,0.06592142725698813,False,False,False,False,False,False,False,False,False,True
vqe_6_Mutant_Add_id_P16_Q5_[].qasm,PureState_26,0.005723530081014143,0.2609414646342091,0.005723259216270744,0.21975930310768124,0.0,0.03166142765488551,1.000000000000011,0.9658897296100378,0.0034322729015923703,0.03956508540159237,False,False,False,False,False,False,False,False,False,False
vqe_6_Mutant_Add_id_P16_Q5_[].qasm,Quratest_26,0.02388834096883155,0.12548833228345077,0.02288785882581837,0.1206097886930076,0.0,0.024809200580061187,1.000000000000011,0.9580503686988828,0.016297960077736873,0.09539952257773687,False,False,False,False,False,False,False,False,True,True
vqe_6_Mutant_Add_id_P16_Q5_[].qasm,PureState_27,0.0037779556224600314,0.21097276941905943,0.0037778144320903,0.17806795642294015,0.0,0.019890787727567194,1.000000000000011,0.9785907522842748,0.013240398299943612,0.1332439767000564,False,False,False,False,False,False,False,False,True,True
vqe_6_Mutant_Add_id_P16_Q5_[].qasm,Quratest_27,0.02837045742006633,0.1054284787513293,0.028348515599119998,0.10004986348891695,0.0,0.013571535841786109,1.000000000000012,0.962913999297257,0.002266328387132227,0.00031320338713222706,False,False,False,False,False,False,False,False,False,False
vqe_6_Mutant_Add_id_P16_Q5_[].qasm,PureState_28,0.014914240180757593,0.23912140743220606,0.01438077419621678,0.20344083082112258,0.0,0.02211357784651344,1.0000000000000115,0.9719295646398064,0.011941768933099905,0.014913699816900095,False,False,False,False,False,False,False,False,True,False
vqe_6_Mutant_Add_id_P16_Q5_[].qasm,Quratest_28,0.028588829196050373,0.10478044596551205,0.028271416548052312,0.09752151304142154,0.0,0.008729511824859575,1.000000000000011,0.9687554936957403,0.020242016047910955,0.030539233952089045,False,False,False,False,False,False,False,False,True,False
vqe_6_Mutant_Add_id_P16_Q5_[].qasm,PureState_29,0.014672207077915772,0.19880409855474018,0.01466834409144051,0.1697145772105525,0.0,0.02173899871214976,1.000000000000012,0.97329797062082,0.03678731843443657,0.05338888093443657,False,False,False,False,False,False,False,False,True,True
vqe_6_Mutant_Add_id_P16_Q5_[].qasm,Quratest_29,0.03023737449401683,0.11031756213706331,0.029140144918348057,0.10415882643985187,0.0,0.01103352296717453,1.0000000000000124,0.9684946395477018,0.014714140811852447,0.023503203311852447,False,False,False,False,False,False,False,False,True,False
vqe_6_Mutant_Add_id_P16_Q5_[].qasm,PureState_30,0.016015036771127762,0.23362464634938587,0.015985199988781704,0.19852983390126996,0.0,0.021809972975935198,1.0000000000000115,0.97223432910363,0.005636352387666816,0.003640991362333184,False,False,False,False,False,False,False,False,False,False
vqe_6_Mutant_Add_id_P16_Q5_[].qasm,Quratest_30,0.02616217846827757,0.09375872341810376,0.026149046701457113,0.09022156294398453,0.0,0.01173584653105938,1.0000000000000115,0.9625494806584507,0.0014324014345792405,0.00826833893457924,False,False,False,False,False,False,False,False,False,False
vqe_6_Mutant_Add_id_P16_Q5_[].qasm,PureState_31,0.0072122123263567645,0.2614267215838924,0.007208216495734454,0.22167498980337375,0.0,0.02308847060533386,1.000000000000012,0.9728795708979948,0.002398639316936721,0.005328326816936721,False,False,False,False,False,False,False,False,False,False
vqe_6_Mutant_Add_id_P16_Q5_[].qasm,Quratest_31,0.023352679085826892,0.0828742414969006,0.023311311505290044,0.08130346132501555,0.0,0.008509841122321726,1.000000000000011,0.9709585912047081,0.0073900932936386,0.0946606879563614,False,False,False,False,False,False,False,False,False,True
vqe_6_Mutant_Add_ch_P10_Q0_[].qasm,PureState_0,0.01373571741716312,0.24320147214117405,0.013708183217438635,0.2084900049648199,5.798019183385535e-17,0.019535944308065732,1.000000000000012,0.9777389311017759,0.022863314928994627,0.10538284617899463,False,False,False,False,False,False,False,False,True,True
vqe_6_Mutant_Add_ch_P10_Q0_[].qasm,Quratest_0,0.030597389262653703,0.13614539398093214,0.028090086830927792,0.1275766938198644,3.1442741798762405e-16,0.015966029718144897,1.0000000000000115,0.9694339946905465,0.002907858240559419,0.02980698550944058,False,False,False,False,False,False,False,False,False,False
vqe_6_Mutant_Add_ch_P10_Q0_[].qasm,PureState_1,0.0,0.3026463349620128,0.0,0.25450471140421405,2.2213606626014777e-16,0.035443000795234235,1.000000000000011,0.96455637572911,1.993538863986899e-07,0.2856443318961136,False,True,False,False,False,False,False,False,False,True
vqe_6_Mutant_Add_ch_P10_Q0_[].qasm,Quratest_1,0.031475228682258966,0.10284065774665498,0.030905875450383827,0.09983632858738567,2.4596566238844e-16,0.0194594154593414,1.0000000000000107,0.9552651509952524,0.03574980717969689,0.07871855717969689,False,False,False,False,False,False,False,False,True,True
vqe_6_Mutant_Add_ch_P10_Q0_[].qasm,PureState_2,0.0,0.2928805561126383,0.0,0.24613805493755808,2.2214349667953507e-16,0.034252685091733424,1.000000000000011,0.9657468738555323,1.8531608814154055e-07,0.29736309593391186,False,False,False,False,False,False,False,False,False,True
vqe_6_Mutant_Add_ch_P10_Q0_[].qasm,Quratest_2,0.033140268608761486,0.11280915901343191,0.03069139405214953,0.10594980838237723,2.543718291152285e-16,0.020997654708551732,1.0000000000000093,0.9546838156365354,0.013764399641357034,0.033110600358642966,False,False,False,False,False,False,False,False,True,False
vqe_6_Mutant_Add_ch_P10_Q0_[].qasm,PureState_3,0.00673964801021385,0.24877069502972846,0.006738700209924052,0.21007492399442748,1.834576882654996e-16,0.020518455307303812,1.000000000000011,0.9768209686631885,0.0032589661257649283,0.06803009637423507,False,False,False,False,False,False,False,False,False,True
vqe_6_Mutant_Add_ch_P10_Q0_[].qasm,Quratest_3,0.028834880044005817,0.11734022129280704,0.02712075234739963,0.11002594697134296,2.418317961448422e-16,0.012886663858612155,1.0000000000000115,0.9660056020339984,0.00926835221395439,0.12401444596395439,False,False,False,False,False,False,False,False,False,True
vqe_6_Mutant_Add_ch_P10_Q0_[].qasm,PureState_4,0.0,0.2791721608996123,0.0,0.2344187604835392,8.458207663872864e-20,0.02267684179570151,1.000000000000011,0.977322805247062,1.988763883575828e-07,0.28906230112361164,False,False,False,False,False,False,False,False,False,True
vqe_6_Mutant_Add_ch_P10_Q0_[].qasm,Quratest_4,0.023886720771438094,0.07845776094521494,0.023872610437119458,0.0765798726135719,2.5751156849246337e-16,0.013844000715136293,1.000000000000011,0.9579324703218338,4.8547264831833026e-05,0.020947546485168167,False,False,False,False,False,False,False,False,False,False
vqe_6_Mutant_Add_ch_P10_Q0_[].qasm,PureState_5,0.001963917813087968,0.22391942279163063,0.0019639099111897337,0.18889745020708698,1.9435388951863518e-16,0.030934987338715702,1.000000000000011,0.9665951617065912,0.013240354043680402,0.1439862084563196,False,False,False,False,False,False,False,False,True,True
vqe_6_Mutant_Add_ch_P10_Q0_[].qasm,Quratest_5,0.028583590301124555,0.07360065896104587,0.0285533591152057,0.07306936504264908,2.1521413123837263e-16,0.012270040145044687,1.000000000000011,0.9568687645783862,0.029985590223591048,0.04463402772359105,False,False,False,False,False,False,False,False,True,False
vqe_6_Mutant_Add_ch_P10_Q0_[].qasm,PureState_6,0.004008509517667371,0.24636263724587698,0.004008491878022567,0.2077612179813341,1.6754498007276973e-16,0.017564503161195642,1.0000000000000107,0.9708946888061385,0.008035540311348306,0.0017300846886516945,False,False,False,False,False,False,False,False,False,False
vqe_6_Mutant_Add_ch_P10_Q0_[].qasm,Quratest_6,0.02667618000956343,0.1555296765333764,0.023933587077634228,0.14345500138813233,1.9450015888895043e-16,0.02571079257477276,1.000000000000011,0.9595364531431445,0.012425972200174884,0.047093940950174884,False,False,False,False,False,False,False,False,True,False
vqe_6_Mutant_Add_ch_P10_Q0_[].qasm,PureState_7,0.008656673945676666,0.21533543538655503,0.008656618563540998,0.18082675336362222,2.3605331243377005e-16,0.01753234139516294,1.000000000000011,0.9723443733798193,0.004921639146742332,0.03324195164674233,False,False,False,False,False,False,False,False,False,False
vqe_6_Mutant_Add_ch_P10_Q0_[].qasm,Quratest_7,0.02784607025555421,0.1775529455999215,0.026020208189888615,0.15896387869860856,3.091051995805004e-16,0.014390924675966251,1.0000000000000115,0.9725682070515663,0.025292895921867398,0.0450196040781326,False,False,False,False,False,False,False,False,True,False
vqe_6_Mutant_Add_ch_P10_Q0_[].qasm,PureState_8,0.00950586021719165,0.256664273618302,0.009499516461191888,0.21669939795553814,4.233055483642976e-16,0.03165103123036292,1.0000000000000107,0.9655493709548763,0.0016238327753108073,0.06705352027531081,False,False,False,False,False,False,False,False,False,True
vqe_6_Mutant_Add_ch_P10_Q0_[].qasm,Quratest_8,0.028711871486785927,0.13278167345012867,0.028104034423964135,0.12651019441730638,3.0797440335808557e-16,0.01704414544167363,1.000000000000011,0.9548183102492332,0.0019076363125808682,0.04350251993741913,False,False,False,False,False,False,False,False,False,False
vqe_6_Mutant_Add_ch_P10_Q0_[].qasm,PureState_9,0.010581825388879607,0.20157623719122633,0.010581078745145366,0.17149758170399387,1.83140136623222e-16,0.021806977568279685,1.0000000000000093,0.9725257359794015,0.03678731413215557,0.04167012663215557,False,False,False,False,False,False,False,False,True,False
vqe_6_Mutant_Add_ch_P10_Q0_[].qasm,Quratest_9,0.03289121234612995,0.14052238541685363,0.030924279998666367,0.12478622873530548,1.8003180009320506e-16,0.01871576775942143,1.0000000000000115,0.9572485929313873,0.00019193322626903653,0.06426119177373096,False,False,False,False,False,False,False,False,False,True
vqe_6_Mutant_Add_ch_P10_Q0_[].qasm,PureState_10,0.010209691816214252,0.2479552237706872,0.010209325566046723,0.20939940055928072,1.7516943452258293e-16,0.02195256959289739,1.0000000000000115,0.9720467536204546,0.015986191125957023,0.013798965124042977,False,False,False,False,False,False,False,False,True,False
vqe_6_Mutant_Add_ch_P10_Q0_[].qasm,Quratest_10,0.03185589560362734,0.0862771259474904,0.030833545021699695,0.08444259504823066,3.046692807978993e-16,0.01065779779608187,1.000000000000011,0.9678637394231752,0.015478447399372375,0.08754889635062763,False,False,False,False,False,False,False,False,True,True
vqe_6_Mutant_Add_ch_P10_Q0_[].qasm,PureState_11,0.013535272570473782,0.232928062560204,0.013528936002524814,0.19678628133460327,3.051532192182027e-16,0.01832466703955079,1.000000000000011,0.9698727537151021,0.020146603697443886,0.005732302552556114,False,False,False,False,False,False,False,False,True,False
vqe_6_Mutant_Add_ch_P10_Q0_[].qasm,Quratest_11,0.02889122485386912,0.2019027438432247,0.02693838541597616,0.17488436616170908,1.9279552658929708e-16,0.017147240786795255,1.000000000000011,0.9607695381333167,0.0016266410811671544,0.036459296418832846,False,False,False,False,False,False,False,False,False,False
vqe_6_Mutant_Add_ch_P10_Q0_[].qasm,PureState_12,0.0032295267154930953,0.24009153777163808,0.0032295099388634676,0.20205287622695906,1.7658171997029647e-18,0.018034989621500873,1.000000000000012,0.9793381363694111,0.00343227251334155,0.03712367876334155,False,False,False,False,False,False,False,False,False,False
vqe_6_Mutant_Add_ch_P10_Q0_[].qasm,Quratest_12,0.02650677501458865,0.1093615972229203,0.025903071470329095,0.10503965551501573,2.551940863487756e-16,0.014219312851757966,1.000000000000011,0.9631700803743826,0.009071688705426517,0.14717831129457348,False,False,False,False,False,False,False,False,False,True
vqe_6_Mutant_Add_ch_P10_Q0_[].qasm,PureState_13,0.005418958808347354,0.2401825862519048,0.005418236868696276,0.20282077698376128,2.5462123232266856e-16,0.019459869775038153,1.0000000000000107,0.9776911269676177,0.030042805648908155,0.08082405564890816,False,False,False,False,False,False,False,False,True,True
vqe_6_Mutant_Add_ch_P10_Q0_[].qasm,Quratest_13,0.030999034257836715,0.1266709205743511,0.030960297147827224,0.12168008484748838,2.5961898646523207e-16,0.02219878163521058,1.0000000000000115,0.9567879982197421,0.0038297033493064347,0.11579920290069357,False,False,False,False,False,False,False,False,False,True
vqe_6_Mutant_Add_ch_P10_Q0_[].qasm,PureState_14,0.0074458925440809886,0.24744769761962798,0.0074458170828545535,0.20875889313871832,1.6840525003716275e-16,0.021409237200581674,1.0000000000000115,0.9726162818571322,0.011983991328152754,0.008035539921847246,False,False,False,False,False,False,False,False,True,False
vqe_6_Mutant_Add_ch_P10_Q0_[].qasm,Quratest_14,0.027428364466522453,0.15190883311633668,0.026994582131128264,0.14432376081811277,1.743065818895097e-16,0.020637907957976428,1.0000000000000107,0.9576303626318114,0.007717113298357892,0.1830100820483579,False,False,False,False,False,False,False,False,False,True
vqe_6_Mutant_Add_ch_P10_Q0_[].qasm,PureState_15,0.01438877544657503,0.2310937992375483,0.013822672457431706,0.19611515292354492,2.4123966723928227e-16,0.01701401557637829,1.0000000000000115,0.9710530152479769,0.006124633160333032,0.021261351910333032,False,False,False,False,False,False,False,False,False,False
vqe_6_Mutant_Add_ch_P10_Q0_[].qasm,Quratest_15,0.034180886036590766,0.16034608445570597,0.03230125549427586,0.1478456775112625,2.971884975659861e-16,0.027576851307325845,1.000000000000012,0.9564648477251163,0.011988504194499372,0.11838258955550063,False,False,False,False,False,False,False,False,True,True
vqe_6_Mutant_Add_ch_P10_Q0_[].qasm,PureState_16,0.010634062203837962,0.25656174472026416,0.010625702272024782,0.2177468511172597,2.570104828606821e-16,0.019524118895921174,1.000000000000011,0.9708350006558643,0.013226361319912935,0.0033752011800870646,False,False,False,False,False,False,False,False,True,False
vqe_6_Mutant_Add_ch_P10_Q0_[].qasm,Quratest_16,0.029238289255702293,0.09076138511473499,0.02888945531460267,0.08764126006527104,2.5534485821338687e-16,0.010635494738598287,1.0000000000000107,0.9660363894129327,0.018066999158001446,0.019042375841998554,False,False,False,False,False,False,False,False,True,False
vqe_6_Mutant_Add_ch_P10_Q0_[].qasm,PureState_17,0.0,0.2856176452908582,0.0,0.23992540783007094,2.221435083195995e-16,0.02147077077927473,1.000000000000012,0.9785290347584918,1.8579640004290354e-07,0.29394512670359996,False,False,False,False,False,False,False,False,False,True
vqe_6_Mutant_Add_ch_P10_Q0_[].qasm,Quratest_17,0.031009307310953,0.11962700117158806,0.029195839261656496,0.11349283514318584,2.3246226314331195e-16,0.013434306238375684,1.0000000000000115,0.9687247742321038,0.004743798440353553,0.11097885780964645,False,False,False,False,False,False,False,False,False,True
vqe_6_Mutant_Add_ch_P10_Q0_[].qasm,PureState_18,0.002979441387113463,0.2325098193989721,0.0029793538583963003,0.19644234068854421,6.078798062996485e-17,0.03210163333911982,1.000000000000011,0.9654036186933251,0.013240397819089145,0.13666194593091086,False,False,False,False,False,False,False,False,True,True
vqe_6_Mutant_Add_ch_P10_Q0_[].qasm,Quratest_18,0.02621983920051366,0.1586793977924441,0.025855801723658027,0.13705127788072954,2.3315449089328817e-16,0.012147218596971859,1.0000000000000115,0.9633556764141346,0.0016389957736544364,0.009451495773654436,False,False,False,False,False,False,False,False,False,False
vqe_6_Mutant_Add_ch_P10_Q0_[].qasm,PureState_19,0.01143427629549068,0.26600814891572766,0.010735258952328441,0.23056734943712182,3.480465935107257e-18,0.023350523550211735,1.000000000000011,0.9730934032807739,0.006665776434395407,0.020337651434395407,False,False,False,False,False,False,False,False,False,False
vqe_6_Mutant_Add_ch_P10_Q0_[].qasm,Quratest_19,0.03227534542484228,0.11774283773362763,0.030274473639145993,0.11438248486368063,2.5552215279715904e-16,0.01719546436282652,1.0000000000000102,0.9587085984182991,0.014460964484025007,0.03876169176597499,False,False,False,False,False,False,False,False,True,False
vqe_6_Mutant_Add_ch_P10_Q0_[].qasm,PureState_20,0.014407320884953773,0.23539667309238393,0.01439677877782283,0.19915285864497526,2.44561836087623e-16,0.017237546454053978,1.000000000000011,0.9710226432094468,0.0018260562577355408,0.01135753749226446,False,False,False,False,False,False,False,False,False,False
vqe_6_Mutant_Add_ch_P10_Q0_[].qasm,Quratest_20,0.028591049011428567,0.1030467711936692,0.028200687289721985,0.09910298654815358,3.281752921171534e-16,0.013000176194992379,1.000000000000012,0.9656535845572464,0.018693668157403115,0.07875226190740311,False,False,False,False,False,False,False,False,True,True
vqe_6_Mutant_Add_ch_P10_Q0_[].qasm,PureState_21,0.011065503891539345,0.24095515279293866,0.01105622667407401,0.20306300445746117,1.4324824612688308e-16,0.018376040429459967,1.0000000000000098,0.9700219146416829,0.004755721058119743,0.027959122691880257,False,False,False,False,False,False,False,False,False,False
vqe_6_Mutant_Add_ch_P10_Q0_[].qasm,Quratest_21,0.030301488745010315,0.11840266923136494,0.0302370536833814,0.10938941154062241,2.6559242875430185e-16,0.010968610963565283,1.0000000000000107,0.9671845234689995,0.008916388956751703,0.027959357706751703,False,False,False,False,False,False,False,False,False,False
vqe_6_Mutant_Add_ch_P10_Q0_[].qasm,PureState_22,0.008063819665059738,0.2470313744919111,0.008063671541076388,0.20779515836067355,2.7586001028023713e-16,0.019531257917235728,1.000000000000011,0.9778286719118916,0.008315041098719556,0.032240822348719556,False,False,False,False,False,False,False,False,False,False
vqe_6_Mutant_Add_ch_P10_Q0_[].qasm,Quratest_22,0.02607249648032093,0.1159571189897339,0.025760088052341895,0.11137214176447817,2.7728131748137874e-16,0.012614215507282221,1.0000000000000124,0.961107170436996,0.004353407820789246,0.07027137657078925,False,False,False,False,False,False,False,False,False,True
vqe_6_Mutant_Add_ch_P10_Q0_[].qasm,PureState_23,0.010419043323641432,0.22664802617593943,0.010413294581972817,0.19248295468706206,9.786492867266139e-17,0.017315885705695918,1.000000000000011,0.9707485960662517,0.015890262797020972,0.0021761434529790277,False,False,False,False,False,False,False,False,True,False
vqe_6_Mutant_Add_ch_P10_Q0_[].qasm,Quratest_23,0.030435047891937995,0.1239131956575084,0.029259725422980613,0.1168715855639046,2.0987443553888152e-16,0.010857095486354388,1.000000000000011,0.9733634657501385,0.003946086891788103,0.0663664131082119,False,False,False,False,False,False,False,False,False,True
vqe_6_Mutant_Add_ch_P10_Q0_[].qasm,PureState_24,0.0029739601128936236,0.22580384477084686,0.002973752779596741,0.19063840475314936,2.0950951761712937e-16,0.019452891893326683,1.0000000000000098,0.9789797244605662,0.012334982717127074,0.17370017353287293,False,False,False,False,False,False,False,False,True,True
vqe_6_Mutant_Add_ch_P10_Q0_[].qasm,Quratest_24,0.03003679749826996,0.09307587962544565,0.029183148798451877,0.09075207822318218,2.2935026409509965e-16,0.013839521924255577,1.0000000000000084,0.9691298541441137,0.005109380193118601,0.0422187551931186,False,False,False,False,False,False,False,False,False,False
vqe_6_Mutant_Add_ch_P10_Q0_[].qasm,PureState_25,0.00979663771663097,0.25681041190573833,0.009793767912229637,0.21643175413991797,1.7762724323025198e-16,0.03270744808086622,1.000000000000012,0.9642719736218425,0.028550901565635944,0.029554567184364056,False,False,False,False,False,False,False,False,True,False
vqe_6_Mutant_Add_ch_P10_Q0_[].qasm,Quratest_25,0.029481941050600362,0.0951956159044361,0.028933029438771893,0.09309525329628664,3.050436693605857e-16,0.026049901423774467,1.000000000000011,0.952035003477601,0.00244486475698813,0.05859720850698813,False,False,False,False,False,False,False,False,False,True
vqe_6_Mutant_Add_ch_P10_Q0_[].qasm,PureState_26,0.0024405291491228225,0.25516859867715364,0.0024404640114268467,0.21470552043856017,5.554129604442301e-17,0.03069328069070313,1.000000000000011,0.9665454062300322,0.0034322729015923703,0.03858852290159237,False,False,False,False,False,False,False,False,False,False
vqe_6_Mutant_Add_ch_P10_Q0_[].qasm,Quratest_26,0.030280486835916245,0.1240388130157626,0.028415271621993934,0.119456317482192,4.342335579922852e-16,0.023996648141378273,1.0000000000000102,0.9576695466103404,0.016297960077736873,0.08758702257773687,False,False,False,False,False,False,False,False,True,True
vqe_6_Mutant_Add_ch_P10_Q0_[].qasm,PureState_27,0.004256004322292289,0.21515942471469013,0.004255987408682946,0.1815399918658369,1.111049688013959e-16,0.019587085370587176,1.000000000000011,0.9781812618390613,0.013240398299943612,0.1351971017000564,False,False,False,False,False,False,False,False,True,True
vqe_6_Mutant_Add_ch_P10_Q0_[].qasm,Quratest_27,0.03204753253184049,0.09698805411226087,0.03200720462531039,0.09289364819770439,3.5169485596356354e-16,0.01304009495468397,1.0000000000000115,0.9622630252616504,0.002266328387132227,0.002128202862867773,False,False,False,False,False,False,False,False,False,False
vqe_6_Mutant_Add_ch_P10_Q0_[].qasm,PureState_28,0.015221198508624502,0.2400140933186909,0.013624528785666999,0.20403554610175081,1.8529913555834833e-16,0.021237086898810844,1.000000000000011,0.9724699294553741,0.011941768933099905,0.018819949816900095,False,False,False,False,False,False,False,False,True,False
vqe_6_Mutant_Add_ch_P10_Q0_[].qasm,Quratest_28,0.02772515746609494,0.10907741411330078,0.027151627956989246,0.1010099426355791,2.723031989712468e-16,0.00894996740639676,1.0000000000000107,0.9673734839725489,0.020242016047910955,0.029562671452089045,False,False,False,False,False,False,False,False,True,False
vqe_6_Mutant_Add_ch_P10_Q0_[].qasm,PureState_29,0.006193505078677296,0.20247286293782266,0.006193308492352988,0.1721643634104062,3.1671468178310887e-16,0.020974957548606434,1.0000000000000115,0.9733778140378297,0.03678731843443657,0.05241231843443657,False,False,False,False,False,False,False,False,True,True
vqe_6_Mutant_Add_ch_P10_Q0_[].qasm,Quratest_29,0.025741251860482713,0.11902813666699216,0.025430685515195582,0.11164784055149676,2.539816116243403e-16,0.011309820044631921,1.000000000000012,0.9668446931193794,0.014714140811852447,0.023014922061852447,False,False,False,False,False,False,False,False,True,False
vqe_6_Mutant_Add_ch_P10_Q0_[].qasm,PureState_30,0.013405695629922264,0.24115445119079928,0.012819448163253056,0.2050748034387739,1.3702515016878637e-16,0.020933299650493616,1.000000000000011,0.9727748635593495,0.005636352387666816,0.001199585112333184,False,False,False,False,False,False,False,False,False,False
vqe_6_Mutant_Add_ch_P10_Q0_[].qasm,Quratest_30,0.02682541042579574,0.10014369893793963,0.026785541406871966,0.09666490329871605,2.0624454574018498e-16,0.011413419056633414,1.000000000000011,0.9617327606841629,0.0014324014345792405,0.01217458893457924,False,False,False,False,False,False,False,False,False,False
vqe_6_Mutant_Add_ch_P10_Q0_[].qasm,PureState_31,0.0060960945649944165,0.25334624178742865,0.006092038976320019,0.21467532116726315,2.862829207762129e-16,0.022854529136499484,1.000000000000011,0.973163236293051,0.002398639316936721,0.005328326816936721,False,False,False,False,False,False,False,False,False,False
vqe_6_Mutant_Add_ch_P10_Q0_[].qasm,Quratest_31,0.03179111256564953,0.08279411212846281,0.03148704306676806,0.08102685880330865,2.3381497476007707e-16,0.008545322686215332,1.000000000000012,0.9699855921413852,0.0073900932936386,0.0951489692063614,False,False,False,False,False,False,False,False,False,True
vqe_6_Mutant_Add_ch_P9_Q1_[].qasm,PureState_0,0.007901164505268742,0.2494694062593068,0.007898781913375508,0.21400393828922154,3.1250510465345234e-16,0.020815453769075627,1.000000000000011,0.9761539997997504,0.022863314928994627,0.10391800242899463,False,False,False,False,False,False,False,False,True,True
vqe_6_Mutant_Add_ch_P9_Q1_[].qasm,Quratest_0,0.03583710634220469,0.13928985335331767,0.033132578709164535,0.12963608705067117,1.5394019135047017e-16,0.016706929144396167,1.0000000000000115,0.9690204949679381,0.002907858240559419,0.02834214175944058,False,False,False,False,False,False,False,False,False,False
vqe_6_Mutant_Add_ch_P9_Q1_[].qasm,PureState_1,0.0,0.30064047747875505,0.0,0.25278498667308225,4.441379012185838e-16,0.03655024331439832,1.0000000000000093,0.9634491787249555,1.993538863986899e-07,0.2861326131461136,False,True,False,False,False,False,False,False,False,True
vqe_6_Mutant_Add_ch_P9_Q1_[].qasm,Quratest_1,0.030840604233680013,0.10251126566650035,0.02871867076956906,0.09960229981036349,1.6280502641819686e-16,0.019882805729020805,1.0000000000000107,0.9549361536297071,0.03574980717969689,0.07725371342969689,False,False,False,False,False,False,False,False,True,True
vqe_6_Mutant_Add_ch_P9_Q1_[].qasm,PureState_2,0.0,0.2986238387355302,0.0,0.2510566696777572,6.92069186093369e-20,0.03536181738013923,1.000000000000011,0.9646377059562182,1.8531608814154055e-07,0.29345684593391186,False,False,False,False,False,False,False,False,False,True
vqe_6_Mutant_Add_ch_P9_Q1_[].qasm,Quratest_2,0.030562534154466785,0.10627999927111859,0.028690963666055128,0.1000975022856395,2.6364789867884715e-16,0.021008154065735293,1.0000000000000098,0.9540093338016611,0.013764399641357034,0.033110600358642966,False,False,False,False,False,False,False,False,True,False
vqe_6_Mutant_Add_ch_P9_Q1_[].qasm,PureState_3,0.00807189062942412,0.2460497260648773,0.00807056592290158,0.20784211892002527,7.637213276644797e-17,0.021033085920148804,1.000000000000011,0.9759053583029197,0.0032589661257649283,0.06851837762423507,False,False,False,False,False,False,False,False,False,True
vqe_6_Mutant_Add_ch_P9_Q1_[].qasm,Quratest_3,0.0349308896514911,0.12215644686818046,0.03324526861791632,0.11483081206439334,2.314173812694316e-16,0.0130714530489201,1.0000000000000115,0.9663700752796358,0.00926835221395439,0.1264558522139544,False,False,False,False,False,False,False,False,False,True
vqe_6_Mutant_Add_ch_P9_Q1_[].qasm,PureState_4,0.0,0.2856176452908582,0.0,0.23992540783007085,3.330915480053459e-16,0.023798739884023236,1.000000000000011,0.9762009529094507,1.988763883575828e-07,0.29150370737361164,False,False,False,False,False,False,False,False,False,True
vqe_6_Mutant_Add_ch_P9_Q1_[].qasm,Quratest_4,0.03616829840374452,0.07547001428398463,0.036136159986460706,0.07363536754577,2.590362277975211e-16,0.014008411297028206,1.000000000000011,0.9581393135116066,4.8547264831833026e-05,0.023388952735168167,False,False,False,False,False,False,False,False,False,False
vqe_6_Mutant_Add_ch_P9_Q1_[].qasm,PureState_5,0.0036003592247537642,0.2218875155903411,0.003600285842881021,0.18697768040610893,2.3599467882891603e-16,0.03305430441948629,1.000000000000011,0.9650274032250563,0.013240354043680402,0.1444744897063196,False,False,False,False,False,False,False,False,True,True
vqe_6_Mutant_Add_ch_P9_Q1_[].qasm,Quratest_5,0.024892478033925115,0.07145804889687386,0.02488333638573007,0.07095813756991051,2.154038666185576e-16,0.012353751839557663,1.0000000000000102,0.9567389609770971,0.029985590223591048,0.04463402772359105,False,False,False,False,False,False,False,False,True,False
vqe_6_Mutant_Add_ch_P9_Q1_[].qasm,PureState_6,0.0064572933715391105,0.23515596055136548,0.006457233164909417,0.1978733260183451,1.9519778111146506e-16,0.018366404418914135,1.0000000000000115,0.9696085545488534,0.008035540311348306,0.00022304031134830551,False,False,False,False,False,False,False,False,False,False
vqe_6_Mutant_Add_ch_P9_Q1_[].qasm,Quratest_6,0.028585252975891796,0.15993282150748261,0.026329369166459726,0.14835079506220317,2.4712351010522233e-16,0.02679729531730793,1.000000000000011,0.9584977092726605,0.012425972200174884,0.047582222200174884,False,False,False,False,False,False,False,False,True,False
vqe_6_Mutant_Add_ch_P9_Q1_[].qasm,PureState_7,0.002832335851316493,0.21782228378505994,0.0028323274661451302,0.1828188180760614,2.1727938760476844e-20,0.019172217445312143,1.000000000000011,0.9710555862601622,0.004921639146742332,0.030312264146742332,False,False,False,False,False,False,False,False,False,False
vqe_6_Mutant_Add_ch_P9_Q1_[].qasm,Quratest_7,0.02694437898108439,0.17887616463596392,0.025711878770314323,0.1592105139672717,2.239127290914772e-16,0.01500491448419393,1.0000000000000115,0.971697897179694,0.025292895921867398,0.0420899165781326,False,False,False,False,False,False,False,False,True,False
vqe_6_Mutant_Add_ch_P9_Q1_[].qasm,PureState_8,0.009417133491367477,0.2567430620552668,0.00941430063634791,0.21698376559132512,1.986527768433055e-16,0.03216100924821405,1.0000000000000107,0.9646438845171041,0.0016238327753108073,0.06803008277531081,False,False,False,False,False,False,False,False,False,True
vqe_6_Mutant_Add_ch_P9_Q1_[].qasm,Quratest_8,0.026300898233833893,0.12936155228295187,0.025989653159220333,0.12317997191958181,3.2045628086882494e-16,0.017623675626671463,1.000000000000011,0.9544568522816106,0.0019076363125808682,0.04301423868741913,False,False,False,False,False,False,False,False,False,False
vqe_6_Mutant_Add_ch_P9_Q1_[].qasm,PureState_9,0.011941987844998933,0.19424298565459566,0.011933777106460678,0.16480159086785615,3.8732409492102083e-16,0.02351956122963448,1.0000000000000089,0.9714093626424433,0.03678731413215557,0.04167012663215557,False,False,False,False,False,False,False,False,True,False
vqe_6_Mutant_Add_ch_P9_Q1_[].qasm,Quratest_9,0.02788848507882924,0.14075209472454522,0.027558304045995095,0.12521964243349637,1.8721668827012715e-16,0.018936515136147344,1.0000000000000102,0.9564641565766034,0.00019193322626903653,0.06328462927373096,False,False,False,False,False,False,False,False,False,True
vqe_6_Mutant_Add_ch_P9_Q1_[].qasm,PureState_10,0.009411909456633472,0.24603871498278163,0.009408854597022415,0.2073054642257567,5.358735851621227e-16,0.022780621861211634,1.0000000000000093,0.9709316272118438,0.015986191125957023,0.015752090124042977,False,False,False,False,False,False,False,False,True,False
vqe_6_Mutant_Add_ch_P9_Q1_[].qasm,Quratest_10,0.031121646850287024,0.08470846344687591,0.030566089333187534,0.08184942985476626,2.4879898759700564e-16,0.010977304510678285,1.000000000000011,0.9680064619504494,0.015478447399372375,0.08657233385062763,False,False,False,False,False,False,False,False,True,True
vqe_6_Mutant_Add_ch_P9_Q1_[].qasm,PureState_11,0.01148120961409498,0.23753195908606095,0.011467350524648926,0.20068921817928137,1.3871031514373848e-16,0.018910869096593577,1.0000000000000115,0.9689636063856262,0.020146603697443886,0.004755740052556114,False,False,False,False,False,False,False,False,True,False
vqe_6_Mutant_Add_ch_P9_Q1_[].qasm,Quratest_11,0.02416226808671499,0.19705462155022885,0.022163005537210578,0.17062792226439594,2.893756145530227e-16,0.017788704656517017,1.000000000000011,0.9598536157173664,0.0016266410811671544,0.032064765168832846,False,False,False,False,False,False,False,False,False,False
vqe_6_Mutant_Add_ch_P9_Q1_[].qasm,PureState_12,0.006236366742620615,0.2431950393062212,0.00623633067431636,0.20460997837425737,2.0124705217527688e-16,0.019029923563781994,1.000000000000011,0.9780404790622369,0.00343227251334155,0.03712367876334155,False,False,False,False,False,False,False,False,False,False
vqe_6_Mutant_Add_ch_P9_Q1_[].qasm,Quratest_12,0.02697619274560397,0.11142207723642737,0.026663004996165376,0.10765259060191629,3.0752039369835726e-16,0.014537030841717393,1.0000000000000107,0.9629264559896653,0.009071688705426517,0.14571346754457348,False,False,False,False,False,False,False,False,False,True
vqe_6_Mutant_Add_ch_P9_Q1_[].qasm,PureState_13,0.00269882044555247,0.24662881042143808,0.0026984419747747073,0.20824419835050526,4.3848991311125066e-16,0.020135286839320483,1.0000000000000102,0.9765695099170223,0.030042805648908155,0.07984749314890816,False,False,False,False,False,False,False,False,True,True
vqe_6_Mutant_Add_ch_P9_Q1_[].qasm,Quratest_13,0.03066385392304903,0.12794470002190994,0.0298196329076047,0.1229419167018505,2.4531768218379046e-16,0.02238703848983662,1.000000000000011,0.9564889130815755,0.0038297033493064347,0.11872889040069357,False,False,False,False,False,False,False,False,False,True
vqe_6_Mutant_Add_ch_P9_Q1_[].qasm,PureState_14,0.007931089384588823,0.24232323789414617,0.007930903114431658,0.20413059951981177,2.9410522884862313e-16,0.022323772886624915,1.000000000000012,0.9713278659208411,0.011983991328152754,0.008035539921847246,False,False,False,False,False,False,False,False,True,False
vqe_6_Mutant_Add_ch_P9_Q1_[].qasm,Quratest_14,0.03304366881546456,0.1621173605130318,0.03117839207139274,0.15367969442287988,1.2913005413434958e-16,0.02201616552932277,1.0000000000000098,0.9569853101165245,0.007717113298357892,0.1834983632983579,False,False,False,False,False,False,False,False,False,True
vqe_6_Mutant_Add_ch_P9_Q1_[].qasm,PureState_15,0.00994630007698203,0.23166503999950375,0.009135575329331257,0.1966357679344321,3.108492383828908e-16,0.018091186014036212,1.0000000000000107,0.969479166949321,0.006124633160333032,0.021749633160333032,False,False,False,False,False,False,False,False,False,False
vqe_6_Mutant_Add_ch_P9_Q1_[].qasm,Quratest_15,0.0336155973293855,0.15365676033875345,0.030982148550032007,0.14249659567851608,1.2608646579207817e-16,0.027533382395099767,1.0000000000000115,0.9565354925461157,0.011988504194499372,0.11691774580550063,False,False,False,False,False,False,False,False,True,True
vqe_6_Mutant_Add_ch_P9_Q1_[].qasm,PureState_16,0.004027727066236569,0.2540028680100603,0.004027358311357963,0.2158463495074405,2.2297921310972486e-16,0.020428911728874823,1.000000000000011,0.969923729783503,0.013226361319912935,0.006793169930087065,False,False,False,False,False,False,False,False,True,False
vqe_6_Mutant_Add_ch_P9_Q1_[].qasm,Quratest_16,0.03074950356831282,0.1005227873463644,0.030144173992850846,0.0966830264719408,1.5224231380769893e-16,0.01091422410559403,1.000000000000011,0.9653945774367879,0.018066999158001446,0.021483782091998554,False,False,False,False,False,False,False,False,True,False
vqe_6_Mutant_Add_ch_P9_Q1_[].qasm,PureState_17,0.0,0.296688596218418,0.0,0.2493987217851679,2.2214452344913325e-16,0.022594583305103135,1.000000000000011,0.977405185641618,1.8579640004290354e-07,0.29687481420359996,False,False,False,False,False,False,False,False,False,True
vqe_6_Mutant_Add_ch_P9_Q1_[].qasm,Quratest_17,0.02911418480760861,0.11866258853459033,0.02822190158378588,0.11248224037500121,1.7955827932370286e-16,0.013623095451329042,1.0000000000000115,0.9682536680698234,0.004743798440353553,0.11049057655964645,False,False,False,False,False,False,False,False,False,True
vqe_6_Mutant_Add_ch_P9_Q1_[].qasm,PureState_18,0.0031588329969303307,0.2364018859693001,0.0031588073715753365,0.1996899442814516,2.6198812621394056e-16,0.03421772948432559,1.000000000000011,0.9638383966508001,0.013240397819089145,0.13568538343091086,False,False,False,False,False,False,False,False,True,True
vqe_6_Mutant_Add_ch_P9_Q1_[].qasm,Quratest_18,0.023185043530862322,0.14842756379213345,0.023129392399473713,0.12815597213555294,2.474643945443779e-16,0.01244469788394834,1.0000000000000115,0.9624225448987577,0.0016389957736544364,0.007010089523654436,False,False,False,False,False,False,False,False,False,False
vqe_6_Mutant_Add_ch_P9_Q1_[].qasm,PureState_19,0.007200339719053305,0.26822586034950846,0.0071531958814356296,0.23222021838667667,3.6198894519619615e-16,0.02493645515746907,1.000000000000011,0.9715158522966287,0.006665776434395407,0.019361088934395407,False,False,False,False,False,False,False,False,False,False
vqe_6_Mutant_Add_ch_P9_Q1_[].qasm,Quratest_19,0.029499587020118,0.11481981912071101,0.028616717511477128,0.11202616260420047,4.318077085709081e-16,0.018000969109703453,1.0000000000000107,0.9581500492868958,0.014460964484025007,0.03632028551597499,False,False,False,False,False,False,False,False,True,False
vqe_6_Mutant_Add_ch_P9_Q1_[].qasm,PureState_20,0.011529050366133489,0.2397436515328162,0.011504410450104637,0.2028374883659984,7.651706985069027e-17,0.01776288117331299,1.0000000000000115,0.9701121539939053,0.0018260562577355408,0.01086925624226446,False,False,False,False,False,False,False,False,False,False
vqe_6_Mutant_Add_ch_P9_Q1_[].qasm,Quratest_20,0.03625772624178346,0.10794486685930985,0.03464419688519312,0.10381375442389543,2.799681059900694e-16,0.013047890336065588,1.0000000000000124,0.9650150926358588,0.018693668157403115,0.07777569940740311,False,False,False,False,False,False,False,False,True,True
vqe_6_Mutant_Add_ch_P9_Q1_[].qasm,PureState_21,0.009743650619178451,0.24625435483441277,0.009742217619044433,0.2077077988003728,1.3127752196231382e-16,0.01911354349587626,1.0000000000000107,0.9689088994824466,0.004755721058119743,0.030400528941880257,False,False,False,False,False,False,False,False,False,False
vqe_6_Mutant_Add_ch_P9_Q1_[].qasm,Quratest_21,0.02918771359398256,0.12311329916821302,0.02836058779360546,0.11391111971327766,2.603034454447551e-16,0.011261466384917769,1.0000000000000107,0.9662963276056156,0.008916388956751703,0.027959357706751703,False,False,False,False,False,False,False,False,False,False
vqe_6_Mutant_Add_ch_P9_Q1_[].qasm,PureState_22,0.00633113195856175,0.24454383257712284,0.006331016883029636,0.20612767094904424,1.3916174729179292e-17,0.020523222513758446,1.000000000000011,0.9765334622267902,0.008315041098719556,0.030287697348719556,False,False,False,False,False,False,False,False,False,False
vqe_6_Mutant_Add_ch_P9_Q1_[].qasm,Quratest_22,0.026658689223323446,0.11579128416203466,0.02662550180288237,0.11173052935564315,3.074865123804671e-16,0.013373251550223337,1.0000000000000115,0.9608061978754794,0.004353407820789246,0.07027137657078925,False,False,False,False,False,False,False,False,False,True
vqe_6_Mutant_Add_ch_P9_Q1_[].qasm,PureState_23,0.010027306473310526,0.23825391780126526,0.010025929262233672,0.20210542153372696,2.094162702898345e-16,0.018396058189280556,1.0000000000000115,0.9691750291343597,0.015890262797020972,0.0011995809529790277,False,False,False,False,False,False,False,False,True,False
vqe_6_Mutant_Add_ch_P9_Q1_[].qasm,Quratest_23,0.02766544449991659,0.12068471992019951,0.02562018104483538,0.1135395741993075,2.3083680691753095e-16,0.010823045961585627,1.0000000000000107,0.9732172655668268,0.003946086891788103,0.0688078193582119,False,False,False,False,False,False,False,False,False,True
vqe_6_Mutant_Add_ch_P9_Q1_[].qasm,PureState_24,0.007777962027936664,0.2308203217974476,0.007777846236282863,0.1945077049984949,2.3814321475955517e-16,0.020884947440106136,1.0000000000000098,0.9780612144438873,0.012334982717127074,0.17174704853287293,False,False,False,False,False,False,False,False,True,True
vqe_6_Mutant_Add_ch_P9_Q1_[].qasm,Quratest_24,0.03213454272866122,0.0892214026961011,0.02987396513969481,0.0874780110314298,2.896630333461053e-16,0.014256587471003118,1.0000000000000089,0.968321084403831,0.005109380193118601,0.0412421926931186,False,False,False,False,False,False,False,False,False,False
vqe_6_Mutant_Add_ch_P9_Q1_[].qasm,PureState_25,0.002693705016528606,0.25597268758238306,0.002693695140698124,0.21585959660973286,1.2557927638470923e-16,0.03337374726726322,1.0000000000000115,0.963165539477715,0.028550901565635944,0.031995973434364056,False,False,False,False,False,False,False,False,True,False
vqe_6_Mutant_Add_ch_P9_Q1_[].qasm,Quratest_25,0.027589962349630223,0.10244886495772551,0.026988616524302088,0.09898788184288283,3.2479647769055597e-16,0.026388840412506664,1.000000000000011,0.9522092449306885,0.00244486475698813,0.05859720850698813,False,False,False,False,False,False,False,False,False,True
vqe_6_Mutant_Add_ch_P9_Q1_[].qasm,PureState_26,0.00571397049284103,0.262238042070557,0.005713882646382201,0.22067455950502526,2.8799196600873524e-16,0.03167521733472616,1.000000000000011,0.9652647002998259,0.0034322729015923703,0.04298305415159237,False,False,False,False,False,False,False,False,False,False
vqe_6_Mutant_Add_ch_P9_Q1_[].qasm,Quratest_26,0.03276610743709189,0.12113698547014902,0.03151831314524225,0.11704909635716877,3.042203533358545e-16,0.024174866712656153,1.0000000000000107,0.9572787862211903,0.016297960077736873,0.08905186632773687,False,False,False,False,False,False,False,False,True,True
vqe_6_Mutant_Add_ch_P9_Q1_[].qasm,PureState_27,0.0011320826690907966,0.22231374701685086,0.0011320800713156413,0.187641746406855,3.6952641243885077e-16,0.0217311897939869,1.000000000000011,0.9765953222412193,0.013240398299943612,0.1332439767000564,False,False,False,False,False,False,False,False,True,True
vqe_6_Mutant_Add_ch_P9_Q1_[].qasm,Quratest_27,0.028203442092742816,0.10258750359157534,0.027910180215751482,0.09806838523434681,3.169567642472438e-16,0.013813204838838862,1.0000000000000115,0.9620217878738351,0.002266328387132227,0.0006633591128677729,False,False,False,False,False,False,False,False,False,False
vqe_6_Mutant_Add_ch_P9_Q1_[].qasm,PureState_28,0.013299755991412266,0.23374079475714393,0.012090493858804332,0.19830103946888938,2.4939732618144637e-16,0.022355466062920742,1.000000000000011,0.9708935712876873,0.011941768933099905,0.018331668566900095,False,False,False,False,False,False,False,False,True,False
vqe_6_Mutant_Add_ch_P9_Q1_[].qasm,Quratest_28,0.026269488069839562,0.1050841706312248,0.025960797049256638,0.09730214688484685,2.367198742526857e-16,0.009271359859813122,1.000000000000011,0.9671787694462262,0.020242016047910955,0.028586108952089045,False,False,False,False,False,False,False,False,True,False
vqe_6_Mutant_Add_ch_P9_Q1_[].qasm,PureState_29,0.010666499991939764,0.20173701576836012,0.010657598751891232,0.17156646020960592,2.817563737581332e-16,0.022689675656182337,1.0000000000000107,0.9722598526907944,0.03678731843443657,0.05631856843443657,False,False,False,False,False,False,False,False,True,True
vqe_6_Mutant_Add_ch_P9_Q1_[].qasm,Quratest_29,0.02936896752834651,0.11454982803665201,0.029077220748939817,0.10776147370011065,2.156330949099083e-16,0.011705099719134558,1.0000000000000115,0.9670491886555614,0.014714140811852447,0.022038359561852447,False,False,False,False,False,False,False,False,True,False
vqe_6_Mutant_Add_ch_P9_Q1_[].qasm,PureState_30,0.011985267523062868,0.23838832901118656,0.011297469002187635,0.20220382529736014,2.680679909197057e-16,0.022051859133587783,1.000000000000011,0.9711982241354977,0.005636352387666816,0.000711303862333184,False,False,False,False,False,False,False,False,False,False
vqe_6_Mutant_Add_ch_P9_Q1_[].qasm,Quratest_30,0.028157542054580726,0.09943730878226095,0.028140411428945727,0.09600237274605826,2.4453205705726057e-16,0.011808786148837958,1.0000000000000115,0.96151164192677,0.0014324014345792405,0.01119802643457924,False,False,False,False,False,False,False,False,False,False
vqe_6_Mutant_Add_ch_P9_Q1_[].qasm,PureState_31,0.00903178891835527,0.2617650969857589,0.009030016057683617,0.2221597921362573,4.7188083257619495e-19,0.023756204442279875,1.0000000000000129,0.9722499594400752,0.002398639316936721,0.006793170566936721,False,False,False,False,False,False,False,False,False,False
vqe_6_Mutant_Add_ch_P9_Q1_[].qasm,Quratest_31,0.03078830055634591,0.08140643819676317,0.02948786881492461,0.0796950978001027,2.723109281468905e-16,0.00887639940354628,1.000000000000011,0.9696821327635169,0.0073900932936386,0.0961255317063614,False,False,False,False,False,False,False,False,False,True
vqe_6_Mutant_Add_y_P24_Q2_[].qasm,PureState_0,0.01196341036122608,0.24676982876562747,0.011297964525516074,0.21181731802454784,0.0,0.01953296014247273,1.000000000000011,0.9778359914208655,0.022863314928994627,0.10342972117899463,False,False,False,False,False,False,False,False,True,True
vqe_6_Mutant_Add_y_P24_Q2_[].qasm,Quratest_0,0.035783263179912435,0.13819953757711081,0.03297249449090443,0.1286244350537865,0.0,0.015944999114939795,1.000000000000011,0.9706627379818775,0.002907858240559419,0.02834214175944058,False,False,False,False,False,False,False,False,False,False
vqe_6_Mutant_Add_y_P24_Q2_[].qasm,PureState_1,0.0,0.2909144579708243,0.0,0.2444554584313381,0.0,0.034658051011036944,1.0000000000000102,0.9653413284822784,1.993538863986899e-07,0.2841794881461136,False,False,False,False,False,False,False,False,False,True
vqe_6_Mutant_Add_y_P24_Q2_[].qasm,Quratest_1,0.030408476307901864,0.09724837301022413,0.02907669309663266,0.09460590638409559,0.0,0.019243801099469188,1.0000000000000107,0.956242327171799,0.03574980717969689,0.07920683842969689,False,False,False,False,False,False,False,False,True,True
vqe_6_Mutant_Add_y_P24_Q2_[].qasm,PureState_2,0.0,0.29334709461694597,0.0,0.24653740974650065,0.0,0.033466795212389905,1.000000000000011,0.9665327668369623,1.8531608814154055e-07,0.29833965843391186,False,False,False,False,False,False,False,False,False,True
vqe_6_Mutant_Add_y_P24_Q2_[].qasm,Quratest_2,0.03415903641465016,0.11361841665784835,0.03132253053033815,0.10736896035660093,0.0,0.02063320519519649,1.0000000000000102,0.9553803547665407,0.013764399641357034,0.033110600358642966,False,False,False,False,False,False,False,False,True,False
vqe_6_Mutant_Add_y_P24_Q2_[].qasm,PureState_3,0.006311501069280642,0.24452682492364064,0.006308950856083255,0.20657044115800668,0.0,0.020176752799439458,1.000000000000011,0.9771765041182339,0.0032589661257649283,0.06949494012423507,False,False,False,False,False,False,False,False,False,True
vqe_6_Mutant_Add_y_P24_Q2_[].qasm,Quratest_3,0.03054024544805775,0.1166285451737267,0.029729409792257935,0.10955524382641456,0.0,0.012785503302235442,1.0000000000000115,0.9671929475640115,0.00926835221395439,0.12401444596395439,False,False,False,False,False,False,False,False,False,True
vqe_6_Mutant_Add_y_P24_Q2_[].qasm,PureState_4,0.0,0.2909144579708244,0.0,0.24445545843133812,0.0,0.021881503067187866,1.0000000000000115,0.9781181472437186,1.988763883575828e-07,0.28759745737361164,False,False,False,False,False,False,False,False,False,True
vqe_6_Mutant_Add_y_P24_Q2_[].qasm,Quratest_4,0.03053158781551073,0.07324712997105663,0.030249203698357804,0.07171349978965634,0.0,0.013788957947961792,1.000000000000012,0.9592154527435799,4.8547264831833026e-05,0.019482702735168167,False,False,False,False,False,False,False,False,False,False
vqe_6_Mutant_Add_y_P24_Q2_[].qasm,PureState_5,0.0031020471144608936,0.22340455668387035,0.003101987380434189,0.18812758982267103,0.0,0.031309593040408215,1.000000000000011,0.9669232353772416,0.013240354043680402,0.1410565209563196,False,False,False,False,False,False,False,False,True,True
vqe_6_Mutant_Add_y_P24_Q2_[].qasm,Quratest_5,0.027474650040025493,0.0715096122177236,0.027443344171083017,0.0709180574533789,0.0,0.011979408696823596,1.0000000000000098,0.9579565432000267,0.029985590223591048,0.04414574647359105,False,False,False,False,False,False,False,False,True,False
vqe_6_Mutant_Add_y_P24_Q2_[].qasm,PureState_6,0.012270072927547586,0.2382968383377367,0.012269113518230184,0.20083025936045878,0.0,0.017511616489105902,1.0000000000000107,0.9708715940078694,0.008035540311348306,0.0007535221886516945,False,False,False,False,False,False,False,False,False,False
vqe_6_Mutant_Add_y_P24_Q2_[].qasm,Quratest_6,0.02746428860113492,0.1541638591133481,0.025365773171385716,0.14316866630257064,0.0,0.025361723795935452,1.0000000000000129,0.9601096362402635,0.012425972200174884,0.047582222200174884,False,False,False,False,False,False,False,False,True,False
vqe_6_Mutant_Add_y_P24_Q2_[].qasm,PureState_7,0.0059458770069722505,0.21892156813155278,0.005945838374311365,0.1837517630400747,0.0,0.017666482838614845,1.0000000000000102,0.9725548267382097,0.004921639146742332,0.03373023289674233,False,False,False,False,False,False,False,False,False,False
vqe_6_Mutant_Add_y_P24_Q2_[].qasm,Quratest_7,0.026803475827440294,0.17284283986918955,0.025274423254706007,0.1542872415696515,0.0,0.013985188069231515,1.000000000000011,0.9730244948335401,0.025292895921867398,0.0425781978281326,False,False,False,False,False,False,False,False,True,False
vqe_6_Mutant_Add_y_P24_Q2_[].qasm,PureState_8,0.013053725206860472,0.2591057765031498,0.01305321637413274,0.21874481779852156,0.0,0.03131338575458362,1.000000000000011,0.9659007812816311,0.0016238327753108073,0.06510039527531081,False,False,False,False,False,False,False,False,False,True
vqe_6_Mutant_Add_y_P24_Q2_[].qasm,Quratest_8,0.025500116995592986,0.12861777122914264,0.025153882033315984,0.1229601239481377,0.0,0.016850703146890612,1.000000000000011,0.955864202411815,0.0019076363125808682,0.04350251993741913,False,False,False,False,False,False,False,False,False,False
vqe_6_Mutant_Add_y_P24_Q2_[].qasm,PureState_9,0.00834252572445011,0.20290460942558222,0.008341511354956373,0.17274160430455102,0.0,0.021769281978079688,1.0000000000000089,0.9733171824231356,0.03678731413215557,0.04215840788215557,False,False,False,False,False,False,False,False,True,False
vqe_6_Mutant_Add_y_P24_Q2_[].qasm,Quratest_9,0.02915625119962899,0.13315927751879356,0.028046675706349274,0.11855201698942411,0.0,0.01858026851918964,1.000000000000012,0.9576205391233681,0.00019193322626903653,0.06377291052373096,False,False,False,False,False,False,False,False,False,True
vqe_6_Mutant_Add_y_P24_Q2_[].qasm,PureState_10,0.0063608559753073396,0.2551380443773964,0.006359389027886111,0.21514995135727286,0.0,0.021499659354648162,1.000000000000011,0.9726043415067867,0.015986191125957023,0.014287246374042977,False,False,False,False,False,False,False,False,True,False
vqe_6_Mutant_Add_y_P24_Q2_[].qasm,Quratest_10,0.027416453046865564,0.08515546342866957,0.027388045303341827,0.08317049789567502,0.0,0.010355523865432054,1.000000000000011,0.9691264098766686,0.015478447399372375,0.08754889635062763,False,False,False,False,False,False,False,False,True,True
vqe_6_Mutant_Add_y_P24_Q2_[].qasm,PureState_11,0.008533744709826655,0.23137066432900605,0.00852799264582441,0.19593114997760988,0.0,0.018031149110904875,1.0000000000000115,0.9702257858811277,0.020146603697443886,0.004755740052556114,False,False,False,False,False,False,False,False,True,False
vqe_6_Mutant_Add_y_P24_Q2_[].qasm,Quratest_11,0.028618695778943857,0.19798538281197967,0.026611294072496693,0.17132340625557377,0.0,0.016625285745606604,1.000000000000011,0.9614237434292744,0.0016266410811671544,0.034506171418832846,False,False,False,False,False,False,False,False,False,False
vqe_6_Mutant_Add_y_P24_Q2_[].qasm,PureState_12,0.0028817632767560108,0.24412424592448204,0.0028817300121580895,0.20530342249798078,0.0,0.01814826043685465,1.0000000000000124,0.9793148062137751,0.00343227251334155,0.03712367876334155,False,False,False,False,False,False,False,False,False,False
vqe_6_Mutant_Add_y_P24_Q2_[].qasm,Quratest_12,0.028311161017614758,0.11303077203304134,0.02774883223558417,0.10904814474051333,0.0,0.013914368682138292,1.000000000000011,0.964542530619738,0.009071688705426517,0.14717831129457348,False,False,False,False,False,False,False,False,False,True
vqe_6_Mutant_Add_y_P24_Q2_[].qasm,PureState_13,0.005804139046339594,0.24809725184127426,0.00580285749637361,0.20961930127265563,0.0,0.019078288706293155,1.000000000000011,0.9782519639098348,0.030042805648908155,0.08033577439890816,False,False,False,False,False,False,False,False,True,True
vqe_6_Mutant_Add_y_P24_Q2_[].qasm,Quratest_13,0.03179127341348844,0.1223651238649064,0.03149030492441052,0.11730899502612092,0.0,0.021925134708935257,1.000000000000012,0.9579747638188237,0.0038297033493064347,0.11579920290069357,False,False,False,False,False,False,False,False,False,True
vqe_6_Mutant_Add_y_P24_Q2_[].qasm,PureState_14,0.007631349578728353,0.24809005086962876,0.007631235163300385,0.20897253089179135,0.0,0.021469219047286735,1.000000000000011,0.9725931460260356,0.011983991328152754,0.008523821171847246,False,False,False,False,False,False,False,False,True,False
vqe_6_Mutant_Add_y_P24_Q2_[].qasm,Quratest_14,0.02707340553594293,0.15557528059532458,0.02607637239793615,0.14838287783913634,0.0,0.02056510808196156,1.0000000000000102,0.9586511779005779,0.007717113298357892,0.1830100820483579,False,False,False,False,False,False,False,False,False,True
vqe_6_Mutant_Add_y_P24_Q2_[].qasm,PureState_15,0.01029064407940156,0.2354999901008375,0.01028456876336333,0.20018549850830014,0.0,0.017031794185146075,1.0000000000000115,0.9711493898576374,0.006124633160333032,0.020773070660333032,False,False,False,False,False,False,False,False,False,False
vqe_6_Mutant_Add_y_P24_Q2_[].qasm,Quratest_15,0.028614367908092533,0.15776060017670387,0.027185062464778417,0.14428794225465272,0.0,0.027051005865233277,1.0000000000000133,0.9574945068639729,0.011988504194499372,0.11838258955550063,False,False,False,False,False,False,False,False,True,True
vqe_6_Mutant_Add_y_P24_Q2_[].qasm,PureState_16,0.006115372092025267,0.2554451615290994,0.006113033229312367,0.2167828521625481,0.0,0.018950969209939952,1.000000000000011,0.9714213949702587,0.013226361319912935,0.005328326180087065,False,False,False,False,False,False,False,False,True,False
vqe_6_Mutant_Add_y_P24_Q2_[].qasm,Quratest_16,0.03116247727001515,0.09492916885779604,0.030608128955637304,0.09148233985112401,0.0,0.01029697497791882,1.000000000000011,0.9668730661066598,0.018066999158001446,0.019042375841998554,False,False,False,False,False,False,False,False,True,False
vqe_6_Mutant_Add_y_P24_Q2_[].qasm,PureState_17,0.0,0.2803355846424862,0.0,0.2354122569510428,0.0,0.020674479502724226,1.000000000000012,0.9793253294332959,1.8579640004290354e-07,0.29199200170359996,False,False,False,False,False,False,False,False,False,True
vqe_6_Mutant_Add_y_P24_Q2_[].qasm,Quratest_17,0.030521711853242223,0.12172100347818157,0.02864761568940693,0.11613663013973924,0.0,0.012961817590181989,1.0000000000000115,0.969560839669641,0.004743798440353553,0.10951401405964645,False,False,False,False,False,False,False,False,False,True
vqe_6_Mutant_Add_y_P24_Q2_[].qasm,PureState_18,0.009222867818933937,0.22892670670413717,0.009222500511757879,0.19283088274802884,0.0,0.03247564513522869,1.0000000000000115,0.9657313165793264,0.013240397819089145,0.13519710218091086,False,False,False,False,False,False,False,False,True,True
vqe_6_Mutant_Add_y_P24_Q2_[].qasm,Quratest_18,0.028335028721215502,0.1571228145787778,0.028001231374465,0.1358061026973492,0.0,0.012166453998044991,1.0000000000000115,0.963639602808989,0.0016389957736544364,0.009451495773654436,False,False,False,False,False,False,False,False,False,False
vqe_6_Mutant_Add_y_P24_Q2_[].qasm,PureState_19,0.005840448166209848,0.2638554102541153,0.00582837048882428,0.22847541383985534,0.0,0.023033801841341902,1.000000000000012,0.9734239187778416,0.006665776434395407,0.020337651434395407,False,False,False,False,False,False,False,False,False,False
vqe_6_Mutant_Add_y_P24_Q2_[].qasm,Quratest_19,0.031112429590246318,0.1153707371222096,0.02929128389475573,0.11181729618067096,0.0,0.017094512706657974,1.0000000000000102,0.9597083654180935,0.014460964484025007,0.03827341051597499,False,False,False,False,False,False,False,False,True,False
vqe_6_Mutant_Add_y_P24_Q2_[].qasm,PureState_20,0.012087435357983968,0.23867412094483167,0.012084385421153969,0.20158484639438548,0.0,0.016896109825722278,1.000000000000012,0.9713760710650013,0.0018260562577355408,0.01038097499226446,False,False,False,False,False,False,False,False,False,False
vqe_6_Mutant_Add_y_P24_Q2_[].qasm,Quratest_20,0.028312514581172978,0.11319402542983126,0.027155682778965417,0.10857579227639848,0.0,0.012538922049603319,1.0000000000000124,0.9664262009929635,0.018693668157403115,0.07924054315740311,False,False,False,False,False,False,False,False,True,True
vqe_6_Mutant_Add_y_P24_Q2_[].qasm,PureState_21,0.008629680853670836,0.2373529669757253,0.008626437981794912,0.20031327633301396,0.0,0.017827460739862577,1.0000000000000107,0.9705783395516983,0.004755721058119743,0.028935685191880257,False,False,False,False,False,False,False,False,False,False
vqe_6_Mutant_Add_y_P24_Q2_[].qasm,Quratest_21,0.027523345883549655,0.12196886501442378,0.027087577642723088,0.11232220298762187,0.0,0.010720523326658096,1.000000000000011,0.9677976030375103,0.008916388956751703,0.027959357706751703,False,False,False,False,False,False,False,False,False,False
vqe_6_Mutant_Add_y_P24_Q2_[].qasm,PureState_22,0.006297283410140433,0.2437624507545989,0.006297112329935278,0.20516904922512,0.0,0.019644135136130864,1.000000000000011,0.9778054006181457,0.008315041098719556,0.033705666098719556,False,False,False,False,False,False,False,False,False,False
vqe_6_Mutant_Add_y_P24_Q2_[].qasm,Quratest_22,0.026690132216890684,0.11261261146520801,0.02638303543476359,0.10860238910497619,0.0,0.012356933343121521,1.0000000000000133,0.9624002533398626,0.004353407820789246,0.07124793907078925,False,False,False,False,False,False,False,False,False,True
vqe_6_Mutant_Add_y_P24_Q2_[].qasm,PureState_23,0.010210335543949633,0.23910014113658035,0.009424868819281883,0.20296915321179046,0.0,0.017337016588490115,1.000000000000011,0.9708449389405238,0.015890262797020972,0.0007112997029790277,False,False,False,False,False,False,False,False,True,False
vqe_6_Mutant_Add_y_P24_Q2_[].qasm,Quratest_23,0.032688401644167336,0.1245115883058487,0.03071725003035019,0.11758418478892387,0.0,0.010329991488491133,1.0000000000000107,0.9741517718353023,0.003946086891788103,0.0668546943582119,False,False,False,False,False,False,False,False,False,True
vqe_6_Mutant_Add_y_P24_Q2_[].qasm,PureState_24,0.005857365531692122,0.22598866883220672,0.0058568775083703735,0.19033527032360706,0.0,0.01939163395263631,1.0000000000000093,0.9795712647663289,0.012334982717127074,0.17272361103287293,False,False,False,False,False,False,False,False,True,True
vqe_6_Mutant_Add_y_P24_Q2_[].qasm,Quratest_24,0.03244656257961403,0.0932201714142634,0.03141569990162509,0.09091504981368564,0.0,0.013721335319547986,1.0000000000000089,0.9697265163786959,0.005109380193118601,0.0427070364431186,False,False,False,False,False,False,False,False,False,False
vqe_6_Mutant_Add_y_P24_Q2_[].qasm,PureState_25,0.007653076074439106,0.253528047019707,0.007651033988114141,0.21367853247298663,0.0,0.032331304946607686,1.000000000000012,0.9648251113187073,0.028550901565635944,0.030042848434364056,False,False,False,False,False,False,False,False,True,False
vqe_6_Mutant_Add_y_P24_Q2_[].qasm,Quratest_25,0.03281176558764637,0.10325841430715035,0.031108434323839904,0.09973063898501011,0.0,0.02582149935261434,1.000000000000011,0.9533295713583068,0.00244486475698813,0.05957377100698813,False,False,False,False,False,False,False,False,False,True
vqe_6_Mutant_Add_y_P24_Q2_[].qasm,PureState_26,0.00454704549196588,0.2582051000359146,0.004546802514387716,0.21752578150887175,0.0,0.030805071760389317,1.000000000000011,0.9665223808292037,0.0034322729015923703,0.03858852290159237,False,False,False,False,False,False,False,False,False,False
vqe_6_Mutant_Add_y_P24_Q2_[].qasm,Quratest_26,0.03159544303510701,0.12393722902014304,0.03050482863675439,0.11924731717213441,0.0,0.02392218927469259,1.000000000000011,0.9585425850279341,0.016297960077736873,0.08661046007773687,False,False,False,False,False,False,False,False,True,True
vqe_6_Mutant_Add_y_P24_Q2_[].qasm,PureState_27,0.007480861136797336,0.2104300869339501,0.007480000889128004,0.17813888628362534,0.0,0.01996604763090798,1.000000000000011,0.9785132969404717,0.013240398299943612,0.1351971017000564,False,False,False,False,False,False,False,False,True,True
vqe_6_Mutant_Add_y_P24_Q2_[].qasm,Quratest_27,0.026656742712221296,0.09472470128687709,0.02547185685542543,0.09041777190350146,0.0,0.013032177015092652,1.000000000000012,0.9635498578631242,0.002266328387132227,0.001151640362867773,False,False,False,False,False,False,False,False,False,False
vqe_6_Mutant_Add_y_P24_Q2_[].qasm,PureState_28,0.0134055237921118,0.2370589542219292,0.012767260796852711,0.20138257803357562,0.0,0.02130076976117566,1.0000000000000115,0.9725664430975517,0.011941768933099905,0.017843387316900095,False,False,False,False,False,False,False,False,True,False
vqe_6_Mutant_Add_y_P24_Q2_[].qasm,Quratest_28,0.028744213199694054,0.09888449676751358,0.02764582072959749,0.09163545473291088,0.0,0.008781816674482069,1.000000000000011,0.968653789618115,0.020242016047910955,0.030050952702089045,False,False,False,False,False,False,False,False,True,False
vqe_6_Mutant_Add_y_P24_Q2_[].qasm,PureState_29,0.006048266597895842,0.20250322658071745,0.006048163911553282,0.17162147671158637,0.0,0.020937365914868757,1.000000000000012,0.9741699249619118,0.03678731843443657,0.05290059968443657,False,False,False,False,False,False,False,False,True,True
vqe_6_Mutant_Add_y_P24_Q2_[].qasm,Quratest_29,0.02877271219541158,0.11039225024604955,0.028211064032950532,0.1031034936103921,0.0,0.011099920470730794,1.0000000000000124,0.9680783123799193,0.014714140811852447,0.022526640811852447,False,False,False,False,False,False,False,False,True,False
vqe_6_Mutant_Add_y_P24_Q2_[].qasm,PureState_30,0.01598962674765544,0.24306448576292428,0.015485660772790507,0.20662964997214586,0.0,0.020996809941069915,1.0000000000000115,0.9728714090216789,0.005636352387666816,0.000711303862333184,False,False,False,False,False,False,False,False,False,False
vqe_6_Mutant_Add_y_P24_Q2_[].qasm,Quratest_30,0.027016102970682517,0.10450444437236454,0.026670788542534945,0.10075404873582644,0.0,0.011212193305492085,1.0000000000000115,0.9629355160554574,0.0014324014345792405,0.01266287018457924,False,False,False,False,False,False,False,False,False,False
vqe_6_Mutant_Add_y_P24_Q2_[].qasm,PureState_31,0.00587965867970903,0.2595031298992394,0.005878973507973388,0.21986987136443323,0.0,0.022283364065261012,1.000000000000012,0.9737510444000671,0.002398639316936721,0.005816608066936721,False,False,False,False,False,False,False,False,False,False
vqe_6_Mutant_Add_y_P24_Q2_[].qasm,Quratest_31,0.028445204443395107,0.08696704080057137,0.028151973820299877,0.0851697905808897,0.0,0.008555033691680636,1.000000000000011,0.9708500646540179,0.0073900932936386,0.0941724067063614,False,False,False,False,False,False,False,False,False,True
vqe_6_Mutant_Add_h_P4_Q4_[].qasm,PureState_0,0.011660990904195256,0.24774218214608562,0.010955097487956316,0.2125057248774872,0.0,0.01941470911201216,1.000000000000011,0.9781914669625379,0.022863314928994627,0.10196487742899463,False,False,False,False,False,False,False,False,True,True
vqe_6_Mutant_Add_h_P4_Q4_[].qasm,Quratest_0,0.029316237737459054,0.1359878521036619,0.027879445553819292,0.12752926468678233,9.426756724935197e-17,0.015890728819100045,1.000000000000011,0.9709560935471296,0.002907858240559419,0.03029526675944058,False,False,False,False,False,False,False,False,False,False
vqe_6_Mutant_Add_h_P4_Q4_[].qasm,PureState_1,0.0,0.29788779768301793,0.0,0.2504260233269899,9.3320896665269e-25,0.03471207380702101,1.0000000000000102,0.9652872912935851,1.993538863986899e-07,0.2866208943961136,False,False,False,False,False,False,False,False,False,True
vqe_6_Mutant_Add_h_P4_Q4_[].qasm,Quratest_1,0.025596560494135827,0.09711493633531455,0.024629885713822415,0.0946373609549856,1.7003371146918347e-16,0.019364571701767717,1.0000000000000107,0.9564876304888863,0.03574980717969689,0.07774199467969689,False,False,False,False,False,False,False,False,True,True
vqe_6_Mutant_Add_h_P4_Q4_[].qasm,PureState_2,0.0,0.290444742798406,0.0,0.24405356317200272,1.401661629617052e-25,0.033520855965022064,1.000000000000011,0.96647869167033,1.8531608814154055e-07,0.29785137718391186,False,False,False,False,False,False,False,False,False,True
vqe_6_Mutant_Add_h_P4_Q4_[].qasm,Quratest_2,0.028854460668265292,0.11699147401214369,0.027166753549845386,0.11019131638151858,1.391152089493886e-16,0.020659954552102545,1.0000000000000107,0.955487198787359,0.013764399641357034,0.031157475358642966,False,False,False,False,False,False,False,False,True,False
vqe_6_Mutant_Add_h_P4_Q4_[].qasm,PureState_3,0.007845358416801895,0.2440141722957701,0.007843395280355886,0.206243599366665,0.0,0.020058825746255053,1.000000000000011,0.977531741663089,0.0032589661257649283,0.07047150262423507,False,False,False,False,False,False,False,False,False,True
vqe_6_Mutant_Add_h_P4_Q4_[].qasm,Quratest_3,0.02529729450079017,0.11731510529595816,0.024635600495328272,0.11011133192983283,1.7813875374392242e-16,0.012804870437652778,1.000000000000011,0.967518797714845,0.00926835221395439,0.12401444596395439,False,False,False,False,False,False,False,False,False,True
vqe_6_Mutant_Add_h_P4_Q4_[].qasm,PureState_4,0.0,0.28561764529085826,0.0,0.23992540783007096,2.8441896705777245e-25,0.021761038806917862,1.0000000000000115,0.9782386259272896,1.988763883575828e-07,0.28613261362361164,False,False,False,False,False,False,False,False,False,True
vqe_6_Mutant_Add_h_P4_Q4_[].qasm,Quratest_4,0.03096705585471189,0.07780767317264739,0.030677589162545756,0.07560184360746058,1.977381474706219e-16,0.013956939769831565,1.000000000000011,0.959305501952516,4.8547264831833026e-05,0.019970983985168167,False,False,False,False,False,False,False,False,False,False
vqe_6_Mutant_Add_h_P4_Q4_[].qasm,PureState_5,0.006596286863286795,0.23015743758812107,0.0065953845480421465,0.19397517607742984,6.855514367086941e-25,0.03136300785274488,1.000000000000011,0.9668691384287667,0.013240354043680402,0.1415448022063196,False,False,False,False,False,False,False,False,True,True
vqe_6_Mutant_Add_h_P4_Q4_[].qasm,Quratest_5,0.02523107953636133,0.06933009167847394,0.025211841933367125,0.06894362155206622,1.235990476633475e-16,0.012079153859403696,1.0000000000000107,0.958032096381616,0.029985590223591048,0.04609887147359105,False,False,False,False,False,False,False,False,True,False
vqe_6_Mutant_Add_h_P4_Q4_[].qasm,PureState_6,0.013734111239379216,0.24200796592697096,0.01373362621260793,0.20409006249446943,0.0,0.01716629471684967,1.0000000000000107,0.971051125386966,0.008035540311348306,0.0007535221886516945,False,False,False,False,False,False,False,False,False,False
vqe_6_Mutant_Add_h_P4_Q4_[].qasm,Quratest_6,0.026458826090281037,0.15718136548538086,0.024620497660970603,0.1462860613614391,6.65469648300218e-17,0.025378396306172307,1.000000000000011,0.9602217175603277,0.012425972200174884,0.050023628450174884,False,False,False,False,False,False,False,False,True,True
vqe_6_Mutant_Add_h_P4_Q4_[].qasm,PureState_7,0.00149119052111513,0.2264627142532153,0.0014911896267256796,0.1903099167622224,1.5510290052900115e-25,0.017330158901229062,1.0000000000000107,0.9725009759432314,0.004921639146742332,0.03275367039674233,False,False,False,False,False,False,False,False,False,False
vqe_6_Mutant_Add_h_P4_Q4_[].qasm,Quratest_7,0.02260841385613959,0.17170560528782028,0.02154046908446738,0.15292289704573234,1.1119084848039908e-16,0.013755373182455299,1.000000000000011,0.9732476188276711,0.025292895921867398,0.0440430415781326,False,False,False,False,False,False,False,False,True,False
vqe_6_Mutant_Add_h_P4_Q4_[].qasm,PureState_8,0.00822712902340834,0.2550680883675317,0.008220836670927241,0.21527337157319754,0.0,0.031367453846398066,1.000000000000011,0.9660788584958003,0.0016238327753108073,0.06754180152531081,False,False,False,False,False,False,False,False,False,True
vqe_6_Mutant_Add_h_P4_Q4_[].qasm,Quratest_8,0.03118192604857415,0.1203574693259309,0.030965093334348767,0.11499592071887166,1.6313854564117825e-16,0.016815206244621163,1.000000000000011,0.9559326408053492,0.0019076363125808682,0.04252595743741913,False,False,False,False,False,False,False,False,False,False
vqe_6_Mutant_Add_h_P4_Q4_[].qasm,PureState_9,0.008752615548838686,0.19818230067330125,0.008749393861418176,0.16820435138571305,1.8151812319781795e-25,0.021398323142696178,1.0000000000000093,0.9734373287825674,0.03678731413215557,0.04167012663215557,False,False,False,False,False,False,False,False,True,False
vqe_6_Mutant_Add_h_P4_Q4_[].qasm,Quratest_9,0.0313161893776853,0.1281687191088777,0.030205249549398183,0.11399507101301411,1.993397018214647e-16,0.018502957382120124,1.0000000000000115,0.9579439122712886,0.00019193322626903653,0.06279634802373096,False,False,False,False,False,False,False,False,False,True
vqe_6_Mutant_Add_h_P4_Q4_[].qasm,PureState_10,0.010043742985007278,0.23970694147789445,0.010042544623511417,0.20199961211119175,0.0,0.021122547597213846,1.000000000000011,0.9729583174022656,0.015986191125957023,0.013798965124042977,False,False,False,False,False,False,False,False,True,False
vqe_6_Mutant_Add_h_P4_Q4_[].qasm,Quratest_10,0.026895741412999996,0.08793454704989684,0.026864396852591697,0.08598938630361279,1.5768534752675506e-16,0.010439030841579272,1.000000000000011,0.9694226842415425,0.015478447399372375,0.08901374010062763,False,False,False,False,False,False,False,False,True,True
vqe_6_Mutant_Add_h_P4_Q4_[].qasm,PureState_11,0.010799203570655624,0.23508061192848223,0.01077948254638894,0.19860648000606618,0.0,0.017655842677701667,1.0000000000000115,0.970405201355389,0.020146603697443886,0.004755740052556114,False,False,False,False,False,False,False,False,True,False
vqe_6_Mutant_Add_h_P4_Q4_[].qasm,Quratest_11,0.025487232711753023,0.19896169640269404,0.02478993678810939,0.171916619924854,9.162549798573232e-17,0.016385807605671154,1.0000000000000115,0.961517066251107,0.0016266410811671544,0.033041327668832846,False,False,False,False,False,False,False,False,False,False
vqe_6_Mutant_Add_h_P4_Q4_[].qasm,PureState_12,0.003630561681411025,0.24787549010541698,0.0036305553397146494,0.20882534448619913,0.0,0.018029653217608473,1.0000000000000124,0.9796708458305196,0.00343227251334155,0.03712367876334155,False,False,False,False,False,False,False,False,False,False
vqe_6_Mutant_Add_h_P4_Q4_[].qasm,Quratest_12,0.02831371333531175,0.11537849520495556,0.028293573149234065,0.11122762082788014,1.7622351061036268e-16,0.013978569009410016,1.0000000000000107,0.9647820859306304,0.009071688705426517,0.14669003004457348,False,False,False,False,False,False,False,False,False,True
vqe_6_Mutant_Add_h_P4_Q4_[].qasm,PureState_13,0.007841796929128867,0.24184607941610264,0.007840553620261516,0.20360281519671206,0.0,0.018960276965964827,1.000000000000011,0.9786075847320391,0.030042805648908155,0.08033577439890816,False,False,False,False,False,False,False,False,True,True
vqe_6_Mutant_Add_h_P4_Q4_[].qasm,Quratest_13,0.02919134276140086,0.1157455359288073,0.0283627953356884,0.11148235505778757,1.676820303702503e-16,0.022098151817156523,1.000000000000012,0.9581007318904725,0.0038297033493064347,0.12068201540069357,False,False,False,False,False,False,False,False,False,True
vqe_6_Mutant_Add_h_P4_Q4_[].qasm,PureState_14,0.0084343591655656,0.24602051781497028,0.008433996734204766,0.20757651560770102,0.0,0.02109327899596832,1.000000000000011,0.9729470823807924,0.011983991328152754,0.006570696171847246,False,False,False,False,False,False,False,False,True,False
vqe_6_Mutant_Add_h_P4_Q4_[].qasm,Quratest_14,0.030648516103360352,0.15873187139143602,0.028507416571145843,0.1510231216906007,1.0778046870591733e-16,0.020448972411752753,1.0000000000000107,0.9589454228837423,0.007717113298357892,0.1805686757983579,False,False,False,False,False,False,False,False,False,True
vqe_6_Mutant_Add_h_P4_Q4_[].qasm,PureState_15,0.020497469958498434,0.23769495301901633,0.02000309238872309,0.20218196372745348,0.0,0.016656704733535026,1.0000000000000115,0.9713290057639888,0.006124633160333032,0.019796508160333032,False,False,False,False,False,False,False,False,False,False
vqe_6_Mutant_Add_h_P4_Q4_[].qasm,Quratest_15,0.030880230352343115,0.16471559354549573,0.02851407951309617,0.1526078591050346,1.2113767579774492e-16,0.027232977612997603,1.0000000000000115,0.9576593782701163,0.011988504194499372,0.11594118330550063,False,False,False,False,False,False,False,False,True,True
vqe_6_Mutant_Add_h_P4_Q4_[].qasm,PureState_16,0.0031939887114855185,0.25234562239466546,0.003193725255764947,0.2139608150036892,3.5171048117139367e-25,0.018578565354792766,1.0000000000000115,0.9713676145370816,0.013226361319912935,0.005328326180087065,False,False,False,False,False,False,False,False,True,False
vqe_6_Mutant_Add_h_P4_Q4_[].qasm,Quratest_16,0.02410896486543226,0.09602896366430405,0.023748866762846703,0.09248580177192416,2.0497265587312088e-16,0.010254367314807122,1.0000000000000107,0.967188149496611,0.018066999158001446,0.017577532091998554,False,False,False,False,False,False,False,False,True,False
vqe_6_Mutant_Add_h_P4_Q4_[].qasm,PureState_17,0.0,0.2826505099378462,0.0,0.23738967659505272,6.972347273366044e-24,0.02055383750534589,1.0000000000000133,0.9794459858897379,1.8579640004290354e-07,0.29199200170359996,False,False,False,False,False,False,False,False,False,True
vqe_6_Mutant_Add_h_P4_Q4_[].qasm,Quratest_17,0.032517762761390616,0.12079793245741786,0.0307777839198285,0.11519849412004582,1.2950032620686822e-16,0.012856170461890576,1.0000000000000115,0.9698758531780666,0.004743798440353553,0.11439682655964645,False,False,False,False,False,False,False,False,False,True
vqe_6_Mutant_Add_h_P4_Q4_[].qasm,PureState_18,0.0071376296208073885,0.22392749095235306,0.007137457015704114,0.18882706320508638,5.052286098445752e-28,0.03252912639169306,1.0000000000000115,0.9656772575740535,0.013240397819089145,0.13715022718091086,False,False,False,False,False,False,False,False,True,True
vqe_6_Mutant_Add_h_P4_Q4_[].qasm,Quratest_18,0.021064843910387838,0.15385498584916205,0.020677059400329427,0.13181904324638818,2.1758199529880978e-16,0.011988473808771528,1.000000000000011,0.9638642201080538,0.0016389957736544364,0.007498370773654436,False,False,False,False,False,False,False,False,False,False
vqe_6_Mutant_Add_h_P4_Q4_[].qasm,PureState_19,0.005909979686293536,0.2610119234723302,0.0059069799744016355,0.22620452932239868,7.076369243310773e-25,0.022654047614267796,1.0000000000000115,0.9735440784951104,0.006665776434395407,0.021314213934395407,False,False,False,False,False,False,False,False,False,False
vqe_6_Mutant_Add_h_P4_Q4_[].qasm,Quratest_19,0.02788656489686757,0.11241980303769636,0.026151376631712398,0.10934011584505125,1.635932964547354e-16,0.017138978696869332,1.0000000000000107,0.9598256258018756,0.014460964484025007,0.03632028551597499,False,False,False,False,False,False,False,False,True,False
vqe_6_Mutant_Add_h_P4_Q4_[].qasm,PureState_20,0.012805449846694607,0.23414892210568752,0.012801090797538538,0.19804022331974955,0.0,0.016554058620037393,1.000000000000012,0.9715557222342185,0.0018260562577355408,0.00842784999226446,False,False,False,False,False,False,False,False,False,False
vqe_6_Mutant_Add_h_P4_Q4_[].qasm,Quratest_20,0.030145684897554807,0.10715404058423003,0.028715887299917836,0.10274837549437617,1.7918812592575273e-16,0.012543371599573232,1.0000000000000133,0.9665913854297802,0.018693668157403115,0.07679913690740311,False,False,False,False,False,False,False,False,True,True
vqe_6_Mutant_Add_h_P4_Q4_[].qasm,PureState_21,0.007388468836070613,0.2401701342439407,0.007387327263594095,0.20225418767159498,0.0,0.01747589690429282,1.0000000000000107,0.9707578535702776,0.004755721058119743,0.026494278941880257,False,False,False,False,False,False,False,False,False,False
vqe_6_Mutant_Add_h_P4_Q4_[].qasm,Quratest_21,0.03168104777261216,0.11783276025675032,0.0311659197022707,0.10872516905257555,2.476521825879201e-16,0.010526752996085268,1.000000000000011,0.9681195463929991,0.008916388956751703,0.026982795206751703,False,False,False,False,False,False,False,False,False,False
vqe_6_Mutant_Add_h_P4_Q4_[].qasm,PureState_22,0.007134576497944952,0.24785354166409707,0.007134541637086672,0.20869433124314538,0.0,0.019525852743677824,1.000000000000011,0.9781608684275059,0.008315041098719556,0.035658791098719556,False,False,False,False,False,False,False,False,False,False
vqe_6_Mutant_Add_h_P4_Q4_[].qasm,Quratest_22,0.02964382358261405,0.11356136917540897,0.028799779226591826,0.10904497188261145,9.639234939753938e-17,0.012299526198450365,1.0000000000000124,0.9624672276900864,0.004353407820789246,0.07027137657078925,False,False,False,False,False,False,False,False,False,True
vqe_6_Mutant_Add_h_P4_Q4_[].qasm,PureState_23,0.016963426623731164,0.23282200630313546,0.015538512054363927,0.19789561039209716,0.0,0.016961949520012076,1.000000000000011,0.9710244999750957,0.015890262797020972,0.0016878622029790277,False,False,False,False,False,False,False,False,True,False
vqe_6_Mutant_Add_h_P4_Q4_[].qasm,Quratest_23,0.0316836197832954,0.12521677219100905,0.02911048768150645,0.11779135351183616,1.286185649087765e-16,0.010410047629377158,1.0000000000000115,0.974468736691965,0.003946086891788103,0.0673429756082119,False,False,False,False,False,False,False,False,False,True
vqe_6_Mutant_Add_h_P4_Q4_[].qasm,PureState_24,0.0016194029351896068,0.2279473432171895,0.0016193968100190856,0.19197923987763524,3.515426657572813e-27,0.0192722874452166,1.0000000000000093,0.9796918035051901,0.012334982717127074,0.17077048603287293,False,False,False,False,False,False,False,False,True,True
vqe_6_Mutant_Add_h_P4_Q4_[].qasm,Quratest_24,0.03561833703229081,0.09667312673694953,0.033315938690806346,0.09461006312773702,9.36113284734667e-17,0.013903942516334214,1.0000000000000089,0.9700001632294544,0.005109380193118601,0.0422187551931186,False,False,False,False,False,False,False,False,False,False
vqe_6_Mutant_Add_h_P4_Q4_[].qasm,PureState_25,0.006107213436102401,0.2535061012357304,0.0061066474428635355,0.2135425872048056,0.0,0.03238534851104535,1.000000000000012,0.9650029615074504,0.028550901565635944,0.029554567184364056,False,False,False,False,False,False,False,False,True,False
vqe_6_Mutant_Add_h_P4_Q4_[].qasm,Quratest_25,0.026883617147482195,0.10219355272742409,0.026860826224552464,0.0994042957031342,1.6378906694466955e-16,0.02608993871141801,1.000000000000012,0.953424961415652,0.00244486475698813,0.06055033350698813,False,False,False,False,False,False,False,False,False,True
vqe_6_Mutant_Add_h_P4_Q4_[].qasm,PureState_26,0.01308853950432674,0.25316111870180485,0.013088327264664709,0.21293031939708137,0.0,0.030859306837729097,1.000000000000011,0.9667005743462332,0.0034322729015923703,0.04151821040159237,False,False,False,False,False,False,False,False,False,False
vqe_6_Mutant_Add_h_P4_Q4_[].qasm,Quratest_26,0.02555404871747112,0.12237906665329858,0.024610387282147855,0.1176599563191984,1.3370626830645944e-16,0.0241546805898963,1.000000000000011,0.958706404251896,0.016297960077736873,0.09149327257773687,False,False,False,False,False,False,False,False,True,True
vqe_6_Mutant_Add_h_P4_Q4_[].qasm,PureState_27,0.0018158214035083175,0.2120645318856243,0.0018158067556224926,0.17884587902991092,9.241618319598133e-28,0.019848695139019257,1.000000000000011,0.9786338243093162,0.013240398299943612,0.1351971017000564,False,False,False,False,False,False,False,False,True,True
vqe_6_Mutant_Add_h_P4_Q4_[].qasm,Quratest_27,0.029609713017175996,0.10082255019346988,0.028802008687189032,0.09648916144149014,1.7256178717938234e-16,0.012833541277702757,1.000000000000012,0.9638137515032317,0.002266328387132227,0.001151640362867773,False,False,False,False,False,False,False,False,False,False
vqe_6_Mutant_Add_h_P4_Q4_[].qasm,PureState_28,0.01988077341375935,0.2390343949877617,0.01865028226592423,0.20302701589592004,0.0,0.020924407649728444,1.0000000000000115,0.9729204043801444,0.011941768933099905,0.017843387316900095,False,False,False,False,False,False,False,False,True,False
vqe_6_Mutant_Add_h_P4_Q4_[].qasm,Quratest_28,0.03262571884398986,0.10908638447756731,0.0325848638619612,0.10138710427573767,2.050072783448399e-16,0.008650751638863856,1.000000000000011,0.9690004596980227,0.020242016047910955,0.029562671452089045,False,False,False,False,False,False,False,False,True,False
vqe_6_Mutant_Add_h_P4_Q4_[].qasm,PureState_29,0.011841815796530781,0.19511481726587995,0.011831330637935941,0.16547129145953302,5.171712981820429e-26,0.020565945104012662,1.000000000000012,0.9742902056966041,0.03678731843443657,0.05290059968443657,False,False,False,False,False,False,False,False,True,True
vqe_6_Mutant_Add_h_P4_Q4_[].qasm,Quratest_29,0.02764942751489422,0.10854746170270399,0.02707634240207009,0.10265094674026864,1.497992590295807e-16,0.010912992139598229,1.0000000000000124,0.9682518311631347,0.014714140811852447,0.021061797061852447,False,False,False,False,False,False,False,False,True,False
vqe_6_Mutant_Add_h_P4_Q4_[].qasm,PureState_30,0.015504757888589573,0.24053607252079004,0.013376621032484621,0.20431815369123948,0.0,0.02062042423640432,1.0000000000000115,0.9732254798234676,0.005636352387666816,0.000711303862333184,False,False,False,False,False,False,False,False,False,False
vqe_6_Mutant_Add_h_P4_Q4_[].qasm,Quratest_30,0.0307123976451667,0.10271233104508863,0.0301852414551021,0.09849070673341864,1.9141704043823511e-16,0.011089776809663972,1.000000000000012,0.9632197586117627,0.0014324014345792405,0.01168630768457924,False,False,False,False,False,False,False,False,False,False
vqe_6_Mutant_Add_h_P4_Q4_[].qasm,PureState_31,0.004451460214896441,0.2601065194258842,0.00444927813129193,0.2204059983912644,3.737539479874065e-27,0.02190945413215082,1.000000000000012,0.9738713794382381,0.002398639316936721,0.005816608066936721,False,False,False,False,False,False,False,False,False,False
vqe_6_Mutant_Add_h_P4_Q4_[].qasm,Quratest_31,0.027616974393516222,0.08591855132838223,0.027301792934725407,0.08370421270191498,1.3379054808471125e-16,0.008600465010935737,1.000000000000012,0.9711800186868377,0.0073900932936386,0.0956372504563614,False,False,False,False,False,False,False,False,False,True
vqe_6_Mutant_Add_rz_P14_Q3_[0.0].qasm,PureState_0,0.013322938653520314,0.24877244339941837,0.012733369910075508,0.21334111314158913,0.0,0.019156827029893853,1.000000000000011,0.978452314421526,0.022863314928994627,0.10391800242899463,False,False,False,False,False,False,False,False,True,True
vqe_6_Mutant_Add_rz_P14_Q3_[0.0].qasm,Quratest_0,0.03646677011502549,0.1440485663625294,0.03352968292291639,0.13452335807304291,0.0,0.01568859946325108,1.000000000000011,0.9712631847456448,0.002907858240559419,0.02931870425944058,False,False,False,False,False,False,False,False,False,False
vqe_6_Mutant_Add_rz_P14_Q3_[0.0].qasm,PureState_1,0.0,0.29935842373435334,0.0,0.2516861546579408,0.0,0.034281693308975604,1.0000000000000102,0.9657176858436215,1.993538863986899e-07,0.2851560506461136,False,False,False,False,False,False,False,False,False,True
vqe_6_Mutant_Add_rz_P14_Q3_[0.0].qasm,Quratest_1,0.024237727302897694,0.10403774160868176,0.023527895424520957,0.10175412844547983,0.0,0.0191436993390666,1.0000000000000107,0.9568080612382185,0.03574980717969689,0.07920683842969689,False,False,False,False,False,False,False,False,True,True
vqe_6_Mutant_Add_rz_P14_Q3_[0.0].qasm,PureState_2,0.0,0.2975192275997178,0.0,0.2501102617084803,0.0,0.033089944351333896,1.000000000000011,0.966909617433473,1.8531608814154055e-07,0.29785137718391186,False,False,False,False,False,False,False,False,False,True
vqe_6_Mutant_Add_rz_P14_Q3_[0.0].qasm,Quratest_2,0.03139935869126504,0.10752093528766972,0.02935501459182238,0.10153737510812187,0.0,0.020496300110897002,1.0000000000000102,0.9559759530312097,0.013764399641357034,0.033110600358642966,False,False,False,False,False,False,False,False,True,False
vqe_6_Mutant_Add_rz_P14_Q3_[0.0].qasm,PureState_3,0.00778116955732316,0.2493451466943625,0.007773807101009075,0.21054434433039787,0.0,0.01980150746382757,1.000000000000011,0.9777924131973903,0.0032589661257649283,0.06705353387423507,False,False,False,False,False,False,False,False,False,True
vqe_6_Mutant_Add_rz_P14_Q3_[0.0].qasm,Quratest_3,0.026971176798166116,0.11393086991874078,0.026616850721763265,0.10703819143986341,0.0,0.01260017533443083,1.0000000000000115,0.9677769453110932,0.00926835221395439,0.12401444596395439,False,False,False,False,False,False,False,False,False,True
vqe_6_Mutant_Add_rz_P14_Q3_[0.0].qasm,PureState_4,0.0,0.2821695303232251,0.0,0.23697875486177913,0.0,0.02150016410377414,1.0000000000000115,0.9784994859630541,1.988763883575828e-07,0.28710917612361164,False,False,False,False,False,False,False,False,False,True
vqe_6_Mutant_Add_rz_P14_Q3_[0.0].qasm,Quratest_4,0.02808469665380469,0.06731275730703137,0.02780276702292595,0.0660913261385433,0.0,0.013722173640438559,1.000000000000012,0.9597670141119853,4.8547264831833026e-05,0.019970983985168167,False,False,False,False,False,False,False,False,False,False
vqe_6_Mutant_Add_rz_P14_Q3_[0.0].qasm,PureState_5,0.004722460889238902,0.229213436068603,0.004722274177845396,0.19367396451192073,0.0,0.030941099941965533,1.000000000000011,0.9673002382808032,0.013240354043680402,0.1425213647063196,False,False,False,False,False,False,False,False,True,True
vqe_6_Mutant_Add_rz_P14_Q3_[0.0].qasm,Quratest_5,0.02931944932374522,0.06624268948375023,0.029281862766847317,0.06580240374631212,0.0,0.01197328171948915,1.0000000000000098,0.9584901907621817,0.029985590223591048,0.04414574647359105,False,False,False,False,False,False,False,False,True,False
vqe_6_Mutant_Add_rz_P14_Q3_[0.0].qasm,PureState_6,0.009346536618768697,0.23775114546065423,0.009346346504515051,0.20059008689236868,0.0,0.017153333011203947,1.0000000000000107,0.9714835085894228,0.008035540311348306,0.0012418034386516945,False,False,False,False,False,False,False,False,False,False
vqe_6_Mutant_Add_rz_P14_Q3_[0.0].qasm,Quratest_6,0.021015366420929875,0.15364390473620515,0.019489172890099743,0.14253392782309834,0.0,0.025068833707431182,1.0000000000000129,0.9607117882575621,0.012425972200174884,0.048070503450174884,False,False,False,False,False,False,False,False,True,False
vqe_6_Mutant_Add_rz_P14_Q3_[0.0].qasm,PureState_7,0.00806855094815142,0.22591744874376035,0.007053977872443711,0.18974188674476697,0.0,0.017303162782023825,1.0000000000000102,0.9729340047270769,0.004921639146742332,0.03275367039674233,False,False,False,False,False,False,False,False,False,False
vqe_6_Mutant_Add_rz_P14_Q3_[0.0].qasm,Quratest_7,0.027710847554171216,0.16703673795244772,0.02567628480587531,0.1490055154287284,0.0,0.01375262820670857,1.000000000000011,0.9736296148669477,0.025292895921867398,0.0440430415781326,False,False,False,False,False,False,False,False,True,False
vqe_6_Mutant_Add_rz_P14_Q3_[0.0].qasm,PureState_8,0.008198636843902918,0.25644595758096206,0.008193073247738037,0.21671301453545572,0.0,0.03094228701421462,1.000000000000011,0.966509605983132,0.0016238327753108073,0.06705352027531081,False,False,False,False,False,False,False,False,False,True
vqe_6_Mutant_Add_rz_P14_Q3_[0.0].qasm,Quratest_8,0.029033569251203456,0.12990278034889965,0.028692898594177445,0.12381131215781765,0.0,0.016597529455693653,1.000000000000011,0.9564577843498838,0.0019076363125808682,0.04399080118741913,False,False,False,False,False,False,False,False,False,False
vqe_6_Mutant_Add_rz_P14_Q3_[0.0].qasm,PureState_9,0.00837003019692709,0.193237487103069,0.00836550230249198,0.1645326486572348,0.0,0.021399748362747804,1.0000000000000089,0.9736965226742529,0.03678731413215557,0.04167012663215557,False,False,False,False,False,False,False,False,True,False
vqe_6_Mutant_Add_rz_P14_Q3_[0.0].qasm,Quratest_9,0.03043273025138493,0.1345000713139598,0.028262059530685484,0.11990008537906821,0.0,0.01850323194087892,1.000000000000012,0.9581632473103369,0.00019193322626903653,0.06377291052373096,False,False,False,False,False,False,False,False,False,True
vqe_6_Mutant_Add_rz_P14_Q3_[0.0].qasm,PureState_10,0.015087299132138476,0.2469314258263656,0.015073786896022508,0.20799039532196473,0.0,0.021123996677437466,1.000000000000011,0.9732173837429328,0.015986191125957023,0.014287246374042977,False,False,False,False,False,False,False,False,True,False
vqe_6_Mutant_Add_rz_P14_Q3_[0.0].qasm,Quratest_10,0.024208364498235317,0.08605536904548722,0.023850603440715074,0.08401326793848861,0.0,0.010273858273835233,1.000000000000011,0.96969913391535,0.015478447399372375,0.08754889635062763,False,False,False,False,False,False,False,False,True,True
vqe_6_Mutant_Add_rz_P14_Q3_[0.0].qasm,PureState_11,0.009082529976614266,0.23418776742551856,0.009078313792999122,0.19740732507150174,0.0,0.01765444938191582,1.0000000000000115,0.9708372969452443,0.020146603697443886,0.005244021302556114,False,False,False,False,False,False,False,False,True,False
vqe_6_Mutant_Add_rz_P14_Q3_[0.0].qasm,Quratest_11,0.02639302520065222,0.1945142657271942,0.02421986822581835,0.16852264466125533,0.0,0.01636794506222595,1.000000000000011,0.9619529774784081,0.0016266410811671544,0.034506171418832846,False,False,False,False,False,False,False,False,False,False
vqe_6_Mutant_Add_rz_P14_Q3_[0.0].qasm,PureState_12,0.004619281413924106,0.24291646789645835,0.0046188497447294755,0.20435440689231188,0.0,0.01777122350782398,1.0000000000000124,0.9799320877869382,0.00343227251334155,0.03761196001334155,False,False,False,False,False,False,False,False,False,False
vqe_6_Mutant_Add_rz_P14_Q3_[0.0].qasm,Quratest_12,0.028060721086578103,0.12055321267598608,0.02775616303493895,0.11626181051217294,0.0,0.013856203513611587,1.000000000000011,0.9650781184765205,0.009071688705426517,0.14766659254457348,False,False,False,False,False,False,False,False,False,True
vqe_6_Mutant_Add_rz_P14_Q3_[0.0].qasm,PureState_13,0.0069026748208571125,0.23963054746719895,0.006901289799615281,0.20216413580309928,0.0,0.018702823314672462,1.000000000000011,0.9788685431551598,0.030042805648908155,0.08131233689890816,False,False,False,False,False,False,False,False,True,True
vqe_6_Mutant_Add_rz_P14_Q3_[0.0].qasm,Quratest_13,0.024407931418651767,0.12053352310497854,0.02375966430278002,0.1157066417187803,0.0,0.021757227358852306,1.000000000000012,0.9585558331085761,0.0038297033493064347,0.11531092165069357,False,False,False,False,False,False,False,False,False,True
vqe_6_Mutant_Add_rz_P14_Q3_[0.0].qasm,PureState_14,0.00935589540332372,0.25301690238060714,0.009355712010351685,0.21318020656197098,0.0,0.02109472402119434,1.000000000000011,0.9732061457239859,0.011983991328152754,0.008523821171847246,False,False,False,False,False,False,False,False,True,False
vqe_6_Mutant_Add_rz_P14_Q3_[0.0].qasm,Quratest_14,0.02592182217944771,0.15833336241287735,0.023728103942316236,0.1504767845370855,0.0,0.020284162495746563,1.0000000000000102,0.9592032963243224,0.007717113298357892,0.1815452382983579,False,False,False,False,False,False,False,False,False,True
vqe_6_Mutant_Add_rz_P14_Q3_[0.0].qasm,PureState_15,0.01258428740066426,0.23397524271768141,0.012537794037965986,0.1989778069009709,0.0,0.016655312314795973,1.0000000000000115,0.9717615126945062,0.006124633160333032,0.020284789410333032,False,False,False,False,False,False,False,False,False,False
vqe_6_Mutant_Add_rz_P14_Q3_[0.0].qasm,Quratest_15,0.02712613283234382,0.1503053322378888,0.026486659743185564,0.1382985360636505,0.0,0.026882350286214954,1.0000000000000133,0.9580874154597454,0.011988504194499372,0.11740602705550063,False,False,False,False,False,False,False,False,True,True
vqe_6_Mutant_Add_rz_P14_Q3_[0.0].qasm,PureState_16,0.009947271671079299,0.25412412693918235,0.009940170136284511,0.21512181868001337,0.0,0.018577186124758623,1.000000000000011,0.9718001386297099,0.013226361319912935,0.004840044930087065,False,False,False,False,False,False,False,False,True,False
vqe_6_Mutant_Add_rz_P14_Q3_[0.0].qasm,Quratest_16,0.028514760376486082,0.09124495899117266,0.02788447353685844,0.08776613717534218,0.0,0.010205870076946816,1.000000000000011,0.9674374197517345,0.018066999158001446,0.019042375841998554,False,False,False,False,False,False,False,False,True,False
vqe_6_Mutant_Add_rz_P14_Q3_[0.0].qasm,PureState_17,0.0,0.277712189760916,0.0,0.2331723171702726,0.0,0.020292640864903386,1.000000000000012,0.9797071678854299,1.8579640004290354e-07,0.29101543920359996,False,False,False,False,False,False,False,False,False,True
vqe_6_Mutant_Add_rz_P14_Q3_[0.0].qasm,Quratest_17,0.032959125925561654,0.12526006832885697,0.030963054140530393,0.11929720320181902,0.0,0.012701232393135344,1.0000000000000115,0.9701399280662953,0.004743798440353553,0.10951401405964645,False,False,False,False,False,False,False,False,False,True
vqe_6_Mutant_Add_rz_P14_Q3_[0.0].qasm,PureState_18,0.0005270765432918627,0.22698176770897271,0.0005270761848773476,0.19194794162033701,0.0,0.03210773840505922,1.0000000000000115,0.9661078259992226,0.013240397819089145,0.13470882093091086,False,False,False,False,False,False,False,False,True,True
vqe_6_Mutant_Add_rz_P14_Q3_[0.0].qasm,Quratest_18,0.02549503328923311,0.1501459197611679,0.02545692734684073,0.12898897340243587,0.0,0.011967076192052093,1.0000000000000115,0.9642427314271075,0.0016389957736544364,0.007986652023654436,False,False,False,False,False,False,False,False,False,False
vqe_6_Mutant_Add_rz_P14_Q3_[0.0].qasm,PureState_19,0.008476734508319145,0.26453407691101416,0.007511676252864255,0.22872204289203138,0.0,0.022655504270226116,1.000000000000012,0.9738033008073813,0.006665776434395407,0.020337651434395407,False,False,False,False,False,False,False,False,False,False
vqe_6_Mutant_Add_rz_P14_Q3_[0.0].qasm,Quratest_19,0.02716404192728418,0.11765464577057455,0.02602115594147944,0.11411374384474063,0.0,0.01688255409240396,1.0000000000000102,0.9602804656882705,0.014460964484025007,0.03827341051597499,False,False,False,False,False,False,False,False,True,False
vqe_6_Mutant_Add_rz_P14_Q3_[0.0].qasm,PureState_20,0.014840114602292854,0.23670473517124552,0.014822642085178679,0.20008063553174982,0.0,0.016539346784041065,1.000000000000012,0.9719883301228834,0.0018260562577355408,0.00989269374226446,False,False,False,False,False,False,False,False,False,False
vqe_6_Mutant_Add_rz_P14_Q3_[0.0].qasm,Quratest_20,0.033152039526680895,0.10346970162295052,0.03212247067833403,0.09921246221274584,0.0,0.012452259844565787,1.0000000000000124,0.9670233296061153,0.018693668157403115,0.07875226190740311,False,False,False,False,False,False,False,False,True,True
vqe_6_Mutant_Add_rz_P14_Q3_[0.0].qasm,PureState_21,0.010310965984637155,0.23776873592338754,0.010310144129616691,0.2002297009503073,0.0,0.017463263825316953,1.0000000000000107,0.9711901061848075,0.004755721058119743,0.026982560191880257,False,False,False,False,False,False,False,False,False,False
vqe_6_Mutant_Add_rz_P14_Q3_[0.0].qasm,Quratest_21,0.024897808070138035,0.1202372094354647,0.024866178852616102,0.11144330453012097,0.0,0.01051455837221893,1.000000000000011,0.9683775783562362,0.008916388956751703,0.026982795206751703,False,False,False,False,False,False,False,False,False,False
vqe_6_Mutant_Add_rz_P14_Q3_[0.0].qasm,PureState_22,0.00560518870340542,0.24652572703796055,0.005605158671120891,0.20762957928197437,0.0,0.01926782204361927,1.000000000000011,0.9784217077272921,0.008315041098719556,0.032729103598719556,False,False,False,False,False,False,False,False,False,False
vqe_6_Mutant_Add_rz_P14_Q3_[0.0].qasm,Quratest_22,0.02927932787211827,0.10907831047684935,0.028999816944143313,0.10467239083123739,0.0,0.012231777524207763,1.0000000000000133,0.9629502562985045,0.004353407820789246,0.07124793907078925,False,False,False,False,False,False,False,False,False,True
vqe_6_Mutant_Add_rz_P14_Q3_[0.0].qasm,PureState_23,0.0180680824369756,0.23175548894359463,0.01580215999748714,0.19687213484188457,0.0,0.016960557543337897,1.000000000000011,0.971456871317653,0.015890262797020972,0.0021761434529790277,False,False,False,False,False,False,False,False,True,False
vqe_6_Mutant_Add_rz_P14_Q3_[0.0].qasm,Quratest_23,0.03093348974181369,0.12257740533340135,0.029569323621697712,0.11491001870990404,0.0,0.010226515605920318,1.0000000000000107,0.9747475618306765,0.003946086891788103,0.0663664131082119,False,False,False,False,False,False,False,False,False,True
vqe_6_Mutant_Add_rz_P14_Q3_[0.0].qasm,PureState_24,0.007263374108416132,0.22548600045702888,0.006116695056260619,0.1899781951224612,0.0,0.019012396286781617,1.0000000000000093,0.9799530510544372,0.012334982717127074,0.17321189228287293,False,False,False,False,False,False,False,False,True,True
vqe_6_Mutant_Add_rz_P14_Q3_[0.0].qasm,Quratest_24,0.028584025975502962,0.09088170678762329,0.02661224301972187,0.08890056008130294,0.0,0.013718787291181306,1.0000000000000089,0.9702385408705825,0.005109380193118601,0.0422187551931186,False,False,False,False,False,False,False,False,False,False
vqe_6_Mutant_Add_rz_P14_Q3_[0.0].qasm,PureState_25,0.010660315891110038,0.2607850052238262,0.010642784553021317,0.2197399761572834,0.0,0.031960899000692974,1.000000000000012,0.9654332292815391,0.028550901565635944,0.031507692184364056,False,False,False,False,False,False,False,False,True,False
vqe_6_Mutant_Add_rz_P14_Q3_[0.0].qasm,Quratest_25,0.02946616580079006,0.10662176441200855,0.029152994025641542,0.10361285224886405,0.0,0.025714573717239973,1.000000000000011,0.9538713306974276,0.00244486475698813,0.05859720850698813,False,False,False,False,False,False,False,False,False,True
vqe_6_Mutant_Add_rz_P14_Q3_[0.0].qasm,PureState_26,0.0037005742540970918,0.26143206291472626,0.0037003002330677254,0.2203049085541956,0.0,0.030432959988582052,1.000000000000011,0.9671315990391212,0.0034322729015923703,0.03810024165159237,False,False,False,False,False,False,False,False,False,False
vqe_6_Mutant_Add_rz_P14_Q3_[0.0].qasm,Quratest_26,0.028802324676841858,0.1273112227634144,0.027927506125337467,0.1229104669646789,0.0,0.023765434949439064,1.000000000000011,0.9591252880345956,0.016297960077736873,0.08758702257773687,False,False,False,False,False,False,False,False,True,True
vqe_6_Mutant_Add_rz_P14_Q3_[0.0].qasm,PureState_27,0.004980251402362033,0.21680263288135523,0.0049801900012598635,0.18334134714925748,0.0,0.019593271238664303,1.000000000000011,0.9788947897299807,0.013240398299943612,0.1351971017000564,False,False,False,False,False,False,False,False,True,True
vqe_6_Mutant_Add_rz_P14_Q3_[0.0].qasm,Quratest_27,0.03144762799649119,0.10123600886458688,0.03093229459728927,0.09650426917844464,0.0,0.012830045490850669,1.000000000000012,0.9640721426127518,0.002266328387132227,0.001151640362867773,False,False,False,False,False,False,False,False,False,False
vqe_6_Mutant_Add_rz_P14_Q3_[0.0].qasm,PureState_28,0.015983340404427476,0.22893358075898004,0.014467655078639851,0.19426242235404814,0.0,0.02092585371971196,1.0000000000000115,0.9731794606263696,0.011941768933099905,0.018331668566900095,False,False,False,False,False,False,False,False,True,False
vqe_6_Mutant_Add_rz_P14_Q3_[0.0].qasm,Quratest_28,0.028776956803425725,0.10333185753426924,0.028175903466605073,0.09602183060572339,0.0,0.008563173502329761,1.000000000000011,0.9692641961553989,0.020242016047910955,0.029562671452089045,False,False,False,False,False,False,False,False,True,False
vqe_6_Mutant_Add_rz_P14_Q3_[0.0].qasm,PureState_29,0.01171327055140306,0.19803616056984055,0.011712051880792005,0.1681141894564785,0.0,0.020567371575330805,1.000000000000012,0.9745496266712395,0.03678731843443657,0.05241231843443657,False,False,False,False,False,False,False,False,True,True
vqe_6_Mutant_Add_rz_P14_Q3_[0.0].qasm,Quratest_29,0.025277763772185033,0.11783933249180903,0.025246118269129467,0.1110818772377642,0.0,0.010906690076021588,1.0000000000000124,0.9686662946689312,0.014714140811852447,0.022526640811852447,False,False,False,False,False,False,False,False,True,False
vqe_6_Mutant_Add_rz_P14_Q3_[0.0].qasm,PureState_30,0.01633444753961244,0.23500641616174975,0.016329192603921672,0.19998524520395053,0.0,0.020621870766338195,1.0000000000000115,0.9734846173006274,0.005636352387666816,0.001199585112333184,False,False,False,False,False,False,False,False,False,False
vqe_6_Mutant_Add_rz_P14_Q3_[0.0].qasm,Quratest_30,0.031373446885633295,0.09648256809818365,0.03125947390125162,0.09249635858530163,0.0,0.011072005305843341,1.0000000000000115,0.9634764691709958,0.0014324014345792405,0.01266287018457924,False,False,False,False,False,False,False,False,False,False
vqe_6_Mutant_Add_rz_P14_Q3_[0.0].qasm,PureState_31,0.00886755682549069,0.2594272742238027,0.008864589042470426,0.21928753987568375,0.0,0.021910887854514234,1.000000000000012,0.9741306888831361,0.002398639316936721,0.006304889316936721,False,False,False,False,False,False,False,False,False,False
vqe_6_Mutant_Add_rz_P14_Q3_[0.0].qasm,Quratest_31,0.028408368521109974,0.07594605946822791,0.027850165261228632,0.07466059507498825,0.0,0.008450670495116141,1.000000000000011,0.9714184983805081,0.0073900932936386,0.0951489692063614,False,False,False,False,False,False,False,False,False,True
vqe_6_Mutant_Add_id_P0_Q0_[].qasm,PureState_0,0.00716076011842251,0.24803507576353376,0.007146808429092465,0.2127525898410247,0.0,0.019377127040637182,1.000000000000011,0.9782284945522017,0.022863314928994627,0.10440628367899463,False,False,False,False,False,False,False,False,True,True
vqe_6_Mutant_Add_id_P0_Q0_[].qasm,Quratest_0,0.02576861294760388,0.13992673893008767,0.024486332617532837,0.13086910297654106,0.0,0.01572424068664211,1.000000000000011,0.9707853890290552,0.002907858240559419,0.02931870425944058,False,False,False,False,False,False,False,False,False,False
vqe_6_Mutant_Add_id_P0_Q0_[].qasm,PureState_1,0.0,0.2894091808751712,0.0,0.24316764228956936,0.0,0.034281693308975604,1.0000000000000102,0.9657176858436215,1.993538863986899e-07,0.2851560506461136,False,False,False,False,False,False,False,False,False,True
vqe_6_Mutant_Add_id_P0_Q0_[].qasm,Quratest_1,0.026146529020273652,0.1013777317870848,0.026092478876034712,0.09889449570610213,0.0,0.019138220458187083,1.0000000000000107,0.9566387530247785,0.03574980717969689,0.07920683842969689,False,False,False,False,False,False,False,False,True,True
vqe_6_Mutant_Add_id_P0_Q0_[].qasm,PureState_2,0.0,0.2987157412573063,0.0,0.2511354186214162,0.0,0.033089944351333896,1.000000000000011,0.966909617433473,1.8531608814154055e-07,0.29785137718391186,False,False,False,False,False,False,False,False,False,True
vqe_6_Mutant_Add_id_P0_Q0_[].qasm,Quratest_2,0.03183667701908165,0.11091602720769264,0.029800094607351443,0.10466660063142329,0.0,0.020496221071889927,1.0000000000000102,0.9559760596299448,0.013764399641357034,0.033110600358642966,False,False,False,False,False,False,False,False,True,False
vqe_6_Mutant_Add_id_P0_Q0_[].qasm,PureState_3,0.006266652755600824,0.2548398166991174,0.006266034807626329,0.21564278784895272,0.0,0.01980150746382757,1.000000000000011,0.9777924131973903,0.0032589661257649283,0.06705353387423507,False,False,False,False,False,False,False,False,False,True
vqe_6_Mutant_Add_id_P0_Q0_[].qasm,Quratest_3,0.030207785133179055,0.1173042663735758,0.028067529715103862,0.11000561715850558,0.0,0.012622879781873209,1.0000000000000115,0.9673759826732248,0.00926835221395439,0.12401444596395439,False,False,False,False,False,False,False,False,False,True
vqe_6_Mutant_Add_id_P0_Q0_[].qasm,PureState_4,0.0,0.2838979049768585,0.0,0.23845554407858838,0.0,0.02150016410377414,1.0000000000000115,0.9784994859630541,1.988763883575828e-07,0.28710917612361164,False,False,False,False,False,False,False,False,False,True
vqe_6_Mutant_Add_id_P0_Q0_[].qasm,Quratest_4,0.02608213449100464,0.07406325132955155,0.025779074675281538,0.07276701464281142,0.0,0.013747929705107242,1.000000000000012,0.9592934192939593,4.8547264831833026e-05,0.019482702735168167,False,False,False,False,False,False,False,False,False,False
vqe_6_Mutant_Add_id_P0_Q0_[].qasm,PureState_5,0.003416685817583827,0.23363561628751073,0.0034166772430145056,0.1974981882496245,0.0,0.031157285167237092,1.000000000000011,0.967079003964359,0.013240354043680402,0.1425213647063196,False,False,False,False,False,False,False,False,True,True
vqe_6_Mutant_Add_id_P0_Q0_[].qasm,Quratest_5,0.026178144463004736,0.07144117574754028,0.026147574228009236,0.0707660603573273,0.0,0.011967344847796092,1.0000000000000098,0.958320577183981,0.029985590223591048,0.04414574647359105,False,False,False,False,False,False,False,False,True,False
vqe_6_Mutant_Add_id_P0_Q0_[].qasm,PureState_6,0.008051744684248748,0.2407067630291844,0.008051381268490775,0.2027419020321666,0.0,0.01736165463321302,1.0000000000000107,0.9712612828983433,0.008035540311348306,0.0017300846886516945,False,False,False,False,False,False,False,False,False,False
vqe_6_Mutant_Add_id_P0_Q0_[].qasm,Quratest_6,0.02566244180552231,0.15451637577082034,0.023113147265130078,0.14276778112574917,0.0,0.025068749395879254,1.0000000000000129,0.960711895383832,0.012425972200174884,0.048070503450174884,False,False,False,False,False,False,False,False,True,False
vqe_6_Mutant_Add_id_P0_Q0_[].qasm,PureState_7,0.002091717007894645,0.2187661708697009,0.0020917148751912746,0.18352499822016707,0.0,0.017503444535608825,1.0000000000000102,0.9727114808786144,0.004921639146742332,0.03324195164674233,False,False,False,False,False,False,False,False,False,False
vqe_6_Mutant_Add_id_P0_Q0_[].qasm,Quratest_7,0.020332007568753873,0.18014307925921824,0.019876677551410163,0.1614770062399895,0.0,0.013755227686018164,1.000000000000011,0.973627009908934,0.025292895921867398,0.0440430415781326,False,False,False,False,False,False,False,False,True,False
vqe_6_Mutant_Add_id_P0_Q0_[].qasm,PureState_8,0.008681051790009059,0.2602665661600437,0.008680531752190964,0.21963217655950623,0.0,0.03094228701421462,1.000000000000011,0.966509605983132,0.0016238327753108073,0.06705352027531081,False,False,False,False,False,False,False,False,False,True
vqe_6_Mutant_Add_id_P0_Q0_[].qasm,Quratest_8,0.02945198120764547,0.1296714582212111,0.028589131661013113,0.12380113136977787,0.0,0.016681765899271846,1.000000000000011,0.9559617340677976,0.0019076363125808682,0.04399080118741913,False,False,False,False,False,False,False,False,False,False
vqe_6_Mutant_Add_id_P0_Q0_[].qasm,PureState_9,0.008912781261782467,0.1997320535093228,0.00891163582985648,0.17017367945321016,0.0,0.021399748362747804,1.0000000000000089,0.9736965226742529,0.03678731413215557,0.04167012663215557,False,False,False,False,False,False,False,False,True,False
vqe_6_Mutant_Add_id_P0_Q0_[].qasm,Quratest_9,0.026381222677965502,0.13113840838351018,0.02574310955111112,0.11679352690163565,0.0,0.01866489122370299,1.000000000000012,0.9578960879734624,0.00019193322626903653,0.06377291052373096,False,False,False,False,False,False,False,False,False,True
vqe_6_Mutant_Add_id_P0_Q0_[].qasm,PureState_10,0.00794927806645171,0.2436123699814247,0.007948514514010144,0.20551933519982094,0.0,0.021123996677437466,1.000000000000011,0.9732173837429328,0.015986191125957023,0.014287246374042977,False,False,False,False,False,False,False,False,True,False
vqe_6_Mutant_Add_id_P0_Q0_[].qasm,Quratest_10,0.026528753251231673,0.09132746373380847,0.025844823311881582,0.08879598280036664,0.0,0.010278418726096639,1.000000000000011,0.9693465973913753,0.015478447399372375,0.08754889635062763,False,False,False,False,False,False,False,False,True,True
vqe_6_Mutant_Add_id_P0_Q0_[].qasm,PureState_11,0.009489022639834048,0.2305859447440694,0.00948602403843123,0.19472072848886968,0.0,0.01765444938191582,1.0000000000000115,0.9708372969452443,0.020146603697443886,0.005244021302556114,False,False,False,False,False,False,False,False,True,False
vqe_6_Mutant_Add_id_P0_Q0_[].qasm,Quratest_11,0.02426197430447843,0.19430188905400994,0.023576790891715584,0.16795339862776829,0.0,0.01636786712431576,1.000000000000011,0.9619530847392506,0.0016266410811671544,0.034506171418832846,False,False,False,False,False,False,False,False,False,False
vqe_6_Mutant_Add_id_P0_Q0_[].qasm,PureState_12,0.0032166800481308604,0.24129739271921158,0.0032166088953893626,0.2031047159577404,0.0,0.01798936795989439,1.0000000000000124,0.9797079291715775,0.00343227251334155,0.03712367876334155,False,False,False,False,False,False,False,False,False,False
vqe_6_Mutant_Add_id_P0_Q0_[].qasm,Quratest_12,0.02773146150561642,0.11778930675835934,0.02767869464902572,0.11326455577258016,0.0,0.013850697052370763,1.000000000000011,0.9645521316366432,0.009071688705426517,0.14766659254457348,False,False,False,False,False,False,False,False,False,True
vqe_6_Mutant_Add_id_P0_Q0_[].qasm,PureState_13,0.002759766637914706,0.24565831694664597,0.002759707294247292,0.20736134966844808,0.0,0.018702823314672462,1.000000000000011,0.9788685431551598,0.030042805648908155,0.08131233689890816,False,False,False,False,False,False,False,False,True,True
vqe_6_Mutant_Add_id_P0_Q0_[].qasm,Quratest_13,0.03389290080386524,0.12317945131791526,0.03269587135814883,0.11829921747906767,0.0,0.021822470997126083,1.000000000000012,0.958035815029448,0.0038297033493064347,0.11579920290069357,False,False,False,False,False,False,False,False,False,True
vqe_6_Mutant_Add_id_P0_Q0_[].qasm,PureState_14,0.007273828968183366,0.24035515885915124,0.007273549281847954,0.20247266486537385,0.0,0.02131187344284139,1.000000000000011,0.9729835259807985,0.011983991328152754,0.008035539921847246,False,False,False,False,False,False,False,False,True,False
vqe_6_Mutant_Add_id_P0_Q0_[].qasm,Quratest_14,0.024332641808403967,0.15970203396190016,0.023005359776411372,0.1518957793548234,0.0,0.020301721075908104,1.0000000000000102,0.9587384115706286,0.007717113298357892,0.1810569570483579,False,False,False,False,False,False,False,False,False,True
vqe_6_Mutant_Add_id_P0_Q0_[].qasm,PureState_15,0.0156474581504064,0.2325636084899459,0.013543564007017261,0.1972899458535212,0.0,0.01687593351549097,1.0000000000000115,0.9715392232116755,0.006124633160333032,0.020284789410333032,False,False,False,False,False,False,False,False,False,False
vqe_6_Mutant_Add_id_P0_Q0_[].qasm,Quratest_15,0.031304846163259924,0.1581847100773584,0.030659448116508708,0.14605488205455527,0.0,0.02690848926427237,1.0000000000000133,0.9578380406466444,0.011988504194499372,0.11740602705550063,False,False,False,False,False,False,False,False,True,True
vqe_6_Mutant_Add_id_P0_Q0_[].qasm,PureState_16,0.007227708126292343,0.25081615561350207,0.007226417289865273,0.21209273112305332,0.0,0.018577186124758623,1.000000000000011,0.9718001386297099,0.013226361319912935,0.004840044930087065,False,False,False,False,False,False,False,False,True,False
vqe_6_Mutant_Add_id_P0_Q0_[].qasm,Quratest_16,0.03139732157935388,0.09618793269915088,0.02974409366694356,0.09249065557349272,0.0,0.01020451888808737,1.000000000000011,0.9673326005273432,0.018066999158001446,0.019042375841998554,False,False,False,False,False,False,False,False,True,False
vqe_6_Mutant_Add_id_P0_Q0_[].qasm,PureState_17,0.0,0.2890318617473385,0.0,0.24284488801175666,0.0,0.020292640864903386,1.000000000000012,0.9797071678854299,1.8579640004290354e-07,0.29101543920359996,False,False,False,False,False,False,False,False,False,True
vqe_6_Mutant_Add_id_P0_Q0_[].qasm,Quratest_17,0.033378453214105694,0.11775843202270077,0.03093553263928307,0.11185033631415567,0.0,0.012683081962194451,1.0000000000000115,0.9701019254140387,0.004743798440353553,0.10951401405964645,False,False,False,False,False,False,False,False,False,True
vqe_6_Mutant_Add_id_P0_Q0_[].qasm,PureState_18,0.004712812917123649,0.2295213187888834,0.00471257991991296,0.19426278695545876,0.0,0.03232365722132695,1.0000000000000115,0.9658868644002377,0.013240397819089145,0.13470882093091086,False,False,False,False,False,False,False,False,True,True
vqe_6_Mutant_Add_id_P0_Q0_[].qasm,Quratest_18,0.024070881466163575,0.15254592974240253,0.02398490437026161,0.13120059985584337,0.0,0.012072215232372353,1.0000000000000115,0.9639106277420512,0.0016389957736544364,0.008474933273654436,False,False,False,False,False,False,False,False,False,False
vqe_6_Mutant_Add_id_P0_Q0_[].qasm,PureState_19,0.010910082936010854,0.2646044550380792,0.010151590718022963,0.22873682998714823,0.0,0.022876183677159285,1.000000000000012,0.973580580481701,0.006665776434395407,0.020825932684395407,False,False,False,False,False,False,False,False,False,False
vqe_6_Mutant_Add_id_P0_Q0_[].qasm,Quratest_19,0.03396628688539322,0.11712271876292461,0.032307877429862054,0.11331436743352474,0.0,0.016902481824442435,1.0000000000000102,0.9598164395020926,0.014460964484025007,0.03876169176597499,False,False,False,False,False,False,False,False,True,False
vqe_6_Mutant_Add_id_P0_Q0_[].qasm,PureState_20,0.013253051732351057,0.23821987816723175,0.01322229358641858,0.20112612047544826,0.0,0.016539346784041065,1.000000000000012,0.9719883301228834,0.0018260562577355408,0.00989269374226446,False,False,False,False,False,False,False,False,False,False
vqe_6_Mutant_Add_id_P0_Q0_[].qasm,Quratest_20,0.03498355919535591,0.10472682635165705,0.03333270343110648,0.10069562266722402,0.0,0.012449829760548793,1.0000000000000124,0.9670214004742274,0.018693668157403115,0.07875226190740311,False,False,False,False,False,False,False,False,True,True
vqe_6_Mutant_Add_id_P0_Q0_[].qasm,PureState_21,0.006136391791011446,0.24718184496920506,0.006134336858829314,0.20862957663227436,0.0,0.017463263825316953,1.0000000000000107,0.9711901061848075,0.004755721058119743,0.026982560191880257,False,False,False,False,False,False,False,False,False,False
vqe_6_Mutant_Add_id_P0_Q0_[].qasm,Quratest_21,0.030057493829259454,0.11506783209805674,0.030000249457484786,0.1061842101614225,0.0,0.010657436836490395,1.000000000000011,0.9680216500992268,0.008916388956751703,0.026982795206751703,False,False,False,False,False,False,False,False,False,False
vqe_6_Mutant_Add_id_P0_Q0_[].qasm,PureState_22,0.00746883978725327,0.24647138264030785,0.007467167208873412,0.20738766397337366,0.0,0.0194856302306915,1.000000000000011,0.978197894611674,0.008315041098719556,0.032240822348719556,False,False,False,False,False,False,False,False,False,False
vqe_6_Mutant_Add_id_P0_Q0_[].qasm,Quratest_22,0.026351161807275553,0.10988488427222816,0.02603970528271219,0.10635273841962829,0.0,0.012227477527062509,1.0000000000000133,0.9625680732402218,0.004353407820789246,0.07124793907078925,False,False,False,False,False,False,False,False,False,True
vqe_6_Mutant_Add_id_P0_Q0_[].qasm,PureState_23,0.011386502866830734,0.22699444102802335,0.011367505913504319,0.192857686817345,0.0,0.01718110933902997,1.000000000000011,0.971234651522434,0.015890262797020972,0.0026644247029790277,False,False,False,False,False,False,False,False,True,False
vqe_6_Mutant_Add_id_P0_Q0_[].qasm,Quratest_23,0.027313455772023224,0.12048477392308311,0.02683294950783297,0.1135483034569206,0.0,0.010226437320387076,1.0000000000000107,0.9747476705180763,0.003946086891788103,0.0663664131082119,False,False,False,False,False,False,False,False,False,True
vqe_6_Mutant_Add_id_P0_Q0_[].qasm,PureState_24,0.004827493090339228,0.22538756114767972,0.004826202826755273,0.19025887270001027,0.0,0.019012396286781617,1.0000000000000093,0.9799530510544372,0.012334982717127074,0.17321189228287293,False,False,False,False,False,False,False,False,True,True
vqe_6_Mutant_Add_id_P0_Q0_[].qasm,Quratest_24,0.029638004987365005,0.09655469414092856,0.02904790926551671,0.0942893939461079,0.0,0.013853907720318186,1.0000000000000089,0.9699530019308447,0.005109380193118601,0.0422187551931186,False,False,False,False,False,False,False,False,False,False
vqe_6_Mutant_Add_id_P0_Q0_[].qasm,PureState_25,0.004756620549933638,0.2556847252589997,0.004754280593250041,0.21600665109826825,0.0,0.031960899000692974,1.000000000000012,0.9654332292815391,0.028550901565635944,0.031507692184364056,False,False,False,False,False,False,False,False,True,False
vqe_6_Mutant_Add_id_P0_Q0_[].qasm,Quratest_25,0.025933730448172668,0.10333174236782407,0.02580386460489443,0.10047691306148983,0.0,0.025722579469417486,1.000000000000011,0.9534353440423984,0.00244486475698813,0.05859720850698813,False,False,False,False,False,False,False,False,False,True
vqe_6_Mutant_Add_id_P0_Q0_[].qasm,PureState_26,0.00663584943069849,0.26296252450348734,0.0066350602776737025,0.2217323678957997,0.0,0.030648254956578913,1.000000000000011,0.9669103685329844,0.0034322729015923703,0.03858852290159237,False,False,False,False,False,False,False,False,False,False
vqe_6_Mutant_Add_id_P0_Q0_[].qasm,Quratest_26,0.03318732964800884,0.12268242259207052,0.031971209837705114,0.11800554515252572,0.0,0.02377206531038214,1.000000000000011,0.9587477628886306,0.016297960077736873,0.08709874132773687,False,False,False,False,False,False,False,False,True,True
vqe_6_Mutant_Add_id_P0_Q0_[].qasm,PureState_27,0.008161357930581283,0.220329270959005,0.008161229054040136,0.1857047893598473,0.0,0.01981204779624685,1.000000000000011,0.9786709035772297,0.013240398299943612,0.1351971017000564,False,False,False,False,False,False,False,False,True,True
vqe_6_Mutant_Add_id_P0_Q0_[].qasm,Quratest_27,0.026728843911527585,0.093625777294501,0.026719404221339907,0.08982417799344186,0.0,0.012830208207389183,1.000000000000012,0.9635775858223582,0.002266328387132227,0.001151640362867773,False,False,False,False,False,False,False,False,False,False
vqe_6_Mutant_Add_id_P0_Q0_[].qasm,PureState_28,0.010848153972432233,0.2351310122552004,0.010072276570328385,0.2004674773149303,0.0,0.02114550199232145,1.0000000000000115,0.9729568467895516,0.011941768933099905,0.018331668566900095,False,False,False,False,False,False,False,False,True,False
vqe_6_Mutant_Add_id_P0_Q0_[].qasm,Quratest_28,0.0273361506677177,0.10665432008901153,0.027321174963328164,0.09754730670898862,0.0,0.008631879604653458,1.000000000000011,0.9687515275116578,0.020242016047910955,0.029074390202089045,False,False,False,False,False,False,False,False,True,False
vqe_6_Mutant_Add_id_P0_Q0_[].qasm,PureState_29,0.00687240231439814,0.19657331262637895,0.006871542535060455,0.16714020426399676,0.0,0.020567371575330805,1.000000000000012,0.9745496266712395,0.03678731843443657,0.05241231843443657,False,False,False,False,False,False,False,False,True,True
vqe_6_Mutant_Add_id_P0_Q0_[].qasm,Quratest_29,0.025174049088159258,0.11280352036040817,0.02515970520644353,0.10529994673376211,0.0,0.010939266337201565,1.0000000000000124,0.9682422095580773,0.014714140811852447,0.022526640811852447,False,False,False,False,False,False,False,False,True,False
vqe_6_Mutant_Add_id_P0_Q0_[].qasm,PureState_30,0.009598048596104816,0.23665030901031434,0.009562160047401878,0.2010387966713926,0.0,0.020841588157393315,1.0000000000000115,0.9732619336582373,0.005636352387666816,0.000711303862333184,False,False,False,False,False,False,False,False,False,False
vqe_6_Mutant_Add_id_P0_Q0_[].qasm,Quratest_30,0.029022548688213825,0.1025446762067725,0.02871482050899928,0.09857913905518066,0.0,0.011111751044389571,1.0000000000000115,0.9630039426606937,0.0014324014345792405,0.01315115143457924,False,False,False,False,False,False,False,False,False,False
vqe_6_Mutant_Add_id_P0_Q0_[].qasm,PureState_31,0.005189357003434299,0.2583733981612943,0.0051887355348184784,0.21881831995246503,0.0,0.021910887854514234,1.000000000000012,0.9741306888831361,0.002398639316936721,0.006304889316936721,False,False,False,False,False,False,False,False,False,False
vqe_6_Mutant_Add_id_P0_Q0_[].qasm,Quratest_31,0.028280937065484183,0.08539671214618201,0.028242299853404085,0.08341160534318172,0.0,0.008460615450680024,1.000000000000011,0.9709567162301219,0.0073900932936386,0.0946606879563614,False,False,False,False,False,False,False,False,False,True
vqe_6_Mutant_Add_rx_P11_Q0_[6.283185307179586].qasm,PureState_0,0.010846814300528,0.23930225171782,0.010109831642151618,0.20526091949021127,0.0,0.01963555221637143,1.000000000000011,0.9779726571008691,0.022863314928994627,0.10440628367899463,False,False,False,False,False,False,False,False,True,True
vqe_6_Mutant_Add_rx_P11_Q0_[6.283185307179586].qasm,Quratest_0,0.03426079401659047,0.1396288924580555,0.03136308572205991,0.13022154592703722,1.3023745662921627e-16,0.0160791137439534,1.0000000000000115,0.9702055537273788,0.002907858240559419,0.02980698550944058,False,False,False,False,False,False,False,False,False,False
vqe_6_Mutant_Add_rx_P11_Q0_[6.283185307179586].qasm,PureState_1,0.0,0.30054904768937035,0.0,0.2527066146341166,0.0,0.034974913514948545,1.0000000000000102,0.9650244582419706,1.993538863986899e-07,0.2851560506461136,False,True,False,False,False,False,False,False,False,True
vqe_6_Mutant_Add_rx_P11_Q0_[6.283185307179586].qasm,Quratest_1,0.03245622871986218,0.09495451474338364,0.031881582841292916,0.09273306239842807,8.109239327128495e-17,0.019536223813661074,1.0000000000000107,0.9559499513216382,0.03574980717969689,0.07920683842969689,False,False,False,False,False,False,False,False,True,True
vqe_6_Mutant_Add_rx_P11_Q0_[6.283185307179586].qasm,PureState_2,0.0,0.29853191346308317,0.0,0.2509779025878221,0.0,0.03378402003141387,1.000000000000011,0.9662155342152744,1.8531608814154055e-07,0.29785137718391186,False,False,False,False,False,False,False,False,False,True
vqe_6_Mutant_Add_rx_P11_Q0_[6.283185307179586].qasm,Quratest_2,0.03499249150386389,0.11034761784859341,0.032187528054300786,0.10385047693848576,6.630171570456717e-17,0.021001871984583028,1.0000000000000107,0.955289723560971,0.013764399641357034,0.034087162858642966,False,False,False,False,False,False,False,False,True,False
vqe_6_Mutant_Add_rx_P11_Q0_[6.283185307179586].qasm,PureState_3,0.007252829681912009,0.2504984877088452,0.007242102556361172,0.2119634446632675,0.0,0.020464859433881467,1.000000000000011,0.9770901564926912,0.0032589661257649283,0.06754181512423507,False,False,False,False,False,False,False,False,False,True
vqe_6_Mutant_Add_rx_P11_Q0_[6.283185307179586].qasm,Quratest_3,0.025815802545610837,0.11815526400027149,0.024882595638133123,0.11132134756489322,1.6332498900085279e-16,0.012912883550094362,1.0000000000000115,0.9667454913949188,0.00926835221395439,0.12450272721395439,False,False,False,False,False,False,False,False,False,True
vqe_6_Mutant_Add_rx_P11_Q0_[6.283185307179586].qasm,PureState_4,0.0,0.28818141697928407,0.0,0.2421175085701945,0.0,0.022202559258686697,1.0000000000000115,0.9777970830997135,1.988763883575828e-07,0.28955058237361164,False,False,False,False,False,False,False,False,False,True
vqe_6_Mutant_Add_rx_P11_Q0_[6.283185307179586].qasm,Quratest_4,0.026123698948846325,0.07137171674703816,0.02610425211191066,0.06996239826703174,8.730537993939524e-17,0.013820936977616705,1.000000000000011,0.9587648963964012,4.8547264831833026e-05,0.019482702735168167,False,False,False,False,False,False,False,False,False,False
vqe_6_Mutant_Add_rx_P11_Q0_[6.283185307179586].qasm,PureState_5,0.00835762726392693,0.22799606098340008,0.008356133403206146,0.1925890457958682,0.0,0.03142344058072076,1.000000000000011,0.9668263147055324,0.013240354043680402,0.1430096459563196,False,False,False,False,False,False,False,False,True,True
vqe_6_Mutant_Add_rx_P11_Q0_[6.283185307179586].qasm,Quratest_5,0.02949101154587224,0.06675762346131611,0.029460951459972837,0.06625935369676923,1.7154788874151894e-16,0.012306294923329788,1.000000000000011,0.957630578897551,0.029985590223591048,0.04512230897359105,False,False,False,False,False,False,False,False,True,False
vqe_6_Mutant_Add_rx_P11_Q0_[6.283185307179586].qasm,PureState_6,0.0067247947452228,0.23981331285656704,0.006724531239138314,0.2023158695808149,0.0,0.01761322855565125,1.0000000000000107,0.9710072652185121,0.008035540311348306,0.0017300846886516945,False,False,False,False,False,False,False,False,False,False
vqe_6_Mutant_Add_rx_P11_Q0_[6.283185307179586].qasm,Quratest_6,0.024961218120242035,0.1558375175962909,0.02357251748922191,0.1445463472850947,4.4029153101360306e-18,0.025600673786390634,1.000000000000011,0.960022499034688,0.012425972200174884,0.048070503450174884,False,False,False,False,False,False,False,False,True,False
vqe_6_Mutant_Add_rx_P11_Q0_[6.283185307179586].qasm,PureState_7,0.008519881684953523,0.225325900207403,0.008519753840967422,0.1890375360458157,0.0,0.017761965376658723,1.0000000000000102,0.9724573209496495,0.004921639146742332,0.03324195164674233,False,False,False,False,False,False,False,False,False,False
vqe_6_Mutant_Add_rx_P11_Q0_[6.283185307179586].qasm,Quratest_7,0.02546745148998447,0.172463780068512,0.023855263013271538,0.15443264348829414,2.2456559185247696e-17,0.014390324909128997,1.0000000000000115,0.9729329839423771,0.025292895921867398,0.0450196040781326,False,False,False,False,False,False,False,False,True,False
vqe_6_Mutant_Add_rx_P11_Q0_[6.283185307179586].qasm,PureState_8,0.006250112085938242,0.2599405452841688,0.006249618145150659,0.21989725391190623,0.0,0.03159797604956418,1.000000000000011,0.9658154526875352,0.0016238327753108073,0.06607695777531081,False,False,False,False,False,False,False,False,False,True
vqe_6_Mutant_Add_rx_P11_Q0_[6.283185307179586].qasm,Quratest_8,0.028833208995727496,0.1279310216846235,0.028267201051188514,0.12235451586439379,1.778227088147788e-16,0.016812750922114948,1.000000000000011,0.9555218697680568,0.0019076363125808682,0.04350251993741913,False,False,False,False,False,False,False,False,False,False
vqe_6_Mutant_Add_rx_P11_Q0_[6.283185307179586].qasm,PureState_9,0.009313371215673367,0.20061651368180686,0.009306962151956559,0.17068021963568636,0.0,0.022026987402921056,1.0000000000000089,0.9729976136821563,0.03678731413215557,0.04215840788215557,False,False,False,False,False,False,False,False,True,False
vqe_6_Mutant_Add_rx_P11_Q0_[6.283185307179586].qasm,Quratest_9,0.02823261197848758,0.13811910450160014,0.027342618246465635,0.12293090531308586,4.17708771661108e-17,0.01889283633645343,1.000000000000012,0.9576026130958334,0.00019193322626903653,0.06377291052373096,False,False,False,False,False,False,False,False,False,True
vqe_6_Mutant_Add_rx_P11_Q0_[6.283185307179586].qasm,PureState_10,0.009585292238812378,0.2519444982990915,0.009584889168282729,0.21256595808623446,0.0,0.021792602769293117,1.000000000000011,0.9725184075740548,0.015986191125957023,0.015263808874042977,False,False,False,False,False,False,False,False,True,False
vqe_6_Mutant_Add_rx_P11_Q0_[6.283185307179586].qasm,Quratest_10,0.03067208278802219,0.09046753191517383,0.03033622928101374,0.08780766458788238,1.1994325346299795e-16,0.010551262522204834,1.000000000000011,0.968692164573675,0.015478447399372375,0.08706061510062763,False,False,False,False,False,False,False,False,True,True
vqe_6_Mutant_Add_rx_P11_Q0_[6.283185307179586].qasm,PureState_11,0.012352199220339283,0.23618309940601087,0.01234360941867996,0.20023277866821657,0.0,0.01832441091519689,1.0000000000000115,0.9701400318116739,0.020146603697443886,0.005244021302556114,False,False,False,False,False,False,False,False,True,False
vqe_6_Mutant_Add_rx_P11_Q0_[6.283185307179586].qasm,Quratest_11,0.028740659390810625,0.1979681336043258,0.026206337294210916,0.17097399434905658,2.6393180195432638e-17,0.016865471059234353,1.0000000000000115,0.9612625577614153,0.0016266410811671544,0.035482733918832846,False,False,False,False,False,False,False,False,False,False
vqe_6_Mutant_Add_rx_P11_Q0_[6.283185307179586].qasm,PureState_12,0.004837324844593517,0.24660376057291283,0.004837312691720054,0.20761318468878764,0.0,0.018251334283980396,1.0000000000000124,0.9794517026984134,0.00343227251334155,0.03712367876334155,False,False,False,False,False,False,False,False,False,False
vqe_6_Mutant_Add_rx_P11_Q0_[6.283185307179586].qasm,Quratest_12,0.030893775576520174,0.10751509728550655,0.030839855414956586,0.10401340964210135,1.2991452531807557e-16,0.014038676575694338,1.000000000000011,0.9640661903347457,0.009071688705426517,0.14717831129457348,False,False,False,False,False,False,False,False,False,True
vqe_6_Mutant_Add_rx_P11_Q0_[6.283185307179586].qasm,PureState_13,0.010757710509608666,0.24641558669140468,0.010745856574066286,0.20764192252971267,0.0,0.019365909827293998,1.000000000000011,0.978165512700955,0.030042805648908155,0.08131233689890816,False,False,False,False,False,False,False,False,True,True
vqe_6_Mutant_Add_rx_P11_Q0_[6.283185307179586].qasm,Quratest_13,0.03167454395495887,0.12396589606851756,0.03103766601746016,0.118862763100214,1.1899796469386215e-16,0.022068923165019908,1.0000000000000115,0.9575607759391445,0.0038297033493064347,0.11579920290069357,False,False,False,False,False,False,False,False,False,True
vqe_6_Mutant_Add_rx_P11_Q0_[6.283185307179586].qasm,PureState_14,0.009227440614997829,0.2430994655045637,0.00922662754920097,0.20464266327036684,0.0,0.021573689657068962,1.000000000000011,0.9727290578753612,0.011983991328152754,0.008035539921847246,False,False,False,False,False,False,False,False,True,False
vqe_6_Mutant_Add_rx_P11_Q0_[6.283185307179586].qasm,Quratest_14,0.0265239540357046,0.15336938720473656,0.02496616459597718,0.14575207702048962,8.170369608077874e-17,0.020457398869979063,1.0000000000000107,0.9582492430234022,0.007717113298357892,0.1825218007983579,False,False,False,False,False,False,False,False,False,True
vqe_6_Mutant_Add_rx_P11_Q0_[6.283185307179586].qasm,PureState_15,0.01184318668333504,0.2331046131919091,0.011804909099829978,0.19775053229539066,0.0,0.01713695899519056,1.0000000000000115,0.9712851343994248,0.006124633160333032,0.020284789410333032,False,False,False,False,False,False,False,False,False,False
vqe_6_Mutant_Add_rx_P11_Q0_[6.283185307179586].qasm,Quratest_15,0.03335443957587184,0.1625876915341244,0.03159623651433476,0.15028730204550841,4.596540755305708e-17,0.027320467543723546,1.0000000000000129,0.9571795686654543,0.011988504194499372,0.11838258955550063,False,False,False,False,False,False,False,False,True,True
vqe_6_Mutant_Add_rx_P11_Q0_[6.283185307179586].qasm,PureState_16,0.011002995990800856,0.2545355323619138,0.010999215677918485,0.21576471146158568,0.0,0.01921705908422779,1.000000000000011,0.9711025894254643,0.013226361319912935,0.0023986386800870646,False,False,False,False,False,False,False,False,True,False
vqe_6_Mutant_Add_rx_P11_Q0_[6.283185307179586].qasm,Quratest_16,0.030814383530792813,0.09487859967518278,0.02898050715351935,0.09106207586320819,5.991487552403293e-17,0.010628377645749325,1.0000000000000102,0.9666588747908986,0.018066999158001446,0.018065813341998554,False,False,False,False,False,False,False,False,True,False
vqe_6_Mutant_Add_rx_P11_Q0_[6.283185307179586].qasm,PureState_17,0.0,0.28694935479785816,0.0,0.24106393262341272,0.0,0.02099590281571824,1.000000000000012,0.9790038980989816,1.8579640004290354e-07,0.29199200170359996,False,False,False,False,False,False,False,False,False,True
vqe_6_Mutant_Add_rx_P11_Q0_[6.283185307179586].qasm,Quratest_17,0.036136037956036336,0.12497188626906656,0.03253682279044448,0.11832106761814812,8.004630758142589e-17,0.013242292018641813,1.0000000000000115,0.9693848920878497,0.004743798440353553,0.10951401405964645,False,False,False,False,False,False,False,False,False,True
vqe_6_Mutant_Add_rx_P11_Q0_[6.283185307179586].qasm,PureState_18,0.001962369074502096,0.232070114642594,0.001962343535885739,0.19584547774419014,0.0,0.03258948464335548,1.0000000000000115,0.9656344866415824,0.013240397819089145,0.13470882093091086,False,False,False,False,False,False,False,False,True,True
vqe_6_Mutant_Add_rx_P11_Q0_[6.283185307179586].qasm,Quratest_18,0.022289830546006136,0.1516879770914558,0.022266180659864288,0.1315376794634695,5.993210404183119e-17,0.01226079565965267,1.000000000000011,0.9636025957403432,0.0016389957736544364,0.008474933273654436,False,False,False,False,False,False,False,False,False,False
vqe_6_Mutant_Add_rx_P11_Q0_[6.283185307179586].qasm,PureState_19,0.01328254914709765,0.26557373631305026,0.012057904038048866,0.2295123311776209,0.0,0.023124585507161618,1.000000000000012,0.9733262008859679,0.006665776434395407,0.020825932684395407,False,False,False,False,False,False,False,False,False,False
vqe_6_Mutant_Add_rx_P11_Q0_[6.283185307179586].qasm,Quratest_19,0.031817249863082646,0.11557822065185872,0.030044086777116896,0.11228016621562666,8.948590744342383e-17,0.017067598115000165,1.0000000000000107,0.9593490513186186,0.014460964484025007,0.03827341051597499,False,False,False,False,False,False,False,False,True,False
vqe_6_Mutant_Add_rx_P11_Q0_[6.283185307179586].qasm,PureState_20,0.01268947906623672,0.2367000168476285,0.01268136945729794,0.20000768810284703,0.0,0.017175379583631196,1.000000000000012,0.9712902383085118,0.0018260562577355408,0.01086925624226446,False,False,False,False,False,False,False,False,False,False
vqe_6_Mutant_Add_rx_P11_Q0_[6.283185307179586].qasm,Quratest_20,0.03464074774012192,0.11148109942413795,0.0327393053667196,0.1070203132073224,5.338679259954404e-17,0.013044946787718554,1.0000000000000124,0.9663211396850719,0.018693668157403115,0.07875226190740311,False,False,False,False,False,False,False,False,True,True
vqe_6_Mutant_Add_rx_P11_Q0_[6.283185307179586].qasm,PureState_21,0.012910328945307135,0.24761861937623875,0.01289787345369879,0.20862701069924175,0.0,0.018121553122703395,1.0000000000000107,0.9704925860432467,0.004755721058119743,0.026982560191880257,False,False,False,False,False,False,False,False,False,False
vqe_6_Mutant_Add_rx_P11_Q0_[6.283185307179586].qasm,Quratest_21,0.03511584186223444,0.11688639813911456,0.034326344088474195,0.10659649176124115,4.361211593993363e-17,0.010778905175876673,1.000000000000011,0.9676968797989536,0.008916388956751703,0.027959357706751703,False,False,False,False,False,False,False,False,False,False
vqe_6_Mutant_Add_rx_P11_Q0_[6.283185307179586].qasm,PureState_22,0.002774681924395139,0.24680151461505712,0.002774677639240422,0.2079195044970291,0.0,0.019747194285081024,1.000000000000011,0.9779420630570175,0.008315041098719556,0.031752541098719556,False,False,False,False,False,False,False,False,False,False
vqe_6_Mutant_Add_rx_P11_Q0_[6.283185307179586].qasm,Quratest_22,0.02637026651995413,0.11207526149828698,0.026052636388616074,0.10748284804359604,7.725618105317023e-17,0.012490516522344671,1.0000000000000129,0.9619468059006537,0.004353407820789246,0.07075965782078925,False,False,False,False,False,False,False,False,False,True
vqe_6_Mutant_Add_rx_P11_Q0_[6.283185307179586].qasm,PureState_23,0.012037845960288571,0.2361947289697671,0.012034439825618914,0.20082242653559662,0.0,0.017442055960242252,1.000000000000011,0.9709806423721209,0.015890262797020972,0.0007112997029790277,False,False,False,False,False,False,False,False,True,False
vqe_6_Mutant_Add_rx_P11_Q0_[6.283185307179586].qasm,Quratest_23,0.025909365899375106,0.12646247847919737,0.025268593598720936,0.11881782192655599,3.7666919889688295e-17,0.010753422657935642,1.000000000000011,0.9740474548581547,0.003946086891788103,0.0678312568582119,False,False,False,False,False,False,False,False,False,True
vqe_6_Mutant_Add_rx_P11_Q0_[6.283185307179586].qasm,PureState_24,0.007067085423043122,0.22690998331751416,0.007064878931998792,0.1911473735524356,0.0,0.01970571534821901,1.0000000000000093,0.9792496111997637,0.012334982717127074,0.17272361103287293,False,False,False,False,False,False,False,False,True,True
vqe_6_Mutant_Add_rx_P11_Q0_[6.283185307179586].qasm,Quratest_24,0.03149801404638219,0.09461719721818754,0.029681087656826196,0.09238092352728972,5.587622243152443e-17,0.01402855550064229,1.0000000000000089,0.9696371679784233,0.005109380193118601,0.0422187551931186,False,False,False,False,False,False,False,False,False,False
vqe_6_Mutant_Add_rx_P11_Q0_[6.283185307179586].qasm,PureState_25,0.007886104499403912,0.25773354597031445,0.007885502271257325,0.2172853599602409,0.0,0.032614873994209065,1.000000000000012,0.9647398482056776,0.028550901565635944,0.030531129684364056,False,False,False,False,False,False,False,False,True,False
vqe_6_Mutant_Add_rx_P11_Q0_[6.283185307179586].qasm,Quratest_25,0.029956789542313282,0.10240002142789364,0.02990327899164776,0.09974014880453425,1.7651827807600717e-16,0.025968536961458885,1.000000000000011,0.9528366328582405,0.00244486475698813,0.05957377100698813,False,False,False,False,False,False,False,False,False,True
vqe_6_Mutant_Add_rx_P11_Q0_[6.283185307179586].qasm,PureState_26,0.008596279034000039,0.25767686191116296,0.008596117626596863,0.21690287338054415,0.0,0.030906799378988388,1.000000000000011,0.9666574890621764,0.0034322729015923703,0.03956508540159237,False,False,False,False,False,False,False,False,False,False
vqe_6_Mutant_Add_rx_P11_Q0_[6.283185307179586].qasm,Quratest_26,0.032164261927917444,0.12794081445142863,0.030897203770667573,0.12271142186315083,3.9278611830076415e-17,0.02398759856571938,1.000000000000011,0.9583505422523247,0.016297960077736873,0.08758702257773687,False,False,False,False,False,False,False,False,True,True
vqe_6_Mutant_Add_rx_P11_Q0_[6.283185307179586].qasm,PureState_27,0.006137722597298096,0.2155975393939135,0.006137665541048973,0.18172285416485848,0.0,0.020081393512889036,1.000000000000011,0.9784151854548819,0.013240398299943612,0.1356853829500564,False,False,False,False,False,False,False,False,True,True
vqe_6_Mutant_Add_rx_P11_Q0_[6.283185307179586].qasm,Quratest_27,0.028467243263974304,0.0985170118783127,0.027636595872239832,0.09455908389602098,1.4421752366541168e-16,0.013057659590373789,1.0000000000000124,0.9630693510810433,0.002266328387132227,0.001151640362867773,False,False,False,False,False,False,False,False,False,False
vqe_6_Mutant_Add_rx_P11_Q0_[6.283185307179586].qasm,PureState_28,0.009297513396702728,0.2325506329088058,0.008431395145125885,0.19705174180894566,0.0,0.021405379607055956,1.0000000000000115,0.972702387227262,0.011941768933099905,0.018819949816900095,False,False,False,False,False,False,False,False,True,False
vqe_6_Mutant_Add_rx_P11_Q0_[6.283185307179586].qasm,Quratest_28,0.028134177082337425,0.1069394843237532,0.027008922599528425,0.09825339285315632,1.7324576628429018e-16,0.008769131105207936,1.000000000000011,0.9682141468083161,0.020242016047910955,0.029074390202089045,False,False,False,False,False,False,False,False,True,False
vqe_6_Mutant_Add_rx_P11_Q0_[6.283185307179586].qasm,PureState_29,0.008340929961957875,0.19110820825795774,0.008339363332456844,0.16287296716653119,0.0,0.021195160133130265,1.000000000000012,0.9738501053593411,0.03678731843443657,0.05192403718443657,False,False,False,False,False,False,False,False,True,True
vqe_6_Mutant_Add_rx_P11_Q0_[6.283185307179586].qasm,Quratest_29,0.031198466424486274,0.11217368577346092,0.03018755716361959,0.10542505868862295,1.7816406309252228e-16,0.011291736852460248,1.0000000000000124,0.9676358284133236,0.014714140811852447,0.023014922061852447,False,False,False,False,False,False,False,False,True,False
vqe_6_Mutant_Add_rx_P11_Q0_[6.283185307179586].qasm,PureState_30,0.01492574322722413,0.23713726700551824,0.014919953986289139,0.20147207193900132,0.0,0.021101544304928787,1.0000000000000115,0.9730073943003624,0.005636352387666816,0.000711303862333184,False,False,False,False,False,False,False,False,False,False
vqe_6_Mutant_Add_rx_P11_Q0_[6.283185307179586].qasm,Quratest_30,0.030161315357098865,0.09676492691057165,0.030109176869114698,0.0937701207549955,1.4548970966313507e-16,0.011288899607306769,1.000000000000012,0.9624646311312658,0.0014324014345792405,0.01217458893457924,False,False,False,False,False,False,False,False,False,False
vqe_6_Mutant_Add_rx_P11_Q0_[6.283185307179586].qasm,PureState_31,0.0038974564802374905,0.2610649692956291,0.0038967279798311967,0.22157397293110662,0.0,0.022548536633048618,1.000000000000012,0.9734314668271943,0.002398639316936721,0.005328326816936721,False,False,False,False,False,False,False,False,False,False
vqe_6_Mutant_Add_rx_P11_Q0_[6.283185307179586].qasm,Quratest_31,0.033265860850961275,0.08338910843626936,0.031835350058144175,0.08149332680506574,1.39652016079711e-16,0.00861671503617329,1.000000000000012,0.9704766001425518,0.0073900932936386,0.0941724067063614,False,False,False,False,False,False,False,False,False,True
vqe_6_Mutant_Add_s_P1_Q1_[].qasm,PureState_0,0.010885161271244857,0.2451755662795159,0.010153561044807172,0.20994943145455766,0.0,0.019156827029893853,1.000000000000011,0.978452314421526,0.022863314928994627,0.10391800242899463,False,False,False,False,False,False,False,False,True,True
vqe_6_Mutant_Add_s_P1_Q1_[].qasm,Quratest_0,0.03222361731956322,0.14215117822950124,0.030394042418637288,0.13246206709773062,0.0,0.01568859946325102,1.000000000000011,0.9712631847456459,0.002907858240559419,0.02931870425944058,False,False,False,False,False,False,False,False,False,False
vqe_6_Mutant_Add_s_P1_Q1_[].qasm,PureState_1,0.0,0.2995418437914442,0.0,0.25184334552851784,0.0,0.034281693308975604,1.0000000000000102,0.9657176858436215,1.993538863986899e-07,0.2851560506461136,False,False,False,False,False,False,False,False,False,True
vqe_6_Mutant_Add_s_P1_Q1_[].qasm,Quratest_1,0.03248496025252079,0.10053121708102801,0.031184945163861704,0.09813199618316017,0.0,0.019143699339066615,1.0000000000000107,0.9568080612382187,0.03574980717969689,0.07920683842969689,False,False,False,False,False,False,False,False,True,True
vqe_6_Mutant_Add_s_P1_Q1_[].qasm,PureState_2,0.0,0.2910083268225967,0.0,0.24453577813279942,0.0,0.033089944351333896,1.000000000000011,0.966909617433473,1.8531608814154055e-07,0.29785137718391186,False,False,False,False,False,False,False,False,False,True
vqe_6_Mutant_Add_s_P1_Q1_[].qasm,Quratest_2,0.031153245000030208,0.11188585386264141,0.02924802891005083,0.10456705309009166,0.0,0.02049630011089703,1.0000000000000102,0.9559759530312093,0.013764399641357034,0.033110600358642966,False,False,False,False,False,False,False,False,True,False
vqe_6_Mutant_Add_s_P1_Q1_[].qasm,PureState_3,0.008431347009279172,0.24589185735003086,0.008429753462329716,0.20804972731196075,0.0,0.01980150746382757,1.000000000000011,0.9777924131973903,0.0032589661257649283,0.06705353387423507,False,False,False,False,False,False,False,False,False,True
vqe_6_Mutant_Add_s_P1_Q1_[].qasm,Quratest_3,0.0284974597229893,0.11378746286708057,0.027069703276677615,0.10702181465922071,0.0,0.012600175334430891,1.0000000000000115,0.9677769453110947,0.00926835221395439,0.12401444596395439,False,False,False,False,False,False,False,False,False,True
vqe_6_Mutant_Add_s_P1_Q1_[].qasm,PureState_4,0.0,0.28988026527454597,0.0,0.24357063326750555,0.0,0.02150016410377414,1.0000000000000115,0.9784994859630541,1.988763883575828e-07,0.28710917612361164,False,False,False,False,False,False,False,False,False,True
vqe_6_Mutant_Add_s_P1_Q1_[].qasm,Quratest_4,0.026793552537968605,0.07317607309600012,0.0267751261069709,0.071409510848496,0.0,0.01372217364043863,1.000000000000012,0.9597670141119855,4.8547264831833026e-05,0.019970983985168167,False,False,False,False,False,False,False,False,False,False
vqe_6_Mutant_Add_s_P1_Q1_[].qasm,PureState_5,0.002956371846925757,0.2267356759614052,0.0029562836178879943,0.19138011593168913,0.0,0.030941099941965533,1.000000000000011,0.9673002382808032,0.013240354043680402,0.1425213647063196,False,False,False,False,False,False,False,False,True,True
vqe_6_Mutant_Add_s_P1_Q1_[].qasm,Quratest_5,0.028441931880319214,0.0669158783758907,0.02841475664996747,0.06647433643099489,0.0,0.011973281719489089,1.0000000000000098,0.9584901907621817,0.029985590223591048,0.04414574647359105,False,False,False,False,False,False,False,False,True,False
vqe_6_Mutant_Add_s_P1_Q1_[].qasm,PureState_6,0.010080513880615852,0.2373324384315778,0.01007991294327787,0.200137670170384,0.0,0.017153333011203947,1.0000000000000107,0.9714835085894228,0.008035540311348306,0.0012418034386516945,False,False,False,False,False,False,False,False,False,False
vqe_6_Mutant_Add_s_P1_Q1_[].qasm,Quratest_6,0.02454231401043129,0.157113584203834,0.021525750217810793,0.14606067597433792,0.0,0.025068833707431216,1.0000000000000129,0.9607117882575628,0.012425972200174884,0.048070503450174884,False,False,False,False,False,False,False,False,True,False
vqe_6_Mutant_Add_s_P1_Q1_[].qasm,PureState_7,0.0035073581351060374,0.22242077548764322,0.0035073537608622096,0.1866781065540806,0.0,0.017303162782023825,1.0000000000000102,0.9729340047270769,0.004921639146742332,0.03275367039674233,False,False,False,False,False,False,False,False,False,False
vqe_6_Mutant_Add_s_P1_Q1_[].qasm,Quratest_7,0.02731807843697698,0.17727924764479616,0.025531889444016926,0.15948140394455967,0.0,0.013752628206708521,1.000000000000011,0.9736296148669474,0.025292895921867398,0.0440430415781326,False,False,False,False,False,False,False,False,True,False
vqe_6_Mutant_Add_s_P1_Q1_[].qasm,PureState_8,0.007015834758989834,0.2549586544243924,0.00701253748916908,0.21523662431909926,0.0,0.03094228701421462,1.000000000000011,0.966509605983132,0.0016238327753108073,0.06705352027531081,False,False,False,False,False,False,False,False,False,True
vqe_6_Mutant_Add_s_P1_Q1_[].qasm,Quratest_8,0.028636400056543873,0.13300560421272234,0.028313385563752718,0.1272020641619517,0.0,0.016597529455693726,1.000000000000011,0.9564577843498838,0.0019076363125808682,0.04399080118741913,False,False,False,False,False,False,False,False,False,False
vqe_6_Mutant_Add_s_P1_Q1_[].qasm,PureState_9,0.009704397362394139,0.2030721195675813,0.009704284312935369,0.17243378428737963,0.0,0.021399748362747804,1.0000000000000089,0.9736965226742529,0.03678731413215557,0.04167012663215557,False,False,False,False,False,False,False,False,True,False
vqe_6_Mutant_Add_s_P1_Q1_[].qasm,Quratest_9,0.02957602496421971,0.1328989059768261,0.028934148517829456,0.11773625829822473,0.0,0.01850323194087892,1.000000000000012,0.9581632473103364,0.00019193322626903653,0.06377291052373096,False,False,False,False,False,False,False,False,False,True
vqe_6_Mutant_Add_s_P1_Q1_[].qasm,PureState_10,0.009405132792501129,0.24717261552656553,0.009402095265406668,0.20856957533695683,0.0,0.021123996677437466,1.000000000000011,0.9732173837429328,0.015986191125957023,0.014287246374042977,False,False,False,False,False,False,False,False,True,False
vqe_6_Mutant_Add_s_P1_Q1_[].qasm,Quratest_10,0.031964962609562504,0.087534207368217,0.030200750595109897,0.08524185624264888,0.0,0.010273858273835165,1.000000000000011,0.9696991339153496,0.015478447399372375,0.08754889635062763,False,False,False,False,False,False,False,False,True,True
vqe_6_Mutant_Add_s_P1_Q1_[].qasm,PureState_11,0.013952401462833818,0.23270976775385804,0.01394365615013445,0.1962810387943033,0.0,0.01765444938191582,1.0000000000000115,0.9708372969452443,0.020146603697443886,0.005244021302556114,False,False,False,False,False,False,False,False,True,False
vqe_6_Mutant_Add_s_P1_Q1_[].qasm,Quratest_11,0.027525460022589984,0.19541766525007015,0.026050873383642068,0.16915190679376385,0.0,0.01636794506222598,1.000000000000011,0.9619529774784075,0.0016266410811671544,0.034506171418832846,False,False,False,False,False,False,False,False,False,False
vqe_6_Mutant_Add_s_P1_Q1_[].qasm,PureState_12,0.007312874127045525,0.24648891557032893,0.00731075559050061,0.2073321442337065,0.0,0.01777122350782398,1.0000000000000124,0.9799320877869382,0.00343227251334155,0.03761196001334155,False,False,False,False,False,False,False,False,False,False
vqe_6_Mutant_Add_s_P1_Q1_[].qasm,Quratest_12,0.032836988514763917,0.11151975938973167,0.031376577055971966,0.10711317446910913,0.0,0.013856203513611578,1.000000000000011,0.96507811847652,0.009071688705426517,0.14766659254457348,False,False,False,False,False,False,False,False,False,True
vqe_6_Mutant_Add_s_P1_Q1_[].qasm,PureState_13,0.0063678117515899866,0.23981596483695353,0.006366864154746102,0.20209108612889862,0.0,0.018702823314672462,1.000000000000011,0.9788685431551598,0.030042805648908155,0.08131233689890816,False,False,False,False,False,False,False,False,True,True
vqe_6_Mutant_Add_s_P1_Q1_[].qasm,Quratest_13,0.030701526915477822,0.1191921886206235,0.030367791196088574,0.11390064943645659,0.0,0.021757227358852292,1.000000000000012,0.9585558331085754,0.0038297033493064347,0.11531092165069357,False,False,False,False,False,False,False,False,False,True
vqe_6_Mutant_Add_s_P1_Q1_[].qasm,PureState_14,0.009013017697769698,0.24375849298444974,0.009012488216632888,0.20548914969740348,0.0,0.02109472402119434,1.000000000000011,0.9732061457239859,0.011983991328152754,0.008523821171847246,False,False,False,False,False,False,False,False,True,False
vqe_6_Mutant_Add_s_P1_Q1_[].qasm,Quratest_14,0.02608523840721661,0.15692264793978059,0.024515416847652793,0.1490743101674899,0.0,0.020284162495746466,1.0000000000000102,0.9592032963243236,0.007717113298357892,0.1815452382983579,False,False,False,False,False,False,False,False,False,True
vqe_6_Mutant_Add_s_P1_Q1_[].qasm,PureState_15,0.018349158524823113,0.22583525718586853,0.0179006527457583,0.1916875132582404,0.0,0.016655312314795973,1.0000000000000115,0.9717615126945062,0.006124633160333032,0.020284789410333032,False,False,False,False,False,False,False,False,False,False
vqe_6_Mutant_Add_s_P1_Q1_[].qasm,Quratest_15,0.03055876602723139,0.15599857823559887,0.028969205146169005,0.14442679391145624,0.0,0.026882350286214926,1.0000000000000133,0.9580874154597467,0.011988504194499372,0.11740602705550063,False,False,False,False,False,False,False,False,True,True
vqe_6_Mutant_Add_s_P1_Q1_[].qasm,PureState_16,0.00620751390295153,0.25511973042350594,0.006207122643573134,0.21597634116853415,0.0,0.018577186124758623,1.000000000000011,0.9718001386297099,0.013226361319912935,0.004840044930087065,False,False,False,False,False,False,False,False,True,False
vqe_6_Mutant_Add_s_P1_Q1_[].qasm,Quratest_16,0.03611035841587265,0.09620278108262481,0.03489948117948782,0.09273742304715732,0.0,0.010205870076946802,1.000000000000011,0.9674374197517343,0.018066999158001446,0.019042375841998554,False,False,False,False,False,False,False,False,True,False
vqe_6_Mutant_Add_s_P1_Q1_[].qasm,PureState_17,0.0,0.2857129365053171,0.0,0.24000686656016335,0.0,0.020292640864903386,1.000000000000012,0.9797071678854299,1.8579640004290354e-07,0.29101543920359996,False,False,False,False,False,False,False,False,False,True
vqe_6_Mutant_Add_s_P1_Q1_[].qasm,Quratest_17,0.02653522309451184,0.11822228668956954,0.026165736389665437,0.11264184956906217,0.0,0.012701232393135357,1.0000000000000115,0.9701399280662947,0.004743798440353553,0.10951401405964645,False,False,False,False,False,False,False,False,False,True
vqe_6_Mutant_Add_s_P1_Q1_[].qasm,PureState_18,0.004839024162536505,0.23071898496808743,0.004838982961744777,0.19455741266861046,0.0,0.03210773840505922,1.0000000000000115,0.9661078259992226,0.013240397819089145,0.13470882093091086,False,False,False,False,False,False,False,False,True,True
vqe_6_Mutant_Add_s_P1_Q1_[].qasm,Quratest_18,0.02462123857479957,0.1516295582886379,0.024278589598826353,0.1315098666826522,0.0,0.011967076192052159,1.0000000000000115,0.9642427314271075,0.0016389957736544364,0.007986652023654436,False,False,False,False,False,False,False,False,False,False
vqe_6_Mutant_Add_s_P1_Q1_[].qasm,PureState_19,0.008803047876550032,0.26857979555497696,0.00879402752864233,0.23237041490283988,0.0,0.022655504270226116,1.000000000000012,0.9738033008073813,0.006665776434395407,0.020337651434395407,False,False,False,False,False,False,False,False,False,False
vqe_6_Mutant_Add_s_P1_Q1_[].qasm,Quratest_19,0.025411927379302725,0.1117946045256988,0.024459892973839385,0.10818804140999477,0.0,0.01688255409240397,1.0000000000000102,0.9602804656882703,0.014460964484025007,0.03827341051597499,False,False,False,False,False,False,False,False,True,False
vqe_6_Mutant_Add_s_P1_Q1_[].qasm,PureState_20,0.010594010588854461,0.22872464096650758,0.010576240345233317,0.19369683570735868,0.0,0.016539346784041065,1.000000000000012,0.9719883301228834,0.0018260562577355408,0.00989269374226446,False,False,False,False,False,False,False,False,False,False
vqe_6_Mutant_Add_s_P1_Q1_[].qasm,Quratest_20,0.03368632012099075,0.10245665248504585,0.03128465146715971,0.09871688404465269,0.0,0.012452259844565838,1.0000000000000124,0.9670233296061157,0.018693668157403115,0.07875226190740311,False,False,False,False,False,False,False,False,True,True
vqe_6_Mutant_Add_s_P1_Q1_[].qasm,PureState_21,0.010957183451591168,0.24397848467023395,0.01095661185897163,0.2053852721464776,0.0,0.017463263825316953,1.0000000000000107,0.9711901061848075,0.004755721058119743,0.026982560191880257,False,False,False,False,False,False,False,False,False,False
vqe_6_Mutant_Add_s_P1_Q1_[].qasm,Quratest_21,0.03182932341823707,0.11652432515587384,0.03077033628850722,0.10856388956680854,0.0,0.010514558372218999,1.000000000000011,0.9683775783562364,0.008916388956751703,0.026982795206751703,False,False,False,False,False,False,False,False,False,False
vqe_6_Mutant_Add_s_P1_Q1_[].qasm,PureState_22,0.006094824603441173,0.24500923085191498,0.00609476511302922,0.20620415080047344,0.0,0.01926782204361927,1.000000000000011,0.9784217077272921,0.008315041098719556,0.032729103598719556,False,False,False,False,False,False,False,False,False,False
vqe_6_Mutant_Add_s_P1_Q1_[].qasm,Quratest_22,0.030973948731937668,0.1083125074470826,0.03068049974626362,0.10464680797921162,0.0,0.012231777524207668,1.0000000000000133,0.9629502562985047,0.004353407820789246,0.07124793907078925,False,False,False,False,False,False,False,False,False,True
vqe_6_Mutant_Add_s_P1_Q1_[].qasm,PureState_23,0.011351656218346334,0.2369982665469271,0.011346171783617935,0.2016367692018651,0.0,0.016960557543337897,1.000000000000011,0.971456871317653,0.015890262797020972,0.0021761434529790277,False,False,False,False,False,False,False,False,True,False
vqe_6_Mutant_Add_s_P1_Q1_[].qasm,Quratest_23,0.03455421858833138,0.12983973540848764,0.03261574347625676,0.12239545070997938,0.0,0.010226515605920389,1.0000000000000107,0.9747475618306773,0.003946086891788103,0.0663664131082119,False,False,False,False,False,False,False,False,False,True
vqe_6_Mutant_Add_s_P1_Q1_[].qasm,PureState_24,0.0015583276622806402,0.22386020228227108,0.0015583265603910683,0.18829620511704132,0.0,0.019012396286781617,1.0000000000000093,0.9799530510544372,0.012334982717127074,0.17321189228287293,False,False,False,False,False,False,False,False,True,True
vqe_6_Mutant_Add_s_P1_Q1_[].qasm,Quratest_24,0.029532864823124595,0.0916948053603117,0.028345924239541614,0.08968029787061862,0.0,0.013718787291181308,1.0000000000000089,0.9702385408705831,0.005109380193118601,0.0422187551931186,False,False,False,False,False,False,False,False,False,False
vqe_6_Mutant_Add_s_P1_Q1_[].qasm,PureState_25,0.006392121666005702,0.25237051236976055,0.0063908079263157586,0.21287721653461153,0.0,0.031960899000692974,1.000000000000012,0.9654332292815391,0.028550901565635944,0.031507692184364056,False,False,False,False,False,False,False,False,True,False
vqe_6_Mutant_Add_s_P1_Q1_[].qasm,Quratest_25,0.026337003801040232,0.1052444365291618,0.02629454627561068,0.1020995512291139,0.0,0.025714573717240015,1.000000000000011,0.9538713306974278,0.00244486475698813,0.05859720850698813,False,False,False,False,False,False,False,False,False,True
vqe_6_Mutant_Add_s_P1_Q1_[].qasm,PureState_26,0.007876468136637782,0.25489485086942476,0.007876228315422399,0.21472881148726194,0.0,0.030432959988582052,1.000000000000011,0.9671315990391212,0.0034322729015923703,0.03810024165159237,False,False,False,False,False,False,False,False,False,False
vqe_6_Mutant_Add_s_P1_Q1_[].qasm,Quratest_26,0.02927909016113185,0.12218733155590061,0.027909662381146907,0.11772794112696087,0.0,0.02376543494943904,1.000000000000011,0.9591252880345956,0.016297960077736873,0.08758702257773687,False,False,False,False,False,False,False,False,True,True
vqe_6_Mutant_Add_s_P1_Q1_[].qasm,PureState_27,0.00691736411373625,0.21660045634719602,0.00691611076516111,0.18298336925322034,0.0,0.019593271238664303,1.000000000000011,0.9788947897299807,0.013240398299943612,0.1351971017000564,False,False,False,False,False,False,False,False,True,True
vqe_6_Mutant_Add_s_P1_Q1_[].qasm,Quratest_27,0.029980487817855176,0.09843207341133683,0.02919467327735056,0.09453252624977167,0.0,0.012830045490850612,1.000000000000012,0.9640721426127511,0.002266328387132227,0.001151640362867773,False,False,False,False,False,False,False,False,False,False
vqe_6_Mutant_Add_s_P1_Q1_[].qasm,PureState_28,0.010188803374195891,0.23547284072065333,0.010185035799058419,0.20000382529618752,0.0,0.02092585371971196,1.0000000000000115,0.9731794606263696,0.011941768933099905,0.018331668566900095,False,False,False,False,False,False,False,False,True,False
vqe_6_Mutant_Add_s_P1_Q1_[].qasm,Quratest_28,0.031621136896276464,0.1045049546037516,0.031007881654884734,0.09740278219686362,0.0,0.008563173502329796,1.000000000000011,0.9692641961553992,0.020242016047910955,0.029562671452089045,False,False,False,False,False,False,False,False,True,False
vqe_6_Mutant_Add_s_P1_Q1_[].qasm,PureState_29,0.010118464733981427,0.19717857232374364,0.010117516758869384,0.16734013006482237,0.0,0.020567371575330805,1.000000000000012,0.9745496266712395,0.03678731843443657,0.05241231843443657,False,False,False,False,False,False,False,False,True,True
vqe_6_Mutant_Add_s_P1_Q1_[].qasm,Quratest_29,0.031839485921713144,0.11502854667053197,0.031094615496554952,0.10786591154825093,0.0,0.010906690076021495,1.0000000000000124,0.9686662946689312,0.014714140811852447,0.022526640811852447,False,False,False,False,False,False,False,False,True,False
vqe_6_Mutant_Add_s_P1_Q1_[].qasm,PureState_30,0.008590225502614342,0.23898079195411057,0.008585897847800117,0.20286447818335604,0.0,0.020621870766338195,1.0000000000000115,0.9734846173006274,0.005636352387666816,0.001199585112333184,False,False,False,False,False,False,False,False,False,False
vqe_6_Mutant_Add_s_P1_Q1_[].qasm,Quratest_30,0.027244526541398,0.09871510641579255,0.026835273034781275,0.09543176794032633,0.0,0.01107200530584339,1.0000000000000115,0.9634764691709956,0.0014324014345792405,0.01266287018457924,False,False,False,False,False,False,False,False,False,False
vqe_6_Mutant_Add_s_P1_Q1_[].qasm,PureState_31,0.009694717491499838,0.26329604233719917,0.009692274068726036,0.2227467204507707,0.0,0.021910887854514234,1.000000000000012,0.9741306888831361,0.002398639316936721,0.006304889316936721,False,False,False,False,False,False,False,False,False,False
vqe_6_Mutant_Add_s_P1_Q1_[].qasm,Quratest_31,0.030730835964147402,0.07764668675877943,0.029945211911127805,0.0763682065246622,0.0,0.008450670495116084,1.000000000000011,0.9714184983805081,0.0073900932936386,0.0951489692063614,False,False,False,False,False,False,False,False,False,True
vqe_6_Mutant_Add_ry_P13_Q2_[6.283185307179586].qasm,PureState_0,0.008957315885784413,0.24447048632702317,0.008955751828826148,0.20973858650336671,5.628226888924986e-17,0.01957891439761832,1.000000000000011,0.977834287253486,0.022863314928994627,0.10342972117899463,False,False,False,False,False,False,False,False,True,True
vqe_6_Mutant_Add_ry_P13_Q2_[6.283185307179586].qasm,Quratest_0,0.030537455582456453,0.13282438902093047,0.02841505449607188,0.12362817631191782,9.122438962810408e-17,0.015950663242223998,1.0000000000000115,0.9706296348581083,0.002907858240559419,0.02931870425944058,False,False,False,False,False,False,False,False,False,False
vqe_6_Mutant_Add_ry_P13_Q2_[6.283185307179586].qasm,PureState_1,0.0,0.30328233781057734,0.0,0.2550501248128135,6.411964773340151e-21,0.03489179594394846,1.000000000000011,0.9651075846535357,1.993538863986899e-07,0.2851560506461136,False,True,False,False,False,False,False,False,False,True
vqe_6_Mutant_Add_ry_P13_Q2_[6.283185307179586].qasm,Quratest_1,0.028189059608420542,0.10515238749678252,0.027899317981321302,0.10210988298197671,1.7277756882269537e-16,0.01942465129367312,1.0000000000000107,0.9561998399389913,0.03574980717969689,0.07774199467969689,False,False,False,False,False,False,False,False,True,True
vqe_6_Mutant_Add_ry_P13_Q2_[6.283185307179586].qasm,PureState_2,0.0,0.2996335200108813,0.0,0.25192191400683756,2.8653553724419566e-20,0.03370096808204217,1.000000000000011,0.9662985926495247,1.8531608814154055e-07,0.29492168968391186,False,False,False,False,False,False,False,False,False,True
vqe_6_Mutant_Add_ry_P13_Q2_[6.283185307179586].qasm,Quratest_2,0.029915162738096655,0.11653218182127383,0.027703918963452624,0.10974134848781991,1.0103451346496657e-16,0.020706799475861522,1.0000000000000107,0.9553611338370065,0.013764399641357034,0.033110600358642966,False,False,False,False,False,False,False,False,True,False
vqe_6_Mutant_Add_ry_P13_Q2_[6.283185307179586].qasm,PureState_3,0.005738666769028622,0.2453172342618355,0.005738002410166595,0.20748175768726076,1.9539580927073563e-16,0.020221844357300414,1.000000000000011,0.9771748639604638,0.0032589661257649283,0.06803009637423507,False,False,False,False,False,False,False,False,False,True
vqe_6_Mutant_Add_ry_P13_Q2_[6.283185307179586].qasm,Quratest_3,0.033084697483995645,0.1153589564576915,0.03249004740616446,0.10803742467492132,6.391836580847431e-17,0.012714192828161532,1.0000000000000115,0.967310695732914,0.00926835221395439,0.12401444596395439,False,False,False,False,False,False,False,False,False,True
vqe_6_Mutant_Add_ry_P13_Q2_[6.283185307179586].qasm,PureState_4,0.0,0.28732891211035316,0.0,0.24138847932366128,6.566873561645555e-21,0.02211834195310186,1.000000000000011,0.9778813093940569,1.988763883575828e-07,0.28613261362361164,False,False,False,False,False,False,False,False,False,True
vqe_6_Mutant_Add_ry_P13_Q2_[6.283185307179586].qasm,Quratest_4,0.029914358891624908,0.07713766367309995,0.029891759762464984,0.07528265223659802,1.7257788080538017e-16,0.013803213270049476,1.000000000000012,0.9591445693000098,4.8547264831833026e-05,0.022900671485168167,False,False,False,False,False,False,False,False,False,False
vqe_6_Mutant_Add_ry_P13_Q2_[6.283185307179586].qasm,PureState_5,0.004791146398555156,0.22770117444697502,0.004791123827186922,0.19251153226142562,7.223060061037822e-21,0.03153923564513389,1.0000000000000115,0.9666889666456194,0.013240354043680402,0.1420330834563196,False,False,False,False,False,False,False,False,True,True
vqe_6_Mutant_Add_ry_P13_Q2_[6.283185307179586].qasm,Quratest_5,0.024554929131096703,0.06757625834641734,0.024537718838751648,0.06704336964843124,1.3018557586119694e-16,0.012168479492157807,1.0000000000000102,0.9578482901344054,0.029985590223591048,0.04463402772359105,False,False,False,False,False,False,False,False,True,False
vqe_6_Mutant_Add_ry_P13_Q2_[6.283185307179586].qasm,PureState_6,0.012096208535432647,0.23840935820679196,0.012095207807853508,0.20066002448315035,1.5228644614172958e-16,0.017556218591961104,1.0000000000000115,0.9708699845925413,0.008035540311348306,0.0002652409386516945,False,False,False,False,False,False,False,False,False,False
vqe_6_Mutant_Add_ry_P13_Q2_[6.283185307179586].qasm,Quratest_6,0.028268007399511845,0.15555434077686492,0.025938540353599614,0.14462622371254483,7.679194909543199e-17,0.025559820861411623,1.0000000000000115,0.960084497863245,0.012425972200174884,0.048558784700174884,False,False,False,False,False,False,False,False,True,False
vqe_6_Mutant_Add_ry_P13_Q2_[6.283185307179586].qasm,PureState_7,0.004863072723721008,0.2226679096669682,0.00486305895480158,0.18689044694184825,1.1043582810800924e-20,0.0179046888941653,1.000000000000011,0.9723194789208989,0.004921639146742332,0.030800545396742332,False,False,False,False,False,False,False,False,False,False
vqe_6_Mutant_Add_ry_P13_Q2_[6.283185307179586].qasm,Quratest_7,0.024488103907702733,0.17684486854784862,0.022804816676410225,0.1582658303777289,2.019355684725305e-16,0.014176631795038218,1.000000000000011,0.9730123190055047,0.025292895921867398,0.0430664790781326,False,False,False,False,False,False,False,False,True,False
vqe_6_Mutant_Add_ry_P13_Q2_[6.283185307179586].qasm,PureState_8,0.010323561697456584,0.25395698742776884,0.010312766390502383,0.21455398629200292,8.394709752145431e-17,0.03135812157898585,1.000000000000011,0.9658990161354973,0.0016238327753108073,0.06558867652531081,False,False,False,False,False,False,False,False,False,True
vqe_6_Mutant_Add_ry_P13_Q2_[6.283185307179586].qasm,Quratest_8,0.028739996132304945,0.12876274779905408,0.028431866386100013,0.12291978046491497,1.5023653978860074e-16,0.01689815800116813,1.000000000000011,0.9558597088914055,0.0019076363125808682,0.04301423868741913,False,False,False,False,False,False,False,False,False,False
vqe_6_Mutant_Add_ry_P13_Q2_[6.283185307179586].qasm,PureState_9,0.011271486216898415,0.19718717427235702,0.011266166679639478,0.1677474688889166,5.215046133694266e-18,0.021999740398968112,1.0000000000000093,0.9730813501130279,0.03678731413215557,0.04215840788215557,False,False,False,False,False,False,False,False,True,False
vqe_6_Mutant_Add_ry_P13_Q2_[6.283185307179586].qasm,Quratest_9,0.029250144448644908,0.1367646995712379,0.028159415100498256,0.1213542390239139,8.002682109319991e-17,0.018675668480406193,1.0000000000000115,0.9575255106716914,0.00019193322626903653,0.06328462927373096,False,False,False,False,False,False,False,False,False,True
vqe_6_Mutant_Add_ry_P13_Q2_[6.283185307179586].qasm,PureState_10,0.012900262903828947,0.24790515967425958,0.012899113109134747,0.20885516852941366,1.4695936010882607e-16,0.021545622119567474,1.0000000000000102,0.9726024525271874,0.015986191125957023,0.014775527624042977,False,False,False,False,False,False,False,False,True,False
vqe_6_Mutant_Add_ry_P13_Q2_[6.283185307179586].qasm,Quratest_10,0.030156313538210716,0.08630749650995066,0.029620245497557818,0.08427134930632496,8.156249655701109e-17,0.01043910134626123,1.000000000000011,0.9691125913139428,0.015478447399372375,0.08657233385062763,False,False,False,False,False,False,False,False,True,True
vqe_6_Mutant_Add_ry_P13_Q2_[6.283185307179586].qasm,PureState_11,0.011740737709738703,0.23118702481330067,0.011737379038594243,0.19532274951370093,2.1699233444541242e-16,0.018077112393080137,1.0000000000000107,0.9702241711472245,0.020146603697443886,0.004267458802556114,False,False,False,False,False,False,False,False,True,False
vqe_6_Mutant_Add_ry_P13_Q2_[6.283185307179586].qasm,Quratest_11,0.024877395232389028,0.19171750520697228,0.023260300024082026,0.16540210519880222,8.28619152016561e-17,0.016794007235827888,1.000000000000011,0.9613262192450823,0.0016266410811671544,0.033529608918832846,False,False,False,False,False,False,False,False,False,False
vqe_6_Mutant_Add_ry_P13_Q2_[6.283185307179586].qasm,PureState_12,0.0018830249064731826,0.24625773700687462,0.00188302201708702,0.20720513399714263,2.446327637092517e-16,0.01819463836418733,1.000000000000011,0.9793130093895956,0.00343227251334155,0.03663539751334155,False,False,False,False,False,False,False,False,False,False
vqe_6_Mutant_Add_ry_P13_Q2_[6.283185307179586].qasm,Quratest_12,0.03436968088817273,0.11419674465492423,0.03271662358975164,0.11054193699445815,1.6723818510588906e-16,0.014069879517082273,1.0000000000000107,0.9644733310734189,0.009071688705426517,0.14717831129457348,False,False,False,False,False,False,False,False,False,True
vqe_6_Mutant_Add_ry_P13_Q2_[6.283185307179586].qasm,PureState_13,0.0030729942729372764,0.24418817846901233,0.0030727597898601413,0.20613587517990528,8.416403500536032e-17,0.019123402581176042,1.000000000000011,0.978250076243667,0.030042805648908155,0.08033577439890816,False,False,False,False,False,False,False,False,True,True
vqe_6_Mutant_Add_ry_P13_Q2_[6.283185307179586].qasm,Quratest_13,0.02659507305432923,0.1168365225026095,0.02626754526599777,0.11229275934979588,1.223556032967782e-16,0.021960033541846356,1.000000000000011,0.9579562951669762,0.0038297033493064347,0.11531092165069357,False,False,False,False,False,False,False,False,False,True
vqe_6_Mutant_Add_ry_P13_Q2_[6.283185307179586].qasm,PureState_14,0.014294479104763393,0.24848899417648784,0.014293368181172779,0.20936666572038384,6.248734938557578e-17,0.021514148704746917,1.000000000000011,0.9725915334520128,0.011983991328152754,0.009012102421847246,False,False,False,False,False,False,False,False,True,False
vqe_6_Mutant_Add_ry_P13_Q2_[6.283185307179586].qasm,Quratest_14,0.027828159473596882,0.1571526118656646,0.02489330376434737,0.1489329971519837,1.0024843142454582e-16,0.02073995900306303,1.0000000000000107,0.9586016635811005,0.007717113298357892,0.1830100820483579,False,False,False,False,False,False,False,False,False,True
vqe_6_Mutant_Add_ry_P13_Q2_[6.283185307179586].qasm,PureState_15,0.01874403288352779,0.23335660822910842,0.017464314070677986,0.1984701557425603,1.2837305908350273e-16,0.01707721827275579,1.0000000000000124,0.9711474963193124,0.006124633160333032,0.019308226910333032,False,False,False,False,False,False,False,False,False,False
vqe_6_Mutant_Add_ry_P13_Q2_[6.283185307179586].qasm,Quratest_15,0.03025035772884248,0.16004811204051456,0.028379585856955054,0.14780749326565984,5.1772030164722125e-17,0.02710494974175299,1.0000000000000124,0.9574631760255596,0.011988504194499372,0.11789430830550063,False,False,False,False,False,False,False,False,True,True
vqe_6_Mutant_Add_ry_P13_Q2_[6.283185307179586].qasm,PureState_16,0.009737562956269617,0.25003501880208984,0.009722189920550144,0.21193540416945536,8.780895808087704e-19,0.0191832083167163,1.000000000000011,0.9711859970692972,0.013226361319912935,0.005816607430087065,False,False,False,False,False,False,False,False,True,False
vqe_6_Mutant_Add_ry_P13_Q2_[6.283185307179586].qasm,Quratest_16,0.02654806355900616,0.09794776253329916,0.02592663371879978,0.09425477536045204,8.599247887115108e-17,0.010391294472117698,1.0000000000000107,0.9668882150973759,0.018066999158001446,0.019530657091998554,False,False,False,False,False,False,False,False,True,False
vqe_6_Mutant_Add_ry_P13_Q2_[6.283185307179586].qasm,PureState_17,0.0,0.2791721608996122,0.0,0.23441876048353907,3.191038852312023e-20,0.020911751859894245,1.0000000000000124,0.9790880556243681,1.8579640004290354e-07,0.29345684545359996,False,False,False,False,False,False,False,False,False,True
vqe_6_Mutant_Add_ry_P13_Q2_[6.283185307179586].qasm,Quratest_17,0.03127801137516133,0.11953319357147665,0.029978172758794965,0.11331685106165579,1.875923868284099e-16,0.012885063480769949,1.0000000000000115,0.9696918346837345,0.004743798440353553,0.11049057655964645,False,False,False,False,False,False,False,False,False,True
vqe_6_Mutant_Add_ry_P13_Q2_[6.283185307179586].qasm,PureState_18,0.008955233296080653,0.2244273570601356,0.008952892615001663,0.18953138829887747,3.4824618700441945e-18,0.0327049724771907,1.000000000000011,0.9654974783330532,0.013240397819089145,0.13519710218091086,False,False,False,False,False,False,False,False,True,True
vqe_6_Mutant_Add_ry_P13_Q2_[6.283185307179586].qasm,Quratest_18,0.026547371468118468,0.15351995439146515,0.026473097332941536,0.13235460967619675,1.1528870650180083e-16,0.012140262036865145,1.000000000000011,0.9636069728770338,0.0016389957736544364,0.007986652023654436,False,False,False,False,False,False,False,False,False,False
vqe_6_Mutant_Add_ry_P13_Q2_[6.283185307179586].qasm,PureState_19,0.013642842023839068,0.26324633071466197,0.01245822961682926,0.22740472942667667,2.5186874539446173e-16,0.023268911455935203,1.000000000000011,0.9731880607453304,0.006665776434395407,0.020337651434395407,False,False,False,False,False,False,False,False,False,False
vqe_6_Mutant_Add_ry_P13_Q2_[6.283185307179586].qasm,Quratest_19,0.029519555932389627,0.1107088769969492,0.02859144002683489,0.10732873629100965,1.5056058283048472e-16,0.017176265083522227,1.0000000000000107,0.9596650944655896,0.014460964484025007,0.03827341051597499,False,False,False,False,False,False,False,False,True,False
vqe_6_Mutant_Add_ry_P13_Q2_[6.283185307179586].qasm,PureState_20,0.008029706705438627,0.23388779101347623,0.008024291700048298,0.1973944263058145,1.1376574394815077e-16,0.016937687201013046,1.000000000000011,0.9713742174685709,0.0018260562577355408,0.01135753749226446,False,False,False,False,False,False,False,False,False,False
vqe_6_Mutant_Add_ry_P13_Q2_[6.283185307179586].qasm,Quratest_20,0.028045082170581246,0.10767478247511275,0.026582091949667586,0.10379309578931727,1.572228675375542e-16,0.012625210200349514,1.0000000000000129,0.9664771571473775,0.018693668157403115,0.07972882440740311,False,False,False,False,False,False,False,False,True,True
vqe_6_Mutant_Add_ry_P13_Q2_[6.283185307179586].qasm,PureState_21,0.010148010015502903,0.2436127609446731,0.010146367661880751,0.20600566361623734,8.070586126071694e-17,0.01787373247736653,1.000000000000011,0.9705767197388447,0.004755721058119743,0.028935685191880257,False,False,False,False,False,False,False,False,False,False
vqe_6_Mutant_Add_ry_P13_Q2_[6.283185307179586].qasm,Quratest_21,0.02786480680008454,0.12034911367905154,0.027814241658960168,0.11108695448909418,7.822183534341362e-17,0.010683062731886787,1.000000000000011,0.9678405299813343,0.008916388956751703,0.027471076456751703,False,False,False,False,False,False,False,False,False,False
vqe_6_Mutant_Add_ry_P13_Q2_[6.283185307179586].qasm,PureState_22,0.004454883132346027,0.25250344135400526,0.00445485972087044,0.2125750452617733,1.726305981134523e-16,0.01969023464332542,1.000000000000011,0.9778037523674158,0.008315041098719556,0.033705666098719556,False,False,False,False,False,False,False,False,False,False
vqe_6_Mutant_Add_ry_P13_Q2_[6.283185307179586].qasm,Quratest_22,0.023407083141802346,0.11544774734998703,0.023069890521028164,0.11078136916953647,1.4480367046491166e-16,0.012545810671364205,1.0000000000000133,0.9623220505451375,0.004353407820789246,0.07075965782078925,False,False,False,False,False,False,False,False,False,True
vqe_6_Mutant_Add_ry_P13_Q2_[6.283185307179586].qasm,PureState_23,0.01593923008344645,0.23527949209081223,0.015410228010457699,0.19985278567394502,1.270846779741017e-16,0.01738244213136589,1.000000000000011,0.9708433112049938,0.015890262797020972,0.0011995809529790277,False,False,False,False,False,False,False,False,True,False
vqe_6_Mutant_Add_ry_P13_Q2_[6.283185307179586].qasm,Quratest_23,0.03214344968559253,0.12149731136770525,0.03035716245429325,0.11409066008931934,1.252026927907367e-16,0.010410942021153589,1.0000000000000115,0.974105364026923,0.003946086891788103,0.0668546943582119,False,False,False,False,False,False,False,False,False,True
vqe_6_Mutant_Add_ry_P13_Q2_[6.283185307179586].qasm,PureState_24,0.006466650241433588,0.2270406865144606,0.006464846035606343,0.1909520565136639,2.0106367544588846e-20,0.01962795868565304,1.0000000000000098,0.9793340610747314,0.012334982717127074,0.17028220478287293,False,False,False,False,False,False,False,False,True,True
vqe_6_Mutant_Add_ry_P13_Q2_[6.283185307179586].qasm,Quratest_24,0.03344851027841304,0.09495552048550074,0.031282464408438744,0.09304461012163738,1.472471487595035e-16,0.013829824071004903,1.0000000000000084,0.969722855933322,0.005109380193118601,0.0422187551931186,False,False,False,False,False,False,False,False,False,False
vqe_6_Mutant_Add_ry_P13_Q2_[6.283185307179586].qasm,PureState_25,0.010207993769494427,0.2578604724137316,0.010206420988086167,0.21768277695142216,9.932731179187151e-17,0.03237569558029797,1.000000000000012,0.9648234221112189,0.028550901565635944,0.029066285934364056,False,False,False,False,False,False,False,False,True,False
vqe_6_Mutant_Add_ry_P13_Q2_[6.283185307179586].qasm,Quratest_25,0.03500116131590357,0.1059533300512087,0.034367916672693184,0.10259392481096276,1.707516777710999e-16,0.025925566601557818,1.0000000000000115,0.9533202059798003,0.00244486475698813,0.05908548975698813,False,False,False,False,False,False,False,False,False,True
vqe_6_Mutant_Add_ry_P13_Q2_[6.283185307179586].qasm,PureState_26,0.007707848125975428,0.26058431443039215,0.007707608679460364,0.219579128480946,9.717077518340186e-17,0.03085084366277531,1.000000000000011,0.9665206076316034,0.0034322729015923703,0.03956508540159237,False,False,False,False,False,False,False,False,False,False
vqe_6_Mutant_Add_ry_P13_Q2_[6.283185307179586].qasm,Quratest_26,0.029047398636141475,0.1255851424124112,0.027933750729678523,0.1208458297916214,1.2035067631062726e-16,0.023917611875078237,1.000000000000011,0.9585515794291102,0.016297960077736873,0.08758702257773687,False,False,False,False,False,False,False,False,True,True
vqe_6_Mutant_Add_ry_P13_Q2_[6.283185307179586].qasm,PureState_27,0.004527586643450231,0.2188874194523237,0.0045274901840082135,0.18494630944276233,1.11045870655761e-16,0.020198410198782366,1.000000000000011,0.9782763634226578,0.013240398299943612,0.1347088204500564,False,False,False,False,False,False,False,False,True,True
vqe_6_Mutant_Add_ry_P13_Q2_[6.283185307179586].qasm,Quratest_27,0.028976173743329933,0.09959917684332809,0.02895311512979667,0.09481371108009133,1.7369554077928222e-16,0.013138974995251618,1.0000000000000124,0.963436936142762,0.002266328387132227,0.001639921612867773,False,False,False,False,False,False,False,False,False,False
vqe_6_Mutant_Add_ry_P13_Q2_[6.283185307179586].qasm,PureState_28,0.01962721872355868,0.23312485348963508,0.019183008692866134,0.19805834441316664,3.522204414620993e-17,0.021346007543666723,1.000000000000011,0.9725648121705082,0.011941768933099905,0.018331668566900095,False,False,False,False,False,False,False,False,True,False
vqe_6_Mutant_Add_ry_P13_Q2_[6.283185307179586].qasm,Quratest_28,0.02939808584466348,0.10455739216212302,0.02858217343911804,0.0969748096906877,1.8009942749787995e-16,0.008767311583709476,1.000000000000011,0.9686641340211202,0.020242016047910955,0.028586108952089045,False,False,False,False,False,False,False,False,True,False
vqe_6_Mutant_Add_ry_P13_Q2_[6.283185307179586].qasm,PureState_29,0.007210830167139031,0.20168378368167458,0.007210704414630757,0.1716677479693876,1.6981548127391835e-16,0.02116811693233482,1.000000000000012,0.9739338345050783,0.03678731843443657,0.05338888093443657,False,False,False,False,False,False,False,False,True,True
vqe_6_Mutant_Add_ry_P13_Q2_[6.283185307179586].qasm,Quratest_29,0.030427430415123132,0.10923717149895416,0.030142277385141886,0.10290828645089445,1.6629639034766068e-16,0.011158210064490274,1.0000000000000124,0.9681038871337464,0.014714140811852447,0.022038359561852447,False,False,False,False,False,False,False,False,True,False
vqe_6_Mutant_Add_ry_P13_Q2_[6.283185307179586].qasm,PureState_30,0.008739030194086096,0.2381844066818352,0.008721204700508972,0.20257116481407564,1.0354920029100539e-16,0.021042047317131732,1.0000000000000107,0.9728695120075652,0.005636352387666816,0.00022302261233318396,False,False,False,False,False,False,False,False,False,False
vqe_6_Mutant_Add_ry_P13_Q2_[6.283185307179586].qasm,Quratest_30,0.02928116022853134,0.09650002522936095,0.029235785480052262,0.09283586184127539,1.6493690639642544e-16,0.011300989746865437,1.0000000000000115,0.9628711773601729,0.0014324014345792405,0.01363943268457924,False,False,False,False,False,False,False,False,False,False
vqe_6_Mutant_Add_ry_P13_Q2_[6.283185307179586].qasm,PureState_31,0.009759684445473444,0.2601912935291814,0.009727907622623797,0.22018296822854713,3.274515149413625e-20,0.022514625249659744,1.000000000000012,0.973515407066374,0.002398639316936721,0.005816608066936721,False,False,False,False,False,False,False,False,False,False
vqe_6_Mutant_Add_ry_P13_Q2_[6.283185307179586].qasm,Quratest_31,0.026985745174163984,0.0899957693329014,0.026683949256008546,0.08789315348745559,1.466044625107743e-16,0.0086040878557509,1.000000000000012,0.9708074949107625,0.0073900932936386,0.0956372504563614,False,False,False,False,False,False,False,False,False,True
vqe_6_Mutant_Add_ch_P7_Q3_[].qasm,PureState_0,0.006621179605152978,0.2478544371570485,0.006573110608875402,0.21251179232845818,1.1224828737517557e-16,0.02132600824764963,1.000000000000011,0.9762575773852727,0.022863314928994627,0.10538284617899463,False,False,False,False,False,False,False,False,True,True
vqe_6_Mutant_Add_ch_P7_Q3_[].qasm,Quratest_0,0.03389532038286815,0.14712947070162652,0.03148571531959811,0.1373871765714991,1.0018377474856803e-16,0.01740448617386164,1.0000000000000115,0.9692787192159847,0.002907858240559419,0.03566636050944058,False,False,False,False,False,False,False,False,False,False
vqe_6_Mutant_Add_ch_P7_Q3_[].qasm,PureState_1,0.0,0.3010059741082018,0.0,0.25309829748933727,3.330879236364722e-16,0.036332665566323905,1.000000000000011,0.9636666664184262,1.993538863986899e-07,0.2905271443961136,False,True,False,False,False,False,False,False,False,True
vqe_6_Mutant_Add_ch_P7_Q3_[].qasm,Quratest_1,0.028605971903826452,0.09777819082624138,0.02827342753041683,0.09537453975923849,2.750233394022356e-16,0.02026252348440662,1.000000000000011,0.9547271229958781,0.03574980717969689,0.07774199467969689,False,False,False,False,False,False,False,False,True,True
vqe_6_Mutant_Add_ch_P7_Q3_[].qasm,PureState_2,0.0,0.29705799694158375,0.0,0.2497151462893748,4.73100085296342e-20,0.03458763145918908,1.000000000000011,0.9654118781134395,1.8531608814154055e-07,0.29638653343391186,False,False,False,False,False,False,False,False,False,True
vqe_6_Mutant_Add_ch_P7_Q3_[].qasm,Quratest_2,0.032213314908620824,0.10777368341761388,0.02944903159951712,0.10222642862659699,2.381361133404949e-16,0.02089181553123927,1.0000000000000102,0.9540601545667856,0.013764399641357034,0.033110600358642966,False,False,False,False,False,False,False,False,True,False
vqe_6_Mutant_Add_ch_P7_Q3_[].qasm,PureState_3,0.006862972789905355,0.24567550391055076,0.006862793003750238,0.20788771821152255,1.9672188084727115e-16,0.02196586052396254,1.000000000000011,0.9755991342896121,0.0032589661257649283,0.07242462762423507,False,False,False,False,False,False,False,False,False,True
vqe_6_Mutant_Add_ch_P7_Q3_[].qasm,Quratest_3,0.029019902908333957,0.11152510137123715,0.027637873425670926,0.10526042878263325,1.611475638991039e-16,0.013671358600597053,1.000000000000012,0.9661292019588176,0.00926835221395439,0.1269441334639544,False,False,False,False,False,False,False,False,False,True
vqe_6_Mutant_Add_ch_P7_Q3_[].qasm,PureState_4,0.0,0.281591458219859,0.0,0.23648492921347286,6.72143530069457e-20,0.023694968316710807,1.000000000000012,0.9763046428962112,1.988763883575828e-07,0.29345683237361164,False,False,False,False,False,False,False,False,False,True
vqe_6_Mutant_Add_ch_P7_Q3_[].qasm,Quratest_4,0.027826148511159835,0.07275061277264311,0.027811517453922373,0.07133556351202544,2.67879251766856e-16,0.01441721067373795,1.000000000000011,0.9576810353559763,4.8547264831833026e-05,0.018017858985168167,False,False,False,False,False,False,False,False,False,False
vqe_6_Mutant_Add_ch_P7_Q3_[].qasm,PureState_5,0.0016985479899681835,0.23351589265072045,0.0016985308166059066,0.19670321199902627,1.5271798462432872e-16,0.032407476038133105,1.000000000000011,0.9658018938891805,0.013240354043680402,0.1415448022063196,False,False,False,False,False,False,False,False,True,True
vqe_6_Mutant_Add_ch_P7_Q3_[].qasm,Quratest_5,0.023758886398228627,0.07241772320315332,0.023744891806010356,0.07180487887125923,3.1490652099841476e-16,0.012559350638774659,1.0000000000000107,0.9567420224165555,0.029985590223591048,0.04756371522359105,False,False,False,False,False,False,False,False,True,False
vqe_6_Mutant_Add_ch_P7_Q3_[].qasm,PureState_6,0.007865236410136678,0.2411632587737115,0.007863526508372187,0.2029466680137519,4.359022313280771e-16,0.018883851064983893,1.0000000000000107,0.9694222918731802,0.008035540311348306,0.0060824153113483055,False,False,False,False,False,False,False,False,False,False
vqe_6_Mutant_Add_ch_P7_Q3_[].qasm,Quratest_6,0.02369224546922734,0.1585671122950556,0.02164990140799807,0.14665970976771667,2.0363060992317403e-16,0.025597945803939343,1.0000000000000115,0.9594374254583082,0.012425972200174884,0.050023628450174884,False,False,False,False,False,False,False,False,True,True
vqe_6_Mutant_Add_ch_P7_Q3_[].qasm,PureState_7,0.008435304507275481,0.2223739449465033,0.00843511325940077,0.18686802994498225,2.221277416842171e-16,0.018456394871065235,1.000000000000011,0.9714290584506802,0.004921639146742332,0.03421851414674233,False,False,False,False,False,False,False,False,False,False
vqe_6_Mutant_Add_ch_P7_Q3_[].qasm,Quratest_7,0.02775198355379493,0.1752719321965574,0.025985990728666072,0.15700085643505216,2.9499676254013927e-16,0.014896711757602245,1.000000000000012,0.9716880975242186,0.025292895921867398,0.0445313228281326,False,False,False,False,False,False,False,False,True,False
vqe_6_Mutant_Add_ch_P7_Q3_[].qasm,PureState_8,0.010634400686399932,0.2619580190191901,0.010630560485111329,0.22171094360124546,1.6516604792054068e-17,0.032419876455782,1.000000000000011,0.9650124940923911,0.0016238327753108073,0.06754180152531081,False,False,False,False,False,False,False,False,False,True
vqe_6_Mutant_Add_ch_P7_Q3_[].qasm,Quratest_8,0.0305912405669472,0.12511158038300152,0.03025694697389193,0.12008156072615588,2.5118253831057924e-16,0.017433802885216898,1.0000000000000107,0.954472986352431,0.0019076363125808682,0.04252595743741913,False,False,False,False,False,False,False,False,False,False
vqe_6_Mutant_Add_ch_P7_Q3_[].qasm,PureState_9,0.008720275289252951,0.20435466498775257,0.008718415050424852,0.17360913530269795,1.7681539729055654e-16,0.023230579115774884,1.0000000000000089,0.9715111785368399,0.03678731413215557,0.04020528288215557,False,False,False,False,False,False,False,False,True,False
vqe_6_Mutant_Add_ch_P7_Q3_[].qasm,Quratest_9,0.022241669945375703,0.1355254868430569,0.02184212996432893,0.12018937476396649,2.0365229904473722e-16,0.019300882652867758,1.0000000000000107,0.9562303325285988,0.00019193322626903653,0.058890098023730963,False,False,False,False,False,False,False,False,False,True
vqe_6_Mutant_Add_ch_P7_Q3_[].qasm,PureState_10,0.00528391646059607,0.24508185780519254,0.005283726364109238,0.20645647797404304,1.1381009212848453e-16,0.022340161530908672,1.000000000000011,0.971641860966113,0.015986191125957023,0.014287246374042977,False,False,False,False,False,False,False,False,True,False
vqe_6_Mutant_Add_ch_P7_Q3_[].qasm,Quratest_10,0.029077915727388482,0.09359919498933972,0.02767699778358208,0.09115127186130395,2.559852151215111e-16,0.011301884365205937,1.000000000000011,0.9676495848598179,0.015478447399372375,0.09291999010062763,False,False,False,False,False,False,False,False,True,True
vqe_6_Mutant_Add_ch_P7_Q3_[].qasm,PureState_11,0.013092916782434348,0.23799959937472331,0.01309023898971501,0.2011738115959165,3.6237315928061726e-16,0.019408975341667682,1.000000000000011,0.9687774513120703,0.020146603697443886,0.007197146302556114,False,False,False,False,False,False,False,False,True,False
vqe_6_Mutant_Add_ch_P7_Q3_[].qasm,Quratest_11,0.02987022332329379,0.1931722840348315,0.027690802181800686,0.166731915512956,2.818716847396188e-16,0.01757998046449234,1.0000000000000115,0.9598868294620277,0.0016266410811671544,0.027670233918832846,False,False,False,False,False,False,False,False,False,False
vqe_6_Mutant_Add_ch_P7_Q3_[].qasm,PureState_12,0.00592996706776594,0.2496860196718565,0.005929524597198762,0.210209529501379,8.504133837780873e-17,0.01933857479133999,1.000000000000011,0.9783474398724586,0.00343227251334155,0.04005336626334155,False,False,False,False,False,False,False,False,False,False
vqe_6_Mutant_Add_ch_P7_Q3_[].qasm,Quratest_12,0.023996912186192793,0.11499141383369291,0.02396985079540307,0.11054440616280134,1.6727884268735727e-16,0.015314970113607083,1.0000000000000098,0.9628174656437022,0.009071688705426517,0.13643612379457348,False,False,False,False,False,False,False,False,False,True
vqe_6_Mutant_Add_ch_P7_Q3_[].qasm,PureState_13,0.00896525912459251,0.24727945752298242,0.008964850787935193,0.20890562723561715,9.111058697019735e-17,0.020264251098409035,1.000000000000011,0.9772856074296274,0.030042805648908155,0.08131233689890816,False,False,False,False,False,False,False,False,True,True
vqe_6_Mutant_Add_ch_P7_Q3_[].qasm,Quratest_13,0.027277802232567257,0.11918421465244057,0.02610930095200708,0.11473114226480186,2.1322529787821953e-16,0.02293885722686982,1.0000000000000115,0.9564086136126865,0.0038297033493064347,0.12263514040069357,False,False,False,False,False,False,False,False,False,True
vqe_6_Mutant_Add_ch_P7_Q3_[].qasm,PureState_14,0.006185236104847473,0.24730465699848891,0.006184553119600601,0.2085821101970847,2.1217538065858383e-16,0.022950559418581387,1.0000000000000115,0.9710218686897092,0.011983991328152754,0.010476946171847246,False,False,False,False,False,False,False,False,True,False
vqe_6_Mutant_Add_ch_P7_Q3_[].qasm,Quratest_14,0.029514962619580302,0.16287538658779124,0.02751657303214856,0.15460863999431407,1.4563284983016795e-16,0.021594461361756738,1.0000000000000102,0.9573145175476357,0.007717113298357892,0.1844749257983579,False,False,False,False,False,False,False,False,False,True
vqe_6_Mutant_Add_ch_P7_Q3_[].qasm,PureState_15,0.012164709858921447,0.2318130906069454,0.012147660498371364,0.1970632474852702,1.2762692955034016e-16,0.01781031746513995,1.000000000000011,0.9702583750811372,0.006124633160333032,0.021749633160333032,False,False,False,False,False,False,False,False,False,False
vqe_6_Mutant_Add_ch_P7_Q3_[].qasm,Quratest_15,0.030020211080979797,0.15337963182343117,0.02812596044694996,0.14132030753072655,2.250333606794181e-16,0.028021026061821434,1.0000000000000124,0.9566029966773049,0.011988504194499372,0.11838258955550063,False,False,False,False,False,False,False,False,True,True
vqe_6_Mutant_Add_ch_P7_Q3_[].qasm,PureState_16,0.0051614999037535095,0.24647853270460693,0.0051602507406226334,0.20876799053817674,3.955392327670853e-16,0.020314524271290747,1.0000000000000115,0.9697382496224433,0.013226361319912935,0.0033752011800870646,False,False,False,False,False,False,False,False,True,False
vqe_6_Mutant_Add_ch_P7_Q3_[].qasm,Quratest_16,0.03282483728184662,0.10528798212627188,0.031901130501174366,0.10086437527146049,1.4324258874312198e-16,0.010755138284608489,1.0000000000000107,0.965268894420054,0.018066999158001446,0.017577532091998554,False,False,False,False,False,False,False,False,True,False
vqe_6_Mutant_Add_ch_P7_Q3_[].qasm,PureState_17,0.0,0.28666441626630035,0.0,0.2408203058384696,2.220848355429809e-16,0.021876888364493995,1.0000000000000115,0.978122875796845,1.8579640004290354e-07,0.29296856420359996,False,False,False,False,False,False,False,False,False,True
vqe_6_Mutant_Add_ch_P7_Q3_[].qasm,Quratest_17,0.03081510190687902,0.12300130908650694,0.028956222019089723,0.11669542370395707,3.0274566897468477e-16,0.013744978152511862,1.000000000000011,0.9681468755021329,0.004743798440353553,0.11537338905964645,False,False,False,False,False,False,False,False,False,True
vqe_6_Mutant_Add_ch_P7_Q3_[].qasm,PureState_18,0.003108918627850426,0.23180979549179706,0.003108911324744839,0.19607885733964733,2.272971296872356e-16,0.03411578071333472,1.000000000000011,0.9640559779985439,0.013240397819089145,0.13568538343091086,False,False,False,False,False,False,False,False,True,True
vqe_6_Mutant_Add_ch_P7_Q3_[].qasm,Quratest_18,0.024151588158302272,0.15693745119566718,0.02380332062001301,0.13617951070764206,2.6558629718269166e-16,0.012568885027488031,1.000000000000011,0.9621039056554332,0.0016389957736544364,0.007010089523654436,False,False,False,False,False,False,False,False,False,False
vqe_6_Mutant_Add_ch_P7_Q3_[].qasm,PureState_19,0.010583150644544,0.2664037110414299,0.009016544764608775,0.2304187793447539,2.7833964700555157e-16,0.02452681946101727,1.000000000000011,0.9716177170507503,0.006665776434395407,0.017407963934395407,False,False,False,False,False,False,False,False,False,False
vqe_6_Mutant_Add_ch_P7_Q3_[].qasm,Quratest_19,0.030254486939550417,0.11694700169482491,0.028896247892923128,0.11369323886618027,4.54536725979734e-16,0.017716053361001807,1.0000000000000098,0.9583923775390661,0.014460964484025007,0.04071481676597499,False,False,False,False,False,False,False,False,True,False
vqe_6_Mutant_Add_ch_P7_Q3_[].qasm,PureState_20,0.009804275753174668,0.2308517520105959,0.009774701520780967,0.19500780282434682,7.532472490790754e-17,0.0176744432624939,1.0000000000000115,0.9704848466358776,0.0018260562577355408,0.00940441249226446,False,False,False,False,False,False,False,False,False,False
vqe_6_Mutant_Add_ch_P7_Q3_[].qasm,Quratest_20,0.029366795655176223,0.10992209087681659,0.028270144731861797,0.10539643082216997,2.6044230248996325e-16,0.012630508977239734,1.000000000000012,0.9651271959569265,0.018693668157403115,0.07777569940740311,False,False,False,False,False,False,False,False,True,True
vqe_6_Mutant_Add_ch_P7_Q3_[].qasm,PureState_21,0.01167905061652801,0.24049784944709154,0.011675191563608349,0.20230400758928743,2.0269340638365214e-16,0.01920629197143229,1.0000000000000107,0.9691295457632497,0.004755721058119743,0.027470841441880257,False,False,False,False,False,False,False,False,False,False
vqe_6_Mutant_Add_ch_P7_Q3_[].qasm,Quratest_21,0.028027585539095456,0.11766225429387904,0.0280069604763329,0.10965381567232194,1.912906454715691e-16,0.010871974268511886,1.0000000000000107,0.9663158545250915,0.008916388956751703,0.021123420206751703,False,False,False,False,False,False,False,False,False,False
vqe_6_Mutant_Add_ch_P7_Q3_[].qasm,PureState_22,0.004868879189023196,0.24767840974188635,0.004868122276731393,0.20852287486327425,4.080030544590585e-17,0.021438249902556217,1.000000000000011,0.9762270173046596,0.008315041098719556,0.028822853598719556,False,False,False,False,False,False,False,False,False,False
vqe_6_Mutant_Add_ch_P7_Q3_[].qasm,Quratest_22,0.024342395348914893,0.11058473669749158,0.024002155436947885,0.1073503751681775,3.5340925064880624e-16,0.013005631150221249,1.000000000000012,0.9610748946841718,0.004353407820789246,0.06978309532078925,False,False,False,False,False,False,False,False,False,True
vqe_6_Mutant_Add_ch_P7_Q3_[].qasm,PureState_23,0.00880658748924767,0.23310457629526712,0.00879930711480368,0.19788685554741062,3.1186996390407606e-16,0.018713427707641853,1.0000000000000115,0.9693957448683016,0.015890262797020972,0.0007535440470209723,False,False,False,False,False,False,False,False,True,False
vqe_6_Mutant_Add_ch_P7_Q3_[].qasm,Quratest_23,0.02353239744568744,0.12114310136966325,0.02250240498706621,0.11425237019567434,2.3904857958292457e-16,0.011042805775577322,1.000000000000012,0.9732744636232384,0.003946086891788103,0.0663664131082119,False,False,False,False,False,False,False,False,False,True
vqe_6_Mutant_Add_ch_P7_Q3_[].qasm,PureState_24,0.007378639255481965,0.22435737846341175,0.007378319536984807,0.18884330492651305,9.93613845404208e-17,0.020588694831716065,1.0000000000000093,0.9783683692447858,0.012334982717127074,0.17174704853287293,False,False,False,False,False,False,False,False,True,True
vqe_6_Mutant_Add_ch_P7_Q3_[].qasm,Quratest_24,0.03112376874798162,0.09238957324781209,0.030460956170960545,0.09026979252226358,1.5588010855791933e-16,0.014842762606544473,1.0000000000000093,0.9684838302236879,0.005109380193118601,0.0456367239431186,False,False,False,False,False,False,False,False,False,False
vqe_6_Mutant_Add_ch_P7_Q3_[].qasm,PureState_25,0.005662127089068861,0.25375757584317865,0.005661947907387435,0.2139126504883355,3.406895996362644e-16,0.03398319750571409,1.000000000000011,0.9633828141893029,0.028550901565635944,0.030531129684364056,False,False,False,False,False,False,False,False,True,False
vqe_6_Mutant_Add_ch_P7_Q3_[].qasm,Quratest_25,0.03303321577125492,0.10316959924039679,0.03221017939407579,0.10001959359192444,2.94665821690826e-16,0.02692688326521018,1.000000000000011,0.9517965719405135,0.00244486475698813,0.06299173975698813,False,False,False,False,False,False,False,False,False,True
vqe_6_Mutant_Add_ch_P7_Q3_[].qasm,PureState_26,0.005728596734465784,0.2614484905472322,0.005728392234212993,0.22008377797027007,2.2457260698624076e-20,0.03191466924391309,1.000000000000011,0.9656335236874087,0.0034322729015923703,0.04542446040159237,False,False,False,False,False,False,False,False,False,False
vqe_6_Mutant_Add_ch_P7_Q3_[].qasm,Quratest_26,0.030880445932631555,0.11898943648662695,0.030066957983800702,0.11485634440788568,3.575470065961435e-16,0.024779346877687916,1.0000000000000107,0.9573952262867698,0.016297960077736873,0.09442296007773687,False,False,False,False,False,False,False,False,True,True
vqe_6_Mutant_Add_ch_P7_Q3_[].qasm,PureState_27,0.0059780058713969075,0.214907051439599,0.00597796017801764,0.1817324565562718,1.1110082856133595e-16,0.02174213938176654,1.000000000000011,0.9766990600207707,0.013240398299943612,0.1366619454500564,False,False,False,False,False,False,False,False,True,True
vqe_6_Mutant_Add_ch_P7_Q3_[].qasm,Quratest_27,0.031188789105544824,0.1013164446672842,0.03089030929229133,0.09663885096085145,3.07441196117789e-16,0.01351099367917803,1.000000000000011,0.9619667239184198,0.002266328387132227,0.001778047137132227,False,False,False,False,False,False,False,False,False,False
vqe_6_Mutant_Add_ch_P7_Q3_[].qasm,PureState_28,0.01817946153453657,0.2378358336412977,0.016864949537461926,0.2023055575743792,2.077051717658572e-16,0.02278307665230077,1.0000000000000115,0.9709952771962173,0.011941768933099905,0.013448856066900095,False,False,False,False,False,False,False,False,True,False
vqe_6_Mutant_Add_ch_P7_Q3_[].qasm,Quratest_28,0.03294214568761543,0.0998460297441056,0.031482032463797244,0.09312819774788733,2.2567964681817314e-16,0.0092902938747291,1.000000000000011,0.9673481017608783,0.020242016047910955,0.030539233952089045,False,False,False,False,False,False,False,False,True,False
vqe_6_Mutant_Add_ch_P7_Q3_[].qasm,PureState_29,0.010341292643024512,0.20286846026394692,0.010339374927438342,0.17214413910908938,2.800087529733552e-16,0.021764666879077188,1.000000000000011,0.972971947029519,0.03678731843443657,0.05290059968443657,False,False,False,False,False,False,False,False,True,True
vqe_6_Mutant_Add_ch_P7_Q3_[].qasm,Quratest_29,0.029076199298660992,0.11865204886100136,0.029013100698435004,0.11066916850864342,2.420097538269664e-16,0.011732587963708317,1.0000000000000124,0.9668689002996027,0.014714140811852447,0.023991484561852447,False,False,False,False,False,False,False,False,True,False
vqe_6_Mutant_Add_ch_P7_Q3_[].qasm,PureState_30,0.01259542931801306,0.2363036130253513,0.012552379775925085,0.20024196189442198,3.9114690534704764e-17,0.021835912766328888,1.0000000000000115,0.9719086619195454,0.005636352387666816,0.000711303862333184,False,False,False,False,False,False,False,False,False,False
vqe_6_Mutant_Add_ch_P7_Q3_[].qasm,Quratest_30,0.028426286240577667,0.10483134769426414,0.028392077516396767,0.10077813568969321,1.7704127604638847e-16,0.01160731730729952,1.000000000000011,0.9618191130162667,0.0014324014345792405,0.01608083893457924,False,False,False,False,False,False,False,False,False,False
vqe_6_Mutant_Add_ch_P7_Q3_[].qasm,PureState_31,0.00636442122939874,0.2604392070052207,0.006362634475502461,0.22081934751577925,2.264525420697902e-16,0.02311428719246391,1.000000000000012,0.9725536925703258,0.002398639316936721,0.004840045566936721,False,False,False,False,False,False,False,False,False,False
vqe_6_Mutant_Add_ch_P7_Q3_[].qasm,Quratest_31,0.02339615339209828,0.0896751465788077,0.023044588829408574,0.08786944704595655,2.84223599517075e-16,0.009500379332858685,1.000000000000011,0.969282377451818,0.0073900932936386,0.0946606879563614,False,False,False,False,False,False,False,False,False,True
vqe_6_Mutant_Add_rxx_P21_Q0_[0.0].qasm,PureState_0,0.00841670788158692,0.2476833493776391,0.007449633987139647,0.21247686505558816,0.0,0.02092093094001453,1.000000000000011,0.9764121978804375,0.022863314928994627,0.10391800242899463,False,False,False,False,False,False,False,False,True,True
vqe_6_Mutant_Add_rxx_P21_Q0_[0.0].qasm,Quratest_0,0.030009290108448765,0.13755974380174293,0.02724514966575025,0.12882205595019827,0.0,0.016884650006751743,1.000000000000011,0.9685613671783505,0.002907858240559419,0.03029526675944058,False,False,False,False,False,False,False,False,False,False
vqe_6_Mutant_Add_rxx_P21_Q0_[0.0].qasm,PureState_1,0.0,0.3009146332875038,0.0,0.2530199963509755,0.0,0.036475908774987145,1.0000000000000102,0.9635234604980903,1.993538863986899e-07,0.2861326131461136,False,True,False,False,False,False,False,False,False,True
vqe_6_Mutant_Add_rxx_P21_Q0_[0.0].qasm,Quratest_1,0.033186867028216216,0.1016552589575655,0.032425971234064446,0.09897921916077078,0.0,0.020207917016970642,1.0000000000000107,0.9543710918672452,0.03574980717969689,0.07871855717969689,False,False,False,False,False,False,False,False,True,True
vqe_6_Mutant_Add_rxx_P21_Q0_[0.0].qasm,PureState_2,0.0,0.2975192275997178,0.0,0.2501102617084802,0.0,0.035286867684873484,1.000000000000011,0.9647126837815886,1.8531608814154055e-07,0.30078106468391186,False,False,False,False,False,False,False,False,False,True
vqe_6_Mutant_Add_rxx_P21_Q0_[0.0].qasm,Quratest_2,0.03539947244501175,0.10866859032560038,0.031968845454729604,0.10221279998099521,0.0,0.021906120875538327,1.0000000000000102,0.9537165650218185,0.013764399641357034,0.033598881608642966,False,False,False,False,False,False,False,False,True,False
vqe_6_Mutant_Add_rxx_P21_Q0_[0.0].qasm,PureState_3,0.00665825250901924,0.24611697044511693,0.006656344796421755,0.20863717144945765,0.0,0.021696629093833235,1.000000000000011,0.975451184750884,0.0032589661257649283,0.06754181512423507,False,False,False,False,False,False,False,False,False,True
vqe_6_Mutant_Add_rxx_P21_Q0_[0.0].qasm,Quratest_3,0.030017783907196994,0.11902049904125656,0.028392950412507504,0.1116957558886456,0.0,0.013555618354104931,1.0000000000000115,0.965081685485565,0.00926835221395439,0.12499100846395439,False,False,False,False,False,False,False,False,False,True
vqe_6_Mutant_Add_rxx_P21_Q0_[0.0].qasm,PureState_4,0.0,0.2872340613521877,0.0,0.24130737354832396,0.0,0.02372342057990403,1.0000000000000115,0.9762762188076106,1.988763883575828e-07,0.29150370737361164,False,False,False,False,False,False,False,False,False,True
vqe_6_Mutant_Add_rxx_P21_Q0_[0.0].qasm,Quratest_4,0.023741286893451265,0.07396878445330614,0.023733803109754138,0.07228491033433054,0.0,0.014124028179897276,1.000000000000012,0.9571264976517325,4.8547264831833026e-05,0.021924108985168167,False,False,False,False,False,False,False,False,False,False
vqe_6_Mutant_Add_rxx_P21_Q0_[0.0].qasm,PureState_5,0.009068233505436644,0.22772701740300413,0.009068056440110066,0.1920798280326531,0.0,0.032418996219208074,1.000000000000011,0.9655012976089103,0.013240354043680402,0.1439862084563196,False,False,False,False,False,False,False,False,True,True
vqe_6_Mutant_Add_rxx_P21_Q0_[0.0].qasm,Quratest_5,0.02666652565586467,0.06746136310250184,0.02665151948143051,0.06710990339853168,0.0,0.012883749537240696,1.0000000000000098,0.9560216463609075,0.029985590223591048,0.04463402772359105,False,False,False,False,False,False,False,False,True,False
vqe_6_Mutant_Add_rxx_P21_Q0_[0.0].qasm,PureState_6,0.0073710768638038555,0.24393408965452296,0.007371002443323645,0.2061276369538951,0.0,0.018790324770453812,1.0000000000000107,0.9695705370063156,0.008035540311348306,0.0002652409386516945,False,False,False,False,False,False,False,False,False,False
vqe_6_Mutant_Add_rxx_P21_Q0_[0.0].qasm,Quratest_6,0.028171553051741224,0.16154747608247091,0.02611051768757442,0.1500095091537854,0.0,0.026610795423741618,1.0000000000000129,0.9585048162293556,0.012425972200174884,0.048558784700174884,False,False,False,False,False,False,False,False,True,False
vqe_6_Mutant_Add_rxx_P21_Q0_[0.0].qasm,PureState_7,0.003730081574755221,0.22642234946562426,0.003730052736825632,0.19002045087820155,0.0,0.018801597703077134,1.0000000000000102,0.9710414645560979,0.004921639146742332,0.03373023289674233,False,False,False,False,False,False,False,False,False,False
vqe_6_Mutant_Add_rxx_P21_Q0_[0.0].qasm,Quratest_7,0.027735781489076284,0.1744031261445085,0.025418708495050457,0.15597866882910957,0.0,0.015532842023919517,1.000000000000011,0.9712792659817552,0.025292895921867398,0.0455078853281326,False,False,False,False,False,False,False,False,True,False
vqe_6_Mutant_Add_rxx_P21_Q0_[0.0].qasm,PureState_8,0.007948597273217175,0.2586826877138165,0.007938238481701127,0.21854862582210055,0.0,0.032815574196129994,1.000000000000011,0.9641954036166349,0.0016238327753108073,0.06803008277531081,False,False,False,False,False,False,False,False,False,True
vqe_6_Mutant_Add_rxx_P21_Q0_[0.0].qasm,Quratest_8,0.03059583453052352,0.12624417478385547,0.029511159396843633,0.12032191984093915,0.0,0.017351873084439116,1.000000000000011,0.9540148069635142,0.0019076363125808682,0.04350251993741913,False,False,False,False,False,False,False,False,False,False
vqe_6_Mutant_Add_rxx_P21_Q0_[0.0].qasm,PureState_9,0.009083035864835881,0.19772125664678222,0.009075210870511689,0.16824963296792336,0.0,0.02303233223188699,1.0000000000000089,0.9716641516361894,0.03678731413215557,0.04313497038215557,False,False,False,False,False,False,False,False,True,False
vqe_6_Mutant_Add_rxx_P21_Q0_[0.0].qasm,Quratest_9,0.025858372517730748,0.14046725346775377,0.025193984385617048,0.12491519358125587,0.0,0.01980532979988714,1.000000000000012,0.9562045448635538,0.00019193322626903653,0.06279634802373096,False,False,False,False,False,False,False,False,False,True
vqe_6_Mutant_Add_rxx_P21_Q0_[0.0].qasm,PureState_10,0.011054773784705835,0.25171297521920116,0.011017611332706623,0.21248199108551427,0.0,0.02308050472339935,1.000000000000011,0.9709655240037903,0.015986191125957023,0.012822402624042977,False,False,False,False,False,False,False,False,True,False
vqe_6_Mutant_Add_rxx_P21_Q0_[0.0].qasm,Quratest_10,0.024951828298993804,0.09082719757461256,0.024617641208880593,0.08860617471475501,0.0,0.011172058238901697,1.000000000000011,0.967035577581068,0.015478447399372375,0.08706061510062763,False,False,False,False,False,False,False,False,True,True
vqe_6_Mutant_Add_rxx_P21_Q0_[0.0].qasm,PureState_11,0.016233946709731016,0.23174343365914996,0.016214046420072455,0.19617139606072231,0.0,0.019528831189027825,1.0000000000000115,0.9684955500160732,0.020146603697443886,0.004755740052556114,False,False,False,False,False,False,False,False,True,False
vqe_6_Mutant_Add_rxx_P21_Q0_[0.0].qasm,Quratest_11,0.025278386848590153,0.1980117593837735,0.023661585444044498,0.1713546379012702,0.0,0.017914117934978102,1.000000000000011,0.9597330055531686,0.0016266410811671544,0.034017890168832846,False,False,False,False,False,False,False,False,False,False
vqe_6_Mutant_Add_rxx_P21_Q0_[0.0].qasm,PureState_12,0.004334222861218757,0.250171572161474,0.004334204957169109,0.21053187556998795,0.0,0.01937445297613561,1.0000000000000124,0.9779851466034857,0.00343227251334155,0.03956508501334155,False,False,False,False,False,False,False,False,False,False
vqe_6_Mutant_Add_rxx_P21_Q0_[0.0].qasm,Quratest_12,0.03210150178645451,0.11583221397695419,0.03157514181562513,0.11137803112202661,0.0,0.014559040891556043,1.000000000000011,0.9624608107313786,0.009071688705426517,0.14620174879457348,False,False,False,False,False,False,False,False,False,True
vqe_6_Mutant_Add_rxx_P21_Q0_[0.0].qasm,PureState_13,0.004597038544848874,0.24323067383301794,0.004595718962472047,0.204942561253844,0.0,0.020607719313316182,1.000000000000011,0.9766209322258809,0.030042805648908155,0.08277718064890816,False,False,False,False,False,False,False,False,True,True
vqe_6_Mutant_Add_rxx_P21_Q0_[0.0].qasm,Quratest_13,0.029672284197820514,0.11422152224196824,0.02906535168115151,0.10990546315198559,0.0,0.0228188792418452,1.000000000000012,0.955959405035164,0.0038297033493064347,0.11628748415069357,False,False,False,False,False,False,False,False,False,True
vqe_6_Mutant_Add_rxx_P21_Q0_[0.0].qasm,PureState_14,0.008075614690355476,0.24303369111089812,0.00807552119513491,0.20510583323223122,0.0,0.022717943188570507,1.000000000000011,0.9712897820642358,0.011983991328152754,0.009012102421847246,False,False,False,False,False,False,False,False,True,False
vqe_6_Mutant_Add_rxx_P21_Q0_[0.0].qasm,Quratest_14,0.028776088364262965,0.15223388765165838,0.0268116471275382,0.14533911102276903,0.0,0.02101187322359566,1.0000000000000102,0.9567021156182255,0.007717113298357892,0.1849632070483579,False,False,False,False,False,False,False,False,False,True
vqe_6_Mutant_Add_rxx_P21_Q0_[0.0].qasm,PureState_15,0.013523274015158016,0.23587955673223485,0.01351942756148311,0.20063118708930203,0.0,0.018377143076704103,1.0000000000000115,0.9697525334849412,0.006124633160333032,0.020773070660333032,False,False,False,False,False,False,False,False,False,False
vqe_6_Mutant_Add_rxx_P21_Q0_[0.0].qasm,Quratest_15,0.027550517689594854,0.1587731801678281,0.02638883390407334,0.14607971489099172,0.0,0.028254643326954217,1.0000000000000133,0.9556135708410125,0.011988504194499372,0.11935915205550063,False,False,False,False,False,False,False,False,True,True
vqe_6_Mutant_Add_rxx_P21_Q0_[0.0].qasm,PureState_16,0.010490113157077085,0.255561892307776,0.010471392004550086,0.216817669809701,0.0,0.020593041365812855,1.000000000000011,0.9696750983999433,0.013226361319912935,0.0019103574300870646,False,False,False,False,False,False,False,False,True,False
vqe_6_Mutant_Add_rxx_P21_Q0_[0.0].qasm,Quratest_16,0.02791880993030427,0.09480215033302741,0.027019547718115766,0.0912074727035447,0.0,0.011391867248580628,1.000000000000011,0.9651281970922362,0.018066999158001446,0.018065813341998554,False,False,False,False,False,False,False,False,True,False
vqe_6_Mutant_Add_rxx_P21_Q0_[0.0].qasm,PureState_17,0.0,0.2802387858068146,0.0,0.23532958858375094,0.0,0.022518641045817564,1.000000000000012,0.9774811566369692,1.8579640004290354e-07,0.29540997045359996,False,False,False,False,False,False,False,False,False,True
vqe_6_Mutant_Add_rxx_P21_Q0_[0.0].qasm,Quratest_17,0.03444569191950167,0.12510426450307743,0.03207867245407425,0.11848504861599407,0.0,0.014303527857285368,1.0000000000000115,0.9677692356720994,0.004743798440353553,0.11049057655964645,False,False,False,False,False,False,False,False,False,True
vqe_6_Mutant_Add_rxx_P21_Q0_[0.0].qasm,PureState_18,0.009223025732736291,0.22755980769586012,0.009220297858856613,0.19227677390731168,0.0,0.033583813439168664,1.0000000000000115,0.964311103057946,0.013240397819089145,0.13666194593091086,False,False,False,False,False,False,False,False,True,True
vqe_6_Mutant_Add_rxx_P21_Q0_[0.0].qasm,Quratest_18,0.02026011776773812,0.155349903606979,0.020234020185215654,0.13479103179794133,0.0,0.01302778617653665,1.0000000000000115,0.9620981048777545,0.0016389957736544364,0.008474933273654436,False,False,False,False,False,False,False,False,False,False
vqe_6_Mutant_Add_rxx_P21_Q0_[0.0].qasm,PureState_19,0.006569848330964005,0.26439158448328587,0.0065646320582817205,0.22938046043313157,0.0,0.02463377797332614,1.000000000000012,0.9718123177063919,0.006665776434395407,0.020337651434395407,False,False,False,False,False,False,False,False,False,False
vqe_6_Mutant_Add_rxx_P21_Q0_[0.0].qasm,Quratest_19,0.032891979053214275,0.11986113181276305,0.03135608782059478,0.11650795418296651,0.0,0.017558501482313638,1.0000000000000102,0.9576792825011021,0.014460964484025007,0.03924997301597499,False,False,False,False,False,False,False,False,True,False
vqe_6_Mutant_Add_rxx_P21_Q0_[0.0].qasm,PureState_20,0.009739824009361896,0.23090923629963112,0.00973664653354243,0.19502329331470558,0.0,0.018405366031644242,1.000000000000012,0.9696437919585942,0.0018260562577355408,0.00891613124226446,False,False,False,False,False,False,False,False,False,False
vqe_6_Mutant_Add_rxx_P21_Q0_[0.0].qasm,Quratest_20,0.032377633284527786,0.10794263642400763,0.031094724236447064,0.10355822369891189,0.0,0.014078792884905522,1.0000000000000124,0.9647007559560585,0.018693668157403115,0.07631085565740311,False,False,False,False,False,False,False,False,True,True
vqe_6_Mutant_Add_rxx_P21_Q0_[0.0].qasm,PureState_21,0.008136820777624246,0.2408932277893646,0.008127697450235633,0.203288899657306,0.0,0.01941442003770244,1.0000000000000107,0.9689429232107383,0.004755721058119743,0.028447403941880257,False,False,False,False,False,False,False,False,False,False
vqe_6_Mutant_Add_rxx_P21_Q0_[0.0].qasm,Quratest_21,0.03221637786123334,0.12002663394294952,0.03146517663145841,0.11072426870107313,0.0,0.011664204174722758,1.000000000000011,0.9660937531392138,0.008916388956751703,0.028935920206751703,False,False,False,False,False,False,False,False,False,False
vqe_6_Mutant_Add_rxx_P21_Q0_[0.0].qasm,PureState_22,0.006425713818765923,0.24706879629708356,0.006425648920721114,0.20823871756993054,0.0,0.020868620258057503,1.000000000000011,0.9764777840519775,0.008315041098719556,0.030775978598719556,False,False,False,False,False,False,False,False,False,False
vqe_6_Mutant_Add_rxx_P21_Q0_[0.0].qasm,Quratest_22,0.028383637333547467,0.11218269943382407,0.028098802268343673,0.1087033471568014,0.0,0.013270807354590828,1.0000000000000133,0.9602698111898307,0.004353407820789246,0.07124793907078925,False,False,False,False,False,False,False,False,False,True
vqe_6_Mutant_Add_rxx_P21_Q0_[0.0].qasm,PureState_23,0.012446435020478087,0.24011536414166987,0.011809430773001563,0.20392683460641317,0.0,0.01868178091518241,1.000000000000011,0.969448531271041,0.015890262797020972,0.00022301845297902773,False,False,False,False,False,False,False,False,True,False
vqe_6_Mutant_Add_rxx_P21_Q0_[0.0].qasm,Quratest_23,0.025381241424687274,0.12464806426742575,0.024668706391629318,0.11730107529445441,0.0,0.011763137031911123,1.0000000000000107,0.972385035532322,0.003946086891788103,0.0673429756082119,False,False,False,False,False,False,False,False,False,True
vqe_6_Mutant_Add_rxx_P21_Q0_[0.0].qasm,PureState_24,0.0035748748461154898,0.22538125036383355,0.0035748333428555702,0.18981662366070545,0.0,0.02076598732351173,1.0000000000000093,0.9776290568237562,0.012334982717127074,0.17272361103287293,False,False,False,False,False,False,False,False,True,True
vqe_6_Mutant_Add_rxx_P21_Q0_[0.0].qasm,Quratest_24,0.03198864235502778,0.08840429397264926,0.030465095957497048,0.08680616590348757,0.0,0.014782711907591783,1.0000000000000089,0.9681301019994796,0.005109380193118601,0.0422187551931186,False,False,False,False,False,False,False,False,False,False
vqe_6_Mutant_Add_rxx_P21_Q0_[0.0].qasm,PureState_25,0.007231126030012158,0.25539785622641703,0.007228990002087445,0.21580146633855418,0.0,0.03383956775417613,1.000000000000012,0.9632164787425833,0.028550901565635944,0.029554567184364056,False,False,False,False,False,False,False,False,True,False
vqe_6_Mutant_Add_rxx_P21_Q0_[0.0].qasm,Quratest_25,0.02785086214344114,0.09720868728749722,0.026927571801343222,0.09466883388582302,0.0,0.026510422519302503,1.000000000000011,0.951176959054343,0.00244486475698813,0.06103861475698813,False,False,False,False,False,False,False,False,False,True
vqe_6_Mutant_Add_rxx_P21_Q0_[0.0].qasm,PureState_26,0.0068697014376705775,0.2552159152559731,0.006868753619722757,0.21475902647931988,0.0,0.032015247476266176,1.000000000000011,0.9652100901101146,0.0034322729015923703,0.03858852290159237,False,False,False,False,False,False,False,False,False,False
vqe_6_Mutant_Add_rxx_P21_Q0_[0.0].qasm,Quratest_26,0.03294044027178782,0.12825091654314366,0.031232524296785552,0.12367127315223242,0.0,0.024526578415796772,1.000000000000011,0.9568049541834592,0.016297960077736873,0.08807530382773687,False,False,False,False,False,False,False,False,True,True
vqe_6_Mutant_Add_rxx_P21_Q0_[0.0].qasm,PureState_27,0.007048691610475475,0.22147283556976094,0.007048559595653668,0.1868904287190709,0.0,0.021088882507196115,1.000000000000011,0.9770742861484899,0.013240398299943612,0.1371502267000564,False,False,False,False,False,False,False,False,True,True
vqe_6_Mutant_Add_rxx_P21_Q0_[0.0].qasm,Quratest_27,0.029347467535305257,0.10262805030225197,0.029332909097610424,0.09791604552208032,0.0,0.013561339730924523,1.000000000000012,0.9614823064427254,0.002266328387132227,0.002128202862867773,False,False,False,False,False,False,False,False,False,False
vqe_6_Mutant_Add_rxx_P21_Q0_[0.0].qasm,PureState_28,0.011576581959968274,0.24207985688953598,0.01088973000864125,0.20616522416475502,0.0,0.022640025844405554,1.0000000000000115,0.9711675593730574,0.011941768933099905,0.018819949816900095,False,False,False,False,False,False,False,False,True,False
vqe_6_Mutant_Add_rxx_P21_Q0_[0.0].qasm,Quratest_28,0.030962466786108714,0.10602367015246943,0.030118450433363492,0.09871976237336763,0.0,0.009345977462853414,1.000000000000011,0.9665491123800342,0.020242016047910955,0.030539233952089045,False,False,False,False,False,False,False,False,True,False
vqe_6_Mutant_Add_rxx_P21_Q0_[0.0].qasm,PureState_29,0.008409548017814534,0.1989226741318084,0.0084081127194552,0.16982210326456715,0.0,0.02220138575414506,1.000000000000012,0.9725154748802638,0.03678731843443657,0.05290059968443657,False,False,False,False,False,False,False,False,True,True
vqe_6_Mutant_Add_rxx_P21_Q0_[0.0].qasm,Quratest_29,0.02761801884167432,0.11362755917943017,0.027301241836934463,0.10648618024807381,0.0,0.01214172575628043,1.0000000000000124,0.965979511226963,0.014714140811852447,0.023014922061852447,False,False,False,False,False,False,False,False,True,False
vqe_6_Mutant_Add_rxx_P21_Q0_[0.0].qasm,PureState_30,0.015171833104626125,0.2425162487406535,0.01411922397709118,0.20643905635619936,0.0,0.02233664777593658,1.0000000000000115,0.9714720758026941,0.005636352387666816,0.00022302261233318396,False,False,False,False,False,False,False,False,False,False
vqe_6_Mutant_Add_rxx_P21_Q0_[0.0].qasm,Quratest_30,0.026721002422634102,0.10855642552822252,0.026417329037208143,0.10451682159803025,0.0,0.011885700899406383,1.0000000000000115,0.9608477724108285,0.0014324014345792405,0.01217458893457924,False,False,False,False,False,False,False,False,False,False
vqe_6_Mutant_Add_rxx_P21_Q0_[0.0].qasm,PureState_31,0.010643765704872497,0.26208402652013746,0.01064021496240546,0.22220431363741572,0.0,0.023919736050926902,1.000000000000012,0.972000552251654,0.002398639316936721,0.004840045566936721,False,False,False,False,False,False,False,False,False,False
vqe_6_Mutant_Add_rxx_P21_Q0_[0.0].qasm,Quratest_31,0.02687120306076325,0.08485908948945796,0.026567778784110204,0.08295630969005496,0.0,0.009039289863595942,1.000000000000011,0.9689072726726599,0.0073900932936386,0.0951489692063614,False,False,False,False,False,False,False,False,False,True
vqe_6_Mutant_Add_h_P2_Q2_[].qasm,PureState_0,0.008861722363548142,0.2465919581881467,0.008858619874363455,0.21148646077403951,1.8511846770689192e-19,0.019418234243981362,1.000000000000011,0.9781873768160875,0.022863314928994627,0.10391800242899463,False,False,False,False,False,False,False,False,True,True
vqe_6_Mutant_Add_h_P2_Q2_[].qasm,Quratest_0,0.033321015205923635,0.1377567651798348,0.02989111324190636,0.12836814702471253,1.1782133005100752e-16,0.015805243238525505,1.0000000000000115,0.9707747334356246,0.002907858240559419,0.02931870425944058,False,False,False,False,False,False,False,False,False,False
vqe_6_Mutant_Add_h_P2_Q2_[].qasm,PureState_1,0.0,0.2909144579708244,0.0,0.244455458431338,3.5524102237243615e-20,0.034864142295201,1.000000000000011,0.9651352392914001,1.993538863986899e-07,0.2846677693961136,False,False,False,False,False,False,False,False,False,True
vqe_6_Mutant_Add_h_P2_Q2_[].qasm,Quratest_1,0.03075697237559741,0.10254409241963942,0.030193159881636598,0.0996522827468157,2.0912565841350872e-16,0.019405666134706442,1.0000000000000107,0.9561936486964153,0.03574980717969689,0.07774199467969689,False,False,False,False,False,False,False,False,True,True
vqe_6_Mutant_Add_h_P2_Q2_[].qasm,PureState_2,0.0,0.2919456626114837,0.0,0.2453378930918871,3.5760700615415794e-20,0.03335184940080224,1.000000000000011,0.9666477096415681,1.8531608814154055e-07,0.29833965843391186,False,False,False,False,False,False,False,False,False,True
vqe_6_Mutant_Add_h_P2_Q2_[].qasm,Quratest_2,0.032639362724854015,0.1116991428442179,0.031860267778771996,0.1051088945318374,2.1038710223020719e-16,0.020609817806465265,1.000000000000011,0.955440684561101,0.013764399641357034,0.033110600358642966,False,False,False,False,False,False,False,False,True,False
vqe_6_Mutant_Add_h_P2_Q2_[].qasm,PureState_3,0.011150325677380954,0.24897768945586962,0.011140904528577867,0.2101828198073123,1.4341877663949967e-17,0.02038235696917537,1.000000000000011,0.9772026265225863,0.0032589661257649283,0.06998322137423507,False,False,False,False,False,False,False,False,False,True
vqe_6_Mutant_Add_h_P2_Q2_[].qasm,Quratest_3,0.029613374753903642,0.11577285234787159,0.02769635331881817,0.10851840847037225,1.677203522166197e-16,0.012636680990387618,1.000000000000011,0.9671820530343658,0.00926835221395439,0.12401444596395439,False,False,False,False,False,False,False,False,False,True
vqe_6_Mutant_Add_h_P2_Q2_[].qasm,PureState_4,0.0,0.2837062927225306,0.0,0.2382918008596397,3.4786457692697745e-20,0.02209032206850322,1.0000000000000115,0.9779093302961868,1.988763883575828e-07,0.28564433237361164,False,False,False,False,False,False,False,False,False,True
vqe_6_Mutant_Add_h_P2_Q2_[].qasm,Quratest_4,0.028073056839609974,0.07034797514000998,0.02806538502188732,0.06877344955353595,2.317888719502448e-16,0.013795962150510124,1.000000000000011,0.9591444561130639,4.8547264831833026e-05,0.021435827735168167,False,False,False,False,False,False,False,False,False,False
vqe_6_Mutant_Add_h_P2_Q2_[].qasm,PureState_5,0.004688743122942671,0.22856958735424399,0.004688395873008276,0.19303785760031175,1.5272710362368648e-16,0.031197502677409332,1.000000000000011,0.9670382246768998,0.013240354043680402,0.1410565209563196,False,False,False,False,False,False,False,False,True,True
vqe_6_Mutant_Add_h_P2_Q2_[].qasm,Quratest_5,0.0285659619198713,0.06673948013483093,0.02852306907524356,0.06617678930439301,1.4663834382866447e-16,0.012060410942772659,1.000000000000011,0.9579606900744173,0.029985590223591048,0.04463402772359105,False,False,False,False,False,False,False,False,True,False
vqe_6_Mutant_Add_h_P2_Q2_[].qasm,PureState_6,0.01179804380900998,0.2466796660968671,0.011796823897078729,0.20766512505010995,1.2238338138978242e-16,0.01771418722800743,1.0000000000000115,0.9708975511104,0.008035540311348306,0.00022304031134830551,False,False,False,False,False,False,False,False,False,False
vqe_6_Mutant_Add_h_P2_Q2_[].qasm,Quratest_6,0.028912388095319073,0.15492229834061233,0.026378359901383864,0.1443022572326293,1.1585139611349003e-16,0.02527414296157731,1.0000000000000124,0.9604227300641497,0.012425972200174884,0.048558784700174884,False,False,False,False,False,False,False,False,True,False
vqe_6_Mutant_Add_h_P2_Q2_[].qasm,PureState_7,0.006592169891084491,0.22369466722514764,0.006592050470661326,0.1880706283595353,1.6660092197799251e-16,0.01787662175337063,1.000000000000011,0.9723470982290227,0.004921639146742332,0.03177710789674233,False,False,False,False,False,False,False,False,False,False
vqe_6_Mutant_Add_h_P2_Q2_[].qasm,Quratest_7,0.02873979283267483,0.17697241933028285,0.02700597406797701,0.1582674901406711,2.316523579975193e-16,0.01428711465798078,1.0000000000000107,0.9730462679783731,0.025292895921867398,0.0420899165781326,False,False,False,False,False,False,False,False,True,False
vqe_6_Mutant_Add_h_P2_Q2_[].qasm,PureState_8,0.011945545426466966,0.25144465632199475,0.011941689982778931,0.21219814758625016,1.8900658531287326e-17,0.031200200385940364,1.000000000000011,0.966247749452327,0.0016238327753108073,0.06607695777531081,False,False,False,False,False,False,False,False,False,True
vqe_6_Mutant_Add_h_P2_Q2_[].qasm,Quratest_8,0.03107042763402374,0.12514081466918153,0.029280305924175305,0.11911447556111511,2.1256461217936118e-16,0.016876604935806814,1.0000000000000107,0.9558246151531959,0.0019076363125808682,0.04154939493741913,False,False,False,False,False,False,False,False,False,False
vqe_6_Mutant_Add_h_P2_Q2_[].qasm,PureState_9,0.010284209032651145,0.20541186311893345,0.01027920875754646,0.17480828256397732,1.8220668336182638e-16,0.021972432830117242,1.0000000000000089,0.97310928728754,0.03678731413215557,0.04264668913215557,False,False,False,False,False,False,False,False,True,False
vqe_6_Mutant_Add_h_P2_Q2_[].qasm,Quratest_9,0.027654033445135905,0.13441924570464972,0.0270160648969788,0.11916682354960838,6.011393487762025e-17,0.01850126675387242,1.0000000000000107,0.957804728252498,0.00019193322626903653,0.06377291052373096,False,False,False,False,False,False,False,False,False,True
vqe_6_Mutant_Add_h_P2_Q2_[].qasm,PureState_10,0.010439873856012229,0.24113051322247367,0.010434644350219428,0.20293567966759324,6.197196448258987e-17,0.02170536125437674,1.0000000000000107,0.972630364878648,0.015986191125957023,0.013798965124042977,False,False,False,False,False,False,False,False,True,False
vqe_6_Mutant_Add_h_P2_Q2_[].qasm,Quratest_10,0.02467122857592718,0.09634393903101597,0.024312818862475813,0.09372236748690155,2.4002033813166207e-16,0.010457486587986143,1.000000000000011,0.9690536599482924,0.015478447399372375,0.08510749010062763,False,False,False,False,False,False,False,False,True,True
vqe_6_Mutant_Add_h_P2_Q2_[].qasm,PureState_11,0.008569358257217963,0.238821524823236,0.00856653471600913,0.2017594730327613,1.1131265112457284e-16,0.018237076310603485,1.000000000000011,0.9702517291337113,0.020146603697443886,0.006220583802556114,False,False,False,False,False,False,False,False,True,False
vqe_6_Mutant_Add_h_P2_Q2_[].qasm,Quratest_11,0.02712920000270649,0.19785772305055288,0.026205217156364882,0.17156124478417437,2.9195940294542856e-16,0.016777517349952066,1.000000000000011,0.9613147653480413,0.0016266410811671544,0.033041327668832846,False,False,False,False,False,False,False,False,False,False
vqe_6_Mutant_Add_h_P2_Q2_[].qasm,PureState_12,0.004370622227670919,0.25010459718966516,0.004370389361714725,0.21081465970807273,1.665569448183269e-16,0.018033236493734704,1.0000000000000124,0.9796665946443797,0.00343227251334155,0.03712367876334155,False,False,False,False,False,False,False,False,False,False
vqe_6_Mutant_Add_h_P2_Q2_[].qasm,Quratest_12,0.028186667833238713,0.11152065241016225,0.02815788385534404,0.10775756343944662,1.4032964243751445e-16,0.013975856425680735,1.0000000000000115,0.9644549242967675,0.009071688705426517,0.14717831129457348,False,False,False,False,False,False,False,False,False,True
vqe_6_Mutant_Add_h_P2_Q2_[].qasm,PureState_13,0.006936748147385259,0.2379825401019278,0.006936325975428781,0.2006410617964162,9.065826004396578e-17,0.019283841393230444,1.000000000000011,0.9782781393115316,0.030042805648908155,0.08082405564890816,False,False,False,False,False,False,False,False,True,True
vqe_6_Mutant_Add_h_P2_Q2_[].qasm,Quratest_13,0.02543290473555776,0.11315472896093558,0.025076150964645966,0.1084587302499732,1.6247108367874186e-16,0.021812108188615415,1.000000000000011,0.9582632933745142,0.0038297033493064347,0.11531092165069357,False,False,False,False,False,False,False,False,False,True
vqe_6_Mutant_Add_h_P2_Q2_[].qasm,PureState_14,0.009117008210620739,0.24492975802729605,0.009116807331863699,0.20640099963402533,4.342866439551981e-17,0.02167423136647266,1.0000000000000115,0.9726191490522111,0.011983991328152754,0.006570696171847246,False,False,False,False,False,False,False,False,True,False
vqe_6_Mutant_Add_h_P2_Q2_[].qasm,Quratest_14,0.027647733226922346,0.15948579340993263,0.02671777079131229,0.15124487031420913,1.4310283968055845e-16,0.020720272277213847,1.0000000000000107,0.9586248819736357,0.007717113298357892,0.1825218007983579,False,False,False,False,False,False,False,False,False,True
vqe_6_Mutant_Add_h_P2_Q2_[].qasm,PureState_15,0.015275802634514932,0.23347167152497791,0.013638873701493498,0.1980141559365499,9.980620258541878e-17,0.01723792581543397,1.0000000000000115,0.9711753720496354,0.006124633160333032,0.020284789410333032,False,False,False,False,False,False,False,False,False,False
vqe_6_Mutant_Add_h_P2_Q2_[].qasm,Quratest_15,0.03222751583562043,0.1560717647200533,0.030480810255421598,0.14439934636088148,1.7315153386890814e-16,0.026931248031293906,1.000000000000012,0.9574984083413337,0.011988504194499372,0.11740602705550063,False,False,False,False,False,False,False,False,True,True
vqe_6_Mutant_Add_h_P2_Q2_[].qasm,PureState_16,0.008316841595887078,0.25709352092552584,0.008299771240158148,0.2174723021634977,2.2296713853785363e-16,0.01883709096437295,1.0000000000000115,0.9715369337644462,0.013226361319912935,0.004840044930087065,False,False,False,False,False,False,False,False,True,False
vqe_6_Mutant_Add_h_P2_Q2_[].qasm,Quratest_16,0.02811122022110521,0.09843005895805951,0.02724559308922408,0.09428059132324416,1.264162792459153e-16,0.010455687585091916,1.000000000000011,0.9668752519258669,0.018066999158001446,0.019042375841998554,False,False,False,False,False,False,False,False,True,False
vqe_6_Mutant_Add_h_P2_Q2_[].qasm,PureState_17,0.0,0.28533161462902573,0.0,0.23968090577285944,5.505158510115324e-20,0.020558012384157994,1.000000000000012,0.9794417935226983,1.8579640004290354e-07,0.29199200170359996,False,False,False,False,False,False,False,False,False,True
vqe_6_Mutant_Add_h_P2_Q2_[].qasm,Quratest_17,0.03506848440362241,0.12811681802426103,0.03225759558747507,0.1206396579596582,7.761193489101703e-17,0.012719090426877824,1.0000000000000115,0.9698971850083524,0.004743798440353553,0.10902573280964645,False,False,False,False,False,False,False,False,False,True
vqe_6_Mutant_Add_h_P2_Q2_[].qasm,PureState_18,0.00639056166131199,0.2378208769470617,0.0063901425445423085,0.20072188933433183,5.242742554888098e-18,0.032677950024609645,1.000000000000012,0.9655251441487888,0.013240397819089145,0.13519710218091086,False,False,False,False,False,False,False,False,True,True
vqe_6_Mutant_Add_h_P2_Q2_[].qasm,Quratest_18,0.03137981366092775,0.16490621101187636,0.030801490864426725,0.14122089831563112,1.7109863702467404e-16,0.01209092884756582,1.0000000000000115,0.9639880880535856,0.0016389957736544364,0.007986652023654436,False,False,False,False,False,False,False,False,False,False
vqe_6_Mutant_Add_h_P2_Q2_[].qasm,PureState_19,0.006693906051971773,0.2684744558563158,0.006675073603860929,0.23259902779426697,1.6570516612210586e-18,0.0232409769637709,1.0000000000000115,0.9732160009813569,0.006665776434395407,0.020337651434395407,False,False,False,False,False,False,False,False,False,False
vqe_6_Mutant_Add_h_P2_Q2_[].qasm,Quratest_19,0.030400438358561356,0.11272424851697994,0.0288088254563447,0.10974500984297256,1.9282075063489627e-16,0.017019541822538314,1.0000000000000107,0.959991478893722,0.014460964484025007,0.03924997301597499,False,False,False,False,False,False,False,False,True,False
vqe_6_Mutant_Add_h_P2_Q2_[].qasm,PureState_20,0.007705903896344159,0.23148093550669369,0.0077019040911958676,0.19532523876697883,7.476570587552503e-17,0.01678723020388434,1.0000000000000115,0.9717249994868135,0.0018260562577355408,0.01135753749226446,False,False,False,False,False,False,False,False,False,False
vqe_6_Mutant_Add_h_P2_Q2_[].qasm,Quratest_20,0.026991933422395246,0.10853897204468123,0.02632541452012241,0.10409062073424842,2.0058841333813263e-16,0.012593106958566169,1.0000000000000129,0.9666059290438916,0.018693668157403115,0.08021710565740311,False,False,False,False,False,False,False,False,True,True
vqe_6_Mutant_Add_h_P2_Q2_[].qasm,PureState_21,0.005464994721472629,0.2430307415499833,0.005464814500334713,0.20448285851784603,1.2929081930422192e-16,0.01771329556848323,1.0000000000000102,0.9709271249241738,0.004755721058119743,0.026494278941880257,False,False,False,False,False,False,False,False,False,False
vqe_6_Mutant_Add_h_P2_Q2_[].qasm,Quratest_21,0.026247779802289366,0.12628628412875506,0.025324064363524534,0.1163085026526813,1.520322854301128e-16,0.010577252438207223,1.000000000000011,0.9677850009590215,0.008916388956751703,0.026982795206751703,False,False,False,False,False,False,False,False,False,False
vqe_6_Mutant_Add_h_P2_Q2_[].qasm,PureState_22,0.009050730868205282,0.246911776155816,0.009050438767803504,0.2077597440423167,1.7372200489839128e-17,0.019850183242002432,1.000000000000011,0.977831541541566,0.008315041098719556,0.035658791098719556,False,False,False,False,False,False,False,False,False,False
vqe_6_Mutant_Add_h_P2_Q2_[].qasm,Quratest_22,0.03488560594191784,0.1171183763752062,0.03413682243668905,0.11321034541896102,1.7799380947012416e-16,0.012340113010108816,1.0000000000000133,0.962469236593223,0.004353407820789246,0.06978309532078925,False,False,False,False,False,False,False,False,False,True
vqe_6_Mutant_Add_h_P2_Q2_[].qasm,PureState_23,0.011373815834601822,0.24069903877630974,0.01067518979042786,0.20453117313643707,4.300289739941214e-17,0.017222266164548507,1.0000000000000115,0.9711938178510283,0.015890262797020972,0.0016878622029790277,False,False,False,False,False,False,False,False,True,False
vqe_6_Mutant_Add_h_P2_Q2_[].qasm,Quratest_23,0.03116887500447976,0.1271263977747066,0.028585193682526468,0.11900514121646585,2.041836446827535e-16,0.010300577046740554,1.0000000000000115,0.9741170818308013,0.003946086891788103,0.0673429756082119,False,False,False,False,False,False,False,False,False,True
vqe_6_Mutant_Add_h_P2_Q2_[].qasm,PureState_24,0.0028408270153050252,0.2304803016053262,0.0028408214185150233,0.19408166317035225,4.1672633422595535e-17,0.019600264340606556,1.0000000000000098,0.9793619339461619,0.012334982717127074,0.17028220478287293,False,False,False,False,False,False,False,False,True,True
vqe_6_Mutant_Add_h_P2_Q2_[].qasm,Quratest_24,0.032983401665093094,0.09090865607306688,0.031014547858362104,0.08913451679776437,9.97917043731077e-17,0.013748277088096388,1.0000000000000089,0.9700144103567622,0.005109380193118601,0.0422187551931186,False,False,False,False,False,False,False,False,False,False
vqe_6_Mutant_Add_h_P2_Q2_[].qasm,PureState_25,0.0047230364691216485,0.2557848422029289,0.004722868051766829,0.2158488251760946,1.5355160730545512e-16,0.03221817201750804,1.0000000000000124,0.9651718169857443,0.028550901565635944,0.031507692184364056,False,False,False,False,False,False,False,False,True,False
vqe_6_Mutant_Add_h_P2_Q2_[].qasm,Quratest_25,0.025882961366492294,0.1047535978798197,0.025857863091870978,0.10195422224307343,1.893084755795471e-16,0.02585183319140979,1.000000000000011,0.9532386022953239,0.00244486475698813,0.06152689600698813,False,False,False,False,False,False,False,False,False,True
vqe_6_Mutant_Add_h_P2_Q2_[].qasm,PureState_26,0.004894331530666903,0.2649476497988789,0.004894295353428665,0.22332885786488627,2.0831413646605233e-17,0.03069155021624132,1.000000000000011,0.96686957402097,0.0034322729015923703,0.04054164790159237,False,False,False,False,False,False,False,False,False,False
vqe_6_Mutant_Add_h_P2_Q2_[].qasm,Quratest_26,0.029507190714139823,0.12612524523206448,0.028152813644906276,0.12142351015152375,1.2700157901246803e-16,0.02380964742224648,1.0000000000000115,0.9587385194847657,0.016297960077736873,0.08807530382773687,False,False,False,False,False,False,False,False,True,True
vqe_6_Mutant_Add_h_P2_Q2_[].qasm,PureState_27,0.003332014079717941,0.2126324323423175,0.0033320061511843708,0.17934834625497764,3.0360197775195295e-20,0.020171029869235864,1.0000000000000115,0.9783043956506885,0.013240398299943612,0.1347088204500564,False,False,False,False,False,False,False,False,True,True
vqe_6_Mutant_Add_h_P2_Q2_[].qasm,Quratest_27,0.028378587344989954,0.093795871129955,0.028351470940002076,0.08863917159796819,1.5923245320491504e-16,0.01300607009622255,1.000000000000012,0.963513165951244,0.002266328387132227,0.001639921612867773,False,False,False,False,False,False,False,False,False,False
vqe_6_Mutant_Add_h_P2_Q2_[].qasm,PureState_28,0.010748934665738378,0.2402222325926316,0.010008645565328643,0.20418790023274402,1.219119469645474e-16,0.021186488697384643,1.0000000000000115,0.9729159406358905,0.011941768933099905,0.019796512316900095,False,False,False,False,False,False,False,False,True,False
vqe_6_Mutant_Add_h_P2_Q2_[].qasm,Quratest_28,0.025838855069964813,0.0981507890070032,0.025818411087941924,0.09049962351855173,1.7838842094442626e-16,0.008661858515708451,1.000000000000011,0.9688246858504058,0.020242016047910955,0.030050952702089045,False,False,False,False,False,False,False,False,True,False
vqe_6_Mutant_Add_h_P2_Q2_[].qasm,PureState_29,0.007129187606812737,0.20135988333198737,0.007128865823329129,0.17147304042014702,1.6766869860635497e-16,0.02082501124999275,1.000000000000011,0.9742856596296576,0.03678731843443657,0.05290059968443657,False,False,False,False,False,False,False,False,True,True
vqe_6_Mutant_Add_h_P2_Q2_[].qasm,Quratest_29,0.02836185330140572,0.10933655079986829,0.028298668131824925,0.10236033414293436,2.2720044153540903e-16,0.010953857683659644,1.000000000000012,0.9681933945527105,0.014714140811852447,0.021061797061852447,False,False,False,False,False,False,False,False,True,False
vqe_6_Mutant_Add_h_P2_Q2_[].qasm,PureState_30,0.012057168119152509,0.2398837096550643,0.012002168677767756,0.20346616249139873,4.8707809310507515e-17,0.02120209611942156,1.000000000000011,0.9728974372225188,0.005636352387666816,0.00022302261233318396,False,False,False,False,False,False,False,False,False,False
vqe_6_Mutant_Add_h_P2_Q2_[].qasm,Quratest_30,0.03268258384393612,0.09381425192541412,0.03215406619924263,0.09001249055707396,1.4982394747573327e-16,0.011127178917738565,1.0000000000000129,0.9630139543276888,0.0014324014345792405,0.01266287018457924,False,False,False,False,False,False,False,False,False,False
vqe_6_Mutant_Add_h_P2_Q2_[].qasm,PureState_31,0.011018387185843541,0.26089360980380744,0.011009199340980807,0.22076923614485647,1.43170108170315e-16,0.022487271944528063,1.0000000000000115,0.9735430604073133,0.002398639316936721,0.005816608066936721,False,False,False,False,False,False,False,False,False,False
vqe_6_Mutant_Add_h_P2_Q2_[].qasm,Quratest_31,0.032540720666863435,0.08603243829501486,0.03222675296979561,0.08460297318458014,2.5884649241733615e-16,0.008517509334755818,1.000000000000012,0.9709508015856088,0.0073900932936386,0.0946606879563614,False,False,False,False,False,False,False,False,False,True
vqe_6_Mutant_Add_p_P0_Q0_[6.283185307179586].qasm,PureState_0,0.009982251518388753,0.250483655839361,0.009180445631800057,0.2148466012844601,0.0,0.019156827029893853,1.000000000000011,0.978452314421526,0.022863314928994627,0.10391800242899463,False,False,False,False,False,False,False,False,True,True
vqe_6_Mutant_Add_p_P0_Q0_[6.283185307179586].qasm,Quratest_0,0.023271323214154118,0.13566159015398266,0.02222618006415425,0.12692033212960147,7.42405320027081e-17,0.015688599463250994,1.0000000000000115,0.9712631847456454,0.002907858240559419,0.02931870425944058,False,False,False,False,False,False,False,False,False,False
vqe_6_Mutant_Add_p_P0_Q0_[6.283185307179586].qasm,PureState_1,0.0,0.2952072635046172,0.0,0.2481300460662435,0.0,0.034281693308975604,1.0000000000000102,0.9657176858436215,1.993538863986899e-07,0.2851560506461136,False,False,False,False,False,False,False,False,False,True
vqe_6_Mutant_Add_p_P0_Q0_[6.283185307179586].qasm,Quratest_1,0.029624981521637804,0.09792484662671344,0.02867332812898041,0.09570094495270268,1.584722411347543e-16,0.019143699339066678,1.0000000000000107,0.9568080612382185,0.03574980717969689,0.07920683842969689,False,False,False,False,False,False,False,False,True,True
vqe_6_Mutant_Add_p_P0_Q0_[6.283185307179586].qasm,PureState_2,0.0,0.29483599052171744,0.0,0.2478121266246859,0.0,0.033089944351333896,1.000000000000011,0.966909617433473,1.8531608814154055e-07,0.29785137718391186,False,False,False,False,False,False,False,False,False,True
vqe_6_Mutant_Add_p_P0_Q0_[6.283185307179586].qasm,Quratest_2,0.026386912001176925,0.11168999024811847,0.02514825622357139,0.10556990077586734,0.0,0.020496300110897002,1.0000000000000102,0.9559759530312097,0.013764399641357034,0.033110600358642966,False,False,False,False,False,False,False,False,True,False
vqe_6_Mutant_Add_p_P0_Q0_[6.283185307179586].qasm,PureState_3,0.004798367085096452,0.25072668867576803,0.004797733444893525,0.212118634862634,0.0,0.01980150746382757,1.000000000000011,0.9777924131973903,0.0032589661257649283,0.06705353387423507,False,False,False,False,False,False,False,False,False,True
vqe_6_Mutant_Add_p_P0_Q0_[6.283185307179586].qasm,Quratest_3,0.025202274662347868,0.11715982866057473,0.02421675420686893,0.10995485997543915,4.23466021813639e-17,0.012600175334430783,1.0000000000000115,0.967776945311094,0.00926835221395439,0.12401444596395439,False,False,False,False,False,False,False,False,False,True
vqe_6_Mutant_Add_p_P0_Q0_[6.283185307179586].qasm,PureState_4,0.0,0.2806258149795823,0.0,0.23566012860693253,0.0,0.02150016410377414,1.0000000000000115,0.9784994859630541,1.988763883575828e-07,0.28710917612361164,False,False,False,False,False,False,False,False,False,True
vqe_6_Mutant_Add_p_P0_Q0_[6.283185307179586].qasm,Quratest_4,0.028930541354759167,0.07345968898919698,0.02891842504138507,0.07170883865190404,2.237793284010081e-16,0.013722173640438574,1.000000000000011,0.9597670141119857,4.8547264831833026e-05,0.019970983985168167,False,False,False,False,False,False,False,False,False,False
vqe_6_Mutant_Add_p_P0_Q0_[6.283185307179586].qasm,PureState_5,0.0009725240509544955,0.2274051564507073,0.0009725230705849695,0.1915834183106122,0.0,0.030941099941965533,1.000000000000011,0.9673002382808032,0.013240354043680402,0.1425213647063196,False,False,False,False,False,False,False,False,True,True
vqe_6_Mutant_Add_p_P0_Q0_[6.283185307179586].qasm,Quratest_5,0.02944511829071135,0.0735570206384179,0.029431335917592442,0.07314713578834738,1.0676680893551005e-16,0.011973281719489151,1.000000000000011,0.9584901907621819,0.029985590223591048,0.04414574647359105,False,False,False,False,False,False,False,False,True,False
vqe_6_Mutant_Add_p_P0_Q0_[6.283185307179586].qasm,PureState_6,0.008438574123409903,0.24430415054540555,0.008438178692111439,0.2061036569439136,0.0,0.017153333011203947,1.0000000000000107,0.9714835085894228,0.008035540311348306,0.0012418034386516945,False,False,False,False,False,False,False,False,False,False
vqe_6_Mutant_Add_p_P0_Q0_[6.283185307179586].qasm,Quratest_6,0.027909512883810196,0.1560980402423091,0.025268327251644254,0.14380895871103894,0.0,0.025068833707431182,1.0000000000000129,0.9607117882575621,0.012425972200174884,0.048070503450174884,False,False,False,False,False,False,False,False,True,False
vqe_6_Mutant_Add_p_P0_Q0_[6.283185307179586].qasm,PureState_7,0.004237782604442244,0.22462960244456895,0.004237755882153262,0.18845160867960462,0.0,0.017303162782023825,1.0000000000000102,0.9729340047270769,0.004921639146742332,0.03275367039674233,False,False,False,False,False,False,False,False,False,False
vqe_6_Mutant_Add_p_P0_Q0_[6.283185307179586].qasm,Quratest_7,0.028734616078614925,0.1759062834365078,0.02702953757039076,0.15695002214071924,5.00791770462385e-19,0.01375262820670857,1.0000000000000115,0.9736296148669477,0.025292895921867398,0.0440430415781326,False,False,False,False,False,False,False,False,True,False
vqe_6_Mutant_Add_p_P0_Q0_[6.283185307179586].qasm,PureState_8,0.004730829022688688,0.2528256684209303,0.004730524950501635,0.21360639372553467,0.0,0.03094228701421462,1.000000000000011,0.966509605983132,0.0016238327753108073,0.06705352027531081,False,False,False,False,False,False,False,False,False,True
vqe_6_Mutant_Add_p_P0_Q0_[6.283185307179586].qasm,Quratest_8,0.03570155326180685,0.12444501637910238,0.03472416306539442,0.11836704061526715,1.2664836627346299e-16,0.016597529455693632,1.000000000000011,0.9564577843498838,0.0019076363125808682,0.04399080118741913,False,False,False,False,False,False,False,False,False,False
vqe_6_Mutant_Add_p_P0_Q0_[6.283185307179586].qasm,PureState_9,0.006240269161216659,0.20137173670920366,0.006239872723120184,0.17088374151951996,0.0,0.021399748362747804,1.0000000000000089,0.9736965226742529,0.03678731413215557,0.04167012663215557,False,False,False,False,False,False,False,False,True,False
vqe_6_Mutant_Add_p_P0_Q0_[6.283185307179586].qasm,Quratest_9,0.028716164926333568,0.1325017755895644,0.027288634590812735,0.11712459293233053,2.3576046277045783e-16,0.018503231940878908,1.000000000000012,0.9581632473103366,0.00019193322626903653,0.06377291052373096,False,False,False,False,False,False,False,False,False,True
vqe_6_Mutant_Add_p_P0_Q0_[6.283185307179586].qasm,PureState_10,0.012341103716029056,0.24864734048390913,0.01233783591729049,0.2094462513605011,0.0,0.021123996677437466,1.000000000000011,0.9732173837429328,0.015986191125957023,0.014287246374042977,False,False,False,False,False,False,False,False,True,False
vqe_6_Mutant_Add_p_P0_Q0_[6.283185307179586].qasm,Quratest_10,0.027319594016810615,0.08998276373726909,0.027008426212046976,0.08733120098052795,1.2472898961498474e-16,0.010273858273835168,1.000000000000011,0.9696991339153505,0.015478447399372375,0.08754889635062763,False,False,False,False,False,False,False,False,True,True
vqe_6_Mutant_Add_p_P0_Q0_[6.283185307179586].qasm,PureState_11,0.010910044307310277,0.23529102275755723,0.010898481623653847,0.19869680422702618,0.0,0.01765444938191582,1.0000000000000115,0.9708372969452443,0.020146603697443886,0.005244021302556114,False,False,False,False,False,False,False,False,True,False
vqe_6_Mutant_Add_p_P0_Q0_[6.283185307179586].qasm,Quratest_11,0.022424692462291333,0.1987515434976241,0.02133044509107529,0.17265056925169964,0.0,0.01636794506222595,1.000000000000011,0.9619529774784081,0.0016266410811671544,0.034506171418832846,False,False,False,False,False,False,False,False,False,False
vqe_6_Mutant_Add_p_P0_Q0_[6.283185307179586].qasm,PureState_12,0.001874740307324495,0.24486519404926327,0.0018747389463472748,0.2060674323068925,0.0,0.01777122350782398,1.0000000000000124,0.9799320877869382,0.00343227251334155,0.03761196001334155,False,False,False,False,False,False,False,False,False,False
vqe_6_Mutant_Add_p_P0_Q0_[6.283185307179586].qasm,Quratest_12,0.031197835718890416,0.11170378103140895,0.030671940097198997,0.10792236481999888,1.0299920638612292e-16,0.013856203513611581,1.0000000000000107,0.9650781184765207,0.009071688705426517,0.14766659254457348,False,False,False,False,False,False,False,False,False,True
vqe_6_Mutant_Add_p_P0_Q0_[6.283185307179586].qasm,PureState_13,0.003922824398641293,0.23897665866472165,0.003922558975584038,0.20114380352037972,0.0,0.018702823314672462,1.000000000000011,0.9788685431551598,0.030042805648908155,0.08131233689890816,False,False,False,False,False,False,False,False,True,True
vqe_6_Mutant_Add_p_P0_Q0_[6.283185307179586].qasm,Quratest_13,0.03099476793398649,0.12084478743436676,0.029698678941895606,0.11604566429212629,1.7939141383309376e-16,0.021757227358852403,1.0000000000000115,0.9585558331085763,0.0038297033493064347,0.11531092165069357,False,False,False,False,False,False,False,False,False,True
vqe_6_Mutant_Add_p_P0_Q0_[6.283185307179586].qasm,PureState_14,0.009962749357778956,0.24630984201421532,0.009962535526077392,0.20745187428379738,0.0,0.02109472402119434,1.000000000000011,0.9732061457239859,0.011983991328152754,0.008523821171847246,False,False,False,False,False,False,False,False,True,False
vqe_6_Mutant_Add_p_P0_Q0_[6.283185307179586].qasm,Quratest_14,0.025653791225686725,0.15503882873403987,0.024357495492929315,0.1478100939984671,1.2355109264281657e-16,0.02028416249574652,1.0000000000000102,0.9592032963243233,0.007717113298357892,0.1815452382983579,False,False,False,False,False,False,False,False,False,True
vqe_6_Mutant_Add_p_P0_Q0_[6.283185307179586].qasm,PureState_15,0.011131626215800959,0.23521808899051208,0.010419437730100834,0.19981547573369254,0.0,0.016655312314795973,1.0000000000000115,0.9717615126945062,0.006124633160333032,0.020284789410333032,False,False,False,False,False,False,False,False,False,False
vqe_6_Mutant_Add_p_P0_Q0_[6.283185307179586].qasm,Quratest_15,0.029414023347434745,0.1617239905678491,0.02829489055026318,0.14924165648534715,3.289823027576499e-17,0.02688235028621494,1.0000000000000129,0.9580874154597461,0.011988504194499372,0.11740602705550063,False,False,False,False,False,False,False,False,True,True
vqe_6_Mutant_Add_p_P0_Q0_[6.283185307179586].qasm,PureState_16,0.0066242852352216995,0.24856464110859566,0.006623211294747584,0.2102216871478071,0.0,0.018577186124758623,1.000000000000011,0.9718001386297099,0.013226361319912935,0.004840044930087065,False,False,False,False,False,False,False,False,True,False
vqe_6_Mutant_Add_p_P0_Q0_[6.283185307179586].qasm,Quratest_16,0.030998428665974263,0.09724696537638583,0.029444993811836902,0.09344809637314096,6.438636245258839e-17,0.010205870076946719,1.0000000000000107,0.9674374197517358,0.018066999158001446,0.019042375841998554,False,False,False,False,False,False,False,False,True,False
vqe_6_Mutant_Add_p_P0_Q0_[6.283185307179586].qasm,PureState_17,0.0,0.2809157966837102,0.0,0.23590780060890204,0.0,0.020292640864903386,1.000000000000012,0.9797071678854299,1.8579640004290354e-07,0.29101543920359996,False,False,False,False,False,False,False,False,False,True
vqe_6_Mutant_Add_p_P0_Q0_[6.283185307179586].qasm,Quratest_17,0.032159496984468135,0.11883242799530312,0.03091386413884777,0.11297695650232688,1.6703489719854803e-18,0.012701232393135066,1.0000000000000115,0.9701399280662953,0.004743798440353553,0.10951401405964645,False,False,False,False,False,False,False,False,False,True
vqe_6_Mutant_Add_p_P0_Q0_[6.283185307179586].qasm,PureState_18,0.0023893722088384373,0.2308495548669218,0.0023893677199717978,0.19494368604020113,0.0,0.03210773840505922,1.0000000000000115,0.9661078259992226,0.013240397819089145,0.13470882093091086,False,False,False,False,False,False,False,False,True,True
vqe_6_Mutant_Add_p_P0_Q0_[6.283185307179586].qasm,Quratest_18,0.027903127019857466,0.15052924001703102,0.02759613504890775,0.1294424081635238,1.8776715685695255e-16,0.01196707619205223,1.000000000000012,0.9642427314271066,0.0016389957736544364,0.007986652023654436,False,False,False,False,False,False,False,False,False,False
vqe_6_Mutant_Add_p_P0_Q0_[6.283185307179586].qasm,PureState_19,0.010709302708020507,0.26809887415135475,0.009957410351571404,0.23193662995340764,0.0,0.022655504270226116,1.000000000000012,0.9738033008073813,0.006665776434395407,0.020337651434395407,False,False,False,False,False,False,False,False,False,False
vqe_6_Mutant_Add_p_P0_Q0_[6.283185307179586].qasm,Quratest_19,0.03173588331401026,0.10950972512806846,0.03061478276490103,0.10650675048704503,1.4525069210282512e-16,0.016882554092403922,1.000000000000011,0.9602804656882707,0.014460964484025007,0.03827341051597499,False,False,False,False,False,False,False,False,True,False
vqe_6_Mutant_Add_p_P0_Q0_[6.283185307179586].qasm,PureState_20,0.009952649256557956,0.22964751190718674,0.009950334534277919,0.19415073669652494,0.0,0.016539346784041065,1.000000000000012,0.9719883301228834,0.0018260562577355408,0.00989269374226446,False,False,False,False,False,False,False,False,False,False
vqe_6_Mutant_Add_p_P0_Q0_[6.283185307179586].qasm,Quratest_20,0.02864840389308879,0.10309309063161773,0.027211856225510648,0.09943385541671765,1.7279472123987727e-18,0.012452259844565787,1.0000000000000133,0.9670233296061153,0.018693668157403115,0.07875226190740311,False,False,False,False,False,False,False,False,True,True
vqe_6_Mutant_Add_p_P0_Q0_[6.283185307179586].qasm,PureState_21,0.011734934964170142,0.2430778072854779,0.011730773196137585,0.20497928854310876,0.0,0.017463263825316953,1.0000000000000107,0.9711901061848075,0.004755721058119743,0.026982560191880257,False,False,False,False,False,False,False,False,False,False
vqe_6_Mutant_Add_p_P0_Q0_[6.283185307179586].qasm,Quratest_21,0.033744170215421934,0.1260144966201712,0.03320281309422825,0.11651438762422889,2.0822106808727092e-16,0.010514558372219065,1.000000000000011,0.9683775783562362,0.008916388956751703,0.026982795206751703,False,False,False,False,False,False,False,False,False,False
vqe_6_Mutant_Add_p_P0_Q0_[6.283185307179586].qasm,PureState_22,0.0016793197096522743,0.24507665599343526,0.0016792957360344616,0.20620869980853837,0.0,0.01926782204361927,1.000000000000011,0.9784217077272921,0.008315041098719556,0.032729103598719556,False,False,False,False,False,False,False,False,False,False
vqe_6_Mutant_Add_p_P0_Q0_[6.283185307179586].qasm,Quratest_22,0.028384942290207063,0.11065438855113391,0.028097542670891897,0.10705586442671197,1.1301282988856326e-16,0.01223177752420768,1.0000000000000124,0.9629502562985047,0.004353407820789246,0.07124793907078925,False,False,False,False,False,False,False,False,False,True
vqe_6_Mutant_Add_p_P0_Q0_[6.283185307179586].qasm,PureState_23,0.012078514857595027,0.23205056896941914,0.011420327200621435,0.19683883598852286,0.0,0.016960557543337897,1.000000000000011,0.971456871317653,0.015890262797020972,0.0021761434529790277,False,False,False,False,False,False,False,False,True,False
vqe_6_Mutant_Add_p_P0_Q0_[6.283185307179586].qasm,Quratest_23,0.024884582726029805,0.12349409659986572,0.024176191969263232,0.1158977371070654,0.0,0.010226515605920318,1.0000000000000107,0.9747475618306765,0.003946086891788103,0.0663664131082119,False,False,False,False,False,False,False,False,False,True
vqe_6_Mutant_Add_p_P0_Q0_[6.283185307179586].qasm,PureState_24,0.002318105109810574,0.22726051484428458,0.002318099080654622,0.1912524477121645,0.0,0.019012396286781617,1.0000000000000093,0.9799530510544372,0.012334982717127074,0.17321189228287293,False,False,False,False,False,False,False,False,True,True
vqe_6_Mutant_Add_p_P0_Q0_[6.283185307179586].qasm,Quratest_24,0.030929672180117954,0.09800366248926749,0.029331395085275682,0.09582707790449727,3.3406810033120155e-16,0.013718787291181311,1.0000000000000107,0.9702385408705823,0.005109380193118601,0.0422187551931186,False,False,False,False,False,False,False,False,False,False
vqe_6_Mutant_Add_p_P0_Q0_[6.283185307179586].qasm,PureState_25,0.011015873652754237,0.25342043468859476,0.011011391846845964,0.21337048043356727,0.0,0.031960899000692974,1.000000000000012,0.9654332292815391,0.028550901565635944,0.031507692184364056,False,False,False,False,False,False,False,False,True,False
vqe_6_Mutant_Add_p_P0_Q0_[6.283185307179586].qasm,Quratest_25,0.027830352929987475,0.09786605207235494,0.02749570935921845,0.09512611978932725,2.2043185419345912e-16,0.0257145737172401,1.0000000000000115,0.9538713306974274,0.00244486475698813,0.05859720850698813,False,False,False,False,False,False,False,False,False,True
vqe_6_Mutant_Add_p_P0_Q0_[6.283185307179586].qasm,PureState_26,0.0063470633436910956,0.257407039724252,0.00634692738615829,0.21654750720094132,0.0,0.030432959988582052,1.000000000000011,0.9671315990391212,0.0034322729015923703,0.03810024165159237,False,False,False,False,False,False,False,False,False,False
vqe_6_Mutant_Add_p_P0_Q0_[6.283185307179586].qasm,Quratest_26,0.03506558469497708,0.12440996012043457,0.03412518290442632,0.11968301870550821,1.8239372211463663e-16,0.023765434949439043,1.000000000000011,0.9591252880345961,0.016297960077736873,0.08758702257773687,False,False,False,False,False,False,False,False,True,True
vqe_6_Mutant_Add_p_P0_Q0_[6.283185307179586].qasm,PureState_27,0.0033873226864125075,0.2109350300555738,0.003387288816258881,0.1781924339553547,0.0,0.019593271238664303,1.000000000000011,0.9788947897299807,0.013240398299943612,0.1351971017000564,False,False,False,False,False,False,False,False,True,True
vqe_6_Mutant_Add_p_P0_Q0_[6.283185307179586].qasm,Quratest_27,0.029616690816400223,0.09800913151560281,0.02956446961021149,0.0934001882782906,1.4357759027376106e-16,0.0128300454908507,1.0000000000000124,0.9640721426127504,0.002266328387132227,0.001151640362867773,False,False,False,False,False,False,False,False,False,False
vqe_6_Mutant_Add_p_P0_Q0_[6.283185307179586].qasm,PureState_28,0.01528094859568089,0.23477757176270425,0.014230868509712483,0.1990430230254874,0.0,0.02092585371971196,1.0000000000000115,0.9731794606263696,0.011941768933099905,0.018331668566900095,False,False,False,False,False,False,False,False,True,False
vqe_6_Mutant_Add_p_P0_Q0_[6.283185307179586].qasm,Quratest_28,0.02667804341184775,0.10884597173791034,0.02518402425511674,0.10092766693510186,1.7912163383939327e-16,0.008563173502329782,1.000000000000011,0.9692641961553989,0.020242016047910955,0.029562671452089045,False,False,False,False,False,False,False,False,True,False
vqe_6_Mutant_Add_p_P0_Q0_[6.283185307179586].qasm,PureState_29,0.010710094694197118,0.19952047910583176,0.010704021299256782,0.16944803085789797,0.0,0.020567371575330805,1.000000000000012,0.9745496266712395,0.03678731843443657,0.05241231843443657,False,False,False,False,False,False,False,False,True,True
vqe_6_Mutant_Add_p_P0_Q0_[6.283185307179586].qasm,Quratest_29,0.030671316858542193,0.10308605356120167,0.030377106522966563,0.0974526646841428,1.8061002954639668e-16,0.01090669007602146,1.000000000000012,0.9686662946689312,0.014714140811852447,0.022526640811852447,False,False,False,False,False,False,False,False,True,False
vqe_6_Mutant_Add_p_P0_Q0_[6.283185307179586].qasm,PureState_30,0.012152594610341322,0.23591971143626436,0.012140109712775899,0.20038816159550504,0.0,0.020621870766338195,1.0000000000000115,0.9734846173006274,0.005636352387666816,0.001199585112333184,False,False,False,False,False,False,False,False,False,False
vqe_6_Mutant_Add_p_P0_Q0_[6.283185307179586].qasm,Quratest_30,0.03182014128924463,0.09108975985379057,0.03154308171054062,0.08825448817346924,1.527521217628276e-16,0.011072005305843319,1.000000000000011,0.9634764691709963,0.0014324014345792405,0.01266287018457924,False,False,False,False,False,False,False,False,False,False
vqe_6_Mutant_Add_p_P0_Q0_[6.283185307179586].qasm,PureState_31,0.005733833098091437,0.25224896501751454,0.005731987279947309,0.2139894710041025,0.0,0.021910887854514234,1.000000000000012,0.9741306888831361,0.002398639316936721,0.006304889316936721,False,False,False,False,False,False,False,False,False,False
vqe_6_Mutant_Add_p_P0_Q0_[6.283185307179586].qasm,Quratest_31,0.029473277778743312,0.0857205838556421,0.02929510584398421,0.08382119092331318,2.1401473258506054e-16,0.008450670495116075,1.000000000000012,0.9714184983805088,0.0073900932936386,0.0951489692063614,False,False,False,False,False,False,False,False,False,True
