Name,Input,Ideal_output_distribution,Ideal_density_matrix,Noisy_output_distribution,Noisy_density_matrix
data/selected_mutant_qc/mutants_ae_10/ae_10_Mutant_Replace_cp_P42_Q8_[3.141592653589793].qasm,PureState_0,"{'0010010001': 1, '1001101011': 1, '1000011101': 1, '0010100101': 1, '1001000000': 1, '1011010001': 1, '0011101110': 1, '1011110100': 1, '0001101101': 2, '0011001110': 1, '0110001011': 1, '0011110001': 1, '1011101010': 1, '0001110111': 1, '1010011111': 2, '1110011010': 1, '1011100011': 1, '1001101111': 1, '1011001011': 3, '0001001000': 1, '0011000001': 1, '0000101011': 2, '0010101111': 1, '0000110100': 2, '0001011111': 13, '0011001011': 3, '0010011011': 3, '1010111100': 1, '1001101101': 3, '0000000011': 1, '0011100000': 3, '1011110001': 1, '0000010000': 1, '1001111001': 2, '1000010001': 1, '0001001101': 3, '1000110001': 1, '1001110010': 2, '0010010010': 1, '0011010001': 1, '0000011011': 1, '0000101110': 3, '0011101010': 1, '1000011110': 2, '0010011101': 4, '0001000110': 3, '1010101010': 1, '1001100000': 7, '1011111100': 1, '0011110110': 2, '0001011010': 9, '1011011111': 1, '0001110010': 4, '1010100100': 1, '1010001110': 2, '0010011111': 1, '0110110110': 1, '0001111110': 8, '1001111110': 6, '0010011110': 5, '1010001011': 1, '0001101110': 7, '0101001011': 1, '1001001101': 1, '0001100100': 12, '1001011001': 2, '0010110101': 2, '0000010100': 2, '0001100101': 7, '1011110101': 2, '0001000000': 2, '1011011110': 1, '0001010011': 5, '0001100000': 8, '1001010011': 5, '0001100110': 2, '1100010000': 1, '1001100110': 5, '0001010000': 2, '0001111100': 3, '0011101011': 1, '1011001111': 1, '1010011101': 2, '1001101100': 6, '1011101100': 1, '0011100100': 2, '0010101110': 2, '1000010100': 2, '0001010001': 7, '1000101010': 2, '1001111100': 8, '1010000011': 2, '1001001001': 14, '1001000010': 1, '0001111101': 1, '1001010111': 1, '0010001011': 1, '0001010100': 2, '0010110000': 1, '1010110001': 2, '0001011101': 4, '1001000011': 9, '0001010110': 1, '1011001110': 3, '1001100010': 10, '0001011110': 38, '0110011111': 1, '1011001010': 2, '1001110110': 17, '0001101001': 1, '1001001111': 13, '0001110001': 15, '0001000011': 4, '1000010000': 1, '0000110001': 1, '1001000001': 12, '1001110001': 30, '0001011011': 7, '1010100001': 1, '1010110110': 1, '0010011010': 1, '0001110101': 11, '0000011110': 2, '0001001111': 10, '0010110100': 3, '0001110100': 39, '0001001011': 43, '0000110110': 2, '0001100001': 33, '1001100100': 15, '1011110110': 1, '0011100010': 2, '1000011011': 3, '1001011111': 13, '1011100100': 2, '0001101011': 3, '1001110101': 20, '0001110000': 9, '1011100000': 1, '1001011011': 14, '1001010000': 1, '1001001110': 20, '1001010001': 3, '0001110110': 10, '1010100000': 1, '1001111111': 4, '0011100001': 5, '1001100101': 12, '1000010101': 1, '1000001101': 1, '0001010010': 1, '1010010001': 3, '1001110000': 16, '1001100011': 1, '0011101101': 1, '1001011101': 15, '0001101100': 2, '1001001000': 2, '1010011110': 2, '1010110100': 2, '1001001011': 39, '0010101100': 1, '1001110100': 33, '0001001001': 23, '1001100001': 34, '0001111111': 2, '1001011010': 7, '0001011000': 1, '0001000001': 10, '1010010101': 1, '1011100010': 2, '0001001010': 15, '0010110010': 2, '0001011001': 3, '0001001110': 13, '1001011100': 1, '0000101111': 1, '1011100001': 3, '1001011110': 29, '1011100101': 2, '1010000001': 1, '1001000110': 1, '1001101110': 4, '1010011011': 3, '1001001010': 13, '0101001010': 1, '0001100010': 15}","DensityMatrix([[ 6.30486883e-05+0.00000000e+00j,
                 8.40767752e-05-5.74362749e-20j,
                -3.15221209e-05+6.30509116e-05j, ...,
                -4.10705264e-06-2.73287234e-06j,
                -1.66184801e-05+3.90736557e-06j,
                 5.48391550e-06+2.91308810e-06j],
               [ 8.40767752e-05+5.74362749e-20j,
                 1.12118179e-04+0.00000000e+00j,
                -4.20354228e-05+8.40797400e-05j, ...,
                -5.47684258e-06-3.64434375e-06j,
                -2.21610989e-05+5.21055561e-06j,
                 7.31291867e-06+3.88466533e-06j],
               [-3.15221209e-05-6.30509116e-05j,
                -4.20354228e-05-8.40797400e-05j,
                 7.88130839e-05+0.00000000e+00j, ...,
                -6.79587216e-07+5.47353726e-06j,
                 1.22161574e-05+1.46655212e-05j,
                 1.71426455e-07-6.94055020e-06j],
               ...,
               [-4.10705264e-06+2.73287234e-06j,
                -5.47684258e-06+3.64434375e-06j,
                -6.79587216e-07-5.47353726e-06j, ...,
                 3.85994907e-07+0.00000000e+00j,
                 9.13177465e-07-9.74864702e-07j,
                -4.83496616e-07+4.79412797e-08j],
               [-1.66184801e-05-3.90736557e-06j,
                -2.21610989e-05-5.21055561e-06j,
                 1.22161574e-05-1.46655212e-05j, ...,
                 9.13177465e-07+9.74864702e-07j,
                 4.62248138e-06+0.00000000e+00j,
                -1.26492466e-06-1.10769567e-06j],
               [ 5.48391550e-06-2.91308810e-06j,
                 7.31291867e-06-3.88466533e-06j,
                 1.71426455e-07+6.94055020e-06j, ...,
                -4.83496616e-07-4.79412797e-08j,
                -1.26492466e-06+1.10769567e-06j,
                 6.11581501e-07+0.00000000e+00j]],
              dims=(2, 2, 2, 2, 2, 2, 2, 2, 2, 2))","{'0000101110': 1, '0101110100': 1, '0011010010': 1, '0000100010': 1, '0010011011': 1, '0010001010': 2, '0110110100': 1, '0000001010': 1, '1011010010': 1, '1011010001': 1, '0010001110': 1, '1010110110': 1, '1101011011': 1, '0001101011': 3, '0011101111': 1, '0000011110': 1, '0001101000': 1, '0011100011': 1, '0011100000': 1, '0110010100': 1, '1001100011': 3, '0010100100': 1, '0010110110': 1, '1011100110': 1, '1010101100': 1, '0000010101': 1, '1010001001': 1, '1110001110': 1, '1011010011': 1, '0000010011': 1, '1010010000': 1, '1101000001': 1, '1011101110': 1, '0000011111': 1, '1000101110': 1, '0010001011': 2, '0101111100': 1, '1000011110': 2, '1011011101': 1, '1010110101': 1, '0010101111': 1, '1000011011': 1, '0100001011': 1, '0110010110': 1, '1001010101': 1, '0110001111': 1, '1101001011': 1, '0001011001': 3, '1001101011': 4, '1011000001': 4, '0000101101': 1, '0000100000': 1, '1000110110': 2, '0110110001': 1, '1001111010': 1, '0010001001': 1, '0110010010': 2, '0110000110': 1, '0000001011': 2, '0101011101': 1, '1011110010': 1, '1001011001': 1, '0011000011': 1, '0110000011': 1, '1011101100': 1, '1010000001': 1, '1000011101': 1, '1011111100': 1, '0101001001': 2, '1000010111': 1, '1001000000': 5, '0010111110': 2, '0101011111': 2, '1011011111': 3, '0110001110': 1, '1101001110': 1, '0001001111': 11, '0000101001': 2, '1101101111': 1, '0011011101': 1, '0100110111': 1, '1011100101': 5, '1010001010': 1, '0110011010': 1, '1000110100': 3, '0001110001': 19, '0101000000': 1, '1001110111': 1, '1001110101': 9, '1011100100': 3, '0011000001': 3, '1001011010': 6, '1110011101': 2, '0110111000': 1, '0111110100': 1, '1001101100': 2, '0010101001': 1, '0001001101': 3, '0101100000': 2, '0010011100': 1, '1111101110': 1, '0011001001': 2, '1011010000': 1, '0101011110': 1, '0101001111': 2, '0010101110': 1, '0011011001': 2, '0010111001': 1, '0001110101': 3, '1100100010': 1, '0010011010': 1, '1011001011': 5, '0101101110': 2, '0011011111': 2, '1001001111': 2, '1011010110': 1, '1001111101': 1, '0010010101': 1, '1010101011': 2, '0001101001': 2, '0101110101': 1, '1000110010': 2, '1101111011': 1, '1100101011': 1, '1101110101': 3, '1010011111': 1, '0000000010': 1, '1001001001': 10, '0011010000': 1, '1001101000': 1, '0011110001': 4, '1011010100': 3, '1000000001': 1, '1001001000': 1, '0001100011': 2, '0000110100': 1, '0001010001': 7, '0111011011': 1, '0011100100': 2, '0000011010': 1, '1010101111': 1, '1000001110': 3, '1001111100': 5, '1001111110': 9, '0001111111': 2, '0000110111': 1, '0011001010': 2, '0110011110': 2, '0011011110': 3, '0101001010': 1, '0001100010': 9, '1001101010': 1, '0100101010': 1, '1000101011': 1, '1001000100': 3, '0011110101': 1, '0011011011': 3, '0100011101': 1, '0001100101': 11, '0000110001': 2, '1001101001': 4, '0011000000': 1, '1101101011': 1, '1110110100': 1, '0000001110': 2, '1011011110': 5, '1101100000': 2, '1100001010': 1, '1011110101': 2, '1101100010': 1, '1000100011': 1, '0001011111': 7, '1000100000': 1, '1001101111': 1, '1011011011': 2, '0001010011': 10, '1000100001': 2, '0111100101': 1, '0001100001': 20, '0010101011': 1, '1001001010': 10, '1110110110': 1, '1001111001': 1, '0110001011': 3, '0011001110': 2, '0010110000': 1, '1000011010': 1, '1011100010': 2, '0011010110': 1, '0001001010': 10, '1101100100': 1, '0011100001': 8, '1010101110': 1, '1010011001': 1, '0011110110': 2, '1000011100': 1, '1111100100': 1, '1001010011': 5, '1011101001': 1, '1011101010': 1, '0010100001': 3, '1001011111': 6, '0000011001': 1, '0101100001': 4, '0001101100': 3, '1001111111': 2, '1001100101': 4, '1001110110': 11, '0100000011': 1, '0011100010': 3, '0100110110': 1, '0011111111': 2, '0101110000': 1, '0011101110': 4, '0010010001': 2, '0101101001': 1, '1001001011': 27, '1001100000': 5, '0010011101': 2, '0011101101': 2, '0010110001': 2, '0001110110': 9, '1011111110': 2, '1011001111': 2, '1101101101': 1, '1001010001': 4, '0001000011': 2, '1011001001': 3, '1000110001': 2, '1001110010': 3, '1001010000': 3, '0101000011': 1, '0001010101': 1, '1001001110': 17, '1000010001': 3, '1101100001': 2, '0001110010': 7, '1001000001': 11, '0011111110': 1, '0111010100': 1, '0000000001': 4, '0001011011': 8, '1001110001': 9, '0101110001': 1, '1000101100': 1, '0011101010': 1, '1110010001': 1, '1011110011': 1, '1001000010': 1, '1000111110': 1, '0011110100': 5, '1111001010': 1, '1001011101': 10, '0010111100': 2, '1011111101': 1, '1001100001': 15, '1010100010': 1, '0001010100': 5, '0001001001': 11, '0001111110': 5, '1011110110': 1, '1011110001': 3, '1001110000': 8, '1001011011': 7, '0001001110': 15, '1110011011': 2, '0000001101': 1, '0001100100': 15, '0001100000': 13, '1011100001': 7, '1001011110': 14, '1001010010': 3, '0011001011': 5, '1011110000': 2, '1000110000': 1, '1001101110': 7, '0110011101': 1, '1001100010': 11, '1011001110': 2, '1011000010': 1, '0001011110': 22, '1100001011': 1, '1011001010': 2, '1101110000': 1, '1001100110': 2, '1101011110': 3, '0010011110': 2, '0001100110': 3, '1101001010': 2, '0001111011': 4, '0001000001': 4, '1010001011': 2, '0001101110': 6, '1011110100': 8, '0001011101': 10, '1101110100': 3, '0011010100': 1, '0101010001': 2, '0001110000': 9, '1001101101': 2, '1011011010': 1, '0001101010': 1, '0001011100': 1, '0010000011': 1, '0001101111': 1, '0001110100': 23, '0001001011': 24, '0010110100': 1, '0110001001': 1, '1001110100': 21, '0011111101': 1, '1001100100': 12, '0001011010': 8, '0000100001': 1, '0010100000': 2, '1000010011': 2, '0001010111': 3, '0011010001': 1, '0000011011': 3, '1010011011': 2, '0001111100': 3, '1010011110': 3, '1010110100': 2, '1001000011': 3, '1011101011': 3, '0111010011': 1}","DensityMatrix([[ 6.61168410e-05+0.00000000e+00j,
                 6.32043931e-05-1.46687365e-05j,
                -3.36227937e-05+5.67575339e-05j, ...,
                -3.05087630e-06-2.46667006e-06j,
                -1.26027135e-05+3.58326677e-06j,
                 4.68514291e-06+2.53583872e-06j],
               [ 6.32043931e-05+1.46687365e-05j,
                 1.67067659e-04+0.00000000e+00j,
                -2.75692001e-05+6.44349452e-05j, ...,
                -4.50431734e-06-3.10565633e-06j,
                -1.90131018e-05+4.54069810e-06j,
                 6.25132086e-06+3.12627464e-06j],
               [-3.36227937e-05-5.67575339e-05j,
                -2.75692001e-05-6.44349452e-05j,
                 7.84686252e-05+0.00000000e+00j, ...,
                -9.75950956e-07+4.80435976e-06j,
                 9.84047172e-06+1.08034110e-05j,
                 1.14446842e-07-5.79005313e-06j],
               ...,
               [-3.05087630e-06+2.46667006e-06j,
                -4.50431734e-06+3.10565633e-06j,
                -9.75950956e-07-4.80435976e-06j, ...,
                 7.76815039e-06+0.00000000e+00j,
                -3.66848349e-06-4.70906492e-06j,
                -5.96869037e-06+5.54712866e-06j],
               [-1.26027135e-05-3.58326677e-06j,
                -1.90131018e-05-4.54069810e-06j,
                 9.84047172e-06-1.08034110e-05j, ...,
                -3.66848349e-06+4.70906492e-06j,
                 3.83182471e-05+0.00000000e+00j,
                 8.67464091e-08-1.38791713e-05j],
               [ 4.68514291e-06-2.53583872e-06j,
                 6.25132086e-06-3.12627464e-06j,
                 1.14446842e-07+5.79005313e-06j, ...,
                -5.96869037e-06-5.54712866e-06j,
                 8.67464091e-08+1.38791713e-05j,
                 1.16357795e-05+0.00000000e+00j]],
              dims=(2, 2, 2, 2, 2, 2, 2, 2, 2, 2))"
data/selected_mutant_qc/mutants_ae_10/ae_10_Mutant_Replace_cp_P42_Q8_[3.141592653589793].qasm,PureState_1,"{'0010100110': 1, '1011100001': 2, '0110001110': 1, '1011011101': 1, '1011000011': 3, '0010010010': 1, '1011011100': 1, '1010101111': 1, '1010000110': 2, '0011100011': 2, '0010101100': 4, '0010100000': 1, '1010101100': 3, '1011100011': 2, '1011101110': 2, '1010100010': 2, '0011111010': 2, '0011110010': 2, '1110000110': 1, '0011110000': 1, '0010100001': 2, '1010100011': 1, '1010000101': 1, '1010100110': 1, '0010000101': 1, '1011010010': 1, '1000101100': 1, '0001111001': 1, '0010001000': 1, '0011111100': 1, '1011110100': 1, '0011100001': 1, '0011011101': 1, '0110001010': 1, '0011111001': 2, '0001110011': 2, '0010011100': 3, '0101111101': 3, '0011000110': 7, '0011001111': 2, '1001110011': 4, '1011001101': 5, '0010100010': 6, '0010000001': 15, '1011110011': 2, '1010001001': 1, '0101111001': 1, '0011010011': 4, '1011111110': 6, '0010111111': 3, '0001000110': 4, '0010111101': 31, '1011000000': 1, '1011111111': 2, '0010010000': 1, '0001110010': 2, '1001110101': 3, '0001110000': 3, '1001001101': 1, '1001000110': 1, '1011110000': 1, '1010000001': 3, '1001001010': 1, '1011010101': 1, '0011101110': 6, '1011010011': 3, '0010111100': 6, '0011010010': 2, '0010100011': 2, '1001000011': 1, '1010111001': 9, '0011000010': 35, '0010001110': 10, '0101000000': 1, '1011111100': 15, '0011110110': 2, '0011001100': 18, '1011010001': 2, '1011001100': 12, '0011100010': 1, '1010110010': 7, '1011110110': 2, '0011000001': 12, '1010011101': 1, '1011001111': 9, '1011101100': 2, '1010110101': 9, '0011111110': 11, '0000110110': 1, '1010000000': 6, '1010101110': 3, '0001001010': 1, '1010110000': 4, '1001111110': 2, '0001111110': 4, '1011110001': 13, '1001111101': 12, '0010111110': 12, '0010110101': 5, '0010011111': 1, '1010001110': 9, '0010001010': 5, '0010001111': 2, '1011111001': 5, '0001001100': 2, '1010010001': 1, '1001000010': 5, '0001111101': 6, '0011110001': 10, '0010110001': 48, '0011110101': 6, '0010010001': 3, '0011000011': 4, '0011111111': 1, '0011001101': 2, '0011011100': 5, '1010110011': 15, '0011000000': 4, '0010001100': 4, '1011111101': 21, '1010111101': 41, '1011011110': 3, '0011101100': 1, '1010000010': 23, '0010110010': 7, '1011110101': 3, '1011001010': 5, '0001000010': 9, '0010000011': 6, '1001001110': 6, '0010101110': 5, '0001000001': 4, '0011010101': 2, '1010100001': 2, '1010110110': 1, '0010110011': 17, '1010001100': 2, '0010111001': 8, '1001001100': 3, '0001000011': 1, '1011001110': 46, '0110111101': 1, '0011111101': 21, '1101111110': 1, '0001110101': 5, '0010000010': 15, '0010000110': 3, '0001110001': 9, '1010111110': 15, '0011001010': 4, '1010001010': 3, '1011000110': 7, '0001001110': 13, '0101110001': 1, '0011010001': 4, '1000000010': 1, '1011000001': 12, '1001000001': 1, '1010111010': 1, '1001110001': 9, '0010010011': 2, '0010011110': 3, '0011001110': 47, '1011000010': 22, '1010000011': 3, '0010110000': 6, '1010110001': 43, '1010011001': 1, '1010111111': 5}","DensityMatrix([[ 1.62074751e-05+0.00000000e+00j,
                -4.86155682e-05-6.15343972e-20j,
                 3.78151562e-05-5.40477747e-06j, ...,
                -6.79948035e-06+6.30010175e-06j,
                -6.90958552e-06-1.99132230e-05j,
                -5.16104837e-06+6.53925223e-06j],
               [-4.86155682e-05+6.15343972e-20j,
                 1.45826136e-04+0.00000000e+00j,
                -1.13429469e-04+1.62120457e-05j, ...,
                 2.03955642e-05-1.88976397e-05j,
                 2.07258332e-05+5.97312438e-05j,
                 1.54809615e-05-1.96149900e-05j],
               [ 3.78151562e-05+5.40477747e-06j,
                -1.13429469e-04-1.62120457e-05j,
                 9.00323862e-05+0.00000000e+00j, ...,
                -1.79654176e-05+1.24318965e-05j,
                -9.48084238e-06-4.87655482e-05j,
                -1.42223913e-05+1.35362556e-05j],
               ...,
               [-6.79948035e-06-6.30010175e-06j,
                 2.03955642e-05+1.88976397e-05j,
                -1.79654176e-05-1.24318965e-05j, ...,
                 5.30151763e-06+0.00000000e+00j,
                -4.84182387e-06+1.10400083e-05j,
                 4.70711205e-06-7.37214589e-07j],
               [-6.90958552e-06+1.99132230e-05j,
                 2.07258332e-05-5.97312438e-05j,
                -9.48084238e-06+4.87655482e-05j, ...,
                -4.84182387e-06-1.10400083e-05j,
                 2.74119700e-05+0.00000000e+00j,
                -5.83415257e-06-9.12891295e-06j],
               [-5.16104837e-06-6.53925223e-06j,
                 1.54809615e-05+1.96149900e-05j,
                -1.42223913e-05-1.35362556e-05j, ...,
                 4.70711205e-06+7.37214589e-07j,
                -5.83415257e-06+9.12891295e-06j,
                 4.28186620e-06+0.00000000e+00j]],
              dims=(2, 2, 2, 2, 2, 2, 2, 2, 2, 2))","{'0010001000': 1, '1101001100': 2, '1000101001': 1, '0101111010': 1, '1101101110': 1, '1100110011': 1, '0011110010': 1, '0111000010': 1, '0111101110': 1, '1001000100': 1, '1111001110': 1, '0000100010': 1, '0111011000': 1, '0110001111': 1, '0110001110': 1, '0101000110': 1, '1110001110': 1, '0111111001': 1, '1010010010': 2, '1010000011': 2, '0010001101': 1, '1001101010': 1, '1011001001': 1, '1101001110': 2, '1001011101': 2, '1001100110': 1, '1000101100': 1, '0011001111': 1, '1101111110': 1, '0100000001': 1, '0010011111': 1, '0000001100': 1, '1000100011': 2, '1101110001': 1, '1101110011': 1, '0010100000': 1, '1110110111': 1, '0110110000': 1, '0001111101': 2, '1011111111': 2, '1011010011': 1, '1001011100': 2, '0011011101': 4, '1100010101': 1, '1010000000': 2, '1100100001': 1, '1010011100': 1, '1011110010': 1, '0100011001': 1, '0011101110': 1, '1010100101': 1, '0010100010': 3, '0001000001': 5, '1110001111': 1, '1111000110': 1, '1011110101': 1, '0000011110': 1, '1101100001': 1, '0011000110': 6, '0011010101': 1, '1011011101': 2, '0001111100': 3, '1010100010': 4, '0011000100': 1, '1110110001': 1, '0110001100': 1, '0010111000': 1, '1011100011': 3, '1001001010': 5, '0000000011': 1, '1111110001': 1, '0001010001': 1, '0011010011': 2, '0111010011': 1, '0010000000': 1, '1001001000': 1, '0010000101': 2, '1010001110': 9, '0101110010': 1, '0010110010': 1, '1010111111': 3, '1010111100': 1, '0100110001': 1, '0111111100': 1, '1100010001': 1, '1000110010': 1, '1010111000': 1, '0000110000': 1, '1010110010': 2, '1010001001': 2, '1000111010': 1, '0110001010': 1, '1011010101': 2, '1101111101': 1, '1011001100': 12, '0010101110': 6, '1011010000': 1, '0100101101': 1, '1000101110': 1, '1100110001': 1, '0000101110': 3, '0011000001': 10, '0110110101': 2, '0001111001': 2, '0011001000': 2, '0011111111': 1, '0011001010': 8, '0011001101': 5, '1010001010': 5, '1010000110': 6, '0010101010': 1, '1011101110': 6, '1001000011': 3, '0011111100': 10, '0111110001': 1, '1111010001': 1, '1011110110': 1, '1011110001': 9, '1001001101': 3, '0011010010': 3, '0010001011': 1, '0101110111': 1, '0010100011': 2, '1011111101': 12, '1010110001': 22, '0010111100': 5, '1101101101': 1, '1001010001': 3, '1011001111': 5, '1011111110': 7, '0010110011': 10, '1011001011': 1, '1001111010': 1, '0010111010': 2, '0010001001': 1, '0010111011': 1, '0011111011': 1, '1011101111': 1, '1011010001': 4, '1001111110': 1, '1000111001': 1, '0101000010': 1, '0001000000': 2, '1011011110': 4, '0001000101': 1, '0000001110': 5, '0101111001': 1, '0001110101': 4, '0010111001': 9, '0011110101': 2, '0010010001': 4, '0010101111': 2, '1011000011': 1, '1011010010': 2, '1000001001': 1, '1001001111': 1, '1010011101': 3, '0010011110': 1, '0101001110': 1, '1001001110': 8, '1001010000': 1, '1010110101': 4, '0001000110': 3, '0000001010': 2, '0000101011': 1, '1011101010': 2, '0010011101': 1, '1000111100': 1, '1001111100': 2, '1010101111': 2, '1000001110': 1, '1001000000': 1, '0010100110': 2, '0010111111': 5, '0000000010': 2, '1011000111': 1, '1101111001': 1, '0001110110': 1, '0010101100': 5, '0111001101': 2, '1010101110': 5, '0011100001': 2, '1001111111': 2, '0101100010': 1, '1010010000': 1, '0110111101': 1, '0001011110': 1, '1011000010': 25, '0001011101': 1, '0101000001': 2, '0101000000': 1, '0011011100': 1, '1001110111': 1, '0001110001': 9, '0010110101': 7, '0010010101': 1, '1001111101': 7, '0010111110': 9, '1001011001': 1, '0010001111': 2, '1010110011': 19, '1010111010': 1, '0000111101': 1, '1001110001': 4, '0001110010': 2, '1001000001': 5, '0011001100': 9, '0001111110': 2, '0001001100': 3, '1000111101': 2, '1011100010': 1, '0010110000': 4, '1010000001': 7, '1011101100': 4, '0000000001': 1, '0011111110': 11, '1011110111': 1, '0101111110': 1, '1001101001': 1, '0000000101': 1, '0010110110': 2, '1000110101': 3, '0010010000': 1, '0011111001': 5, '0011111010': 1, '1001110000': 2, '0011011000': 1, '0001100010': 2, '0110110011': 1, '0111000110': 1, '0000011001': 1, '0011110011': 3, '0011110001': 8, '0001110011': 3, '0110111110': 1, '1010010011': 4, '1011111100': 5, '0000110001': 8, '0010000010': 8, '0010001010': 4, '0011000000': 1, '1011111001': 5, '0111110010': 1, '0011011110': 4, '1010010001': 5, '0111011101': 1, '1011001010': 7, '0001000010': 6, '0011111000': 1, '0000011101': 1, '0000001101': 1, '1010001100': 4, '1011000110': 11, '0011101100': 1, '1010011110': 1, '1010000010': 16, '1111111101': 1, '0010110111': 1, '1001000010': 9, '1011110011': 3, '1000111111': 1, '0011000011': 3, '0010000011': 5, '1101010011': 1, '1001001100': 5, '0101110011': 2, '0011100010': 3, '1000110001': 4, '1000100110': 1, '0000110011': 4, '0010000110': 3, '0011001001': 1, '0110010101': 1, '1010100100': 1, '0111001110': 1, '0111111110': 1, '0010001100': 2, '1010111101': 27, '0010011100': 2, '1000000010': 3, '0000111001': 3, '1011000001': 10, '1010111001': 3, '0011000010': 22, '0010000001': 8, '1011001101': 5, '1001110010': 1, '0001011100': 1, '1110111110': 1, '0011010001': 4, '0001001001': 2, '1010000101': 3, '1011000000': 2, '0010111101': 21, '0010010011': 1, '1101010001': 1, '0011101111': 1, '0001001110': 14, '0010001110': 9, '1001110100': 1, '0011111101': 9, '1010100110': 1, '0001100011': 1, '1001111001': 1, '1101011101': 1, '1001101110': 1, '0110110001': 3, '1001000110': 3, '1010100001': 5, '1010111110': 8, '1010110000': 4, '0011001110': 24, '0001001010': 2, '1011001110': 21, '0001010000': 1, '0010110001': 26}","DensityMatrix([[ 8.18893949e-05+0.00000000e+00j,
                -8.44851504e-05+5.35087726e-05j,
                 1.28828646e-04-7.39661756e-05j, ...,
                -3.55622490e-06+5.71012804e-06j,
                -6.53244343e-06-1.52183380e-05j,
                -2.66551110e-06+5.80515758e-06j],
               [-8.44851504e-05-5.35087726e-05j,
                 4.85904239e-04+0.00000000e+00j,
                -3.13936896e-04-9.08645301e-05j, ...,
                 8.30347743e-06-1.81118337e-05j,
                 1.51053810e-05+5.37228138e-05j,
                 9.09701566e-06-1.43443220e-05j],
               [ 1.28828646e-04+7.39661756e-05j,
                -3.13936896e-04+9.08645301e-05j,
                 4.43731875e-04+0.00000000e+00j, ...,
                -9.30829116e-06+1.52272434e-05j,
                -1.18823930e-05-4.09012725e-05j,
                -8.27480688e-06+1.04878042e-05j],
               ...,
               [-3.55622490e-06-5.71012804e-06j,
                 8.30347743e-06+1.81118337e-05j,
                -9.30829116e-06-1.52272434e-05j, ...,
                 1.61283644e-04+0.00000000e+00j,
                 2.36531909e-06-5.96811210e-05j,
                 4.35655592e-05-5.92524874e-05j],
               [-6.53244343e-06+1.52183380e-05j,
                 1.51053810e-05-5.37228138e-05j,
                -1.18823930e-05+4.09012725e-05j, ...,
                 2.36531909e-06+5.96811210e-05j,
                 1.23928685e-04+0.00000000e+00j,
                 2.31768898e-05-9.25774518e-06j],
               [-2.66551110e-06-5.80515758e-06j,
                 9.09701566e-06+1.43443220e-05j,
                -8.27480688e-06-1.04878042e-05j, ...,
                 4.35655592e-05+5.92524874e-05j,
                 2.31768898e-05+9.25774518e-06j,
                 4.11196032e-05+0.00000000e+00j]],
              dims=(2, 2, 2, 2, 2, 2, 2, 2, 2, 2))"
data/selected_mutant_qc/mutants_ae_10/ae_10_Mutant_Replace_cp_P42_Q8_[3.141592653589793].qasm,PureState_2,"{'0010101110': 1, '0001110110': 1, '0110101011': 1, '1011100110': 1, '1000110010': 1, '1011101110': 1, '0011010111': 1, '1010111001': 1, '0011110110': 1, '0110101001': 1, '1000111010': 1, '0011100011': 1, '1000101001': 1, '0011010101': 1, '1001101000': 1, '1010010101': 1, '1010101110': 3, '0000110110': 1, '0001001011': 1, '0011001011': 1, '0011011001': 2, '1001010110': 94, '0011110010': 2, '0011010100': 1, '0001010101': 7, '0010001101': 1, '1000010010': 1, '0101101001': 1, '1010101111': 2, '1011101101': 4, '0110101101': 1, '0000110101': 1, '1011010111': 1, '1110101101': 1, '0101010100': 2, '0000101111': 1, '0000011001': 2, '0010101001': 2, '0010100000': 1, '0001101000': 2, '1001110000': 1, '1011110010': 1, '0010010010': 1, '1011001001': 2, '0101010011': 1, '1000110001': 1, '0001101110': 16, '1000010110': 3, '0010010110': 6, '0001010111': 3, '0011010010': 6, '0001011011': 1, '0010000101': 1, '1001101011': 11, '1000011001': 2, '1000101010': 1, '1001101010': 6, '1101101001': 1, '0001010010': 91, '1010010001': 1, '1010110110': 3, '0000101101': 2, '1001101100': 4, '1010010100': 1, '1011000110': 1, '0001101111': 4, '1000101101': 2, '0000110010': 2, '1011010110': 10, '1001010000': 7, '1001010111': 6, '1001011001': 1, '1010011110': 1, '1010110100': 1, '0001101011': 9, '1101010010': 2, '0011010001': 1, '1010101001': 8, '0001101100': 5, '0001010001': 12, '0011101001': 2, '1010011001': 1, '0001010100': 11, '1001010100': 11, '1011011101': 1, '0001011001': 1, '1001010010': 76, '1001010011': 4, '0000010110': 2, '0011010110': 4, '1011101001': 5, '1001101001': 92, '1011010010': 12, '1001010001': 13, '1010010010': 5, '0010101101': 7, '0000101001': 2, '1001101110': 15, '0001010011': 5, '0001010110': 90, '0001101010': 4, '0010101100': 1, '1001101101': 76, '1010101101': 5, '1011001101': 2, '1001101111': 5, '1010010110': 3, '1001010101': 10, '0011001101': 1, '0001101101': 75, '0001101001': 92, '0001010000': 2}","DensityMatrix([[ 2.13654482e-06+0.00000000e+00j,
                 2.84912824e-06-7.47114697e-22j,
                 1.89901701e-06-3.79843584e-06j, ...,
                 4.61136632e-07+3.39798477e-08j,
                -5.16857978e-07-3.62587043e-08j,
                 1.72816443e-07-2.77187586e-08j],
               [ 2.84912824e-06+7.47114697e-22j,
                 3.79937348e-06+0.00000000e+00j,
                 2.53237982e-06-5.06529548e-06j, ...,
                 6.14935567e-07+4.53128542e-08j,
                -6.89241176e-07-4.83517581e-08j,
                 2.30454425e-07-3.69635578e-08j],
               [ 1.89901701e-06+3.79843584e-06j,
                 2.53237982e-06+5.06529548e-06j,
                 8.44090901e-06+0.00000000e+00j, ...,
                 3.49459571e-07+8.50029543e-07j,
                -3.94934721e-07-9.51118716e-07j,
                 2.02883313e-07+2.82602906e-07j],
               ...,
               [ 4.61136632e-07-3.39798477e-08j,
                 6.14935567e-07-4.53128542e-08j,
                 3.49459571e-07-8.50029543e-07j, ...,
                 1.00068869e-07+0.00000000e+00j,
                -1.12131611e-07+3.94346356e-10j,
                 3.68586291e-08-8.73111166e-09j],
               [-5.16857978e-07+3.62587043e-08j,
                -6.89241176e-07+4.83517581e-08j,
                -3.94934721e-07+9.51118716e-07j, ...,
                -1.12131611e-07-3.94346356e-10j,
                 1.25650003e-07+0.00000000e+00j,
                -4.13361377e-08+9.63834769e-09j],
               [ 1.72816443e-07+2.77187586e-08j,
                 2.30454425e-07+3.69635578e-08j,
                 2.02883313e-07-2.82602906e-07j, ...,
                 3.68586291e-08+8.73111166e-09j,
                -4.13361377e-08-9.63834769e-09j,
                 1.43380341e-08+0.00000000e+00j]],
              dims=(2, 2, 2, 2, 2, 2, 2, 2, 2, 2))","{'1001110100': 1, '0001000001': 1, '1011001011': 1, '1010011001': 1, '0010011001': 1, '0000010010': 1, '0001011011': 1, '1000001010': 1, '0101101110': 1, '1011010001': 2, '1000011101': 2, '0000000001': 1, '0011111110': 1, '1000001001': 1, '0110000101': 1, '1011010000': 1, '0010101110': 1, '0101010101': 1, '1011110110': 1, '1001001101': 2, '1011110001': 2, '0001100010': 1, '0101101100': 1, '1001010000': 2, '1001110101': 1, '0011000001': 1, '0000010001': 2, '1101110101': 1, '0101011101': 1, '1011001110': 1, '1000101111': 1, '1110101001': 1, '1001011001': 1, '1001101101': 46, '0000000110': 1, '1010010101': 2, '0100101110': 1, '0101101101': 4, '0100110001': 1, '1001101000': 1, '0001110011': 1, '1011010100': 1, '1001110000': 1, '0011111010': 1, '1001001100': 1, '1011010110': 14, '1010101011': 2, '0010010101': 1, '1001100111': 1, '1011101110': 2, '0001101000': 2, '1001100000': 1, '1001001011': 1, '0101010110': 1, '0001010110': 62, '1001110110': 3, '0010010010': 4, '1001010100': 7, '1001011110': 1, '1111010110': 2, '1011101011': 2, '1000100101': 2, '0001010011': 3, '0010110010': 1, '1111001010': 1, '0011110100': 1, '1011100110': 1, '1101100101': 2, '1000000100': 1, '1011101001': 10, '0111010010': 1, '0011101110': 2, '1010100101': 2, '0011110000': 1, '0000001110': 1, '1101101011': 1, '1001100001': 1, '0001010100': 8, '0001001001': 4, '1001101110': 10, '0101101111': 1, '0011000101': 1, '0110001100': 2, '1010010110': 4, '0001100001': 3, '0010101011': 2, '1001001010': 2, '1000101001': 4, '1011000001': 1, '0000101101': 7, '1001101100': 4, '1011110101': 2, '0001100101': 1, '0000011001': 1, '1010101010': 1, '0010101001': 4, '1101010110': 4, '1110010100': 1, '0001101001': 60, '0000111010': 1, '1011101101': 20, '1010101101': 5, '0001110010': 4, '0010001011': 1, '0001110001': 1, '1001110111': 1, '1000110100': 1, '1011001101': 1, '0010010110': 4, '1001001001': 8, '0001010111': 3, '0011101011': 1, '0001010000': 3, '1000011001': 1, '1001101011': 8, '1011101000': 3, '0011010101': 3, '0000110101': 1, '0001110110': 6, '1110010110': 1, '1010110010': 1, '1010001001': 1, '0010010001': 1, '0101101001': 4, '0100101101': 1, '0001101111': 2, '1000010111': 2, '0010100010': 1, '1001101111': 7, '0011101010': 2, '1000101000': 1, '1101101001': 5, '1011010011': 2, '1100101001': 1, '1101010011': 1, '0001001011': 3, '0101111001': 1, '0010111001': 1, '0001110101': 2, '1001010001': 8, '1101101101': 4, '0011010001': 2, '0011011110': 1, '0000110010': 1, '0101010010': 10, '0001001101': 6, '1001010111': 5, '0001001110': 1, '0001011001': 2, '0011101111': 3, '0011110101': 1, '1000101101': 6, '0110010010': 3, '0001101011': 9, '0100010110': 1, '1001000110': 1, '1000110110': 1, '1011111011': 1, '0001010010': 62, '1100110010': 1, '0011100001': 1, '0001101100': 2, '1001111111': 2, '1001100101': 5, '0000100001': 1, '1101000110': 1, '0000110100': 1, '1110101101': 2, '1011010111': 2, '0000010110': 7, '1001010011': 3, '1001101001': 56, '1001110010': 2, '1000110001': 1, '1011010010': 13, '0011010110': 13, '1101010010': 7, '0011010100': 2, '0000001100': 1, '1001010110': 61, '0011110010': 1, '0011010010': 17, '0001111101': 1, '1001000010': 2, '1011010101': 1, '1001101010': 6, '0001100110': 1, '1001100110': 2, '1001010101': 7, '0011000110': 1, '0001101101': 46, '0010101000': 1, '1101100110': 1, '1000110010': 2, '0101110010': 1, '0011101001': 13, '1000101100': 1, '1000010110': 4, '0001000110': 1, '0111010110': 2, '0011001001': 3, '1111001101': 1, '1000010010': 5, '0001010001': 9, '0001101010': 5, '0011101101': 12, '0100010010': 1, '0000101001': 5, '1010101001': 8, '0001010101': 2, '1010010010': 3, '0010101101': 4, '0001101110': 5, '1110001001': 1, '1001010010': 57}","DensityMatrix([[ 3.12228376e-06+0.00000000e+00j,
                 1.74677885e-06+9.40297553e-07j,
                 3.57253831e-06-4.63774080e-06j, ...,
                 4.03524659e-07-4.12154932e-08j,
                -4.25678085e-07-8.71735035e-09j,
                 1.21565752e-07-4.18574536e-08j],
               [ 1.74677885e-06-9.40297553e-07j,
                 8.67661035e-06+0.00000000e+00j,
                -1.64438066e-06-6.33814755e-06j, ...,
                 2.84722336e-07+4.18048797e-08j,
                -4.89632537e-07+2.18934569e-08j,
                 1.42417203e-07+2.15369577e-08j],
               [ 3.57253831e-06+4.63774080e-06j,
                -1.64438066e-06+6.33814755e-06j,
                 1.44923693e-05+0.00000000e+00j, ...,
                 4.25287445e-07+6.20554137e-07j,
                -3.95176492e-07-7.95728529e-07j,
                 1.72741327e-07+1.40683781e-07j],
               ...,
               [ 4.03524659e-07+4.12154932e-08j,
                 2.84722336e-07-4.18048797e-08j,
                 4.25287445e-07-6.20554137e-07j, ...,
                 2.34786707e-06+0.00000000e+00j,
                -6.43903347e-07-9.21218668e-07j,
                 6.18971232e-07-6.53011697e-07j],
               [-4.25678085e-07+8.71735035e-09j,
                -4.89632537e-07-2.18934569e-08j,
                -3.95176492e-07+7.95728529e-07j, ...,
                -6.43903347e-07+9.21218668e-07j,
                 1.18593296e-06+0.00000000e+00j,
                 1.01011444e-07+2.84338968e-07j],
               [ 1.21565752e-07+4.18574536e-08j,
                 1.42417203e-07-2.15369577e-08j,
                 1.72741327e-07-1.40683781e-07j, ...,
                 6.18971232e-07+6.53011697e-07j,
                 1.01011444e-07-2.84338968e-07j,
                 3.96315582e-07+0.00000000e+00j]],
              dims=(2, 2, 2, 2, 2, 2, 2, 2, 2, 2))"
data/selected_mutant_qc/mutants_ae_10/ae_10_Mutant_Replace_cp_P42_Q8_[3.141592653589793].qasm,PureState_3,"{'0000111111': 1, '1111001001': 1, '0000001110': 1, '0111111010': 1, '1110001010': 1, '1111110001': 1, '0101100100': 1, '0100101001': 1, '1101000111': 1, '0100101111': 1, '1100000101': 1, '1101111000': 1, '0110101001': 1, '0110010111': 1, '0111110101': 1, '1100100111': 1, '1111010001': 1, '0111001000': 7, '1101001110': 1, '1111110000': 3, '0111101001': 1, '0100011110': 3, '0111000111': 2, '0100001111': 2, '1100101011': 1, '0110110101': 3, '1110100000': 1, '1100001010': 1, '0100110011': 3, '0101100000': 1, '0110010000': 1, '0110011100': 1, '0111110010': 1, '0100001000': 3, '0111101000': 2, '1111110100': 1, '0101010110': 1, '1000101111': 1, '1111110010': 1, '0100000100': 1, '0111000101': 1, '0111001011': 8, '1100001111': 1, '1110101000': 1, '1101011010': 1, '1100100011': 1, '1110001110': 2, '1101110101': 2, '0100011100': 2, '1111100001': 2, '1101001111': 3, '1100001001': 1, '1100101010': 1, '1111001011': 4, '0111000110': 3, '1111100011': 1, '0000110101': 1, '0100010111': 6, '0111010000': 5, '0100011011': 3, '0111011010': 3, '1111111010': 1, '1111111011': 1, '1100101000': 1, '0110110100': 2, '1100011100': 1, '0110100101': 3, '1111111001': 2, '0101100101': 2, '0100010011': 3, '1111011111': 2, '0000011111': 1, '0101111000': 1, '0101110000': 1, '1110110111': 1, '0111011011': 4, '1110011010': 1, '1110011011': 2, '0111001111': 37, '1100111000': 3, '1100111001': 4, '0110110000': 2, '1110100100': 2, '0100100100': 5, '0100010100': 8, '1111101001': 1, '0101001000': 1, '0100100000': 4, '1101100100': 2, '0100111000': 3, '1100100000': 4, '0111100110': 2, '0100010001': 6, '1111001000': 4, '1100011110': 2, '0100101000': 3, '1100100010': 1, '0111010001': 2, '1111011000': 1, '0111011100': 1, '0111101111': 22, '1111100101': 6, '1111000110': 2, '1100011000': 5, '1111010111': 3, '0111110110': 1, '0111100111': 2, '0111100000': 3, '1100100001': 2, '1100100101': 5, '0110001010': 1, '1100010000': 19, '1100001110': 3, '1100110100': 9, '1110100011': 1, '0110011010': 2, '1100010100': 10, '0100011010': 9, '1100011001': 1, '1111000101': 1, '1111100000': 4, '0111100101': 7, '0100110010': 2, '1111000111': 3, '1100110001': 25, '1111001100': 3, '0110001111': 3, '1111111000': 2, '1100001000': 3, '0100000110': 1, '1111001111': 36, '0100011111': 5, '0100101011': 3, '1110001111': 2, '1110000111': 1, '1100010011': 4, '1110110011': 1, '1110011111': 1, '1111011001': 1, '1110010101': 1, '1111101010': 29, '1110110001': 3, '1101100101': 5, '1101001010': 1, '0111101010': 25, '1101011011': 1, '0111001100': 6, '0110010110': 2, '0111101100': 9, '1100000100': 2, '0100101110': 3, '0101001111': 4, '1100110000': 35, '1111001010': 20, '1110001011': 1, '0111001110': 12, '0100110000': 32, '0111010111': 5, '1100110101': 16, '1111010101': 3, '0101001010': 3, '0100110100': 18, '0100001010': 1, '0111011111': 2, '1101011111': 1, '0110100000': 2, '1100101110': 2, '0101100011': 2, '0111110000': 1, '1100011010': 9, '0111101110': 8, '1100101001': 5, '0111001010': 21, '0100010000': 8, '0110100011': 1, '1100011111': 7, '1111010110': 1, '0101000111': 1, '0100101010': 2, '0100100101': 11, '1100101111': 2, '1100010001': 6, '0100110001': 19, '0111101011': 15, '0111100001': 3, '1110010000': 1, '1111010000': 3, '0100100001': 1, '1110110000': 2, '0101011100': 1, '1100110011': 6, '0100110101': 14, '1111101110': 7, '1100110111': 6, '1100001011': 2, '1111101000': 5, '1100010111': 6, '0100010101': 28, '1100100100': 6, '0100110111': 4, '1100010101': 24, '0101011011': 2, '1111011011': 7, '0100110110': 2, '0100100111': 1, '0100001001': 2, '0100111001': 3, '1111110111': 2, '0111110111': 4, '1111101100': 3, '0111100100': 4, '1111101111': 15, '1100011011': 3, '1111001110': 13, '1111100100': 2, '0111110011': 1, '0111010110': 4, '1111100111': 5, '1110111001': 1, '1111011010': 4, '0000101111': 1, '0101010111': 2, '1111101011': 9}","DensityMatrix([[ 3.10852221e-06+0.00000000e+00j,
                 2.33106286e-06-4.84064309e-21j,
                -1.16544923e-06-2.33114506e-06j, ...,
                 1.11292804e-05+7.14588287e-06j,
                 2.29184569e-06-1.37569918e-05j,
                -6.08753522e-06-1.83370724e-05j],
               [ 2.33106286e-06+4.84064309e-21j,
                 1.74805058e-06+0.00000000e+00j,
                -8.73963650e-07-1.74811222e-06j, ...,
                 8.34578310e-06+5.35865631e-06j,
                 1.71864186e-06-1.03162887e-05j,
                -4.56500752e-06-1.37508648e-05j],
               [-1.16544923e-06+2.33114506e-06j,
                -8.73963650e-07+1.74811222e-06j,
                 2.18512487e-06+0.00000000e+00j, ...,
                -9.53144252e-06+5.66693820e-06j,
                 9.45739219e-06+6.87648305e-06j,
                 1.60336924e-05+2.30977900e-06j],
               ...,
               [ 1.11292804e-05-7.14588287e-06j,
                 8.34578310e-06-5.35865631e-06j,
                -9.53144252e-06-5.66693820e-06j, ...,
                 5.62725667e-05+0.00000000e+00j,
                -2.34192500e-05-5.45219459e-05j,
                -6.39482187e-05-5.16572171e-05j],
               [ 2.29184569e-06+1.37569918e-05j,
                 1.71864186e-06+1.03162887e-05j,
                 9.45739219e-06-6.87648305e-06j, ...,
                -2.34192500e-05+5.45219459e-05j,
                 6.25722987e-05+0.00000000e+00j,
                 7.66638447e-05-4.04603552e-05j],
               [-6.08753522e-06+1.83370724e-05j,
                -4.56500752e-06+1.37508648e-05j,
                 1.60336924e-05-2.30977900e-06j, ...,
                -6.39482187e-05+5.16572171e-05j,
                 7.66638447e-05+4.04603552e-05j,
                 1.20091248e-04+0.00000000e+00j]],
              dims=(2, 2, 2, 2, 2, 2, 2, 2, 2, 2))","{'1111001001': 1, '0011001010': 1, '0100111011': 1, '0111010100': 1, '0110100000': 1, '1011010110': 1, '0111011111': 4, '1010010000': 1, '1110000111': 1, '1111100011': 1, '0000110101': 1, '1110111011': 1, '0100001001': 1, '0100001110': 1, '0010011000': 1, '1110010110': 1, '0000101111': 1, '0110000110': 1, '1111000100': 1, '1100010010': 1, '0000101110': 1, '1101010001': 1, '0100000101': 2, '0010101111': 1, '0111000011': 1, '1100111110': 1, '1101101101': 1, '1011001111': 1, '0110100111': 1, '1110011010': 1, '1110100011': 1, '0000010001': 1, '1111010101': 1, '0011100000': 1, '0110100101': 4, '1000110001': 1, '1010110101': 1, '1100110110': 1, '1010101000': 1, '0010110101': 1, '0000011010': 1, '0000010111': 1, '1001100101': 1, '0000100011': 1, '0000011111': 1, '1101000001': 1, '0111000001': 1, '1110111000': 1, '1000010000': 2, '0111010011': 1, '0110001110': 2, '1110011000': 1, '1010010011': 1, '1111110001': 1, '0000011011': 2, '1100000100': 1, '1111100111': 3, '1110111010': 1, '0110110011': 1, '0110010010': 1, '0111011010': 5, '1000011100': 1, '0101110100': 1, '0001111001': 1, '0001010000': 2, '0011001110': 3, '0110001111': 1, '0011001111': 1, '0010000110': 1, '1101110101': 1, '1101001100': 1, '1110110101': 2, '1101001010': 2, '0101101010': 2, '0110010001': 1, '1110001010': 1, '1111100001': 5, '0000000000': 1, '1110101011': 1, '0100101111': 1, '0110101001': 1, '0111110001': 2, '1110001001': 2, '0010110100': 1, '0111100101': 7, '0111111010': 2, '0100100111': 1, '1101100111': 1, '0011001001': 1, '0110010101': 6, '0100011011': 1, '0111010000': 3, '0100010111': 4, '1110111001': 2, '0101110111': 2, '1111101000': 4, '1100100111': 2, '0111110101': 1, '1101101110': 1, '1111010110': 1, '1111100010': 1, '1100011111': 2, '0101101011': 1, '0110001000': 1, '0110010110': 2, '0111101100': 5, '1101010010': 2, '0100011001': 4, '0100001011': 2, '1110110000': 4, '1111100100': 2, '1111111000': 1, '0101011010': 1, '0111010101': 1, '1100001000': 5, '0111010110': 1, '1101011011': 2, '0111001100': 7, '1101100101': 3, '1111111111': 1, '0110110100': 3, '1101101000': 3, '1110010111': 1, '0101010101': 1, '1000101010': 1, '0111111011': 2, '1110101010': 1, '0110011011': 1, '0100101011': 1, '1110110100': 2, '1101101011': 5, '1110001111': 1, '1111111011': 1, '1111111010': 2, '1100101000': 3, '0111100010': 3, '1111011010': 4, '1111110010': 1, '0011100101': 1, '1000101111': 1, '0100110001': 8, '1100010001': 4, '1110010100': 2, '1101010110': 1, '1111001011': 8, '0100011111': 2, '1111001111': 23, '0100000110': 1, '1100001001': 2, '1101001111': 3, '1111110011': 1, '0100000100': 2, '1000011010': 2, '1100011110': 2, '0100101000': 5, '0000100100': 1, '0011111111': 1, '0101110000': 2, '0011001000': 1, '1101010000': 1, '0100101001': 6, '0100111100': 1, '1100011100': 1, '0101100111': 2, '1100100000': 2, '0100111000': 4, '1110111110': 1, '0100111001': 4, '1101001110': 1, '0111001000': 2, '0000100101': 1, '1100010011': 3, '1110110011': 3, '1110011111': 1, '0110001001': 1, '0111001111': 14, '1100111000': 4, '1000101000': 1, '1100101001': 2, '0111001010': 15, '0111101110': 6, '0100100101': 10, '1100100011': 1, '0100011110': 1, '0100001111': 1, '0111000111': 1, '0000001000': 1, '1110010000': 2, '0111110110': 4, '0111100111': 3, '0100100110': 1, '1100001110': 1, '1100110100': 5, '1110110111': 2, '0101101110': 1, '0100100001': 3, '1000010101': 1, '0100010100': 5, '0100100100': 5, '1110010011': 1, '0100110100': 6, '0101001010': 5, '1101011110': 1, '0111110111': 6, '1111101100': 3, '1101101010': 4, '1101100011': 1, '1111001000': 3, '0100010001': 7, '1111110111': 4, '0010011010': 1, '0111010001': 1, '1111100000': 2, '0101011111': 2, '0110011010': 4, '1100010100': 5, '0100011010': 5, '1100110111': 7, '0011110000': 1, '0110000000': 1, '1100001011': 1, '1100001111': 4, '0110011000': 1, '0111001011': 3, '0111000100': 4, '1111101011': 4, '0100010000': 8, '1101000000': 1, '1100111001': 5, '0111101011': 9, '1110000100': 2, '1111001110': 6, '1111001010': 15, '1110001011': 1, '1000100101': 2, '0111001110': 15, '0100101100': 1, '1100010000': 13, '1101010100': 2, '1111011011': 1, '1110010001': 1, '0011101010': 3, '1101110100': 1, '0110010000': 1, '0101010100': 1, '0110011100': 3, '0100001000': 1, '1100100001': 1, '0111100000': 6, '1001001111': 2, '0111011000': 1, '0101001000': 3, '0010011011': 1, '0100100000': 5, '1101011010': 1, '1111100101': 3, '1111011000': 2, '0111101111': 14, '1100101111': 2, '1100011010': 9, '0111110100': 3, '1011101111': 1, '1011001100': 1, '0101001111': 7, '1011010000': 1, '1100100100': 3, '0101010001': 1, '1100101110': 3, '0100001100': 1, '0011100100': 1, '0111011011': 2, '1101101111': 1, '0110110111': 1, '0101100101': 2, '1111111001': 2, '0100010101': 13, '1100101011': 1, '1101111011': 1, '0101110011': 1, '0110110000': 7, '0111111000': 1, '1110000000': 1, '1101111001': 2, '0111100100': 1, '1100011011': 3, '1111101111': 16, '0101100100': 2, '0000011100': 1, '1101001000': 2, '0111101001': 1, '0100010011': 4, '1111000011': 1, '0000110111': 1, '0100110111': 2, '1100010101': 24, '0111000101': 1, '0000010000': 1, '0000010100': 2, '1110011100': 1, '0011001100': 1, '1001011111': 1, '0110001100': 1, '1111110100': 1, '0111101000': 6, '0110100001': 2, '1110010101': 4, '1111011001': 1, '1100101010': 4, '1110100000': 1, '0110110101': 5, '1100100110': 1, '1111101110': 1, '0000110000': 1, '0101110101': 2, '0110011111': 2, '1101001011': 3, '1100111010': 2, '0101000101': 1, '1111010000': 3, '1011100101': 3, '1001001110': 1, '0101001110': 5, '1100110000': 28, '0101100000': 1, '0010011100': 1, '0100110011': 3, '0101110001': 2, '1000110000': 1, '0101101111': 1, '1101011101': 1, '0111011110': 3, '1100000011': 1, '1100011000': 2, '0100011000': 3, '1110110001': 3, '1111101010': 12, '0110101010': 3, '1111000111': 1, '1100110001': 11, '1111001100': 3, '0111100110': 2, '0101000111': 1, '0100101010': 2, '1101101100': 1, '1101100000': 1, '0111110000': 3, '1100001100': 1, '0000010101': 2, '1111000110': 4, '0101000110': 1, '0100110101': 13, '1100110011': 5, '0101011100': 1, '0100000111': 1, '1101110000': 6, '1100100101': 7, '1000110101': 2, '1100110101': 16, '0111101010': 13, '0111010111': 2, '1101000110': 1, '0100110000': 19, '1100010111': 7}","DensityMatrix([[ 3.08755561e-05+0.00000000e+00j,
                -2.78366669e-07+1.47164142e-07j,
                 8.16643364e-06-1.20283003e-06j, ...,
                 9.22056300e-06+3.26558369e-06j,
                -1.16922195e-06-9.96371382e-06j,
                -8.87101917e-06-1.28950804e-05j],
               [-2.78366669e-07-1.47164142e-07j,
                 7.40178563e-06+0.00000000e+00j,
                -4.17329598e-06-4.73410788e-06j, ...,
                 6.54558004e-06+4.79780319e-06j,
                 9.98001351e-07-7.44171920e-06j,
                -6.37859488e-06-1.02135207e-05j],
               [ 8.16643364e-06+1.20283003e-06j,
                -4.17329598e-06+4.73410788e-06j,
                 1.22992390e-05+0.00000000e+00j, ...,
                -6.28012620e-06+3.17203579e-06j,
                 7.49614478e-06+5.94888767e-06j,
                 1.30749429e-05-2.52838155e-07j],
               ...,
               [ 9.22056300e-06-3.26558369e-06j,
                 6.54558004e-06-4.79780319e-06j,
                -6.28012620e-06-3.17203579e-06j, ...,
                 7.84348365e-05+0.00000000e+00j,
                -2.80022341e-05-5.07402425e-05j,
                -3.97614792e-05-3.22788197e-05j],
               [-1.16922195e-06+9.96371382e-06j,
                 9.98001351e-07+7.44171920e-06j,
                 7.49614478e-06-5.94888767e-06j, ...,
                -2.80022341e-05+5.07402425e-05j,
                 9.16972048e-05+0.00000000e+00j,
                 6.32376176e-05-6.20577168e-05j],
               [-8.87101917e-06+1.28950804e-05j,
                -6.37859488e-06+1.02135207e-05j,
                 1.30749429e-05+2.52838155e-07j, ...,
                -3.97614792e-05+3.22788197e-05j,
                 6.32376176e-05+6.20577168e-05j,
                 2.38235745e-04+0.00000000e+00j]],
              dims=(2, 2, 2, 2, 2, 2, 2, 2, 2, 2))"
data/selected_mutant_qc/mutants_ae_10/ae_10_Mutant_Replace_cp_P42_Q8_[3.141592653589793].qasm,PureState_4,"{'1000101101': 1, '0010011000': 1, '0000010110': 1, '1010010010': 1, '1010101010': 1, '1000111110': 2, '1000111001': 1, '0000001010': 3, '1000110010': 1, '0000101010': 13, '0000011100': 1, '0000010101': 69, '0000111001': 4, '0011001001': 1, '0000101110': 1, '0011000110': 1, '1000110101': 5, '1001011010': 10, '0010101010': 3, '1010111010': 1, '1000000001': 1, '1000010110': 2, '1000000011': 1, '0101100101': 1, '0110100101': 1, '1000010010': 1, '1011000101': 2, '0000110000': 1, '0100100101': 1, '1100011010': 2, '0000001011': 2, '0000001110': 2, '0000001100': 2, '0011101110': 1, '1011010101': 2, '0000000101': 10, '1000001010': 2, '0001010101': 1, '0111000101': 1, '0001100101': 10, '0100111010': 1, '0000110101': 7, '0000000010': 2, '0011011010': 8, '0000001101': 5, '1110011010': 1, '1001100101': 4, '1000010101': 61, '1000001101': 4, '1111000101': 1, '0111100101': 2, '1000100100': 1, '0000101101': 2, '1000101110': 3, '1000100011': 1, '1011011101': 1, '1111100101': 1, '1011011010': 8, '1000101001': 1, '0000100100': 1, '1000001001': 2, '0111011010': 1, '1000010011': 1, '0000100110': 2, '0100011010': 4, '1000100010': 3, '1000101010': 8, '0000011101': 2, '1000011001': 1, '0011000001': 1, '1011100101': 12, '0011000101': 3, '1000000101': 13, '1010010101': 1, '0000000110': 14, '0011100101': 16, '0011001010': 1, '1000001100': 2, '0010011010': 12, '1011111001': 1, '0000011010': 60, '1000110000': 1, '1000011010': 65, '0000110010': 3, '0000011001': 2, '1000111010': 109, '1000011101': 1, '1010000110': 1, '1000100101': 106, '1000100110': 4, '0000110110': 1, '1000011110': 2, '1010011010': 13, '0011011001': 1, '0010111010': 3, '0000111010': 116, '0010100101': 11, '0000100101': 115, '0011010101': 1, '1010100101': 6, '1000000110': 9, '1011001101': 1, '0000010010': 2, '0001011010': 9}","DensityMatrix([[ 1.74825914e-04+0.00000000e+00j,
                 2.33134098e-04-2.45762343e-20j,
                 1.55389853e-04-3.10812585e-04j, ...,
                -2.83559884e-05+8.57475194e-06j,
                 1.01486398e-05+1.46944917e-05j,
                -3.59348501e-06+1.10296162e-05j],
               [ 2.33134098e-04+2.45762343e-20j,
                 3.10889309e-04+0.00000000e+00j,
                 2.07215695e-04-4.14475234e-04j, ...,
                -3.78133173e-05+1.14346152e-05j,
                 1.35334283e-05+1.95954192e-05j,
                -4.79198916e-06+1.47082293e-05j],
               [ 1.55389853e-04+3.10812585e-04j,
                 2.07215695e-04+4.14475234e-04j,
                 6.90689765e-04+0.00000000e+00j, ...,
                -4.04480864e-05-4.27909594e-05j,
                -1.71040852e-05+3.11035117e-05j,
                -2.28028817e-05+3.41476881e-06j],
               ...,
               [-2.83559884e-05-8.57475194e-06j,
                -3.78133173e-05-1.14346152e-05j,
                -4.04480864e-05+4.27909594e-05j, ...,
                 5.01978468e-06+0.00000000e+00j,
                -9.25338157e-07-2.88114555e-06j,
                 1.12382105e-06-1.61270386e-06j],
               [ 1.01486398e-05-1.46944917e-05j,
                 1.35334283e-05-1.95954192e-05j,
                -1.71040852e-05-3.11035117e-05j, ...,
                -9.25338157e-07+2.88114555e-06j,
                 1.82423171e-06+0.00000000e+00j,
                 7.18461106e-07+9.42309029e-07j],
               [-3.59348501e-06-1.10296162e-05j,
                -4.79198916e-06-1.47082293e-05j,
                -2.28028817e-05-3.41476881e-06j, ...,
                 1.12382105e-06+1.61270386e-06j,
                 7.18461106e-07-9.42309029e-07j,
                 7.69711797e-07+0.00000000e+00j]],
              dims=(2, 2, 2, 2, 2, 2, 2, 2, 2, 2))","{'0110000110': 1, '0010011110': 1, '0001010010': 1, '1000010000': 1, '1011000001': 1, '0111100001': 1, '1111111001': 1, '0100010101': 1, '0110000101': 1, '1111000100': 1, '1010100001': 1, '1000000100': 1, '1000110110': 1, '1011111110': 1, '1011011011': 2, '1011100101': 13, '1010001010': 2, '1010000110': 1, '1000100110': 4, '0110100101': 3, '1001001110': 1, '0001010101': 3, '1100000101': 1, '0000100011': 2, '1000000110': 11, '1111000101': 1, '1010000101': 3, '1111011010': 1, '0011011011': 1, '0010001010': 1, '1000010100': 2, '0100011110': 1, '0000100111': 1, '0100011010': 3, '1010011110': 1, '0010010010': 2, '0000111101': 3, '0000010000': 1, '0111000101': 2, '1011111010': 1, '0001100101': 15, '1111100101': 3, '0000110001': 2, '1011110010': 1, '0000010001': 1, '1010110101': 1, '0011111010': 1, '0100000101': 1, '1000111011': 2, '1000000101': 12, '1000000000': 1, '0100010110': 1, '1000010001': 2, '1011001101': 3, '0010110011': 1, '0000101011': 1, '0010100001': 1, '1000011011': 2, '0010110010': 1, '0111001100': 1, '0000100110': 6, '1011011010': 6, '1110111110': 1, '1010011001': 2, '0000011010': 55, '1000001110': 3, '0000001001': 1, '1000101101': 1, '1000000111': 1, '0010011001': 1, '0000101010': 8, '0000011110': 2, '0010010001': 2, '0011000011': 1, '1110101010': 1, '1000111111': 1, '0001011010': 7, '0010000111': 1, '0001101101': 1, '1101011010': 2, '0000110110': 1, '1100101001': 1, '1100011000': 1, '1010000001': 1, '0111100101': 4, '1000100001': 3, '0101011001': 1, '0101011010': 1, '1111100001': 1, '0000000100': 1, '1110011010': 1, '0000010111': 1, '0000001101': 2, '0010111100': 1, '1010110001': 1, '0000100010': 1, '1100100110': 1, '1111101110': 1, '1010110010': 1, '1010001001': 1, '1010101010': 2, '1010111000': 1, '1000110010': 1, '1000110111': 1, '0000110000': 1, '1010010110': 2, '0000010100': 1, '0000111010': 59, '0001011110': 1, '0000000001': 1, '1010111010': 6, '1000011001': 1, '1000000001': 1, '0010000101': 3, '0010110101': 1, '0001110001': 1, '0010000110': 1, '0100100011': 1, '1000111000': 1, '1010101101': 2, '1011101101': 1, '0010100101': 20, '0000110101': 10, '1010001011': 1, '1000010110': 4, '0011010101': 1, '0010100110': 1, '1000001101': 1, '1000110000': 2, '0100111010': 7, '0000001010': 2, '1100111010': 3, '0000010101': 40, '0000111001': 2, '0000111110': 3, '1011100001': 1, '0110111010': 2, '1001100001': 1, '0000111011': 1, '0000011011': 1, '0000010110': 1, '1000100000': 1, '1010101011': 1, '0010010101': 6, '1010100101': 14, '0000100101': 69, '1000111101': 1, '0110100010': 1, '0100000110': 1, '0011000101': 5, '0000011101': 1, '0001111010': 3, '1111001101': 1, '1000010010': 3, '1011000101': 2, '0011100101': 13, '0010001101': 1, '1100110101': 1, '0000000101': 11, '1100100101': 3, '1000110101': 10, '0100100100': 1, '1000010101': 51, '1100111000': 1, '0000010011': 1, '1001001010': 1, '1000101001': 3, '1010011011': 1, '0010111010': 5, '1001111010': 3, '1010011010': 20, '1000111001': 3, '1000111110': 3, '0110101110': 1, '1000101100': 1, '1001010101': 4, '0011100110': 1, '1000101110': 1, '1111000111': 2, '0100100010': 1, '0011001101': 1, '0000111111': 1, '0100100101': 3, '1001011010': 8, '1111101111': 1, '0101100001': 1, '0000011001': 2, '0000101111': 1, '1010010111': 1, '1110100101': 2, '1000011101': 1, '0010111000': 1, '0000111000': 1, '0011011010': 5, '0010111001': 3, '0000001000': 1, '1000100010': 2, '1000001010': 4, '1000101010': 6, '0011101010': 1, '0000111100': 1, '0000110010': 2, '1000100100': 3, '0000000110': 5, '1010010101': 8, '0000001110': 1, '0001000101': 3, '0000101100': 1, '1000011010': 51, '1100011010': 6, '0010011010': 21, '0110000011': 1, '0000000011': 2, '1000100101': 63, '0010111110': 2, '1001011001': 2, '1001100101': 7, '0011111001': 2, '0000011000': 1, '1000111010': 83, '1100010101': 3, '1001001101': 1, '0011011000': 1}","DensityMatrix([[ 2.07152463e-04+0.00000000e+00j,
                 1.80361932e-04-3.04335169e-05j,
                 1.70171539e-04-2.57524526e-04j, ...,
                -2.19000416e-05+5.39603756e-06j,
                 7.47442086e-06+1.18086917e-05j,
                -2.61671254e-06+8.45028797e-06j],
               [ 1.80361932e-04+3.04335169e-05j,
                 5.23890911e-04+0.00000000e+00j,
                 1.05224032e-04-3.05831756e-04j, ...,
                -2.92751295e-05+5.80505036e-06j,
                 7.53488925e-06+1.76710413e-05j,
                -3.81257779e-06+1.07107941e-05j],
               [ 1.70171539e-04+2.57524526e-04j,
                 1.05224032e-04+3.05831756e-04j,
                 7.43768403e-04+0.00000000e+00j, ...,
                -2.77274025e-05-3.28140767e-05j,
                -1.47222915e-05+2.29333883e-05j,
                -1.68296820e-05+1.84599986e-06j],
               ...,
               [-2.19000416e-05-5.39603756e-06j,
                -2.92751295e-05-5.80505036e-06j,
                -2.77274025e-05+3.28140767e-05j, ...,
                 1.37540713e-05+0.00000000e+00j,
                -6.80282382e-06-4.48019719e-06j,
                 3.62879662e-06-3.04237273e-06j],
               [ 7.47442086e-06-1.18086917e-05j,
                 7.53488925e-06-1.76710413e-05j,
                -1.47222915e-05-2.29333883e-05j, ...,
                -6.80282382e-06+4.48019719e-06j,
                 9.58914455e-06+0.00000000e+00j,
                -6.37680035e-07+1.93955415e-06j],
               [-2.61671254e-06-8.45028797e-06j,
                -3.81257779e-06-1.07107941e-05j,
                -1.68296820e-05-1.84599986e-06j, ...,
                 3.62879662e-06+3.04237273e-06j,
                -6.37680035e-07-1.93955415e-06j,
                 2.36178857e-06+0.00000000e+00j]],
              dims=(2, 2, 2, 2, 2, 2, 2, 2, 2, 2))"
data/selected_mutant_qc/mutants_ae_10/ae_10_Mutant_Replace_cp_P42_Q8_[3.141592653589793].qasm,PureState_5,"{'1100000010': 1, '0111011010': 1, '1011100111': 1, '0100000011': 1, '1110010110': 1, '0101011010': 1, '0111001001': 1, '0011010001': 1, '1100001010': 1, '0100010011': 1, '1111010110': 3, '0010010111': 2, '0111110010': 1, '1100110110': 1, '1010111001': 1, '0101100001': 1, '1100001011': 2, '0100100101': 1, '1101010011': 1, '0110100110': 1, '1100000101': 2, '1100010011': 1, '1110000111': 2, '1111011010': 1, '1111111010': 2, '0101100110': 3, '0100110001': 1, '1111110010': 1, '1101001001': 1, '1101010010': 2, '0100111011': 1, '0111100000': 1, '1110100110': 1, '0101001111': 3, '0101001110': 2, '1000111000': 1, '1100011011': 2, '0101001011': 2, '0100011101': 1, '1101100111': 1, '0111101110': 3, '1111100001': 3, '1111010101': 1, '0110101111': 1, '0111110000': 1, '0101111000': 1, '1101101001': 1, '1111101110': 1, '0110100000': 1, '0111001011': 1, '1100001101': 1, '1111100100': 1, '1111110000': 3, '0110111110': 1, '0100001000': 1, '1111010011': 1, '0100011000': 4, '0110101001': 6, '1100000011': 1, '1100001111': 2, '0111101010': 1, '1100001110': 5, '1100000110': 6, '1101010111': 9, '0110100101': 2, '1101011010': 4, '1111100101': 1, '1111000110': 16, '1100011000': 6, '1100011110': 2, '0100001110': 4, '0101010111': 7, '0111000110': 8, '1111000001': 1, '1100110001': 2, '0111010111': 2, '1101011110': 1, '1111100111': 5, '0111010110': 3, '0111000111': 6, '1100111000': 10, '0110110010': 1, '0100001001': 2, '1111111111': 1, '1111101100': 1, '0100010001': 4, '0100011110': 1, '0100000111': 14, '0111111001': 13, '1100100111': 16, '0010111001': 1, '0100000110': 9, '1111100110': 7, '0111100110': 11, '1011100101': 1, '1100111010': 1, '1101001111': 1, '0110100001': 1, '1101000111': 17, '0100001010': 1, '1110101001': 5, '1110111000': 22, '1110100100': 4, '0100000001': 1, '0111110001': 2, '1111000111': 11, '0100101001': 1, '1111110100': 4, '1111100010': 1, '0111011001': 11, '0111100001': 2, '0101100111': 3, '0110110001': 1, '1101011101': 1, '1100101001': 2, '0111110110': 3, '0111100111': 8, '1111101010': 1, '0101000111': 14, '1101001110': 2, '0110011001': 4, '0111101000': 31, '0110101000': 5, '1101011011': 1, '1111001111': 1, '0100100111': 9, '1101001011': 1, '0100011010': 2, '1110110100': 1, '1110101110': 1, '0100100110': 16, '1101000110': 13, '1100010110': 45, '1100111001': 10, '1101100110': 4, '1111111011': 1, '0111011000': 16, '0100111000': 11, '0100010110': 37, '0111111000': 10, '0110011000': 1, '0101011011': 3, '0111100100': 2, '0100010111': 34, '1110111001': 18, '0101110110': 1, '0100001111': 3, '0100100100': 1, '1100011001': 8, '1100000111': 14, '0110110000': 1, '1111110001': 3, '1110011001': 2, '0100000100': 1, '1100000001': 1, '1111111001': 8, '0110111001': 11, '1100100110': 19, '0110111000': 18, '1111110110': 1, '1111101000': 36, '0101010110': 6, '1111101001': 38, '1100010111': 38, '0110010111': 1, '1101000011': 1, '0110100100': 1, '1110110010': 1, '0111111100': 2, '1111011000': 17, '1111011001': 17, '1110101000': 6, '1111111110': 3, '0100011011': 4, '0100111001': 6, '0111111011': 1, '1110101010': 2, '0111101001': 35, '0101000110': 12, '1011011001': 1, '1110101101': 1, '1101010110': 5, '1111111000': 16, '0100011001': 12}","DensityMatrix([[ 2.44376532e-07+0.00000000e+00j,
                -7.33026203e-07+8.46140662e-22j,
                -3.20724812e-07+4.58399861e-08j, ...,
                -4.14607248e-06-3.63552681e-06j,
                 9.40531347e-06+7.93877228e-06j,
                 7.04481695e-06-2.51177456e-06j],
               [-7.33026203e-07-8.46140662e-22j,
                 2.19876847e-06+0.00000000e+00j,
                 9.62038741e-07-1.37500564e-07j, ...,
                 1.24364633e-05+1.09050423e-05j,
                -2.82119611e-05-2.38129580e-05j,
                -2.11314702e-05+7.53426097e-06j],
               [-3.20724812e-07-4.58399861e-08j,
                 9.62038741e-07+1.37500564e-07j,
                 4.29524507e-07+0.00000000e+00j, ...,
                 4.75944154e-06+5.54905802e-06j,
                -1.08545782e-05-1.21832512e-05j,
                -9.71692037e-06+1.97504281e-06j],
               ...,
               [-4.14607248e-06+3.63552681e-06j,
                 1.24364633e-05-1.09050423e-05j,
                 4.75944154e-06-5.54905802e-06j, ...,
                 1.24426727e-04+0.00000000e+00j,
                -2.77672860e-04+5.23186071e-06j,
                -8.21547704e-05+1.47418493e-04j],
               [ 9.40531347e-06-7.93877228e-06j,
                -2.82119611e-05+2.38129580e-05j,
                -1.08545782e-05+1.21832512e-05j, ...,
                -2.77672860e-04-5.23186071e-06j,
                 6.19879598e-04+0.00000000e+00j,
                 1.89536634e-04-3.25527267e-04j],
               [ 7.04481695e-06+2.51177456e-06j,
                -2.11314702e-05-7.53426097e-06j,
                -9.71692037e-06-1.97504281e-06j, ...,
                -8.21547704e-05-1.47418493e-04j,
                 1.89536634e-04+3.25527267e-04j,
                 2.28902738e-04+0.00000000e+00j]],
              dims=(2, 2, 2, 2, 2, 2, 2, 2, 2, 2))","{'0110011001': 1, '1010111011': 1, '0100111011': 1, '1101000101': 1, '1000011111': 1, '1010110111': 1, '1101110100': 1, '0000011110': 1, '1011111001': 1, '0001111001': 1, '0111101101': 1, '1010100100': 1, '0101001010': 1, '0110111110': 1, '1011001001': 1, '1010100110': 1, '1010101001': 1, '1100111011': 1, '1110100100': 1, '0011000110': 1, '1100110000': 1, '1111011100': 1, '0011000010': 1, '0010011000': 1, '0010000111': 1, '0101011011': 1, '1100101011': 1, '0100001001': 1, '0011000111': 1, '0001001111': 1, '1110100101': 1, '1110101011': 1, '0000010111': 2, '1101010000': 1, '0111100000': 1, '1100010011': 1, '1110011010': 1, '0101101100': 2, '1010010110': 3, '1111000100': 1, '1011010110': 1, '1100100100': 1, '0010000110': 1, '0000110011': 1, '1000011001': 2, '0100001101': 1, '0111011011': 1, '0111101010': 2, '0110001010': 1, '1101000011': 2, '1011010111': 1, '0101111011': 2, '1100000011': 1, '1011011001': 1, '0111101110': 3, '1111111111': 1, '0000000101': 1, '1100100101': 2, '0111110100': 1, '0101111010': 1, '1101100100': 1, '1110110100': 1, '0000001110': 1, '1101111010': 1, '1100010100': 1, '0110100010': 2, '0100000010': 2, '1110110110': 1, '1000100110': 2, '1100111010': 2, '0100111100': 1, '1100011100': 1, '0100010101': 2, '0101001011': 3, '1111001000': 1, '1011000111': 2, '0111000101': 1, '0000010000': 2, '0110111100': 2, '1110000101': 1, '1101001111': 1, '1100001001': 1, '0000010110': 2, '1100000100': 1, '1011000011': 1, '1110010011': 1, '1101101000': 3, '0101111001': 2, '0010111001': 2, '0100000110': 4, '0101101000': 3, '0110011011': 2, '1111011000': 16, '1111100101': 1, '0111011100': 2, '1100011001': 8, '0011111000': 3, '1110010110': 9, '0110100100': 1, '1111000010': 1, '1100101110': 2, '1000101000': 1, '1101101001': 5, '1100101001': 1, '1111111000': 5, '0101011001': 2, '0010010111': 1, '0101000010': 2, '0100010011': 2, '0110010010': 1, '1110000111': 1, '1100111100': 1, '1110010001': 2, '1100001111': 4, '0110011000': 4, '1111010011': 1, '0100100111': 13, '1101100111': 1, '1001001011': 1, '1100010001': 1, '0111111100': 1, '1001101001': 1, '1101011001': 1, '1110110101': 2, '1111010101': 2, '0110101011': 1, '1111010111': 1, '1000010110': 1, '1111100000': 1, '1011100111': 1, '1110101100': 1, '1111100010': 1, '1111010110': 1, '1100011111': 1, '0111011000': 13, '1111101001': 28, '1110010111': 5, '0100001111': 1, '1000100111': 1, '1100010110': 24, '0100011110': 5, '0111000111': 8, '0100011001': 4, '0101100101': 1, '1111111001': 11, '0111011101': 3, '1100000101': 2, '0101000011': 1, '0101001110': 1, '1110100110': 2, '1110111100': 2, '1111100110': 6, '0111000100': 1, '1110011000': 3, '0110100110': 2, '1001101101': 1, '0000000110': 1, '1100101101': 1, '0110100111': 3, '1100100110': 5, '1111101110': 1, '1110001001': 2, '0110110000': 2, '1111101101': 1, '1101011010': 1, '0100010010': 3, '0001100111': 3, '1001000110': 1, '1111100011': 1, '0111000110': 3, '1100000111': 12, '0000111000': 1, '1110000010': 1, '0010111000': 3, '0100000011': 1, '0100110110': 2, '1101011000': 2, '0110101000': 4, '0101000111': 7, '1110110001': 2, '1111101010': 2, '1110100111': 2, '0100111000': 7, '1111010001': 1, '0111110001': 3, '0100100010': 2, '0100101101': 1, '1111000111': 7, '1011101001': 2, '0111101100': 2, '0110010110': 7, '1101010010': 4, '1111101000': 23, '0010100111': 1, '0101011101': 1, '0110000100': 1, '1010000111': 1, '1110111101': 2, '1010111001': 4, '1010111100': 1, '0011011000': 2, '1101011011': 1, '1111100001': 2, '0101000001': 1, '1100000010': 1, '0100001010': 1, '0010101110': 1, '1011111000': 2, '1110010100': 1, '1101010110': 5, '0111111001': 6, '1010010111': 2, '0110111001': 7, '1101110000': 1, '0100000111': 13, '0111110101': 1, '1100100111': 11, '0111111110': 3, '0111101000': 22, '1111110100': 1, '0111011001': 11, '0101111000': 2, '0100111001': 5, '1101001110': 2, '0111001000': 4, '0000111001': 3, '0101010110': 8, '1111000110': 6, '1011101100': 1, '0100011000': 4, '1100011000': 11, '1101000110': 12, '0110001011': 1, '0100100011': 1, '0010011001': 2, '0100110010': 1, '1101111000': 2, '1101010111': 3, '1000000111': 1, '0110110101': 1, '0101000110': 9, '0111100110': 8, '0100011101': 1, '1110000110': 2, '0111111010': 1, '1111111011': 2, '1111111010': 2, '1100101000': 3, '1111011001': 13, '0111001001': 3, '0110000111': 2, '0110101001': 6, '0101110000': 2, '1000010111': 3, '0011001111': 1, '0100010111': 23, '1110111001': 15, '0111010001': 2, '1100011110': 1, '0100101000': 2, '1100110110': 2, '1100111001': 5, '1011100110': 1, '1101001000': 1, '0111101001': 37, '1111110000': 2, '1111100100': 1, '0101101001': 7, '1110101000': 8, '1111001010': 2, '0111100100': 2, '1100011011': 2, '0111100111': 10, '0000011000': 1, '0011111001': 1, '1010011000': 1, '1100010010': 3, '0110001001': 1, '1100111000': 9, '1101000111': 9, '0101100111': 3, '0101110101': 1, '1101100110': 3, '1010111000': 2, '1100001110': 4, '0100100110': 6, '1101110110': 4, '0110111000': 14, '0100010110': 20, '1100110111': 2, '1101011110': 2, '0101100110': 5, '1111101100': 1, '0111111000': 12, '1011101000': 1, '0100100101': 1, '0010001110': 1, '0100001110': 4, '0000001011': 1, '0110000110': 1, '0101010111': 4, '0101100001': 1, '0000011001': 3, '1110111000': 11, '1110101001': 5, '0110010111': 3, '1100010111': 20, '1011111010': 1, '1110011001': 7, '1111110001': 2, '1100000110': 6, '0100001000': 1, '1111100111': 2, '0111010110': 1, '1100011101': 2, '0011101001': 2}","DensityMatrix([[ 5.24147913e-06+0.00000000e+00j,
                -4.59518284e-06-1.60547514e-06j,
                -4.34271253e-06+2.60910016e-06j, ...,
                -3.69118373e-06-2.46293284e-06j,
                 7.39291588e-06+5.52763934e-06j,
                 5.59717156e-06-2.25706395e-06j],
               [-4.59518284e-06+1.60547514e-06j,
                 4.69996965e-05+0.00000000e+00j,
                 1.10650070e-05+4.17477770e-06j, ...,
                 9.65378227e-06+8.73783537e-06j,
                -2.36031150e-05-2.18994758e-05j,
                -1.73625530e-05+6.82536537e-06j],
               [-4.34271253e-06-2.60910016e-06j,
                 1.10650070e-05-4.17477770e-06j,
                 8.15525571e-06+0.00000000e+00j, ...,
                 4.11645142e-06+4.37577993e-06j,
                -9.59587718e-06-1.00948446e-05j,
                -8.23144146e-06+2.02640414e-06j],
               ...,
               [-3.69118373e-06+2.46293284e-06j,
                 9.65378227e-06-8.73783537e-06j,
                 4.11645142e-06-4.37577993e-06j, ...,
                 1.46630394e-04+0.00000000e+00j,
                -2.30629266e-04-9.70070511e-06j,
                -8.16655506e-05+1.28117512e-04j],
               [ 7.39291588e-06-5.52763934e-06j,
                -2.36031150e-05+2.18994758e-05j,
                -9.59587718e-06+1.00948446e-05j, ...,
                -2.30629266e-04+9.70070511e-06j,
                 7.65170857e-04+0.00000000e+00j,
                 1.42560607e-04-3.47270295e-04j],
               [ 5.59717156e-06+2.25706395e-06j,
                -1.73625530e-05-6.82536537e-06j,
                -8.23144146e-06-2.02640414e-06j, ...,
                -8.16655506e-05-1.28117512e-04j,
                 1.42560607e-04+3.47270295e-04j,
                 2.42463024e-04+0.00000000e+00j]],
              dims=(2, 2, 2, 2, 2, 2, 2, 2, 2, 2))"
data/selected_mutant_qc/mutants_ae_10/ae_10_Mutant_Replace_cp_P42_Q8_[3.141592653589793].qasm,PureState_6,"{'0101111001': 1, '0010010001': 1, '1111001101': 1, '1100000111': 1, '0100111100': 1, '0110100101': 2, '1101000110': 1, '1100001101': 1, '0100000000': 1, '0101110101': 1, '0111111000': 1, '1111110000': 1, '0100011010': 1, '0101011111': 2, '1111111000': 1, '0101011010': 1, '1101010000': 2, '1101110101': 1, '0101110000': 1, '1100110110': 1, '1101000010': 1, '0110100000': 2, '0100001010': 1, '1100000010': 2, '0101110010': 2, '1110010111': 1, '0110000000': 5, '1100001011': 6, '1110011001': 1, '0100001011': 2, '1100111110': 5, '0100000110': 2, '0100010111': 1, '0111100100': 2, '1111000001': 3, '1110111001': 2, '0100010010': 3, '1101011010': 2, '1110000001': 12, '0100111011': 1, '0110100100': 1, '0110000010': 1, '1101110100': 1, '1110101001': 1, '1110100010': 5, '0100010110': 1, '1111100100': 1, '0111101101': 2, '0110011101': 1, '0110001001': 1, '1101100100': 2, '0111001101': 1, '1100001110': 1, '1110001100': 3, '0100111110': 1, '0101011101': 1, '1110011110': 2, '1111101000': 1, '0101110111': 1, '1101000000': 4, '0111110110': 2, '1111110101': 1, '1101110011': 5, '1110100001': 6, '0110101111': 2, '1100010001': 3, '0111111100': 12, '0101101101': 1, '0101011110': 9, '0110111100': 17, '1111111110': 15, '1110000101': 1, '0110111101': 4, '0100001001': 1, '0111001000': 2, '1101001110': 1, '0100010001': 4, '0101001011': 4, '0100010011': 4, '0101000010': 2, '0111101111': 2, '0110010001': 8, '1110001010': 1, '0101010011': 48, '1110110001': 1, '0100111111': 1, '0110101101': 6, '1111110001': 1, '1110000000': 4, '0101010001': 18, '1100101110': 1, '1111000010': 1, '0110001100': 7, '1110000010': 6, '1101101110': 4, '0100100011': 2, '0110010000': 1, '1100110011': 1, '0101101111': 1, '0111011110': 1, '1101011101': 2, '1101010011': 32, '0111101100': 4, '1101010010': 10, '0110010110': 1, '1110101000': 3, '1101101100': 5, '1101111000': 1, '1011110101': 1, '1100001010': 2, '0101010010': 7, '1110100000': 4, '1011111110': 1, '1101101101': 4, '0101110001': 2, '0110001110': 1, '1101011001': 1, '0101111110': 22, '1110101101': 6, '0110101001': 3, '1100000011': 8, '0010010011': 1, '1101010001': 31, '1110010011': 11, '1101010111': 1, '1100010011': 6, '1111100001': 2, '0101111100': 2, '0110010010': 3, '1100000000': 2, '1111101100': 7, '1101011110': 7, '1110000100': 1, '0101100011': 1, '0110011110': 1, '1010010001': 1, '0101111000': 1, '1101111111': 6, '0101101100': 8, '0110110100': 2, '1111111111': 5, '1110111100': 19, '1110000110': 1, '0110100001': 6, '0110110001': 1, '1111000100': 1, '1111111101': 4, '0111111110': 13, '0101110110': 1, '0110111111': 6, '0100001111': 1, '1110010010': 1, '1110010001': 2, '0101011011': 2, '1100111111': 1, '0101101110': 2, '0101110100': 4, '0001000111': 1, '1101111101': 6, '1110100100': 1, '0110010011': 9, '1110011011': 1, '1110111101': 3, '0111110100': 3, '0101000011': 8, '1101001011': 4, '0110011010': 2, '0110100010': 8, '0111101110': 4, '0110101100': 35, '0111001100': 6, '1101011011': 3, '1101000001': 26, '0101000001': 17, '1111111001': 1, '1110001110': 2, '1100000001': 11, '0101111111': 2, '1101110001': 1, '0101010111': 1, '0110000011': 7, '0101111011': 1, '1110101100': 27, '0100000001': 14, '1101111110': 5, '1111110110': 7, '1101100001': 1, '1110101111': 3, '0101110011': 6, '0101010000': 2, '0100111101': 2, '0110100110': 1, '0111111111': 1, '1101000011': 11, '1101110000': 1, '1111101110': 5, '0110101110': 19, '0101111101': 2, '1111111100': 7, '0100101100': 1, '1111001100': 2, '1100110001': 3, '0101000000': 2, '0110111110': 22, '0101010110': 2, '0100000010': 2, '0100000011': 8, '1110111110': 23, '0100000111': 1, '0111000010': 3, '1101011111': 4, '1101001010': 2, '1111110100': 5, '1110000011': 7, '1100001111': 1, '0110000001': 12, '0101100001': 1, '1110001011': 1, '0111001110': 4, '0100110011': 4, '1100110000': 1, '1110110100': 1, '1110101110': 29}","DensityMatrix([[ 8.96739372e-07+0.00000000e+00j,
                 1.19582114e-06+5.14873046e-22j,
                -4.48338064e-07+8.96770993e-07j, ...,
                -1.68764525e-05+2.98986078e-05j,
                 7.36014932e-05-6.45325778e-05j,
                -2.36115246e-05-4.83169560e-05j],
               [ 1.19582114e-06-5.14873046e-22j,
                 1.59465309e-06+0.00000000e+00j,
                -5.97868404e-07+1.19586331e-06j, ...,
                -2.25051105e-05+3.98704333e-05j,
                 9.81491663e-05-8.60555735e-05j,
                -3.14864733e-05-6.44316948e-05j],
               [-4.48338064e-07-8.96770993e-07j,
                -5.97868404e-07-1.19586331e-06j,
                 1.12095584e-06+0.00000000e+00j, ...,
                 3.83372932e-05+1.92879798e-06j,
                -1.01333005e-04-4.13400753e-05j,
                -3.65137301e-05+4.77691314e-05j],
               ...,
               [-1.68764525e-05-2.98986078e-05j,
                -2.25051105e-05-3.98704333e-05j,
                 3.83372932e-05-1.92879798e-06j, ...,
                 1.31447490e-03+0.00000000e+00j,
                -3.53677605e-03-1.23949191e-03j,
                -1.16659419e-03+1.69655819e-03j],
               [ 7.36014932e-05+6.45325778e-05j,
                 9.81491663e-05+8.60555735e-05j,
                -1.01333005e-04+4.13400753e-05j, ...,
                -3.53677605e-03+1.23949191e-03j,
                 1.06849701e-02+0.00000000e+00j,
                 1.53910300e-03-5.66487077e-03j],
               [-2.36115246e-05+4.83169560e-05j,
                -3.14864733e-05+6.44316948e-05j,
                -3.65137301e-05-4.77691314e-05j, ...,
                -1.16659419e-03-1.69655819e-03j,
                 1.53910300e-03+5.66487077e-03j,
                 3.22505337e-03+0.00000000e+00j]],
              dims=(2, 2, 2, 2, 2, 2, 2, 2, 2, 2))","{'0101110110': 1, '1011111001': 1, '0110010101': 1, '0011010001': 1, '0100100000': 1, '1110010000': 1, '0101010110': 1, '0010110100': 1, '0100101011': 1, '0100011100': 1, '0111011000': 1, '0010000011': 1, '0101001001': 2, '0100101010': 2, '0111101110': 2, '0110110110': 1, '0101110000': 1, '1100000111': 1, '0101100000': 1, '0100110011': 1, '1101000101': 1, '0111100010': 2, '1101110100': 2, '0000110011': 1, '0101100100': 1, '1000000010': 1, '1101101001': 1, '1101111111': 2, '0110111001': 2, '1011110100': 1, '1111010011': 2, '1110110011': 2, '0101101010': 1, '0110001100': 2, '1011101010': 1, '0001111100': 1, '1111000100': 2, '0110000011': 3, '1101111010': 1, '1111110001': 1, '0111000011': 1, '1111110011': 1, '0100100101': 1, '1011000010': 1, '0001011110': 1, '1101110001': 1, '0101000000': 2, '1101010000': 4, '1110001001': 2, '0110001101': 1, '1100110111': 1, '0100101111': 1, '0000000000': 2, '1001000011': 1, '1000000011': 2, '0111101111': 1, '1010000000': 1, '1100101101': 1, '0110010000': 2, '1110111101': 2, '1011101101': 1, '0100111111': 1, '0100010101': 1, '1111110110': 2, '1111000101': 1, '0101100010': 1, '1101001001': 1, '1010010001': 1, '0110110001': 3, '1110100011': 2, '1110100101': 1, '1100110011': 3, '0110001110': 1, '0101011001': 1, '1110000111': 2, '0111111000': 1, '0110111101': 2, '0011110001': 2, '1100011110': 1, '0100101000': 1, '0100011010': 1, '1100010100': 1, '0101010111': 1, '1111101000': 1, '0011101100': 1, '0111011001': 1, '0101000101': 1, '1100110001': 1, '1000101110': 2, '0110101010': 1, '0101110101': 1, '1100001100': 1, '1010101100': 1, '0011111100': 1, '0110100010': 2, '1100001011': 4, '0110000000': 2, '0001100001': 1, '0010001001': 1, '0111111110': 4, '0110100001': 7, '0100111010': 1, '0100110101': 1, '1110110110': 2, '0010010001': 2, '0101101001': 1, '0110100011': 2, '0001010011': 1, '0100001000': 1, '0011011110': 1, '0101010010': 3, '0111110010': 2, '1100001001': 5, '1101001111': 3, '1011110000': 1, '1100000011': 5, '0100101110': 4, '0101101100': 5, '1111010001': 2, '0101111111': 2, '0111110001': 4, '1101111110': 6, '0100000001': 7, '0111010111': 2, '1101101110': 6, '1111100010': 1, '1100011111': 1, '1110010111': 2, '0101010101': 3, '1110001111': 2, '1010101110': 1, '1101100100': 1, '1010111110': 1, '1111001101': 1, '1100100010': 1, '1101011111': 3, '1110111111': 2, '1110100010': 3, '1110101001': 2, '0010111110': 1, '1110101010': 1, '1110110001': 1, '0101010011': 24, '1111101010': 1, '1101001110': 1, '0101101110': 6, '1100111111': 1, '1110001100': 4, '1100001110': 4, '1100110100': 1, '0100111110': 4, '1101111101': 3, '1111100110': 1, '1111001111': 1, '1101011011': 1, '0101000100': 1, '0111111111': 4, '1110011110': 5, '0001111110': 2, '0100100100': 2, '0100100001': 2, '1011000011': 1, '0100110100': 1, '1110010011': 10, '1011010010': 1, '1111011110': 3, '0010111100': 1, '1110111001': 1, '1111000001': 4, '1110000011': 8, '1111110100': 7, '0011000111': 1, '0111001110': 2, '1110001011': 2, '0100000101': 1, '0110101000': 2, '0010101100': 2, '0101100001': 2, '0111000111': 1, '1001010110': 1, '0110111111': 3, '1101000010': 3, '1110000001': 7, '1111000010': 2, '1100101110': 6, '0100001100': 1, '0101010001': 12, '0111011011': 2, '1111011100': 2, '1101000110': 1, '0111110101': 1, '1101000000': 3, '0100001010': 1, '1100000010': 3, '1110111100': 11, '0111010011': 5, '0100001110': 1, '0011010011': 1, '0100110001': 1, '1100010001': 7, '0111111100': 6, '0111110100': 1, '1100000101': 2, '0101001110': 1, '0101000011': 9, '1111001011': 1, '1100100011': 1, '1101110011': 4, '0101011101': 3, '0001000010': 2, '1101001011': 1, '1100111010': 1, '1111000011': 1, '1001111110': 1, '0101000010': 4, '0100010011': 8, '0110000100': 1, '1101101101': 2, '0011000001': 1, '1110100000': 1, '0101110001': 2, '1000001101': 1, '1101011101': 3, '0111011110': 2, '1110001110': 2, '1101010110': 2, '1100000001': 23, '0111000010': 1, '0101001111': 1, '0101011110': 2, '0010101110': 1, '0111001100': 3, '0110111000': 3, '0101011000': 1, '1010001100': 1, '0110000111': 1, '1100111110': 11, '1011101110': 1, '1101000001': 20, '0101000001': 13, '1111001100': 3, '0010010010': 1, '1101000011': 10, '1110010110': 1, '0110000010': 3, '0110100100': 5, '1101010010': 7, '0111101100': 5, '1111101101': 1, '0100010010': 1, '1101011010': 3, '0110101111': 2, '0011001101': 1, '0110011110': 1, '0101110011': 7, '0100110110': 1, '1110101111': 5, '1101001010': 2, '0001000011': 1, '1110010001': 5, '1000110011': 1, '1110010010': 1, '1001000001': 1, '0011111110': 1, '0000000001': 2, '1110100100': 1, '1010000001': 1, '1100101100': 3, '0110001001': 1, '0100101100': 6, '0110011001': 1, '1101010001': 16, '0010010011': 1, '1001001111': 1, '1100111100': 2, '1110101110': 13, '0000001110': 1, '0001000101': 1, '1110110100': 1, '0010000001': 2, '1111101110': 3, '0110101110': 21, '0101111101': 1, '1101101100': 2, '1001011101': 1, '0110100000': 3, '1110000110': 1, '0100011101': 1, '1110110101': 4, '0101111110': 9, '1001000110': 1, '1110000100': 2, '1111001110': 4, '0000111101': 1, '0110101101': 3, '1110101100': 16, '0101111011': 1, '0000000011': 1, '0110101100': 22, '1100110010': 2, '0111100000': 1, '1111111100': 5, '0110101001': 1, '1110101101': 10, '0100001011': 1, '1110110000': 1, '1111010010': 1, '1100010011': 6, '1111100001': 1, '0101111100': 4, '0100000010': 1, '0101001101': 2, '1010010011': 1, '0110111110': 13, '1111111111': 1, '0101100110': 1, '1101011110': 6, '1111101100': 5, '0101001011': 2, '0100010001': 6, '1110100111': 1, '1101010011': 20, '0110000001': 14, '0101110010': 1, '1101100000': 2, '1110101000': 2, '0110111100': 12, '1111111110': 10, '0100110111': 2, '1110100001': 11, '0111000001': 5, '1111111101': 2, '0110001011': 1, '0100100011': 1, '1100100000': 2, '0100111000': 1, '1110111110': 13, '0101100011': 1, '0101000110': 1, '1101010111': 2, '0001101110': 1, '0010111101': 1, '0110110011': 1, '1110111010': 2, '0001101100': 1, '0100000011': 8, '0110010001': 6, '0001010001': 3, '0110010011': 8, '1101111100': 3, '0111100100': 1, '1111101111': 3, '1101100001': 2, '0101011011': 4, '1111011011': 1, '0100111101': 2, '0101010000': 3}","DensityMatrix([[ 2.42553944e-05+0.00000000e+00j,
                 8.73503443e-07-3.78727103e-05j,
                -1.02700971e-05+1.00938016e-05j, ...,
                -1.76780200e-05+2.20280202e-05j,
                 6.09742003e-05-5.43532749e-05j,
                -2.26723798e-05-4.13527521e-05j],
               [ 8.73503443e-07+3.78727103e-05j,
                 1.39312665e-04+0.00000000e+00j,
                -3.52110604e-06-2.93861392e-06j, ...,
                -2.26763596e-05+2.69104150e-05j,
                 8.12120016e-05-6.68436114e-05j,
                -2.10443530e-05-4.73008063e-05j],
               [-1.02700971e-05-1.00938016e-05j,
                -3.52110604e-06+2.93861392e-06j,
                 1.53024845e-05+0.00000000e+00j, ...,
                 3.54942743e-05-1.47061165e-06j,
                -8.94284798e-05-3.21017461e-05j,
                -3.17884911e-05+3.74411335e-05j],
               ...,
               [-1.76780200e-05-2.20280202e-05j,
                -2.26763596e-05-2.69104150e-05j,
                 3.54942743e-05+1.47061165e-06j, ...,
                 1.35844708e-03+0.00000000e+00j,
                -3.02640629e-03-9.71146441e-04j,
                -1.01085071e-03+1.47122119e-03j],
               [ 6.09742003e-05+5.43532749e-05j,
                 8.12120016e-05+6.68436114e-05j,
                -8.94284798e-05+3.21017461e-05j, ...,
                -3.02640629e-03+9.71146441e-04j,
                 9.69324824e-03+0.00000000e+00j,
                 1.39724394e-03-4.83446353e-03j],
               [-2.26723798e-05+4.13527521e-05j,
                -2.10443530e-05+4.73008063e-05j,
                -3.17884911e-05-3.74411335e-05j, ...,
                -1.01085071e-03-1.47122119e-03j,
                 1.39724394e-03+4.83446353e-03j,
                 2.97674916e-03+0.00000000e+00j]],
              dims=(2, 2, 2, 2, 2, 2, 2, 2, 2, 2))"
data/selected_mutant_qc/mutants_ae_10/ae_10_Mutant_Replace_cp_P42_Q8_[3.141592653589793].qasm,PureState_7,"{'1010110111': 1, '1011001000': 1, '1110110011': 1, '1010000110': 1, '1111110100': 1, '0011011001': 1, '0110111101': 1, '0101000101': 2, '1110111101': 2, '1010000111': 1, '1100110001': 1, '0110111000': 1, '1100100110': 1, '0110111111': 1, '1100110010': 1, '1101111101': 1, '1100110101': 1, '1101001110': 1, '0101110010': 1, '1100111011': 8, '1101111111': 1, '1111001010': 1, '1111110001': 1, '1110011001': 2, '0100000100': 2, '1101010111': 2, '0101000001': 2, '1101000001': 1, '1100010110': 2, '0101011000': 1, '0101100111': 1, '0111011001': 1, '0101111001': 4, '0111101001': 2, '0001001001': 1, '1100000111': 2, '1101000111': 2, '1111101001': 4, '1111111011': 2, '0101100110': 2, '1100101010': 1, '1111010110': 1, '1110000010': 3, '1101110101': 3, '0111101000': 1, '0110001100': 5, '0101111111': 1, '0100110001': 1, '1101110010': 1, '0111111110': 1, '0111001010': 1, '1100001010': 1, '0101110001': 4, '0110000010': 3, '0100110101': 1, '1110001100': 4, '1111011000': 2, '0110101000': 2, '0101010111': 5, '0100001110': 2, '1101100110': 2, '1110110110': 11, '1101000110': 1, '0100110110': 13, '1111000000': 1, '1111111110': 1, '1110101000': 1, '1110111110': 2, '1101000000': 1, '0101110111': 14, '1110111000': 1, '1110101001': 5, '1110001101': 2, '1101001000': 5, '0110111011': 11, '1101001001': 7, '0111000000': 1, '1101100111': 3, '0101111110': 6, '0111111000': 8, '0100110111': 16, '0010110110': 1, '0100010110': 1, '0100001101': 1, '0110000110': 2, '1101000100': 6, '0111000010': 2, '1101110001': 2, '1100010111': 2, '1111010111': 1, '0100001001': 1, '1011101001': 1, '1110011000': 1, '1111000100': 5, '0110001000': 27, '1111111000': 5, '1101010110': 5, '0100111101': 2, '0111000101': 4, '0110001010': 2, '1110000001': 6, '0111001000': 15, '1010110011': 1, '0011001001': 1, '1101110111': 19, '1101110110': 25, '0110110011': 1, '1110111010': 10, '1111111001': 6, '1101111011': 41, '1110110111': 6, '0110111100': 1, '0101110011': 5, '1110100001': 1, '0111000110': 2, '0110111001': 3, '0100000001': 1, '0111110001': 5, '1110001000': 17, '0110110111': 4, '0100111110': 4, '0101001001': 18, '0100000110': 1, '0101110110': 26, '0100000111': 3, '0111111001': 7, '0101010110': 1, '0101001101': 2, '1101111110': 4, '0110011001': 1, '1100111001': 1, '1110111011': 6, '1111001000': 10, '1100110110': 19, '0110111010': 3, '0110111110': 2, '1111110000': 1, '1111000110': 2, '0100111111': 2, '0101000100': 16, '1100111010': 6, '1101110011': 11, '0111010110': 1, '0111001001': 14, '1110000100': 38, '0111111010': 1, '0111011000': 1, '1111111010': 1, '0110001001': 29, '1101111010': 25, '0100111011': 7, '0110001101': 1, '1101000101': 13, '0111000100': 4, '1111000101': 3, '1110001001': 28, '1110100110': 1, '0101001110': 3, '0100110011': 3, '0010001001': 1, '0101001000': 7, '1110001110': 1, '1101001101': 1, '0110000101': 21, '1110111001': 1, '0100010111': 3, '0100111010': 4, '0110000100': 45, '0101111101': 3, '0110101001': 6, '0110011000': 1, '1101001100': 5, '1110000101': 27, '0111001100': 1, '0110000001': 4, '1100001111': 1, '0110101110': 1, '0101111010': 28, '0110110110': 7, '0101110101': 1, '1111001001': 17, '1100110111': 12, '0101111011': 46}","DensityMatrix([[ 2.40170494e-08+0.00000000e+00j,
                -7.20409867e-08+9.04385910e-23j,
                -3.15204720e-08+4.50510202e-09j, ...,
                -5.22173398e-07+5.89701152e-07j,
                 8.15326610e-07+2.83385532e-06j,
                 6.08505101e-07-9.33007443e-07j],
               [-7.20409867e-08-9.04385910e-23j,
                 2.16092480e-07+0.00000000e+00j,
                 9.45480800e-08-1.35134000e-08j, ...,
                 1.56629927e-06-1.76885396e-06j,
                -2.44563487e-06-8.50036699e-06j,
                -1.82525785e-06+2.79862758e-06j],
               [-3.15204720e-08-4.50510202e-09j,
                 9.45480800e-08+1.35134000e-08j,
                 4.22131830e-08+0.00000000e+00j, ...,
                 7.95926909e-07-6.75987046e-07j,
                -5.38478814e-07-3.87214872e-06j,
                -9.73627583e-07+1.11035527e-06j],
               ...,
               [-5.22173398e-07-5.89701152e-07j,
                 1.56629927e-06+1.76885396e-06j,
                 7.95926909e-07+6.75987046e-07j, ...,
                 2.58321702e-05+0.00000000e+00j,
                 5.18542418e-05-8.16321305e-05j,
                -3.61385251e-05+5.34434959e-06j],
               [ 8.15326610e-07-2.83385532e-06j,
                -2.44563487e-06+8.50036699e-06j,
                -5.38478814e-07+3.87214872e-06j, ...,
                 5.18542418e-05+8.16321305e-05j,
                 3.62055028e-04+0.00000000e+00j,
                -8.94313734e-05-1.03473211e-04j],
               [ 6.08505101e-07+9.33007443e-07j,
                -1.82525785e-06-2.79862758e-06j,
                -9.73627583e-07-1.11035527e-06j, ...,
                -3.61385251e-05-5.34434959e-06j,
                -8.94313734e-05+1.03473211e-04j,
                 5.16625222e-05+0.00000000e+00j]],
              dims=(2, 2, 2, 2, 2, 2, 2, 2, 2, 2))","{'0000111010': 1, '1110111001': 1, '0110100101': 1, '1101000001': 1, '1110111000': 1, '1001100111': 1, '0110010111': 1, '1101000000': 1, '0010011000': 1, '1000110110': 1, '1100111001': 1, '0100001000': 2, '0101000111': 3, '0111111101': 1, '0110000010': 1, '0110100100': 2, '1110010110': 1, '0110111101': 1, '0111100110': 2, '1010000101': 1, '1011000000': 1, '1011001100': 1, '0100001101': 1, '1100100100': 1, '0001000000': 1, '0001111111': 1, '1111110010': 1, '0110110001': 1, '0111011010': 1, '0101001100': 2, '1111001110': 1, '0100101001': 1, '1001001000': 1, '1000000001': 1, '1110101110': 1, '0111100101': 1, '1010110110': 1, '0010000001': 1, '1100100110': 1, '1100000110': 1, '1111001101': 2, '1010111110': 1, '1101110100': 2, '1110111110': 2, '0011100100': 2, '1101101000': 2, '0101101100': 1, '0111111010': 2, '1101000111': 3, '1101101001': 1, '1110100001': 1, '1010001100': 1, '0110001011': 2, '1110011100': 1, '0101010001': 1, '0010111010': 1, '1001111010': 1, '0010001001': 1, '0100000111': 3, '0101111100': 1, '0000000100': 1, '0001111101': 1, '0101111001': 3, '1010110111': 1, '0001010111': 1, '0110111110': 1, '0010101001': 1, '0101100111': 1, '0101110010': 3, '1110000111': 1, '1110101001': 1, '1110100010': 1, '1110000110': 4, '0111110011': 1, '1101011001': 1, '0101111110': 2, '0101110001': 2, '0100111111': 1, '0111101000': 3, '0001100111': 2, '0110101011': 1, '1111010111': 1, '0111110110': 4, '0001000100': 1, '1100010110': 1, '0100011110': 1, '1100000111': 3, '1101000110': 1, '1110000010': 2, '0110001100': 4, '1111011110': 1, '0010101011': 1, '1100110101': 1, '1101010111': 2, '1010111010': 3, '0111111110': 2, '1101100100': 1, '1101000100': 10, '1100000000': 2, '0011111001': 1, '0000011000': 1, '0111011001': 1, '0101000101': 4, '1110110011': 1, '0001001001': 2, '0110000000': 2, '0110101001': 4, '1001011001': 1, '1110001101': 1, '1100111111': 1, '1110110111': 5, '0110111001': 1, '1101110010': 1, '1101011110': 1, '0001100110': 1, '1011001000': 2, '0010110110': 1, '1100100101': 1, '1110001100': 2, '0100111110': 2, '0100100110': 2, '1100001110': 2, '0101000110': 1, '0101100011': 2, '0100000100': 4, '0101110111': 13, '1111101000': 3, '1101001010': 1, '1010000100': 1, '0111100000': 1, '0100011001': 1, '1101110101': 3, '1110100100': 4, '0110000111': 3, '1100111110': 1, '0011110001': 1, '0001110011': 1, '1110111010': 6, '0110110011': 2, '0110001000': 9, '0011111011': 1, '0110000110': 1, '0101010111': 2, '0000111011': 1, '0110111010': 5, '0100110110': 7, '0101110011': 3, '0110110000': 2, '0101000100': 11, '1101011011': 2, '0110111000': 2, '0111001100': 2, '1011101001': 1, '0100001001': 5, '0111111011': 6, '1110010111': 1, '0001111011': 4, '1101110110': 12, '1101001110': 3, '0111001000': 2, '0100111011': 4, '1110000001': 2, '1000011101': 1, '0100111001': 2, '1000111010': 2, '0110001010': 4, '0110001110': 3, '1101111000': 1, '0011001001': 1, '1101110111': 14, '0101111111': 3, '0111111100': 1, '0100110001': 1, '0100000000': 1, '0011101001': 1, '1000110111': 1, '0101110101': 2, '1101100110': 2, '0011000101': 1, '0100000110': 3, '1000010111': 1, '1111110111': 7, '0101001001': 9, '0110110010': 1, '1100111000': 1, '0110001001': 18, '1111111011': 3, '1111111010': 2, '0101000011': 1, '1100000101': 4, '1111001010': 1, '1000100101': 1, '0111001110': 2, '0110000001': 6, '0101010011': 1, '1110110001': 3, '1111011000': 3, '0111000001': 3, '1110111101': 3, '1111011001': 3, '0111001001': 7, '1101111101': 3, '1001000100': 2, '1101111010': 19, '0100000101': 2, '1101011000': 1, '0110101000': 4, '0110111011': 5, '1111110000': 1, '1101001000': 8, '1101001001': 9, '0000100011': 1, '0001101000': 1, '0011111000': 2, '1111000101': 3, '1111100000': 2, '0111000100': 3, '0001000101': 1, '1101101011': 1, '1110000100': 21, '0111010010': 1, '0101101001': 2, '1111000000': 2, '1110101000': 6, '0100011000': 1, '1100011000': 1, '1111000110': 3, '1101100111': 2, '0100100111': 5, '0011011001': 1, '1011110001': 1, '0010010111': 1, '0010011001': 1, '0100111101': 2, '0111000101': 5, '0100010110': 1, '1100110111': 6, '1011000001': 2, '0101001101': 3, '0101010110': 5, '0100000010': 1, '0101011011': 4, '1101001100': 5, '1110000000': 2, '1101111100': 2, '1111111110': 1, '1110000101': 9, '0000110110': 1, '1100110011': 3, '0000100101': 1, '0001001100': 2, '1101111001': 1, '1101111111': 2, '0101001000': 6, '1111101001': 4, '0110110100': 2, '1111111111': 1, '1110011001': 3, '0100001011': 2, '1100100111': 4, '1110100000': 1, '1000000111': 1, '1001110101': 1, '1101001101': 2, '0111111001': 1, '1010001101': 1, '1101010110': 1, '1110001110': 4, '1101110011': 2, '1100111010': 5, '0101111010': 15, '0101111101': 2, '0110101110': 1, '1001100110': 1, '1101000101': 6, '0110001101': 3, '1100000100': 7, '1110001010': 7, '1100010111': 2, '1101110001': 2, '0011011101': 1, '0100110111': 14, '1110110110': 12, '1110111111': 1, '0011110111': 1, '1111000100': 7, '0101011010': 1, '1111111000': 2, '0101011001': 1, '1100001000': 2, '0111011101': 1, '0110110111': 8, '1111111001': 1, '1101111011': 34, '1110110010': 2, '1100001101': 1, '1110001001': 11, '1100001111': 1, '0111001011': 1, '1011111011': 2, '0110100111': 1, '0111111111': 1, '0111100100': 1, '1100011011': 2, '1110001000': 10, '1100001001': 5, '1001000111': 1, '0101000001': 3, '0001111110': 1, '1110101100': 2, '1101111110': 9, '0110011001': 3, '1001001001': 1, '0110110110': 8, '0110000101': 15, '0001110001': 1, '1001110111': 1, '1111001000': 8, '0110100110': 2, '1110111011': 8, '1100110110': 10, '1111001100': 5, '0110000100': 27, '0001001000': 1, '0100111010': 5, '0010000100': 3, '1111001001': 12, '1100111011': 7, '0101111011': 26, '0100110011': 3, '1010111011': 1, '1111110110': 4, '0101001010': 1, '0101110110': 20}","DensityMatrix([[ 2.64338448e-06+0.00000000e+00j,
                 2.70564803e-07-1.35492725e-06j,
                -1.06644890e-06+7.50022994e-07j, ...,
                 8.75475686e-07+1.18105082e-06j,
                 7.99312074e-07+3.29323830e-06j,
                -1.08574555e-06-1.56305954e-07j],
               [ 2.70564803e-07+1.35492725e-06j,
                 5.51470649e-06+0.00000000e+00j,
                 3.36932555e-07+3.21496881e-07j, ...,
                 3.91969871e-06-3.39888246e-06j,
                 3.87138913e-06-7.20595183e-06j,
                -2.19988460e-06+3.95022702e-06j],
               [-1.06644890e-06-7.50022994e-07j,
                 3.36932555e-07-3.21496881e-07j,
                 1.85245430e-06+0.00000000e+00j, ...,
                 1.10968793e-07-2.98852475e-06j,
                 1.02737592e-06-5.39794576e-06j,
                 2.28391070e-07+2.09714706e-06j],
               ...,
               [ 8.75475686e-07-1.18105082e-06j,
                 3.91969871e-06+3.39888246e-06j,
                 1.10968793e-07+2.98852475e-06j, ...,
                 1.28469674e-04+0.00000000e+00j,
                 1.22604728e-04-7.07392944e-06j,
                -7.17877531e-05+4.38803524e-05j],
               [ 7.99312074e-07-3.29323830e-06j,
                 3.87138913e-06+7.20595183e-06j,
                 1.02737592e-06+5.39794576e-06j, ...,
                 1.22604728e-04+7.07392944e-06j,
                 5.07422802e-04+0.00000000e+00j,
                -8.01103003e-05-4.26844696e-05j],
               [-1.08574555e-06+1.56305954e-07j,
                -2.19988460e-06-3.95022702e-06j,
                 2.28391070e-07-2.09714706e-06j, ...,
                -7.17877531e-05-4.38803524e-05j,
                -8.01103003e-05+4.26844696e-05j,
                 1.07306655e-04+0.00000000e+00j]],
              dims=(2, 2, 2, 2, 2, 2, 2, 2, 2, 2))"
data/selected_mutant_qc/mutants_ae_10/ae_10_Mutant_Replace_cp_P42_Q8_[3.141592653589793].qasm,PureState_8,"{'0110111110': 1, '1101100001': 1, '1100011001': 1, '0111101101': 1, '0110110110': 1, '0111000110': 1, '0100110101': 1, '0101110001': 1, '1000101100': 1, '1000001010': 1, '0101101100': 1, '0101110100': 1, '0111101011': 1, '0101100100': 1, '0100111101': 1, '0101011011': 1, '0111000011': 1, '1101011011': 2, '0000001001': 1, '0110011011': 1, '1110011011': 2, '1111110111': 2, '0111010111': 1, '0111101111': 2, '1111100101': 1, '1101110100': 1, '0111000001': 1, '0101011110': 3, '1110101110': 1, '1100111011': 1, '0100111100': 2, '1100011100': 1, '0110011110': 1, '0100011011': 3, '0111010000': 3, '0111001010': 2, '1111101011': 1, '0111000100': 1, '0111100101': 2, '1010100100': 1, '0111001110': 9, '1110001011': 2, '1100110101': 2, '0111111010': 1, '1111010110': 1, '1111100010': 2, '0111011001': 5, '1110100011': 1, '1100110010': 1, '1110001110': 1, '1100000001': 6, '0100110000': 2, '0101010011': 1, '1111101010': 2, '1110110001': 1, '1111110010': 7, '0111101010': 2, '1110010011': 1, '0100110100': 3, '0110010010': 1, '1111111010': 1, '0101001010': 2, '0101110110': 1, '0100011110': 3, '0100001111': 4, '1111001011': 2, '1100010001': 2, '0100110001': 4, '1111110100': 3, '0100000010': 4, '1111011101': 11, '1110100001': 4, '1111100100': 4, '0100111011': 1, '1101011110': 2, '0111110111': 3, '0110100101': 2, '1100101101': 5, '0111111111': 3, '1100000100': 3, '1110001010': 2, '1111110101': 1, '0100001001': 3, '0111110110': 11, '1111010111': 2, '0000000011': 1, '0110101100': 2, '0111101110': 6, '1111001111': 3, '0111111101': 3, '0100000011': 4, '0100110110': 2, '1100000011': 3, '0100101110': 10, '0100100100': 11, '0100010100': 3, '0100001011': 7, '1110110000': 1, '0111011111': 9, '1100000010': 9, '0100001010': 1, '1101011111': 1, '0011000000': 1, '1111111110': 7, '0111110101': 3, '1111011100': 2, '1100100010': 12, '0111010001': 7, '1100110110': 1, '0100000001': 18, '1101111110': 1, '0101011111': 2, '1110101100': 1, '1100001010': 1, '0110110101': 1, '1110100000': 1, '1101011101': 1, '0111011110': 23, '0101010001': 1, '0100001100': 19, '1100101110': 2, '0111110000': 3, '1111001100': 2, '0100100010': 12, '0100101101': 6, '1100110001': 2, '0111100001': 3, '1111101101': 1, '0101000011': 1, '1100000101': 3, '1111001010': 3, '1100100110': 1, '1111101110': 3, '0111011010': 10, '1100011010': 1, '0111110100': 8, '0100000100': 1, '1111110011': 22, '0100100011': 1, '0110001011': 2, '1111011001': 1, '0111001001': 5, '0100111110': 2, '1100001110': 21, '1100110100': 5, '0100100110': 2, '1101001001': 2, '1100011011': 1, '0111100100': 1, '1111101111': 5, '0101011101': 1, '1110011110': 4, '1110100101': 1, '1100110011': 3, '1100101100': 16, '1100111010': 1, '1101001011': 1, '0110011010': 1, '1100010100': 2, '0100011010': 2, '1100100100': 7, '1100111110': 4, '1100010000': 3, '0100101100': 18, '0111001101': 2, '1101100100': 1, '0111001011': 7, '1100001101': 4, '0110110100': 3, '1111111111': 6, '0101001011': 1, '1111001000': 1, '0100010001': 3, '0111110001': 2, '1111010001': 6, '1101000011': 1, '1100110000': 1, '0111111011': 1, '1100111101': 2, '0100111010': 1, '0110100001': 3, '1110011101': 2, '0111001100': 2, '1111010011': 19, '0111110010': 10, '0100001000': 3, '0110000011': 1, '0100001110': 7, '1100011110': 2, '0111110011': 25, '0100011101': 1, '1110110101': 1, '0101111110': 4, '0111000000': 2, '0110000000': 1, '1100001011': 4, '0101110101': 3, '0101100001': 6, '0101001000': 1, '0100100000': 9, '0101011010': 1, '1100001000': 5, '1111111000': 1, '1101000001': 2, '1111100001': 2, '1100001001': 8, '1111110001': 12, '1101001110': 2, '1111011010': 9, '1100100101': 4, '1111111100': 6, '0111010010': 2, '1111001110': 11, '0100000000': 3, '1100001100': 23, '1111010000': 2, '0100100001': 30, '1100100000': 4, '1110111110': 2, '1111001101': 2, '1100000110': 1, '1110000010': 1, '0111010110': 3, '1100000000': 6, '0100000101': 1, '0111011011': 12, '1111010010': 3, '1100101010': 1, '1100101111': 1, '1111011110': 26, '1111110110': 12, '1111000001': 8, '1000110011': 1, '0111001111': 2, '0110001001': 2, '0100111111': 1, '1111011011': 9, '0100001101': 6, '0111111000': 1, '1000000001': 1, '1111000011': 1, '0111111110': 14, '1111111101': 5, '0100100101': 4, '0111010011': 9, '1111011111': 12, '0101100101': 1, '0111011101': 16, '1100100001': 24}","DensityMatrix([[ 9.48531699e-05+0.00000000e+00j,
                 1.26488732e-04+2.35811878e-19j,
                -4.74232402e-05+9.48565147e-05j, ...,
                -7.89814552e-04+2.69707046e-04j,
                -4.52282408e-04-8.06844182e-04j,
                 1.62322392e-04-6.05506063e-04j],
               [ 1.26488732e-04-2.35811878e-19j,
                 1.68675431e-04+0.00000000e+00j,
                -6.32399057e-05+1.26493192e-04j, ...,
                -1.05323461e-03+3.59660117e-04j,
                -6.03128271e-04-1.07594398e-03j,
                 2.16460384e-04-8.07455294e-04j],
               [-4.74232402e-05-9.48565147e-05j,
                -6.32399057e-05-1.26493192e-04j,
                 1.18569807e-04+0.00000000e+00j, ...,
                 6.64595981e-04+6.54998391e-04j,
                -5.80747378e-04+8.55691996e-04j,
                -6.86682887e-04+1.40403564e-04j],
               ...,
               [-7.89814552e-04-2.69707046e-04j,
                -1.05323461e-03-3.59660117e-04j,
                 6.64595981e-04-6.54998391e-04j, ...,
                 7.34344375e-03+0.00000000e+00j,
                 1.47182922e-03+8.00438224e-03j,
                -3.07331678e-03+4.58032144e-03j],
               [-4.52282408e-04+8.06844182e-04j,
                -6.03128271e-04+1.07594398e-03j,
                -5.80747378e-04-8.55691996e-04j, ...,
                 1.47182922e-03-8.00438224e-03j,
                 9.01980305e-03+0.00000000e+00j,
                 4.37659049e-03+4.26795034e-03j],
               [ 1.62322392e-04+6.05506063e-04j,
                 2.16460384e-04+8.07455294e-04j,
                -6.86682887e-04-1.40403564e-04j, ...,
                -3.07331678e-03-4.58032144e-03j,
                 4.37659049e-03-4.26795034e-03j,
                 4.14309983e-03+0.00000000e+00j]],
              dims=(2, 2, 2, 2, 2, 2, 2, 2, 2, 2))","{'1101001010': 1, '0110001101': 1, '1101100101': 1, '0010001101': 1, '1101110101': 1, '0111100010': 1, '1111000101': 1, '1010100000': 1, '1100110101': 1, '1100011101': 1, '1101111000': 1, '1100010010': 2, '1010001110': 1, '0110010011': 1, '1011010001': 1, '1100010101': 1, '1110110100': 1, '1110100110': 1, '1110101110': 1, '0101011111': 1, '0000100010': 1, '0000111110': 1, '0110001110': 1, '0110100100': 1, '1110010110': 1, '1101110000': 1, '0111101010': 2, '0110011101': 1, '0110010000': 1, '1111111100': 1, '1110111010': 1, '0000101110': 1, '0000001101': 2, '0011110001': 1, '0100011001': 1, '0100101010': 1, '1110001010': 1, '0011110010': 1, '0110010001': 1, '1111010100': 1, '0000001010': 1, '0111010110': 4, '1110100010': 1, '1110101001': 1, '1101011011': 2, '1100111110': 6, '0100011100': 1, '1011101010': 1, '0111011001': 1, '0111000010': 1, '0101011100': 1, '0000110110': 1, '1011111110': 1, '0110000100': 1, '1111101111': 1, '1100011011': 2, '0111100100': 1, '0001110101': 1, '0010111001': 1, '0111111111': 1, '0111000101': 1, '0101110110': 1, '1101010011': 1, '1110100100': 1, '0010001110': 1, '0100100101': 5, '1101001011': 4, '0100011111': 1, '1100000100': 3, '1111001110': 1, '1110001000': 2, '0000011110': 1, '0101011101': 2, '1110000001': 2, '1100101001': 1, '0111001010': 3, '1100000000': 4, '1010101010': 1, '1010101110': 1, '0111001101': 1, '1101111111': 2, '0111111011': 2, '0110110001': 2, '0010010010': 1, '0101001110': 2, '0101000011': 1, '0110101100': 5, '0111101101': 1, '1101001101': 2, '0101110000': 1, '1100000011': 3, '0100101110': 4, '1100110110': 2, '1101110100': 2, '0100101100': 13, '1000111010': 1, '1111101101': 2, '0100010010': 1, '1111011101': 14, '1110100001': 4, '1000101110': 2, '1100110001': 3, '0100101101': 2, '0100100010': 7, '0100001010': 2, '1100000010': 4, '0111010000': 2, '0110010101': 1, '0100011011': 1, '0111011010': 6, '1100011010': 3, '0111110100': 2, '0111100110': 1, '0111111010': 2, '0100000001': 5, '1101111110': 2, '0101010000': 1, '1010001011': 1, '0101100100': 2, '1000101001': 2, '0100110010': 1, '1110110001': 1, '0101010011': 3, '1111101010': 2, '1100001000': 2, '0101011010': 2, '1111010010': 4, '1111010101': 1, '1111100110': 1, '1111101011': 1, '1110001100': 2, '1100001110': 12, '0100100110': 1, '1100110100': 8, '1110011101': 2, '0111001100': 1, '1101110010': 2, '1111101100': 1, '0111110111': 6, '1101011110': 9, '0110111111': 1, '1100010110': 1, '0100001111': 2, '0000001100': 4, '0100011110': 1, '1110011001': 1, '1110110000': 1, '0100001011': 4, '1100010011': 1, '1000111101': 1, '0000100101': 1, '0100000011': 3, '0111111101': 3, '1111011001': 3, '1101111101': 2, '0111001001': 4, '1100110111': 1, '0100010110': 1, '1100111111': 1, '1100001101': 1, '1100001111': 4, '0111001011': 6, '0101110100': 1, '1110101101': 1, '0010000001': 1, '1111101110': 2, '1110110101': 2, '1101011001': 1, '0101111110': 5, '1100101011': 1, '0111111110': 12, '0111110001': 7, '1111010001': 6, '1110011010': 1, '1110111101': 1, '1001010111': 1, '1110011011': 1, '0100000000': 3, '0101101010': 1, '0111010010': 2, '0111111100': 1, '1100010001': 2, '0100110001': 3, '0100001100': 10, '1100101110': 7, '0111110000': 6, '0110000101': 1, '1110000011': 1, '1111110100': 2, '0101100000': 1, '0100110011': 3, '1100110000': 6, '1100100100': 11, '1000111110': 2, '1110111110': 1, '1100100000': 6, '0010000010': 2, '0111101111': 1, '0111010011': 10, '0110000001': 3, '0100001110': 7, '1100101101': 2, '0100000010': 7, '0111010111': 2, '0010100000': 1, '0000100001': 1, '0100110000': 3, '1110110011': 2, '1011101100': 1, '1100101100': 12, '1111100001': 1, '1100001001': 14, '0101000001': 2, '1110001110': 1, '1100000001': 10, '1011010111': 1, '1111001011': 7, '1110001011': 1, '1010100100': 2, '0111001110': 6, '0011110100': 1, '1111001010': 2, '1011011111': 2, '1111011011': 8, '1110010001': 1, '0011100010': 1, '0100110110': 2, '0101110011': 5, '1101100001': 3, '1111100000': 2, '1011011101': 2, '1001010011': 2, '0100001101': 5, '0110100001': 6, '1100110011': 2, '0011110110': 1, '1110100101': 3, '1000001110': 1, '0000001001': 1, '1100100101': 2, '1011001000': 2, '1111110110': 11, '1100111011': 1, '1000001111': 2, '0101001000': 2, '0100100000': 10, '1100110010': 2, '0100101001': 4, '0101000000': 1, '1000100010': 1, '1101110110': 1, '1101001001': 1, '0100010000': 1, '1111010011': 7, '0111110101': 3, '0101001011': 2, '0100010001': 6, '1101101010': 1, '0111011011': 6, '0010101100': 1, '0100000101': 1, '0110110010': 1, '1000011110': 1, '0000010100': 2, '0000111010': 1, '1110000110': 1, '0100011101': 4, '0111110011': 11, '0110110100': 1, '1111111111': 4, '1111110111': 4, '0100010100': 2, '0100100100': 7, '0100100001': 22, '1100001100': 10, '1010110011': 1, '0010001111': 1, '1110000000': 1, '1111100010': 2, '1100011111': 1, '0101110001': 3, '1000101100': 2, '0111100001': 5, '0101111010': 1, '1000111011': 1, '1000000101': 1, '0000010010': 2, '0110101110': 3, '1111001100': 3, '0111101001': 1, '1111110000': 2, '0000001011': 1, '0111001111': 2, '1011110101': 1, '1100001010': 3, '1101100010': 2, '0101010010': 1, '0100001000': 3, '0011011110': 1, '0111110010': 7, '1000011010': 1, '1111110001': 4, '0110100010': 3, '0110011110': 5, '1000110001': 3, '0110100101': 2, '0100011010': 1, '1100010100': 3, '1010011110': 1, '1111111010': 2, '1111111011': 2, '1100101000': 2, '1111110010': 6, '1100000110': 1, '1111001101': 5, '0100110101': 1, '1100100011': 2, '0100000100': 2, '1111110011': 7, '0100100011': 2, '0110001011': 5, '1100100001': 14, '1111111001': 1, '0111011101': 9, '1110111111': 1, '0011110111': 1, '1101010010': 1, '0110001000': 1, '1111111101': 5, '1111011010': 3, '0101110010': 1, '0011001110': 1, '1100011110': 1, '0010100100': 1, '0100101000': 4, '1100100010': 10, '0111010001': 5, '1100001011': 4, '0100110100': 4, '0100101111': 3, '1111111110': 10, '1111000000': 1, '0110001100': 4, '0000001000': 1, '0100111100': 1, '0100001001': 5, '1101110011': 1, '1111110101': 1, '0111110110': 1, '1111010111': 2, '1101110001': 5, '1111011111': 4, '1011111101': 1, '1100101111': 1, '1111011110': 22, '0101101111': 1, '1101011101': 1, '0111011110': 25, '0101011110': 5, '0111011111': 3, '1011011011': 1, '0111000001': 3, '0010110011': 1, '1011001011': 2, '1111000001': 6}","DensityMatrix([[ 2.58426163e-04+0.00000000e+00j,
                -7.29013850e-05+6.58038333e-06j,
                -2.07166244e-04+1.79747731e-04j, ...,
                -6.03128988e-04+1.97566691e-04j,
                -3.38141075e-04-6.19638283e-04j,
                 1.27278370e-04-4.63772779e-04j],
               [-7.29013850e-05-6.58038333e-06j,
                 1.25226454e-03+0.00000000e+00j,
                 2.94512147e-04+1.83267249e-04j, ...,
                -8.19045584e-04+2.92540643e-04j,
                -4.57617009e-04-8.70788879e-04j,
                 1.53825009e-04-6.32550329e-04j],
               [-2.07166244e-04-1.79747731e-04j,
                 2.94512147e-04-1.83267249e-04j,
                 3.82504633e-04+0.00000000e+00j, ...,
                 5.01971153e-04+5.04001920e-04j,
                -4.61623890e-04+6.46139624e-04j,
                -5.28837055e-04+9.89685975e-05j],
               ...,
               [-6.03128988e-04-1.97566691e-04j,
                -8.19045584e-04-2.92540643e-04j,
                 5.01971153e-04-5.04001920e-04j, ...,
                 6.44037049e-03+0.00000000e+00j,
                 1.38577887e-03+6.74488230e-03j,
                -2.66386494e-03+3.92841965e-03j],
               [-3.38141075e-04+6.19638283e-04j,
                -4.57617009e-04+8.70788879e-04j,
                -4.61623890e-04-6.46139624e-04j, ...,
                 1.38577887e-03-6.74488230e-03j,
                 8.50431796e-03+0.00000000e+00j,
                 3.59100477e-03+3.54594816e-03j],
               [ 1.27278370e-04+4.63772779e-04j,
                 1.53825009e-04+6.32550329e-04j,
                -5.28837055e-04-9.89685975e-05j, ...,
                -2.66386494e-03-3.92841965e-03j,
                 3.59100477e-03-3.54594816e-03j,
                 3.72008787e-03+0.00000000e+00j]],
              dims=(2, 2, 2, 2, 2, 2, 2, 2, 2, 2))"
data/selected_mutant_qc/mutants_ae_10/ae_10_Mutant_Replace_cp_P42_Q8_[3.141592653589793].qasm,PureState_9,"{'1100000110': 1, '0111101101': 1, '0100100111': 1, '0110110100': 1, '0100001000': 1, '1110100111': 2, '0100100011': 1, '1101000111': 1, '1110011000': 1, '1111101101': 1, '1100011100': 1, '0101011010': 1, '1110000111': 1, '0101010010': 1, '1011100100': 1, '1111100011': 2, '0100000000': 1, '0011000100': 2, '0111101000': 1, '0100011000': 2, '0100010100': 84, '0100000111': 2, '1100100111': 2, '0111111001': 1, '0110000100': 1, '1100101011': 3, '1101011000': 3, '1100010000': 1, '0100111011': 19, '0111110111': 2, '1111101000': 1, '0110011011': 2, '1111110011': 3, '1100011011': 18, '0110110111': 3, '1111000100': 19, '1100001000': 1, '1111111101': 2, '0111100101': 1, '0111010100': 4, '0011111011': 1, '0101101011': 1, '1111001011': 3, '1111110111': 3, '0101011100': 2, '1100110011': 1, '1111111100': 1, '0111100000': 2, '0111110011': 6, '1110011011': 3, '1101111011': 1, '1101100100': 4, '1100010110': 3, '0100001100': 3, '0111011011': 31, '1110110111': 1, '1100011000': 4, '1111100101': 2, '0101001100': 3, '1110110011': 3, '1100101100': 2, '1111001010': 1, '1101010100': 13, '1100011111': 1, '0101100100': 7, '1111000000': 1, '1110111101': 1, '0100011100': 2, '0101011001': 1, '0111100100': 15, '0100010111': 1, '1100000000': 1, '1111100111': 5, '0110111011': 27, '0111111101': 1, '1111001100': 1, '1110101101': 1, '1111111000': 3, '1101001100': 1, '1111011011': 41, '0101000100': 30, '0110100000': 1, '0111110000': 2, '0100010000': 1, '1111010110': 1, '1110100010': 1, '0110010100': 4, '0100110011': 2, '0101011000': 3, '0011010100': 1, '1111111011': 18, '1111010100': 2, '0100000010': 1, '0110101011': 13, '0110101101': 1, '0101111011': 2, '0111100111': 2, '1110111011': 25, '0100000100': 20, '0111001101': 1, '1101000000': 1, '1111100000': 1, '0111000100': 19, '1100111000': 1, '1100000111': 2, '1100111011': 20, '0100101011': 5, '0111101011': 65, '1100000100': 17, '1110101011': 22, '1100100100': 38, '1100010100': 66, '0110101000': 1, '1111101011': 85, '1010000100': 1, '0100001010': 1, '0010111011': 1, '0101111000': 1, '0111111011': 23, '0100011011': 20, '0100100100': 34, '1111100100': 16, '1100001100': 7, '0111111000': 1, '1101000100': 30, '0100000011': 1, '0010101011': 2, '1101010111': 1, '1111011000': 2, '0101010100': 9}","DensityMatrix([[ 1.23680727e-06+0.00000000e+00j,
                -4.12327239e-07-3.61994712e-22j,
                -9.62038741e-07-1.37500564e-07j, ...,
                -9.26924989e-06+3.13854914e-05j,
                -1.20558061e-05+4.44020524e-06j,
                -1.60959078e-05-1.40110349e-05j],
               [-4.12327239e-07+3.61994712e-22j,
                 1.37461799e-07+0.00000000e+00j,
                 3.20724812e-07+4.58399861e-08j, ...,
                 3.09018578e-06-1.04633061e-05j,
                 4.01916887e-06-1.48027718e-06j,
                 5.36605939e-06+4.67100371e-06j],
               [-9.62038741e-07+1.37500564e-07j,
                 3.20724812e-07-4.58399861e-08j,
                 7.63599124e-07+0.00000000e+00j, ...,
                 3.72075332e-06-2.54434030e-05j,
                 8.88385937e-06-4.79406110e-06j,
                 1.40777084e-05+9.10890667e-06j],
               ...,
               [-9.26924989e-06-3.13854914e-05j,
                 3.09018578e-06+1.04633061e-05j,
                 3.72075332e-06+2.54434030e-05j, ...,
                 8.65913462e-04+0.00000000e+00j,
                 2.03027836e-04+2.72653659e-04j,
                -2.34916329e-04+5.13458949e-04j],
               [-1.20558061e-05-4.44020524e-06j,
                 4.01916887e-06+1.48027718e-06j,
                 8.88385937e-06+4.79406110e-06j, ...,
                 2.03027836e-04-2.72653659e-04j,
                 1.33454814e-04+0.00000000e+00j,
                 1.06594841e-04+1.94358055e-04j],
               [-1.60959078e-05+1.40110349e-05j,
                 5.36605939e-06-4.67100371e-06j,
                 1.40777084e-05-9.10890667e-06j, ...,
                -2.34916329e-04-5.13458949e-04j,
                 1.06594841e-04-1.94358055e-04j,
                 3.68195886e-04+0.00000000e+00j]],
              dims=(2, 2, 2, 2, 2, 2, 2, 2, 2, 2))","{'0111001000': 1, '1100100111': 1, '1111110100': 1, '1011111000': 1, '0100100111': 3, '0101101111': 1, '0110001001': 1, '0110101001': 1, '1111001100': 1, '0100001011': 1, '1000000100': 1, '0110001000': 1, '0111001100': 1, '1100010011': 1, '1100111000': 1, '0101011000': 1, '1110101010': 1, '0111000011': 1, '1111111111': 1, '1000111011': 2, '1110110101': 1, '1101110011': 1, '0110100011': 1, '0100100010': 1, '0101100111': 1, '0100101000': 1, '0000100100': 2, '0110011111': 1, '1100111010': 1, '0111111011': 30, '1100111101': 1, '0101010101': 1, '0101010000': 1, '1110111000': 1, '1011101000': 1, '0100100101': 2, '0100010110': 1, '0111011000': 1, '1111101001': 2, '0010001011': 1, '1111101000': 1, '1110000100': 3, '1001011011': 1, '0100000110': 2, '0100011111': 1, '1111001111': 1, '1101010000': 1, '1100010100': 54, '0100011010': 1, '1110001011': 1, '0001111011': 1, '0100010100': 48, '0100100100': 25, '1010100011': 1, '0011011011': 1, '1001000100': 1, '1000111000': 1, '0110001011': 1, '0100100011': 1, '1111000011': 1, '0101000010': 2, '0100010011': 1, '1110100111': 4, '1110010011': 1, '0100110100': 4, '1101000000': 1, '1000011011': 3, '1100101100': 1, '0100011000': 2, '1100011000': 3, '0100111111': 2, '1101101011': 9, '0001000101': 1, '1110110100': 1, '1111010100': 5, '1011111011': 1, '0110001100': 2, '0111100110': 1, '1111101011': 40, '0111000100': 26, '1111100110': 1, '1101100011': 1, '0011010100': 3, '1101110100': 1, '1100110100': 6, '0100100110': 1, '1001001000': 1, '1100011011': 18, '0111100100': 11, '1111101111': 1, '0110010010': 2, '1110000111': 1, '1110110011': 3, '0001010100': 1, '1110011111': 2, '1101000111': 1, '0101000100': 19, '1101011011': 2, '0011011000': 1, '0111000111': 2, '0001000100': 2, '1100010110': 1, '1101100100': 7, '1101010111': 1, '0011101011': 2, '1100000010': 2, '0111100001': 1, '0100010010': 1, '1111101101': 1, '0100010101': 2, '0111100000': 1, '0110010100': 5, '0100000100': 19, '1111110011': 3, '1100011100': 2, '0110101101': 1, '1111001011': 4, '0110101100': 1, '0111000010': 1, '0100000111': 1, '0101011100': 2, '1100100010': 1, '0101110000': 1, '1111100000': 2, '1011001100': 2, '0110111010': 1, '0000111011': 5, '0101010100': 14, '0110011100': 1, '0111110010': 1, '0100001000': 1, '0111000000': 2, '1110111011': 27, '0110100110': 1, '1111100100': 16, '1010010100': 2, '0000000111': 1, '1000100100': 3, '1100111111': 2, '0101110100': 1, '1001010100': 2, '1100111011': 21, '1101000100': 18, '0110010011': 1, '1000010100': 1, '1110100100': 6, '1100001100': 3, '0101101000': 1, '1110111111': 2, '1100110000': 1, '1100001010': 2, '0000011011': 2, '0010010100': 3, '1011000111': 1, '0000010100': 2, '0100000101': 1, '1101011000': 2, '0110000100': 4, '1101111011': 1, '1100101011': 4, '1100011111': 1, '1011101011': 1, '0101101011': 8, '1111100011': 3, '0110101011': 8, '1111010111': 1, '0111010100': 7, '0111010111': 1, '1100101010': 1, '1011000100': 8, '1100001011': 2, '0010001100': 1, '1100000101': 1, '1100010000': 2, '1101010100': 7, '1101001000': 1, '0111101001': 2, '1110011011': 7, '0110100100': 9, '1000010111': 1, '0011000100': 3, '0110111001': 1, '0100011011': 7, '1100100100': 29, '0101100110': 1, '0111110111': 2, '0100111011': 13, '1111011000': 1, '0111101111': 2, '1100000100': 13, '0100110111': 1, '0101000000': 1, '0100011100': 4, '0110011011': 6, '0100101011': 4, '1111010000': 2, '1011100101': 1, '0100000000': 2, '1100100011': 1, '0110111011': 20, '1011011011': 1, '0111011111': 1, '0111001011': 2, '1100001101': 1, '1111000000': 1, '0000000100': 1, '1011111111': 1, '0111010011': 2, '0111011001': 1, '0101111000': 1, '0111111001': 2, '1110010100': 6, '1010001101': 1, '0111011011': 23, '0011100100': 1, '0111110011': 3, '1010101011': 2, '0101111011': 7, '0111100111': 6, '1110100101': 2, '1110111010': 1, '0110110011': 2, '1111111101': 1, '1111000100': 11, '0111100011': 2, '1111111011': 17, '0000100111': 1, '0101000110': 1, '0010101011': 4, '1010011011': 3, '0100001100': 4, '1100000000': 3, '0101011011': 6, '1101001100': 2, '1111011011': 20, '0101100010': 1, '1010111011': 4, '1110101011': 12, '0101100100': 4, '0111101011': 42}","DensityMatrix([[ 2.30112545e-05+0.00000000e+00j,
                -3.47519208e-06+2.12659974e-06j,
                -1.45487806e-05+5.21598950e-06j, ...,
                -8.01489673e-06+2.33365212e-05j,
                -9.43629236e-06+3.20666765e-06j,
                -1.20654515e-05-1.11922571e-05j],
               [-3.47519208e-06-2.12659974e-06j,
                 3.04704869e-06+0.00000000e+00j,
                 5.03924513e-06+3.18459315e-06j, ...,
                 1.18667729e-06-7.80010711e-06j,
                 2.78573445e-06-1.33858164e-06j,
                 4.60764136e-06+3.14182532e-06j],
               [-1.45487806e-05-5.21598950e-06j,
                 5.03924513e-06-3.18459315e-06j,
                 1.74134964e-05+0.00000000e+00j, ...,
                 2.01671544e-06-1.71675996e-05j,
                 5.83611823e-06-3.45398077e-06j,
                 1.06211361e-05+5.57527782e-06j],
               ...,
               [-8.01489673e-06-2.33365212e-05j,
                 1.18667729e-06+7.80010711e-06j,
                 2.01671544e-06+1.71675996e-05j, ...,
                 9.05944014e-04+0.00000000e+00j,
                 2.11790785e-04+2.67888552e-04j,
                -3.08215385e-04+4.88125602e-04j],
               [-9.43629236e-06-3.20666765e-06j,
                 2.78573445e-06+1.33858164e-06j,
                 5.83611823e-06+3.45398077e-06j, ...,
                 2.11790785e-04-2.67888552e-04j,
                 1.42421186e-04+0.00000000e+00j,
                 7.40613633e-05+2.07655924e-04j],
               [-1.20654515e-05+1.11922571e-05j,
                 4.60764136e-06-3.14182532e-06j,
                 1.06211361e-05-5.57527782e-06j, ...,
                -3.08215385e-04-4.88125602e-04j,
                 7.40613633e-05-2.07655924e-04j,
                 4.39413367e-04+0.00000000e+00j]],
              dims=(2, 2, 2, 2, 2, 2, 2, 2, 2, 2))"
data/selected_mutant_qc/mutants_ae_10/ae_10_Mutant_Replace_cp_P42_Q8_[3.141592653589793].qasm,Quratest_0,"{'0011111001': 1, '1110000110': 1, '0000000111': 1, '1001100101': 1, '1110010101': 1, '0011000110': 1, '0101011110': 1, '0011000111': 1, '1010110101': 1, '0010001000': 1, '1100011011': 1, '0001010110': 1, '0100111011': 1, '0110111011': 1, '0110110110': 1, '0100111001': 9, '0000010110': 1, '0110001100': 1, '0010111000': 1, '0000101100': 1, '0111100101': 1, '0011001110': 1, '0100110111': 1, '0111110100': 1, '0001010111': 1, '0110101001': 5, '0101100001': 1, '1001101100': 1, '1011100010': 1, '0101011011': 1, '1110101000': 1, '1000101100': 1, '0100000110': 1, '0011110001': 1, '0011100010': 1, '1001101000': 3, '0010011011': 1, '1001011001': 1, '0100100000': 1, '0000000110': 1, '0011011001': 4, '0010001001': 1, '1001111010': 1, '1000001010': 1, '0110001110': 1, '0111011001': 3, '0111010100': 1, '1111010100': 1, '0011100111': 1, '0110110001': 1, '0111101110': 1, '1000111011': 1, '1010010001': 3, '1010110110': 2, '1101011100': 1, '1010111010': 2, '1000101001': 1, '0100110010': 1, '1111001010': 1, '0010110001': 1, '0100110001': 2, '1010101000': 3, '0000101110': 1, '1101101101': 1, '0110010011': 1, '0011110110': 1, '1000000111': 1, '1000011010': 1, '1100000110': 3, '1110110010': 2, '0110110101': 1, '0000011011': 1, '0001101011': 1, '0000101111': 2, '0011111010': 1, '1010101111': 1, '1010010101': 1, '0100110101': 1, '1111011000': 1, '1000001000': 1, '0000110001': 2, '0010000010': 1, '1111101110': 1, '1111100101': 2, '1110001011': 1, '1011000110': 1, '0010100010': 1, '0110111001': 2, '1010010111': 1, '0111101010': 1, '0010110100': 2, '1001100111': 2, '0110111110': 1, '0101100100': 2, '0001101111': 2, '1101011010': 5, '0000111001': 3, '0010010100': 4, '0011010100': 2, '0101010000': 2, '0101001001': 5, '1100001110': 2, '0010000101': 1, '0110101010': 1, '1111010010': 5, '1000101110': 1, '0101111011': 3, '1111000111': 1, '1110101001': 3, '1010110011': 1, '0011010010': 1, '1101110111': 1, '1001010010': 3, '1111000110': 1, '1101111000': 1, '1001101111': 2, '1011100111': 1, '0010001010': 3, '1010100101': 2, '0110011010': 1, '0100001001': 2, '0101010110': 1, '1111011010': 2, '0010101011': 1, '1100011010': 3, '0101111001': 2, '0010111001': 2, '1101111100': 1, '0110010001': 3, '0101001100': 2, '0011000100': 2, '0101110000': 2, '1101000001': 1, '1011101110': 2, '1010100011': 1, '0100011011': 5, '0100010100': 1, '0100100100': 4, '0010110110': 1, '1100100101': 4, '1100110000': 1, '1010111111': 1, '1101100101': 4, '0010110010': 1, '1010011000': 9, '0110000101': 1, '1110101101': 1, '0000011000': 1, '1101100110': 12, '0010010000': 2, '0100010101': 5, '0100110110': 3, '1100101011': 5, '0100000111': 1, '1110101111': 1, '0011010110': 1, '0100011001': 1, '1011100101': 1, '0101001111': 1, '1010001010': 3, '1101010000': 1, '1010110010': 2, '0100100001': 2, '0011101010': 1, '1001101110': 1, '1101011101': 1, '1100111000': 3, '0101101111': 3, '1010010000': 2, '0101100110': 11, '1101000101': 1, '1001100110': 2, '0111000101': 2, '0101001000': 1, '1000011110': 1, '0011001001': 2, '0110010010': 4, '1011110011': 1, '1110000111': 1, '1000111111': 1, '1010100110': 1, '1100011000': 5, '1011001111': 1, '0100011000': 2, '1100101100': 1, '1010000001': 1, '1100101001': 7, '1101101001': 8, '0100000100': 3, '0100111010': 3, '1010101010': 1, '0001001000': 1, '0110100001': 1, '1110111010': 3, '1100010111': 1, '0110010100': 4, '0010101001': 3, '0101100111': 2, '1100111010': 11, '1101001011': 2, '1100000111': 1, '0001011000': 4, '0111000110': 4, '0010100101': 4, '0001010000': 1, '1111101001': 3, '0101010101': 2, '1000101010': 1, '0001110110': 1, '1101111001': 1, '0110010000': 2, '0101010100': 2, '0101000101': 2, '1100110111': 2, '0100010110': 1, '0101111000': 1, '0100111000': 2, '0001101010': 1, '0000100110': 2, '1100101110': 17, '1011110010': 2, '1011011010': 1, '0010010001': 1, '0101101001': 4, '1100111001': 3, '0101111110': 1, '1101111010': 5, '0101000110': 1, '0111001111': 1, '1100011111': 2, '1111100010': 3, '1101101110': 5, '1100111011': 2, '1100101010': 10, '0111100100': 2, '1001110011': 1, '0011011000': 2, '0001011001': 1, '1110101110': 6, '0000001000': 1, '0000101001': 1, '1100100001': 4, '0100110100': 3, '1110010011': 2, '1011010010': 6, '0011010101': 2, '0101111010': 2, '0110011001': 5, '1101010010': 1, '0111000111': 1, '1000100111': 1, '1100010110': 4, '0100011110': 2, '0100001111': 2, '0111010000': 1, '0100010111': 1, '0010000100': 1, '0110010101': 3, '0010010101': 4, '0010010010': 5, '0011010011': 2, '0100001110': 2, '0101000111': 2, '1111001101': 2, '0100101010': 1, '0011100110': 1, '1011011001': 5, '1001010101': 1, '1001111110': 1, '0100010011': 2, '1001011010': 1, '1101100011': 1, '0110101111': 4, '1110011010': 7, '0100001010': 1, '0010101110': 1, '1110101010': 4, '1010010010': 5, '0011100011': 1, '1100011001': 8, '0101101110': 9, '1001101001': 1, '1011110111': 1, '0111011000': 1, '0100101011': 6, '1100110010': 3, '0111110010': 2, '0100101001': 15, '0001101101': 1, '0011001000': 2, '1010011001': 7, '1100001010': 3, '1010011010': 4, '1010100111': 4, '0000110100': 1, '1110011001': 3, '1111110011': 1, '1101110110': 1, '0100111110': 2, '1100110110': 3, '1011001110': 1, '1100101000': 4, '0100100110': 11, '1111001011': 3, '0101110100': 1, '0100110000': 1, '1101000110': 2, '1101101000': 5, '1110100010': 1, '0100100111': 4, '0110010110': 2, '0010111011': 1, '1000100110': 1, '0111001000': 1, '1101001110': 2, '1000011001': 3, '0111101011': 2, '1001101011': 1, '0001111001': 1, '1100110011': 1, '1101010110': 2, '1011000111': 1, '1100010100': 6, '1010000010': 2, '0000010111': 1, '0101011000': 6, '0001010101': 1, '0101001110': 5, '1110100110': 9, '0111110011': 1, '0001101001': 3, '1101100111': 4, '0111010010': 1, '0011101110': 2, '0101101010': 3, '1111111010': 3, '1100100100': 1, '0101100101': 5, '1101101111': 2, '1111001110': 1, '1111100111': 1, '1101010101': 1, '0111000100': 2, '1111100110': 1, '0100101110': 17, '1101101010': 1, '0010100111': 3, '1101001000': 1, '1001100001': 1, '1110010100': 4, '0111111001': 2, '0101011100': 1, '1100100111': 12, '0100101100': 2, '1000111010': 2, '1000010010': 1, '1110011000': 7, '1100100110': 15, '1000010110': 2, '0110101011': 1, '0000001001': 1, '1011000101': 1, '0111010001': 2, '0110100111': 9, '0101101101': 1, '1100010001': 1, '1110100101': 4, '1100111110': 1, '0101011001': 10, '0111010101': 2, '0110100110': 3, '1110111011': 1, '1100100010': 1, '0010011010': 1, '0010100100': 1, '0100101000': 3, '1000011000': 4, '0110000100': 4, '0010100110': 7, '0100101111': 6, '1110101011': 2, '1101101011': 3, '0001000101': 4, '1101100001': 2, '1101011011': 3, '0101000100': 2, '1010010100': 5, '0110101110': 6, '0101010001': 1, '1111101000': 4, '0011010001': 2, '0010011000': 6, '1100010010': 2, '1101100100': 3, '1110010010': 6, '1101001010': 3, '1101011000': 1, '0100000101': 4, '0010011001': 5, '1011101000': 3, '0100100101': 10, '1101010011': 2, '1110100111': 3, '0110100100': 1, '1010101001': 4, '0111001001': 2, '0001000111': 1, '1100001111': 1, '0110011000': 9, '1100101111': 2, '0000110010': 1, '0101010010': 3, '0100001000': 1, '1110011101': 1}","DensityMatrix([[ 5.22352640e-06+0.00000000e+00j,
                -1.37880874e-05-8.14292279e-06j,
                 7.92198523e-06-8.58012331e-06j, ...,
                 7.33396187e-06-5.84309102e-06j,
                -2.65003757e-05-1.25954267e-05j,
                 1.77198667e-05+5.75152522e-06j],
               [-1.37880874e-05+8.14292279e-06j,
                 4.90891643e-05+0.00000000e+00j,
                -7.53547318e-06+3.49977372e-05j, ...,
                -1.02500618e-05+2.68563656e-05j,
                 8.95856643e-05-8.06422052e-06j,
                -5.57396047e-05+1.24415900e-05j],
               [ 7.92198523e-06+8.58012331e-06j,
                -7.53547318e-06-3.49977372e-05j,
                 2.61081031e-05+0.00000000e+00j, ...,
                 2.07204809e-05+3.18509282e-06j,
                -1.95012455e-05-6.26314965e-05j,
                 1.74264893e-05+3.78292602e-05j],
               ...,
               [ 7.33396187e-06+5.84309102e-06j,
                -1.02500618e-05-2.68563656e-05j,
                 2.07204809e-05-3.18509282e-06j, ...,
                 1.68332086e-05+0.00000000e+00j,
                -2.31178156e-05-4.73278906e-05j,
                 1.84454206e-05+2.78969128e-05j],
               [-2.65003757e-05+1.25954267e-05j,
                 8.95856643e-05+8.06422052e-06j,
                -1.95012455e-05+6.26314965e-05j, ...,
                -2.31178156e-05+4.73278906e-05j,
                 1.64814843e-04+0.00000000e+00j,
                -1.03766306e-04+1.35486446e-05j],
               [ 1.77198667e-05-5.75152522e-06j,
                -5.57396047e-05-1.24415900e-05j,
                 1.74264893e-05-3.78292602e-05j, ...,
                 1.84454206e-05-2.78969128e-05j,
                -1.03766306e-04-1.35486446e-05j,
                 6.64443312e-05+0.00000000e+00j]],
              dims=(2, 2, 2, 2, 2, 2, 2, 2, 2, 2))","{'1011011100': 1, '0110000101': 1, '1100011100': 1, '1111101001': 1, '1100111011': 1, '0000110110': 1, '1111010100': 1, '1111101111': 1, '0011010100': 1, '1010010001': 1, '1110110000': 1, '0010100001': 1, '1001110010': 1, '1111110110': 1, '1110110111': 1, '0100110010': 1, '0110010101': 1, '0100001001': 1, '0100001010': 1, '1010011100': 1, '1011101110': 2, '0000000101': 1, '0001100011': 1, '1000011110': 1, '1011110000': 1, '1101111110': 1, '1111100111': 2, '0001101001': 1, '1111011010': 1, '1100010000': 2, '1001101010': 2, '0010010010': 2, '0100010000': 2, '0100101101': 1, '1100110100': 1, '1100000101': 1, '0110001110': 3, '0111100010': 1, '1101110101': 1, '1010101010': 1, '1010111000': 3, '1110000100': 1, '0111000110': 2, '1010110101': 1, '1001101011': 2, '1001111001': 1, '1101011100': 1, '1010110110': 1, '0110110010': 2, '1011000110': 1, '1001000110': 1, '0111100011': 1, '1110011110': 1, '1010101101': 1, '0111100110': 1, '1101000001': 1, '0011010001': 1, '1110101100': 1, '0110111110': 1, '1001100111': 1, '0011001111': 1, '1011101001': 3, '1111011011': 1, '0111100111': 2, '0111010011': 2, '1100001111': 2, '0010000000': 1, '0110111000': 2, '0100011101': 1, '1110000110': 1, '0010101011': 1, '1001000100': 1, '0000101110': 1, '1111000001': 1, '0110010010': 3, '0011001001': 2, '1101000111': 4, '0011010110': 1, '1101101111': 3, '0001001010': 2, '0011011010': 1, '0111100101': 1, '0111110001': 1, '1101011011': 2, '0010111101': 1, '1011111011': 1, '0001101110': 1, '0001110010': 1, '0010000011': 1, '0101101000': 1, '0110101001': 3, '0101100001': 1, '0000011001': 1, '1010011011': 3, '1111110100': 1, '1100011010': 2, '1111100010': 1, '0010000111': 1, '0011100010': 1, '0100000111': 4, '1100101011': 3, '1110101111': 2, '1011100110': 3, '0100110110': 4, '1001010001': 2, '0101011001': 3, '1010110100': 1, '1010111011': 1, '0011010010': 1, '0000100001': 1, '1001011011': 1, '1101000110': 4, '1001100101': 1, '0111000001': 2, '0000011011': 1, '1000100000': 1, '0100000110': 1, '0011000101': 1, '0000101011': 1, '0101001100': 1, '0111010110': 2, '1101100001': 1, '1100000010': 1, '1000011001': 2, '0100011011': 2, '0100010100': 1, '0100100100': 2, '1111100110': 4, '1111111011': 1, '0011001110': 1, '1110111010': 3, '1100100011': 1, '1001010000': 2, '0010101100': 1, '0110101000': 1, '0100000101': 2, '1101011000': 2, '0011101111': 2, '1100100101': 4, '1100110010': 1, '0110111010': 1, '1100010010': 1, '1011100010': 1, '0010110000': 1, '0000010100': 1, '0001011110': 1, '1101010111': 1, '0000111010': 1, '0100011010': 2, '1111001110': 2, '0011101001': 3, '0001010101': 2, '0101001110': 1, '1000111010': 1, '0100101100': 1, '1101010100': 1, '0010011011': 1, '0110001010': 3, '1011001111': 2, '0100011000': 2, '1010100110': 4, '1100011000': 9, '1110001011': 1, '0111001110': 1, '1000100101': 2, '1101011010': 4, '0000111001': 1, '0101111001': 3, '1011101111': 1, '0101001111': 1, '0001010010': 1, '1010001010': 3, '1110001000': 1, '0101011000': 3, '1111111111': 2, '1010100001': 1, '1100111110': 3, '1000110110': 2, '1000101001': 2, '0100010110': 2, '0101110010': 1, '1101001111': 2, '1100001001': 1, '0010111000': 1, '0110001100': 1, '0101100100': 2, '0000011100': 1, '1101100111': 1, '0110010110': 4, '0100100111': 9, '0100010101': 1, '0000000111': 1, '1011011001': 1, '0011100110': 2, '1011010111': 1, '0101101011': 4, '1100001011': 1, '1100000111': 2, '1110110001': 1, '1111101010': 2, '1100110101': 1, '0010010111': 1, '0100110101': 1, '1110110110': 1, '0001010001': 2, '1010101110': 6, '0111001101': 1, '0100011001': 5, '1000100001': 1, '0010101111': 4, '1000011011': 1, '1111011000': 2, '0001100101': 1, '1110100101': 3, '0111101111': 2, '1111101110': 2, '1111100101': 1, '1101101000': 2, '1110010000': 4, '1110011010': 4, '0110101111': 2, '0110101011': 5, '1100100110': 16, '1000010110': 1, '1111010111': 1, '0111011001': 3, '0111010100': 3, '1110100100': 2, '1000010100': 1, '0100010010': 4, '0100111100': 1, '0001000000': 1, '1010110010': 2, '1101010000': 2, '0111110010': 1, '0100101001': 11, '0010110001': 2, '1111001010': 4, '1101100101': 3, '0110010100': 1, '0010101001': 1, '0101100111': 3, '1100101010': 4, '1101001110': 1, '0100011110': 1, '0110111111': 1, '1000100111': 2, '0100001111': 1, '1100010110': 1, '0001000100': 1, '1110100110': 7, '1100011111': 2, '0100001011': 1, '1110011001': 2, '0100111001': 4, '0010011001': 5, '1100000110': 3, '1100010101': 1, '0110110101': 2, '1011100100': 1, '1000000111': 2, '0111111000': 1, '1100001110': 1, '0101001001': 8, '0010000101': 1, '0000011010': 2, '1010010101': 2, '1010101111': 1, '1011010100': 1, '1110010101': 3, '1111000000': 1, '0101110111': 2, '1111101000': 2, '0110111001': 2, '0101011110': 1, '0010101110': 6, '0001011001': 1, '0011011000': 3, '0101000100': 1, '0101111110': 1, '1101111010': 4, '0000001111': 2, '1001011000': 3, '0101000110': 1, '0111111001': 4, '1110001110': 1, '1110010100': 5, '1100101111': 4, '1111011110': 1, '1101001011': 1, '1010001001': 1, '1100111010': 2, '1000111001': 1, '1101100110': 8, '0010010000': 2, '1101010001': 1, '1010011000': 5, '1010010110': 1, '0010001000': 1, '1010111110': 1, '1011101011': 1, '1101101110': 4, '0111101001': 2, '0110010001': 4, '1101111111': 1, '1110001010': 2, '0010110100': 1, '0001100111': 2, '1001101110': 2, '0101101001': 6, '0010010001': 1, '0100000000': 1, '1110101000': 2, '0001000101': 1, '1101101011': 3, '1100011110': 2, '1011010101': 1, '1101001010': 3, '1110010001': 4, '1110010010': 2, '0000100011': 1, '0011100011': 1, '1100011001': 5, '1100110110': 7, '1010011111': 1, '1011000111': 2, '1110011000': 10, '1000010010': 1, '0100100010': 1, '1101001001': 2, '0111001001': 5, '1111110000': 1, '1101001000': 2, '1110101110': 6, '1100100001': 1, '1100010001': 1, '0100110001': 3, '1110011100': 1, '0100101110': 8, '1101101010': 5, '0100010001': 3, '1111110111': 1, '1000110001': 1, '1000100110': 1, '0110100101': 7, '0110110111': 1, '1100100100': 1, '0101100101': 5, '1110011011': 1, '1101110010': 1, '1001000101': 2, '0101100110': 8, '1010011101': 2, '0001100110': 2, '1001100110': 2, '1001100100': 1, '1010100111': 5, '1100110001': 1, '1111010010': 1, '1000101110': 2, '1111000111': 2, '1000011000': 2, '0100001000': 5, '0101010010': 3, '0010011000': 5, '0101101110': 2, '1110001101': 1, '1110111000': 2, '0110100110': 6, '0101100010': 1, '1101101101': 2, '0110000100': 2, '0110001000': 2, '1111100100': 2, '1001010011': 1, '1010010100': 2, '0110011001': 2, '0011010101': 1, '0100100101': 7, '1011101000': 3, '0010100101': 5, '0001011000': 3, '0111011000': 1, '0100101011': 2, '0110011011': 2, '0110100001': 3, '0110001001': 3, '1001110100': 1, '1101010011': 1, '1110100111': 4, '1100011011': 2, '0011011001': 1, '0010001001': 2, '1010101100': 1, '1111011001': 1, '0000111110': 2, '1110010011': 1, '1011010010': 5, '1110000111': 1, '0000101001': 4, '0011000111': 4, '0101010101': 2, '1010010000': 2, '1110010111': 1, '0001101011': 1, '0101010000': 4, '0111000101': 4, '1010110111': 1, '0111010010': 2, '0011101110': 2, '0001100100': 1, '0101101010': 3, '0111001011': 1, '0110011000': 6, '1110100001': 1, '1000011100': 2, '1100111000': 1, '1110111110': 1, '1100100000': 2, '0000100110': 3, '0100111000': 3, '0010100110': 4, '0100101111': 1, '1110101011': 3, '1010100101': 1, '0110011010': 1, '0110100111': 7, '0111010001': 1, '0110000011': 1, '0010011010': 2, '0100111010': 1, '0101000111': 1, '0100101010': 2, '0000110111': 1, '0100110111': 2, '1101111001': 2, '0100101000': 1, '1010010010': 3, '1000101000': 2, '0111000010': 1, '1011010011': 2, '1100101001': 10, '1101101001': 11, '0000010001': 2, '1011011010': 1, '1100101110': 14, '1011110010': 1, '0000010010': 1, '1000111011': 1, '1110101010': 2, '1011011101': 1, '1101110110': 3, '0100111110': 2, '1100101000': 1, '0100100110': 14, '0001110100': 2, '1101010010': 3, '1010010011': 1, '1010101011': 2, '0010010101': 1, '0101010100': 2, '0110010000': 5, '1110010110': 1, '1001010100': 1, '0010010100': 3, '0110101110': 3, '0111101110': 2, '1011011000': 4, '1010011001': 1, '1100001010': 3, '1010011010': 3, '1100100111': 13}","DensityMatrix([[ 1.60185184e-05+0.00000000e+00j,
                -2.68222871e-05-8.88915450e-06j,
                 5.00798401e-06-3.51890340e-06j, ...,
                 4.39921174e-06-3.62535428e-06j,
                -2.06310884e-05-1.00310610e-05j,
                 1.41497285e-05+4.64932978e-06j],
               [-2.68222871e-05+8.88915450e-06j,
                 7.35065574e-05+0.00000000e+00j,
                -5.82288336e-06+3.08799274e-05j, ...,
                -5.37916988e-06+2.02367253e-05j,
                 6.83751597e-05-4.87423492e-06j,
                -4.34338158e-05+1.05073839e-05j],
               [ 5.00798401e-06+3.51890340e-06j,
                -5.82288336e-06-3.08799274e-05j,
                 4.17269906e-05+0.00000000e+00j, ...,
                 1.60708132e-05+4.26566368e-06j,
                -1.43212585e-05-4.82123457e-05j,
                 1.29982167e-05+2.94675104e-05j],
               ...,
               [ 4.39921174e-06+3.62535428e-06j,
                -5.37916988e-06-2.02367253e-05j,
                 1.60708132e-05-4.26566368e-06j, ...,
                 2.30320779e-05+0.00000000e+00j,
                -1.62171302e-05-4.18447360e-05j,
                 1.52863378e-05+2.67490974e-05j],
               [-2.06310884e-05+1.00310610e-05j,
                 6.83751597e-05+4.87423492e-06j,
                -1.43212585e-05+4.82123457e-05j, ...,
                -1.62171302e-05+4.18447360e-05j,
                 1.85454996e-04+0.00000000e+00j,
                -1.10258063e-04+1.89712470e-05j],
               [ 1.41497285e-05-4.64932978e-06j,
                -4.34338158e-05-1.05073839e-05j,
                 1.29982167e-05-2.94675104e-05j, ...,
                 1.52863378e-05-2.67490974e-05j,
                -1.10258063e-04-1.89712470e-05j,
                 7.34584152e-05+0.00000000e+00j]],
              dims=(2, 2, 2, 2, 2, 2, 2, 2, 2, 2))"
data/selected_mutant_qc/mutants_ae_10/ae_10_Mutant_Replace_cp_P42_Q8_[3.141592653589793].qasm,Quratest_1,"{'1011110101': 1, '1000110100': 1, '0101000100': 1, '0111011000': 1, '1011110010': 1, '0101111011': 1, '0001100111': 1, '0010110100': 1, '0010001110': 1, '1100000100': 1, '0100111111': 1, '1001111010': 1, '0101011111': 1, '1110011100': 1, '0001100010': 1, '0110001010': 1, '1110000001': 1, '0001011001': 1, '0101010111': 1, '0110000110': 1, '1101011100': 1, '1110100011': 1, '1010001111': 2, '1010000001': 2, '1010100011': 1, '0110111001': 1, '0011110101': 1, '0110110000': 1, '1111001010': 1, '0110001110': 1, '1111110011': 1, '1110001010': 1, '0011110010': 1, '0011101011': 1, '1101010111': 1, '0110010010': 1, '0010011110': 1, '0010000110': 2, '0110111000': 3, '1110011101': 1, '1011111100': 1, '0010011101': 1, '1010111010': 1, '1101010000': 2, '1011100000': 1, '1001100001': 1, '0101000101': 1, '0101111000': 1, '1010011111': 1, '0100110010': 1, '0001001000': 2, '1011001101': 1, '1001100011': 3, '0100100001': 1, '0001000110': 2, '0001101011': 3, '0010100111': 1, '0010100011': 2, '0011100011': 1, '0110000011': 2, '0111010000': 1, '0011001001': 1, '1001111100': 1, '1010101111': 1, '0101010110': 1, '0001111111': 1, '1001111110': 3, '0011111001': 1, '1110110000': 1, '1110011001': 1, '1010000000': 3, '0111111110': 1, '0001111000': 3, '0010000011': 3, '0011001010': 3, '0101011000': 1, '0010011100': 1, '0100110011': 1, '0011110111': 4, '0101101000': 1, '0010000001': 2, '1010001010': 2, '1011100101': 2, '0011010011': 1, '0010011111': 1, '0101010001': 1, '0100001100': 1, '1001111101': 3, '1001100000': 1, '1000111101': 1, '0001001100': 3, '1100010011': 1, '0011011111': 2, '1001001111': 6, '1001101011': 4, '0001011011': 2, '0110111101': 1, '0101110100': 1, '0001111001': 2, '1101101111': 5, '0011100010': 2, '0101110011': 2, '1010101000': 1, '1011011001': 2, '1001111011': 2, '1001000111': 1, '0100000110': 1, '0011000101': 1, '1111001111': 1, '0010100001': 1, '1011101001': 2, '0011001011': 1, '1001010010': 17, '1101110111': 2, '1100110100': 1, '1011001110': 2, '0010000010': 1, '0111101111': 1, '1000000011': 1, '1101101011': 1, '0001000101': 4, '1101000101': 1, '1010100110': 1, '0001100011': 3, '0001010111': 3, '0001110111': 3, '1010001000': 1, '0001001011': 4, '1101010011': 1, '1001011110': 2, '1001010100': 3, '1101000011': 2, '1110111100': 5, '1010111000': 3, '1001011111': 1, '1110000010': 3, '0010111000': 1, '0001111101': 14, '1001110011': 2, '1011111111': 2, '0000000100': 1, '0101111100': 2, '1001110101': 1, '1000000111': 1, '1011100100': 1, '0010111111': 2, '0110000010': 7, '1001000000': 11, '1010000010': 2, '1010011110': 2, '0001110000': 1, '1101111000': 3, '0110110110': 1, '1001001001': 1, '0010101010': 1, '0011010000': 1, '0011111110': 5, '0001111110': 4, '1011000000': 2, '0001101110': 3, '0010111101': 3, '1011101011': 2, '1101101110': 2, '0101101011': 3, '0011101101': 7, '0010110001': 3, '1010100111': 1, '0000100000': 1, '0101101110': 4, '1110001111': 4, '0001000001': 1, '0001111011': 2, '1000100010': 2, '1101001111': 1, '0001011111': 1, '0011101100': 1, '1000001010': 1, '0110111111': 1, '0001000100': 11, '1001010110': 5, '1001110010': 3, '1000110001': 1, '0101010000': 2, '0010110110': 3, '1001000001': 10, '0010000000': 6, '0111101000': 1, '0001000000': 2, '0001101100': 2, '1001111111': 8, '0101101101': 1, '0011100000': 1, '0011101111': 12, '1010111001': 1, '1100000010': 1, '0011111011': 1, '0110001000': 1, '1101010010': 5, '0111001111': 1, '0110010000': 2, '0011110001': 1, '1001101000': 1, '0011011100': 1, '0101000000': 2, '1001110111': 8, '0001110001': 2, '1001011000': 4, '0001000111': 6, '1101111101': 5, '1001000100': 7, '0001101001': 1, '1011100010': 1, '0010110000': 1, '1011111101': 2, '1111011110': 1, '0010111100': 9, '1010110001': 3, '0101000110': 1, '0101100011': 1, '1011000110': 1, '0001101111': 12, '1001101100': 1, '0110000100': 1, '1101101101': 3, '1010000111': 1, '1001010001': 4, '1011001111': 1, '0110001111': 3, '0101100010': 2, '0011110110': 4, '1100110011': 1, '0101101111': 10, '1001101110': 4, '1101011101': 2, '1101000100': 1, '0110010011': 1, '0001010001': 7, '1011001011': 2, '1110111001': 1, '0010110011': 2, '0101000111': 1, '0100001101': 1, '1001011101': 7, '0000000000': 1, '1001000011': 22, '1101101000': 1, '0111111101': 1, '0001010110': 5, '1001011100': 9, '0011001111': 4, '1000111000': 1, '1010101101': 1, '0011111101': 7, '1011101101': 4, '1110001011': 1, '1110010000': 2, '0001011100': 5, '0100111000': 1, '0001101010': 2, '0011001110': 1, '1010110000': 6, '0001001010': 2, '1001010011': 10, '1011000001': 2, '0100000000': 2, '0011101001': 1, '1001110100': 2, '1001101111': 17, '1011011011': 1, '1101000010': 5, '1001101101': 2, '0010111001': 1, '0101111001': 2, '1010111100': 5, '0010110010': 3, '0001010000': 18, '0001111100': 9, '1011110111': 2, '1101011001': 1, '0101111110': 3, '1110011111': 1, '0001010100': 4, '1110000011': 5, '0110000101': 1, '0001101101': 3, '0010000111': 4, '1010011100': 1, '1110000000': 8, '1101111100': 3, '1111101111': 1, '1011111001': 5, '0011000000': 1, '0010001111': 4, '1010110011': 6, '1011111011': 1, '0001000011': 6, '1110010001': 1, '1110010010': 4, '0010000101': 1, '1001001000': 2, '0010100010': 1, '0110111100': 1, '0011111100': 11, '1101110011': 2, '1001101010': 2, '1100010010': 1, '0001000010': 22, '0110110001': 1, '1100000011': 1, '1011110000': 2, '1011000010': 2, '1010000011': 3, '0100110000': 2, '0010100000': 1, '1011101111': 18, '1101111011': 1, '1010110101': 2, '0000111100': 2, '0101010010': 3, '0101110110': 2, '1010100101': 1, '0011101110': 4, '1011010010': 1, '1011000011': 4, '1011101110': 1, '1001111000': 2, '0101111111': 7, '1010000100': 2, '1011010000': 1, '0101001111': 2, '0010101110': 4, '1011111000': 1, '1101100101': 1, '1010001001': 1, '1010110010': 2, '0011111111': 11, '0011101000': 2, '1110001001': 2, '1101111001': 1, '1101111111': 7, '0001010010': 17, '1101010110': 1, '1110001110': 1, '1001100111': 3, '0101111101': 4, '0001001110': 3, '1001010111': 1, '1011110011': 4, '1001000010': 28, '0010101111': 3, '0001001111': 5, '1001111001': 3, '0001010101': 1, '0101001110': 1, '1001001110': 5, '1001010000': 15, '1110011000': 1, '0001010011': 8, '1010111101': 6}","DensityMatrix([[ 3.85856781e-04+0.00000000e+00j,
                -3.09537200e-04-7.57274152e-05j,
                 6.86396442e-05-5.42709122e-04j, ...,
                -2.30861185e-04-6.89432520e-05j,
                -8.37101301e-05-1.86259041e-04j,
                 2.62399243e-04+2.31876908e-04j],
               [-3.09537200e-04+7.57274152e-05j,
                 2.63175158e-04+0.00000000e+00j,
                 5.14476787e-05+4.48836389e-04j, ...,
                 1.98729225e-04+9.99847748e-06j,
                 1.03707689e-04+1.32989629e-04j,
                -2.56006297e-04-1.34515485e-04j],
               [ 6.86396442e-05+5.42709122e-04j,
                 5.14476787e-05-4.48836389e-04j,
                 7.75532804e-04+0.00000000e+00j, ...,
                 5.59013167e-05-3.36971430e-04j,
                 2.47082990e-04-1.50872055e-04j,
                -2.79457891e-04+4.10313927e-04j],
               ...,
               [-2.30861185e-04+6.89432520e-05j,
                 1.98729225e-04-9.99847748e-06j,
                 5.59013167e-05+3.36971430e-04j, ...,
                 1.50444573e-04+0.00000000e+00j,
                 8.33644125e-05+9.64832970e-05j,
                -1.98426339e-04-9.18494174e-05j],
               [-8.37101301e-05+1.86259041e-04j,
                 1.03707689e-04-1.32989629e-04j,
                 2.47082990e-04+1.50872055e-04j, ...,
                 8.33644125e-05-9.64832970e-05j,
                 1.08070710e-04+0.00000000e+00j,
                -1.68857069e-04+7.63593821e-05j],
               [ 2.62399243e-04-2.31876908e-04j,
                -2.56006297e-04+1.34515485e-04j,
                -2.79457891e-04-4.10313927e-04j, ...,
                -1.98426339e-04+9.18494174e-05j,
                -1.68857069e-04-7.63593821e-05j,
                 3.17786985e-04+0.00000000e+00j]],
              dims=(2, 2, 2, 2, 2, 2, 2, 2, 2, 2))","{'0001000001': 1, '1101100111': 1, '1101101100': 1, '0011100011': 1, '1000110011': 1, '1000100111': 2, '0000111110': 1, '0001011011': 1, '1010101000': 1, '0101000111': 1, '1011110000': 1, '0000000100': 1, '1101111001': 1, '1010011100': 1, '0111011101': 1, '1000001110': 1, '0101000101': 1, '0011000000': 1, '1000100011': 1, '0101001100': 1, '0110001101': 1, '1001001101': 1, '0011010011': 1, '0111010011': 1, '0101110110': 1, '0010100111': 1, '0110101110': 1, '1000101001': 1, '0111001000': 1, '1011000111': 1, '1101010110': 1, '1100110011': 2, '0010111010': 1, '1001100011': 1, '0101001000': 2, '0011110011': 1, '0011101011': 1, '1001010101': 1, '0001010101': 2, '0000001011': 1, '0011101001': 1, '1110010000': 1, '0011010100': 1, '1110100010': 1, '0111000100': 1, '1011101001': 1, '0101100000': 1, '1110010001': 1, '1110111110': 1, '0110111101': 1, '0011001101': 1, '1010100110': 2, '1011000010': 2, '1100011000': 1, '1010100011': 2, '0011010010': 3, '1111001011': 1, '0100001110': 1, '1010000000': 1, '1000001111': 1, '1111111001': 1, '1011000000': 2, '0011011011': 1, '0011101010': 1, '1011011000': 3, '1001111001': 1, '0001100010': 1, '1011101010': 1, '1111000011': 3, '1001110010': 2, '0000111100': 4, '0110000011': 3, '0011110111': 1, '1101011111': 1, '0011000110': 1, '1001011001': 1, '1000010001': 1, '0011110110': 1, '1011101101': 1, '0001100110': 1, '0110011101': 1, '1010000010': 2, '1001111111': 11, '1101000000': 1, '0011110100': 1, '1011001011': 3, '1001110000': 2, '0001010001': 2, '1101011000': 2, '0110101101': 1, '0000111101': 1, '0000010000': 2, '1101010101': 1, '0000010011': 1, '1100001010': 1, '0110001000': 1, '1111100100': 1, '1001010011': 2, '0101111010': 1, '0110001010': 1, '0010011011': 1, '0000110110': 1, '1000000010': 1, '0011101000': 1, '1110000100': 1, '0111000010': 1, '1011010011': 2, '0000001010': 1, '0001000110': 2, '0101101001': 2, '1001100010': 2, '1000111100': 1, '1010111001': 2, '0010011101': 1, '1010101110': 1, '0000011101': 1, '1011101011': 2, '0001111010': 1, '0000111001': 1, '1001100100': 1, '0011011101': 1, '1010001011': 1, '0111100011': 2, '1001000110': 3, '0100000011': 1, '0001010110': 4, '1100000100': 1, '1010010110': 1, '1110000000': 3, '0110000000': 1, '0101011111': 1, '0010001110': 1, '0001001010': 3, '1101101111': 2, '1110001100': 1, '1010011111': 1, '1011001110': 3, '1011000001': 1, '1000101110': 1, '1111010010': 1, '1001100111': 2, '0011001111': 4, '1000111001': 1, '1000010000': 1, '1001000010': 27, '0010000000': 1, '0001101100': 1, '0011001100': 2, '1000110100': 2, '1110110000': 1, '1001010000': 7, '0011101100': 2, '0110010000': 3, '0011000001': 1, '1001101111': 7, '1101111000': 2, '0110100000': 1, '0001101001': 1, '1001011101': 2, '0110010010': 1, '1101000111': 1, '0101101011': 3, '0001101000': 1, '0111001011': 1, '1010111111': 1, '1001010111': 5, '1100110000': 2, '1011110111': 3, '1010001110': 1, '1010111101': 2, '1011010000': 2, '1000001000': 1, '0111111011': 1, '0011111100': 5, '1100111001': 1, '0011011001': 1, '1111011111': 1, '1111011100': 1, '1111110011': 1, '1001000100': 5, '0011000010': 3, '0001001101': 3, '1110100110': 1, '1011111101': 4, '1101010011': 1, '0010101111': 3, '0011000101': 3, '0100011111': 2, '0101000010': 2, '1111101111': 1, '0110111000': 2, '1011011111': 1, '1010001111': 3, '1110111100': 1, '1101011100': 2, '1010110110': 2, '0001001001': 2, '0001010100': 3, '1011100010': 1, '1011100011': 1, '1001110111': 2, '1001101100': 3, '1001000001': 4, '1010110111': 2, '0001111000': 3, '1101010010': 2, '1101001001': 1, '1110011000': 1, '1000010010': 2, '1101010001': 2, '1010011000': 1, '1010000011': 4, '1010100010': 1, '1101111100': 3, '0010111000': 1, '0111111100': 2, '0001101101': 3, '1001011111': 1, '0100111100': 1, '1110000010': 3, '0101000000': 1, '0011011100': 1, '1101101010': 1, '1110011100': 5, '1010110100': 3, '1001010001': 7, '0101011001': 1, '1111111000': 1, '0001010000': 13, '0011000111': 3, '1100000010': 2, '0110100010': 2, '0001001111': 3, '0100001010': 1, '0011110010': 1, '0001000111': 6, '1101111101': 4, '0110000110': 1, '1101001111': 1, '0001011111': 2, '0111111111': 1, '1011000101': 2, '0001101110': 2, '1011111011': 4, '1000011111': 1, '1010000111': 2, '1011001111': 4, '0101000011': 1, '1000000000': 2, '0110000100': 4, '1011111110': 2, '0001011101': 1, '1011101110': 4, '1001000111': 1, '0000010010': 1, '0001011100': 4, '1001111100': 3, '0111010100': 1, '0011000011': 6, '0011111110': 5, '0001100111': 4, '0111101111': 1, '1000000100': 1, '0001100101': 1, '0010000010': 1, '1000000011': 1, '0001000100': 5, '0001010011': 7, '1000110010': 2, '1101101110': 1, '0001000101': 4, '0001010111': 2, '0101111100': 3, '0101111001': 1, '1011111111': 5, '0001111101': 8, '1001110011': 2, '0101001110': 2, '1001001110': 4, '0011010000': 2, '0101010001': 1, '1011001000': 2, '0100001100': 1, '1011110010': 3, '1100101110': 1, '0010101011': 1, '0001111100': 6, '1001111101': 4, '1010011011': 1, '1001101110': 3, '0011011010': 1, '0111011110': 2, '0101101111': 4, '1100100001': 1, '1011000011': 3, '1110010011': 2, '1011010010': 3, '1111001110': 1, '1110001111': 6, '0101111111': 8, '0011110001': 1, '1100000000': 2, '0011100010': 3, '1001101000': 1, '0110101011': 1, '0010001111': 3, '1010110011': 4, '1111110000': 1, '1110001101': 1, '0101101110': 4, '1001001011': 2, '1011100111': 1, '0001111001': 3, '0101111011': 2, '0101000100': 2, '0011011000': 1, '0011111111': 5, '1000100110': 2, '1000110001': 1, '1101011001': 1, '0011000100': 1, '0101010011': 1, '1011110001': 3, '0001001000': 3, '1101000110': 1, '0010100000': 4, '0001010010': 9, '1011101111': 4, '1011010001': 1, '1110111000': 1, '1001010010': 16, '0011001011': 3, '1101110111': 1, '0011101110': 5, '1011010101': 1, '0101110011': 1, '0010101101': 1, '1011110110': 3, '1101010000': 5, '1010110010': 5, '0010110000': 5, '0000100010': 1, '0111101101': 1, '1011110011': 1, '1111111101': 6, '0010110111': 2, '0001001110': 3, '0011010111': 2, '0010011111': 1, '1110010111': 2, '1010001101': 1, '0110001111': 1, '1001101010': 4, '0100110010': 1, '0010111101': 4, '0000110111': 1, '1001111110': 1, '0001111111': 5, '0011111001': 1, '0011111101': 5, '0101011101': 2, '0001000010': 11, '0001100100': 1, '1001011110': 3, '1101110011': 3, '1101111111': 4, '1110001010': 1, '0010110110': 2, '0110000010': 3, '1001000000': 9, '0001110111': 2, '0001110100': 1, '0001101111': 6, '0001011000': 5, '0110000111': 1, '1100011101': 1, '0110111111': 1, '0100001111': 1, '0101111101': 5, '1100010011': 1, '0001001100': 4, '1011111001': 5, '0010001011': 2, '0010100011': 2, '0101110111': 3, '1010110000': 7, '1101111011': 2, '1100101011': 1, '0110111001': 1, '1101000001': 1, '1101110000': 3, '0001011110': 2, '0001000000': 2, '0011101101': 2, '1111001010': 1, '0010110001': 2, '1001011100': 6, '0101101101': 2, '1010110001': 2, '0010111100': 10, '1010111010': 1, '1001111000': 2, '0010010011': 1, '0011101111': 14, '1110000111': 1, '1100100010': 1, '1011000100': 1, '1111101110': 2, '0010000001': 1, '1001000011': 8, '1001011000': 5, '0000101111': 1, '0001101011': 5, '1101000011': 5, '1001010100': 4, '0010110010': 1, '1011111100': 3, '0010001010': 1, '1101000010': 5, '0110001011': 2, '1101001011': 1, '0100100011': 1, '0111001111': 2, '1011111000': 2, '1111010001': 2, '1111111111': 2, '0110111100': 2, '0001001011': 7, '1001001000': 1, '0010000101': 1, '0111101011': 2, '1001101011': 3, '1001110100': 1, '1001100000': 1, '0000000110': 1, '1001101101': 4, '1110000001': 1, '0011100000': 2, '0010000011': 3, '1010001000': 1, '0101111110': 1, '1001101001': 1, '1010101111': 2, '1010111100': 8, '1000101111': 2, '0001100011': 4, '1110111101': 1, '1010001100': 1, '0001000011': 10}","DensityMatrix([[ 5.07072653e-04+0.00000000e+00j,
                -3.68368926e-04-1.07490229e-04j,
                 9.59262022e-05-5.35741835e-04j, ...,
                -1.57431827e-04-7.07420490e-05j,
                -5.03301921e-05-1.38019770e-04j,
                 1.83635992e-04+1.72218753e-04j],
               [-3.68368926e-04+1.07490229e-04j,
                 3.15185878e-04+0.00000000e+00j,
                 3.06056296e-05+4.61571401e-04j, ...,
                 1.40881816e-04+2.47478225e-05j,
                 6.72176895e-05+9.99153323e-05j,
                -1.84445779e-04-1.00405863e-04j],
               [ 9.59262022e-05+5.35741835e-04j,
                 3.06056296e-05-4.61571401e-04j,
                 8.34978922e-04+0.00000000e+00j, ...,
                 7.12867974e-05-2.63441354e-04j,
                 1.89552322e-04-9.53486663e-05j,
                -2.12539920e-04+2.95425371e-04j],
               ...,
               [-1.57431827e-04+7.07420490e-05j,
                 1.40881816e-04-2.47478225e-05j,
                 7.12867974e-05+2.63441354e-04j, ...,
                 4.52556203e-04+0.00000000e+00j,
                 1.71991181e-04+2.13041461e-04j,
                -3.69732243e-04-1.57508406e-04j],
               [-5.03301921e-05+1.38019770e-04j,
                 6.72176895e-05-9.99153323e-05j,
                 1.89552322e-04+9.53486663e-05j, ...,
                 1.71991181e-04-2.13041461e-04j,
                 2.15039094e-04+0.00000000e+00j,
                -2.79963790e-04+1.37364109e-04j],
               [ 1.83635992e-04-1.72218753e-04j,
                -1.84445779e-04+1.00405863e-04j,
                -2.12539920e-04-2.95425371e-04j, ...,
                -3.69732243e-04+1.57508406e-04j,
                -2.79963790e-04-1.37364109e-04j,
                 4.82283931e-04+0.00000000e+00j]],
              dims=(2, 2, 2, 2, 2, 2, 2, 2, 2, 2))"
data/selected_mutant_qc/mutants_ae_10/ae_10_Mutant_Replace_cp_P42_Q8_[3.141592653589793].qasm,Quratest_2,"{'1100010100': 2, '0101001100': 1, '0000010000': 1, '1011010101': 2, '0011110001': 1, '1110110101': 1, '0100010001': 1, '0000101011': 1, '0000011110': 1, '1110101011': 1, '0010011110': 1, '0010111010': 1, '0010101100': 1, '1011000101': 2, '1000100110': 1, '1001101101': 2, '1000111110': 1, '0100001000': 1, '0001011000': 1, '1000000100': 1, '1010100101': 1, '0000011100': 3, '0000001110': 1, '0100011111': 1, '1001001010': 1, '0100010011': 1, '1110011111': 1, '0001010100': 1, '0111101001': 1, '0111101111': 1, '0001001001': 1, '0001011111': 1, '0010110001': 1, '0010001110': 1, '1000101110': 2, '1000111111': 1, '1000000001': 1, '0000101101': 1, '1101011100': 1, '1010110110': 2, '0010011001': 2, '0111111100': 1, '0001101101': 1, '0000110101': 1, '1100011100': 1, '0010101001': 3, '0100001100': 2, '0110010100': 1, '1001010010': 3, '0110111100': 1, '0110100110': 1, '0000100000': 1, '0011110100': 1, '0001110000': 1, '0100001001': 2, '0000101010': 7, '1000010100': 3, '0011100010': 2, '1101100000': 1, '0011001111': 1, '1001100111': 1, '1110101111': 1, '0100000111': 2, '0011110000': 1, '0000011011': 2, '0000100111': 2, '1000101001': 2, '0111011010': 2, '0001100111': 1, '1010011111': 1, '1100110110': 1, '1011001110': 1, '0000100101': 2, '0111001111': 5, '1000111101': 1, '0010111000': 2, '1000011100': 3, '1010000010': 1, '1010001000': 1, '0000000000': 1, '0010001100': 1, '0100011010': 1, '1111001110': 2, '1000001010': 2, '0100110110': 1, '1011100110': 4, '1101000101': 2, '1001111011': 1, '0000101110': 4, '1101010000': 2, '1010110010': 2, '0110010010': 1, '0011001001': 2, '1101000111': 1, '0001101110': 2, '0100011001': 2, '0010011100': 1, '0011100001': 1, '0111001101': 3, '1101001011': 1, '1100111010': 1, '1101011011': 1, '0100101000': 1, '0100101010': 2, '1111001101': 4, '1010001111': 1, '1000010010': 4, '1011111010': 2, '1010101111': 2, '1010010101': 3, '1111100000': 2, '1110101100': 1, '1101000100': 1, '1011010100': 3, '0101001101': 2, '0110110100': 1, '1101101101': 2, '0110011100': 1, '0100011000': 2, '1011001111': 3, '0101010010': 1, '1101001100': 1, '1110011001': 1, '1011011100': 1, '0000110000': 3, '1000110010': 2, '0101010000': 2, '1000110111': 3, '1101010101': 4, '1000101101': 2, '0111110101': 1, '1111010100': 1, '0010101010': 1, '0011100000': 1, '0111011011': 3, '1010111100': 1, '0010110010': 5, '0110101100': 1, '1100100101': 1, '0011101111': 1, '1010000101': 1, '0010011010': 2, '0011100111': 3, '1011111001': 3, '0100010010': 2, '1001011010': 3, '1000111000': 1, '1111000100': 1, '0100110100': 2, '1011010010': 3, '1001101010': 1, '0010010010': 1, '0100000010': 1, '0000011101': 2, '0001101100': 1, '1001101111': 1, '0111011111': 1, '1011011011': 2, '0001101010': 1, '1101110001': 1, '0101000111': 1, '0110011001': 2, '0011010101': 2, '0111010111': 4, '0000111010': 2, '0001011110': 1, '0000010100': 2, '0110101001': 2, '0010011011': 1, '1101001111': 2, '0011110101': 2, '0011011011': 1, '0010100111': 1, '0101110111': 1, '1101101100': 1, '1111000110': 1, '0000000111': 7, '0000010101': 1, '0011101000': 1, '0100010100': 2, '0100011011': 1, '0100010111': 4, '0111010000': 1, '1010110000': 4, '0000110010': 5, '0111000101': 1, '0110101101': 2, '0000110111': 1, '1001001011': 2, '0100001101': 2, '1000010001': 1, '1001011001': 1, '1100001111': 2, '1010010111': 4, '0110011110': 2, '0110111001': 3, '0111111111': 1, '0100000100': 1, '0100111010': 4, '1100111011': 1, '1000001111': 2, '0100001010': 4, '0110100010': 1, '0100011101': 1, '0110111000': 1, '0111001100': 3, '1101011000': 1, '0100000101': 2, '0110101000': 1, '0011011101': 2, '1000011010': 19, '1100010101': 5, '0100110111': 5, '1111101011': 1, '0111010010': 2, '1010110111': 1, '0001010111': 2, '0100101100': 1, '0000011111': 4, '1101010100': 5, '1100010000': 1, '0111100111': 2, '1011000111': 1, '1101010110': 1, '0000101001': 14, '1010001101': 1, '0111111001': 4, '0000001010': 5, '1001111001': 1, '1010010000': 2, '0010111001': 4, '0100001111': 2, '0000001100': 1, '0100011110': 2, '0010100100': 1, '0001000100': 1, '1011010110': 5, '1000100111': 1, '1001010110': 2, '1000111100': 1, '1111001001': 9, '1011001001': 3, '1100010110': 7, '0011111010': 1, '1110110001': 1, '1100000111': 1, '0010011101': 1, '1010111001': 1, '0111000110': 2, '0010100101': 4, '1111001011': 3, '0100110000': 3, '1101000110': 2, '1000101011': 3, '1101101001': 1, '0111001010': 2, '1010001100': 1, '0000010111': 3, '1010100100': 1, '0101011000': 1, '0000001101': 3, '1010111011': 1, '0001110001': 2, '0011011100': 1, '0000110110': 6, '1010011010': 4, '0010010100': 1, '1000011000': 1, '1001011000': 1, '1010011001': 3, '0000010011': 1, '1100100100': 2, '1000010110': 8, '1100100110': 1, '1001010001': 1, '1010110100': 2, '1111101111': 4, '1100011011': 2, '0111100100': 2, '0011010111': 5, '1010000001': 1, '1100011000': 2, '1000001000': 1, '0000110001': 2, '1111011000': 1, '1111100101': 6, '0000111001': 3, '1010011011': 4, '1100111000': 1, '1101001101': 1, '0011000111': 1, '1110011011': 3, '0111001011': 1, '1100110000': 4, '1001010111': 1, '1000011001': 15, '0001010010': 2, '1011101111': 2, '1011110010': 1, '1011011010': 3, '0100111000': 1, '0000100110': 5, '1000110100': 3, '0000010001': 3, '0100100110': 2, '1111110001': 1, '1100110100': 1, '0101101011': 2, '1011010111': 1, '1011001100': 1, '1110100111': 4, '1101010001': 3, '1100111001': 4, '0111101000': 4, '1000100100': 1, '1011001010': 3, '1100010010': 3, '1011101110': 1, '1011001101': 1, '1011100101': 6, '0111100001': 1, '1101011110': 1, '1010011101': 1, '1111101100': 3, '1101110010': 2, '1100010001': 4, '0100110001': 3, '1100110111': 2, '0100010110': 1, '1001101110': 1, '1111011110': 2, '1000110000': 4, '0100000110': 1, '0100111011': 2, '0011000101': 2, '1111001111': 8, '1001100100': 2, '1111000111': 2, '0000110100': 1, '1010100111': 2, '1100110001': 4, '1101001001': 1, '0100100010': 1, '0101010111': 1, '0100001110': 2, '1111100001': 1, '0111110001': 1, '0000000100': 1, '1010000110': 1, '0111001001': 3, '1111011111': 1, '1100110010': 6, '0100101001': 2, '0001100100': 1, '0101101010': 1, '0000101100': 7, '0010110000': 2, '1011100000': 2, '0110111010': 1, '0000111011': 3, '1000000111': 1, '1011100100': 1, '1100010111': 5, '1010110001': 2, '0010000101': 1, '1111000101': 3, '0111101100': 1, '1100011001': 8, '0011001110': 2, '0111010100': 2, '0111011001': 5, '1010010110': 2, '1111001100': 4, '1111100111': 4, '1111101010': 8, '1111111010': 1, '1111111011': 1, '0010110110': 2, '0000000101': 7, '0100110010': 9, '0101011011': 1, '1011100010': 1, '1001101100': 1, '1110110100': 1, '1001101001': 8, '1101011001': 4, '0111001110': 3, '1000100101': 3, '0000010010': 4, '0110101110': 2, '1000101100': 4, '1001101011': 1, '0111101011': 1, '1000010000': 7, '1100000011': 1, '1011110000': 4, '0110100101': 3, '1111101101': 1, '1001001101': 1, '1011110110': 1, '1011110001': 1, '1000110001': 1, '1011000110': 3, '0110110010': 4, '1000011110': 1, '1101101010': 5, '1110110111': 1, '1100011101': 2, '0010001001': 1, '0111010101': 4, '1100001000': 1, '1111100110': 4, '1110011110': 1, '0101001010': 1, '1010111010': 1, '1100011010': 9, '1100110101': 1, '0011101011': 2, '0000000110': 2, '1101101110': 1, '1100011111': 4, '0001010000': 2, '1111101001': 9, '0011001101': 4, '0011001010': 3, '1101111111': 1, '0010001010': 2, '0000011010': 2, '0000001001': 3, '0111100010': 1, '1000011011': 4, '1101001110': 3, '1000010101': 22, '1011101001': 1, '1011101010': 3, '1000010111': 4, '1111110111': 3, '1000101010': 4, '0011100110': 1, '1011011001': 3, '0101110110': 1, '1111100100': 1, '1010010010': 3, '1101110110': 1, '1000101111': 2, '0011000110': 1, '0010111011': 1, '0110010110': 1, '0111000111': 1, '1101010010': 1, '0000011000': 1, '1111011101': 1, '0100111001': 4, '0000010110': 2, '0100100101': 1, '1000011111': 3, '1000011101': 2, '0000101111': 2}","DensityMatrix([[ 4.36526966e-04+0.00000000e+00j,
                 1.94405654e-04-8.95666720e-05j,
                 2.60371659e-04-9.48499770e-05j, ...,
                 1.57711656e-04-5.66041933e-05j,
                 2.96787375e-05-2.08446374e-04j,
                -9.49535612e-05-1.11561245e-04j],
               [ 1.94405654e-04+8.95666720e-05j,
                 1.04955136e-04+0.00000000e+00j,
                 1.35416880e-04+1.11820152e-05j, ...,
                 8.18503544e-05+7.15083639e-06j,
                 5.59863750e-05-8.67413263e-05j,
                -1.93970600e-05-6.91659705e-05j],
               [ 2.60371659e-04+9.48499770e-05j,
                 1.35416880e-04-1.11820152e-05j,
                 1.75911055e-04+0.00000000e+00j, ...,
                 1.06368118e-04+5.05854633e-07j,
                 6.29941289e-05-1.17881608e-04j,
                -3.23957874e-05-8.71738346e-05j],
               ...,
               [ 1.57711656e-04+5.66041933e-05j,
                 8.18503544e-05-7.15083639e-06j,
                 1.06368118e-04-5.05854633e-07j, ...,
                 6.43190531e-05+0.00000000e+00j,
                 3.77516694e-05-7.14606067e-05j,
                -1.98394367e-05-5.26182348e-05j],
               [ 2.96787375e-05+2.08446374e-04j,
                 5.59863750e-05+8.67413263e-05j,
                 6.29941289e-05+1.17881608e-04j, ...,
                 3.77516694e-05+7.14606067e-05j,
                 1.01553219e-04+0.00000000e+00j,
                 4.68159742e-05-5.29262205e-05j],
               [-9.49535612e-05+1.11561245e-04j,
                -1.93970600e-05+6.91659705e-05j,
                -3.23957874e-05+8.71738346e-05j, ...,
                -1.98394367e-05+5.26182348e-05j,
                 4.68159742e-05+5.29262205e-05j,
                 4.91655541e-05+0.00000000e+00j]],
              dims=(2, 2, 2, 2, 2, 2, 2, 2, 2, 2))","{'1111011010': 1, '1001111001': 1, '0010011110': 1, '1001100110': 1, '1100010100': 1, '0000001110': 1, '1001001111': 1, '0010001101': 1, '0000001000': 1, '1011101101': 1, '1111000110': 1, '1110100101': 1, '0101001110': 1, '0100010011': 1, '1001110101': 1, '1101110100': 1, '1001001101': 1, '0101111010': 1, '0000000101': 1, '0010001000': 1, '0010110111': 1, '1110100011': 1, '0110001100': 1, '1010011011': 1, '0111010001': 1, '0110110111': 1, '1101110101': 1, '0110110000': 1, '0101010111': 1, '1011100110': 1, '0101010011': 2, '1000001011': 1, '0001111101': 1, '1110111011': 1, '0001110110': 1, '1000100110': 1, '0111000000': 1, '0110001101': 1, '1001000110': 1, '1101000110': 1, '0100000100': 1, '1010001000': 1, '0000000000': 1, '0011011010': 1, '1110010101': 2, '1111100001': 1, '0001100010': 1, '1001010101': 1, '0011101011': 1, '1010101100': 1, '1110011001': 1, '0000100110': 1, '1110010110': 1, '1110110001': 1, '1101111001': 1, '1100111011': 1, '0001101011': 1, '1011000010': 1, '1100011000': 1, '0011101000': 2, '0101011010': 1, '0111001001': 2, '1110101011': 1, '0100011111': 1, '1111111001': 1, '0101101010': 1, '1001110001': 1, '0010001001': 1, '0010101010': 1, '1011101110': 1, '1100010000': 1, '0000001111': 2, '0111101000': 2, '1100111001': 2, '1001101100': 1, '0101011011': 1, '1110110100': 1, '0000110110': 1, '1110000111': 1, '1000111111': 1, '1111110101': 1, '1100110001': 3, '0000110100': 2, '1111011001': 3, '0100110101': 2, '0101010010': 1, '1011010000': 2, '1101001100': 2, '0001100001': 1, '0111001101': 1, '1101000111': 1, '1011100100': 1, '0000000111': 1, '0000010101': 2, '1100000100': 2, '1101010001': 3, '1010000101': 1, '1100100101': 1, '0011101111': 1, '0110110010': 3, '1000011110': 1, '1011101111': 1, '0001010010': 2, '0110101100': 1, '1001001110': 1, '1110110000': 1, '0111100110': 1, '0100011001': 2, '0010011100': 3, '0111110001': 1, '0000000100': 1, '0001101001': 2, '1101000011': 1, '1110111001': 3, '1111001010': 1, '0010110001': 3, '0011101101': 1, '0001111001': 1, '1000110011': 1, '1110010001': 1, '1111110010': 2, '1000101111': 2, '0100100101': 1, '0010001110': 1, '0011001101': 2, '0010110101': 3, '0110001110': 1, '0000100100': 2, '1111101010': 2, '0001101110': 1, '1110101001': 2, '1100100111': 1, '1101010101': 6, '1000101101': 2, '1000110110': 1, '0100010110': 5, '1111000011': 1, '1011101010': 3, '1001110010': 1, '1010010110': 3, '0110000001': 1, '0111001000': 1, '0100010101': 3, '1000111110': 1, '1001100010': 1, '1111001001': 5, '1100010110': 6, '1011001001': 1, '1000111100': 1, '1011010100': 3, '1111100111': 2, '1101111110': 1, '1000010001': 4, '1001011001': 5, '0101010101': 1, '1110000101': 2, '0101011110': 1, '1101011100': 1, '0100101010': 2, '1111001101': 2, '1011100001': 2, '1010100001': 1, '0111110010': 3, '0001011011': 1, '0100100111': 2, '1010101001': 1, '0110111101': 1, '0010111010': 2, '0010111000': 3, '1001111011': 1, '0000101110': 2, '0010011000': 1, '1011001110': 2, '1010011111': 3, '0000100101': 1, '1100110110': 1, '1000000111': 1, '0011110110': 2, '1111101001': 14, '0001010000': 1, '0100100001': 1, '0011101010': 1, '1011111001': 1, '1100011101': 2, '1001010110': 2, '1010001011': 2, '0011000111': 1, '1101001101': 2, '0111110000': 1, '1101101001': 3, '1000101011': 1, '0010000111': 1, '1111100010': 1, '0011010111': 2, '0011000101': 2, '0100111011': 1, '1010011100': 2, '1010000110': 2, '0001010001': 1, '1011100101': 4, '1010110010': 3, '1101010000': 2, '1111010100': 2, '1000011011': 5, '0010101111': 2, '1111111010': 1, '1100101000': 1, '0111011001': 4, '0111010100': 2, '0111000111': 2, '1101010010': 5, '0000011001': 1, '0011110000': 2, '0000011011': 3, '0111000110': 1, '1100011100': 3, '0000110101': 2, '0111111000': 2, '0000101101': 1, '1000000001': 2, '1010110111': 2, '0111010010': 1, '1111101011': 3, '1111100110': 4, '1001011010': 1, '0100010010': 2, '0110100101': 1, '1111101101': 2, '1101110000': 1, '0101110000': 3, '1101000001': 1, '1101010100': 1, '0000011111': 2, '0000111101': 1, '0000010000': 2, '0111000101': 3, '0010110110': 1, '1010111110': 3, '0001101111': 4, '1001001011': 1, '0110010101': 2, '1000011101': 2, '1110001010': 1, '0001000111': 1, '0011110010': 3, '0010110011': 1, '1010101101': 2, '1110011010': 1, '0101101100': 3, '1100011111': 3, '1101101110': 1, '1011101011': 1, '1111010110': 1, '0111001010': 5, '1001100101': 2, '0100101111': 1, '0010100110': 1, '0100010100': 2, '0100011011': 3, '1111111111': 1, '0100010111': 2, '1001001001': 1, '0011010000': 1, '0100001010': 1, '0110100010': 4, '0001001111': 1, '1010001101': 1, '0000101001': 4, '0000010011': 1, '1100001010': 1, '1010011001': 1, '1111010101': 1, '1000101110': 2, '1111010010': 3, '1001101001': 4, '1101011001': 3, '1011110111': 1, '1110110101': 1, '0011011100': 1, '1110010000': 1, '0001011010': 6, '0110111010': 1, '1011110110': 2, '1001100001': 1, '0000111011': 2, '0101110110': 2, '1010111010': 3, '0101001010': 2, '0110000000': 1, '1011010111': 1, '0001101000': 1, '1100001011': 1, '0110011110': 2, '0100110111': 2, '1000011001': 11, '0111101011': 1, '1001101011': 1, '1000100101': 2, '0111001110': 2, '1100100100': 3, '1000011000': 2, '1001011000': 2, '0100101110': 1, '1101101010': 1, '0101001011': 2, '1000111000': 1, '0110101011': 1, '1000010110': 6, '0011001000': 1, '0111111100': 1, '0100110001': 4, '0010011010': 3, '0011001110': 1, '1011011001': 5, '1110100001': 1, '0000000010': 2, '1111011111': 2, '1100110010': 1, '1100010111': 3, '1100011110': 3, '0010100100': 3, '1000000110': 2, '1111000101': 4, '0111110100': 2, '0011111000': 2, '1100011001': 8, '1000011100': 3, '0101110010': 2, '1101001111': 2, '0100111001': 2, '0000010110': 3, '0111100111': 2, '1100110111': 1, '0101000101': 1, '1101101111': 1, '1000000011': 1, '1111100101': 2, '0001100101': 2, '1111110110': 1, '1010111011': 2, '1001010001': 1, '1010110100': 3, '0000101111': 6, '1000110111': 1, '0101010000': 1, '1010110101': 1, '0110001111': 1, '1100111010': 3, '1010001001': 1, '1010111111': 1, '0111001011': 2, '1100110000': 5, '1001000101': 1, '1111101100': 1, '0110101110': 1, '1000101100': 2, '0000010010': 7, '0100101011': 1, '0100000110': 2, '1111001111': 5, '0110011000': 1, '1100001111': 4, '0100111000': 1, '0001101010': 1, '1011110010': 2, '1100101110': 1, '1011011010': 4, '1100110101': 1, '0000111010': 6, '1101010111': 2, '1011101001': 1, '1000001001': 1, '1111011011': 1, '0110110001': 3, '1011011111': 1, '1000010010': 7, '1011111010': 1, '1010001111': 1, '1111001110': 4, '0100011010': 2, '1010100101': 2, '0110011010': 3, '0011010110': 1, '0110110110': 1, '0010110000': 2, '0110110101': 1, '1100010101': 3, '1110110010': 3, '1000011010': 12, '0000101100': 3, '0000110000': 1, '1000110010': 3, '1011011100': 2, '0010010000': 1, '1000111001': 4, '1000010000': 2, '1101100110': 1, '0100011000': 1, '1011001111': 1, '1101101101': 1, '1010011010': 3, '1011010010': 4, '1000001110': 1, '0000011010': 3, '0000001001': 6, '1000101010': 2, '1110010111': 1, '0010101001': 1, '0100001100': 3, '1011100111': 2, '1110101100': 1, '1111100000': 3, '0011011011': 2, '1111010001': 2, '0000010111': 3, '1010100100': 1, '0101011000': 1, '1110111010': 1, '0000001101': 3, '1010101010': 1, '0101100111': 1, '1111000111': 3, '0100101101': 1, '0101001001': 4, '0110101010': 1, '0000100010': 1, '1010000111': 1, '1000011111': 3, '1010010100': 2, '1111100100': 1, '0001110010': 1, '1010110001': 3, '0000010001': 3, '1111001011': 1, '0100110000': 4, '1001010010': 1, '0011001011': 2, '1010010010': 3, '1000010011': 2, '1110101111': 1, '1000100100': 3, '1000010101': 10, '1101010110': 1, '0111111001': 3, '0000110010': 4, '0000111000': 2, '0010010110': 2, '1011001101': 2, '1111111100': 1, '0000010100': 4, '0010110100': 3, '0001100111': 2, '0000110111': 5, '1101011000': 1, '0111001111': 4, '1100011010': 7, '0000101011': 1, '0000110001': 1, '1000001000': 3, '0101011100': 1, '0111000010': 2, '0111011111': 2, '0111000011': 1, '1111000100': 1, '0000001010': 5, '1101111010': 1, '1101011010': 1, '0000111001': 6, '0011001100': 3, '0001101100': 2, '0000001100': 1, '0100011110': 2, '0100001111': 1, '1111011110': 1, '1000110000': 2, '1101011101': 1, '0010011001': 1, '1000010100': 2, '0000101010': 4, '0000011110': 1, '0101111001': 1, '0010111001': 3, '1111110111': 1, '1000010111': 1, '1101001010': 3, '0111101010': 2, '1011000101': 4, '1101001001': 2, '0110001011': 1, '1101001011': 2, '1001101010': 3, '1100010010': 4, '0011011000': 1, '0110000101': 1, '0000011000': 1, '0011111001': 3, '0011000110': 2, '1110100100': 2, '0101001100': 2, '1000101001': 3, '0111011010': 1, '0000100111': 2, '0000000110': 3, '1001101101': 2, '1101111011': 1, '1100111100': 1, '0100110010': 4, '0110100110': 1, '1010000001': 1, '1011101100': 1, '1011010110': 4, '0010010101': 2, '0010110010': 3, '0111011011': 1, '1010111100': 1, '0100011101': 2, '0110111000': 1, '0111100100': 2, '0010011111': 2, '1000111010': 3, '0100101100': 1, '1001100100': 3, '0010010100': 4, '1010010111': 7}","DensityMatrix([[ 4.14169909e-04+0.00000000e+00j,
                 2.06288794e-04-7.64709711e-05j,
                 2.60403628e-04-9.07545497e-05j, ...,
                 1.18202407e-04-4.39093841e-05j,
                 2.13697517e-05-1.54886988e-04j,
                -7.63957542e-05-8.10040865e-05j],
               [ 2.06288794e-04+7.64709711e-05j,
                 1.70142152e-04+0.00000000e+00j,
                 1.79915294e-04-4.52815531e-06j, ...,
                 6.43963430e-05+3.21209849e-06j,
                 4.17125668e-05-6.84520723e-05j,
                -1.77750727e-05-4.78819774e-05j],
               [ 2.60403628e-04+9.07545497e-05j,
                 1.79915294e-04+4.52815531e-06j,
                 2.48864258e-04+0.00000000e+00j, ...,
                 8.17235633e-05+3.08829059e-06j,
                 4.99656259e-05-8.94642319e-05j,
                -2.99605456e-05-6.16386448e-05j],
               ...,
               [ 1.18202407e-04+4.39093841e-05j,
                 6.43963430e-05-3.21209849e-06j,
                 8.17235633e-05-3.08829059e-06j, ...,
                 6.57651596e-05+0.00000000e+00j,
                 3.85026378e-05-6.77017159e-05j,
                -1.43540087e-05-4.62158883e-05j],
               [ 2.13697517e-05+1.54886988e-04j,
                 4.17125668e-05+6.84520723e-05j,
                 4.99656259e-05+8.94642319e-05j, ...,
                 3.85026378e-05+6.77017159e-05j,
                 1.04399025e-04+0.00000000e+00j,
                 4.99562757e-05-4.58038145e-05j],
               [-7.63957542e-05+8.10040865e-05j,
                -1.77750727e-05+4.78819774e-05j,
                -2.99605456e-05+6.16386448e-05j, ...,
                -1.43540087e-05+4.62158883e-05j,
                 4.99562757e-05+4.58038145e-05j,
                 7.08086915e-05+0.00000000e+00j]],
              dims=(2, 2, 2, 2, 2, 2, 2, 2, 2, 2))"
data/selected_mutant_qc/mutants_ae_10/ae_10_Mutant_Replace_cp_P42_Q8_[3.141592653589793].qasm,Quratest_3,"{'0010001101': 1, '1110010111': 1, '1101010100': 1, '1001100101': 1, '0100010010': 1, '0001011100': 1, '0011010101': 1, '0111100100': 1, '1110101001': 1, '1101001011': 1, '1010011011': 1, '1100100010': 1, '1001000011': 1, '0100100010': 1, '1111000111': 1, '1110110000': 2, '1001110110': 1, '0001111111': 1, '0110100000': 1, '0001010101': 1, '1010100001': 4, '0110001011': 1, '0110000101': 1, '0110111101': 2, '1011000110': 1, '0010111000': 3, '0001111000': 1, '0011010001': 1, '0001100001': 2, '0101100000': 1, '0011100101': 1, '1010000010': 2, '0000100000': 1, '1011100000': 1, '1101010101': 1, '0001111101': 2, '0001110110': 1, '1101100011': 2, '0010011101': 2, '1010110110': 3, '0011011011': 3, '1011010011': 2, '0101110110': 3, '0111000000': 1, '1001100010': 3, '1010100010': 2, '1100010111': 2, '1011010111': 3, '1001100011': 2, '0101010111': 1, '0010001010': 8, '0011101100': 2, '0111110100': 1, '1010001100': 4, '1101101000': 1, '1100110110': 1, '1100110000': 1, '1010010011': 2, '1011011100': 1, '0011111101': 1, '0001110010': 5, '1011101100': 3, '1011010101': 2, '0101011100': 1, '1010001000': 3, '0000001000': 1, '1010000011': 1, '1011000010': 1, '1000100100': 1, '1110101111': 1, '0011100010': 4, '0101110011': 4, '1010110000': 3, '0011001110': 1, '0010111011': 1, '0011111011': 1, '1110010100': 2, '1010010101': 2, '1110111100': 1, '0011010011': 1, '0110010000': 2, '0110011100': 1, '0101010100': 1, '1100001000': 1, '1011100011': 1, '0001000101': 4, '1110110100': 2, '0011110100': 10, '1100001100': 2, '1010101100': 3, '1010010111': 1, '1101110000': 5, '1010111101': 2, '0001000011': 2, '1010101111': 2, '0110011101': 1, '1100001110': 1, '1100110100': 2, '1110011111': 1, '1110110011': 1, '0101110111': 1, '0010100011': 9, '0010001011': 3, '0010100111': 5, '1001111111': 1, '0001101100': 1, '0111011000': 1, '1011000000': 9, '1010000101': 3, '0010111111': 4, '0010100110': 2, '1110100000': 1, '1001110101': 1, '1011100100': 3, '0011000001': 5, '1011011101': 8, '1010001011': 3, '0111000111': 1, '0110111111': 1, '0001000100': 3, '0001100010': 2, '1001111011': 1, '1011011001': 2, '0010000100': 1, '0011100110': 3, '1011110000': 9, '0101110010': 4, '1101100000': 2, '0000100011': 1, '1111000101': 1, '0011111000': 4, '0011100011': 3, '1101100001': 1, '0011000110': 1, '1010011000': 1, '0010010000': 1, '1010100100': 1, '0011100000': 4, '1100001111': 2, '0010000011': 4, '0001110100': 6, '0011100100': 3, '1011010100': 1, '1000001100': 1, '0011110011': 3, '0011110001': 1, '0010010110': 1, '0010110101': 1, '1001110111': 3, '0011011100': 2, '0101000000': 1, '1101100100': 1, '0101101110': 3, '0010001000': 7, '1010010110': 3, '1010111111': 3, '0010110010': 4, '0010101111': 4, '1010100011': 2, '0010000111': 4, '0001111010': 1, '0010110110': 5, '0110100111': 1, '1011111011': 2, '1011000101': 11, '1110001000': 1, '1010111001': 3, '0011010111': 7, '0011000111': 22, '0001010000': 1, '1011100010': 4, '0010110000': 7, '0011101010': 1, '1011011000': 1, '1010110001': 2, '0101100111': 1, '1001001000': 1, '0010000101': 2, '1001101011': 1, '1001000100': 2, '0011111010': 2, '1001110000': 4, '1011110010': 6, '0011011000': 2, '0100001000': 1, '0011011110': 7, '1010010001': 2, '0101111000': 2, '0110010100': 2, '0110110100': 3, '1011100111': 1, '1111100000': 1, '1101101110': 2, '1011101011': 2, '0101100010': 4, '1010010000': 2, '1011010110': 1, '0010010101': 1, '0010110111': 4, '1101101111': 2, '0110110111': 1, '1010110111': 12, '0001110111': 3, '0011110110': 4, '1110100101': 1, '1110000101': 1, '0010100010': 10, '1011000100': 8, '0010000001': 1, '1111011011': 1, '1010001111': 5, '1011011111': 9, '1010001110': 1, '0010011111': 1, '0010010010': 6, '1001010100': 7, '0101110100': 3, '1010100111': 7, '0100001100': 2, '0011010100': 1, '1101110100': 9, '0010101100': 6, '0001111011': 2, '0001000001': 1, '1101110110': 3, '1110100011': 1, '0011000011': 8, '1101100010': 2, '1011110101': 1, '0011110010': 6, '0011101110': 1, '0011111111': 1, '0101110000': 6, '1010101001': 1, '0001000111': 10, '0011110111': 10, '1110111111': 1, '1011110001': 1, '0010010111': 13, '1011110110': 5, '1010110010': 6, '0011000100': 8, '1010000110': 1, '1010001010': 5, '1101000010': 1, '1011011011': 3, '1001101111': 5, '0010001111': 8, '1010000000': 4, '1111000100': 1, '1001010000': 1, '0101101100': 2, '1101110001': 1, '1011100001': 2, '1001111001': 1, '0001100111': 1, '0010110100': 13, '0010100100': 3, '1010110100': 30, '1010111011': 5, '1011100110': 2, '1001011100': 1, '0010001100': 4, '0011001011': 3, '1101110111': 2, '0001000000': 4, '1011011110': 3, '0011000000': 14, '1001000101': 2, '1101110010': 4, '1010011101': 2, '1010010100': 8, '0011011111': 11, '1001000111': 6, '1001010111': 5, '1010011111': 3, '1011000111': 20, '1010011100': 1, '1101111011': 1, '0011011101': 5, '1001100000': 5, '0011000101': 10, '0010100000': 9, '1011101111': 3, '0110000100': 1, '1010000111': 7, '0010010100': 22, '1101101100': 1, '0001110000': 1, '1101111000': 2, '1011110111': 6, '1110110101': 2, '1001110100': 4, '1111011111': 1, '0011011001': 1, '1010010010': 7, '0001100100': 1, '1101110011': 3, '1001111000': 2, '0100110100': 1, '1011000011': 15, '0010101110': 1, '1011010000': 1, '0110110110': 1, '1110000111': 2, '0001011000': 1, '0010100101': 3, '1011110100': 17, '1010101000': 6, '0001101110': 1, '0010111101': 3, '0010010001': 2, '0110100001': 1, '0000010000': 1, '0010110011': 1, '1110111001': 1, '1011001011': 4, '1010000100': 6, '1011101010': 2, '0010001110': 6, '1110000110': 1, '0011110000': 9}","DensityMatrix([[ 1.41718343e-06+0.00000000e+00j,
                -1.60657242e-06+6.65345277e-07j,
                -7.73728089e-08+1.80916158e-06j, ...,
                 7.10325123e-07+5.28936059e-07j,
                -5.12943752e-07-9.17706800e-08j,
                 9.94768060e-08+1.68697013e-06j],
               [-1.60657242e-06-6.65345277e-07j,
                 2.13364001e-06+0.00000000e+00j,
                 9.37085563e-07-2.01460827e-06j, ...,
                -5.56924124e-07-9.33108249e-07j,
                 5.38407434e-07+3.44853698e-07j,
                 6.79235232e-07-1.95911555e-06j],
               [-7.73728089e-08-1.80916158e-06j,
                 9.37085563e-07+2.01460827e-06j,
                 2.31378105e-06+0.00000000e+00j, ...,
                 6.36453211e-07-9.35671530e-07j,
                -8.91487203e-08+6.59828970e-07j,
                 2.14813741e-06-2.19093186e-07j],
               ...,
               [ 7.10325123e-07-5.28936059e-07j,
                -5.56924124e-07+9.33108249e-07j,
                 6.36453211e-07+9.35671530e-07j, ...,
                 5.53446448e-07+0.00000000e+00j,
                -2.91350892e-07+1.45448658e-07j,
                 6.79488756e-07+8.08420682e-07j],
               [-5.12943752e-07+9.17706800e-08j,
                 5.38407434e-07-3.44853698e-07j,
                -8.91487203e-08-6.59828970e-07j, ...,
                -2.91350892e-07-1.45448658e-07j,
                 1.91600568e-07+0.00000000e+00j,
                -1.45246125e-07-6.04150257e-07j],
               [ 9.94768060e-08-1.68697013e-06j,
                 6.79235232e-07+1.95911555e-06j,
                 2.14813741e-06+2.19093186e-07j, ...,
                 6.79488756e-07-8.08420682e-07j,
                -1.45246125e-07+6.04150257e-07j,
                 2.01509825e-06+0.00000000e+00j]],
              dims=(2, 2, 2, 2, 2, 2, 2, 2, 2, 2))","{'0001000101': 1, '0000111011': 1, '1001011101': 1, '0110110111': 1, '1010111110': 1, '1100000111': 1, '1000100111': 1, '0110010111': 1, '1101111101': 1, '0011010000': 1, '1101011111': 1, '1110001101': 1, '0100100110': 1, '0101100110': 1, '0001111001': 1, '0010101011': 1, '1001111101': 1, '0011011100': 1, '1100000011': 1, '0011010100': 1, '1000110100': 1, '0011111010': 1, '0000100110': 1, '1010010111': 1, '1000110010': 1, '1100010111': 1, '0111110111': 1, '0010110010': 2, '0100001001': 1, '0001111111': 1, '1001010011': 1, '0110001000': 2, '0000100010': 1, '0001001110': 2, '1010100001': 5, '0101111000': 1, '1011111111': 2, '1011111101': 2, '1101010011': 1, '0011000000': 2, '1010001010': 1, '0101001111': 1, '0001010010': 1, '0110110010': 1, '1010011001': 1, '0000010011': 1, '1011000011': 9, '0101110101': 1, '1010110101': 1, '1000110110': 1, '0010101000': 2, '1001011011': 2, '1101110101': 1, '0111100010': 2, '1110010000': 1, '0100110010': 1, '1011111000': 1, '0001101100': 1, '0011001100': 1, '1100001000': 1, '0010101100': 4, '1001010000': 2, '0011101100': 2, '0100110001': 2, '1010101000': 1, '1101111011': 1, '0010001110': 1, '0101101010': 1, '0001100100': 1, '0010010110': 1, '1110000110': 1, '0011101001': 1, '0001010101': 1, '1100000101': 1, '1100010011': 1, '0101011101': 1, '0011111101': 1, '1001010101': 1, '0011101011': 1, '0100001000': 1, '0101010010': 1, '1110000101': 1, '0101110000': 3, '1101110000': 2, '1010111010': 1, '1111000011': 1, '1001110010': 5, '1001100110': 1, '1001100111': 1, '1101001011': 1, '0100100001': 1, '1110110111': 1, '1011110101': 2, '0010111010': 1, '1111011000': 1, '0010000010': 1, '1111100101': 1, '1000000100': 1, '0001100101': 2, '1000000011': 1, '0010111101': 1, '1101100001': 1, '0010101111': 1, '0101110110': 1, '1101011101': 1, '1011000000': 5, '1101100010': 2, '1111100000': 2, '1110101100': 1, '0001110110': 2, '0110100100': 1, '1011000001': 1, '1011001100': 1, '0001000001': 1, '0010101110': 1, '1001000111': 6, '1011101110': 1, '1001111000': 1, '1011000111': 16, '1100110011': 1, '1000000111': 1, '0011110110': 4, '1001111011': 1, '0000101110': 1, '1010111001': 2, '0111000110': 1, '1001110110': 2, '1110010100': 1, '1011011000': 1, '0011011011': 3, '1011100111': 2, '0111010111': 1, '0001001011': 1, '0000000101': 1, '1001001000': 1, '0010000101': 4, '1001111001': 1, '1110110110': 2, '0010010011': 1, '0000001110': 1, '0000011100': 1, '1000000010': 1, '0011111000': 2, '0001010111': 1, '0111110100': 2, '1011100011': 1, '1011100010': 5, '1001110111': 2, '1110110100': 3, '1001101100': 2, '0000010100': 1, '1100110111': 4, '0100000100': 1, '1010110000': 7, '1101100011': 1, '0000100011': 2, '0010110111': 3, '0010000000': 2, '1001000010': 1, '1101110100': 4, '1110111111': 1, '1011110011': 3, '1011110010': 1, '0111111010': 1, '0000101000': 1, '0010110101': 2, '0110001110': 1, '0010100100': 2, '0001010011': 1, '0001000100': 2, '1101010010': 1, '0111000111': 1, '0101000100': 1, '0011011000': 4, '0110001010': 1, '0010011011': 1, '0100100000': 1, '1000010101': 1, '1010000100': 6, '1010010011': 2, '0000011001': 1, '0010111110': 1, '0101011111': 2, '0010111100': 2, '0110101100': 1, '1010111000': 5, '1011110001': 1, '1010101010': 1, '0010001111': 4, '1110101001': 1, '1110001000': 1, '1010110011': 3, '1111000111': 1, '0010000100': 3, '0110010101': 1, '1110000011': 1, '0110000101': 1, '1011101100': 3, '1010000001': 1, '1100101100': 1, '0101110100': 4, '1110000111': 3, '1010011000': 2, '1010000011': 1, '1010111101': 1, '0100010000': 1, '1011110110': 1, '0010010111': 6, '0011010110': 2, '0011011101': 4, '1110011000': 1, '0011010010': 2, '0011100000': 4, '1111010101': 1, '0011010111': 7, '0010000111': 6, '0011000011': 8, '1101110110': 1, '1011011101': 5, '1010001000': 3, '1010100010': 1, '1100111011': 1, '1010000000': 1, '1011110111': 4, '1010001110': 4, '0110100011': 1, '1001001011': 1, '1001100000': 3, '1001100010': 3, '0111000000': 1, '1010101110': 1, '1101100100': 1, '0001101000': 2, '1011010111': 4, '1001100011': 1, '0101010000': 1, '1000110111': 1, '1011011100': 1, '0111011101': 1, '1101101111': 1, '0110110000': 2, '1111011101': 1, '0110011101': 2, '1010000010': 1, '1000011100': 1, '0000111110': 1, '1011110100': 8, '0011110100': 6, '0000110110': 2, '1011010100': 1, '1010100011': 3, '0100010100': 1, '0101010100': 1, '1010001111': 3, '1011100000': 6, '1011011111': 5, '1111110110': 1, '1010110100': 14, '1010111011': 4, '0101000010': 1, '0100010011': 2, '1000010000': 1, '0010010000': 4, '1000111001': 1, '1010100111': 3, '0000110100': 2, '0011110111': 3, '1010100000': 4, '0100110100': 2, '1111000100': 1, '0010111000': 4, '0011001000': 1, '1001011111': 4, '0100010010': 6, '1110000010': 1, '0001010100': 1, '1110011111': 2, '1001000000': 1, '0010111111': 2, '0010100110': 2, '1110010110': 1, '0111100000': 1, '1010101011': 3, '0001100001': 1, '1001100100': 3, '0010010001': 1, '0001110111': 3, '0001111000': 1, '1010110111': 9, '0101110111': 1, '0010100011': 7, '0010001011': 2, '0010100111': 7, '1000100100': 1, '1101100000': 4, '1001101000': 1, '0011100010': 3, '0100110110': 1, '1010010110': 3, '0010001000': 5, '1001100101': 2, '1000000110': 1, '0011110001': 3, '0110111000': 1, '1110011101': 1, '1110010111': 2, '1010010000': 6, '0101100010': 5, '0011100011': 2, '0101110010': 1, '0110111011': 1, '1101010100': 1, '0000001010': 1, '1011010011': 2, '0001101011': 2, '1010001011': 5, '0001000011': 2, '1010010101': 3, '1010101111': 1, '1000001110': 1, '1001111100': 1, '0110011000': 1, '1011100100': 8, '1110100000': 3, '0011000001': 4, '1010100100': 5, '1110100100': 1, '0010001010': 3, '1010101100': 7, '1101101100': 1, '1100001100': 2, '0011010001': 1, '1110000000': 2, '1010000110': 1, '0011000111': 14, '0010011000': 1, '0010010010': 3, '1001010100': 1, '1010110001': 1, '0010111011': 5, '1010110110': 4, '0110000111': 4, '0110110100': 3, '1011001011': 2, '0010110011': 2, '0101110001': 1, '0101111101': 1, '1110111011': 1, '0000100100': 2, '0001100000': 8, '0100101000': 2, '0000010111': 2, '1010001100': 5, '0111100110': 1, '0011110000': 7, '0101010011': 1, '1011001111': 1, '0110000100': 1, '1010010100': 6, '1010000111': 5, '0000100000': 1, '0010100000': 10, '0001111011': 2, '0110101110': 1, '0001011101': 1, '0110110110': 1, '0010110000': 9, '0001100111': 5, '0010110100': 17, '0011100100': 1, '1101110111': 3, '0011001011': 6, '0011011111': 5, '1010101001': 1, '0011110010': 9, '0001000111': 8, '1100100000': 1, '1101110001': 1, '0001101010': 1, '0001011100': 1, '0110100000': 2, '1101111000': 1, '1001101111': 2, '1101000010': 1, '1011011011': 3, '1001101011': 3, '1001000101': 1, '0001100110': 1, '0110110011': 1, '1101110010': 5, '1010011111': 3, '0010000001': 2, '1011000100': 6, '1110111100': 1, '0010000011': 2, '0001101111': 2, '0001110100': 5, '0000110011': 1, '1100010100': 3, '1010011110': 1, '0011000101': 11, '0000010010': 1, '1000000101': 1, '1000101011': 1, '1111000101': 2, '1001000100': 3, '1011010001': 1, '1111011111': 1, '0011011001': 1, '1000101000': 1, '1010010010': 6, '1011111011': 2, '1011000101': 8, '0010110110': 4, '0110111010': 1, '1000100000': 1, '0001011111': 4, '1111110010': 1, '1000101111': 1, '0011100101': 2, '1010000101': 1, '0011101111': 3, '1100110000': 1, '1010111111': 1, '1001010111': 2, '0010001100': 6, '1100110100': 1, '0110001001': 1, '1001110100': 4, '1101101000': 1, '1001000011': 4, '1011011001': 3, '0011100110': 1, '0110001111': 1, '0111100100': 1, '0011100001': 1, '0010011100': 1, '0101100000': 4, '0001110000': 2, '1011010101': 4, '1010001001': 1, '0011111111': 3, '1111110100': 3, '1011110000': 7, '1010110010': 3, '0010010100': 5, '0101111010': 1, '0000000111': 1, '1000101100': 2, '1111010111': 1, '0110101011': 1, '0010100010': 1, '0001100010': 4, '0000111111': 2}","DensityMatrix([[ 3.05139543e-05+0.00000000e+00j,
                -8.40095154e-06+3.05874842e-06j,
                 1.06049459e-05+1.99620051e-05j, ...,
                -1.34024180e-06+7.90558368e-07j,
                -4.22397854e-07-4.97313264e-07j,
                -1.97847538e-06-8.03632121e-07j],
               [-8.40095154e-06-3.05874842e-06j,
                 2.18379558e-05+0.00000000e+00j,
                 1.06272490e-05-1.33729142e-05j, ...,
                -7.68975947e-07-5.05071616e-07j,
                 9.49428751e-07+1.77389770e-07j,
                -1.71869295e-07-1.21171334e-06j],
               [ 1.06049459e-05-1.99620051e-05j,
                 1.06272490e-05+1.33729142e-05j,
                 2.93764662e-05+0.00000000e+00j, ...,
                -8.30462551e-07+6.68487433e-07j,
                 2.96576651e-08+1.58084697e-07j,
                -7.69768413e-07-1.62596211e-08j],
               ...,
               [-1.34024180e-06-7.90558368e-07j,
                -7.68975947e-07+5.05071616e-07j,
                -8.30462551e-07-6.68487433e-07j, ...,
                 1.44183601e-05+0.00000000e+00j,
                 3.37295558e-06-3.97300844e-06j,
                 8.03241072e-06+1.16239063e-05j],
               [-4.22397854e-07+4.97313264e-07j,
                 9.49428751e-07-1.77389770e-07j,
                 2.96576651e-08-1.58084697e-07j, ...,
                 3.37295558e-06+3.97300844e-06j,
                 5.42167609e-06+0.00000000e+00j,
                -1.76146277e-06+1.83374788e-06j],
               [-1.97847538e-06+8.03632121e-07j,
                -1.71869295e-07+1.21171334e-06j,
                -7.69768413e-07+1.62596211e-08j, ...,
                 8.03241072e-06-1.16239063e-05j,
                -1.76146277e-06-1.83374788e-06j,
                 1.79993233e-05+0.00000000e+00j]],
              dims=(2, 2, 2, 2, 2, 2, 2, 2, 2, 2))"
data/selected_mutant_qc/mutants_ae_10/ae_10_Mutant_Replace_cp_P42_Q8_[3.141592653589793].qasm,Quratest_4,"{'1010001110': 1, '1010111011': 1, '0010010000': 1, '1001101101': 1, '1010100001': 1, '0010000001': 1, '0101111111': 1, '0000100010': 1, '0010001010': 1, '0011010001': 2, '0010101000': 2, '1100111101': 1, '0111111011': 1, '0010101101': 1, '1010111001': 1, '0010111011': 1, '0001000110': 1, '1111101010': 1, '1110110001': 1, '1111110010': 1, '0111001011': 1, '0110111110': 1, '1010010110': 2, '0101010111': 1, '0101000011': 1, '0001010101': 3, '1010110010': 3, '0011100001': 1, '1001100010': 4, '0001001000': 1, '0100111010': 1, '0101011111': 1, '0101101100': 2, '1110011010': 1, '1001011010': 2, '0010011001': 4, '1001111001': 2, '0101101101': 1, '1010101100': 1, '1011011001': 1, '1001111011': 1, '1101111010': 1, '1101011100': 3, '1000010001': 1, '1011111011': 1, '0101110100': 1, '1001101111': 1, '1011011011': 2, '0000010011': 1, '0001000010': 1, '0101011101': 1, '0001010000': 2, '1010010101': 3, '1110111100': 1, '0011000010': 1, '0011011101': 1, '1101010011': 1, '0110011010': 3, '1001101100': 1, '1011101100': 5, '0101100010': 3, '1001011111': 4, '0000011110': 1, '0010100011': 2, '1001011011': 4, '0110100011': 1, '1010000011': 2, '1011001011': 2, '1000110010': 1, '1010111000': 1, '1011011100': 5, '0011110000': 1, '1011001010': 1, '0110010101': 1, '0011001001': 1, '1010111101': 4, '1010101111': 2, '0000001001': 1, '0010110101': 1, '0001110001': 2, '0011011100': 11, '1001110111': 1, '0010000000': 1, '1001000101': 1, '0010011110': 9, '1101011110': 4, '1010011101': 1, '1101110010': 1, '0011101111': 2, '0010010011': 2, '1110111111': 1, '0011110111': 1, '0001101111': 2, '0001110100': 1, '0011010000': 1, '1001001001': 4, '0010101010': 4, '1001000001': 3, '0001110010': 2, '0011101000': 1, '1010011010': 13, '1101100010': 4, '1101101110': 3, '0000001100': 1, '0001000100': 1, '1010100011': 3, '0101011011': 2, '0001011010': 2, '1000000010': 1, '0000011100': 1, '0100101100': 1, '0001101010': 7, '1011011010': 9, '0001011100': 11, '1011010001': 1, '1010011011': 6, '0001111100': 3, '0011101011': 3, '0000100101': 2, '0001100010': 5, '0011010010': 3, '0011101100': 10, '0001101001': 8, '0010010101': 2, '1001111101': 5, '1011010110': 3, '1010101011': 3, '1101110111': 1, '1001010010': 5, '1011100001': 1, '0001100000': 4, '0101111100': 4, '1011111111': 3, '1001110011': 3, '0011111010': 3, '0110011110': 2, '0011001010': 3, '1011010010': 4, '0001110011': 1, '1001101000': 1, '0010110000': 2, '1011100010': 7, '0010000010': 4, '0001100101': 9, '0000110001': 3, '0001000011': 2, '1001101011': 1, '1001001000': 1, '0010000101': 2, '1000100001': 4, '1101101100': 3, '1000100010': 2, '0001000001': 6, '1100000010': 1, '1001100101': 4, '1101101101': 1, '1011111110': 2, '1001010001': 10, '0011111100': 4, '0001101101': 3, '1101011010': 2, '0101101010': 1, '1010100101': 8, '0011101110': 8, '1001010111': 1, '0001001110': 1, '0001011001': 7, '1101111100': 1, '1010011100': 13, '0011100000': 2, '0010101110': 1, '0101011110': 5, '0000110010': 1, '0011011110': 3, '0001110110': 2, '1101111111': 1, '1000011110': 1, '0001010010': 5, '1010011111': 3, '1100011100': 3, '0001000000': 1, '1011011110': 5, '1001001010': 3, '0001100001': 18, '0010101011': 1, '1000101001': 1, '0010110001': 1, '0011101101': 2, '1001011101': 10, '0010111100': 2, '1011111101': 2, '0010010010': 8, '1001011110': 8, '1011100011': 1, '0101011010': 1, '0010011111': 5, '0000101000': 1, '1010010010': 18, '0001101110': 5, '1001011001': 6, '0011011010': 4, '1100011101': 1, '0001010110': 1, '1001000011': 15, '0010100001': 2, '1011101001': 1, '1011101010': 11, '1000000000': 1, '1000000101': 2, '0000010010': 2, '1010000010': 2, '1010011110': 5, '1010111110': 4, '1001001011': 5, '0001001001': 4, '1001100001': 14, '1010100010': 6, '0001001101': 2, '0010011100': 14, '0101100000': 1, '0000010001': 2, '1011110010': 5, '1101111110': 2, '0010011010': 10, '1001110010': 2, '1001011100': 19, '1011100110': 1, '1101011011': 3, '1010111111': 3, '0010110010': 5, '1010111100': 6, '0110111100': 1, '0010100010': 3, '1001000010': 10, '1011110011': 1, '1011011111': 6, '1010001010': 2, '0001001011': 1, '0101011100': 4, '1001100100': 1, '0010100000': 4, '0000100001': 6, '0001011111': 5, '1000100000': 1, '1010100100': 2, '1000100101': 2, '0001010011': 3, '1011111100': 12, '1010010011': 5, '0101101110': 2, '1001001101': 1, '0100100001': 1, '0010101001': 3, '1010101010': 3, '0011000101': 1, '1110011110': 2, '0001111110': 1, '0010010100': 3, '0011010100': 1, '0011110010': 7, '1101100011': 1, '1101101010': 3, '0010011101': 7, '1000011001': 1, '1011101111': 1, '1011101110': 4, '0000011111': 2, '1011000010': 1, '0001011110': 11, '0010100110': 1, '1001000000': 3, '0010100101': 6, '0001100011': 6, '1011101101': 3, '0011111101': 1, '0000101001': 1, '0001001111': 1, '1001101110': 4, '1001100011': 6, '0001101000': 1, '0000100011': 1, '0011100011': 1, '1100101110': 2, '1001111111': 2, '0001101100': 6, '1001110001': 4, '0011111110': 4, '0000000001': 1, '1010111010': 3, '1000111001': 1, '0001111111': 5, '0010001001': 1, '0010111010': 1, '1010101001': 2, '0001010001': 13, '1011010011': 4, '1011011101': 4, '1011011000': 1, '0011101010': 14, '0010010001': 3, '0011110101': 1, '1010000100': 1, '0010011011': 3, '1110101110': 1, '1100111100': 2, '0011011111': 5, '1101011001': 1, '0101111110': 3, '1001101001': 6, '1001010011': 6, '0101110000': 1, '0011111111': 2, '1001100110': 2, '0101110010': 2, '0101111101': 1, '0011100010': 10, '1001000100': 2, '0001110000': 2, '1100011110': 1, '0010100100': 2, '0001000101': 7, '1001111100': 9}","DensityMatrix([[ 1.12569298e-04+0.00000000e+00j,
                -2.05184005e-04+2.74887821e-05j,
                 4.44228864e-05-7.09387653e-05j, ...,
                 3.39689244e-05+1.91967644e-05j,
                 3.89008478e-05+2.23498975e-05j,
                -5.72429971e-06-3.68480360e-05j],
               [-2.05184005e-04-2.74887821e-05j,
                 3.80708682e-04+0.00000000e+00j,
                -9.82939946e-05+1.18454758e-04j, ...,
                -5.72286083e-05-4.32856332e-05j,
                -6.54482208e-05-5.02373070e-05j,
                 1.43580101e-06+6.85620480e-05j],
               [ 4.44228864e-05+7.09387653e-05j,
                -9.82939946e-05-1.18454758e-04j,
                 6.22345645e-05+0.00000000e+00j, ...,
                 1.30766475e-06+2.89820518e-05j,
                 1.26689792e-06+3.33343560e-05j,
                 2.09618812e-05-1.81485618e-05j],
               ...,
               [ 3.39689244e-05-1.91967644e-05j,
                -5.72286083e-05+4.32856332e-05j,
                 1.30766475e-06-2.89820518e-05j, ...,
                 1.35241456e-05+0.00000000e+00j,
                 1.55501162e-05+1.10434792e-07j,
                -8.01116629e-06-1.01430863e-05j],
               [ 3.89008478e-05-2.23498975e-05j,
                -6.54482208e-05+5.02373070e-05j,
                 1.26689792e-06-3.33343560e-05j, ...,
                 1.55501162e-05-1.10434792e-07j,
                 1.78804870e-05+0.00000000e+00j,
                -9.29409663e-06-1.15971437e-05j],
               [-5.72429971e-06+3.68480360e-05j,
                 1.43580101e-06-6.85620480e-05j,
                 2.09618812e-05+1.81485618e-05j, ...,
                -8.01116629e-06+1.01430863e-05j,
                -9.29409663e-06+1.15971437e-05j,
                 1.23527941e-05+0.00000000e+00j]],
              dims=(2, 2, 2, 2, 2, 2, 2, 2, 2, 2))","{'1000110001': 2, '0110101000': 1, '0111011100': 1, '1000011001': 1, '0100011010': 1, '0010111001': 1, '0000011001': 1, '1101000010': 1, '0001111110': 1, '1010110011': 1, '1111101110': 1, '1000011101': 2, '1001101000': 2, '0011100010': 7, '1101100000': 1, '1001111110': 2, '0111000011': 1, '0011010010': 3, '0000100001': 3, '0011001010': 2, '1010111101': 2, '0110000110': 1, '1011000011': 1, '1010110101': 1, '0000101110': 1, '1111110010': 1, '0011100101': 2, '0010000000': 2, '1010101000': 1, '0010010010': 3, '1001101010': 1, '0101100000': 1, '1110010001': 1, '1010101001': 1, '1101011010': 4, '0000111001': 1, '0001101011': 1, '0100011101': 1, '1010110010': 2, '0000101001': 1, '0010001011': 2, '0110110100': 1, '0011010111': 1, '1011010101': 1, '1100011110': 1, '1011011000': 4, '1011001101': 1, '0001001010': 1, '0000011110': 2, '1011101011': 3, '0001111010': 2, '1100111010': 2, '0011111111': 2, '0111111101': 1, '0011111101': 1, '0101011101': 1, '0001011010': 2, '1110010000': 1, '0101000011': 1, '0001010101': 3, '1011101100': 4, '1010111110': 1, '1011010011': 1, '0010111100': 5, '0110101100': 2, '0000111111': 1, '0100101001': 2, '0001011011': 1, '0101101101': 1, '0001101101': 2, '0111111100': 1, '1101111010': 1, '0101001010': 1, '1010111010': 2, '0111100000': 1, '1010100010': 1, '1101011100': 2, '0000011010': 1, '0000001001': 1, '0101101010': 3, '0001100100': 1, '1100010011': 1, '0010011111': 2, '0000101000': 1, '1010000010': 4, '1000011100': 3, '1001111111': 4, '0110011101': 1, '1111011110': 1, '1011010001': 2, '0000000001': 1, '1100011100': 2, '0011000011': 2, '0011111110': 3, '0111100001': 1, '0001010001': 9, '1011100101': 2, '0001010010': 5, '1011101111': 1, '1010001010': 2, '0010110011': 1, '0001011101': 4, '1000000101': 1, '1001011110': 9, '0010100101': 1, '0001011000': 2, '0011001001': 1, '0110010010': 1, '0000011111': 1, '0110111011': 1, '0011011111': 3, '1100111100': 1, '0011101111': 2, '1100100101': 1, '1101111100': 1, '1000010110': 1, '0010000011': 1, '1100110001': 1, '1000101110': 1, '0110100000': 2, '1001101111': 1, '0100010001': 3, '0000001000': 2, '1011000001': 1, '1001010011': 3, '0010110000': 1, '1110110010': 2, '1000011010': 1, '1001101100': 4, '1011100011': 4, '1011100010': 4, '0011000001': 2, '0001111001': 2, '0000111010': 1, '1101010111': 1, '1001010101': 2, '0011101011': 3, '1001110011': 2, '1000000001': 1, '0010000101': 1, '1001001000': 2, '1110111100': 1, '1010010101': 3, '1011101001': 4, '1000001001': 1, '1011111100': 7, '0010110010': 3, '1101100101': 2, '1001011100': 13, '1010010011': 2, '0101110110': 1, '0011100000': 3, '0101011100': 6, '0010111011': 1, '1101010010': 3, '0000100010': 4, '1101101010': 1, '1110011100': 2, '0011011110': 10, '1001101011': 2, '0101000101': 2, '0001100010': 4, '0010100010': 2, '1011001010': 3, '0001100011': 3, '1110111011': 1, '0101111101': 1, '0011110110': 1, '1001100110': 2, '1011011100': 6, '1000110010': 1, '1001110110': 2, '0000110000': 1, '0001010100': 1, '0000011100': 1, '0000001110': 1, '0001000101': 5, '1001010010': 4, '0111010101': 1, '1001011010': 2, '0100010010': 1, '0000110011': 2, '1000100001': 3, '1100111111': 1, '0101101110': 2, '0111011011': 1, '1010111100': 4, '1010111111': 1, '0011100001': 5, '0010011100': 11, '1011011010': 10, '1011110010': 6, '0000010001': 4, '0000100101': 1, '1010011111': 4, '1011001110': 3, '0100111110': 1, '0010010001': 3, '1010100101': 4, '0110011010': 1, '0010111010': 2, '1011110101': 1, '1010011010': 10, '1101100010': 2, '0011010000': 3, '0010101010': 2, '1001001001': 4, '1001100100': 2, '1011111101': 1, '0001110010': 1, '1010110001': 1, '1101010101': 1, '1010011001': 1, '0011110010': 2, '1000100101': 1, '0101011110': 3, '0001000001': 10, '0010101110': 3, '1011110011': 2, '1110111111': 1, '1101011111': 3, '1010101110': 2, '0001101001': 3, '1001011101': 3, '1001111010': 1, '1001110001': 5, '0011011001': 2, '0010001001': 2, '0011011101': 4, '1001000011': 10, '1100101101': 2, '1001101101': 1, '0001110000': 1, '1011000101': 4, '0001101110': 5, '1011111011': 2, '1011101101': 2, '0001100110': 1, '0010011110': 6, '0010111110': 3, '1111101100': 1, '1101011110': 5, '1001000101': 8, '1010011101': 2, '1101110010': 3, '0101011111': 3, '0010010101': 1, '1010101011': 1, '1010011011': 1, '1001111101': 2, '1000010001': 2, '1001011001': 3, '1010010010': 11, '0001101000': 2, '0101111100': 2, '0011111000': 2, '0011100011': 2, '0111100010': 1, '0010101111': 2, '1000011011': 2, '1011111110': 5, '1001010001': 2, '1001011000': 3, '1011011101': 4, '0011101010': 6, '0100011011': 1, '1001100011': 8, '1101001110': 1, '0100011110': 3, '0001000100': 2, '1101001001': 1, '1011111010': 5, '1000010010': 3, '0000001101': 1, '1110111010': 1, '0001101100': 9, '1001101001': 3, '1011010010': 7, '0010111101': 1, '1001010110': 1, '1010001011': 1, '0101100010': 1, '0110010011': 1, '0111011110': 1, '0011011010': 4, '1010101100': 3, '0011110100': 1, '0111101110': 2, '0001100000': 3, '1011100001': 6, '1001010100': 2, '1001001101': 1, '0010010111': 2, '1010111000': 1, '1010101010': 2, '1011110001': 2, '1000111010': 1, '0011101110': 6, '1001000001': 1, '0010010000': 3, '0000011000': 1, '1110100001': 1, '0011101000': 2, '1001011011': 2, '1101101110': 4, '1010010000': 2, '1000000010': 2, '0001111111': 3, '0101000010': 1, '0111011101': 1, '0101100101': 2, '0110100101': 1, '0001010000': 2, '0001111100': 6, '1010011110': 6, '1001001011': 1, '1010000000': 2, '1011000010': 3, '0001011110': 10, '1011001001': 1, '1001100010': 10, '1000001011': 1, '0010001010': 2, '1010111011': 1, '0001110001': 5, '0011011100': 5, '1010011100': 10, '0011110001': 1, '1000001100': 1, '0110011110': 3, '1001111100': 7, '1110011010': 1, '1101100011': 2, '1000111011': 1, '0000010010': 2, '0011010101': 1, '0101111010': 1, '1010100011': 2, '1000001000': 1, '1000010011': 1, '0011101100': 5, '1001010000': 3, '0010101100': 1, '0100111000': 1, '0001101010': 6, '0001011100': 11, '1101001010': 2, '1010101101': 1, '1000011110': 1, '0110110010': 1, '1010010001': 3, '0101010010': 3, '0010011010': 9, '0000111100': 4, '1010001100': 1, '0011110000': 2, '0100000011': 1, '1001110010': 6, '1011101010': 4, '0011101101': 1, '0010110001': 3, '0010011101': 3, '1001101110': 2, '1101011101': 1, '1110100100': 1, '1000010100': 2, '0001000011': 2, '0010111111': 1, '0010100110': 1, '1001000000': 3, '0110111010': 1, '1001100001': 8, '0010101001': 6, '0010110111': 1, '1011011111': 2, '1000100000': 1, '0000010110': 1, '0001011111': 3, '1000100011': 3, '0101101100': 1, '0011010001': 3, '0011000010': 2, '0010011000': 1, '0001100001': 15, '0010000010': 3, '0001100101': 2, '1011101110': 4, '1110011011': 1, '1010100001': 3, '0001001110': 2, '0001011001': 2, '0011111100': 5, '1001001010': 2, '0001000000': 1, '1011011110': 8, '1011101000': 1, '1101111101': 1, '0011011011': 2, '0001111101': 1, '0000000100': 1, '1011111111': 3, '0000000111': 1, '0011111010': 2, '1001100101': 8, '1001110100': 1, '0001110110': 2, '0010001100': 2, '0111111110': 1}","DensityMatrix([[ 1.54489384e-04+0.00000000e+00j,
                -2.31064108e-04+5.51705889e-05j,
                 9.08955241e-05-1.08953578e-04j, ...,
                 2.66162074e-05+1.17562994e-05j,
                 3.16795718e-05+1.27518176e-05j,
                -7.41008620e-06-2.55591221e-05j],
               [-2.31064108e-04-5.51705889e-05j,
                 4.34204386e-04+0.00000000e+00j,
                -1.66947663e-04+9.25530310e-05j, ...,
                -4.53622009e-05-3.19209480e-05j,
                -5.53641647e-05-3.66892078e-05j,
                 5.08472211e-06+5.32308629e-05j],
               [ 9.08955241e-05+1.08953578e-04j,
                -1.66947663e-04-9.25530310e-05j,
                 2.21791018e-04+0.00000000e+00j, ...,
                 5.60896820e-07+1.89108657e-05j,
                 7.64266418e-06+2.17586074e-05j,
                 1.04218608e-05-1.47346832e-05j],
               ...,
               [ 2.66162074e-05-1.17562994e-05j,
                -4.53622009e-05+3.19209480e-05j,
                 5.60896820e-07-1.89108657e-05j, ...,
                 4.67905879e-05+0.00000000e+00j,
                 4.61668839e-05+8.51316558e-06j,
                -2.16278205e-05-3.42991568e-05j],
               [ 3.16795718e-05-1.27518176e-05j,
                -5.53641647e-05+3.66892078e-05j,
                 7.64266418e-06-2.17586074e-05j, ...,
                 4.61668839e-05-8.51316558e-06j,
                 7.17809782e-05+0.00000000e+00j,
                -4.28578574e-05-4.08256129e-05j],
               [-7.41008620e-06+2.55591221e-05j,
                 5.08472211e-06-5.32308629e-05j,
                 1.04218608e-05+1.47346832e-05j, ...,
                -2.16278205e-05+3.42991568e-05j,
                -4.28578574e-05+4.08256129e-05j,
                 5.15224620e-05+0.00000000e+00j]],
              dims=(2, 2, 2, 2, 2, 2, 2, 2, 2, 2))"
data/selected_mutant_qc/mutants_ae_10/ae_10_Mutant_Replace_cp_P42_Q8_[3.141592653589793].qasm,Quratest_5,"{'0000010101': 1, '1000011101': 1, '0000100010': 1, '1110011100': 1, '1110010111': 1, '1010010111': 1, '1001000100': 2, '1000011011': 2, '0111100010': 1, '0110101100': 1, '0101011111': 1, '1010011011': 1, '0101101101': 1, '1011111111': 1, '0001101110': 1, '1000110110': 1, '1001100010': 2, '0101101010': 2, '1101100010': 1, '1011110101': 3, '0001010010': 1, '1000011110': 1, '0000001111': 1, '1011100111': 2, '1001110111': 2, '0011110100': 1, '1100010100': 1, '0111100111': 1, '1110101100': 1, '0011101001': 1, '1100100100': 1, '0000110110': 1, '1100111111': 1, '0000111100': 1, '0101010010': 1, '1101011100': 2, '1111001100': 3, '1001101101': 2, '0011000101': 1, '0101111111': 1, '1000001011': 2, '0011011101': 1, '0100110111': 1, '1101110101': 1, '1101011101': 2, '1000001101': 1, '1001101110': 1, '0101101111': 1, '1000110000': 2, '0100111011': 1, '1101111111': 2, '0001110110': 1, '1100111011': 1, '1000001111': 2, '0100000101': 1, '1101011000': 2, '0001011011': 5, '1101100111': 1, '1000111001': 1, '0001111111': 1, '0000110111': 9, '0100110011': 1, '0101100000': 2, '0111011101': 1, '1101101111': 2, '0101100101': 1, '0001101101': 1, '0011111111': 2, '0001100011': 1, '0110100100': 2, '0001100100': 17, '1101110011': 1, '0000011000': 2, '0011111001': 2, '1010011000': 1, '0110001100': 1, '1001011111': 3, '0000001101': 1, '0000010111': 8, '0101011000': 1, '1001101011': 1, '1000111000': 3, '0101001100': 6, '0101011001': 1, '1011010011': 4, '1001100001': 1, '1011100000': 1, '0000111011': 8, '0011000100': 2, '1111101010': 1, '0101010011': 4, '0101111110': 1, '1011110111': 3, '1011010101': 2, '1001111101': 1, '1011010110': 1, '0101100100': 14, '0000011100': 5, '1000010000': 1, '1000000011': 1, '0000110001': 1, '0111011100': 2, '1001010101': 3, '1001111011': 12, '1110100100': 3, '1000010100': 7, '1101011111': 3, '0011110111': 3, '0101101000': 1, '0010010100': 1, '1011011101': 3, '1011010001': 1, '0011100111': 9, '0101100001': 1, '1111101100': 4, '1111101000': 1, '0101110111': 2, '1101101101': 1, '1000101100': 7, '0000000111': 8, '0001101111': 4, '0001110100': 7, '1101010100': 24, '0100101100': 1, '0001010111': 17, '0001110111': 4, '1101010101': 3, '1111100111': 1, '1001101000': 1, '0001110011': 1, '1011010100': 1, '0011110011': 3, '0011110001': 1, '0111010100': 5, '0000111101': 1, '0000010000': 1, '0100011100': 1, '1000010111': 8, '1011111001': 1, '0101111000': 1, '1000111101': 1, '0001001100': 5, '0001011110': 1, '0000010100': 8, '0000001011': 1, '0101010111': 13, '0101110011': 2, '1000100100': 1, '1000011111': 3, '0010110111': 1, '1011110011': 1, '1000111111': 2, '0001011101': 4, '1001000111': 2, '0001101000': 2, '0011111000': 1, '1001010111': 1, '1000000101': 1, '1000000000': 1, '1000111011': 10, '0101011100': 4, '0100000111': 10, '1001001111': 1, '0011011111': 2, '1101101000': 1, '0001010110': 3, '1011011111': 4, '0001010000': 1, '0011000111': 9, '0111001100': 2, '0010111011': 1, '0011111011': 28, '0111101100': 4, '0101000100': 1, '1101011011': 6, '0000101100': 6, '0100000100': 1, '0011010110': 3, '1011111000': 2, '1101100100': 10, '0101110101': 1, '1000110111': 8, '0000110000': 1, '0000010110': 1, '1101001111': 1, '0001011111': 1, '1000110101': 3, '0000000101': 1, '0000101101': 1, '1101101100': 12, '1001110000': 1, '0011111010': 1, '0110010010': 2, '1000101101': 1, '1000110100': 11, '1101000111': 4, '1101010110': 1, '1110010100': 5, '1001101100': 19, '0111110100': 1, '0001111011': 5, '0101110110': 3, '1101001100': 5, '0101011011': 4, '0101111011': 13, '0011110110': 1, '0011101101': 1, '1001011101': 4, '0111100000': 1, '0110010100': 10, '0101000111': 4, '1001010000': 1, '0101101100': 18, '1100010111': 3, '1001110101': 1, '1000000111': 10, '1011100100': 1, '0110011100': 2, '0101010100': 11, '1100110101': 1, '1101010111': 8, '0001000111': 4, '0000110100': 9, '1110101101': 1, '1011010111': 21, '1100000111': 5, '0001011000': 2, '0011010101': 7, '0011110101': 2, '0011011011': 12, '1001011011': 5, '1011010000': 1, '1011001100': 1, '0101001111': 2, '0001010011': 1, '1011000111': 5, '1101000010': 1, '1011011011': 9, '1010111011': 2, '1001011100': 4, '1000011100': 5, '1101110100': 4, '0001011100': 9, '0000100100': 1, '0100010111': 2, '0111100100': 3, '0001100000': 1, '1111100100': 5, '0001111001': 1, '0101110100': 1, '1100110111': 5, '1001010100': 31, '0001010100': 26, '0011001011': 1, '1001010010': 1, '1001001100': 4, '1111010100': 7, '1000001110': 2, '0101010110': 1, '1100110110': 1, '1001100100': 14, '1111010110': 1, '1001100000': 2, '1110110100': 4, '1001101010': 1, '1100101000': 1, '0011010111': 21, '1001110100': 9, '1011101100': 1, '1011111011': 26, '0001100010': 1, '1101111011': 10, '0111011000': 2, '0001101100': 22}","DensityMatrix([[ 2.70303545e-04+0.00000000e+00j,
                 8.61923508e-05-1.00791489e-04j,
                 8.47185740e-05+3.97718115e-05j, ...,
                 5.85190189e-06-5.67270774e-06j,
                -2.20550895e-07+1.39817435e-06j,
                 1.71986083e-05+2.65493822e-05j],
               [ 8.61923508e-05+1.00791489e-04j,
                 6.50677578e-05+0.00000000e+00j,
                 1.21842018e-05+4.42722168e-05j, ...,
                 3.98126425e-06+3.73202246e-07j,
                -5.91682492e-07+3.63599675e-07j,
                -4.41564051e-06+1.48789281e-05j],
               [ 8.47185740e-05-3.97718115e-05j,
                 1.21842018e-05-4.42722168e-05j,
                 3.24044354e-05+0.00000000e+00j, ...,
                 9.99435359e-07-2.63897556e-06j,
                 1.36598910e-07+4.70667323e-07j,
                 9.29680222e-06+5.79054925e-06j],
               ...,
               [ 5.85190189e-06+5.67270774e-06j,
                 3.98126425e-06-3.73202246e-07j,
                 9.99435359e-07+2.63897556e-06j, ...,
                 2.45739910e-07+0.00000000e+00j,
                -3.41174833e-08+2.56410191e-08j,
                -1.84837817e-07+9.35714914e-07j],
               [-2.20550895e-07-1.39817435e-06j,
                -5.91682492e-07-3.63599675e-07j,
                 1.36598910e-07-4.70667323e-07j, ...,
                -3.41174833e-08-2.56410191e-08j,
                 7.41216405e-09+0.00000000e+00j,
                 1.23296558e-07-1.10624310e-07j],
               [ 1.71986083e-05-2.65493822e-05j,
                -4.41564051e-06-1.48789281e-05j,
                 9.29680222e-06-5.79054925e-06j, ...,
                -1.84837817e-07-9.35714914e-07j,
                 1.23296558e-07+1.10624310e-07j,
                 3.70199297e-06+0.00000000e+00j]],
              dims=(2, 2, 2, 2, 2, 2, 2, 2, 2, 2))","{'1011000100': 1, '0110100010': 1, '0110001111': 1, '1100100111': 1, '1100101111': 1, '0101101010': 1, '1101100000': 1, '1000011011': 1, '0011001111': 1, '0100110101': 1, '0001011001': 1, '1011011101': 1, '0001100011': 1, '0010010100': 1, '0101100000': 1, '1011101110': 3, '0010101000': 1, '1100010100': 1, '1001011010': 1, '1110010000': 1, '0011101000': 1, '0100010100': 2, '1000111000': 1, '1101001110': 1, '1011100010': 1, '1001010010': 1, '0011001011': 1, '1010111111': 2, '1001111010': 1, '0111110000': 1, '1100111011': 1, '1000001111': 1, '0100111011': 1, '0110011011': 1, '1101111111': 2, '0100110111': 2, '1100110100': 1, '0100100110': 1, '0101001111': 1, '0101011110': 1, '1011010000': 2, '0101000110': 1, '0010110011': 1, '0011011111': 1, '1011101000': 1, '1010011011': 1, '1010010011': 1, '1100110111': 2, '1101000111': 1, '1111110100': 1, '1100000111': 4, '0110111110': 1, '1101001100': 1, '0101111101': 1, '0001100010': 1, '0110110011': 1, '1001100111': 1, '0110010111': 4, '1010100010': 1, '1111111011': 1, '1011110100': 3, '1101001101': 1, '1011001111': 1, '0001110010': 1, '0100111111': 1, '0110010001': 1, '0010101011': 1, '1001011111': 1, '0110001100': 1, '1010100111': 1, '0010011011': 1, '1000110101': 1, '1010101100': 1, '1011111000': 2, '1011000111': 1, '0001111010': 1, '1111000111': 3, '0110100110': 1, '1011011110': 2, '1110111011': 1, '0111100111': 2, '0110001101': 1, '0101111011': 9, '1111101000': 1, '0101110111': 7, '0011100111': 1, '0001101001': 1, '1111001100': 5, '1001001101': 1, '0010010111': 3, '0011110100': 3, '1001000100': 1, '1111100000': 1, '1011100111': 6, '1111110011': 1, '1000010001': 1, '1101010011': 3, '1110100111': 1, '0000010011': 1, '1100100100': 1, '1001011000': 1, '0010010011': 1, '0101110101': 1, '1011011100': 1, '1000110111': 3, '0000110000': 1, '1010111000': 1, '0101110100': 1, '0001111001': 1, '1110101010': 1, '0011011001': 1, '0100011100': 1, '0001101101': 2, '1101001000': 1, '0000100100': 1, '0011001100': 2, '1101010000': 4, '1110110100': 1, '0101101101': 2, '0000010010': 1, '1000000000': 1, '1000111011': 11, '1000000101': 2, '0000111111': 2, '0111010111': 6, '1001100000': 1, '1001001011': 1, '0000111100': 1, '1011101100': 6, '1100101100': 2, '0001111000': 2, '0000101100': 5, '0101010111': 3, '0000010100': 6, '0100000111': 4, '0101011100': 2, '1000001100': 2, '0011110011': 2, '1011010100': 5, '1001101000': 1, '0100010111': 2, '0110010101': 2, '0011111101': 2, '1010101101': 1, '1101010111': 5, '1111001111': 1, '0100011111': 1, '0101100010': 1, '1101011101': 1, '1000110000': 1, '1001101110': 4, '0010110100': 1, '0001100111': 3, '0001101000': 1, '1101100100': 6, '1001011001': 1, '0000110111': 8, '0000110011': 2, '1011100100': 5, '1000000111': 2, '1110100000': 1, '0010011000': 1, '0111011011': 1, '0011100100': 2, '0111010011': 1, '0001000000': 1, '0100111100': 1, '0101100100': 2, '0000011100': 6, '0101001110': 1, '1001001110': 1, '0001010101': 1, '0000001100': 1, '0111000111': 1, '0001000100': 2, '1001010110': 3, '1000100111': 3, '0001010010': 1, '0000001111': 3, '1001101111': 3, '1101000010': 1, '1011011011': 19, '0111011111': 1, '0000111110': 1, '1110011100': 1, '0001000010': 1, '0101011101': 2, '0001011011': 4, '1001010000': 3, '0101101100': 12, '1110011011': 1, '1001010111': 6, '1011111111': 1, '0001111101': 3, '0001110111': 7, '0001010111': 17, '1101110110': 2, '0001111011': 14, '1100001101': 1, '1011101111': 2, '0001010011': 2, '0010110101': 1, '1001110111': 2, '0011011100': 3, '0101010100': 17, '1001010101': 1, '1001111011': 10, '1101011000': 1, '1000010011': 1, '0010101100': 3, '0001101010': 1, '0100111000': 1, '0001011100': 6, '0011010100': 8, '1101110100': 10, '1001101101': 3, '0101111111': 2, '1001000110': 1, '1000110110': 1, '1000111100': 2, '0011100101': 1, '1111110010': 1, '1111001101': 1, '0001110000': 1, '0111111111': 1, '1011111011': 16, '0001110100': 8, '0001101111': 3, '1111110111': 1, '1000010111': 8, '0101010011': 2, '0011000100': 1, '0111110111': 1, '0101100110': 1, '1111101100': 4, '1000001110': 1, '1101101110': 2, '0101101011': 1, '0110010110': 1, '1101010010': 2, '0111101100': 5, '0011111011': 10, '1001100100': 7, '1101111101': 1, '0001000111': 4, '1000011100': 3, '0011111001': 1, '0000011000': 1, '1010010100': 1, '1111100100': 7, '1001010011': 1, '1101000100': 2, '1000111101': 1, '0001001100': 6, '1101111011': 10, '1101101111': 3, '1111111001': 1, '0010001111': 1, '1110101100': 4, '0001110101': 1, '0001101110': 1, '1011010110': 2, '1011010101': 3, '0001010100': 14, '1001010100': 23, '0011011000': 2, '1101011011': 5, '0111001100': 5, '1001001100': 5, '1111010100': 5, '1110101101': 2, '0000110100': 4, '1010001100': 1, '0101011000': 2, '0000010111': 4, '0000001101': 1, '0111011000': 1, '1001111111': 2, '0001101100': 12, '0101001100': 3, '0111110110': 1, '1111010111': 1, '0111010100': 7, '0100110100': 4, '0011010011': 2, '1101010110': 5, '1001100011': 1, '1011010111': 11, '1101000101': 1, '1001100110': 1, '1110001000': 1, '0011010111': 25, '1000101100': 3, '0000000111': 13, '1001000111': 3, '0001011101': 1, '0000100010': 1, '1011011000': 2, '0011110101': 1, '0011011011': 10, '0110101100': 3, '1001101001': 1, '1011110111': 6, '1001011011': 5, '0000100001': 1, '1101000110': 1, '1111011100': 3, '1001110100': 6, '1000110100': 6, '0111101111': 1, '1000000011': 2, '0001100101': 2, '1000011111': 4, '0000101000': 2, '0011000111': 4, '1001011101': 2, '1100010000': 2, '1101010100': 18, '0101100111': 3, '0011101100': 2, '1000111111': 3, '1100111101': 2, '0101010101': 1, '0111111011': 4, '1011011111': 1, '1011111010': 1, '1111011011': 1, '0010000111': 2, '0101011011': 8, '1001101010': 1, '0000010000': 1, '0000111101': 1, '1101101000': 1, '1110100100': 1, '1000010100': 5, '0000111000': 2, '0111100000': 2, '0110010100': 3, '0101000111': 7, '1011100000': 1, '1001100001': 1, '0000111011': 5, '1111000100': 3, '1101011111': 2, '0101101000': 2, '0011110111': 4, '1101101100': 8, '1100110110': 1, '1101110011': 2, '0001100100': 18, '1001110110': 1, '0111110100': 2, '1001101100': 15, '0011111010': 2, '1101010101': 2, '1101110001': 1, '0001100000': 3, '0111100100': 6, '1101011100': 2}","DensityMatrix([[ 3.21648943e-04+0.00000000e+00j,
                 8.28240147e-05-1.18835980e-04j,
                 7.85753904e-05+5.33619255e-05j, ...,
                 7.99698731e-06-1.14741801e-05j,
                 2.18238278e-06+1.70065458e-06j,
                 1.08242085e-05+2.65858002e-05j],
               [ 8.28240147e-05+1.18835980e-04j,
                 8.49429381e-05+0.00000000e+00j,
                 1.24647223e-05+4.11560018e-05j, ...,
                 7.48201819e-06+1.47505118e-06j,
                -1.00505487e-06+1.00146226e-06j,
                -4.21088248e-06+1.23267911e-05j],
               [ 7.85753904e-05-5.33619255e-05j,
                 1.24647223e-05-4.11560018e-05j,
                 6.71762572e-05+0.00000000e+00j, ...,
                 1.17620535e-06-1.88549250e-06j,
                -3.48277406e-08+5.17153408e-07j,
                 1.09748332e-05+7.11855823e-06j],
               ...,
               [ 7.99698731e-06+1.14741801e-05j,
                 7.48201819e-06-1.47505118e-06j,
                 1.17620535e-06+1.88549250e-06j, ...,
                 7.26719586e-05+0.00000000e+00j,
                 4.78897124e-06+2.25085169e-05j,
                -2.88753639e-05+3.22556603e-05j],
               [ 2.18238278e-06-1.70065458e-06j,
                -1.00505487e-06-1.00146226e-06j,
                -3.48277406e-08-5.17153408e-07j, ...,
                 4.78897124e-06-2.25085169e-05j,
                 1.71151058e-05+0.00000000e+00j,
                 7.99777588e-06+2.13739022e-05j],
               [ 1.08242085e-05-2.65858002e-05j,
                -4.21088248e-06-1.23267911e-05j,
                 1.09748332e-05-7.11855823e-06j, ...,
                -2.88753639e-05-3.22556603e-05j,
                 7.99777588e-06-2.13739022e-05j,
                 5.66189423e-05+0.00000000e+00j]],
              dims=(2, 2, 2, 2, 2, 2, 2, 2, 2, 2))"
data/selected_mutant_qc/mutants_ae_10/ae_10_Mutant_Replace_cp_P42_Q8_[3.141592653589793].qasm,Quratest_6,"{'0000100110': 1, '1100001100': 1, '0010110010': 1, '0001010011': 1, '1100110010': 1, '1001011110': 1, '1101100011': 1, '0010000011': 1, '0001011001': 1, '0111000011': 2, '1010111001': 1, '1000001111': 1, '1111101010': 1, '0100111101': 1, '0011100000': 2, '0110010010': 1, '0110011111': 1, '0111000010': 2, '0101011100': 1, '1110011101': 1, '1001001110': 1, '1001011001': 1, '1000001000': 1, '1111010011': 1, '1011000110': 1, '0111101101': 1, '1011011111': 1, '1111010001': 1, '0001010100': 1, '1010101000': 1, '0011011000': 1, '1011000100': 1, '1111101110': 1, '1011001001': 3, '0001000001': 1, '1000100010': 2, '0101101110': 1, '1001111111': 1, '0001101100': 1, '1000011011': 1, '0000110110': 3, '0011111111': 2, '0100011101': 1, '0000000011': 1, '1010011110': 1, '1010000010': 1, '0010100010': 1, '0100110001': 1, '1111001110': 1, '0010110000': 2, '1101111110': 1, '0010110001': 1, '1001001101': 1, '1011110110': 1, '0010111001': 1, '1010010000': 1, '0111101110': 3, '0010011100': 3, '1100000011': 3, '1100011110': 2, '0000010010': 4, '0001000010': 1, '1001010011': 3, '0001101110': 4, '0001000000': 2, '0011001001': 1, '0111010000': 4, '0111101000': 1, '0001100011': 2, '0111100001': 2, '1000010001': 6, '1111010010': 1, '1101100010': 1, '1011110101': 1, '1100001010': 1, '0011011001': 2, '1000111000': 3, '0010001000': 1, '0100001001': 1, '1110010110': 1, '0011111110': 1, '0000000001': 11, '1111100011': 2, '0000110101': 4, '0001010000': 3, '0011010001': 2, '1110111100': 1, '1000101110': 2, '0100100010': 2, '0111100000': 1, '1000100001': 1, '1100111101': 2, '1010001101': 1, '1100000001': 1, '1000000111': 1, '0011000001': 2, '1100110100': 1, '1011001110': 1, '1100001110': 2, '0100111110': 1, '1010001110': 1, '0011010000': 5, '1001001001': 1, '0011010011': 2, '0100001110': 2, '0010001110': 2, '0111010110': 1, '0000001010': 3, '0011100001': 4, '1010101110': 1, '1000000010': 7, '0000011100': 5, '0100000011': 1, '0111111101': 1, '1000001001': 4, '0011000011': 5, '0100101011': 1, '0001110110': 2, '1000001011': 3, '0000111111': 7, '0000110001': 6, '1111011000': 1, '1000000011': 13, '0111101111': 1, '0010000010': 1, '1011000011': 8, '1110010011': 1, '1011010001': 4, '1001000011': 6, '1010100000': 5, '0001110000': 2, '0011011110': 1, '0011101110': 2, '1100000010': 3, '1000110010': 1, '0000110000': 11, '0111100011': 1, '1001110000': 1, '0000010001': 11, '1011110010': 2, '1000011000': 1, '0000010011': 4, '1000101001': 4, '1100001101': 1, '1000011001': 3, '0001100010': 3, '0010101101': 1, '1101001101': 1, '1010100001': 1, '1100111110': 1, '1000000110': 4, '0011100011': 2, '0000100011': 7, '1111110001': 1, '1011100000': 4, '0011110111': 1, '1011110011': 2, '1000111111': 3, '1111111101': 2, '1111110101': 1, '1001010000': 1, '1000000100': 1, '0011011100': 1, '1100100011': 3, '1010111101': 5, '0000010000': 13, '0000111101': 11, '1011001010': 1, '0011110000': 1, '1000010000': 7, '0010000000': 1, '0111100110': 1, '1000000001': 4, '1001001000': 1, '0001101001': 3, '1111001100': 1, '0011101100': 1, '1000001010': 4, '1010100011': 3, '1000010101': 1, '1001101110': 2, '1000110000': 4, '0111011110': 2, '1000001101': 3, '1000110001': 8, '1000100110': 4, '0101100001': 1, '0000011001': 4, '0000101111': 1, '0011000000': 3, '1100001001': 1, '1000100000': 12, '0000010110': 1, '1000100011': 50, '1010110011': 1, '0000101110': 9, '0111011101': 1, '1010000011': 2, '1000010010': 3, '1111001101': 2, '1000111100': 6, '1011010011': 7, '1000101000': 5, '1001111101': 6, '0010111110': 3, '0111000000': 2, '1001100010': 1, '0001011110': 4, '1111100000': 1, '0111000100': 2, '1000011101': 29, '0000111000': 1, '0000111001': 4, '1111110110': 1, '1110111101': 1, '0001001110': 1, '1001010001': 2, '1011111110': 1, '0000101101': 3, '1011101110': 1, '0000011111': 5, '0111000001': 2, '1001110010': 2, '1000111110': 4, '0100111111': 2, '1011011101': 5, '1111111100': 2, '0010010110': 2, '1011001101': 2, '0010101100': 1, '1000010011': 23, '0000001011': 2, '1000110011': 13, '0101011110': 1, '0010101110': 1, '1011010000': 3, '1000110100': 2, '1100101000': 1, '1001100011': 8, '0000101001': 7, '1011111111': 1, '1001110011': 2, '1011100001': 1, '0001100000': 1, '0000001101': 4, '0000010111': 1, '0000100010': 1, '1101111101': 2, '1111011001': 1, '0010010000': 1, '0000011000': 2, '1111011101': 2, '1000011100': 10, '1011000000': 1, '0101000101': 1, '1101110010': 1, '1010011101': 3, '0101100110': 1, '0010011110': 4, '1010001011': 1, '0111110110': 1, '1000010110': 3, '0001010001': 11, '1000010100': 1, '0010001100': 2, '0010111100': 1, '1011111101': 4, '0100001101': 2, '1001011101': 5, '1011101101': 7, '1010101101': 3, '0000000111': 1, '1000101100': 2, '0011001100': 3, '1101000110': 1, '0000100001': 20, '1010000001': 1, '1000110110': 2, '1001000110': 1, '0010100011': 4, '1000101011': 7, '0000100000': 12, '1011101001': 1, '0010100001': 4, '1110011100': 1, '0000111110': 12, '1100110110': 1, '1010110110': 2, '0000110011': 8, '1011001000': 1, '1000110101': 6, '0000001001': 3, '1000001110': 9, '0000001111': 3, '1000011110': 13, '0100011111': 1, '0011000101': 1, '1100010011': 1, '1000111101': 29, '1100011101': 3, '1001010101': 1, '1011011001': 1, '0000011110': 17, '1110101101': 2, '1010010011': 3, '1100110011': 1, '0011110110': 1, '0000101000': 3, '1000101101': 22, '0000000010': 5, '0011011011': 1, '0100011110': 4, '0000001100': 1, '0000001110': 5, '1111000011': 4, '1000111001': 2, '0111010101': 1, '1011100011': 3, '0000011101': 7, '1100010010': 2, '0110100011': 1, '1001101000': 1, '0011011101': 2, '1100101101': 1, '1001101101': 3, '0010010001': 2}","DensityMatrix([[ 2.07035779e-03+0.00000000e+00j,
                 3.55421515e-03-3.22221305e-03j,
                -3.56269375e-03-5.33275302e-04j, ...,
                -3.69079445e-04-1.75431581e-03j,
                 8.61744888e-04-2.27181719e-04j,
                -3.72545802e-04-1.59518284e-05j],
               [ 3.55421515e-03+3.22221305e-03j,
                 1.11164855e-02+0.00000000e+00j,
                -5.28616529e-03-6.46030050e-03j, ...,
                 2.09673495e-03-3.58607989e-03j,
                 1.83294630e-03+9.51175168e-04j,
                -6.14728407e-04-6.07198515e-04j],
               [-3.56269375e-03+5.33275302e-04j,
                -5.28616529e-03+6.46030050e-03j,
                 6.26808051e-03+0.00000000e+00j, ...,
                 1.08698619e-03+2.92377919e-03j,
                -1.42438314e-03+6.12901869e-04j,
                 6.45189601e-04-6.85089295e-05j],
               ...,
               [-3.69079445e-04+1.75431581e-03j,
                 2.09673495e-03+3.58607989e-03j,
                 1.08698619e-03-2.92377919e-03j, ...,
                 1.55231314e-03+0.00000000e+00j,
                 3.88803117e-05+7.70698086e-04j,
                 7.99299249e-05-3.12832642e-04j],
               [ 8.61744888e-04+2.27181719e-04j,
                 1.83294630e-03-9.51175168e-04j,
                -1.42438314e-03-6.12901869e-04j, ...,
                 3.88803117e-05-7.70698086e-04j,
                 3.83612819e-04+0.00000000e+00j,
                -1.53314310e-04-4.75193239e-05j],
               [-3.72545802e-04+1.59518284e-05j,
                -6.14728407e-04+6.07198515e-04j,
                 6.45189601e-04+6.85089295e-05j, ...,
                 7.99299249e-05+3.12832642e-04j,
                -1.53314310e-04+4.75193239e-05j,
                 6.71598097e-05+0.00000000e+00j]],
              dims=(2, 2, 2, 2, 2, 2, 2, 2, 2, 2))","{'1101101111': 1, '1011101011': 1, '1010101000': 1, '1001010010': 1, '1011101110': 1, '1100111110': 1, '1010001100': 1, '1111110101': 1, '0100100101': 1, '0011000101': 1, '1000100110': 1, '0011000110': 1, '1011001011': 1, '0010001010': 1, '1111000000': 1, '0001011111': 1, '0111010001': 1, '0000001101': 2, '0001010011': 2, '1111110110': 2, '1010110110': 1, '1101110001': 1, '0100011101': 1, '0010011011': 1, '1100110110': 1, '0101000010': 1, '1111101111': 1, '1100100010': 1, '1000110000': 11, '1011010001': 1, '0100011111': 1, '1100100011': 3, '0000101110': 4, '1111000001': 1, '0111000000': 2, '0011100010': 1, '1111100110': 1, '1000101110': 5, '1111010010': 1, '0000110010': 1, '1010110000': 1, '0111000011': 1, '1000101100': 1, '1110010001': 1, '0111010000': 1, '0100111100': 1, '1100001011': 1, '1110010000': 1, '0100100011': 1, '0111100000': 2, '1000111000': 1, '0000101101': 1, '1000000001': 1, '1001011101': 6, '0001101001': 2, '0101110110': 1, '1010011100': 1, '1011100011': 4, '0111010101': 1, '0110100001': 1, '0001001000': 1, '1111110111': 2, '0100111111': 1, '1000010111': 1, '0010111110': 3, '0101010000': 1, '0000011000': 1, '1110101101': 1, '1000111110': 1, '0010000011': 2, '0111111010': 1, '1101011001': 1, '0011000100': 1, '0000101000': 4, '0010100001': 2, '0010010010': 1, '1110011101': 2, '0010101000': 1, '0001101110': 2, '0010111101': 1, '1000001011': 1, '1001001101': 3, '0100100001': 1, '0010011100': 3, '0011100001': 1, '1010101110': 4, '1010001011': 1, '1011101111': 1, '1000011001': 3, '1100011101': 1, '0110001111': 1, '0011000000': 2, '1111010011': 4, '1111101101': 3, '0110101110': 1, '1011110010': 1, '1100101110': 1, '0000111111': 3, '1011001101': 5, '1011011000': 2, '0001100010': 2, '0010100010': 3, '0011111100': 1, '0111101000': 3, '1010010100': 1, '1000011111': 2, '0010011111': 1, '0011011000': 3, '0001011001': 1, '0000111110': 8, '1010101111': 1, '1010010101': 1, '0110110001': 1, '1011100000': 2, '1011011111': 2, '1000010001': 5, '1001011001': 1, '1000011000': 2, '1001000001': 2, '0111110001': 2, '0100101001': 1, '0000001010': 2, '1101001101': 1, '1010100001': 1, '0101010011': 1, '1101111101': 1, '1010010001': 2, '1100000010': 2, '1000100001': 2, '1010001110': 1, '1100001110': 1, '0100111110': 3, '0010001100': 1, '0111111110': 1, '0110101100': 1, '0000000011': 2, '0000011111': 1, '1101010100': 1, '0110010110': 1, '0001001001': 1, '0000011100': 5, '0010010011': 2, '0000001110': 5, '1001110100': 1, '0110000011': 1, '0000111100': 4, '0011011110': 2, '1011011101': 9, '0011101111': 1, '1110001010': 1, '0000110011': 4, '1111000011': 4, '1001110010': 1, '0111000001': 3, '1001100011': 5, '0000001111': 1, '1000011110': 6, '0001111110': 1, '1110011110': 1, '1111001000': 3, '0101110000': 2, '1100011111': 1, '0111011001': 3, '1101011110': 1, '0010011110': 2, '1010011101': 6, '0001110001': 2, '0011001101': 3, '0010110101': 2, '1010010011': 5, '0101000000': 1, '0011011100': 2, '1011001001': 1, '1100010110': 2, '1000111100': 4, '1111001001': 1, '1001101101': 5, '1001100000': 2, '0000000110': 2, '0100000011': 3, '0000110000': 6, '1001110110': 3, '0011111101': 1, '0111111101': 1, '0111110110': 1, '1100100110': 2, '1000010110': 2, '0011010110': 1, '0011011101': 2, '1000011010': 1, '1100010101': 2, '0000010100': 2, '1011000010': 1, '0001011110': 2, '1101001011': 1, '1001110101': 1, '0000011110': 10, '1110100000': 2, '0011000001': 4, '0001110000': 1, '0111001000': 1, '1101001110': 1, '1000011011': 2, '1010100010': 1, '0010011101': 3, '1000001110': 9, '0000001001': 6, '0000110001': 7, '1000001000': 3, '1010100011': 3, '1100111101': 3, '0111101111': 1, '0111011100': 1, '1000000011': 11, '0010000010': 1, '0010010110': 4, '1001101110': 2, '0111011110': 1, '1000001101': 2, '1010010000': 6, '1101101101': 2, '0110010011': 1, '0101100010': 1, '0110011110': 4, '0011100011': 3, '0000100011': 5, '0111110100': 1, '0011111000': 1, '1100011001': 2, '0011101000': 2, '0000101010': 1, '1000100101': 1, '1010100100': 1, '1100010011': 4, '0111001110': 1, '0101011110': 1, '1011010000': 5, '1011011100': 1, '1000110010': 5, '1001111101': 2, '1010101011': 1, '0000000010': 6, '0001100011': 5, '0001010001': 2, '1111001110': 1, '0100000001': 1, '1000110001': 4, '0010000001': 4, '1111101110': 2, '0101111110': 1, '1001101001': 2, '1110110101': 1, '1111011111': 1, '0011011001': 3, '1000111011': 1, '1111010000': 1, '1010000110': 3, '0000110101': 1, '1100011100': 1, '0011111110': 1, '0011000011': 2, '1110100011': 4, '1100101001': 1, '1010010010': 1, '1000101000': 1, '1011010011': 6, '1101100011': 2, '1011010101': 1, '1100011110': 3, '0000100100': 1, '0100101000': 3, '1001100001': 2, '0010101101': 1, '1100000001': 2, '0000100000': 11, '0010100000': 4, '1110001110': 2, '0000101001': 4, '1010001101': 1, '1010011110': 2, '1000011100': 2, '1001111111': 1, '1010000010': 1, '0010000000': 1, '1001000010': 1, '1111111101': 1, '1011110011': 4, '1000111111': 2, '1000001010': 3, '1001010000': 2, '0010101100': 2, '0011101100': 1, '1011101001': 1, '1000001001': 2, '1000011101': 11, '1110000011': 2, '1000111101': 11, '1000101010': 1, '1110010010': 1, '1000110011': 8, '0101000011': 1, '1000000000': 2, '0111110101': 1, '1100100111': 1, '1000101101': 8, '1000001111': 1, '1111100111': 1, '0001111100': 1, '1010010111': 1, '1001001011': 1, '0011111111': 1, '1010001001': 3, '0110100011': 2, '0001011101': 4, '1110101110': 1, '0000100010': 4, '0010110000': 1, '0011010000': 3, '1001001001': 2, '0010101010': 1, '1101100001': 2, '0011110001': 2, '1000001100': 2, '0001001101': 1, '0100101110': 1, '1100000011': 4, '1001000000': 3, '0110000010': 1, '0010100110': 1, '0100010110': 3, '1010110011': 1, '1000100000': 4, '0100111001': 1, '0000010110': 5, '1000100011': 21, '1000010011': 12, '1011000001': 1, '0000010101': 1, '0000111001': 3, '1000000010': 3, '1011000011': 10, '1001111000': 1, '0000111101': 8, '0000010000': 8, '1011111110': 1, '0001111000': 2, '0011010001': 5, '0001101100': 1, '0011010011': 1, '0100001110': 2, '0010001110': 3, '0001100100': 1, '0101101010': 1, '0011101110': 3, '0010101001': 2, '0101100001': 2, '0000011001': 4, '0000101111': 3, '1010101101': 2, '1011101101': 7, '0000010010': 5, '0100010011': 1, '1000010000': 5, '0010010000': 3, '1000111001': 4, '1111100011': 3, '0001011000': 1, '0001111011': 1, '1000100010': 4, '0001000001': 3, '1000010010': 9, '1010000011': 7, '0001100001': 1, '0000100001': 6, '1101111001': 1, '1100110011': 2, '1000000111': 1, '0011110110': 1, '0100001101': 1, '1001010011': 7, '1011101100': 1, '1011011110': 1, '0110100110': 1, '0000101100': 1, '0111010011': 1, '0000010001': 4, '1110110110': 1, '0000000000': 1, '1100101101': 1, '1001000011': 6, '1010100000': 4, '0111011010': 1, '1000101001': 2, '1010011001': 1, '0000010011': 7, '1010101001': 2, '1000101011': 2, '0010100011': 2, '0000000001': 9, '0001100111': 1, '0010111001': 1, '1100010001': 1, '0101101101': 2, '0011100000': 5, '0111101110': 1, '0100101101': 2, '0011011111': 1, '0100000010': 2, '0000011101': 7, '1000110101': 2, '0000000101': 1, '0000001000': 1, '1011100001': 2, '1111001101': 1, '1111101001': 1, '0001010000': 1, '0101101001': 2, '0010010001': 4, '0011101101': 2, '0010110001': 1, '1111011101': 1, '1010111101': 8, '0111000111': 1, '1000100111': 1, '0100011110': 2, '1101010011': 1, '1001001110': 1, '0001010101': 1, '0001011100': 3, '0000110110': 3, '1101110011': 2, '0000111000': 5, '1111100001': 2, '0111011101': 1}","DensityMatrix([[ 0.00205017+0.00000000e+00j,  0.0030613 -2.81202550e-03j,
                -0.00301325-4.63078000e-04j, ...,
                -0.00027691-1.36006510e-03j,  0.00066344-1.47674231e-04j,
                -0.00030015-9.57217143e-06j],
               [ 0.0030613 +2.81202550e-03j,  0.00992427+0.00000000e+00j,
                -0.00453583-5.60807711e-03j, ...,
                 0.00164788-2.77735773e-03j,  0.00145988+7.68153029e-04j,
                -0.00047182-4.52656778e-04j],
               [-0.00301325+4.63078000e-04j, -0.00453583+5.60807711e-03j,
                 0.00565546+0.00000000e+00j, ...,
                 0.00083359+2.28793838e-03j, -0.00114476+4.88784697e-04j,
                 0.00048145-6.25375511e-05j],
               ...,
               [-0.00027691+1.36006510e-03j,  0.00164788+2.77735773e-03j,
                 0.00083359-2.28793838e-03j, ...,
                 0.00168078+0.00000000e+00j,  0.00010135+7.73935364e-04j,
                 0.00011324-3.09847491e-04j],
               [ 0.00066344+1.47674231e-04j,  0.00145988-7.68153029e-04j,
                -0.00114476-4.88784697e-04j, ...,
                 0.00010135-7.73935364e-04j,  0.00051509+0.00000000e+00j,
                -0.00010426-1.53920976e-05j],
               [-0.00030015+9.57217143e-06j, -0.00047182+4.52656778e-04j,
                 0.00048145+6.25375511e-05j, ...,
                 0.00011324+3.09847491e-04j, -0.00010426+1.53920976e-05j,
                 0.00010919+0.00000000e+00j]],
              dims=(2, 2, 2, 2, 2, 2, 2, 2, 2, 2))"
data/selected_mutant_qc/mutants_ae_10/ae_10_Mutant_Replace_cp_P42_Q8_[3.141592653589793].qasm,Quratest_7,"{'1010111010': 1, '1110100100': 1, '0111111101': 1, '0110101001': 1, '1110010011': 1, '0011010010': 1, '1011110100': 1, '1100111010': 1, '1011110110': 1, '0000101010': 1, '0000011110': 1, '1110000111': 1, '0101110100': 1, '0100001101': 1, '0010001000': 1, '0101100100': 2, '0111100011': 1, '1010010001': 1, '1010100101': 1, '1101111000': 3, '1000101001': 1, '0000111011': 1, '0110111010': 1, '0111001000': 3, '1101111001': 3, '1110101011': 1, '1111011101': 2, '1001010010': 1, '1100100001': 1, '1111010111': 2, '1010010111': 1, '0110011001': 1, '0010010011': 1, '1010100111': 1, '0111010011': 1, '0010000000': 1, '0110101100': 1, '0001011011': 1, '0111101001': 1, '1111110000': 1, '0001011001': 1, '0000101001': 1, '0101111100': 1, '1111011110': 2, '1100000101': 2, '1111001001': 1, '1110001101': 1, '0110101000': 1, '1010110011': 2, '0101111110': 1, '0100001010': 2, '1000000111': 3, '0110111110': 1, '0101101001': 1, '0011011000': 1, '0000011001': 1, '0111101011': 1, '0100000000': 1, '1100010111': 2, '1111001100': 1, '1000100001': 1, '0000111110': 1, '1100110010': 2, '0100110011': 1, '1000110100': 1, '0110011010': 7, '1111000011': 1, '0000001111': 1, '0111110010': 1, '0100001000': 1, '1110011011': 6, '0000001101': 1, '0011001101': 1, '1010010010': 1, '0011011001': 4, '0011011010': 3, '1111011100': 1, '1110001001': 1, '0011101000': 1, '0111100111': 6, '0101111011': 1, '0011000111': 2, '1111101010': 5, '0011000100': 2, '0100011010': 4, '0100000001': 1, '1001011010': 1, '0000010100': 1, '0000111010': 6, '1010001000': 1, '0100001100': 1, '1111000010': 1, '1000110110': 2, '0010101010': 2, '0110110110': 1, '0110100100': 3, '0010100110': 1, '1000011000': 2, '1100100100': 11, '1100010101': 3, '1100100000': 1, '0100111000': 5, '0000100110': 2, '0100011100': 1, '0011000110': 4, '1110011001': 2, '0100001011': 2, '1110000110': 1, '0111110011': 3, '1000100101': 2, '1010100100': 1, '1010101101': 1, '1111100110': 5, '0111000100': 7, '1111101011': 2, '0100001001': 2, '0111010100': 1, '0111001100': 1, '1100001110': 1, '0100111110': 1, '0100100110': 9, '1100110100': 2, '0000111000': 5, '1111010001': 1, '0111110001': 1, '0101111111': 1, '1010000110': 2, '1011100101': 4, '1000011011': 3, '1000011010': 3, '0100110110': 1, '0000101000': 3, '0111111000': 3, '1100100111': 1, '1000101101': 1, '0111110101': 2, '0011110000': 1, '1011001010': 2, '0010011000': 3, '0011000010': 1, '1110111000': 1, '0011100111': 1, '1011111001': 4, '1111100111': 8, '1010011001': 5, '0111010111': 2, '0111100101': 14, '0010101101': 1, '0000000101': 1, '1000110101': 1, '1100100101': 9, '1011001000': 2, '0011100101': 3, '1101110010': 1, '0101100110': 2, '1111101100': 2, '0111110111': 1, '0100111011': 3, '0111010110': 3, '0000001010': 2, '1101111010': 3, '0010101000': 1, '1111011010': 8, '1010000101': 1, '1111101001': 7, '0111011000': 13, '0111111001': 3, '1110001110': 1, '0101000110': 1, '0100101001': 7, '0010111001': 1, '0101111001': 3, '1111010101': 5, '0011100000': 1, '1000100111': 1, '0000001100': 2, '0100001111': 1, '0111000111': 6, '1000010101': 1, '0100100100': 11, '0100010100': 6, '1111001010': 5, '0010001001': 1, '1001111010': 1, '0010111010': 1, '1111001011': 5, '1011010111': 1, '0101011001': 1, '0111010101': 2, '1111111000': 10, '0010011001': 6, '1111010010': 4, '1101100111': 3, '1111010011': 2, '0100100111': 8, '0110011011': 2, '0100101011': 2, '1000101011': 5, '0011100100': 2, '0111011011': 15, '1010011010': 6, '1100011110': 1, '0100101000': 2, '0000100100': 3, '0010100100': 1, '1011111011': 1, '0110100111': 1, '0111111111': 1, '0110100110': 1, '0100100011': 1, '1000111000': 1, '1011010011': 1, '1101101001': 1, '0111001010': 5, '1101110100': 3, '0111010001': 1, '0010011010': 3, '1100101010': 6, '1110011000': 4, '1101010100': 1, '0110001010': 1, '1000111010': 4, '1111001000': 1, '0101001011': 1, '1010111000': 1, '1000110111': 1, '1101100110': 5, '0101110101': 2, '0000010101': 3, '0000111001': 8, '0000100111': 3, '0100111001': 10, '1011111000': 3, '0111001101': 2, '1101100100': 4, '0000110011': 1, '1101110101': 3, '0101000101': 1, '0101111000': 3, '0111011001': 9, '1110111001': 1, '1011001011': 2, '0100111111': 2, '1111100101': 6, '1100001111': 1, '0111001011': 4, '0110011000': 3, '1011111010': 3, '1111011011': 3, '1110100110': 1, '1101001100': 1, '0000100101': 4, '0111101000': 1, '1111110100': 2, '0000011010': 5, '1111001101': 3, '1100000110': 5, '1100110110': 2, '1010001001': 1, '1010110010': 3, '0111000110': 9, '1100000111': 3, '0010100101': 6, '1111010110': 2, '1100011111': 2, '0011110111': 1, '0110010110': 1, '0111101100': 2, '0011111011': 2, '0010111011': 4, '0110001000': 1, '0111110000': 1, '1011100110': 3, '1111100100': 7, '0111001001': 2, '1100110101': 4, '0010010110': 3, '1100101011': 3, '1111000111': 1, '0100101101': 3, '0110101010': 2, '0100111010': 11, '1000000110': 1, '1100011001': 3, '1111000101': 5, '0000010110': 1, '1101001111': 1, '0100101110': 2, '1100011000': 5, '0100011000': 3, '0011010001': 1, '0001111000': 1, '0011001001': 2, '0100011011': 6, '0100010111': 4, '1111101111': 1, '1100011011': 11, '0111100100': 9, '0010111110': 1, '1011101001': 1, '0000101011': 6, '1011101010': 2, '1110010010': 1, '1110010001': 1, '1000110011': 1, '0101010111': 1, '0000001011': 3, '0111110100': 3, '1100011010': 11, '1111010100': 4, '1011010101': 1, '1101001010': 2, '0010100111': 4, '0010001011': 1, '1111101000': 6, '0000011000': 1, '1010011000': 3, '0011111001': 1, '1010011011': 2, '0010101011': 1, '0010011011': 8, '0010111000': 1, '0110001100': 1, '0111100110': 9, '0100010101': 5, '0101100101': 1, '1111111001': 7, '0101100111': 1, '0010101001': 3, '1111101110': 1, '1100100110': 2, '1100111110': 2, '1000001010': 1, '0011101100': 1, '0010010010': 1, '1011001001': 2, '0000010000': 1, '0111000101': 6, '0100010110': 5, '1100110111': 2, '0111000000': 1, '0101001001': 1, '1000010111': 1, '1000011001': 1, '1011101111': 1, '0111011010': 14, '1111111011': 6, '1111111010': 7, '1100101000': 1, '0110100101': 6, '1110010111': 1, '1100111101': 2, '0111111011': 2, '1000101010': 5, '1011010100': 1, '1010001011': 2, '1111100000': 1, '1011100111': 3, '1110011010': 8, '0011000101': 2, '0000010010': 1, '1000111011': 1, '1000000101': 3, '0010010101': 1, '0100100101': 15, '0011110010': 1, '1110001010': 3, '1100000100': 4, '0011011011': 1, '0011110101': 1, '1000000100': 3, '1101100101': 6, '0010000100': 2, '1001111011': 1, '0011100110': 3, '0100101010': 2, '0101000111': 4, '0101111010': 1, '0111100001': 1, '1101011010': 1, '1111101101': 3, '1100110011': 2, '1110100101': 1}","DensityMatrix([[ 0.00022034+0.00000000e+00j,  0.00025485+2.36698189e-06j,
                -0.00023022+2.86581946e-05j, ...,
                 0.0001403 -1.54163011e-04j, -0.00023234+1.96280473e-05j,
                -0.00024127-1.62080832e-05j],
               [ 0.00025485-2.36698189e-06j,  0.00029478+0.00000000e+00j,
                -0.00026597+3.56196093e-05j, ...,
                 0.00016062-1.79814060e-04j, -0.00026852+2.51979829e-05j,
                -0.00027923-1.61546198e-05j],
               [-0.00023022-2.86581946e-05j, -0.00026597-3.56196093e-05j,
                 0.00024428+0.00000000e+00j, ...,
                -0.00016665+1.42831637e-04j,  0.00024532+9.71081534e-06j,
                 0.00024999+4.83161086e-05j],
               ...,
               [ 0.0001403 +1.54163011e-04j,  0.00016062+1.79814060e-04j,
                -0.00016665-1.42831637e-04j, ...,
                 0.0001972 +0.00000000e+00j, -0.00016168-1.50063698e-04j,
                -0.00014229-1.79129558e-04j],
               [-0.00023234-1.96280473e-05j, -0.00026852-2.51979829e-05j,
                 0.00024532-9.71081534e-06j, ...,
                -0.00016168+1.50063698e-04j,  0.00024675+0.00000000e+00j,
                 0.00025297+3.85838879e-05j],
               [-0.00024127+1.62080832e-05j, -0.00027923+1.61546198e-05j,
                 0.00024999-4.83161086e-05j, ...,
                -0.00014229+1.79129558e-04j,  0.00025297-3.85838879e-05j,
                 0.00026538+0.00000000e+00j]],
              dims=(2, 2, 2, 2, 2, 2, 2, 2, 2, 2))","{'1110111000': 1, '0111101010': 1, '0110111010': 1, '0101010111': 1, '1000000001': 1, '1010001011': 1, '1011010110': 1, '0000011010': 1, '1011000110': 1, '1110010010': 1, '1000111010': 1, '1110001000': 1, '1110000101': 1, '1111011101': 1, '0011001101': 1, '0011100000': 1, '0001010100': 1, '1101110101': 1, '0110101100': 1, '1100000001': 1, '1111110011': 1, '0101110101': 1, '1001101011': 1, '0110010111': 1, '0110111011': 2, '0111110111': 1, '0010101011': 2, '0011000110': 1, '0110101101': 2, '1000100001': 1, '0111001001': 1, '1000101100': 1, '1001101001': 1, '0100010011': 1, '1001101010': 1, '0010100000': 1, '1000001010': 2, '1100010011': 1, '0111001110': 1, '1111101111': 1, '0111101011': 1, '0101011011': 1, '0110111001': 1, '1010101010': 1, '1011001011': 1, '0101001101': 1, '0011011000': 3, '0001011001': 1, '1010010101': 1, '0011001011': 2, '0111111010': 2, '0011000100': 1, '0010100001': 1, '1101011001': 1, '0000101000': 1, '1010000111': 2, '1000011111': 2, '0100011111': 3, '1100100011': 1, '0000101111': 1, '0110011001': 2, '0101111010': 2, '1001100100': 1, '1101000100': 1, '0010001010': 1, '0101100100': 1, '0111100100': 4, '1100101010': 1, '1100011101': 2, '0111111001': 2, '1011111010': 1, '1110011000': 3, '1100011000': 5, '1010100110': 1, '1111101011': 2, '0111010010': 1, '1010110111': 2, '0001111000': 2, '1110001111': 2, '0100100000': 1, '1001011001': 1, '1110111001': 3, '1111001010': 3, '1101101000': 1, '0010100110': 4, '0100101111': 2, '0111110010': 4, '0001011011': 3, '0100101001': 2, '1111010101': 5, '1111010010': 3, '1011100111': 1, '1001100111': 1, '0111110001': 1, '0000000100': 1, '0001010111': 1, '0111110100': 3, '0011111000': 1, '0101111100': 1, '0110011000': 3, '0111110011': 2, '1111000100': 1, '0100110100': 1, '1100111000': 1, '1010111011': 1, '1010010111': 1, '1100010101': 2, '0010001111': 1, '1000011010': 4, '0101000000': 1, '1010010011': 1, '1110101100': 1, '1100001111': 1, '1001000010': 1, '1110101010': 3, '0000011001': 2, '1010101100': 1, '1111000110': 1, '1001100101': 1, '0101100111': 1, '1011000100': 3, '1100100110': 1, '1010100111': 2, '1100110001': 2, '1111110101': 2, '0101101010': 1, '0001100100': 2, '0100101101': 2, '1100100001': 2, '1000111000': 1, '0111100000': 4, '1101010111': 3, '0000111010': 2, '1000100000': 2, '0100000110': 1, '0100111011': 6, '0011000101': 3, '1101100100': 4, '0111001101': 1, '0001000101': 1, '0001011010': 2, '0010000111': 1, '1110001010': 2, '1111000001': 1, '0000101110': 1, '1111011011': 2, '1000001001': 1, '1110100101': 6, '1100111101': 3, '1101111010': 2, '1001001001': 1, '0101101011': 2, '1111010110': 2, '1111010100': 3, '0000100111': 1, '0111011010': 9, '1101000110': 2, '0010101000': 1, '1110011110': 1, '1010101011': 1, '1100000100': 4, '1110110011': 1, '0100101000': 3, '0010100100': 2, '1111101010': 3, '0000100100': 2, '1111001101': 2, '0100101010': 2, '1001001010': 1, '0100110101': 1, '1001111001': 1, '1001000111': 1, '0100111001': 3, '0000010110': 2, '0010011000': 3, '1000111101': 1, '1100110110': 1, '0000100101': 3, '1011111001': 4, '0011100111': 2, '1010110010': 1, '0011100110': 1, '1010011011': 5, '1001111101': 1, '1010111001': 1, '0111000110': 2, '0010011101': 1, '0011000000': 1, '0110100101': 3, '1111101101': 3, '1111010011': 2, '1101100111': 2, '0110010110': 2, '0100100111': 2, '1000101111': 1, '1111110010': 2, '1111011110': 2, '1011011011': 2, '0110100110': 2, '0101111101': 2, '1110111011': 2, '1000010100': 4, '0000101010': 3, '1011001001': 1, '1100010110': 1, '0000001100': 1, '0111000111': 6, '0100001100': 1, '1011001000': 2, '1010000101': 1, '1100100101': 6, '1000110101': 3, '0010011110': 1, '1101000101': 3, '0101100110': 2, '1101110010': 2, '0111101101': 2, '0111100111': 5, '0111010011': 3, '0111000011': 1, '1011111000': 3, '0111011011': 11, '0011100100': 2, '0100011001': 6, '1101100110': 2, '1000111001': 1, '0001111111': 1, '0000110111': 3, '0101011000': 2, '1010100100': 2, '1110001011': 1, '1000100101': 1, '0001001010': 1, '1101101111': 1, '1100100100': 4, '0101100101': 5, '1111111001': 6, '0111011101': 1, '0110011010': 5, '1010100101': 1, '0000111001': 4, '1101011010': 1, '0100010010': 1, '1011010011': 1, '1000101011': 2, '0111110000': 2, '1101101001': 1, '0111001010': 5, '1011101101': 1, '1110110001': 1, '1100000111': 3, '1000000101': 2, '0010100101': 1, '0001011000': 2, '1100011100': 1, '0000110101': 2, '0100110110': 1, '1011100110': 1, '1111100100': 5, '1000100100': 4, '1011001010': 2, '0110100010': 1, '0100001010': 3, '1111110001': 2, '1100110100': 4, '0100100110': 8, '0100111110': 2, '0101000101': 1, '1100110111': 1, '0100010110': 4, '1011000111': 1, '1100110011': 1, '1000000111': 1, '0011110110': 1, '0101110011': 1, '1100001101': 1, '1100101110': 2, '1110011001': 3, '0100001011': 3, '1101100101': 5, '0001100101': 1, '1000000100': 4, '0011101000': 2, '0110011011': 6, '0111011000': 4, '0100101011': 3, '1100100111': 6, '0010100111': 1, '1111101000': 3, '0010001011': 1, '1110111010': 1, '0000001101': 2, '0110001011': 2, '1101001011': 3, '1000110100': 2, '1111001110': 1, '0100011010': 10, '0010111000': 3, '0000111000': 6, '0110011101': 1, '0011011011': 5, '0000111011': 5, '0101001000': 2, '1000011110': 1, '1100101011': 3, '1000010011': 1, '0010101100': 1, '0110101000': 1, '0100000101': 1, '1111011001': 3, '1111101110': 2, '1111100101': 4, '1111011000': 3, '0000001010': 2, '0001000110': 1, '0000101001': 2, '1100110101': 2, '1000011000': 3, '1100001010': 1, '1010011001': 3, '0000010011': 1, '1101001010': 3, '1001000100': 1, '1111000101': 4, '0111101100': 1, '1100011001': 4, '1000000110': 3, '1100010001': 1, '0101101101': 1, '0011001000': 3, '0111111100': 2, '0100100101': 6, '0011001010': 4, '1111001100': 1, '1010010110': 2, '0011001001': 1, '0110010010': 2, '0000101011': 1, '1011101010': 1, '1111011010': 6, '0110001010': 1, '0010011011': 2, '0100000011': 1, '1100011010': 6, '1111110100': 1, '0111101000': 2, '0011111111': 1, '1100110010': 2, '1101010101': 1, '1111100111': 6, '1010011000': 2, '1100000000': 1, '0010010001': 1, '0100011100': 1, '1111010111': 1, '0110101011': 1, '1110111110': 1, '1010101001': 1, '1110011011': 5, '1110011010': 7, '0010111111': 1, '1110100111': 2, '0110100100': 8, '0100100011': 1, '0111011001': 14, '1011110100': 2, '0000111110': 1, '0101101110': 1, '0100100100': 11, '1101111011': 3, '0100111010': 4, '1011000101': 1, '0001101110': 1, '1011111011': 1, '0110100111': 5, '1000011011': 3, '1000100110': 1, '1010000110': 1, '1110100010': 1, '0111011110': 1, '0011011010': 2, '1111111011': 5, '1100101101': 1, '1111111010': 3, '1000111011': 1, '1111100110': 2, '0111000100': 8, '0010010011': 3, '0010010111': 1, '0010001001': 1, '1001110001': 1, '0111000101': 12, '1010110110': 1, '0010110011': 1, '1011100101': 2, '1011101111': 1, '1010001010': 2, '1100100010': 2, '0010011010': 7, '1001101101': 1, '0000000110': 2, '0111001000': 3, '0111100110': 3, '0011101101': 1, '1100000101': 7, '0000101100': 1, '0010011001': 3, '1001110101': 1, '1110100000': 1, '0101011001': 1, '1100001000': 1, '0111010101': 1, '1111111000': 4, '0010010110': 3, '1101101010': 1, '0101001011': 2, '1100011011': 4, '0100101100': 1, '0110011100': 1, '0100011000': 3, '0111111101': 1, '0101011101': 1, '0101001010': 2, '1010111010': 3, '1100111011': 2, '1101111000': 5, '0111100101': 7, '1110100100': 1, '1110000100': 2, '0100010100': 1, '0100011011': 3, '0100010111': 3, '1111001011': 5, '0101110100': 5, '0001111001': 1, '0001110110': 1, '1101111001': 6, '1000011001': 3, '1101110100': 2, '0011010100': 2, '0011011101': 1, '0100110111': 2, '0111111000': 3, '0100001110': 1, '0011010011': 2, '0010111001': 1, '0101111001': 2, '0000110000': 1, '1011011100': 1, '1000110010': 3, '1000110111': 2, '0011101010': 1, '0100110001': 1, '1010101000': 1, '0101000100': 2, '1001111010': 1, '1010011010': 11, '0101110110': 2, '0000100110': 1, '0100111000': 8, '0101111011': 2, '0111001100': 1, '0011111011': 1, '0010111011': 2, '0100000010': 2, '1011101011': 1, '0001111010': 1}","DensityMatrix([[ 0.00023352+0.00000000e+00j,  0.00026589+1.64880973e-06j,
                -0.00022721+2.72327355e-05j, ...,
                 0.00010801-1.22449145e-04j, -0.00017815+1.90730885e-05j,
                -0.00018417-8.03832299e-06j],
               [ 0.00026589-1.64880973e-06j,  0.00030612+0.00000000e+00j,
                -0.00026244+3.44704761e-05j, ...,
                 0.00012643-1.42589320e-04j, -0.00020716+2.31519159e-05j,
                -0.00021515-9.97896887e-06j],
               [-0.00022721-2.72327355e-05j, -0.00026244-3.44704761e-05j,
                 0.00025498+0.00000000e+00j, ...,
                -0.00013556+1.09449242e-04j,  0.00019369+8.05194861e-06j,
                 0.00019532+3.75648155e-05j],
               ...,
               [ 0.00010801+1.22449145e-04j,  0.00012643+1.42589320e-04j,
                -0.00013556-1.09449242e-04j, ...,
                 0.00030209+0.00000000e+00j, -0.00025082-1.48448157e-04j,
                -0.00022124-1.77541369e-04j],
               [-0.00017815-1.90730885e-05j, -0.00020716-2.31519159e-05j,
                 0.00019369-8.05194861e-06j, ...,
                -0.00025082+1.48448157e-04j,  0.00034967+0.00000000e+00j,
                 0.00034096+3.88856423e-05j],
               [-0.00018417+8.03832299e-06j, -0.00021515+9.97896887e-06j,
                 0.00019532-3.75648155e-05j, ...,
                -0.00022124+1.77541369e-04j,  0.00034096-3.88856423e-05j,
                 0.00034239+0.00000000e+00j]],
              dims=(2, 2, 2, 2, 2, 2, 2, 2, 2, 2))"
data/selected_mutant_qc/mutants_ae_10/ae_10_Mutant_Replace_cp_P42_Q8_[3.141592653589793].qasm,Quratest_8,"{'1011110100': 1, '0101101001': 1, '1100011011': 1, '0110100110': 2, '0001000111': 1, '1010100101': 1, '0110011000': 1, '0100110010': 1, '1010000000': 1, '1010011001': 2, '1010001010': 4, '0110010101': 1, '1001101011': 1, '1010100110': 2, '1110001001': 2, '0111001101': 1, '0011100101': 1, '1011000011': 1, '1110010011': 1, '1011010010': 1, '0001001111': 1, '1000100110': 1, '1100001000': 1, '0001101100': 1, '0000111011': 1, '0110111010': 1, '0001110000': 1, '1101111000': 2, '0001000000': 2, '0010000111': 1, '0011111001': 1, '1010011000': 1, '1110000110': 1, '0010001110': 1, '0110000011': 3, '1111011111': 2, '0100110111': 2, '0110001001': 1, '1010001111': 1, '0001100100': 1, '1010110000': 1, '0011001110': 2, '1101000110': 3, '1110011100': 1, '0011111110': 1, '0110000100': 1, '0010111110': 1, '0011010010': 1, '0110100000': 1, '0100001000': 2, '1010011110': 1, '1101110001': 1, '1010101000': 1, '0110101111': 3, '0011101010': 1, '1111101011': 1, '0001111110': 1, '1110011110': 2, '1110011111': 1, '0001010100': 1, '0001100101': 1, '1010101101': 1, '0110010010': 1, '1010111101': 3, '0011100000': 1, '0011000110': 3, '0100010000': 1, '1010100011': 1, '1001110000': 2, '0100000101': 2, '0110101000': 1, '1110111000': 4, '0110010000': 2, '0110011100': 2, '0100000001': 1, '1101111110': 1, '1010110011': 1, '0101010011': 1, '1110110001': 2, '1111001010': 1, '0011110100': 2, '1011111001': 1, '0111001111': 1, '0000011011': 1, '1110101101': 2, '1001000010': 2, '1110000100': 1, '1001011011': 2, '1001110101': 1, '0110110101': 1, '1110100000': 2, '0100111101': 2, '0010011001': 3, '1110010111': 1, '0101010101': 1, '1000101010': 2, '1010110101': 1, '0011000111': 3, '0110111001': 3, '1101110000': 1, '1011000110': 6, '1011110110': 1, '1001001101': 1, '0100100011': 1, '1100110111': 2, '1111000011': 1, '0001111111': 1, '0101000010': 3, '0011101100': 1, '0010011010': 2, '1111001101': 1, '1011110111': 1, '0101111110': 1, '0010110100': 1, '0001100111': 2, '0001101101': 1, '1101001000': 1, '0100001001': 1, '0111110100': 1, '0111001100': 2, '0110111000': 2, '1110011101': 3, '1110010010': 2, '1110010001': 3, '1110100110': 1, '1101001100': 5, '1111001110': 5, '0010111100': 1, '1010110001': 1, '1001000100': 1, '1100101110': 1, '1111000010': 1, '0001001000': 4, '1011111000': 5, '0101111111': 2, '1011010011': 1, '1100101001': 1, '1100100011': 1, '0110101010': 1, '0110110110': 3, '0010101010': 11, '0011010000': 1, '1001001001': 4, '1100101101': 1, '1001010101': 1, '0010000100': 3, '1001111011': 2, '0010100011': 1, '0010100111': 1, '1111000001': 1, '0010110011': 4, '1011001011': 5, '1110111001': 4, '0001111101': 1, '0101111100': 7, '1001110011': 4, '1101010001': 1, '0011101111': 1, '0001011001': 1, '1110110000': 4, '1110011001': 1, '1010001101': 1, '1110001110': 17, '0111111001': 1, '0001010101': 1, '0101001110': 2, '1001001110': 2, '1001110010': 3, '0011110110': 1, '0101010111': 1, '1001100011': 2, '0101001011': 1, '0000011100': 1, '0110110010': 3, '0001010010': 1, '0001000101': 3, '1110111101': 2, '0001001110': 4, '1001010111': 3, '0001111010': 2, '0010100001': 2, '0000101011': 3, '0101110010': 4, '0000101000': 1, '0010011111': 1, '1010001110': 1, '0101110101': 3, '1010111000': 6, '0110001111': 11, '1101111011': 1, '0100001111': 1, '0110111111': 2, '1001010110': 1, '0101001010': 1, '0101110110': 3, '0100011001': 1, '1101000001': 1, '1001111000': 5, '1001100110': 2, '0101110000': 1, '0011111111': 1, '1010011101': 1, '0001100110': 1, '0110100010': 5, '0100111110': 1, '1011001110': 1, '0100100110': 2, '1110001100': 12, '0111111111': 1, '0110100111': 2, '0010100101': 1, '0101010110': 1, '1010101100': 1, '0000010101': 1, '1110000011': 14, '1000001001': 1, '0110001101': 2, '1110101100': 1, '0010111001': 8, '0001110101': 3, '1010001011': 5, '0110001000': 1, '0010111011': 3, '1101010010': 3, '1101011100': 2, '0101001111': 6, '0100110011': 2, '1110111111': 6, '1100110000': 1, '1010001001': 3, '1010110010': 2, '1100001011': 1, '0110000000': 2, '1011001010': 6, '0001010110': 2, '0100000011': 1, '1001110110': 4, '0110011111': 2, '0110011101': 2, '1110000010': 10, '0110001100': 4, '0010111000': 5, '1001111100': 2, '1001010010': 1, '0011001011': 4, '1001001011': 18, '1001000000': 1, '0110000010': 2, '0010100110': 3, '1001110111': 1, '0010110101': 3, '1001011001': 1, '1110100011': 2, '0101101110': 1, '1110110111': 7, '1100111111': 1, '1110001101': 10, '0010001101': 2, '0001000011': 2, '1110101111': 7, '0101001100': 4, '0100011100': 1, '1010010110': 1, '0011001010': 9, '0100011000': 1, '1010000001': 1, '1100101100': 4, '1010011111': 1, '1011000111': 4, '1000001101': 1, '1010010100': 1, '1001010011': 4, '1001011010': 1, '1000001011': 1, '0110000001': 6, '0010010101': 3, '1001111101': 2, '1010101011': 4, '1010111100': 1, '0010110010': 2, '1100010011': 1, '0001000110': 8, '0011111000': 1, '1100011001': 1, '0110110100': 2, '1010111001': 4, '0011000010': 2, '0010100100': 3, '1001100111': 2, '1001001111': 3, '1110101110': 4, '1101001101': 4, '0110110011': 10, '1110100001': 1, '0001110011': 2, '0111001110': 2, '1110001011': 3, '0000100110': 1, '1110111110': 8, '1011011010': 1, '0001101010': 3, '0010101011': 6, '1001001010': 23, '1100010010': 1, '1001101010': 4, '0110100011': 4, '1010101010': 5, '1100001010': 1, '1010011010': 1, '1011110101': 1, '0110111101': 16, '1110101000': 1, '1001000001': 3, '0001110010': 5, '1101010011': 1, '1110100111': 1, '1100001001': 4, '1101001111': 3, '0101100011': 1, '0101000110': 2, '1101001011': 2, '1110110110': 9, '1001111001': 5, '1010001100': 1, '0000001101': 1, '0101101100': 1, '1110011010': 1, '1001010100': 1, '1101000011': 5, '1001111010': 1, '0010111010': 3, '0010001001': 2, '0011011010': 1, '0100101100': 3, '0001111011': 4, '1110001111': 8, '1101110110': 2, '1101001110': 7, '0001110100': 5, '0101011100': 1, '0001001011': 13, '1010100111': 2, '0010011101': 2, '0100101010': 1, '0110001110': 9, '1001001000': 3, '1010000101': 7, '1010110111': 2, '0011110101': 2, '0100101110': 3, '1100000011': 3, '0110101110': 9, '0001011101': 1, '1001000111': 8, '0010100010': 1, '0110111100': 8, '0001111000': 5, '0001111001': 7, '1101111111': 1, '0001110110': 3, '1101111001': 1, '1111001111': 3, '0011101001': 2, '0111011111': 2, '1101000010': 2, '1100000010': 5, '0110000111': 1, '0110101101': 8, '1000110110': 1, '1001000110': 10, '0110110001': 3, '0010000110': 3, '1000011000': 1, '1001011000': 4, '1100101010': 1, '1010010101': 3, '1110111100': 2, '0110101100': 8, '0011010110': 2, '0001001010': 11, '0110010001': 1, '1110001010': 11, '0100101111': 2, '1001000011': 1}","DensityMatrix([[ 3.90482827e-05+0.00000000e+00j,
                 4.19137821e-05-6.81160192e-06j,
                -1.02004848e-05+6.42937186e-05j, ...,
                 1.25530792e-04+1.58634302e-05j,
                -3.42396842e-05-8.20707458e-05j,
                -2.15289414e-05-7.85514296e-05j],
               [ 4.19137821e-05+6.81160192e-06j,
                 4.61777811e-05+0.00000000e+00j,
                -2.21644604e-05+6.72324387e-05j, ...,
                 1.31975455e-04+3.89251981e-05j,
                -2.24358501e-05-9.40661715e-05j,
                -9.40625975e-06-8.80713273e-05j],
               [-1.02004848e-05-6.42937186e-05j,
                -2.21644604e-05-6.72324387e-05j,
                 1.08525442e-04+0.00000000e+00j, ...,
                -6.67266262e-06-2.10832731e-04j,
                -1.26186652e-04+7.78154073e-05j,
                -1.23712428e-04+5.59675923e-05j],
               ...,
               [ 1.25530792e-04-1.58634302e-05j,
                 1.31975455e-04-3.89251981e-05j,
                -6.67266262e-06+2.10832731e-04j, ...,
                 4.09995702e-04+0.00000000e+00j,
                -1.43413688e-04-2.49927684e-04j,
                -1.01121993e-04-2.43777694e-04j],
               [-3.42396842e-05+8.20707458e-05j,
                -2.24358501e-05+9.40661715e-05j,
                -1.26186652e-04-7.78154073e-05j, ...,
                -1.43413688e-04+2.49927684e-04j,
                 2.02517569e-04+0.00000000e+00j,
                 1.83975276e-04+2.36292049e-05j],
               [-2.15289414e-05+7.85514296e-05j,
                -9.40625975e-06+8.80713273e-05j,
                -1.23712428e-04-5.59675923e-05j, ...,
                -1.01121993e-04+2.43777694e-04j,
                 1.83975276e-04-2.36292049e-05j,
                 1.69887687e-04+0.00000000e+00j]],
              dims=(2, 2, 2, 2, 2, 2, 2, 2, 2, 2))","{'1110101011': 1, '0001000010': 1, '1101100000': 1, '0001011101': 1, '1001010100': 1, '1000111000': 1, '1100011000': 1, '0001101011': 1, '1110100011': 1, '0010011111': 1, '1001001111': 1, '1111000011': 1, '0101100000': 1, '0100000100': 1, '1111001110': 2, '1111001100': 1, '1101010111': 1, '0000111010': 1, '1100110101': 1, '1110111000': 1, '0110010001': 1, '0111101001': 1, '0010110110': 2, '1111110011': 1, '1001001101': 1, '1010000100': 1, '1000010101': 1, '0001100100': 1, '0000000000': 1, '0000010111': 1, '0100000010': 1, '1101010110': 1, '0110001011': 1, '1010000010': 1, '1000011000': 1, '1110110001': 1, '1001110000': 1, '0100110011': 1, '1011111110': 1, '1100110110': 1, '1001011101': 1, '0110001010': 1, '1001011001': 1, '0100100000': 1, '0110000011': 1, '1010011100': 1, '1001111000': 1, '1001011100': 1, '1010010111': 1, '0001111100': 1, '0010111011': 1, '1100000011': 2, '1101011110': 1, '1111011110': 1, '1110010011': 2, '1110111010': 2, '1100001000': 1, '1011001101': 1, '0100100110': 1, '1100011001': 1, '1110100001': 1, '0000000010': 1, '0010101011': 3, '0010010100': 1, '1001010011': 2, '1101000010': 3, '0001111110': 1, '1110011110': 1, '0101001010': 3, '0110010110': 2, '0100100111': 1, '0110110001': 2, '1011011111': 1, '1011101001': 1, '1000001001': 1, '1111011011': 1, '1010001111': 1, '1100101010': 1, '1001111100': 1, '0010101101': 2, '1010110011': 1, '1110101001': 1, '0011110100': 2, '0011110101': 2, '1101001111': 2, '0101110010': 3, '0101000101': 1, '1100101110': 1, '1100001101': 2, '0100100011': 1, '1101001010': 2, '0000110100': 3, '1010100111': 3, '1001111101': 2, '1010011011': 1, '1110001001': 1, '1100111110': 1, '0101100011': 1, '0101000110': 2, '0010000100': 2, '1110000011': 4, '0001100111': 3, '0010110100': 3, '1101000111': 3, '0011000110': 2, '1010011001': 4, '1100001010': 1, '1010011010': 1, '0010111010': 1, '1011110101': 1, '0100010110': 1, '1100000010': 2, '0101110111': 1, '1111000000': 1, '1101001110': 5, '0010000110': 1, '1100100001': 1, '0101110001': 2, '0101111101': 2, '1110111011': 1, '0111111101': 1, '0101011101': 1, '0010111101': 1, '0010100110': 3, '0100101111': 1, '0100100001': 1, '1110110111': 2, '0011101010': 1, '0101110101': 2, '1010110101': 2, '0110000010': 2, '1110010110': 2, '0110011110': 1, '0110111001': 3, '0101010011': 1, '0111001101': 2, '0101000001': 2, '1101000011': 1, '1101011100': 2, '1101001100': 3, '1110100110': 2, '1000000100': 1, '1001001100': 2, '0000101010': 2, '0001000011': 1, '1011111000': 5, '1000100001': 1, '0100000000': 2, '0010001100': 2, '0000111011': 1, '1111110001': 2, '1010010101': 2, '1001110111': 1, '1110110100': 2, '0010111110': 1, '0011100101': 2, '0001001001': 2, '1110110011': 1, '0010001000': 2, '1111101001': 1, '1111000101': 1, '1001000100': 2, '1101101001': 1, '1000101011': 1, '1110010010': 2, '0110101110': 2, '0110001111': 6, '1001100111': 1, '0110111110': 4, '0011001111': 2, '0001001011': 7, '0000000101': 3, '1001001000': 3, '1010011110': 1, '1010100101': 1, '1010110111': 1, '0001111000': 3, '0111010010': 1, '1111111101': 1, '0000100011': 1, '0010110111': 2, '1010101010': 3, '1010111000': 3, '0001001000': 1, '0110100001': 1, '1110101100': 4, '1110001100': 5, '0001001110': 2, '1110111101': 6, '1100100011': 2, '1011000100': 1, '0000110010': 1, '0111110010': 2, '0100001000': 1, '1011010010': 1, '0100110100': 2, '0010001111': 1, '0110110101': 3, '1110110010': 1, '0100110010': 3, '1110101111': 3, '1011100110': 1, '0100110110': 1, '1001011011': 3, '1101000110': 2, '1111001011': 1, '0100110000': 2, '0110011001': 2, '0010110101': 2, '0110001110': 6, '0000110101': 2, '0011000011': 3, '0001100011': 3, '1011001010': 11, '0110000000': 8, '1011010111': 2, '1100001011': 3, '0011001110': 3, '0100001101': 1, '1101111000': 2, '0110100000': 1, '0011010010': 2, '0011001010': 6, '0000111101': 1, '0100000001': 4, '0110101101': 3, '0010001001': 2, '1001110001': 1, '1001010000': 1, '0010101100': 2, '0110101000': 1, '0000001111': 1, '1011000110': 5, '0110110010': 4, '0101001111': 5, '1010001010': 6, '0001010010': 4, '0000101011': 1, '0010100001': 1, '1010000011': 1, '1010011000': 1, '0000011000': 3, '0011111001': 1, '0101101110': 3, '1110001101': 4, '0001000111': 4, '0011110010': 1, '1101111111': 2, '1110001010': 5, '0100001111': 1, '1100010110': 2, '0100011110': 1, '0110111111': 1, '0000001100': 1, '0111000111': 1, '1011010100': 1, '1010100011': 1, '0001011110': 1, '0010001101': 4, '1101110110': 2, '1000100010': 1, '1110001111': 3, '0110000111': 1, '1111100110': 1, '1011011100': 1, '0100110001': 1, '0011001000': 1, '0111111100': 1, '0101101101': 1, '0101000111': 3, '1001010101': 1, '0011110011': 2, '0011101011': 3, '0100111101': 3, '0001000000': 2, '1110000010': 4, '1001011010': 2, '0100111100': 1, '0000001000': 1, '1100001111': 2, '0010001010': 2, '0110000001': 3, '0001010111': 1, '0011111000': 3, '0101111100': 1, '0000000100': 1, '1110011010': 1, '0110101111': 6, '0011010011': 2, '0100001110': 2, '0100101000': 1, '1100011110': 1, '0010001110': 3, '0110110011': 5, '1101110010': 1, '0001110111': 1, '1010011101': 1, '0101100110': 1, '1011101101': 1, '0001100110': 2, '0111110111': 1, '0011100100': 1, '1011101011': 1, '0001111010': 3, '0100011101': 1, '0110111000': 4, '1000100101': 1, '1100010011': 1, '0111001110': 4, '0010100011': 2, '1110001011': 4, '1001000111': 3, '0110111101': 10, '1110111110': 5, '0001101010': 4, '0000100110': 4, '1100100000': 3, '0111110101': 1, '0101000011': 3, '0110000100': 1, '1000000000': 1, '0010100101': 3, '1000000101': 3, '1111010000': 1, '1000111011': 1, '1111011001': 1, '1101001001': 1, '0100100010': 1, '0010000101': 1, '1100001110': 2, '0110101010': 2, '0100101101': 2, '1111000111': 1, '0110010011': 1, '1111010111': 1, '0100011100': 3, '0111001010': 1, '1100101001': 1, '1000001101': 1, '1101011101': 1, '0010111000': 1, '0110001100': 3, '1001010111': 1, '1010111111': 1, '0010110010': 2, '0110110110': 5, '0010101010': 3, '1001001001': 3, '0011000010': 2, '0010011000': 1, '1001110101': 2, '1000000111': 1, '1110100000': 7, '0011000001': 2, '0100111001': 1, '0100001001': 2, '0001010101': 1, '0000001011': 2, '0011101001': 1, '1011011011': 2, '0010100111': 4, '0010001011': 2, '1010000111': 1, '1011111011': 1, '0110100111': 4, '0010011100': 1, '1010001011': 4, '1110000111': 3, '1001001010': 18, '0101101100': 1, '0000001010': 2, '0001000110': 7, '0111010110': 3, '0111000110': 1, '0001011000': 1, '0000111111': 1, '1111001010': 1, '1110111001': 3, '0110110100': 5, '0101001101': 3, '1011001011': 7, '0010110011': 6, '0101000000': 1, '1010010011': 2, '0011110001': 1, '0101001100': 2, '1000001100': 2, '0001110011': 4, '1010111011': 1, '1011000000': 1, '1010000101': 4, '0111000000': 1, '1110000110': 1, '0010000011': 1, '0001110100': 5, '0111000010': 2, '0011000111': 3, '1101001101': 2, '0111111001': 1, '1010001101': 6, '1110001110': 6, '1110101110': 7, '0111000011': 1, '1001111110': 1, '0001111111': 1, '0010111100': 1, '0110101100': 6, '1111011111': 1, '1100110010': 1, '0010111001': 5, '0001110101': 6, '0101111001': 2, '1010100010': 1, '1110011111': 1, '1010000110': 3, '0010101001': 1, '0100001100': 1, '1111000010': 3, '1110111111': 6, '1101110100': 1, '0110101001': 2, '0111001100': 1, '1100101100': 2, '0110011100': 4, '0100011000': 1, '0010010101': 1, '1010101011': 2, '1110011101': 1, '0000011010': 1, '0101010110': 1, '1100001100': 2, '1111000110': 1, '1010101100': 2, '0000010101': 1, '0110101011': 1, '0001001100': 2, '0001101100': 1, '0011001100': 2, '1100011011': 1, '0110110111': 3, '0100101100': 2, '1001001011': 12, '0101011110': 1, '1001001110': 3, '0101001110': 5, '0100000011': 2, '1001110110': 5, '1100111101': 2, '1000101010': 2, '1110010111': 2, '1101101000': 1, '1001111001': 1, '1110110110': 6, '1001101011': 3, '0110010000': 2, '0011001011': 3, '1110011000': 2, '0110100010': 8, '0001001111': 1, '1001100110': 3, '0001110000': 3, '0001110010': 3, '1110011100': 2, '0100101110': 4, '1101010011': 1, '1110100111': 2, '0011111100': 1, '0010100010': 3, '0110111100': 5, '0110110000': 2, '1110101010': 1, '1010010010': 1, '0110100011': 5, '1001101010': 3, '1101111110': 1, '1010101101': 1, '1110011001': 2, '1110110000': 4, '1001000110': 5, '1000100110': 1, '0001110110': 1, '1101111001': 1, '1100101101': 1, '0000000110': 1, '0001001010': 14, '1111100010': 1}","DensityMatrix([[ 9.60534328e-05+0.00000000e+00j,
                 1.02904257e-04-9.77934951e-06j,
                -3.02298355e-05+8.77422245e-05j, ...,
                 9.27949653e-05+1.58736535e-05j,
                -2.39071329e-05-6.56598939e-05j,
                -1.43358178e-05-6.27033891e-05j],
               [ 1.02904257e-04+9.77934951e-06j,
                 1.12236501e-04+0.00000000e+00j,
                -4.75137103e-05+9.14107103e-05j, ...,
                 9.76963679e-05+3.31532426e-05j,
                -1.55296257e-05-7.47932388e-05j,
                -5.61932567e-06-6.97362745e-05j],
               [-3.02298355e-05-8.77422245e-05j,
                -4.75137103e-05-9.14107103e-05j,
                 1.67001626e-04+0.00000000e+00j, ...,
                -8.26859827e-06-1.59626373e-04j,
                -8.94509739e-05+6.14441087e-05j,
                -8.75910240e-05+4.52537553e-05j],
               ...,
               [ 9.27949653e-05-1.58736535e-05j,
                 9.76963679e-05-3.31532426e-05j,
                -8.26859827e-06+1.59626373e-04j, ...,
                 4.47640966e-04+0.00000000e+00j,
                -1.57421132e-04-2.66872824e-04j,
                -1.13497379e-04-2.60705401e-04j],
               [-2.39071329e-05+6.56598939e-05j,
                -1.55296257e-05+7.47932388e-05j,
                -8.94509739e-05-6.14441087e-05j, ...,
                -1.57421132e-04+2.66872824e-04j,
                 2.62935889e-04+0.00000000e+00j,
                 2.40918118e-04+2.59754251e-05j],
               [-1.43358178e-05+6.27033891e-05j,
                -5.61932567e-06+6.97362745e-05j,
                -8.75910240e-05-4.52537553e-05j, ...,
                -1.13497379e-04+2.60705401e-04j,
                 2.40918118e-04-2.59754251e-05j,
                 2.24426428e-04+0.00000000e+00j]],
              dims=(2, 2, 2, 2, 2, 2, 2, 2, 2, 2))"
data/selected_mutant_qc/mutants_ae_10/ae_10_Mutant_Replace_cp_P42_Q8_[3.141592653589793].qasm,Quratest_9,"{'0110111110': 1, '1100111001': 1, '0110001001': 1, '1100000110': 3, '0111010110': 1, '0100100010': 1, '1011001001': 1, '1110110000': 1, '0110000000': 1, '1010111010': 1, '1011011000': 1, '1001100100': 1, '0101011110': 2, '0001101011': 2, '1011000000': 1, '0100001001': 1, '1010110111': 4, '0110000100': 5, '0100111111': 1, '1001111000': 1, '0100111001': 1, '1110010010': 1, '1100110110': 3, '0100110010': 1, '1010101011': 1, '0111000100': 1, '0101110001': 2, '1101100000': 1, '0011100000': 1, '0110010100': 7, '0101101100': 1, '1010111111': 3, '1110100111': 1, '1101010011': 3, '1110000110': 1, '0100001100': 1, '0101010001': 1, '1010110100': 1, '1010111011': 1, '0010110110': 1, '1101100111': 2, '1101000111': 3, '0100110111': 2, '0100010000': 2, '1101001001': 4, '0001111000': 2, '0001000000': 1, '1010110110': 1, '1010011011': 2, '1101001101': 1, '1110101000': 1, '0010010111': 2, '1010000110': 1, '0100000010': 1, '1011111000': 1, '0110010111': 4, '1010100010': 1, '1100010111': 5, '1110100110': 1, '1101001100': 4, '1011000100': 1, '1100001000': 1, '0101011001': 1, '0101011010': 3, '0010001111': 1, '1001110000': 1, '0100011100': 1, '1011001101': 1, '0010010110': 1, '1100000111': 1, '1101110101': 1, '0010000110': 2, '0100010100': 12, '0100100100': 5, '0011000101': 2, '0110000010': 1, '0010111111': 1, '0110100100': 12, '1110010110': 9, '0101110000': 1, '0011111111': 2, '0101110110': 3, '1110100011': 2, '0011100111': 1, '1110111000': 1, '1101110000': 10, '1010010111': 1, '1101100011': 2, '1101101010': 1, '0101001011': 7, '1100001100': 3, '1010010000': 1, '0101100010': 5, '0001001000': 1, '0101000000': 5, '1001110111': 3, '0100011011': 4, '0110001110': 2, '0011110101': 1, '1101011100': 5, '1110000010': 1, '0010111000': 4, '0110001100': 1, '1001011111': 1, '1100011000': 2, '1100000101': 2, '0101000011': 4, '0101001110': 2, '0010101000': 1, '1100110000': 1, '0101101000': 2, '1101011111': 5, '1110111111': 2, '0001110011': 1, '0110000111': 2, '1111010110': 1, '0101101011': 21, '1011101011': 2, '1100000001': 1, '1110010100': 12, '1101010110': 9, '1011011010': 1, '0100111000': 3, '0110011000': 1, '1100001111': 1, '1001011010': 1, '1010000100': 3, '1100110100': 1, '1110001100': 2, '0101001001': 4, '1001011011': 1, '1110000100': 9, '0100000000': 3, '1101000000': 3, '1100111100': 1, '1110100100': 7, '1100110010': 1, '1110011100': 3, '1101000011': 1, '0010010010': 1, '0101001000': 3, '0100001110': 2, '0110000110': 1, '0101010111': 7, '1110011011': 5, '1010000000': 2, '1100111011': 3, '0110110010': 1, '1110001000': 2, '0011010111': 2, '0001010110': 1, '1001110110': 1, '0100000011': 1, '0101110011': 6, '0100110110': 1, '0101011111': 1, '1101111110': 4, '0101111011': 27, '1110111011': 2, '0101101111': 1, '1101011101': 2, '1110100101': 2, '1100110011': 1, '1100101001': 1, '1011110111': 2, '0101111110': 1, '1101011001': 4, '1011100000': 1, '0010100100': 6, '0110001111': 1, '0110111011': 1, '1111110000': 1, '1101001000': 11, '1100011010': 2, '1101100010': 3, '0100000111': 1, '1010001000': 1, '1101111011': 13, '1100101011': 2, '1011011001': 1, '0010000100': 4, '0100000101': 3, '1101011000': 6, '1001000001': 1, '0001011011': 5, '0101011101': 4, '1010010110': 5, '1101010000': 2, '0101110100': 1, '0100010110': 4, '1100110111': 3, '1100100100': 5, '1001011000': 1, '1110010111': 7, '1101110110': 1, '0001111011': 4, '0101100101': 3, '0110110111': 2, '1101101111': 2, '0100000100': 11, '0011010110': 1, '0110011010': 1, '1100111010': 2, '1101001011': 9, '1001111001': 2, '1101010100': 6, '0110100000': 1, '1001011101': 1, '0010110001': 1, '0011101101': 1, '1110000000': 1, '1101111100': 1, '1010100000': 1, '1110000101': 1, '0110011011': 3, '0101100111': 6, '0110110000': 1, '1101100001': 1, '0100110001': 1, '0101101101': 5, '0100011110': 1, '0001000100': 1, '0110111111': 1, '1100010110': 6, '1101100100': 24, '0101111000': 31, '0101000101': 8, '0010010100': 2, '1101000010': 1, '1011011011': 3, '0101010110': 2, '0101001101': 3, '0101000010': 3, '1100000100': 7, '1011110100': 1, '0110010011': 1, '1101000100': 5, '1101111111': 1, '1101111001': 14, '1001111111': 1, '0100110000': 1, '1101000110': 1, '0100110100': 1, '0111010111': 1, '0001000101': 1, '1101101011': 15, '1101001111': 2, '0101011011': 37, '1101000101': 5, '0101100011': 7, '0011000100': 5, '1101011010': 6, '0000111000': 1, '0010111001': 1, '0101111001': 11, '1001000101': 1, '1101110010': 2, '0101100110': 2, '1101110001': 2, '1011100100': 5, '0001010100': 1, '1110011111': 1, '0110010010': 2, '1110000111': 1, '0110110110': 1, '0011101011': 2, '1101010111': 15, '1101100110': 3, '1101111000': 1, '1101110011': 1, '0110011111': 2, '0101101001': 1, '0101100001': 1, '0001101111': 1, '0001110100': 1, '1101010010': 1, '0011111011': 2, '0110010110': 3, '0110010000': 1, '0101010100': 4, '0110011100': 1, '0101010010': 1, '0100001000': 1, '0011001011': 1, '1101110111': 12, '0100101111': 1, '1101111101': 1, '1010100100': 4, '1011100111': 1, '0101100100': 27, '0100111011': 1, '1101111010': 5, '1001101011': 4, '0011111000': 5, '0001100111': 2, '1010010100': 9, '1101011011': 22, '0101000100': 37, '0101111111': 4, '1101110100': 3, '1100011011': 1, '0111100100': 2, '1011111001': 1, '0011111001': 1, '0010010000': 1, '1100000000': 1, '1100010100': 10}","DensityMatrix([[ 7.56661841e-06+0.00000000e+00j,
                -6.08944139e-06-3.75392867e-07j,
                 8.70055649e-07+5.14465081e-07j, ...,
                -9.11063537e-06-2.04815203e-06j,
                 2.93856553e-06-5.67386648e-06j,
                -2.93967298e-05-3.28103352e-06j],
               [-6.08944139e-06+3.75392867e-07j,
                 4.91926700e-06+0.00000000e+00j,
                -7.25724373e-07-3.70864780e-07j, ...,
                 7.43364324e-06+1.19631171e-06j,
                -2.08340010e-06+4.71198519e-06j,
                 2.38205933e-05+1.18207873e-06j],
               [ 8.70055649e-07-5.14465081e-07j,
                -7.25724373e-07+3.70864780e-07j,
                 1.35023480e-07+0.00000000e+00j, ...,
                -1.18685283e-06+3.83936042e-07j,
                -4.78801251e-08-8.52212784e-07j,
                -3.60329628e-06+1.62145209e-06j],
               ...,
               [-9.11063537e-06+2.04815203e-06j,
                 7.43364324e-06-1.19631171e-06j,
                -1.18685283e-06-3.83936042e-07j, ...,
                 1.15241180e-05+0.00000000e+00j,
                -2.00238166e-06+7.62707388e-06j,
                 3.62834395e-05-4.00663415e-06j],
               [ 2.93856553e-06+5.67386648e-06j,
                -2.08340010e-06-4.71198519e-06j,
                -4.78801251e-08+8.52212784e-07j, ...,
                -2.00238166e-06-7.62707388e-06j,
                 5.39579585e-06+0.00000000e+00j,
                -8.95618982e-06-2.33175035e-05j],
               [-2.93967298e-05+3.28103352e-06j,
                 2.38205933e-05-1.18207873e-06j,
                -3.60329628e-06-1.62145209e-06j, ...,
                 3.62834395e-05+4.00663415e-06j,
                -8.95618982e-06+2.33175035e-05j,
                 1.15630636e-04+0.00000000e+00j]],
              dims=(2, 2, 2, 2, 2, 2, 2, 2, 2, 2))","{'1101111100': 1, '1111110111': 1, '1111011000': 1, '0001110100': 1, '1111001100': 1, '1111100000': 1, '0011010000': 1, '1101010101': 1, '0101111010': 1, '0101011010': 1, '1100011010': 1, '1111110100': 1, '1100111111': 1, '1101000000': 3, '1001111111': 1, '0100110111': 1, '1001011100': 1, '0110010111': 2, '1111001010': 1, '1110111001': 1, '0101001101': 1, '0110110100': 1, '1011001011': 1, '0010001110': 1, '0100100101': 1, '0011000011': 1, '1100011100': 1, '1110010000': 2, '0010010110': 1, '1110000110': 1, '1100111010': 2, '1010001001': 1, '1110001000': 1, '1110101001': 1, '0110110110': 5, '0010110000': 1, '0101011011': 14, '1001110111': 2, '1110110100': 1, '1011100010': 1, '1110011111': 1, '1010101011': 1, '1100000100': 3, '1000111011': 1, '0110001001': 1, '1010100111': 1, '0000110100': 1, '0001101011': 2, '0100000001': 1, '0001000010': 1, '0101101100': 4, '1001110001': 1, '0111000101': 1, '1010011011': 1, '1101011100': 1, '0100110010': 1, '0100010101': 1, '0000011000': 1, '0110000101': 1, '1101101101': 2, '0101100010': 1, '0111101111': 1, '1110100101': 1, '0110011111': 1, '1101101100': 1, '1011110000': 2, '0101010010': 3, '1011010000': 1, '1101001100': 3, '0111010100': 1, '1100100010': 1, '1001010111': 1, '1100110000': 2, '1101011010': 3, '0000111001': 1, '0101110001': 2, '0111100111': 1, '1001110000': 3, '0101010111': 3, '1101100101': 2, '1110000000': 1, '1011010110': 3, '1111010011': 1, '1111101101': 1, '0011000000': 1, '0110100110': 1, '0110110001': 1, '1011011111': 1, '1111011011': 2, '0011011011': 3, '0101100110': 2, '1101000101': 3, '1111110110': 1, '1010111011': 2, '0101100001': 1, '0110001100': 1, '0010111000': 1, '0001100100': 4, '0101101010': 1, '1100110110': 1, '1100011011': 1, '0001010110': 1, '1010000000': 1, '1100111011': 2, '1101111010': 3, '0110000011': 1, '1111111001': 1, '1101100010': 2, '0111001100': 4, '1100101100': 1, '0100011000': 1, '0100101111': 1, '0100010010': 1, '1001011010': 1, '1110110000': 1, '0100001011': 1, '0001011011': 4, '1111100111': 1, '1011101111': 1, '1011011010': 1, '1100001101': 1, '0101000111': 2, '0001001010': 1, '1101101111': 3, '1100100100': 10, '0101100101': 2, '0010000100': 1, '1011011001': 1, '1001111011': 3, '0111011010': 1, '0101001100': 1, '1101101010': 1, '1110011100': 2, '1001101010': 2, '1100010010': 2, '0110111000': 2, '0011111001': 1, '1001101000': 1, '1101100000': 3, '1100000000': 1, '0010110111': 1, '1101110100': 3, '1110111111': 1, '1011110011': 2, '0110010100': 6, '0100001100': 1, '0000111011': 1, '0110111010': 1, '1111110001': 1, '1011100100': 1, '0111111011': 7, '1100111001': 1, '0100010111': 1, '0101100000': 2, '0111010000': 1, '0100010100': 10, '0100011011': 2, '1001000111': 1, '0101010100': 8, '0110010000': 1, '1101110000': 3, '0101110000': 2, '1111001000': 1, '1101000001': 1, '0111011011': 5, '1101110111': 6, '0011100100': 2, '0110110000': 1, '0101001011': 3, '0100110011': 1, '0001001101': 1, '0001000100': 5, '0010100100': 5, '1100001111': 2, '0010000000': 2, '0101011111': 3, '1111111010': 1, '1111111011': 4, '0100001111': 1, '0100011110': 2, '1011001001': 1, '1100010110': 5, '1001010110': 1, '0110111101': 1, '0111111100': 1, '0011001000': 1, '0111010110': 2, '1101100110': 5, '1000111001': 1, '0101000010': 4, '0000110111': 1, '0001111111': 2, '0100010011': 2, '0110101011': 1, '1111010111': 4, '0010111001': 1, '1011111111': 2, '0101111001': 8, '0010000110': 1, '1110001100': 4, '0111100010': 1, '1101110101': 2, '0010011100': 1, '0100011001': 1, '0110011011': 1, '0110100100': 8, '1110100111': 3, '1101010011': 2, '1011110111': 2, '1000011011': 1, '1101110010': 1, '0110110011': 1, '1110111010': 1, '0111100100': 5, '1101110001': 1, '0001100000': 1, '1100001000': 1, '0101011001': 2, '1101001101': 5, '0110010010': 2, '1101000111': 1, '0011001011': 1, '1001010010': 1, '0011100111': 2, '1110111000': 1, '0111101011': 2, '1001101011': 3, '0110111011': 2, '1101010100': 5, '0110001010': 1, '1100010000': 4, '1111101010': 1, '0000101000': 1, '0011000100': 3, '0101010011': 3, '0011100011': 1, '0101111100': 1, '0011111000': 2, '1001000100': 1, '1111000101': 1, '1010110111': 2, '1111101011': 3, '0111000100': 6, '0101101101': 4, '1110010010': 2, '1101011110': 2, '1100010111': 2, '0111110111': 1, '1001000101': 3, '1101001110': 2, '0111001000': 1, '1100110101': 1, '0000111010': 1, '1101010111': 8, '1110010110': 2, '0010100010': 1, '1110000101': 1, '0101100111': 3, '1110010111': 5, '0001000101': 1, '1101101011': 15, '1001011000': 1, '0101000110': 1, '0101100011': 3, '1101001111': 3, '0101110010': 1, '1000010100': 2, '1110100100': 7, '1010100010': 1, '0101101000': 1, '1101011111': 4, '1010000100': 5, '0010010111': 1, '0011101010': 1, '0100100001': 1, '1001001101': 1, '1011110110': 2, '0100111011': 4, '0001000111': 1, '0111001001': 2, '1101111101': 3, '0000111000': 3, '0010010100': 4, '0000001000': 1, '1010110000': 1, '1101001000': 2, '0010100111': 1, '1110010101': 3, '1111000000': 2, '0101110111': 3, '1101011000': 4, '0101000011': 3, '0110000100': 10, '0101001001': 2, '1001111001': 6, '1110110110': 2, '0100000100': 6, '0011010110': 2, '0001110111': 2, '1000100100': 3, '0100110110': 2, '0010111011': 1, '0110010110': 1, '1101010010': 1, '0011111011': 1, '1111100100': 1, '0110001000': 2, '0100110100': 1, '1111000100': 1, '1101001001': 8, '0100100010': 2, '0101111011': 20, '1111000111': 1, '0001111010': 1, '1011101011': 1, '1111010110': 1, '1011010111': 3, '0101101011': 18, '1000110111': 1, '0001001000': 1, '1010111000': 1, '0101110101': 2, '1010010011': 1, '0101000000': 2, '1110011000': 1, '1000010010': 1, '1100000110': 1, '1111001101': 1, '1111100101': 1, '0110000111': 3, '0101111000': 20, '1100110111': 5, '0101000101': 4, '0011010100': 1, '0100100110': 2, '0001111011': 1, '1101110110': 4, '1110101000': 1, '0100000000': 2, '1101000110': 1, '1001011011': 2, '1110000100': 4, '0110011000': 1, '0111110001': 1, '0000000100': 2, '0101101001': 1, '1110001011': 1, '0101011000': 6, '1010100100': 4, '1101010000': 2, '1100010100': 10, '0101010110': 6, '0011110001': 1, '0101111111': 4, '0101000100': 34, '1101011011': 20, '1101100100': 15, '1011111000': 1, '0111011111': 2, '1101000010': 1, '0100001000': 2, '0101110110': 4, '0100100100': 12, '1101010110': 4, '1110010100': 4, '0111111001': 1, '1010010001': 1, '1101101001': 2, '1010010100': 1, '0000010100': 1, '0111101001': 1, '0111000000': 1, '0101110100': 2, '1111001011': 1, '1110011011': 3, '1010010111': 1, '0110111001': 1, '0110001011': 1, '1101001011': 7, '1001010100': 1, '1101000011': 1, '0100010000': 1, '1010111101': 2, '0001011111': 1, '1110010011': 1, '0001111001': 4, '1100101011': 3, '1101111011': 7, '0110001111': 2, '1011010100': 3, '0011001101': 1, '0110001110': 1, '1101111000': 4, '0001110110': 1, '1101111111': 2, '1101111001': 12, '1101011101': 1, '0101101111': 2, '0111100000': 1, '0111101110': 2, '1101100111': 2, '1100000101': 1, '0101100100': 17, '0101011100': 3, '1011000101': 1, '1011111011': 2, '1100000111': 2, '0011010111': 1, '1010111001': 1, '0100010110': 5, '1101000100': 13, '1001001000': 2, '0111111000': 2}","DensityMatrix([[ 3.47968012e-05+0.00000000e+00j,
                -6.97844983e-06+8.05329969e-06j,
                -8.32050594e-06+1.50544640e-06j, ...,
                 2.42296155e-07+5.22021257e-06j,
                 5.26523625e-06-3.86431188e-06j,
                -1.19077803e-05+4.36752984e-06j],
               [-6.97844983e-06-8.05329969e-06j,
                 1.04177751e-05+0.00000000e+00j,
                -4.13519671e-07+3.28060629e-06j, ...,
                 6.33530219e-06-3.48703121e-08j,
                -1.54745221e-06+2.00028587e-06j,
                 1.83919377e-05-3.26032368e-06j],
               [-8.32050594e-06-1.50544640e-06j,
                -4.13519671e-07-3.28060629e-06j,
                 1.04601247e-05+0.00000000e+00j, ...,
                -4.44859343e-06+1.09276197e-06j,
                 9.63709179e-07-1.44783584e-06j,
                -5.34227454e-06-3.06219955e-06j],
               ...,
               [ 2.42296155e-07-5.22021257e-06j,
                 6.33530219e-06+3.48703121e-08j,
                -4.44859343e-06-1.09276197e-06j, ...,
                 9.43036669e-05+0.00000000e+00j,
                 4.52471636e-07-4.92505492e-05j,
                 5.76896624e-05+5.83031660e-05j],
               [ 5.26523625e-06+3.86431188e-06j,
                -1.54745221e-06-2.00028587e-06j,
                 9.63709179e-07+1.44783584e-06j, ...,
                 4.52471636e-07+4.92505492e-05j,
                 7.98312584e-05+0.00000000e+00j,
                -7.28930488e-05-1.35359233e-05j],
               [-1.19077803e-05-4.36752984e-06j,
                 1.83919377e-05+3.26032368e-06j,
                -5.34227454e-06+3.06219955e-06j, ...,
                 5.76896624e-05-5.83031660e-05j,
                -7.28930488e-05+1.35359233e-05j,
                 2.34141908e-04+0.00000000e+00j]],
              dims=(2, 2, 2, 2, 2, 2, 2, 2, 2, 2))"
