Name,Input,Ideal_chisquare,Noisy_chisquare,Ideal_hellinger,Noisy_hellinger,Ideal_jensenshannon,Noisy_jensenshannon,Ideal_trace,Noisy_trace,Ideal_fidelity,Noisy_fidelity,Ideal_expectation,Noisy_expectation,Killed_IC,Killed_NC,Killed_IH,Killed_NH,Killed_IJ,Killed_NJ,Killed_IT,Killed_NT,Killed_IF,Killed_NF,Killed_IE,Killed_NE
qpeexact_6_Mutant_Add_ch_P10_Q5_[].qasm,PureState_0,0.0477838096277662,0.0,0.0134298389595793,0.5042890127564118,0.0134284207279194,0.4660455495758752,2.5326962749261384e-16,0.8984528369005409,0.5000000000000071,0.0412841772959293,0.0,0.560546875,True,True,False,False,False,False,False,False,True,False,False,False
qpeexact_6_Mutant_Add_ch_P10_Q5_[].qasm,Quratest_0,0.0,0.0,0.5169211164845722,0.8095001557347774,0.4713996267110409,0.7363175705129303,0.4958500869627864,0.965829630312953,0.0660507895065294,0.0039965067258822,0.6435546875,0.26708984375,True,True,True,False,True,False,True,True,True,True,True,False
qpeexact_6_Mutant_Add_ch_P10_Q5_[].qasm,PureState_1,0.0,0.0,0.2760219854939735,0.9958010867161772,0.2729140054992301,0.8303399320178662,0.3535533905932735,0.9993046878843478,0.5000000000000087,9.186005078432494e-07,0.001953125,0.625,True,True,True,False,True,False,True,True,True,True,True,True
qpeexact_6_Mutant_Add_ch_P10_Q5_[].qasm,Quratest_1,0.0,0.0,0.2161571437612469,0.7964794604644435,0.2132039689999862,0.7143082810899841,0.205954269050048,0.9346534963338596,0.0465479758722481,0.0201410339110521,0.1318359375,0.8740234375,True,True,True,False,True,False,True,True,True,False,True,True
qpeexact_6_Mutant_Add_ch_P10_Q5_[].qasm,PureState_2,0.0,0.0,0.2727145640017079,0.991755958693512,0.2696933681950876,0.8286872693782651,0.3535533905932735,0.9993045785146708,0.5000000000000089,4.612078220217712e-06,0.01123046875,0.63818359375,True,True,True,False,True,False,True,True,True,True,True,True
qpeexact_6_Mutant_Add_ch_P10_Q5_[].qasm,Quratest_2,0.0,0.0,0.2706965470552712,0.8141203304037105,0.2659755628144944,0.7248507391573029,0.2829356122785419,0.9358433433430764,0.0806902594756173,0.0352485328350706,0.076171875,0.6708984375,True,True,True,False,True,False,True,True,True,False,True,True
qpeexact_6_Mutant_Add_ch_P10_Q5_[].qasm,PureState_3,0.3330851088630852,0.0,0.0098072411870133,0.9117986762931152,0.0098046317119582,0.7913778447606834,1.7932703932910243e-16,0.9951687180558676,0.5000000000000094,0.0004231288004817,0.0,0.98828125,False,True,False,False,False,False,False,True,True,True,False,True
qpeexact_6_Mutant_Add_ch_P10_Q5_[].qasm,Quratest_3,0.0,0.0,0.4304961686587238,0.9098923231672984,0.3886768659532482,0.7845866379904372,0.37967386965553,0.976700470473108,0.3714430850644882,0.0028938594843718,0.14990234375,0.5126953125,True,True,True,False,True,False,True,True,True,True,True,False
qpeexact_6_Mutant_Add_ch_P10_Q5_[].qasm,PureState_4,0.0123613405479219,0.0,0.0154111673443819,0.8627486362122255,0.0154074167880277,0.768646409872646,6.76542155630955e-17,0.9817123933687784,0.5000000000000085,0.0019204983906613,0.0,0.71044921875,True,True,False,False,False,False,False,True,True,True,False,True
qpeexact_6_Mutant_Add_ch_P10_Q5_[].qasm,Quratest_4,0.0,0.0,0.1700124212810307,0.9028764657108882,0.1689612344689667,0.7824010313871448,0.1706270963306312,0.9745090199768852,0.0311823786450509,0.0018756964009356,0.015625,0.642578125,True,True,True,False,True,False,True,True,True,True,True,True
qpeexact_6_Mutant_Add_ch_P10_Q5_[].qasm,PureState_5,0.0,0.0,0.2812893124677518,0.9418153266104772,0.278066902380698,0.8054291448168331,0.3535533905932736,0.999304578514671,0.5000000000000085,0.0002778874698897,0.01123046875,0.67626953125,True,True,True,False,True,False,True,True,True,True,True,True
qpeexact_6_Mutant_Add_ch_P10_Q5_[].qasm,Quratest_5,0.0,0.0,0.2161108781600625,0.8585494052509993,0.2096558235154458,0.760466475974931,0.1754915623471181,0.9565595274927357,0.1678530786073577,0.0131492564488146,0.06396484375,0.68701171875,True,True,True,False,True,False,True,True,True,True,True,True
qpeexact_6_Mutant_Add_ch_P10_Q5_[].qasm,PureState_6,1.3748932583971074e-05,0.0,0.0245347907903404,0.9923364385391608,0.0245221620048273,0.8295783016102592,1.902537643486829e-16,0.9998110891985442,1.0000000000000109,5.305763429374901e-06,0.0,1.173828125,True,True,False,False,False,False,False,True,False,True,False,True
qpeexact_6_Mutant_Add_ch_P10_Q5_[].qasm,Quratest_6,0.0,0.0,0.2461431541853958,0.6205483561693245,0.2404005807680329,0.5486599302463802,0.2342675719386917,0.6631331015514826,0.5965646348954942,0.2767292622067422,0.0048828125,0.4072265625,True,True,True,False,True,False,True,False,True,False,True,False
qpeexact_6_Mutant_Add_ch_P10_Q5_[].qasm,PureState_7,0.3121150270535451,0.0,0.0144125495490207,0.9941816883827502,0.0144086286123492,0.8305952904763103,1.3513733047084558e-16,0.9998110891985442,1.000000000000011,5.285054733189257e-06,0.0,1.173828125,True,True,False,False,False,False,False,True,False,True,False,True
qpeexact_6_Mutant_Add_ch_P10_Q5_[].qasm,Quratest_7,0.0,0.0,0.2290752266206552,0.9179390773063018,0.2217232323589151,0.7910718415117715,0.1779896092268741,0.9892623889795168,0.3954915696325498,0.0004184941026326,0.04638671875,0.65185546875,True,True,True,False,True,False,True,True,True,True,True,True
qpeexact_6_Mutant_Add_ch_P10_Q5_[].qasm,PureState_8,0.0,0.0,0.2668744477392842,0.9952101928834168,0.2641154976457452,0.8309765520805095,0.3535533905932735,0.9998253413384632,0.5000000000000093,9.784571443538556e-07,0.10791015625,0.45947265625,True,True,True,False,True,False,True,True,True,True,True,False
qpeexact_6_Mutant_Add_ch_P10_Q5_[].qasm,Quratest_8,0.0,0.0,0.321475791544939,0.926325620004485,0.3077204643585638,0.791828883110671,0.3326826781364633,0.9800780927444922,0.0105087108570023,0.0004602136812967,0.095703125,0.583984375,True,True,True,False,True,False,True,True,True,True,True,False
qpeexact_6_Mutant_Add_ch_P10_Q5_[].qasm,PureState_9,0.2109593662583477,0.0,0.0112707347794688,0.953064788726622,0.0112685813312687,0.809527585664025,1.1275702593849246e-16,0.9939803278342346,1.000000000000011,0.0024252216545552,0.0,0.630859375,True,True,False,False,False,False,False,True,False,True,False,True
qpeexact_6_Mutant_Add_ch_P10_Q5_[].qasm,Quratest_9,0.0,0.0,0.3790859331347339,0.8505095064881655,0.3589210133990498,0.7500903414336364,0.3855512927875054,0.9627906781054858,0.2914268752338358,0.0034474111874087,0.2744140625,0.85107421875,True,True,True,False,True,False,True,True,True,True,True,True
qpeexact_6_Mutant_Add_ch_P10_Q5_[].qasm,PureState_10,0.157543800890966,0.0,0.0080419090786498,0.9481771875552304,0.0080418035135234,0.8093325359655824,6.938893903907227e-17,0.9940209969767114,1.000000000000011,0.0025206137156932,0.0,1.34326171875,True,True,False,False,False,False,False,True,False,True,False,True
qpeexact_6_Mutant_Add_ch_P10_Q5_[].qasm,Quratest_10,0.0,0.0,0.1402472070797693,0.8174567098693352,0.1386761985692511,0.7345091374743923,0.1555741716642977,0.9554030226227206,0.2839532406680405,0.0103590582596047,0.140625,0.5380859375,True,True,True,False,True,False,True,True,True,True,True,False
qpeexact_6_Mutant_Add_ch_P10_Q5_[].qasm,PureState_11,0.1500068806600137,0.0,0.0167570900732014,0.9919648513966224,0.0162908584469954,0.8291982194068683,7.150482734131353e-17,0.9970910946110926,1.000000000000011,3.207632953230469e-05,0.0,0.1552734375,True,True,False,False,False,False,False,True,False,True,False,False
qpeexact_6_Mutant_Add_ch_P10_Q5_[].qasm,Quratest_11,0.0,0.0,0.2103675676887884,0.9114550620836154,0.2061086968893396,0.7895533743104645,0.2039400829155219,0.9810372167155854,0.6464389326118373,0.0008667176228708,0.07470703125,0.5869140625,True,True,True,False,True,False,True,True,True,True,True,False
qpeexact_6_Mutant_Add_ch_P10_Q5_[].qasm,PureState_12,0.0,0.0,0.5355730211036893,0.993865425161768,0.4594152789715127,0.8317960920947831,0.4999999999999996,0.9999953649742797,0.5000000000000089,2.317559570059522e-06,0.34521484375,0.63525390625,True,True,True,False,True,False,True,True,True,True,True,True
qpeexact_6_Mutant_Add_ch_P10_Q5_[].qasm,Quratest_12,5.826673983758352e-140,0.0,0.0755461797594246,0.8856127886105021,0.0746977070710037,0.7752110054536565,0.0367792033173978,0.9681780406995936,0.8207948432973943,0.0062657389731724,0.03369140625,1.046875,True,True,False,False,False,False,True,True,True,True,True,True
qpeexact_6_Mutant_Add_ch_P10_Q5_[].qasm,PureState_13,0.0,0.0,0.5411100860569241,0.998181756783344,0.4644711747997402,0.8321460929020589,0.4999999999999996,0.9999953334468636,0.5000000000000092,3.617445514882236e-07,0.88232421875,0.0810546875,True,True,True,False,True,False,True,True,True,True,True,False
qpeexact_6_Mutant_Add_ch_P10_Q5_[].qasm,Quratest_13,0.0,0.0,0.4472244436092747,0.956059569513904,0.4306476614697038,0.813170839872292,0.541037322375735,0.9884865990542394,0.2488822292419688,0.0002508206367781,0.068359375,0.51025390625,True,True,True,False,True,False,True,True,True,True,True,False
qpeexact_6_Mutant_Add_ch_P10_Q5_[].qasm,PureState_14,0.0206290340881837,0.0,0.013832261398284,0.9862641962949404,0.0138257067049248,0.8283153625395562,6.440160904563895e-17,0.9970919135931804,1.000000000000011,3.721257042191968e-05,0.0,0.66748046875,True,True,False,False,False,False,False,True,False,True,False,True
qpeexact_6_Mutant_Add_ch_P10_Q5_[].qasm,Quratest_14,2.197857339146274e-109,0.0,0.0783837070888565,0.8526008371122477,0.0780250049647787,0.7501726938164655,0.0493550166479996,0.9618199665957564,0.3104316078303782,0.0028073364195834,0.01611328125,0.56494140625,True,True,False,False,False,False,True,True,True,True,True,False
qpeexact_6_Mutant_Add_ch_P10_Q5_[].qasm,PureState_15,0.6557617419434454,0.0,0.0119394065347933,0.9929193726660386,0.0119313923374333,0.8299923052702011,1.8973538018496328e-16,0.9991611559915962,1.000000000000011,9.227495978640972e-06,0.0,1.15478515625,False,True,False,False,False,False,False,True,False,True,False,True
qpeexact_6_Mutant_Add_ch_P10_Q5_[].qasm,Quratest_15,0.0,0.0,0.2294092529672666,0.9808289735005064,0.2273295627858826,0.8217784763977969,0.2842019982187025,0.9932245941506312,0.2696028976961744,8.563441044603393e-05,0.14697265625,0.85498046875,True,True,True,False,True,False,True,True,True,True,True,True
qpeexact_6_Mutant_Add_ch_P10_Q5_[].qasm,PureState_16,0.0005407348570097,0.0,0.0224182351237592,0.9879106117888768,0.022061376726154,0.824466495662022,1.4586584978076855e-16,0.9939393820619816,1.000000000000011,0.0001046994739832,0.0,0.73486328125,True,True,False,False,False,False,False,True,False,True,False,True
qpeexact_6_Mutant_Add_ch_P10_Q5_[].qasm,Quratest_16,0.0,0.0,0.2440127196095574,0.8847221972828174,0.234525019632864,0.7670006903758001,0.2141684569305978,0.9694842860885148,0.0287193693996777,0.0020960421881236,0.15673828125,0.5556640625,True,True,True,False,True,False,True,True,True,True,True,False
qpeexact_6_Mutant_Add_ch_P10_Q5_[].qasm,PureState_17,0.0,0.0,0.543873445152151,0.991301917643818,0.4669254045092634,0.8317333700469753,0.4999999999999995,0.999995395678544,0.5000000000000087,4.604387283200976e-06,0.8466796875,1.64794921875,True,True,True,False,True,False,True,True,True,True,True,True
qpeexact_6_Mutant_Add_ch_P10_Q5_[].qasm,Quratest_17,0.0,0.0,0.0962462480154318,0.839386718512984,0.0942852223841627,0.7480622165997043,0.0492151521218608,0.9627185573618005,0.7592904762781105,0.0058315856822483,0.0380859375,0.67431640625,True,True,False,False,False,False,True,True,True,True,True,True
qpeexact_6_Mutant_Add_ch_P10_Q5_[].qasm,PureState_18,0.0,0.0,0.2766891386277139,0.976681146133967,0.2735557883811272,0.8187148429654943,0.3535533905932733,0.9993045785146704,0.5000000000000087,4.868978094522869e-05,0.029296875,0.6357421875,True,True,True,False,True,False,True,True,True,True,True,True
qpeexact_6_Mutant_Add_ch_P10_Q5_[].qasm,Quratest_18,0.0,0.0,0.1583355653679455,0.9225194227791376,0.156072458775369,0.7970227586844439,0.1640236466269682,0.9845081982997164,0.8164719132782314,0.000666121115011,0.18994140625,0.40234375,True,True,True,False,True,False,True,True,True,True,True,False
qpeexact_6_Mutant_Add_ch_P10_Q5_[].qasm,PureState_19,1.4825415314052538e-07,0.0,0.0234444669011571,0.9792879006664864,0.0234371626208674,0.8230833394498507,1.4051260155412135e-16,0.9939803278342344,1.000000000000011,0.000115123591168,0.0,0.6298828125,True,True,False,False,False,False,False,True,False,True,False,True
qpeexact_6_Mutant_Add_ch_P10_Q5_[].qasm,Quratest_19,0.0,0.0,0.1165331812369985,0.9016386454625872,0.1152678367206964,0.785575611989431,0.1077053437259116,0.9758564478798936,0.7906521473484738,0.0067529068049656,0.02001953125,0.478515625,True,True,False,False,False,False,True,True,True,True,True,False
qpeexact_6_Mutant_Add_ch_P10_Q5_[].qasm,PureState_20,0.0,0.0,0.015884769410014,0.984289626640668,0.0153929601306467,0.8239077899492085,1.0917915876929031e-16,0.9939393820619816,1.000000000000011,0.0001044740005052,0.0,0.73486328125,True,True,False,False,False,False,False,True,False,True,False,True
qpeexact_6_Mutant_Add_ch_P10_Q5_[].qasm,Quratest_20,0.0,0.0,0.1996300862021148,0.8124825451003148,0.194817937170309,0.7252550448448875,0.1115863984655913,0.9324234236576106,0.6290503555490743,0.0442942111835568,0.11083984375,0.802734375,True,True,True,False,True,False,True,True,True,False,True,True
qpeexact_6_Mutant_Add_ch_P10_Q5_[].qasm,PureState_21,0.1026531952368446,0.0,0.0161327802176889,0.9546163588512326,0.0161271150673321,0.8095948219678454,1.249000902703301e-16,0.993939382061982,1.000000000000011,0.0024003558716247,0.0,1.32861328125,True,True,False,False,False,False,False,True,False,True,False,True
qpeexact_6_Mutant_Add_ch_P10_Q5_[].qasm,Quratest_21,1.5524855414945053e-160,0.0,0.0943128941205091,0.8447101189457219,0.0938037301754975,0.752899503992113,0.0659151145780303,0.959308143736004,0.7009083701009398,0.004256852153457,0.0048828125,0.68359375,True,True,False,False,False,False,True,True,True,True,True,True
qpeexact_6_Mutant_Add_ch_P10_Q5_[].qasm,PureState_22,0.2914880461131933,0.0,0.0101917817407263,0.7893311281051785,0.01019083186406,0.7125755480677977,1.6761765586625899e-16,0.927519205537593,0.5000000000000078,0.00723478369303,0.0,0.328125,True,True,False,False,False,False,False,True,True,True,False,False
qpeexact_6_Mutant_Add_ch_P10_Q5_[].qasm,Quratest_22,0.0,0.0,0.4358124108298704,0.8611503114463896,0.4228333885104204,0.7591939938088447,0.5366985210680006,0.9770859880563428,0.0926560290675073,0.0048266048674866,0.33056640625,0.76904296875,True,True,True,False,True,False,True,True,True,True,True,True
qpeexact_6_Mutant_Add_ch_P10_Q5_[].qasm,PureState_23,0.0497671721308491,0.0,0.0180655148255739,0.9910220474695934,0.0180565808661272,0.8284516210780339,1.8908485888147195e-16,0.9958937211130604,1.000000000000011,4.025288730683984e-05,0.0,0.07177734375,True,True,False,False,False,False,False,True,False,True,False,False
qpeexact_6_Mutant_Add_ch_P10_Q5_[].qasm,Quratest_23,0.0,0.0,0.2615517567738829,0.8201887898627879,0.2499861027529308,0.7283159075402069,0.2110208468969132,0.9286579377261988,0.1385965152076307,0.0395351035241676,0.27783203125,0.552734375,True,True,True,False,True,False,True,True,True,False,True,False
qpeexact_6_Mutant_Add_ch_P10_Q5_[].qasm,PureState_24,0.0,0.0,0.5422254715329563,0.998053884106943,0.4654545445692864,0.832137944683297,0.4999999999999995,0.9999953334468634,0.5000000000000085,3.659815520210848e-07,0.35400390625,0.0810546875,True,True,True,False,True,False,True,True,True,True,True,False
qpeexact_6_Mutant_Add_ch_P10_Q5_[].qasm,Quratest_24,0.0,0.0,0.2256987762323914,0.8537711101395851,0.2209831257771806,0.7602231685925126,0.2296122635265266,0.9724859358585368,0.7711119198069314,0.0033784427616475,0.29296875,0.546875,True,True,True,False,True,False,True,True,True,True,True,False
qpeexact_6_Mutant_Add_ch_P10_Q5_[].qasm,PureState_25,0.0,0.0,0.2755848507539918,0.9883943836172464,0.2725375180827196,0.8281953231763717,0.3535533905932736,0.9993045785146708,0.500000000000009,4.613403802313042e-06,0.01123046875,0.63818359375,True,True,True,False,True,False,True,True,True,True,True,True
qpeexact_6_Mutant_Add_ch_P10_Q5_[].qasm,Quratest_25,0.0,0.0,0.1252348955555046,0.966220077444862,0.1241591752045443,0.8169806875750862,0.1431060378842224,0.9923923086448818,0.5591759851041221,9.05293520054008e-05,0.08154296875,0.546875,True,True,False,False,True,False,True,True,True,True,True,False
qpeexact_6_Mutant_Add_ch_P10_Q5_[].qasm,PureState_26,0.0,0.0,0.2834851453738533,0.9818061004857976,0.2802094651719415,0.8223446334055239,0.3535533905932735,0.9993045785146704,0.5000000000000087,1.205835644164924e-05,0.08544921875,0.80517578125,True,True,True,False,True,False,True,True,True,True,True,True
qpeexact_6_Mutant_Add_ch_P10_Q5_[].qasm,Quratest_26,0.0,0.0,0.3413227852158822,0.9698308785875126,0.3356525479388769,0.8178681016897499,0.4337825330662641,0.9957516694720512,0.0525113064587395,5.8132662305762817e-05,0.14111328125,0.8056640625,True,True,True,False,True,False,True,True,True,True,True,True
qpeexact_6_Mutant_Add_ch_P10_Q5_[].qasm,PureState_27,6.504588954752196e-06,0.0,0.0194527581397821,0.5008894818791818,0.0194254508819905,0.4635416417149785,1.5092094240998224e-16,0.8984528369005407,0.5000000000000075,0.0411348401468907,0.0,0.560546875,True,True,False,False,False,False,False,False,True,False,False,False
qpeexact_6_Mutant_Add_ch_P10_Q5_[].qasm,Quratest_27,0.0,0.0,0.492956190970454,0.6307434863228142,0.4781959182026599,0.5690610046008802,0.6171472605997235,0.8967113623922611,0.1927018657377178,0.0209578871852544,0.05810546875,0.65380859375,True,True,True,False,True,False,True,False,True,False,True,True
qpeexact_6_Mutant_Add_ch_P10_Q5_[].qasm,PureState_28,0.0006598195661741,0.0,0.0177395063616691,0.9812418030733336,0.0177376591116315,0.8233315888616913,3.642919299551295e-17,0.9939803278342348,1.000000000000011,0.0001146693767479,0.0,0.6298828125,True,True,False,False,False,False,False,True,False,True,False,True
qpeexact_6_Mutant_Add_ch_P10_Q5_[].qasm,Quratest_28,0.0,0.0,0.3815457390355179,0.8923157653448951,0.3664235235108164,0.7764442046158698,0.3474332373392896,0.96620795613834,0.18081073618044,0.0021935498227453,0.19482421875,0.5517578125,True,True,True,False,True,False,True,True,True,True,True,False
qpeexact_6_Mutant_Add_ch_P10_Q5_[].qasm,PureState_29,,0.0,0.0,0.2155926824249437,0.0,0.1804130895961505,2.6454442440945084e-32,0.1328304784701723,1.000000000000011,0.8671695386859986,0.0,0.35205078125,False,True,False,False,False,False,False,False,False,False,False,False
qpeexact_6_Mutant_Add_ch_P10_Q5_[].qasm,Quratest_29,0.0,0.0,0.4081486675181084,0.8511499539190736,0.3970392620059314,0.7504548910554394,0.4704876465435127,0.9746462737417864,0.0449083758119756,0.0022446099644865,0.0234375,0.4814453125,True,True,True,False,True,False,True,True,True,True,True,False
qpeexact_6_Mutant_Add_ch_P10_Q5_[].qasm,PureState_30,0.0055635665895743,0.0,0.0122484872640917,0.9718971123193004,0.0122470475810566,0.8181525364660596,1.1102230246251563e-16,0.9940209969767112,1.000000000000011,0.000463460512898,0.0,0.0810546875,True,True,False,False,False,False,False,True,False,True,False,False
qpeexact_6_Mutant_Add_ch_P10_Q5_[].qasm,Quratest_30,0.0006842594508316,0.0,0.0221676845536655,0.646709384674943,0.0221662888993786,0.5897027912874708,0.0230191352458341,0.7771570277525841,0.5179240725652636,0.1711876918771375,0.00146484375,0.7021484375,True,True,False,False,False,False,True,False,True,False,True,True
qpeexact_6_Mutant_Add_ch_P10_Q5_[].qasm,PureState_31,0.1573206634130162,0.0,0.008062885032544,0.9555966024640768,0.008062833172361,0.8123945757345882,1.0408340855860844e-16,0.9940209969767112,1.000000000000011,0.0025260422189668,0.0,1.34326171875,True,True,False,False,False,False,False,True,False,True,False,True
qpeexact_6_Mutant_Add_ch_P10_Q5_[].qasm,Quratest_31,0.0,0.0,0.3283753846671913,0.9129237419157792,0.3083620640779798,0.7853564634679133,0.2205612008691789,0.9726649383306348,0.611468699235664,0.0023622457061416,0.0791015625,0.357421875,True,True,True,False,True,False,True,True,True,True,True,False
qpeexact_6_Mutant_Add_ch_P9_Q5_[].qasm,PureState_0,0.0,0.0,0.2754457369696865,0.501518063086108,0.2724499022592462,0.4638140792700661,0.3535533905932735,0.8984528369005402,0.5000000000000081,0.0412841772959293,0.10888671875,0.560546875,True,True,True,False,True,False,True,False,True,False,True,False
qpeexact_6_Mutant_Add_ch_P9_Q5_[].qasm,Quratest_0,0.0,0.0,0.2087340916190567,0.8065175375589823,0.2066408362893783,0.7365847605223437,0.2604358721110731,0.9658296303129528,0.7294793062811128,0.0039965067258822,0.23583984375,0.26708984375,True,True,True,False,True,False,True,True,True,True,True,False
qpeexact_6_Mutant_Add_ch_P9_Q5_[].qasm,PureState_1,0.0,0.0,0.1964696009025724,0.9946366297207642,0.192366526490368,0.8304281413898706,0.2309698831278216,0.999304687884348,0.5000000000000082,9.186005078434372e-07,0.00537109375,0.625,True,True,True,False,True,False,True,True,True,True,True,True
qpeexact_6_Mutant_Add_ch_P9_Q5_[].qasm,Quratest_1,0.0,0.0,0.2670136529663885,0.7962828396465784,0.2626787806547691,0.7156918310892904,0.2440292666999483,0.9346534963338596,0.4834673738195073,0.0201410339110521,0.1552734375,0.8740234375,True,True,True,False,True,False,True,True,True,False,True,True
qpeexact_6_Mutant_Add_ch_P9_Q5_[].qasm,PureState_2,0.0,0.0,0.3856802638335179,0.9876751933086344,0.3703243481983223,0.8275584045248611,0.4223115993103662,0.9993045785146708,0.500000000000009,4.612078220217712e-06,0.0859375,0.63818359375,True,True,True,False,True,False,True,True,True,True,True,True
qpeexact_6_Mutant_Add_ch_P9_Q5_[].qasm,Quratest_2,0.0,0.0,0.2541771126420439,0.8164341117099861,0.2462417796630038,0.7250459713768564,0.2337721654613929,0.9358433433430764,0.3669146729726649,0.0352485328350706,0.021484375,0.6708984375,True,True,True,False,True,False,True,True,True,False,True,True
qpeexact_6_Mutant_Add_ch_P9_Q5_[].qasm,PureState_3,0.0,0.0,0.2714245548887019,0.9133532611298032,0.2685567500073047,0.7925840039128038,0.3535533905932735,0.9951687180558676,0.5000000000000085,0.0004231288004817,0.125,0.98828125,True,True,True,False,True,False,True,True,True,True,True,True
qpeexact_6_Mutant_Add_ch_P9_Q5_[].qasm,Quratest_3,0.0,0.0,0.2973436263173838,0.9110554364272287,0.292859497840297,0.7859390305439408,0.3611807295970948,0.976700470473108,0.2592992566152492,0.0028938594843718,0.31005859375,0.5126953125,True,True,True,False,True,False,True,True,True,True,True,False
qpeexact_6_Mutant_Add_ch_P9_Q5_[].qasm,PureState_4,0.0,0.0,0.2774197098957026,0.8583015448729746,0.2742942906808897,0.7652823014412299,0.3535533905932735,0.9817123933687778,0.5000000000000084,0.0019204983906613,0.15283203125,0.71044921875,True,True,True,False,True,False,True,True,True,True,True,True
qpeexact_6_Mutant_Add_ch_P9_Q5_[].qasm,Quratest_4,0.0,0.0,0.1805998625407124,0.9031818224200456,0.1792340633644428,0.7821657520965236,0.1955438785807146,0.9745090199768852,0.7299901997315719,0.0018756964009356,0.0009765625,0.642578125,True,True,True,False,True,False,True,True,True,True,True,True
qpeexact_6_Mutant_Add_ch_P9_Q5_[].qasm,PureState_5,0.0,0.0,0.3877519879284394,0.946342016503852,0.371840096058926,0.8078215640382079,0.4223115993103664,0.999304578514671,0.5000000000000085,0.0002778874698897,0.0537109375,0.67626953125,True,True,True,False,True,False,True,True,True,True,True,True
qpeexact_6_Mutant_Add_ch_P9_Q5_[].qasm,Quratest_5,0.0,0.0,0.1783835817214888,0.8599981886160976,0.1745916709157287,0.760111576397044,0.1288326760249104,0.9565595274927357,0.2408474455475628,0.0131492564488146,0.091796875,0.68701171875,True,True,True,False,True,False,True,True,True,True,True,True
qpeexact_6_Mutant_Add_ch_P9_Q5_[].qasm,PureState_6,0.0,0.0,0.0181521668306608,0.9905759656921078,0.0177215274831655,0.8295853268624042,1.9978966126887182e-16,0.9998110891985442,1.000000000000011,5.305763429374819e-06,0.0,1.173828125,True,True,False,False,False,False,False,True,False,True,False,True
qpeexact_6_Mutant_Add_ch_P9_Q5_[].qasm,Quratest_6,0.0,0.0,0.222649095069023,0.616342306163368,0.2158586838909529,0.5454303843941948,0.1660552256081207,0.6631331015514823,0.8653158416285136,0.2767292622067422,0.03564453125,0.4072265625,True,True,True,False,True,False,True,False,True,False,True,False
qpeexact_6_Mutant_Add_ch_P9_Q5_[].qasm,PureState_7,0.0035135620054209,0.0,0.0208905535292736,0.9895944253024708,0.0205155466815843,0.8292313831886067,1.1179140837862256e-16,0.9998110891985442,1.000000000000011,5.2850547331890955e-06,0.0,1.173828125,True,True,False,False,False,False,False,True,False,True,False,True
qpeexact_6_Mutant_Add_ch_P9_Q5_[].qasm,Quratest_7,0.0,0.0,0.2313811172867325,0.9174998127836882,0.2282311520553064,0.7919095457333385,0.2411914527540755,0.9892623889795163,0.6254140694086552,0.0004184941026326,0.0498046875,0.65185546875,True,True,True,False,True,False,True,True,True,True,True,True
qpeexact_6_Mutant_Add_ch_P9_Q5_[].qasm,PureState_8,0.0,0.0,0.3817656893034678,0.9923764924599722,0.3658129566875513,0.8301458732784441,0.4223115993103662,0.9998253413384636,0.500000000000009,9.78457144353663e-07,0.0927734375,0.45947265625,True,True,True,False,True,False,True,True,True,True,True,False
qpeexact_6_Mutant_Add_ch_P9_Q5_[].qasm,Quratest_8,0.0,0.0,0.3774537109154226,0.9298589313878294,0.3580742917519687,0.7942921411231795,0.3899962347021632,0.9800780927444922,0.0020842224751873,0.0004602136812967,0.39306640625,0.583984375,True,True,True,False,True,False,True,True,True,True,True,False
qpeexact_6_Mutant_Add_ch_P9_Q5_[].qasm,PureState_9,0.3952029112910117,0.0,0.0095882798048176,0.9543743448234852,0.0095878895591244,0.8101061665808372,1.1449174941446927e-16,0.9939803278342346,1.000000000000011,0.0024252216545552,0.0,0.630859375,False,True,False,False,False,False,False,True,False,True,False,True
qpeexact_6_Mutant_Add_ch_P9_Q5_[].qasm,Quratest_9,0.0,0.0,0.4325530209626347,0.8554743459554953,0.4179767375409319,0.7521919422637307,0.5120563579013623,0.9627906781054858,0.0763074995658469,0.0034474111874087,0.26513671875,0.85107421875,True,True,True,False,True,False,True,True,True,True,True,True
qpeexact_6_Mutant_Add_ch_P9_Q5_[].qasm,PureState_10,0.0983975733767904,0.0,0.0087039942211303,0.9503374162973796,0.0087034159858277,0.8083780792805315,5.551115123125783e-17,0.994020996976712,1.000000000000011,0.0025206137156932,0.0,1.34326171875,True,True,False,False,False,False,False,True,False,True,False,True
qpeexact_6_Mutant_Add_ch_P9_Q5_[].qasm,Quratest_10,0.0,0.0,0.2599057617763881,0.8161931423501797,0.2517741078023322,0.7339478201415462,0.2587513603157739,0.9554030226227206,0.4367207784651951,0.0103590582596047,0.1298828125,0.5380859375,True,True,True,False,True,False,True,True,True,True,True,False
qpeexact_6_Mutant_Add_ch_P9_Q5_[].qasm,PureState_11,0.0246089847415386,0.0,0.0186798815986123,0.9869735131887584,0.0182586610625385,0.8285130761530195,1.5749222401478108e-16,0.9970910946110924,1.000000000000011,3.207632953230459e-05,0.0,0.1552734375,True,True,False,False,False,False,False,True,False,True,False,False
qpeexact_6_Mutant_Add_ch_P9_Q5_[].qasm,Quratest_11,0.0,0.0,0.3444624776070369,0.9102885998377088,0.3339018632400819,0.7885909804080091,0.3692414334520048,0.9810372167155844,0.4673240676762073,0.0008667176228708,0.08349609375,0.5869140625,True,True,True,False,True,False,True,True,True,True,True,False
qpeexact_6_Mutant_Add_ch_P9_Q5_[].qasm,PureState_12,0.0,0.0,0.5418528722887703,1.0,0.4650965793127036,0.8325546111576978,0.4999999999999996,0.9999953649742797,0.500000000000009,2.317559570059522e-06,0.46923828125,0.63525390625,True,True,True,False,True,False,True,True,True,True,True,True
qpeexact_6_Mutant_Add_ch_P9_Q5_[].qasm,Quratest_12,1.6354973524011332e-30,0.0,0.0513458491185665,0.8847743485632855,0.0512176928296277,0.7743948049859876,0.0320559041613136,0.9681780406995936,0.7786569034591375,0.0062657389731724,0.0048828125,1.046875,True,True,False,False,False,False,True,True,True,True,True,True
qpeexact_6_Mutant_Add_ch_P9_Q5_[].qasm,PureState_13,0.0781064077441837,0.0,0.0091318064188553,0.9977726599319818,0.0091314419807391,0.8319782425245625,3.8163916471489756e-16,0.9999953334468628,0.500000000000009,3.6174455148822545e-07,0.0,0.0810546875,True,True,False,False,False,False,False,True,True,True,False,False
qpeexact_6_Mutant_Add_ch_P9_Q5_[].qasm,Quratest_13,0.0,0.0,0.4107775489222326,0.9545531775550276,0.3837013577448031,0.8117535060251965,0.3787390575363319,0.9884865990542394,0.013186853867925,0.0002508206367781,0.57080078125,0.51025390625,True,True,True,False,True,False,True,True,True,True,True,False
qpeexact_6_Mutant_Add_ch_P9_Q5_[].qasm,PureState_14,0.1967270220480745,0.0,0.0104255760939667,0.9874133113343718,0.0104149062648448,0.828694733676002,5.963111948670273e-17,0.9970919135931804,1.000000000000011,3.721257042191997e-05,0.0,0.66748046875,True,True,False,False,False,False,False,True,False,True,False,True
qpeexact_6_Mutant_Add_ch_P9_Q5_[].qasm,Quratest_14,0.0,0.0,0.1189540450380355,0.849026347544907,0.1178900704649204,0.7490043380941159,0.0861609018859927,0.9618199665957564,0.7935481816607053,0.0028073364195834,0.00927734375,0.56494140625,True,True,False,False,True,False,True,True,True,True,True,False
qpeexact_6_Mutant_Add_ch_P9_Q5_[].qasm,PureState_15,0.3191040324428576,0.0,0.0140148700744824,0.9921053446285144,0.0140002137766944,0.8301363336501594,1.1497964039208775e-16,0.9991611559915962,1.000000000000011,9.227495978640734e-06,0.0,1.15478515625,False,True,False,False,False,False,False,True,False,True,False,True
qpeexact_6_Mutant_Add_ch_P9_Q5_[].qasm,Quratest_15,0.0,0.0,0.3327797873380102,0.98104249075614,0.3168257358293581,0.8221923899096133,0.3190518446525004,0.9932245941506312,0.3727420297305208,8.563441044602279e-05,0.314453125,0.85498046875,True,True,True,False,True,False,True,True,True,True,True,True
qpeexact_6_Mutant_Add_ch_P9_Q5_[].qasm,PureState_16,0.0032782391259287,0.0,0.0191086508700105,0.9818509513887944,0.0190578003781487,0.8221283175828883,2.283871876340715e-16,0.993939382061982,1.000000000000011,0.0001046994739832,0.0,0.73486328125,True,True,False,False,False,False,False,True,False,True,False,True
qpeexact_6_Mutant_Add_ch_P9_Q5_[].qasm,Quratest_16,0.0,0.0,0.2008897913533294,0.8841405369662829,0.1988478982698072,0.7662633921369716,0.1914574603281273,0.9694842860885148,0.1053404024157842,0.0020960421881236,0.0078125,0.5556640625,True,True,True,False,True,False,True,True,True,True,True,False
qpeexact_6_Mutant_Add_ch_P9_Q5_[].qasm,PureState_17,0.0,0.0,0.5320357759047818,0.991301917643818,0.4562190271535855,0.8317333700469753,0.4999999999999994,0.999995395678544,0.5000000000000089,4.604387283200929e-06,0.49462890625,1.64794921875,True,True,True,False,True,False,True,True,True,True,True,True
qpeexact_6_Mutant_Add_ch_P9_Q5_[].qasm,Quratest_17,0.0,0.0,0.0943296039037586,0.8463567211591125,0.0927288882808649,0.7530045104737574,0.1001135157986952,0.9627185573618008,0.5443733328155912,0.0058315856822483,0.03076171875,0.67431640625,True,True,False,False,False,False,True,True,True,True,True,True
qpeexact_6_Mutant_Add_ch_P9_Q5_[].qasm,PureState_18,0.0,0.0,0.2005305926710013,0.9740312909221396,0.1951322484471112,0.8168458714085751,0.2309698831278215,0.9993045785146704,0.5000000000000085,4.868978094522869e-05,0.0556640625,0.6357421875,True,True,True,False,True,False,True,True,True,True,True,True
qpeexact_6_Mutant_Add_ch_P9_Q5_[].qasm,Quratest_18,0.0,0.0,0.3290796272553499,0.9256711190840132,0.3077777749513307,0.7980094735165768,0.301675552938807,0.9845081982997156,0.0442693619495041,0.000666121115011,0.08544921875,0.40234375,True,True,True,False,True,False,True,True,True,True,True,False
qpeexact_6_Mutant_Add_ch_P9_Q5_[].qasm,PureState_19,0.0005135422180002,0.0,0.017561237257597,0.981104931782854,0.0175576824622198,0.8233534044458369,2.584737979205442e-16,0.9939803278342344,1.000000000000011,0.000115123591168,0.0,0.6298828125,True,True,False,False,False,False,False,True,False,True,False,True
qpeexact_6_Mutant_Add_ch_P9_Q5_[].qasm,Quratest_19,2.0796005111761543e-48,0.0,0.0591023480659868,0.899769594943256,0.058527651971362,0.7850213382430756,0.0469522361534571,0.9758564478798936,0.9233874851738492,0.0067529068049656,0.009765625,0.478515625,True,True,False,False,False,False,True,True,True,True,True,False
qpeexact_6_Mutant_Add_ch_P9_Q5_[].qasm,PureState_20,0.0,0.0,0.0160575716755215,0.9830582858879175,0.0155699035036292,0.8229491256463486,1.4924042904262966e-16,0.993939382061982,1.000000000000011,0.0001044740005052,0.0,0.73486328125,True,True,False,False,False,False,False,True,False,True,False,True
qpeexact_6_Mutant_Add_ch_P9_Q5_[].qasm,Quratest_20,2.4376502643633062e-284,0.0,0.1223581110344522,0.8107354982677983,0.1187228133688976,0.7238729580487419,0.0573397732987719,0.9324234236576106,0.5269865877474277,0.0442942111835568,0.00146484375,0.802734375,True,True,False,False,True,False,True,True,True,False,True,True
qpeexact_6_Mutant_Add_ch_P9_Q5_[].qasm,PureState_21,0.0014371692115497,0.0,0.0215402080850414,0.9522460088217544,0.021516246459158,0.80836816195185,7.589415207398531e-17,0.9939393820619826,1.000000000000011,0.0024003558716247,0.0,1.32861328125,True,True,False,False,False,False,False,True,False,True,False,True
qpeexact_6_Mutant_Add_ch_P9_Q5_[].qasm,Quratest_21,1.7167418476676787e-218,0.0,0.0944715317210629,0.8418572764549236,0.0933755910287404,0.750663975472653,0.0661540369434592,0.9593081437360036,0.7434670321195374,0.004256852153457,0.03125,0.68359375,True,True,False,False,False,False,True,True,True,True,True,True
qpeexact_6_Mutant_Add_ch_P9_Q5_[].qasm,PureState_22,0.0,0.0,0.283722615486887,0.7951372134199007,0.2804403065491305,0.7158497461200903,0.3535533905932734,0.9275192055375928,0.5000000000000079,0.0072347836930299,0.12353515625,0.328125,True,True,True,False,True,False,True,True,True,True,True,False
qpeexact_6_Mutant_Add_ch_P9_Q5_[].qasm,Quratest_22,0.0,0.0,0.2204994409305193,0.857015631256068,0.2166793030734106,0.7571944862889629,0.2463518306707995,0.9770859880563424,0.7761060675962962,0.0048266048674866,0.1923828125,0.76904296875,True,True,True,False,True,False,True,True,True,True,True,True
qpeexact_6_Mutant_Add_ch_P9_Q5_[].qasm,PureState_23,0.2062868532309318,0.0,0.0148551405924422,0.9940772110600884,0.0148451168077643,0.8287047135041711,1.93421667571414e-16,0.9958937211130606,1.000000000000011,4.025288730683897e-05,0.0,0.07177734375,True,True,False,False,False,False,False,True,False,True,False,False
qpeexact_6_Mutant_Add_ch_P9_Q5_[].qasm,Quratest_23,0.0,0.0,0.4443275621481946,0.8195841447161745,0.4253788182633908,0.7285955517184127,0.4261351283680673,0.9286579377261988,0.3742167205265488,0.0395351035241675,0.0205078125,0.552734375,True,True,True,False,True,False,True,True,True,False,True,False
qpeexact_6_Mutant_Add_ch_P9_Q5_[].qasm,PureState_24,0.3198505826488333,0.0,0.0065296992730542,0.997615982049247,0.0065294519832323,0.8319660263320057,2.220446049250313e-16,0.9999953334468628,0.5000000000000089,3.659815520210906e-07,0.0,0.0810546875,False,True,False,False,False,False,False,True,True,True,False,False
qpeexact_6_Mutant_Add_ch_P9_Q5_[].qasm,Quratest_24,0.0,0.0,0.3915219585416507,0.8544128178096566,0.3782674614124324,0.7608804648956934,0.3905783697914373,0.9724859358585368,0.001678577797341,0.0033784427616475,0.203125,0.546875,True,True,True,False,True,False,True,True,True,True,True,False
qpeexact_6_Mutant_Add_ch_P9_Q5_[].qasm,PureState_25,0.0,0.0,0.3876255085267652,0.9872726144546236,0.3710313361604707,0.8277157373249087,0.4223115993103664,0.9993045785146708,0.5000000000000085,4.613403802313042e-06,0.0859375,0.63818359375,True,True,True,False,True,False,True,True,True,True,True,True
qpeexact_6_Mutant_Add_ch_P9_Q5_[].qasm,Quratest_25,0.0,0.0,0.5430459021383169,0.9662576226058638,0.5161122052559984,0.8166678020456063,0.6194408583265086,0.992392308644882,0.0069699164466993,9.052935200539915e-05,0.00341796875,0.546875,True,True,True,False,True,False,True,True,True,True,True,False
qpeexact_6_Mutant_Add_ch_P9_Q5_[].qasm,PureState_26,0.0,0.0,0.3766169261920603,0.9847177837422202,0.3613368174847234,0.82383181250249,0.4223115993103663,0.9993045785146708,0.5000000000000085,1.2058356441649258e-05,0.0751953125,0.80517578125,True,True,True,False,True,False,True,True,True,True,True,True
qpeexact_6_Mutant_Add_ch_P9_Q5_[].qasm,Quratest_26,0.0,0.0,0.1760339854494088,0.9697215618473914,0.1697589013913073,0.8183672816789302,0.1313779666392162,0.9957516694720512,0.2502695213972942,5.81326623057612e-05,0.06103515625,0.8056640625,True,True,True,False,True,False,True,True,True,True,True,True
qpeexact_6_Mutant_Add_ch_P9_Q5_[].qasm,PureState_27,0.0,0.0,0.2748413177882465,0.500202330124307,0.2719030730425017,0.4626733976332205,0.3535533905932735,0.8984528369005401,0.5000000000000075,0.0411348401468907,0.10888671875,0.560546875,True,True,True,False,True,False,True,False,True,False,True,False
qpeexact_6_Mutant_Add_ch_P9_Q5_[].qasm,Quratest_27,0.0,0.0,0.4677440253913886,0.6339530091652751,0.4473299610554224,0.5735164205165263,0.5441790496143293,0.8967113623922607,0.0395767781547195,0.0209578871852543,0.04736328125,0.65380859375,True,True,True,False,True,False,True,False,True,False,True,True
qpeexact_6_Mutant_Add_ch_P9_Q5_[].qasm,PureState_28,0.0441239796676702,0.0,0.013379881816068,0.9873766536356526,0.0133784052118609,0.8240823196684949,1.3357370765021415e-16,0.9939803278342348,1.000000000000011,0.0001146693767479,0.0,0.6298828125,True,True,False,False,False,False,False,True,False,True,False,True
qpeexact_6_Mutant_Add_ch_P9_Q5_[].qasm,Quratest_28,0.0,0.0,0.2182025101519538,0.8903721213872556,0.2138358136114828,0.7765128924184171,0.1705302135187058,0.9662079561383392,0.3102212199258911,0.0021935498227453,0.0458984375,0.5517578125,True,True,True,False,True,False,True,True,True,True,True,False
qpeexact_6_Mutant_Add_ch_P9_Q5_[].qasm,PureState_29,,0.0,0.0,0.2076778825189267,0.0,0.1737261158094119,2.5974684499831466e-32,0.1328304784701718,1.000000000000011,0.8671695386859994,0.0,0.35205078125,False,True,False,False,False,False,False,False,False,False,False,False
qpeexact_6_Mutant_Add_ch_P9_Q5_[].qasm,Quratest_29,0.0,0.0,0.2667733367613622,0.8573469937739225,0.2631301456858397,0.752757329373471,0.308725502451977,0.9746462737417868,0.2764598497966313,0.0022446099644865,0.00732421875,0.4814453125,True,True,True,False,True,False,True,True,True,True,True,False
qpeexact_6_Mutant_Add_ch_P9_Q5_[].qasm,PureState_30,0.0184372728026008,0.0,0.0111067966130533,0.9752606823998118,0.0111063934957538,0.8205636926547031,1.1102230246251563e-16,0.9940209969767112,1.000000000000011,0.000463460512898,0.0,0.0810546875,True,True,False,False,False,False,False,True,False,True,False,False
qpeexact_6_Mutant_Add_ch_P9_Q5_[].qasm,Quratest_30,2.285617362241925e-99,0.0,0.0756295329038394,0.6523501511816573,0.0753422943628493,0.5947273627535636,0.0452972970981801,0.7771570277525839,0.9679543256812274,0.1711876918771377,0.01416015625,0.7021484375,True,True,False,False,False,False,True,False,True,False,True,True
qpeexact_6_Mutant_Add_ch_P9_Q5_[].qasm,PureState_31,0.5810650330976916,0.0,0.0049288860546141,0.953808949415005,0.0049288459273793,0.8109017507409514,7.63278329429795e-17,0.9940209969767112,1.000000000000011,0.0025260422189668,0.0,1.34326171875,False,True,False,False,False,False,False,True,False,True,False,True
qpeexact_6_Mutant_Add_ch_P9_Q5_[].qasm,Quratest_31,2.022883920078348e-06,0.0,0.0309532723451277,0.9142584832788886,0.0309112516970487,0.7852851792761587,0.0067481741381606,0.9726649383306348,0.2346722957255667,0.0023622457061416,0.00244140625,0.357421875,True,True,False,False,False,False,True,True,True,True,True,False
qpeexact_6_Mutant_Add_cz_P18_Q3_[].qasm,PureState_0,0.0908549785534713,0.0,0.0125312587823338,0.4980636022692824,0.0125305976116271,0.462196679818435,2.836603657740463e-33,0.8984528369005402,1.0000000000000098,0.0412841772959293,0.0,0.560546875,True,True,False,False,False,False,False,False,False,False,False,False
qpeexact_6_Mutant_Add_cz_P18_Q3_[].qasm,Quratest_0,0.0,0.0,0.1580961901647357,0.8079435219238582,0.1444626514754738,0.7361492294110434,0.0379386378815892,0.965829630312953,0.9212762656741792,0.0039965067258823,0.02978515625,0.26708984375,True,True,True,False,True,False,True,True,True,True,True,False
qpeexact_6_Mutant_Add_cz_P18_Q3_[].qasm,PureState_1,0.0,0.0,0.3912964283630415,0.9932790503704249,0.3730805609106417,0.8297391084724878,0.4619397662556433,0.9993046878843485,3.906878273462276e-16,9.18600507843436e-07,0.0029296875,0.625,True,True,True,False,True,False,True,True,True,True,True,True
qpeexact_6_Mutant_Add_cz_P18_Q3_[].qasm,Quratest_1,0.0,0.0,0.1930259117993024,0.7958573214367314,0.1893361625721477,0.7149638039618355,0.1201101931165267,0.93465349633386,0.4137081187393844,0.0201410339110521,0.10205078125,0.8740234375,True,True,True,False,True,False,True,True,True,False,True,True
qpeexact_6_Mutant_Add_cz_P18_Q3_[].qasm,PureState_2,0.0,0.0,0.7317520492243109,0.9878911961154548,0.6801586477746306,0.827954912665926,0.844623198620733,0.9993045785146708,3.974494898209038e-16,4.61207822021771e-06,0.1787109375,0.63818359375,True,True,True,False,True,False,True,True,True,True,True,True
qpeexact_6_Mutant_Add_cz_P18_Q3_[].qasm,Quratest_2,0.0,0.0,0.327259206144888,0.8207084958267957,0.3173779129847897,0.7272464008081765,0.3234803191156795,0.9358433433430768,0.1805674420088626,0.0352485328350707,0.07421875,0.6708984375,True,True,True,False,True,False,True,True,True,False,True,True
qpeexact_6_Mutant_Add_cz_P18_Q3_[].qasm,PureState_3,0.274572894336468,0.0,0.0109774932433812,0.9140286229562168,0.0109691908524524,0.7923396370422391,1.8521815956281448e-33,0.9951687180558676,1.000000000000011,0.0004231288004817,0.0,0.98828125,True,True,False,False,False,False,False,True,False,True,False,True
qpeexact_6_Mutant_Add_cz_P18_Q3_[].qasm,Quratest_3,1.9514071368788812e-11,0.0,0.0318904871209653,0.911084367156026,0.0318787435025298,0.7861449795701602,5.861172945822758e-29,0.976700470473108,1.000000000000011,0.0028938594843718,0.0,0.5126953125,True,True,False,False,False,False,False,True,False,True,False,False
qpeexact_6_Mutant_Add_cz_P18_Q3_[].qasm,PureState_4,0.0662384456919897,0.0,0.0133727199469956,0.8599219306687327,0.0133670564854951,0.7667209895662481,1.8261939098064128e-33,0.981712393368778,1.000000000000011,0.0019204983906613,0.0,0.71044921875,True,True,False,False,False,False,False,True,False,True,False,True
qpeexact_6_Mutant_Add_cz_P18_Q3_[].qasm,Quratest_4,0.0,0.0,0.1594619832239501,0.9005416099067668,0.1590079078088104,0.7807514397791407,0.1924462034289049,0.9745090199768852,0.9118969422323026,0.0018756964009356,0.00341796875,0.642578125,True,True,True,False,True,False,True,True,True,True,True,True
qpeexact_6_Mutant_Add_cz_P18_Q3_[].qasm,PureState_5,0.0,0.0,0.7379848914174589,0.950399542013416,0.6848874852618434,0.8099554242769998,0.844623198620733,0.999304578514671,3.965197859819126e-16,0.0002778874698897,0.12890625,0.67626953125,True,True,True,False,True,False,True,True,True,True,True,True
qpeexact_6_Mutant_Add_cz_P18_Q3_[].qasm,Quratest_5,3.52847222881485e-225,0.0,0.1175299140631574,0.8629874927795214,0.1170869128142563,0.7604879186236684,0.1191565177428007,0.9565595274927357,0.0264039827717164,0.0131492564488146,0.1015625,0.68701171875,True,True,False,False,False,False,True,True,True,True,True,True
qpeexact_6_Mutant_Add_cz_P18_Q3_[].qasm,PureState_6,0.0,0.0,0.3911025305321375,0.99428862663357,0.3729882214888052,0.830597726130387,0.4619397662556433,0.9998110891985444,3.8294802638651583e-16,5.305763429374878e-06,0.01904296875,1.173828125,True,True,True,False,True,False,True,True,True,True,True,True
qpeexact_6_Mutant_Add_cz_P18_Q3_[].qasm,Quratest_6,0.0,0.0,0.5368372610746452,0.619532644585431,0.4998486255736157,0.5463515964615235,0.4601032268839459,0.663133101551482,0.3582738107570936,0.276729262206742,0.0458984375,0.4072265625,True,True,True,False,True,False,True,False,True,False,True,False
qpeexact_6_Mutant_Add_cz_P18_Q3_[].qasm,PureState_7,0.0,0.0,0.3916905057749064,0.9950163774583672,0.3753757934828631,0.8310331095002272,0.4619397662556432,0.9998110891985442,3.591020756333107e-16,5.285054733189069e-06,0.01904296875,1.173828125,True,True,True,False,True,False,True,True,True,True,True,True
qpeexact_6_Mutant_Add_cz_P18_Q3_[].qasm,Quratest_7,0.0,0.0,0.1619125363364715,0.9160405332297072,0.1588246107070744,0.7906244704603093,0.0999334135301024,0.9892623889795168,0.5115371223242487,0.0004184941026326,0.005859375,0.65185546875,True,True,True,False,True,False,True,True,True,True,True,True
qpeexact_6_Mutant_Add_cz_P18_Q3_[].qasm,PureState_8,0.0,0.0,0.7301965055094553,0.9942457052862056,0.6786824672232163,0.8309944811269896,0.844623198620733,0.9998253413384638,3.958395907686683e-16,9.784571443536617e-07,0.1787109375,0.45947265625,True,True,True,False,True,False,True,True,True,True,True,False
qpeexact_6_Mutant_Add_cz_P18_Q3_[].qasm,Quratest_8,0.0,0.0,0.2753598770419372,0.9275244525261884,0.2651202037166005,0.7929730681922785,0.2737183555671016,0.9800780927444928,0.3020627122329938,0.0004602136812967,0.044921875,0.583984375,True,True,True,False,True,False,True,True,True,True,True,False
qpeexact_6_Mutant_Add_cz_P18_Q3_[].qasm,PureState_9,0.0271955527390078,0.0,0.0144981753206878,0.9523045763595902,0.0144946696152445,0.8089340133344192,1.731996708606082e-33,0.9939803278342348,1.000000000000011,0.0024252216545552,0.0,0.630859375,True,True,False,False,False,False,False,True,False,True,False,True
qpeexact_6_Mutant_Add_cz_P18_Q3_[].qasm,Quratest_9,0.0,0.0,0.2303306650883503,0.8560382442754478,0.2170099843473428,0.7516179507008804,0.1062310741017596,0.9627906781054858,0.7524023257711623,0.0034474111874087,0.01318359375,0.85107421875,True,True,True,False,True,False,True,True,True,True,True,True
qpeexact_6_Mutant_Add_cz_P18_Q3_[].qasm,PureState_10,0.2153033264567505,0.0,0.0073984502127284,0.9519103143347616,0.0073981950145757,0.8095573485731024,1.7319967086060826e-33,0.9940209969767116,1.000000000000011,0.0025206137156932,0.0,1.34326171875,True,True,False,False,False,False,False,True,False,True,False,True
qpeexact_6_Mutant_Add_cz_P18_Q3_[].qasm,Quratest_10,0.0,0.0,0.0276186657358747,0.8187207004084857,0.0252658226083009,0.7340934845286267,0.0007728820581628,0.9554030226227206,0.9997411197852591,0.0103590582596047,0.001953125,0.5380859375,True,True,False,False,False,False,True,True,True,True,True,False
qpeexact_6_Mutant_Add_cz_P18_Q3_[].qasm,PureState_11,0.0,0.0,0.3971334894176877,0.986752097302652,0.3784475854203461,0.8281560985898072,0.4619397662556433,0.9970910946110926,3.888395086942053e-16,3.207632953230463e-05,0.02001953125,0.1552734375,True,True,True,False,True,False,True,True,True,True,True,False
qpeexact_6_Mutant_Add_cz_P18_Q3_[].qasm,Quratest_11,0.0,0.0,0.3555050454246699,0.9104829635150492,0.3392701823455401,0.7882643244407891,0.3202610663072358,0.981037216715586,0.2198489881341374,0.0008667176228708,0.0576171875,0.5869140625,True,True,True,False,True,False,True,True,True,True,True,False
qpeexact_6_Mutant_Add_cz_P18_Q3_[].qasm,PureState_12,0.0891298447048922,0.0,0.0060105665475658,0.99291301790149,0.0060105484494837,0.8315776820501822,2.737358672628918e-33,0.9999953649742797,1.000000000000012,2.31755957005952e-06,0.0,0.63525390625,True,True,False,False,False,False,False,True,False,True,False,True
qpeexact_6_Mutant_Add_cz_P18_Q3_[].qasm,Quratest_12,9.12349966858232e-110,0.0,0.0848726011206917,0.8885277482728122,0.0845847216828583,0.7774033050435095,0.060632218613704,0.968178040699594,0.1521689459158526,0.0062657389731724,0.005859375,1.046875,True,True,False,False,False,False,True,True,True,True,True,True
qpeexact_6_Mutant_Add_cz_P18_Q3_[].qasm,PureState_13,0.3348795841542163,0.0,0.0064171142973647,0.9987146506806972,0.0064168517276007,0.8323295805800264,1.762182725808969e-33,0.999995333446863,1.0000000000000115,3.6174455148822545e-07,0.0,0.0810546875,False,True,False,False,False,False,False,True,False,True,False,False
qpeexact_6_Mutant_Add_cz_P18_Q3_[].qasm,Quratest_13,0.0,0.0,0.3863933921734811,0.9574580038624813,0.3706230307907218,0.8138398594264498,0.4749843012634092,0.9884865990542396,0.0007799875542223,0.0002508206367781,0.43505859375,0.51025390625,True,True,True,False,True,False,True,True,True,True,True,False
qpeexact_6_Mutant_Add_cz_P18_Q3_[].qasm,PureState_14,2.7310894484205724e-08,0.0,0.0205189979022664,0.9897327268243724,0.0204073573726965,0.8292567245322067,1.731996708606083e-33,0.9970919135931806,1.000000000000011,3.7212570421919737e-05,0.0,0.66748046875,True,True,False,False,False,False,False,True,False,True,False,True
qpeexact_6_Mutant_Add_cz_P18_Q3_[].qasm,Quratest_14,0.0,0.0,0.2098265518221622,0.8540485773583444,0.2035680973736374,0.750645352300398,0.1692975729670421,0.961819966595756,0.3206257458477096,0.0028073364195834,0.046875,0.56494140625,True,True,True,False,True,False,True,True,True,True,True,False
qpeexact_6_Mutant_Add_cz_P18_Q3_[].qasm,PureState_15,0.0,0.0,0.3855070422526485,0.9937779739062385,0.3677198737046767,0.8302872427070808,0.4619397662556432,0.999161155991596,4.132924705652238e-16,9.22749597864062e-06,0.01904296875,1.15478515625,True,True,True,False,True,False,True,True,True,True,True,True
qpeexact_6_Mutant_Add_cz_P18_Q3_[].qasm,Quratest_15,0.0,0.0,0.4957309964868361,0.9807412923162968,0.469458654574969,0.8219059413226266,0.5971115121241065,0.9932245941506316,0.0042682539464598,8.563441044602188e-05,0.54736328125,0.85498046875,True,True,True,False,True,False,True,True,True,True,True,True
qpeexact_6_Mutant_Add_cz_P18_Q3_[].qasm,PureState_16,0.0,0.0,0.7280831969494567,0.9847335984555486,0.6780285631434403,0.8239776258803011,0.8446231986207331,0.9939393820619816,4.010789588316805e-16,0.0001046994739832,0.59375,0.73486328125,True,True,True,False,True,False,True,True,True,True,True,True
qpeexact_6_Mutant_Add_cz_P18_Q3_[].qasm,Quratest_16,3.8820399631347985e-155,0.0,0.0978014386003986,0.8855592637436148,0.0971452596588654,0.7678566302113666,0.0687095036886548,0.9694842860885144,0.277386165540423,0.0020960421881236,0.01513671875,0.5556640625,True,True,False,False,False,False,True,True,True,True,True,False
qpeexact_6_Mutant_Add_cz_P18_Q3_[].qasm,PureState_17,,0.0,0.0,0.9887564514201672,0.0,0.8312622284547,2.9799615111595356e-33,0.9999953956785432,1.000000000000011,4.604387283200954e-06,0.0,1.64794921875,False,True,False,False,False,False,False,True,False,True,False,True
qpeexact_6_Mutant_Add_cz_P18_Q3_[].qasm,Quratest_17,0.0,0.0,0.0411987502822854,0.8501670616882225,0.0376688041195129,0.7547322431217348,0.0008448946502451,0.9627185573618008,0.998065747098552,0.0058315856822483,0.00048828125,0.67431640625,True,True,False,False,False,False,True,True,True,True,True,True
qpeexact_6_Mutant_Add_cz_P18_Q3_[].qasm,PureState_18,0.0,0.0,0.3897574449817812,0.9753811854330584,0.3725996802041409,0.8178023670358489,0.4619397662556431,0.9993045785146708,3.7334761618039834e-16,4.8689780945228706e-05,0.05517578125,0.6357421875,True,True,True,False,True,False,True,True,True,True,True,True
qpeexact_6_Mutant_Add_cz_P18_Q3_[].qasm,Quratest_18,0.0,0.0,0.4574480511010084,0.9187236735424512,0.4249992403681739,0.7947266592927098,0.3410852377373,0.9845081982997164,0.3349222457756101,0.000666121115011,0.09814453125,0.40234375,True,True,True,False,True,False,True,True,True,True,True,False
qpeexact_6_Mutant_Add_cz_P18_Q3_[].qasm,PureState_19,0.0007440156394667,0.0,0.0176913301777988,0.9834666099491606,0.0176888544669194,0.8245305701166953,1.7319967086060826e-33,0.9939803278342346,1.0000000000000109,0.000115123591168,0.0,0.6298828125,True,True,False,False,False,False,False,True,False,True,False,True
qpeexact_6_Mutant_Add_cz_P18_Q3_[].qasm,Quratest_19,0.0,0.0,0.4923976724702785,0.904534619983786,0.4795741593645434,0.7861243256270886,0.6427459449548426,0.9758564478798932,0.1458105880982721,0.0067529068049656,0.1689453125,0.478515625,True,True,True,False,True,False,True,True,True,True,True,False
qpeexact_6_Mutant_Add_cz_P18_Q3_[].qasm,PureState_20,0.0,0.0,0.7334069140224411,0.9830374825783352,0.6814833393448878,0.8228769283955629,0.8446231986207331,0.9939393820619816,4.0107290101160653e-16,0.0001044740005052,0.59375,0.73486328125,True,True,True,False,True,False,True,True,True,True,True,True
qpeexact_6_Mutant_Add_cz_P18_Q3_[].qasm,Quratest_20,0.0,0.0,0.0820985772049989,0.8109330548676029,0.0809527168522481,0.7242117920186738,0.0382085009832448,0.9324234236576106,0.3746931061815844,0.0442942111835568,0.00244140625,0.802734375,True,True,False,False,False,False,True,True,True,False,True,True
qpeexact_6_Mutant_Add_cz_P18_Q3_[].qasm,PureState_21,0.0,0.0,0.7396823963158914,0.957436986656205,0.6859954847998587,0.8114840829751119,0.8446231986207329,0.993939382061982,4.013124748582837e-16,0.0024003558716247,0.59375,1.32861328125,True,True,True,False,True,False,True,True,True,True,True,True
qpeexact_6_Mutant_Add_cz_P18_Q3_[].qasm,Quratest_21,0.0001365641008787,0.0,0.0236269774257874,0.8478896246638822,0.023622028329823,0.7540968504931785,2.760964345717853e-28,0.9593081437360044,1.0000000000000115,0.004256852153457,0.0,0.68359375,True,True,False,False,False,False,False,True,False,True,False,True
qpeexact_6_Mutant_Add_cz_P18_Q3_[].qasm,PureState_22,0.1066987217319551,0.0,0.0123182463561512,0.7885179269441657,0.0123157110716085,0.7128821153766761,1.4128801165182852e-33,0.927519205537593,1.0000000000000098,0.00723478369303,0.0,0.328125,True,True,False,False,False,False,False,True,False,True,False,False
qpeexact_6_Mutant_Add_cz_P18_Q3_[].qasm,Quratest_22,0.0,0.0,0.1548796443068311,0.8566524854783575,0.1522864526205209,0.7568905148691706,0.0924691021204705,0.9770859880563424,0.8959419753013786,0.0048266048674866,0.021484375,0.76904296875,True,True,True,False,True,False,True,True,True,True,True,True
qpeexact_6_Mutant_Add_cz_P18_Q3_[].qasm,PureState_23,0.0,0.0,0.7348570245976174,0.994150417672848,0.682202013643344,0.8287301178491668,0.8446231986207331,0.9958937211130604,3.961839532095168e-16,4.025288730684e-05,0.61279296875,0.07177734375,True,True,True,False,True,False,True,True,True,True,True,False
qpeexact_6_Mutant_Add_cz_P18_Q3_[].qasm,Quratest_23,0.0,0.0,0.1139069486595402,0.8196414314105842,0.1075380718757277,0.7279116995281846,0.0262501266778689,0.9286579377261988,0.9503881893513264,0.0395351035241676,0.00634765625,0.552734375,True,True,False,False,False,False,True,True,True,False,True,False
qpeexact_6_Mutant_Add_cz_P18_Q3_[].qasm,PureState_24,0.1097828521957158,0.0,0.0085351430419904,0.9972466641538856,0.0085346106009193,0.8318042455933375,1.9576654686679344e-33,0.9999953334468628,1.000000000000011,3.659815520210906e-07,0.0,0.0810546875,True,True,False,False,False,False,False,True,False,True,False,False
qpeexact_6_Mutant_Add_cz_P18_Q3_[].qasm,Quratest_24,7.439889057434953e-33,0.0,0.0488220760421653,0.8560298758586131,0.0481722209726648,0.7613436658729126,0.0073450591108765,0.9724859358585374,0.9254413642226444,0.0033784427616476,0.00732421875,0.546875,True,True,False,False,False,False,True,True,True,True,True,False
qpeexact_6_Mutant_Add_cz_P18_Q3_[].qasm,PureState_25,0.0,0.0,0.7340336646168941,0.9911554712375834,0.6818964661836111,0.8284889947210768,0.8446231986207332,0.9993045785146712,3.928164056630397e-16,4.61340380231304e-06,0.1787109375,0.63818359375,True,True,True,False,True,False,True,True,True,True,True,True
qpeexact_6_Mutant_Add_cz_P18_Q3_[].qasm,Quratest_25,0.0,0.0,0.5766371981541063,0.9679053721220976,0.5428892641128182,0.8173924689389662,0.6750748676139315,0.9923923086448818,0.0039474405371552,9.052935200539835e-05,0.05810546875,0.546875,True,True,True,False,True,False,True,True,True,True,True,False
qpeexact_6_Mutant_Add_cz_P18_Q3_[].qasm,PureState_26,0.0,0.0,0.7350570799158002,0.9866975223999022,0.6828386035918975,0.8242192352116487,0.8446231986207329,0.9993045785146708,3.9924799692033406e-16,1.2058356441649254e-05,0.12890625,0.80517578125,True,True,True,False,True,False,True,True,True,True,True,True
qpeexact_6_Mutant_Add_cz_P18_Q3_[].qasm,Quratest_26,0.0,0.0,0.3067183143323552,0.9692535216189676,0.3009141576521516,0.8180424540224956,0.3791367759444519,0.9957516694720516,0.4755629989648287,5.813266230576045e-05,0.16064453125,0.8056640625,True,True,True,False,True,False,True,True,True,True,True,True
qpeexact_6_Mutant_Add_cz_P18_Q3_[].qasm,PureState_27,0.0762067472669875,0.0,0.0124607065735747,0.5030785925782452,0.0124575202968818,0.4646343104905775,1.8070400473779074e-33,0.8984528369005402,1.000000000000009,0.0411348401468907,0.0,0.560546875,True,True,False,False,False,False,False,False,False,False,False,False
qpeexact_6_Mutant_Add_cz_P18_Q3_[].qasm,Quratest_27,0.0,0.0,0.3460101742722309,0.6325875428156323,0.3269576273567037,0.5712819829291582,0.2419316046126062,0.896711362392262,0.2671351491508341,0.0209578871852544,0.10400390625,0.65380859375,True,True,True,False,True,False,True,False,True,False,True,True
qpeexact_6_Mutant_Add_cz_P18_Q3_[].qasm,PureState_28,8.445539907325493e-06,0.0,0.0213139874728106,0.9839663501643052,0.0213084462874947,0.8242697979535658,3.166829761986483e-33,0.9939803278342348,1.000000000000011,0.0001146693767479,0.0,0.6298828125,True,True,False,False,False,False,False,True,False,True,False,True
qpeexact_6_Mutant_Add_cz_P18_Q3_[].qasm,Quratest_28,0.0,0.0,0.030020033118371,0.8968122309592156,0.0270620282561516,0.7803945668058719,0.0005202777494915,0.9662079561383397,0.997815825118313,0.0021935498227453,0.00244140625,0.5517578125,True,True,False,False,False,False,True,True,True,True,True,False
qpeexact_6_Mutant_Add_cz_P18_Q3_[].qasm,PureState_29,,0.0,0.0,0.2149838465333257,0.0,0.1798984443238085,3.166829761986484e-33,0.1328304784701722,1.000000000000011,0.8671695386859994,0.0,0.35205078125,False,True,False,False,False,False,False,False,False,False,False,False
qpeexact_6_Mutant_Add_cz_P18_Q3_[].qasm,Quratest_29,0.0,0.0,0.2911961145427414,0.85403808338423,0.2725148088438049,0.7526929463175639,0.1960586418683583,0.9746462737417868,0.1573625842230075,0.0022446099644865,0.0849609375,0.4814453125,True,True,True,False,True,False,True,True,True,True,True,False
qpeexact_6_Mutant_Add_cz_P18_Q3_[].qasm,PureState_30,0.5827147642225132,0.0,0.0048941407704976,0.9704471349080684,0.0048940539065691,0.8187438297341444,1.7319967086060826e-33,0.9940209969767114,1.000000000000011,0.000463460512898,0.0,0.0810546875,False,True,False,False,False,False,False,True,False,True,False,False
qpeexact_6_Mutant_Add_cz_P18_Q3_[].qasm,Quratest_30,0.7766552954878442,0.0,0.0116278555845753,0.651098935886061,0.0116272825567834,0.5937284093864948,4.9941396818840755e-29,0.7771570277525839,1.0000000000000109,0.1711876918771377,0.0,0.7021484375,False,True,False,False,False,False,False,False,False,False,False,True
qpeexact_6_Mutant_Add_cz_P18_Q3_[].qasm,PureState_31,0.0157202644991611,0.0,0.0113293925294695,0.954423048436168,0.0113290693399329,0.81140701768442,1.7319967086060826e-33,0.9940209969767112,1.000000000000011,0.0025260422189668,0.0,1.34326171875,True,True,False,False,False,False,False,True,False,True,False,True
qpeexact_6_Mutant_Add_cz_P18_Q3_[].qasm,Quratest_31,0.0,0.0,0.1479096808023829,0.9110937998856736,0.1449008908202498,0.7839452305710435,0.0878275630242287,0.972664938330635,0.3822751934700074,0.0023622457061416,0.06787109375,0.357421875,True,True,True,False,True,False,True,True,True,True,True,False
qpeexact_6_Mutant_Add_rx_P14_Q1_[3.141592653589793].qasm,PureState_0,0.1869326586578729,0.0,0.0113236692402052,0.5016410395545978,0.0113227499091412,0.4645782612965166,2.602085213965212e-17,0.8984528369005413,1.0000000000000089,0.0412841772959294,0.0,0.560546875,True,True,False,False,False,False,False,False,False,False,False,False
qpeexact_6_Mutant_Add_rx_P14_Q1_[3.141592653589793].qasm,Quratest_0,0.000985444466871,0.0,0.0282419088374774,0.807541093793158,0.028172877538607,0.7373570196575787,2.580157648543165e-17,0.9658296303129534,0.8517319956621717,0.0039965067258823,0.0,0.26708984375,True,True,False,False,False,False,False,True,True,True,False,False
qpeexact_6_Mutant_Add_rx_P14_Q1_[3.141592653589793].qasm,PureState_1,0.2388596126140618,0.0,0.0157259970881202,0.9917079259932154,0.0156820678155818,0.8300502151231419,2.8980724070537534e-16,0.9993046878843496,3.899458663563162e-16,9.186005078432432e-07,0.0,0.625,True,True,False,False,False,False,False,True,True,True,False,True
qpeexact_6_Mutant_Add_rx_P14_Q1_[3.141592653589793].qasm,Quratest_1,0.0604665774656932,0.0,0.0232185992236764,0.7902041811721484,0.0232100591216005,0.7115243064409453,1.4598570494280504e-16,0.9346534963338607,0.0954054894732402,0.0201410339110522,0.0,0.8740234375,True,True,False,False,False,False,False,True,True,False,False,True
qpeexact_6_Mutant_Add_rx_P14_Q1_[3.141592653589793].qasm,PureState_2,0.0322781835157968,0.0,0.0188357775554885,0.9859772963666564,0.0188247779231264,0.8271293988696087,3.7296554733501346e-17,0.999304578514672,3.918724648052156e-16,4.612078220217738e-06,0.0,0.63818359375,True,True,False,False,False,False,False,True,True,True,False,True
qpeexact_6_Mutant_Add_rx_P14_Q1_[3.141592653589793].qasm,Quratest_2,1.927289181068485e-05,0.0,0.0303321493241326,0.8175213927497137,0.0303151865587736,0.7252081875809647,2.0836332876098002e-16,0.935843343343077,0.0116628685842931,0.0352485328350707,0.0,0.6708984375,True,True,False,False,False,False,False,True,True,False,False,True
qpeexact_6_Mutant_Add_rx_P14_Q1_[3.141592653589793].qasm,PureState_3,0.0515727102127206,0.0,0.013682045935225,0.9134282316649164,0.0136744072224657,0.7918146301502058,4.033232081646078e-17,0.9951687180558688,1.000000000000011,0.0004231288004817,0.0,0.98828125,True,True,False,False,False,False,False,True,False,True,False,True
qpeexact_6_Mutant_Add_rx_P14_Q1_[3.141592653589793].qasm,Quratest_3,0.0015152484922275,0.0,0.0212699885897962,0.908227781242278,0.0212658744570432,0.7831191359265274,1.7851049956794931e-16,0.9767004704731088,0.4276426725743665,0.0028938594843718,0.0,0.5126953125,True,True,False,False,False,False,False,True,True,True,False,False
qpeexact_6_Mutant_Add_rx_P14_Q1_[3.141592653589793].qasm,PureState_4,0.0341778688507325,0.0,0.0141155976253154,0.8615520827263249,0.014112545967353,0.7675144766827583,2.2551405187698508e-17,0.9817123933687792,1.000000000000011,0.0019204983906613,0.0,0.71044921875,True,True,False,False,False,False,False,True,False,True,False,True
qpeexact_6_Mutant_Add_rx_P14_Q1_[3.141592653589793].qasm,Quratest_4,1.7025368834257423e-06,0.0,0.0314867602444267,0.9064788887477369,0.0314764388260129,0.7838145659302314,2.56847494661816e-16,0.9745090199768858,0.0069330920500923,0.0018756964009356,0.0,0.642578125,True,True,False,False,False,False,False,True,True,True,False,True
qpeexact_6_Mutant_Add_rx_P14_Q1_[3.141592653589793].qasm,PureState_5,0.125190177978359,0.0,0.0159645663044933,0.9473882848072532,0.0159589978810439,0.8086816917314511,3.2526065174565127e-17,0.9993045785146724,4.016878018062004e-16,0.0002778874698897,0.0,0.67626953125,True,True,False,False,False,False,False,True,True,True,False,True
qpeexact_6_Mutant_Add_rx_P14_Q1_[3.141592653589793].qasm,Quratest_5,0.0015578678953027,0.0,0.0274205305602851,0.8555177273717158,0.027377020879088,0.7591365684116068,2.1375892863498974e-16,0.956559527492736,0.0552802573492805,0.0131492564488147,0.0,0.68701171875,True,True,False,False,False,False,False,True,True,True,False,True
qpeexact_6_Mutant_Add_rx_P14_Q1_[3.141592653589793].qasm,PureState_6,0.0019972739102455,0.0,0.018850676398105,0.9922235192356834,0.0188226136948888,0.8305565499882621,1.6918636088457395e-16,0.9998110891985454,3.957436992464646e-16,5.305763429374937e-06,0.0,1.173828125,True,True,False,False,False,False,False,True,True,True,False,True
qpeexact_6_Mutant_Add_rx_P14_Q1_[3.141592653589793].qasm,Quratest_6,0.002450800419108,0.0,0.0281386866787148,0.6194863287642689,0.0280124797747869,0.547128716079884,1.3156454549932695e-16,0.6631331015514831,0.0109175312461706,0.2767292622067426,0.0,0.4072265625,True,True,False,False,False,False,False,False,True,False,False,False
qpeexact_6_Mutant_Add_rx_P14_Q1_[3.141592653589793].qasm,PureState_7,0.128997003933458,0.0,0.016063971194627,0.9908358612089035,0.0160595558287567,0.8296490656291253,6.642940592136576e-17,0.9998110891985454,3.8892771231378693e-16,5.2850547331889955e-06,0.0,1.173828125,True,True,False,False,False,False,False,True,True,True,False,True
qpeexact_6_Mutant_Add_rx_P14_Q1_[3.141592653589793].qasm,Quratest_7,0.0197280281577191,0.0,0.0257000581303225,0.919978070415314,0.0256432775626883,0.7936214673280823,1.4757118231465983e-16,0.9892623889795172,0.1595187334632326,0.0004184941026326,0.0,0.65185546875,True,True,False,False,False,False,False,True,True,True,False,True
qpeexact_6_Mutant_Add_rx_P14_Q1_[3.141592653589793].qasm,PureState_8,0.0,0.0,0.0214090297232004,0.9931919739522588,0.0202879573684678,0.8303433066867755,1.819155720159116e-16,0.999825341338465,3.938531917280754e-16,9.784571443538931e-07,0.0,0.45947265625,True,True,False,False,False,False,False,True,True,True,False,False
qpeexact_6_Mutant_Add_rx_P14_Q1_[3.141592653589793].qasm,Quratest_8,0.0916024527787103,0.0,0.0228792016668437,0.9319419333124132,0.022868523420613,0.7946063422217149,1.7045172222865347e-16,0.9800780927444936,0.0335952612886641,0.0004602136812967,0.0,0.583984375,True,True,False,False,False,False,False,True,True,True,False,False
qpeexact_6_Mutant_Add_rx_P14_Q1_[3.141592653589793].qasm,PureState_9,0.0500173092142661,0.0,0.0132812443207158,0.9541276596938224,0.0132801986808822,0.8103195150769658,6.1629758220391506e-33,0.993980327834236,1.000000000000011,0.0024252216545552,0.0,0.630859375,True,True,False,False,False,False,False,True,False,True,False,True
qpeexact_6_Mutant_Add_rx_P14_Q1_[3.141592653589793].qasm,Quratest_9,0.0034816953702734,0.0,0.0273726574377012,0.8524679346848777,0.0273060998940063,0.7524040401193408,1.1545397884255015e-16,0.9627906781054864,0.3861635287184243,0.0034474111874087,0.0,0.85107421875,True,True,False,False,False,False,False,True,True,True,False,True
qpeexact_6_Mutant_Add_rx_P14_Q1_[3.141592653589793].qasm,PureState_10,0.0287508443092343,0.0,0.0103820149594107,0.9527799010267628,0.0103809687630128,0.8099532514773442,6.512489694275075e-33,0.9940209969767128,1.000000000000011,0.0025206137156932,0.0,1.34326171875,True,True,False,False,False,False,False,True,False,True,False,True
qpeexact_6_Mutant_Add_rx_P14_Q1_[3.141592653589793].qasm,Quratest_10,0.0,0.0,0.034390055246721,0.816619451574712,0.0324375408128173,0.7342363090247861,1.2814981158181004e-16,0.9554030226227213,0.2297421846416607,0.0103590582596047,0.0,0.5380859375,True,True,False,False,False,False,False,True,True,True,False,False
qpeexact_6_Mutant_Add_rx_P14_Q1_[3.141592653589793].qasm,PureState_11,0.0067796311008707,0.0,0.0196339934013345,0.989372819218332,0.0196298948323519,0.8290705481038178,2.0978295598057808e-16,0.9970910946110938,4.07863071991943e-16,3.207632953230469e-05,0.0,0.1552734375,True,True,False,False,False,False,False,True,True,True,False,False
qpeexact_6_Mutant_Add_rx_P14_Q1_[3.141592653589793].qasm,Quratest_11,0.0124211464505207,0.0,0.0252112760281377,0.9040842299449886,0.025203196267112,0.786443531743196,1.2043283850651096e-16,0.9810372167155867,2.37292065833109e-06,0.0008667176228708,0.0,0.5869140625,True,True,False,False,False,False,False,True,True,True,False,False
qpeexact_6_Mutant_Add_rx_P14_Q1_[3.141592653589793].qasm,PureState_12,0.1802438724371976,0.0,0.0047376818410344,0.9949939740827594,0.0047376729786601,0.8320246488223718,2.775557561562893e-17,0.999995364974281,1.000000000000011,2.31755957005951e-06,0.0,0.63525390625,True,True,False,False,False,False,False,True,False,True,False,True
qpeexact_6_Mutant_Add_rx_P14_Q1_[3.141592653589793].qasm,Quratest_12,1.440035001568668e-06,0.0,0.0307013596285778,0.8842817507539912,0.0306757186953362,0.7732742900317662,1.1326185757505602e-16,0.9681780406995948,0.3456878685507564,0.0062657389731724,0.0,1.046875,True,True,False,False,False,False,False,True,True,True,False,True
qpeexact_6_Mutant_Add_rx_P14_Q1_[3.141592653589793].qasm,PureState_13,0.0021556098036884,0.0,0.0137023921038989,0.9987146506806972,0.0137006859914851,0.8323295805800265,1.3877787807814472e-17,0.9999953334468644,1.000000000000011,3.617445514882174e-07,0.0,0.0810546875,True,True,False,False,False,False,False,True,False,True,False,False
qpeexact_6_Mutant_Add_rx_P14_Q1_[3.141592653589793].qasm,Quratest_13,0.0,0.0,0.0328291800701262,0.95449307625364,0.0318162871060405,0.8119830112978238,7.996838055027851e-17,0.9884865990542409,0.0409992145711616,0.0002508206367781,0.0,0.51025390625,True,True,False,False,False,False,False,True,True,True,False,False
qpeexact_6_Mutant_Add_rx_P14_Q1_[3.141592653589793].qasm,PureState_14,0.0023793174091925,0.0,0.016015349875823,0.99051120793978,0.0160054294177399,0.8293400084331154,1.084202172485511e-18,0.9970919135931816,1.0000000000000109,3.721257042192011e-05,0.0,0.66748046875,True,True,False,False,False,False,False,True,False,True,False,True
qpeexact_6_Mutant_Add_rx_P14_Q1_[3.141592653589793].qasm,Quratest_14,2.310196535256666e-08,0.0,0.0365532759117843,0.8530381620446953,0.0360817330723338,0.7491028763181322,1.223371427451563e-16,0.9618199665957564,0.1431059351753091,0.0028073364195834,0.0,0.56494140625,True,True,False,False,False,False,False,True,True,True,False,False
qpeexact_6_Mutant_Add_rx_P14_Q1_[3.141592653589793].qasm,PureState_15,0.8287291000981408,0.0,0.0108678081193761,0.9920547706713724,0.0108497287484285,0.8294545863283319,1.4804780665289563e-16,0.9991611559915968,4.087546853703398e-16,9.227495978641209e-06,0.0,1.15478515625,False,True,False,False,False,False,False,True,True,True,False,True
qpeexact_6_Mutant_Add_rx_P14_Q1_[3.141592653589793].qasm,Quratest_15,0.0861460049957664,0.0,0.0169242058017969,0.98032452915469,0.0169228084013343,0.8219558261276733,1.3385022875231664e-16,0.9932245941506316,0.092471939631594,8.563441044602347e-05,0.0,0.85498046875,True,True,False,False,False,False,False,True,True,True,False,True
qpeexact_6_Mutant_Add_rx_P14_Q1_[3.141592653589793].qasm,PureState_16,0.000745641350749,0.0,0.0217002166499608,0.983335530764482,0.021692413817002,0.8227907768389935,1.2183721913305856e-16,0.9939393820619828,4.2110486877707153e-16,0.0001046994739832,0.0,0.73486328125,True,True,False,False,False,False,False,True,True,True,False,True
qpeexact_6_Mutant_Add_rx_P14_Q1_[3.141592653589793].qasm,Quratest_16,0.002457208100427,0.0,0.0267355006058264,0.8856878061823891,0.0267285595437,0.7675310764336557,1.603128437291379e-16,0.9694842860885152,0.0018343994865791,0.0020960421881236,0.0,0.5556640625,True,True,False,False,False,False,False,True,True,True,False,False
qpeexact_6_Mutant_Add_rx_P14_Q1_[3.141592653589793].qasm,PureState_17,,0.0,0.0,0.991301917643818,0.0,0.8317333700469752,1.1102230246251563e-16,0.9999953956785446,1.000000000000011,4.604387283200962e-06,0.0,1.64794921875,False,True,False,False,False,False,False,True,False,True,False,True
qpeexact_6_Mutant_Add_rx_P14_Q1_[3.141592653589793].qasm,Quratest_17,0.0,0.0,0.0316446866659956,0.8438393074752634,0.0288509732091713,0.7516523086904691,1.8084216951350354e-16,0.9627185573618016,0.0269442433557223,0.0058315856822483,0.0,0.67431640625,True,True,False,False,False,False,False,True,True,True,False,True
qpeexact_6_Mutant_Add_rx_P14_Q1_[3.141592653589793].qasm,PureState_18,0.0010715399851175,0.0,0.0199925605708021,0.9763297404540832,0.0198739167382519,0.8182611004298045,1.2874900798265363e-16,0.9993045785146722,4.077113303624363e-16,4.8689780945228936e-05,0.0,0.6357421875,True,True,False,False,False,False,False,True,True,True,False,True
qpeexact_6_Mutant_Add_rx_P14_Q1_[3.141592653589793].qasm,Quratest_18,0.1188167641729629,0.0,0.0234260376832612,0.9178211197078416,0.0233898969915369,0.7954200955589926,1.0043359652844884e-16,0.9845081982997168,0.0017432073406944,0.000666121115011,0.0,0.40234375,True,True,False,False,False,False,False,True,True,True,False,False
qpeexact_6_Mutant_Add_rx_P14_Q1_[3.141592653589793].qasm,PureState_19,0.0178373248263212,0.0,0.0146164460169976,0.9853227099063288,0.0146149229046256,0.8245558000471409,1.2836953722228372e-16,0.993980327834236,1.000000000000011,0.000115123591168,0.0,0.6298828125,True,True,False,False,False,False,False,True,False,True,False,True
qpeexact_6_Mutant_Add_rx_P14_Q1_[3.141592653589793].qasm,Quratest_19,0.000123717681776,0.0,0.0322412454964959,0.90136288106424,0.0314169061805974,0.7851005978923855,1.748292943791821e-16,0.9758564478798946,0.0078590255385924,0.0067529068049656,0.0,0.478515625,True,True,False,False,False,False,False,True,True,True,False,False
qpeexact_6_Mutant_Add_rx_P14_Q1_[3.141592653589793].qasm,PureState_20,0.0,0.0,0.0224155804946203,0.9892154003895398,0.0216913491375414,0.8250041306830226,1.6978606021123002e-16,0.9939393820619828,3.6597154297318463e-16,0.0001044740005052,0.0,0.73486328125,True,True,False,False,False,False,False,True,True,True,False,True
qpeexact_6_Mutant_Add_rx_P14_Q1_[3.141592653589793].qasm,Quratest_20,0.0,0.0,0.0365635030633446,0.8101240931235403,0.0363030881845395,0.7232338090563357,1.170602841827893e-16,0.9324234236576112,0.001994212447961,0.0442942111835568,0.0,0.802734375,True,True,False,False,False,False,False,True,True,False,False,True
qpeexact_6_Mutant_Add_rx_P14_Q1_[3.141592653589793].qasm,PureState_21,0.2119105719228729,0.0,0.0154953374424885,0.9540213039666302,0.0154903635510273,0.8094663724084701,7.546047120499111e-17,0.9939393820619832,3.2246894202872625e-16,0.0024003558716247,0.0,1.32861328125,True,True,False,False,False,False,False,True,True,True,False,True
qpeexact_6_Mutant_Add_rx_P14_Q1_[3.141592653589793].qasm,Quratest_21,0.0034126831375197,0.0,0.0207590566287003,0.8408708917410973,0.020757498788675,0.7498633213826769,1.9203930980149495e-16,0.9593081437360051,0.0001095976595357,0.004256852153457,0.0,0.68359375,True,True,False,False,False,False,False,True,True,True,False,True
qpeexact_6_Mutant_Add_rx_P14_Q1_[3.141592653589793].qasm,PureState_22,0.2388474265358158,0.0,0.0106709192454065,0.7893998753491165,0.0106707483865226,0.7123636268606723,6.96057794735694e-17,0.9275192055375944,1.000000000000011,0.00723478369303,0.0,0.328125,True,True,False,False,False,False,False,True,False,True,False,False
qpeexact_6_Mutant_Add_rx_P14_Q1_[3.141592653589793].qasm,Quratest_22,6.096379448596588e-07,0.0,0.0327714473963234,0.8599829025868156,0.032749311676191,0.7581758887632483,1.7226278454900154e-16,0.9770859880563436,0.1432947624514945,0.0048266048674866,0.0,0.76904296875,True,True,False,False,False,False,False,True,True,True,False,True
qpeexact_6_Mutant_Add_rx_P14_Q1_[3.141592653589793].qasm,PureState_23,0.0019920508240165,0.0,0.0208270313336575,0.9863354888390732,0.0208129630459925,0.8273682176061217,1.2663481374630692e-16,0.9958937211130614,3.954687917341202e-16,4.025288730683961e-05,0.0,0.07177734375,True,True,False,False,False,False,False,True,True,True,False,False
qpeexact_6_Mutant_Add_rx_P14_Q1_[3.141592653589793].qasm,Quratest_23,0.0533878765044099,0.0,0.0227571698107855,0.8201188683662911,0.0227227644067376,0.7288928280346342,1.531937435657028e-16,0.9286579377261992,0.1533801915980544,0.0395351035241677,0.0,0.552734375,True,True,False,False,False,False,False,True,True,False,False,False
qpeexact_6_Mutant_Add_rx_P14_Q1_[3.141592653589793].qasm,PureState_24,0.8244459145661494,0.0,0.0033440961337763,0.998624280990116,0.003344067735707,0.8323255044974438,9.020562075079398e-17,0.999995333446864,1.000000000000011,3.659815520210853e-07,0.0,0.0810546875,False,True,False,False,False,False,False,True,False,True,False,False
qpeexact_6_Mutant_Add_rx_P14_Q1_[3.141592653589793].qasm,Quratest_24,0.0076231654274242,0.0,0.0264871073968746,0.8569660730158567,0.0263287381446276,0.7622958996540227,3.8949963046541747e-17,0.972485935858538,0.3810537322348382,0.0033784427616475,0.0,0.546875,True,True,False,False,False,False,False,True,True,True,False,False
qpeexact_6_Mutant_Add_rx_P14_Q1_[3.141592653589793].qasm,PureState_25,0.3768971188886152,0.0,0.0140451708768249,0.9899099592438486,0.0140414809680388,0.8288978082090654,1.2012960071139392e-16,0.9993045785146722,3.048553116069218e-16,4.613403802313037e-06,0.0,0.63818359375,False,True,False,False,False,False,False,True,True,True,False,True
qpeexact_6_Mutant_Add_rx_P14_Q1_[3.141592653589793].qasm,Quratest_25,0.0,0.0,0.0270453788207301,0.9650487455558548,0.0249707835335292,0.8159037027531141,1.851529319403175e-16,0.992392308644882,0.0761353472270442,9.052935200540018e-05,0.0,0.546875,True,True,False,False,False,False,False,True,True,True,False,False
qpeexact_6_Mutant_Add_rx_P14_Q1_[3.141592653589793].qasm,PureState_26,0.0,0.0,0.0235974861465761,0.9809753044029526,0.0232560654207661,0.8219731378468289,9.141179566768408e-17,0.999304578514672,3.9423104718308495e-16,1.2058356441649258e-05,0.0,0.80517578125,True,True,False,False,False,False,False,True,True,True,False,True
qpeexact_6_Mutant_Add_rx_P14_Q1_[3.141592653589793].qasm,Quratest_26,0.0,0.0,0.0281798221575625,0.9723977299414028,0.0261547517392571,0.818715346296142,1.6952337411846275e-16,0.9957516694720528,7.158610878180955e-07,5.813266230576694e-05,0.0,0.8056640625,True,True,False,False,False,False,False,True,True,True,False,True
qpeexact_6_Mutant_Add_rx_P14_Q1_[3.141592653589793].qasm,PureState_27,0.0210398140381809,0.0,0.0141332603181643,0.4984030135932024,0.014129052818171,0.4619923872808251,1.231653667943533e-16,0.8984528369005411,1.0000000000000089,0.0411348401468908,0.0,0.560546875,True,True,False,False,False,False,False,False,False,False,False,False
qpeexact_6_Mutant_Add_rx_P14_Q1_[3.141592653589793].qasm,Quratest_27,6.319158857503193e-08,0.0,0.0327566466431071,0.6360018396364289,0.0327394481620163,0.5748826301588665,1.5650500711475622e-16,0.8967113623922625,0.0145216685468308,0.0209578871852545,0.0,0.65380859375,True,True,False,False,False,False,False,False,True,False,False,True
qpeexact_6_Mutant_Add_rx_P14_Q1_[3.141592653589793].qasm,PureState_28,0.0317663866332903,0.0,0.0136004512429871,0.9901277422906932,0.0135979415339916,0.8255157265999773,1.0408340855860849e-17,0.993980327834236,1.000000000000011,0.0001146693767479,0.0,0.6298828125,True,True,False,False,False,False,False,True,False,True,False,True
qpeexact_6_Mutant_Add_rx_P14_Q1_[3.141592653589793].qasm,Quratest_28,0.0,0.0,0.0256179300585566,0.8953333847650716,0.0237315033853749,0.7782037611491134,1.5993443175995204e-16,0.96620795613834,0.0007112091337033,0.0021935498227453,0.0,0.5517578125,True,True,False,False,False,False,False,True,True,True,False,False
qpeexact_6_Mutant_Add_rx_P14_Q1_[3.141592653589793].qasm,PureState_29,,0.0,0.0,0.210055799566625,0.0,0.1757343866548628,6.512489694275077e-33,0.1328304784701713,1.000000000000011,0.8671695386860014,0.0,0.35205078125,False,True,False,False,False,False,False,False,False,False,False,False
qpeexact_6_Mutant_Add_rx_P14_Q1_[3.141592653589793].qasm,Quratest_29,0.0004073158233775,0.0,0.0281805985208925,0.8474471809985892,0.0281729743701833,0.7482398995155461,1.9556921373005886e-16,0.9746462737417878,0.0336552029239488,0.0022446099644865,0.0,0.4814453125,True,True,False,False,False,False,False,True,True,True,False,False
qpeexact_6_Mutant_Add_rx_P14_Q1_[3.141592653589793].qasm,PureState_30,0.6643015237101604,0.0,0.0044705577093216,0.9695687972199284,0.004470518733996,0.817360679311048,6.938893903907227e-17,0.9940209969767128,1.000000000000011,0.000463460512898,0.0,0.0810546875,False,True,False,False,False,False,False,True,False,True,False,False
qpeexact_6_Mutant_Add_rx_P14_Q1_[3.141592653589793].qasm,Quratest_30,0.0084721619251397,0.0,0.0194785705062881,0.652628575902248,0.0194757298769181,0.5928706920064132,1.0048521259867216e-16,0.7771570277525846,0.2176097415614021,0.1711876918771379,0.0,0.7021484375,True,True,False,False,False,False,False,False,True,False,False,True
qpeexact_6_Mutant_Add_rx_P14_Q1_[3.141592653589793].qasm,PureState_31,0.0717928713690508,0.0,0.0094176693882671,0.9550389278571848,0.0094173944357877,0.8115494289602533,4.1633363423443376e-17,0.994020996976712,1.000000000000011,0.0025260422189668,0.0,1.34326171875,True,True,False,False,False,False,False,True,False,True,False,True
qpeexact_6_Mutant_Add_rx_P14_Q1_[3.141592653589793].qasm,Quratest_31,0.0038459634889354,0.0,0.0270302006251385,0.911975921669697,0.0270060708734508,0.7836844941176427,1.5347220564711215e-16,0.9726649383306356,0.0302178677919453,0.0023622457061416,0.0,0.357421875,True,True,False,False,False,False,False,True,True,True,False,False
qpeexact_6_Mutant_Add_rzz_P19_Q3_[3.141592653589793].qasm,PureState_0,0.0,0.0,0.5389658425311672,0.500519289286165,0.5239224114269708,0.4632528798023034,0.7071067811865474,0.8984528369005402,3.0945085528786143e-16,0.0412841772959293,0.232421875,0.560546875,True,True,True,False,True,False,True,False,True,False,True,False
qpeexact_6_Mutant_Add_rzz_P19_Q3_[3.141592653589793].qasm,Quratest_0,0.0,0.0,0.5152281634295501,0.80409049114133,0.500854470385289,0.7357602647296287,0.6897862242265074,0.965829630312952,0.0470788193181315,0.0039965067258822,0.64697265625,0.26708984375,True,True,True,False,True,False,True,True,True,True,True,False
qpeexact_6_Mutant_Add_rzz_P19_Q3_[3.141592653589793].qasm,PureState_1,0.0,0.0,0.3933296324874796,0.9941395640122704,0.3758265442519384,0.8301199986227766,0.4619397662556432,0.999304687884348,3.946979828145113e-16,9.186005078433254e-07,0.0029296875,0.625,True,True,True,False,True,False,True,True,True,True,True,True
qpeexact_6_Mutant_Add_rzz_P19_Q3_[3.141592653589793].qasm,Quratest_1,0.0,0.0,0.4257669011598364,0.7974754710448178,0.416329481381527,0.7164775144959462,0.5563904311111612,0.9346534963338592,0.0032707750948889,0.0201410339110521,0.33935546875,0.8740234375,True,True,True,False,True,False,True,True,True,False,True,True
qpeexact_6_Mutant_Add_rzz_P19_Q3_[3.141592653589793].qasm,PureState_2,0.0,0.0,0.7257577925984544,0.9914654246145732,0.6756794375844333,0.8285741035798748,0.844623198620733,0.9993045785146708,3.986374376635235e-16,4.612078220217696e-06,0.1787109375,0.63818359375,True,True,True,False,True,False,True,True,True,True,True,True
qpeexact_6_Mutant_Add_rzz_P19_Q3_[3.141592653589793].qasm,Quratest_2,0.0,0.0,0.3940359410858846,0.8144466180584451,0.3808868176504197,0.7232556804085111,0.5000973516078476,0.9358433433430756,1.047678820945815e-07,0.0352485328350705,0.02734375,0.6708984375,True,True,True,False,True,False,True,True,True,False,True,True
qpeexact_6_Mutant_Add_rzz_P19_Q3_[3.141592653589793].qasm,PureState_3,0.0,0.0,0.5369345534540102,0.9146116759397542,0.5220805679758401,0.7913511431403795,0.7071067811865475,0.9951687180558676,3.932349934429515e-16,0.0004231288004817,0.27783203125,0.98828125,True,True,True,False,True,False,True,True,True,True,True,True
qpeexact_6_Mutant_Add_rzz_P19_Q3_[3.141592653589793].qasm,Quratest_3,0.0,0.0,0.4032954103314808,0.9133212090663348,0.3921252167381757,0.7872080360328817,0.502850179276336,0.9767004704731074,0.056950817079012,0.0028938594843718,0.2763671875,0.5126953125,True,True,True,False,True,False,True,True,True,True,True,False
qpeexact_6_Mutant_Add_rzz_P19_Q3_[3.141592653589793].qasm,PureState_4,0.0,0.0,0.5415814687126105,0.8549420041860385,0.5262773155763415,0.7644173783349504,0.7071067811865474,0.9817123933687776,3.8833442064335333e-16,0.0019204983906613,0.27783203125,0.71044921875,True,True,True,False,True,False,True,True,True,True,True,True
qpeexact_6_Mutant_Add_rzz_P19_Q3_[3.141592653589793].qasm,Quratest_4,0.0,0.0,0.170076509390948,0.9043110126446008,0.1695705403260882,0.7824426281467634,0.2338531724274163,0.9745090199768842,0.0062002348159987,0.0018756964009356,0.0185546875,0.642578125,True,True,True,False,True,False,True,True,True,True,True,True
qpeexact_6_Mutant_Add_rzz_P19_Q3_[3.141592653589793].qasm,PureState_5,0.0,0.0,0.7405468442925353,0.9516319218014794,0.6863553548110637,0.8107275240951687,0.844623198620733,0.9993045785146708,3.9746073268239373e-16,0.0002778874698897,0.12890625,0.67626953125,True,True,True,False,True,False,True,True,True,True,True,True
qpeexact_6_Mutant_Add_rzz_P19_Q3_[3.141592653589793].qasm,Quratest_5,0.0,0.0,0.1569167311898411,0.857561009550637,0.1558188139649232,0.7593775038642769,0.1923494748904862,0.956559527492735,0.041087240055845,0.0131492564488146,0.1513671875,0.68701171875,True,True,True,False,True,False,True,True,True,True,True,True
qpeexact_6_Mutant_Add_rzz_P19_Q3_[3.141592653589793].qasm,PureState_6,0.0,0.0,0.3892932516603392,0.9926771447957582,0.3705434486346066,0.8308022003558352,0.4619397662556433,0.9998110891985442,3.951844205119217e-16,5.3057634293745515e-06,0.01904296875,1.173828125,True,True,True,False,True,False,True,True,True,True,True,True
qpeexact_6_Mutant_Add_rzz_P19_Q3_[3.141592653589793].qasm,Quratest_6,0.0,0.0,0.7700344018486276,0.6227091920600678,0.7075302687546927,0.5483899795895221,0.8675423442502774,0.6631331015514818,9.154320450708084e-05,0.2767292622067422,0.1708984375,0.4072265625,True,True,True,False,True,False,True,False,True,False,True,False
qpeexact_6_Mutant_Add_rzz_P19_Q3_[3.141592653589793].qasm,PureState_7,0.0,0.0,0.3935263658940244,0.9939694806838612,0.376456028033153,0.8304176605667327,0.4619397662556433,0.9998110891985442,3.9671531782860476e-16,5.285054733189006e-06,0.01904296875,1.173828125,True,True,True,False,True,False,True,True,True,True,True,True
qpeexact_6_Mutant_Add_rzz_P19_Q3_[3.141592653589793].qasm,Quratest_7,0.0,0.0,0.4444170201376008,0.9178560036483367,0.4338032506780798,0.7925841974202804,0.5857847422012615,0.9892623889795156,0.0318509300505081,0.0004184941026326,0.05859375,0.65185546875,True,True,True,False,True,False,True,True,True,True,True,True
qpeexact_6_Mutant_Add_rzz_P19_Q3_[3.141592653589793].qasm,PureState_8,0.0,0.0,0.7307487175917758,0.9946711177001396,0.6792529784902541,0.8312532268244371,0.844623198620733,0.9998253413384636,3.9666372658285487e-16,9.784571443538114e-07,0.1787109375,0.45947265625,True,True,True,False,True,False,True,True,True,True,True,False
qpeexact_6_Mutant_Add_rzz_P19_Q3_[3.141592653589793].qasm,Quratest_8,0.0,0.0,0.406468506627278,0.9263318630003272,0.3915670033145967,0.7923039015004123,0.5842708797362701,0.980078092744492,3.2602999482771887e-05,0.0004602136812967,0.205078125,0.583984375,True,True,True,False,True,False,True,True,True,True,True,False
qpeexact_6_Mutant_Add_rzz_P19_Q3_[3.141592653589793].qasm,PureState_9,0.0,0.0,0.543976047218932,0.9521557641305284,0.5284179089191506,0.8088874261423613,0.7071067811865472,0.9939803278342346,3.995375776488536e-16,0.0024252216545552,0.0283203125,0.630859375,True,True,True,False,True,False,True,True,True,True,True,True
qpeexact_6_Mutant_Add_rzz_P19_Q3_[3.141592653589793].qasm,Quratest_9,0.0,0.0,0.5107620297732262,0.8534522133801469,0.4897600556641298,0.7519558410251128,0.6145632900579168,0.9627906781054848,0.0265397648887261,0.0034474111874087,0.31787109375,0.85107421875,True,True,True,False,True,False,True,True,True,True,True,True
qpeexact_6_Mutant_Add_rzz_P19_Q3_[3.141592653589793].qasm,PureState_10,0.3847755872968754,0.0,0.0061529854964723,0.9511864707049208,0.0061529349159092,0.8092332962303852,4.163336342344339e-17,0.9940209969767112,3.3935001478847304e-16,0.0025206137156932,0.0,1.34326171875,False,True,False,False,False,False,False,True,True,True,False,True
qpeexact_6_Mutant_Add_rzz_P19_Q3_[3.141592653589793].qasm,Quratest_10,0.0,0.0,0.0834463927662502,0.8198416613576555,0.0828822730126225,0.7349263590689936,0.0875584125439754,0.95540302262272,0.2227358766730899,0.0103590582596047,0.03369140625,0.5380859375,True,True,False,False,False,False,True,True,True,True,True,False
qpeexact_6_Mutant_Add_rzz_P19_Q3_[3.141592653589793].qasm,PureState_11,0.0,0.0,0.4021354293934369,0.9862798913368276,0.3827644304935192,0.828185186345461,0.4619397662556433,0.9970910946110924,3.65983466083226e-16,3.207632953230476e-05,0.02001953125,0.1552734375,True,True,True,False,True,False,True,True,True,True,True,False
qpeexact_6_Mutant_Add_rzz_P19_Q3_[3.141592653589793].qasm,Quratest_11,0.0,0.0,0.5314691593393748,0.9107256943009177,0.5036767549108423,0.7889953525162318,0.594749614739966,0.9810372167155852,1.5855527154592495e-10,0.0008667176228708,0.109375,0.5869140625,True,True,True,False,True,False,True,True,True,True,True,False
qpeexact_6_Mutant_Add_rzz_P19_Q3_[3.141592653589793].qasm,PureState_12,0.0,0.0,1.0,0.993865425161768,0.8325546111576977,0.8317960920947831,0.9999999999999996,0.9999953649742794,3.996805325726167e-16,2.3175595700595173e-06,0.9873046875,0.63525390625,True,True,True,False,True,False,True,True,True,True,True,True
qpeexact_6_Mutant_Add_rzz_P19_Q3_[3.141592653589793].qasm,Quratest_12,0.0,0.0,0.1657053932793699,0.8847105373522379,0.1651710693146593,0.7762203606135749,0.215022897266443,0.9681780406995932,0.3090124198899295,0.0062657389731724,0.0498046875,1.046875,True,True,True,False,True,False,True,True,True,True,True,True
qpeexact_6_Mutant_Add_rzz_P19_Q3_[3.141592653589793].qasm,PureState_13,0.020642064672674,0.0,0.0108607039546261,0.9971235817858596,0.0108598759421102,0.8316703286109961,4.857225732735063e-17,0.9999953334468628,3.942247663471467e-16,3.617445514882269e-07,0.0,0.0810546875,True,True,False,False,False,False,False,True,True,True,False,False
qpeexact_6_Mutant_Add_rzz_P19_Q3_[3.141592653589793].qasm,Quratest_13,0.0,0.0,0.3955651973937818,0.955690112248352,0.3774495751653362,0.8129220253028258,0.4990129810972318,0.9884865990542392,1.4563401428051969e-05,0.0002508206367781,0.40966796875,0.51025390625,True,True,True,False,True,False,True,True,True,True,True,False
qpeexact_6_Mutant_Add_rzz_P19_Q3_[3.141592653589793].qasm,PureState_14,0.0,0.0,0.5378440121210923,0.9892444038184228,0.5228663516628882,0.8290957449256741,0.7071067811865471,0.9970919135931804,3.993101697314537e-16,3.721257042191995e-05,0.03759765625,0.66748046875,True,True,True,False,True,False,True,True,True,True,True,True
qpeexact_6_Mutant_Add_rzz_P19_Q3_[3.141592653589793].qasm,Quratest_14,0.0,0.0,0.4639554796096904,0.8530139454025223,0.451459724241268,0.7504785803354098,0.6003578246690443,0.9618199665957547,0.003978691389609,0.0028073364195834,0.3837890625,0.56494140625,True,True,True,False,True,False,True,True,True,True,True,False
qpeexact_6_Mutant_Add_rzz_P19_Q3_[3.141592653589793].qasm,PureState_15,0.0,0.0,0.3928059703393848,0.9931884456039268,0.3753561795797328,0.8299412286539818,0.4619397662556433,0.9991611559915956,4.0240226362633494e-16,9.22749597864084e-06,0.01904296875,1.15478515625,True,True,True,False,True,False,True,True,True,True,True,True
qpeexact_6_Mutant_Add_rzz_P19_Q3_[3.141592653589793].qasm,Quratest_15,0.0,0.0,0.49211521537586,0.9795431170316424,0.4666451836768875,0.8220062388511621,0.5971434382635005,0.99322459415063,0.0003941180241234,8.563441044602417e-05,0.54736328125,0.85498046875,True,True,True,False,True,False,True,True,True,True,True,True
qpeexact_6_Mutant_Add_rzz_P19_Q3_[3.141592653589793].qasm,PureState_16,0.0,0.0,0.7321352899518977,0.983573492186256,0.6808864725597625,0.8229297873834833,0.8446231986207331,0.9939393820619816,4.1238928859684636e-16,0.0001046994739832,0.59375,0.73486328125,True,True,True,False,True,False,True,True,True,True,True,True
qpeexact_6_Mutant_Add_rzz_P19_Q3_[3.141592653589793].qasm,Quratest_16,0.0,0.0,0.2194985045162367,0.8807856694915832,0.2178736553278042,0.7664956000775538,0.2712786675036852,0.9694842860885142,0.001266084830755,0.0020960421881236,0.01171875,0.5556640625,True,True,True,False,True,False,True,True,True,True,True,False
qpeexact_6_Mutant_Add_rzz_P19_Q3_[3.141592653589793].qasm,PureState_17,0.0,0.0,1.0,0.9929037538333052,0.8325546111576977,0.8319828431172546,0.9999999999999996,0.9999953956785432,3.9968053251732903e-16,4.604387283200966e-06,1.0126953125,1.64794921875,True,True,True,False,True,False,True,True,True,True,True,True
qpeexact_6_Mutant_Add_rzz_P19_Q3_[3.141592653589793].qasm,Quratest_17,0.0,0.0,0.39352432582791,0.8466170785690915,0.3861232755297582,0.7520547132928718,0.6130424113879839,0.9627185573618,0.0132769925382705,0.0058315856822483,0.14990234375,0.67431640625,True,True,True,False,True,False,True,True,True,True,True,True
qpeexact_6_Mutant_Add_rzz_P19_Q3_[3.141592653589793].qasm,PureState_18,0.0,0.0,0.3909494588524835,0.9729684798504455,0.3742487224294574,0.8168274893738633,0.461939766255643,0.9993045785146708,3.6197552942154943e-16,4.868978094522865e-05,0.05517578125,0.6357421875,True,True,True,False,True,False,True,True,True,True,True,True
qpeexact_6_Mutant_Add_rzz_P19_Q3_[3.141592653589793].qasm,Quratest_18,0.0,0.0,0.7452066673967045,0.9240994363686684,0.6790700809112642,0.7973895696427018,0.8345636792368223,0.9845081982997153,2.381904131350385e-08,0.000666121115011,0.1669921875,0.40234375,True,True,True,False,True,False,True,True,True,True,True,False
qpeexact_6_Mutant_Add_rzz_P19_Q3_[3.141592653589793].qasm,PureState_19,0.0,0.0,0.5414212790821915,0.98303578606563,0.5261078436275884,0.8237210559272323,0.7071067811865472,0.9939803278342344,3.884953603615851e-16,0.000115123591168,0.03759765625,0.6298828125,True,True,True,False,True,False,True,True,True,True,True,True
qpeexact_6_Mutant_Add_rzz_P19_Q3_[3.141592653589793].qasm,Quratest_19,0.0,0.0,0.5116485369786351,0.900985215938186,0.4971631081214621,0.7858764503119338,0.6792562958782402,0.9758564478798932,0.0222381019139251,0.0067529068049656,0.14501953125,0.478515625,True,True,True,False,True,False,True,True,True,True,True,False
qpeexact_6_Mutant_Add_rzz_P19_Q3_[3.141592653589793].qasm,PureState_20,0.0,0.0,0.731675499588676,0.9839326884430136,0.680132481536125,0.8235307977325538,0.8446231986207331,0.9939393820619816,3.9031824102191997e-16,0.0001044740005052,0.59375,0.73486328125,True,True,True,False,True,False,True,True,True,True,True,True
qpeexact_6_Mutant_Add_rzz_P19_Q3_[3.141592653589793].qasm,Quratest_20,0.0,0.0,0.2525713679840769,0.8117064281938123,0.2489766989725327,0.7250787148864257,0.2865673924905128,0.93242342365761,0.0096146422648468,0.0442942111835567,0.115234375,0.802734375,True,True,True,False,True,False,True,True,True,False,True,True
qpeexact_6_Mutant_Add_rzz_P19_Q3_[3.141592653589793].qasm,PureState_21,0.0,0.0,0.7318465077350066,0.9530298274792282,0.6805059009032518,0.8090874654566664,0.8446231986207329,0.9939393820619816,3.955454652831415e-16,0.0024003558716247,0.59375,1.32861328125,True,True,True,False,True,False,True,True,True,True,True,True
qpeexact_6_Mutant_Add_rzz_P19_Q3_[3.141592653589793].qasm,Quratest_21,0.0,0.0,0.4066472561501231,0.8449290366119538,0.3898359750167263,0.752172065309496,0.5122002060194251,0.9593081437360036,1.9914583022485944e-05,0.004256852153457,0.306640625,0.68359375,True,True,True,False,True,False,True,True,True,True,True,True
qpeexact_6_Mutant_Add_rzz_P19_Q3_[3.141592653589793].qasm,PureState_22,0.0,0.0,0.5436139569785035,0.7920615367782707,0.5281481413191852,0.7143823347124413,0.7071067811865474,0.927519205537593,2.9187874010687803e-16,0.00723478369303,0.232421875,0.328125,True,True,True,False,True,False,True,True,True,True,True,False
qpeexact_6_Mutant_Add_rzz_P19_Q3_[3.141592653589793].qasm,Quratest_22,0.0,0.0,0.3339472747828542,0.8557561606327803,0.3238715812450622,0.756001319009884,0.3695560888473004,0.9770859880563418,0.0955883198895756,0.0048266048674866,0.06396484375,0.76904296875,True,True,True,False,True,False,True,True,True,True,True,True
qpeexact_6_Mutant_Add_rzz_P19_Q3_[3.141592653589793].qasm,PureState_23,0.0,0.0,0.733692204087367,0.994115723336894,0.6817133479022113,0.8286485690799003,0.8446231986207331,0.9958937211130604,3.9552395596517126e-16,4.025288730683917e-05,0.61279296875,0.07177734375,True,True,True,False,True,False,True,True,True,True,True,False
qpeexact_6_Mutant_Add_rzz_P19_Q3_[3.141592653589793].qasm,Quratest_23,0.0,0.0,0.5469563439178396,0.8154366681003312,0.5210607561940898,0.725468898976232,0.6081760026767741,0.928657937726198,0.053649086191562,0.0395351035241675,0.05712890625,0.552734375,True,True,True,False,True,False,True,True,True,False,True,False
qpeexact_6_Mutant_Add_rzz_P19_Q3_[3.141592653589793].qasm,PureState_24,0.7126242709222843,0.0,0.0041354254423983,0.998053884106943,0.004135418833317,0.8321379446832969,1.249000902703301e-16,0.9999953334468628,3.1298582155889155e-16,3.659815520210848e-07,0.0,0.0810546875,False,True,False,False,False,False,False,True,True,True,False,False
qpeexact_6_Mutant_Add_rzz_P19_Q3_[3.141592653589793].qasm,Quratest_24,0.0,0.0,0.3046800429346011,0.8609855140955369,0.3000134234620881,0.764608798288876,0.3586668837400706,0.9724859358585368,0.2642775997328858,0.0033784427616475,0.02978515625,0.546875,True,True,True,False,True,False,True,True,True,True,True,False
qpeexact_6_Mutant_Add_rzz_P19_Q3_[3.141592653589793].qasm,PureState_25,0.0,0.0,0.7304087782308537,0.9868989590157732,0.6787968513797953,0.8283321016546887,0.8446231986207332,0.9993045785146708,3.996625705504689e-16,4.613403802313023e-06,0.1787109375,0.63818359375,True,True,True,False,True,False,True,True,True,True,True,True
qpeexact_6_Mutant_Add_rzz_P19_Q3_[3.141592653589793].qasm,Quratest_25,0.0,0.0,0.5958263376450359,0.9657819447662084,0.558768409231692,0.8165073372721916,0.692966831594112,0.9923923086448804,0.0001092901598594,9.052935200540247e-05,0.05908203125,0.546875,True,True,True,False,True,False,True,True,True,True,True,False
qpeexact_6_Mutant_Add_rzz_P19_Q3_[3.141592653589793].qasm,PureState_26,0.0,0.0,0.7344485864348826,0.9850081848383498,0.6826918954657245,0.823451055447431,0.8446231986207329,0.9993045785146708,3.817941947322067e-16,1.2058356441649224e-05,0.12890625,0.80517578125,True,True,True,False,True,False,True,True,True,True,True,True
qpeexact_6_Mutant_Add_rzz_P19_Q3_[3.141592653589793].qasm,Quratest_26,0.0,0.0,0.3175484301163448,0.9685763967993144,0.3108307804310073,0.8184081486847311,0.380134274856339,0.9957516694720512,0.0005664212520162,5.81326623057598e-05,0.16064453125,0.8056640625,True,True,True,False,True,False,True,True,True,True,True,True
qpeexact_6_Mutant_Add_rzz_P19_Q3_[3.141592653589793].qasm,PureState_27,0.0,0.0,0.5419166736169233,0.5064420581323726,0.5266008651911259,0.4669874469339107,0.7071067811865475,0.89845283690054,3.469026100341772e-16,0.0411348401468907,0.232421875,0.560546875,True,True,True,False,True,False,True,False,True,False,True,False
qpeexact_6_Mutant_Add_rzz_P19_Q3_[3.141592653589793].qasm,Quratest_27,0.0,0.0,0.5685662210843038,0.6301660757781022,0.5332790843659567,0.5704404018925259,0.6196105063188875,0.8967113623922611,0.000446332572761,0.0209578871852544,0.04052734375,0.65380859375,True,True,True,False,True,False,True,False,True,False,True,True
qpeexact_6_Mutant_Add_rzz_P19_Q3_[3.141592653589793].qasm,PureState_28,0.0,0.0,0.5410552332911832,0.9814716226773988,0.5257407921753798,0.8235777890828117,0.7071067811865472,0.9939803278342344,3.9087954947554194e-16,0.0001146693767479,0.03759765625,0.6298828125,True,True,True,False,True,False,True,True,True,True,True,True
qpeexact_6_Mutant_Add_rzz_P19_Q3_[3.141592653589793].qasm,Quratest_28,0.0,0.0,0.3279407949624884,0.893430577304293,0.3195297750901055,0.7788480318722785,0.4300707697291369,0.9662079561383377,1.0047844619585549e-05,0.0021935498227453,0.3095703125,0.5517578125,True,True,True,False,True,False,True,True,True,True,True,False
qpeexact_6_Mutant_Add_rzz_P19_Q3_[3.141592653589793].qasm,PureState_29,0.0,0.0,1.0,0.2136388933803674,0.8325546111576978,0.1787617176040464,0.9999999999999998,0.1328304784701723,2.283267856071136e-16,0.867169538685999,0.9873046875,0.35205078125,True,True,True,False,True,False,True,False,True,False,True,False
qpeexact_6_Mutant_Add_rzz_P19_Q3_[3.141592653589793].qasm,Quratest_29,0.0,0.0,0.4409031065115004,0.8505581580398934,0.4215063874254762,0.7505206985989517,0.4789016979283099,0.974646273741786,0.0073594265450062,0.0022446099644865,0.2587890625,0.4814453125,True,True,True,False,True,False,True,True,True,True,True,False
qpeexact_6_Mutant_Add_rzz_P19_Q3_[3.141592653589793].qasm,PureState_30,0.0880679100774435,0.0,0.0090290924812951,0.9705245473989168,0.0090289100691664,0.8174897894555021,2.1510571102112408e-16,0.9940209969767112,3.9022909129937165e-16,0.000463460512898,0.0,0.0810546875,True,True,False,False,False,False,False,True,True,True,False,False
qpeexact_6_Mutant_Add_rzz_P19_Q3_[3.141592653589793].qasm,Quratest_30,0.0,0.0,0.4797750040386284,0.649446693125779,0.4618090771438319,0.5924888595727517,0.5846110767070387,0.7771570277525832,0.0488505977985524,0.1711876918771374,0.171875,0.7021484375,True,True,True,False,True,False,True,False,True,False,True,True
qpeexact_6_Mutant_Add_rzz_P19_Q3_[3.141592653589793].qasm,PureState_31,0.0586159841080599,0.0,0.0096126020328025,0.952726601330282,0.0096124097700552,0.8100844280552252,1.5959455978986623e-16,0.9940209969767112,3.5331533530179155e-16,0.0025260422189668,0.0,1.34326171875,True,True,False,False,False,False,False,True,True,True,False,True
qpeexact_6_Mutant_Add_rzz_P19_Q3_[3.141592653589793].qasm,Quratest_31,0.0,0.0,0.3331942869082752,0.9099985635081664,0.32745757289113,0.7838668255457087,0.3966828932590643,0.972664938330634,0.0129873311952877,0.0023622457061416,0.17822265625,0.357421875,True,True,True,False,True,False,True,True,True,True,True,False
qpeexact_6_Mutant_Add_sx_P21_Q3_[].qasm,PureState_0,0.166916986277566,0.0,0.0114707209276254,0.4982015015001846,0.011470275462637,0.4611283604290074,1.7347234759768068e-17,0.8984528369005416,0.7500000000000093,0.0412841772959294,0.0,0.560546875,True,True,False,False,False,False,False,False,True,False,False,False
qpeexact_6_Mutant_Add_sx_P21_Q3_[].qasm,Quratest_0,1.7494324666443172e-06,0.0,0.0295245583995832,0.8062568194381052,0.0294277167043768,0.7353293062332117,7.990622950777371e-17,0.965829630312954,0.7343496720144126,0.0039965067258823,0.0,0.26708984375,True,True,False,False,False,False,False,True,True,True,False,False
qpeexact_6_Mutant_Add_sx_P21_Q3_[].qasm,PureState_1,0.330107712667515,0.0,0.014585070837662,0.9945707611402892,0.0145772608172863,0.8303708624427133,1.5086673230135794e-16,0.9993046878843496,0.5091529130879285,9.186005078432908e-07,0.0,0.625,False,True,False,False,False,False,False,True,True,True,False,True
qpeexact_6_Mutant_Add_sx_P21_Q3_[].qasm,Quratest_1,6.551618384925155e-05,0.0,0.0270743330945105,0.7993650069780466,0.0269908781922919,0.7158996833009158,1.0770405089164692e-16,0.934653496333861,0.6284440395407601,0.0201410339110521,0.0,0.8740234375,True,True,False,False,False,False,False,True,True,False,False,True
qpeexact_6_Mutant_Add_sx_P21_Q3_[].qasm,PureState_2,0.4033646228268004,0.0,0.0138030784991215,0.9898551484344914,0.0137975124329466,0.8282386079300651,9.367506770274757e-17,0.9993045785146724,0.8109296083845684,4.612078220217724e-06,0.0,0.63818359375,False,True,False,False,False,False,False,True,True,True,False,True
qpeexact_6_Mutant_Add_sx_P21_Q3_[].qasm,Quratest_2,0.0025778029696,0.0,0.0272452412462094,0.8196240618389053,0.0272397209302407,0.7264025036972437,9.500321536404244e-17,0.9358433433430776,0.5713065163234524,0.0352485328350707,0.0,0.6708984375,True,True,False,False,False,False,False,True,True,False,False,True
qpeexact_6_Mutant_Add_sx_P21_Q3_[].qasm,PureState_3,0.0925021250932345,0.0,0.0126882039682109,0.912132342210896,0.0126837329715015,0.7912393237867131,3.2526065174565127e-17,0.995168718055869,0.7500000000000107,0.0004231288004817,0.0,0.98828125,True,True,False,False,False,False,False,True,True,True,False,True
qpeexact_6_Mutant_Add_sx_P21_Q3_[].qasm,Quratest_3,0.0082722796479428,0.0,0.0200496287147648,0.9139110834705152,0.0200451817695266,0.7872735495199392,1.2108844200768576e-16,0.9767004704731092,0.5514749994785512,0.0028938594843718,0.0,0.5126953125,True,True,False,False,False,False,False,True,True,True,False,False
qpeexact_6_Mutant_Add_sx_P21_Q3_[].qasm,PureState_4,0.2217875331287521,0.0,0.0110942847687496,0.8597487212411697,0.0110926244027983,0.7668062956810467,1.1102230246251563e-16,0.9817123933687794,0.7500000000000099,0.0019204983906613,0.0,0.71044921875,True,True,False,False,False,False,False,True,True,True,False,True
qpeexact_6_Mutant_Add_sx_P21_Q3_[].qasm,Quratest_4,0.0003684240441788,0.0,0.0289079078629788,0.9024744267320004,0.0289003362979734,0.7819147882873031,1.292368989602721e-16,0.974509019976886,0.5259936479028822,0.0018756964009356,0.0,0.642578125,True,True,False,False,False,False,False,True,True,True,False,True
qpeexact_6_Mutant_Add_sx_P21_Q3_[].qasm,PureState_5,0.332451350742074,0.0,0.0139884723152653,0.9455414094940288,0.0139831823757269,0.807974964787559,2.2551405187698492e-17,0.9993045785146726,0.8109296083845676,0.0002778874698897,0.0,0.67626953125,False,True,False,False,False,False,False,True,True,True,False,True
qpeexact_6_Mutant_Add_sx_P21_Q3_[].qasm,Quratest_5,0.0904254103661125,0.0,0.0230306912362857,0.8573549569426571,0.0230233182478435,0.7597843300390593,1.1313310856707335e-16,0.9565595274927366,0.501712358720558,0.0131492564488147,0.0,0.68701171875,True,True,False,False,False,False,False,True,True,True,False,True
qpeexact_6_Mutant_Add_sx_P21_Q3_[].qasm,PureState_6,0.0419827567456751,0.0,0.0167487272001089,0.9965544209429158,0.0167456093055813,0.8313412423143899,6.032568650345127e-17,0.9998110891985454,0.5000000000000089,5.3057634293744075e-06,0.0,1.173828125,True,True,False,False,False,False,False,True,True,True,False,True
qpeexact_6_Mutant_Add_sx_P21_Q3_[].qasm,Quratest_6,0.032494223943101,0.0,0.025054311610265,0.6196677939764071,0.0250263732055513,0.546770419163547,3.649017936771531e-17,0.6631331015514833,0.8010019280566268,0.2767292622067432,0.0,0.4072265625,True,True,False,False,False,False,False,False,True,False,False,False
qpeexact_6_Mutant_Add_sx_P21_Q3_[].qasm,PureState_7,0.4021281180842298,0.0,0.0150060154258187,0.9948422163741776,0.014483227741006,0.8308791886719895,1.3858475456617059e-16,0.9998110891985454,0.5000000000000081,5.2850547331891455e-06,0.0,1.173828125,False,True,False,False,False,False,False,True,True,True,False,True
qpeexact_6_Mutant_Add_sx_P21_Q3_[].qasm,Quratest_7,0.0172865986125495,0.0,0.0258000975109231,0.9168890652848326,0.0257461989733566,0.7907353603542363,1.0660300825246804e-16,0.9892623889795176,0.5413472204326276,0.0004184941026326,0.0,0.65185546875,True,True,False,False,False,False,False,True,True,True,False,True
qpeexact_6_Mutant_Add_sx_P21_Q3_[].qasm,PureState_8,0.0,0.0,0.0235040389775235,0.9962270184625204,0.0230952804679572,0.8317657821517019,1.007494868782155e-16,0.9998253413384652,0.810929608384568,9.784571443538895e-07,0.0,0.45947265625,True,True,False,False,False,False,False,True,True,True,False,False
qpeexact_6_Mutant_Add_sx_P21_Q3_[].qasm,Quratest_8,0.0001043515095283,0.0,0.0294474978684105,0.9293092216390068,0.0294323325735229,0.7937000098166235,9.544695474928516e-17,0.9800780927444938,0.5183218629401102,0.0004602136812967,0.0,0.583984375,True,True,False,False,False,False,False,True,True,True,False,False
qpeexact_6_Mutant_Add_sx_P21_Q3_[].qasm,PureState_9,0.2726785951524925,0.0,0.0106590341861591,0.9537839646036744,0.0106575750669078,0.8100891990130519,9.367506770274757e-17,0.9939803278342364,0.5000000000000084,0.0024252216545552,0.0,0.630859375,True,True,False,False,False,False,False,True,True,True,False,True
qpeexact_6_Mutant_Add_sx_P21_Q3_[].qasm,Quratest_9,0.1350715991252255,0.0,0.0228650574998178,0.8488136983454116,0.0227739907228616,0.7493507636829052,1.504059463780516e-16,0.962790678105487,0.6766257941821359,0.0034474111874087,0.0,0.85107421875,True,True,False,False,False,False,False,True,True,True,False,True
qpeexact_6_Mutant_Add_sx_P21_Q3_[].qasm,PureState_10,0.8008310784238674,0.0,0.0035405563357056,0.9500441244448512,0.0035405495211955,0.8088575121964288,5.551115123125783e-17,0.9940209969767132,0.500000000000009,0.0025206137156932,0.0,1.34326171875,False,True,False,False,False,False,False,True,True,True,False,True
qpeexact_6_Mutant_Add_sx_P21_Q3_[].qasm,Quratest_10,0.0,0.0,0.0251762076029952,0.8144356530487448,0.0241970876506777,0.7332500037847856,9.882799263736912e-17,0.9554030226227216,0.5035713932139928,0.0103590582596047,0.0,0.5380859375,True,True,False,False,False,False,False,True,True,True,False,False
qpeexact_6_Mutant_Add_sx_P21_Q3_[].qasm,PureState_11,0.0288479498036804,0.0,0.0181269129148599,0.9879586700670044,0.0176870324680713,0.8284167356297233,6.68342876701533e-17,0.9970910946110938,0.500000000000009,3.207632953230548e-05,0.0,0.1552734375,True,True,False,False,False,False,False,True,True,True,False,False
qpeexact_6_Mutant_Add_sx_P21_Q3_[].qasm,Quratest_11,0.0011228287325346,0.0,0.0280960262538192,0.9091274409908116,0.0280629523039386,0.7884841586324753,6.632522086885348e-17,0.981037216715587,0.5530364269720999,0.0008667176228708,0.0,0.5869140625,True,True,False,False,False,False,False,True,True,True,False,False
qpeexact_6_Mutant_Add_sx_P21_Q3_[].qasm,PureState_12,0.2460472097728286,0.0,0.0041012575761386,0.993865425161768,0.0041012518271605,0.8317960920947831,5.551115123125784e-17,0.9999953649742812,1.000000000000011,2.3175595700595436e-06,0.0,0.63525390625,True,True,False,False,False,False,False,True,False,True,False,True
qpeexact_6_Mutant_Add_sx_P21_Q3_[].qasm,Quratest_12,4.591352081498e-07,0.0,0.0315367478195139,0.8835289803858405,0.0315085319729972,0.7746246348501694,1.2479167005308156e-16,0.9681780406995952,0.5001145114588966,0.0062657389731724,0.0,1.046875,True,True,False,False,False,False,False,True,True,True,False,True
qpeexact_6_Mutant_Add_sx_P21_Q3_[].qasm,PureState_13,0.0055305814388454,0.0,0.0123887303670209,0.9954489727867526,0.012387682181336,0.8320486146227731,2.7755575615628914e-17,0.9999953334468644,0.5000000000000089,3.617445514882217e-07,0.0,0.0810546875,True,True,False,False,False,False,False,True,True,True,False,False
qpeexact_6_Mutant_Add_sx_P21_Q3_[].qasm,Quratest_13,0.0,0.0,0.0319070652059939,0.9537613156672234,0.0313938696904766,0.8123598415734601,7.578403779084225e-17,0.9884865990542409,0.544097291124495,0.0002508206367781,0.0,0.51025390625,True,True,False,False,False,False,False,True,True,True,False,False
qpeexact_6_Mutant_Add_sx_P21_Q3_[].qasm,PureState_14,0.0001076923665903,0.0,0.017763841230905,0.9875888721922896,0.0177339672849069,0.8287671603258725,1.0972125985553304e-16,0.9970919135931816,0.5000000000000084,3.7212570421919696e-05,0.0,0.66748046875,True,True,False,False,False,False,False,True,True,True,False,True
qpeexact_6_Mutant_Add_sx_P21_Q3_[].qasm,Quratest_14,1.1473328548892345e-05,0.0,0.0313829833190478,0.8554637673339525,0.0313517037196798,0.7512335290482844,6.870284774139498e-17,0.9618199665957567,0.5070870571395997,0.0028073364195834,0.0,0.56494140625,True,True,False,False,False,False,False,True,True,True,False,False
qpeexact_6_Mutant_Add_sx_P21_Q3_[].qasm,PureState_15,0.1710608891184019,0.0,0.0157514868210167,0.9911235556964024,0.0157480226460564,0.8299605982635313,2.883977778811442e-17,0.999161155991597,0.5000000000000082,9.2274959786408e-06,0.0,1.15478515625,True,True,False,False,False,False,False,True,True,True,False,True
qpeexact_6_Mutant_Add_sx_P21_Q3_[].qasm,Quratest_15,0.0510889112222218,0.0,0.0179097634660708,0.9793207563147962,0.0179070046474031,0.8218070296241521,1.437692550527248e-16,0.9932245941506324,0.54894966105721,8.563441044602972e-05,0.0,0.85498046875,True,True,False,False,False,False,False,True,True,True,False,True
qpeexact_6_Mutant_Add_sx_P21_Q3_[].qasm,PureState_16,0.0605371335330787,0.0,0.017709928849855,0.9847630292013276,0.0172499914605542,0.8234476046400936,1.384119598449307e-16,0.9939393820619828,0.5000000000000085,0.0001046994739832,0.0,0.73486328125,True,True,False,False,False,False,False,True,True,True,False,True
qpeexact_6_Mutant_Add_sx_P21_Q3_[].qasm,Quratest_16,0.0610868093944859,0.0,0.023452903951384,0.8851868043677947,0.0234434826291569,0.7672025400712132,1.1820514185523212e-16,0.9694842860885158,0.513313231305452,0.0020960421881236,0.0,0.5556640625,True,True,False,False,False,False,False,True,True,True,False,False
qpeexact_6_Mutant_Add_sx_P21_Q3_[].qasm,PureState_17,,0.0,0.0,0.9929037538333052,0.0,0.8319828431172546,8.055847648391335e-33,0.9999953956785448,1.000000000000011,4.604387283200979e-06,0.0,1.64794921875,False,True,False,False,False,False,False,True,False,True,False,True
qpeexact_6_Mutant_Add_sx_P21_Q3_[].qasm,Quratest_17,0.0,0.0,0.0255069279035061,0.8429925080239098,0.0239386067375883,0.7504540338690963,9.332249023845298e-17,0.962718557361802,0.5321573594244123,0.0058315856822483,0.0,0.67431640625,True,True,False,False,False,False,False,True,True,True,False,True
qpeexact_6_Mutant_Add_sx_P21_Q3_[].qasm,PureState_18,0.2777778787195467,0.0,0.0145488024292712,0.9764358012752576,0.0145250510539791,0.8187761092530509,3.789286592836838e-17,0.9993045785146724,0.5091529130879282,4.868978094522896e-05,0.0,0.6357421875,True,True,False,False,False,False,False,True,True,True,False,True
qpeexact_6_Mutant_Add_sx_P21_Q3_[].qasm,Quratest_18,0.5493672032878489,0.0,0.0193349597892455,0.9225515556242594,0.0193245476964434,0.7971537068148274,7.174652289885662e-17,0.9845081982997173,0.7538063162934673,0.000666121115011,0.0,0.40234375,False,True,False,False,False,False,False,True,True,True,False,False
qpeexact_6_Mutant_Add_sx_P21_Q3_[].qasm,PureState_19,1.0344850777044248e-10,0.0,0.0270330231920082,0.982456080984776,0.027022484086263,0.8241466539419855,4.8572257327350605e-17,0.9939803278342362,0.5000000000000082,0.000115123591168,0.0,0.6298828125,True,True,False,False,False,False,False,True,True,True,False,True
qpeexact_6_Mutant_Add_sx_P21_Q3_[].qasm,Quratest_19,0.1264800673378397,0.0,0.0256702471073345,0.9016250923813234,0.0253017184911825,0.7852665862418152,5.974292783574031e-17,0.975856447879895,0.5023310252692752,0.0067529068049656,0.0,0.478515625,True,True,False,False,False,False,False,True,True,True,False,False
qpeexact_6_Mutant_Add_sx_P21_Q3_[].qasm,PureState_20,0.0,0.0,0.0165709277912169,0.9825934448807724,0.0160978657882587,0.8228803660468869,9.877081791342943e-17,0.9939393820619828,0.5000000000000084,0.0001044740005052,0.0,0.73486328125,True,True,False,False,False,False,False,True,True,True,False,True
qpeexact_6_Mutant_Add_sx_P21_Q3_[].qasm,Quratest_20,0.0,0.0,0.0277271864028951,0.8109672185951211,0.0274090839330779,0.7242678434396497,4.8306024284116725e-17,0.9324234236576115,0.5000003994012218,0.0442942111835568,0.0,0.802734375,True,True,False,False,False,False,False,True,True,False,False,True
qpeexact_6_Mutant_Add_sx_P21_Q3_[].qasm,PureState_21,0.0046059453455235,0.0,0.0196610719250589,0.953839387281793,0.0196531594574914,0.8096934589572333,4.640385298237959e-17,0.9939393820619836,0.5000000000000084,0.0024003558716247,0.0,1.32861328125,True,True,False,False,False,False,False,True,True,True,False,True
qpeexact_6_Mutant_Add_sx_P21_Q3_[].qasm,Quratest_21,0.0004974685578873,0.0,0.0226752730206657,0.8503393821007182,0.0226708341905241,0.7552074065477891,8.382238046028556e-17,0.9593081437360056,0.5178304282641795,0.0042568521534571,0.0,0.68359375,True,True,False,False,False,False,False,True,True,True,False,True
qpeexact_6_Mutant_Add_sx_P21_Q3_[].qasm,PureState_22,0.0349096719145566,0.0,0.0134687052432419,0.7896980118287473,0.0134657749797162,0.7128336553911236,5.1608023410310005e-17,0.9275192055375946,0.7500000000000085,0.00723478369303,0.0,0.328125,True,True,False,False,False,False,False,True,True,True,False,False
qpeexact_6_Mutant_Add_sx_P21_Q3_[].qasm,Quratest_22,0.0003127571442128,0.0,0.0289984455422277,0.8593247684226663,0.0289819028637155,0.7585658441688174,1.037039377982385e-16,0.9770859880563436,0.5438000673874577,0.0048266048674866,0.0,0.76904296875,True,True,False,False,False,False,False,True,True,True,False,True
qpeexact_6_Mutant_Add_sx_P21_Q3_[].qasm,PureState_23,0.0001653644519525,0.0,0.022374553846442,0.9911468059393684,0.0223434460191004,0.8286196543456984,3.7296554733501346e-17,0.9958937211130616,0.5000000000000089,4.02528873068388e-05,0.0,0.07177734375,True,True,False,False,False,False,False,True,True,True,False,False
qpeexact_6_Mutant_Add_sx_P21_Q3_[].qasm,Quratest_23,6.587616129858056e-11,0.0,0.0325511068131444,0.817657794377195,0.0322625462921036,0.7273726687468318,8.573138096515999e-17,0.9286579377261996,0.6838635470182058,0.0395351035241677,0.0,0.552734375,True,True,False,False,False,False,False,True,True,False,False,False
qpeexact_6_Mutant_Add_sx_P21_Q3_[].qasm,PureState_24,0.4875403149351494,0.0,0.0055227877514963,0.998053884106943,0.0055227418657985,0.8321379446832969,1.5959455978986623e-16,0.9999953334468644,0.5000000000000087,3.6598155202109e-07,0.0,0.0810546875,False,True,False,False,False,False,False,True,True,True,False,False
qpeexact_6_Mutant_Add_sx_P21_Q3_[].qasm,Quratest_24,1.271562251522914e-05,0.0,0.0303097178683773,0.8576784140155642,0.0302146066869492,0.7617858573867907,6.949566519042633e-17,0.9724859358585384,0.5465033868858403,0.0033784427616475,0.0,0.546875,True,True,False,False,False,False,False,True,True,True,False,False
qpeexact_6_Mutant_Add_sx_P21_Q3_[].qasm,PureState_25,0.0002440579243267,0.0,0.0202848866817188,0.989555852145208,0.0202326206325563,0.8283252775880326,1.4441572937506922e-16,0.9993045785146724,0.8109296083845684,4.61340380231302e-06,0.0,0.63818359375,True,True,False,False,False,False,False,True,True,True,False,True
qpeexact_6_Mutant_Add_sx_P21_Q3_[].qasm,Quratest_25,0.0,0.0,0.0362057586184379,0.9667728579931968,0.0335317433382721,0.816403825640777,6.246613876116289e-17,0.9923923086448828,0.6395729954441851,9.052935200539926e-05,0.0,0.546875,True,True,False,False,False,False,False,True,True,True,False,False
qpeexact_6_Mutant_Add_sx_P21_Q3_[].qasm,PureState_26,0.0,0.0,0.0284737270025681,0.9851604811134534,0.0279182600654166,0.8239332559314502,8.181660644118738e-17,0.9993045785146724,0.8109296083845682,1.205835644164927e-05,0.0,0.80517578125,True,True,False,False,False,False,False,True,True,True,False,True
qpeexact_6_Mutant_Add_sx_P21_Q3_[].qasm,Quratest_26,0.0,0.0,0.0258046002318267,0.9683392790703657,0.0238625080270024,0.8177267134113085,1.3248685849976847e-16,0.995751669472053,0.553757262613497,5.813266230575927e-05,0.0,0.8056640625,True,True,False,False,False,False,False,True,True,True,False,True
qpeexact_6_Mutant_Add_sx_P21_Q3_[].qasm,PureState_27,0.0004581257366744,0.0,0.01671556906481,0.5016792880681957,0.016696981186653,0.4639312964740568,4.6837533851373785e-17,0.8984528369005413,0.7500000000000085,0.0411348401468908,0.0,0.560546875,True,True,False,False,False,False,False,False,True,False,False,False
qpeexact_6_Mutant_Add_sx_P21_Q3_[].qasm,Quratest_27,0.0044654830939414,0.0,0.0258015303202733,0.6364674902148167,0.0257925012594549,0.5725272046102349,1.3271926316467135e-16,0.8967113623922627,0.5128903683810198,0.0209578871852545,0.0,0.65380859375,True,True,False,False,False,False,False,False,True,False,False,True
qpeexact_6_Mutant_Add_sx_P21_Q3_[].qasm,PureState_28,0.0267437897040685,0.0,0.0138787806950469,0.9788090168825552,0.0138753895941511,0.8228247656817587,2.6020852139652106e-17,0.9939803278342364,0.5000000000000087,0.0001146693767479,0.0,0.6298828125,True,True,False,False,False,False,False,True,True,True,False,True
qpeexact_6_Mutant_Add_sx_P21_Q3_[].qasm,Quratest_28,0.0,0.0,0.026931210344253,0.8941946410117012,0.0244705514557156,0.7774245006654514,9.57499807861654e-17,0.9662079561383404,0.5482055995989852,0.0021935498227453,0.0,0.5517578125,True,True,False,False,False,False,False,True,True,True,False,False
qpeexact_6_Mutant_Add_sx_P21_Q3_[].qasm,PureState_29,,0.0,0.0,0.213147917882071,0.0,0.1783468078495135,2.0355364171368308e-33,0.1328304784701711,1.000000000000011,0.8671695386860019,0.0,0.35205078125,False,True,False,False,False,False,False,False,False,False,False,False
qpeexact_6_Mutant_Add_sx_P21_Q3_[].qasm,Quratest_29,0.107339855703201,0.0,0.0230290828446316,0.8503342719833277,0.023021756433581,0.750136566625498,8.184159391313138e-17,0.974646273741788,0.5112362539196529,0.0022446099644865,0.0,0.4814453125,True,True,False,False,False,False,False,True,True,True,False,False
qpeexact_6_Mutant_Add_sx_P21_Q3_[].qasm,PureState_30,0.3131466499160046,0.0,0.0066702473509777,0.9734019124744844,0.0066702219189991,0.8191560416361976,6.938893903907227e-17,0.994020996976713,0.5000000000000085,0.000463460512898,0.0,0.0810546875,True,True,False,False,False,False,False,True,True,True,False,False
qpeexact_6_Mutant_Add_sx_P21_Q3_[].qasm,Quratest_30,0.0060111220015109,0.0,0.0198057982107067,0.6461052481863916,0.0198037249132252,0.5897928816362205,1.917953643126857e-16,0.777157027752585,0.5585129819646584,0.1711876918771381,0.0,0.7021484375,True,True,False,False,False,False,False,False,True,False,False,True
qpeexact_6_Mutant_Add_sx_P21_Q3_[].qasm,PureState_31,0.2660106112652556,0.0,0.0069718673641625,0.951881539333316,0.0069717391931745,0.8094198230530213,7.63278329429795e-17,0.9940209969767122,0.5000000000000087,0.0025260422189668,0.0,1.34326171875,True,True,False,False,False,False,False,True,True,True,False,True
qpeexact_6_Mutant_Add_sx_P21_Q3_[].qasm,Quratest_31,0.0097269030899256,0.0,0.0254895696293153,0.9088436893987972,0.0254779271357753,0.7830165989614011,1.3349408655317224e-16,0.9726649383306356,0.5678132736003069,0.0023622457061416,0.0,0.357421875,True,True,False,False,False,False,False,True,True,True,False,False
qpeexact_6_Mutant_Add_z_P25_Q4_[].qasm,PureState_0,0.0,0.0,0.7331210695920832,0.4945581729398933,0.6811201543656002,0.4590670313366728,0.844623198620733,0.8984528369005411,3.320439706645765e-16,0.0412841774409631,0.14990234375,0.560546875,True,True,True,False,True,False,True,False,True,False,True,False
qpeexact_6_Mutant_Add_z_P25_Q4_[].qasm,Quratest_0,0.0,0.0,0.4625557785495863,0.7985033780398522,0.4479897811578357,0.7312837734864944,0.560842047754001,0.9658296303133476,0.2617034226233736,0.0039965067080014,0.77978515625,0.26708984375,True,True,True,False,True,False,True,True,True,True,True,False
qpeexact_6_Mutant_Add_z_P25_Q4_[].qasm,PureState_1,0.0,0.0,0.6439136233475783,0.992694742569892,0.6076602364646696,0.8298790329305031,0.7762696487589354,0.999304687884352,3.956571742412748e-16,9.186004998134136e-07,0.0107421875,0.625,True,True,True,False,True,False,True,True,True,True,True,True
qpeexact_6_Mutant_Add_z_P25_Q4_[].qasm,Quratest_1,0.0,0.0,0.4640896677482738,0.7916239059698326,0.4450051346645464,0.7134584597061601,0.7570237225068641,0.9346534963342364,0.0324020693595144,0.0201410338381647,0.435546875,0.8740234375,True,True,True,False,True,False,True,True,True,False,True,True
qpeexact_6_Mutant_Add_z_P25_Q4_[].qasm,PureState_2,0.0,0.0,0.8404861852036124,0.987412211821973,0.7536144306942985,0.8277391346883506,0.92092288126309,0.999304578514672,3.9913444173480687e-16,4.612078187654643e-06,0.0380859375,0.63818359375,True,True,True,False,True,False,True,True,True,True,True,True
qpeexact_6_Mutant_Add_z_P25_Q4_[].qasm,Quratest_2,0.0,0.0,0.424486170121757,0.8175553549323469,0.4044146962175362,0.725561502369793,0.7489839993747223,0.9358433433434524,3.9985372831302894e-16,0.0352485327803692,0.0625,0.6708984375,True,True,True,False,True,False,True,True,True,False,True,True
qpeexact_6_Mutant_Add_z_P25_Q4_[].qasm,PureState_3,0.0,0.0,0.3947124181095386,0.9120104023335364,0.3777439577292318,0.7919473707635925,0.4619397662556431,0.9951687180562212,3.7070795703769643e-16,0.0004231288189609,0.66015625,0.98828125,True,True,True,False,True,False,True,True,True,True,True,True
qpeexact_6_Mutant_Add_z_P25_Q4_[].qasm,Quratest_3,0.0,0.0,0.379594680275866,0.9084725000739085,0.3618290596070656,0.7840200860990717,0.4069720514678642,0.976700470476594,0.2359285910465731,0.0028938594349,0.23828125,0.5126953125,True,True,True,False,True,False,True,True,True,True,True,False
qpeexact_6_Mutant_Add_z_P25_Q4_[].qasm,PureState_4,0.0,0.0,0.7292881900646301,0.8574754709551861,0.6784888781823046,0.7657531605609106,0.8446231986207331,0.9817123933691314,2.788379386027972e-16,0.0019204983720457,0.14990234375,0.71044921875,True,True,True,False,True,False,True,True,True,True,True,True
qpeexact_6_Mutant_Add_z_P25_Q4_[].qasm,Quratest_4,2.0485850991530927e-14,0.0,0.0403319064679702,0.9037258530940788,0.0403064129176952,0.7822477703502807,0.0773116675670011,0.9745090199773004,0.9865232671582091,0.0018756964171735,0.02392578125,0.642578125,True,True,False,False,False,False,True,True,True,True,True,True
qpeexact_6_Mutant_Add_z_P25_Q4_[].qasm,PureState_5,0.0,0.0,0.8486776528207891,0.9471304561209316,0.7587180188134849,0.8083553088021137,0.92092288126309,0.999304578514672,3.944085588387819e-16,0.0002778874703189,0.0380859375,0.67626953125,True,True,True,False,True,False,True,True,True,True,True,True
qpeexact_6_Mutant_Add_z_P25_Q4_[].qasm,Quratest_5,0.0,0.0,0.4841679983978525,0.860854922937552,0.4585832482723215,0.761533407048239,0.6296486731820764,0.9565595274958506,0.0324020693595143,0.0131492564017437,0.03759765625,0.68701171875,True,True,True,False,True,False,True,True,True,True,True,True
qpeexact_6_Mutant_Add_z_P25_Q4_[].qasm,PureState_6,0.0,0.0,0.4752495401742637,0.994684696429684,0.4586252918252999,0.8308069072902062,0.57984590916216,0.9998110891985664,3.9445976412303196e-16,5.305763556613864e-06,1.0185546875,1.173828125,True,True,True,False,True,False,True,True,True,True,True,True
qpeexact_6_Mutant_Add_z_P25_Q4_[].qasm,Quratest_6,0.0,0.0,0.7216026822327418,0.6203216908210282,0.6471197214607892,0.5478020145112088,0.9393284701049897,0.6631331015515295,3.7961704455067916e-16,0.2767292622130901,0.47314453125,0.4072265625,True,True,True,False,True,False,True,False,True,False,True,False
qpeexact_6_Mutant_Add_z_P25_Q4_[].qasm,PureState_7,0.0,0.0,0.4703503393895413,0.9956192446651132,0.4538300715141865,0.8312081605094761,0.57984590916216,0.9998110891985664,3.9266462229521576e-16,5.285054858951752e-06,1.0185546875,1.173828125,True,True,True,False,True,False,True,True,True,True,True,True
qpeexact_6_Mutant_Add_z_P25_Q4_[].qasm,Quratest_7,0.0,0.0,0.4210249076680134,0.9185495550908622,0.4074066558878513,0.7917273756732539,0.5467279936491423,0.9892623889799368,0.0064898147731067,0.0004184941156676,0.01123046875,0.65185546875,True,True,True,False,True,False,True,True,True,True,True,True
qpeexact_6_Mutant_Add_z_P25_Q4_[].qasm,PureState_8,0.0,0.0,0.279819075897646,0.9932656195203314,0.2638164973470821,0.8304956702876073,0.2858770085573204,0.9998253413384676,3.978809305903151e-16,9.784571768007122e-07,0.345703125,0.45947265625,True,True,True,False,True,False,True,True,True,True,True,False
qpeexact_6_Mutant_Add_z_P25_Q4_[].qasm,Quratest_8,0.0,0.0,0.2176064473466802,0.9269495566203888,0.213465843190616,0.7931413134340372,0.2846407031811709,0.98007809274489,0.0675161320840616,0.0004602136783477,0.09130859375,0.583984375,True,True,True,False,True,False,True,True,True,True,True,False
qpeexact_6_Mutant_Add_z_P25_Q4_[].qasm,PureState_9,0.0,0.0,0.7275591396145537,0.954901176197313,0.6771232125526954,0.810917324396995,0.8446231986207328,0.9939803278342358,3.990744729339995e-16,0.002425221648764,0.0009765625,0.630859375,True,True,True,False,True,False,True,True,True,True,True,True
qpeexact_6_Mutant_Add_z_P25_Q4_[].qasm,Quratest_9,0.0,0.0,0.4329181416026983,0.8526729658293243,0.4150302170420539,0.7510477399868478,0.450633249934399,0.9627906781058412,0.0481620097135216,0.0034474111558904,0.43212890625,0.85107421875,True,True,True,False,True,False,True,True,True,True,True,True
qpeexact_6_Mutant_Add_z_P25_Q4_[].qasm,PureState_10,0.0,0.0,0.541373615847768,0.9527191150344488,0.5261214624239219,0.8101669641235851,0.7071067811865474,0.9940209969767128,3.983574610822244e-16,0.0025206137050405,1.42431640625,1.34326171875,True,True,True,False,True,False,True,True,True,True,True,True
qpeexact_6_Mutant_Add_z_P25_Q4_[].qasm,Quratest_10,0.0,0.0,0.3737748022258352,0.8145306820175079,0.3580259960889663,0.7326408879234574,0.6090953465919948,0.9554030226230762,0.0085374503906287,0.0103590582237815,0.19921875,0.5380859375,True,True,True,False,True,False,True,True,True,True,True,False
qpeexact_6_Mutant_Add_z_P25_Q4_[].qasm,PureState_11,0.0,0.0,0.4732260278769458,0.9876850075421753,0.4568160057919225,0.8284766219012037,0.57984590916216,0.9970910946111148,4.050869252411276e-16,3.207633012613416e-05,1.0185546875,0.1552734375,True,True,True,False,True,False,True,True,True,True,True,False
qpeexact_6_Mutant_Add_z_P25_Q4_[].qasm,Quratest_11,0.0,0.0,0.6281255556060285,0.9088474741851248,0.5957415656781501,0.7891393885985601,0.815266058062769,0.9810372167160272,3.931534544826355e-16,0.0008667176202174,0.14501953125,0.5869140625,True,True,True,False,True,False,True,True,True,True,True,False
qpeexact_6_Mutant_Add_z_P25_Q4_[].qasm,PureState_12,0.2076678259095127,0.0,0.0044549712744864,0.989962634103937,0.0044549639040153,0.8307663935136339,1.3877787807814454e-16,0.9999953649742834,1.4590812616971199e-16,2.3175595688549416e-06,0.0,0.63525390625,True,True,False,False,False,False,False,True,True,True,False,True
qpeexact_6_Mutant_Add_z_P25_Q4_[].qasm,Quratest_12,0.0,0.0,0.4653149663003725,0.8848692822631984,0.4405202296124478,0.7750425966271467,0.5227895841634462,0.9681780406999936,0.0735239702513249,0.0062657389639138,0.79052734375,1.046875,True,True,True,False,True,False,True,True,True,True,True,True
qpeexact_6_Mutant_Add_z_P25_Q4_[].qasm,PureState_13,0.0,0.0,0.5454858124031424,0.9987146506806972,0.5298225311356252,0.8323295805800264,0.7071067811865472,0.9999953334468642,3.9417410154202004e-16,3.6174454315983705e-07,1.42431640625,0.0810546875,True,True,True,False,True,False,True,True,True,True,True,False
qpeexact_6_Mutant_Add_z_P25_Q4_[].qasm,Quratest_13,0.0,0.0,0.3123987787351919,0.9554470145078138,0.2950680708700465,0.8127808926603597,0.3223857522551178,0.988486599054308,0.1148545376115112,0.0002508206370934,0.24658203125,0.51025390625,True,True,True,False,True,False,True,True,True,True,True,False
qpeexact_6_Mutant_Add_z_P25_Q4_[].qasm,PureState_14,0.0,0.0,0.3987319639651168,0.987506285884543,0.3805123518607134,0.8287914514438899,0.4619397662556431,0.9970919135932026,3.9285622982152064e-16,3.721257222349697e-05,0.00830078125,0.66748046875,True,True,True,False,True,False,True,True,True,True,True,True
qpeexact_6_Mutant_Add_z_P25_Q4_[].qasm,Quratest_14,0.0,0.0,0.3704657167024241,0.8524566185247475,0.3571116167000649,0.7497877691880287,0.4741674785796179,0.9618199665961504,0.0604844870747081,0.0028073364343998,0.1376953125,0.56494140625,True,True,True,False,True,False,True,True,True,True,True,False
qpeexact_6_Mutant_Add_z_P25_Q4_[].qasm,PureState_15,0.0,0.0,0.646034639979114,0.9934497514622268,0.6065074761640145,0.8302354302269325,0.7762696487589353,0.9991611559916178,4.1524162868556527e-16,9.227495853492614e-06,1.01953125,1.15478515625,True,True,True,False,True,False,True,True,True,True,True,True
qpeexact_6_Mutant_Add_z_P25_Q4_[].qasm,Quratest_15,0.0,0.0,0.427598528736938,0.9797851434657592,0.4124277223232414,0.8219823646749497,0.6304526566163258,0.9932245941506316,0.0470256399416553,8.563441003941184e-05,0.39892578125,0.85498046875,True,True,True,False,True,False,True,True,True,True,True,True
qpeexact_6_Mutant_Add_z_P25_Q4_[].qasm,PureState_16,0.0,0.0,0.2898993067946939,0.9822191599787587,0.274791622491543,0.8234044387979241,0.2858770085573203,0.9939393820619828,4.059124585457097e-16,0.0001046994770778,0.19384765625,0.73486328125,True,True,True,False,True,False,True,True,True,True,True,True
qpeexact_6_Mutant_Add_z_P25_Q4_[].qasm,Quratest_16,0.0,0.0,0.4483433993737443,0.8859350279577726,0.4234982593970107,0.7677632111642444,0.686392681915729,0.9694842860888908,0.044060201836999,0.0020960421985285,0.158203125,0.5556640625,True,True,True,False,True,False,True,True,True,True,True,False
qpeexact_6_Mutant_Add_z_P25_Q4_[].qasm,PureState_17,0.0,0.0,1.0,1.0,0.8325546111576977,0.8325546111576977,0.9999999999999996,0.9999953956785445,3.996805325726166e-16,4.60438728322231e-06,2.0,1.64794921875,True,True,True,False,True,False,True,True,True,True,True,True
qpeexact_6_Mutant_Add_z_P25_Q4_[].qasm,Quratest_17,0.0,0.0,0.5246058271846732,0.843539951799081,0.5034011702136431,0.7522985030308874,0.7094907382922179,0.96271855736525,0.0917693573937539,0.0058315856753846,0.04931640625,0.67431640625,True,True,True,False,True,False,True,True,True,True,True,True
qpeexact_6_Mutant_Add_z_P25_Q4_[].qasm,PureState_18,0.0,0.0,0.6468772406639975,0.9757579559634788,0.6084554271558875,0.8187931754950577,0.7762696487589352,0.999304578514672,3.699964779952095e-16,4.868978101498399e-05,0.0107421875,0.6357421875,True,True,True,False,True,False,True,True,True,True,True,True
qpeexact_6_Mutant_Add_z_P25_Q4_[].qasm,Quratest_18,0.0,0.0,0.2369754089444781,0.9229006118986532,0.2330348863710223,0.7969278006569198,0.4770404029633229,0.9845081983032278,0.0441374062835208,0.0006661211072498,0.5078125,0.40234375,True,True,True,False,True,False,True,True,True,True,True,False
qpeexact_6_Mutant_Add_z_P25_Q4_[].qasm,PureState_19,0.0,0.0,0.7317006310739084,0.982111406184224,0.6802093375948821,0.8243580362311271,0.8446231986207327,0.9939803278342358,3.9950594979708535e-16,0.0001151235893648,0.0009765625,0.6298828125,True,True,True,False,True,False,True,True,True,True,True,True
qpeexact_6_Mutant_Add_z_P25_Q4_[].qasm,Quratest_19,0.0,0.0,0.1607627273916031,0.902789847363524,0.1600107720382254,0.7866130766956814,0.3188690463435997,0.9758564478799412,0.8035827795502896,0.0067529068098433,0.32958984375,0.478515625,True,True,True,False,True,False,True,True,True,True,True,False
qpeexact_6_Mutant_Add_z_P25_Q4_[].qasm,PureState_20,0.0,0.0,0.2922764367751767,0.9852418566155884,0.2750276414782766,0.8240503381184865,0.2858770085573203,0.9939393820619828,4.832057567472922e-16,0.0001044740035955,0.19384765625,0.73486328125,True,True,True,False,True,False,True,True,True,True,True,True
qpeexact_6_Mutant_Add_z_P25_Q4_[].qasm,Quratest_20,0.0,0.0,0.6294192018911389,0.8147571520395878,0.5888747959298272,0.7265193242991592,0.7250072001168061,0.9324234236607122,0.0033408618027609,0.0442942112205424,0.33447265625,0.802734375,True,True,True,False,True,False,True,True,True,False,True,True
qpeexact_6_Mutant_Add_z_P25_Q4_[].qasm,PureState_21,0.0,0.0,0.8494973716782328,0.9504982165283712,0.7598228647083239,0.8073794933966296,0.9209228812630896,0.9939393820619832,3.9998239288074653e-16,0.0024003558685338,1.400390625,1.32861328125,True,True,True,False,True,False,True,True,True,True,True,True
qpeexact_6_Mutant_Add_z_P25_Q4_[].qasm,Quratest_21,0.0,0.0,0.4314906130847338,0.8427487966473546,0.4178589627270136,0.7512212806486813,0.7018880078753478,0.9593081437363572,0.006227328827115,0.0042568521513784,0.10546875,0.68359375,True,True,True,False,True,False,True,True,True,True,True,True
qpeexact_6_Mutant_Add_z_P25_Q4_[].qasm,PureState_22,0.0,0.0,0.3901375881670396,0.7949748566472098,0.3735657200028179,0.7143001946161128,0.4619397662556432,0.9275192055379464,3.5541458997480083e-16,0.0072347835480451,0.66015625,0.328125,True,True,True,False,True,False,True,True,True,True,True,False
qpeexact_6_Mutant_Add_z_P25_Q4_[].qasm,Quratest_22,0.0,0.0,0.2284772343864049,0.8611729776815988,0.2261427717581617,0.7583116662184177,0.2853616543154633,0.9770859880567582,0.7082843343640289,0.0048266048566203,0.2255859375,0.76904296875,True,True,True,False,True,False,True,True,True,True,True,True
qpeexact_6_Mutant_Add_z_P25_Q4_[].qasm,PureState_23,0.0,0.0,0.849322970458778,0.9871401955711564,0.7594954821175827,0.8277211731078219,0.92092288126309,0.9958937211130824,3.977349977664544e-16,4.0252886905925146e-05,1.400390625,0.07177734375,True,True,True,False,True,False,True,True,True,True,True,False
qpeexact_6_Mutant_Add_z_P25_Q4_[].qasm,Quratest_23,0.0,0.0,0.4669898667040071,0.8174891781845144,0.4514060926554801,0.7273731878469495,0.6815870525571522,0.9286579377296474,3.9683240319810447e-16,0.0395351037169894,0.1923828125,0.552734375,True,True,True,False,True,False,True,True,True,False,True,False
qpeexact_6_Mutant_Add_z_P25_Q4_[].qasm,PureState_24,0.0,0.0,0.5417533492423761,0.998053884106943,0.5264639763454733,0.832137944683297,0.7071067811865474,0.999995333446864,3.8755115776125663e-16,3.659815603317232e-07,1.42431640625,0.0810546875,True,True,True,False,True,False,True,True,True,True,True,False
qpeexact_6_Mutant_Add_z_P25_Q4_[].qasm,Quratest_24,0.0,0.0,0.6393479465426197,0.8558336367310994,0.5988107065137797,0.7613791903771095,0.7693745077317039,0.9724859358620256,0.0965280942730474,0.0033784427818076,0.23095703125,0.546875,True,True,True,False,True,False,True,True,True,True,True,False
qpeexact_6_Mutant_Add_z_P25_Q4_[].qasm,PureState_25,0.0,0.0,0.8452190913938906,0.991335944352375,0.7564434589084015,0.8295926559944694,0.92092288126309,0.9993045785146722,3.9650342275638927e-16,4.613403769675795e-06,0.0380859375,0.63818359375,True,True,True,False,True,False,True,True,True,True,True,True
qpeexact_6_Mutant_Add_z_P25_Q4_[].qasm,Quratest_25,0.0,0.0,0.1826325170281011,0.9697521857881416,0.1791147423491902,0.817977843826676,0.1968361445488344,0.9923923086453016,0.7925085862865808,9.052935250882785e-05,0.1923828125,0.546875,True,True,True,False,True,False,True,True,True,True,True,False
qpeexact_6_Mutant_Add_z_P25_Q4_[].qasm,PureState_26,0.0,0.0,0.2792459854739547,0.984320594158059,0.2625932196521457,0.8236263423785648,0.2858770085573204,0.999304578514672,3.6666577769279353e-16,1.2058356013125027e-05,0.345703125,0.80517578125,True,True,True,False,True,False,True,True,True,True,True,True
qpeexact_6_Mutant_Add_z_P25_Q4_[].qasm,Quratest_26,0.0,0.0,0.2937711558490606,0.9704218341632344,0.2883657550795934,0.8191154438746227,0.4043744983385259,0.9957516694721018,0.4723680381375844,5.813266279271868e-05,0.34130859375,0.8056640625,True,True,True,False,True,False,True,True,True,True,True,True
qpeexact_6_Mutant_Add_z_P25_Q4_[].qasm,PureState_27,0.0,0.0,0.7428241520614569,0.5039113500072588,0.6881482481145199,0.465945951904952,0.8446231986207331,0.8984528369005411,3.0516154399262327e-16,0.0411348402918353,0.14990234375,0.560546875,True,True,True,False,True,False,True,False,True,False,True,False
qpeexact_6_Mutant_Add_z_P25_Q4_[].qasm,Quratest_27,0.0,0.0,0.358223524374666,0.6324928523603945,0.351830846873384,0.571692997327734,0.4673897705431782,0.896711362392284,0.3566112022617529,0.0209578872141519,0.05224609375,0.65380859375,True,True,True,False,True,False,True,False,True,False,True,True
qpeexact_6_Mutant_Add_z_P25_Q4_[].qasm,PureState_28,0.0,0.0,0.740427638791688,0.9820092074657134,0.6869062173768717,0.8239130789178594,0.8446231986207328,0.9939803278342358,3.9927102416048253e-16,0.0001146693749575,0.0009765625,0.6298828125,True,True,True,False,True,False,True,True,True,True,True,True
qpeexact_6_Mutant_Add_z_P25_Q4_[].qasm,Quratest_28,0.0,0.0,0.2751750281979235,0.8923729713713098,0.2693152457283587,0.7774108133679221,0.3204567784163198,0.966207956141784,0.1651717744587644,0.0021935498158342,0.2568359375,0.5517578125,True,True,True,False,True,False,True,True,True,True,True,False
qpeexact_6_Mutant_Add_z_P25_Q4_[].qasm,PureState_29,0.0,0.0,1.0,0.2043831441401191,0.8325546111576977,0.1709446020440652,0.9999999999999998,0.1328304784671011,9.992020018227532e-17,0.8671695386890714,2.0,0.35205078125,True,True,True,False,True,False,True,False,True,False,True,False
qpeexact_6_Mutant_Add_z_P25_Q4_[].qasm,Quratest_29,0.0,0.0,0.3628688880341669,0.8511832878529132,0.3549207767456174,0.7505678795008612,0.4199397795811697,0.9746462737421818,0.0096156029081082,0.00224460997062,0.3271484375,0.4814453125,True,True,True,False,True,False,True,True,True,True,True,False
qpeexact_6_Mutant_Add_z_P25_Q4_[].qasm,PureState_30,0.0,0.0,0.5490130277533075,0.9691174670309204,0.5330476790266879,0.8177958972676205,0.7071067811865472,0.9940209969767126,3.918141695912411e-16,0.0004634605022307,1.42431640625,0.0810546875,True,True,True,False,True,False,True,True,True,True,True,False
qpeexact_6_Mutant_Add_z_P25_Q4_[].qasm,Quratest_30,8.760336758256855e-122,0.0,0.0873015055377193,0.6538635455556956,0.0871785137606812,0.5942111039818174,0.1107190630967334,0.7771570277556548,0.8708094572414405,0.1711876921286103,0.06005859375,0.7021484375,True,True,False,False,False,False,True,False,True,False,True,True
qpeexact_6_Mutant_Add_z_P25_Q4_[].qasm,PureState_31,0.0,0.0,0.545921712660195,0.9547487157884548,0.5302562996790277,0.8119687705486527,0.7071067811865472,0.9940209969767122,3.898736308331959e-16,0.0025260422296342,1.42431640625,1.34326171875,True,True,True,False,True,False,True,True,True,True,True,True
qpeexact_6_Mutant_Add_z_P25_Q4_[].qasm,Quratest_31,0.0,0.0,0.5262132803986622,0.9176117615679492,0.4955789304185866,0.7861935395061906,0.7389953071441404,0.9726649383337524,0.0014964755769678,0.0023622457152169,0.5810546875,0.357421875,True,True,True,False,True,False,True,True,True,True,True,False
qpeexact_6_Mutant_Remove_cp_P13_Q1.qasm,PureState_0,0.3611712518938868,0.0,0.0098640270132648,0.5079775176859703,0.0098632459325431,0.4687342108153683,2.1190371084225525e-33,0.8984528369005427,1.000000000000009,0.0412841772959296,0.0,0.560546875,False,True,False,False,False,False,False,False,False,False,False,False
qpeexact_6_Mutant_Remove_cp_P13_Q1.qasm,Quratest_0,2.041332658025808e-65,0.0,0.1023845111085631,0.8053321538479332,0.0932864896610293,0.7358674903320606,0.0219137796986659,0.9658296303129552,0.9393454153373728,0.0039965067258823,0.01123046875,0.26708984375,True,True,False,False,False,False,True,True,True,True,True,False
qpeexact_6_Mutant_Remove_cp_P13_Q1.qasm,PureState_1,0.0,0.0,0.5468532583495211,0.996384122339638,0.4696575927956277,0.830594346611538,0.5,0.9993046878843516,0.5000000000000084,9.186005078433224e-07,0.50439453125,0.625,True,True,True,False,True,False,True,True,True,True,True,True
qpeexact_6_Mutant_Remove_cp_P13_Q1.qasm,Quratest_1,0.0,0.0,0.2735948479290886,0.7901780277846804,0.2625388426009728,0.7124400778420431,0.1947519896273553,0.934653496333862,0.752532427577227,0.0201410339110521,0.1083984375,0.8740234375,True,True,True,False,True,False,True,True,True,False,True,True
qpeexact_6_Mutant_Remove_cp_P13_Q1.qasm,PureState_2,0.0,0.0,0.5423603940293587,0.9883941366294674,0.4656048280232867,0.8276685421536158,0.5,0.999304578514674,0.5000000000000082,4.61207822021774e-06,0.69775390625,0.63818359375,True,True,True,False,True,False,True,True,True,True,True,True
qpeexact_6_Mutant_Remove_cp_P13_Q1.qasm,Quratest_2,0.0,0.0,0.1731558233904398,0.816279480903842,0.1722683265953842,0.7243421495765843,0.2015397847060754,0.935843343343079,0.5027428195553567,0.0352485328350708,0.12353515625,0.6708984375,True,True,True,False,True,False,True,True,True,False,True,True
qpeexact_6_Mutant_Remove_cp_P13_Q1.qasm,PureState_3,0.0582043118893023,0.0,0.0137619599919808,0.9126003536406772,0.0137386844089298,0.7913753941696603,2.175842826463449e-33,0.9951687180558708,1.000000000000011,0.0004231288004817,0.0,0.98828125,True,True,False,False,False,False,False,True,False,True,False,True
qpeexact_6_Mutant_Remove_cp_P13_Q1.qasm,Quratest_3,0.0013225299438378,0.0,0.0219016266245752,0.9084862982747336,0.0218944836740229,0.7856739006628899,3.638685066438308e-29,0.9767004704731104,1.000000000000011,0.0028938594843718,0.0,0.5126953125,True,True,False,False,False,False,False,True,False,True,False,False
qpeexact_6_Mutant_Remove_cp_P13_Q1.qasm,PureState_4,0.0596039601034882,0.0,0.0131031240942444,0.8637071569541585,0.0131025333146769,0.7676211237743479,2.1972217752919105e-33,0.981712393368781,1.000000000000011,0.0019204983906613,0.0,0.71044921875,True,True,False,False,False,False,False,True,False,True,False,True
qpeexact_6_Mutant_Remove_cp_P13_Q1.qasm,Quratest_4,1.4492180576680299e-34,0.0,0.0552988314085823,0.9003836174843398,0.0552623207057971,0.7818754815729552,0.2382051865342083,0.9745090199768872,0.6108373457771937,0.0018756964009356,0.01318359375,0.642578125,True,True,False,False,False,False,True,True,True,True,True,True
qpeexact_6_Mutant_Remove_cp_P13_Q1.qasm,PureState_5,0.0,0.0,0.5407965891737981,0.9524729423533478,0.4641638451153763,0.8105583001948555,0.5000000000000001,0.9993045785146742,0.5000000000000089,0.0002778874698897,0.6875,0.67626953125,True,True,True,False,True,False,True,True,True,True,True,True
qpeexact_6_Mutant_Remove_cp_P13_Q1.qasm,Quratest_5,5.0014923376578956e-76,0.0,0.0678537390688575,0.8615930896745908,0.0676965158038361,0.7604354896668762,0.0620946081935615,0.9565595274927376,0.6284242134760094,0.0131492564488147,0.02783203125,0.68701171875,True,True,False,False,False,False,True,True,True,True,True,True
qpeexact_6_Mutant_Remove_cp_P13_Q1.qasm,PureState_6,0.0,0.0,0.544459049714949,0.9938185905523717,0.467506361797018,0.8304543901116149,0.4999999999999999,0.9998110891985466,0.5000000000000084,5.305763429374778e-06,0.001953125,1.173828125,True,True,True,False,True,False,True,True,True,True,True,True
qpeexact_6_Mutant_Remove_cp_P13_Q1.qasm,Quratest_6,0.0,0.0,0.2017223101062751,0.6214319618068548,0.1954466550900986,0.548052267152721,0.1578459120957449,0.6631331015514844,0.5794868782206194,0.2767292622067438,0.193359375,0.4072265625,True,True,True,False,True,False,True,False,True,False,True,False
qpeexact_6_Mutant_Remove_cp_P13_Q1.qasm,PureState_7,0.0,0.0,0.5427107093972088,0.9955580211412632,0.4658880480028313,0.8312224015646563,0.4999999999999998,0.9998110891985466,0.5000000000000084,5.285054733189137e-06,0.00048828125,1.173828125,True,True,True,False,True,False,True,True,True,True,True,True
qpeexact_6_Mutant_Remove_cp_P13_Q1.qasm,Quratest_7,1.0489162199711877e-88,0.0,0.0944700640324988,0.9192628412575612,0.0925287826308733,0.7926047254897872,0.0431804814859246,0.9892623889795186,0.6973572883918134,0.0004184941026326,0.05126953125,0.65185546875,True,True,False,False,False,False,True,True,True,True,True,True
qpeexact_6_Mutant_Remove_cp_P13_Q1.qasm,PureState_8,0.0,0.0,0.5403841542057368,0.9934989449794824,0.4637547994351179,0.8305973295290076,0.4999999999999999,0.999825341338467,0.500000000000009,9.784571443538552e-07,0.10302734375,0.45947265625,True,True,True,False,True,False,True,True,True,True,True,False
qpeexact_6_Mutant_Remove_cp_P13_Q1.qasm,Quratest_8,9.232909313617897e-179,0.0,0.1091164067369172,0.9291835534684147,0.1087290472784808,0.7937843775057257,0.1276923956856194,0.9800780927444948,0.9209585626458098,0.0004602136812967,0.0185546875,0.583984375,True,True,False,False,False,False,True,True,True,True,True,False
qpeexact_6_Mutant_Remove_cp_P13_Q1.qasm,PureState_9,0.0029382488807412,0.0,0.0168061583304317,0.9506408057290416,0.0168021184118589,0.8083874952483525,1.8746997283273213e-33,0.9939803278342376,1.000000000000011,0.0024252216545552,0.0,0.630859375,True,True,False,False,False,False,False,True,False,True,False,True
qpeexact_6_Mutant_Remove_cp_P13_Q1.qasm,Quratest_9,2.9922120961752766e-232,0.0,0.1402652691444208,0.8506226118697107,0.1367866498687169,0.7504881627491583,0.0680651764925627,0.9627906781054878,0.7974382260018548,0.0034474111874087,0.01611328125,0.85107421875,True,True,True,False,True,False,True,True,True,True,True,True
qpeexact_6_Mutant_Remove_cp_P13_Q1.qasm,PureState_10,0.4041608271475356,0.0,0.0060390031803598,0.951619870261651,0.0060389824986394,0.8096229616633204,1.8746997283273217e-33,0.9940209969767144,1.000000000000011,0.0025206137156932,0.0,1.34326171875,False,True,False,False,False,False,False,True,False,True,False,True
qpeexact_6_Mutant_Remove_cp_P13_Q1.qasm,Quratest_10,0.0,0.0,0.0572414665616606,0.8139742869894451,0.0515364547048233,0.7337077793329431,0.0054643525238682,0.9554030226227226,0.9929591823085449,0.0103590582596048,0.0048828125,0.5380859375,True,True,False,False,False,False,True,True,True,True,True,False
qpeexact_6_Mutant_Remove_cp_P13_Q1.qasm,PureState_11,0.0,0.0,0.5378824195379306,0.988958321732703,0.4615320844261649,0.828784408069984,0.4999999999999999,0.9970910946110948,0.5000000000000085,3.2076329532305065e-05,0.02197265625,0.1552734375,True,True,True,False,True,False,True,True,True,True,True,False
qpeexact_6_Mutant_Remove_cp_P13_Q1.qasm,Quratest_11,0.0,0.0,0.2017080475605267,0.910636120571081,0.2001563967538109,0.7890383058935566,0.2105704796412326,0.981037216715588,0.5004430722585252,0.0008667176228708,0.13916015625,0.5869140625,True,True,True,False,True,False,True,True,True,True,True,False
qpeexact_6_Mutant_Remove_cp_P13_Q1.qasm,PureState_12,0.6891555209721119,0.0,0.0014142292321803,1.0,0.0014142289964403,0.8325546111576978,1.3562314521824869e-33,0.9999953649742824,1.000000000000012,2.3175595700595495e-06,0.0,0.63525390625,False,True,False,False,False,False,False,True,False,True,False,True
qpeexact_6_Mutant_Remove_cp_P13_Q1.qasm,Quratest_12,1.213916936117843e-272,0.0,0.136536338192315,0.8875043651539715,0.1354697009755282,0.7764184648064528,0.1423590759810454,0.968178040699596,0.6541619921202475,0.0062657389731724,0.07666015625,1.046875,True,True,True,False,True,False,True,True,True,True,True,True
qpeexact_6_Mutant_Remove_cp_P13_Q1.qasm,PureState_13,0.0040636125307038,0.0,0.0127604586471952,0.9977726599319818,0.0127598196859615,0.8319782425245625,1.9145969374965043e-33,0.999995333446866,1.000000000000011,3.617445514882106e-07,0.0,0.0810546875,True,True,False,False,False,False,False,True,False,True,False,False
qpeexact_6_Mutant_Remove_cp_P13_Q1.qasm,Quratest_13,0.0,0.0,0.2093443318832084,0.9535228421451836,0.208306321915896,0.812292603894878,0.3106793605983286,0.988486599054242,0.7383010958040235,0.0002508206367781,0.01708984375,0.51025390625,True,True,True,False,True,False,True,True,True,True,True,False
qpeexact_6_Mutant_Remove_cp_P13_Q1.qasm,PureState_14,0.0003035411366814,0.0,0.0187214342582931,0.985748133410433,0.0186942645745783,0.8281795300470597,1.874699728327323e-33,0.9970919135931828,1.000000000000011,3.721257042192006e-05,0.0,0.66748046875,True,True,False,False,False,False,False,True,False,True,False,True
qpeexact_6_Mutant_Remove_cp_P13_Q1.qasm,Quratest_14,1.0473953441324564e-255,0.0,0.1556932787767541,0.8598778021262572,0.1474155278580496,0.7524585473215499,0.1534878850913068,0.961819966595758,0.6523247727480059,0.0028073364195834,0.07470703125,0.56494140625,True,True,True,False,True,False,True,True,True,True,True,False
qpeexact_6_Mutant_Remove_cp_P13_Q1.qasm,PureState_15,0.0,0.0,0.5399722132443123,0.9919984286344046,0.4634231421680799,0.8293845547402385,0.4999999999999999,0.9991611559915982,0.5000000000000081,9.227495978640956e-06,0.00244140625,1.15478515625,True,True,True,False,True,False,True,True,True,True,True,True
qpeexact_6_Mutant_Remove_cp_P13_Q1.qasm,Quratest_15,0.0,0.0,0.4166067798527119,0.978925387706845,0.4055708410995607,0.8205182979044914,0.6654490082997785,0.993224594150634,0.5049689182980898,8.563441044602819e-05,0.36376953125,0.85498046875,True,True,True,False,True,False,True,True,True,True,True,True
qpeexact_6_Mutant_Remove_cp_P13_Q1.qasm,PureState_16,0.0,0.0,0.5411761504119786,0.982843490924374,0.4645042966876354,0.8235918028717703,0.4999999999999998,0.993939382061984,0.5000000000000085,0.0001046994739832,0.00732421875,0.73486328125,True,True,True,False,True,False,True,True,True,True,True,True
qpeexact_6_Mutant_Remove_cp_P13_Q1.qasm,Quratest_16,0.0007267427813879,0.0,0.0282907971643189,0.8869606670960386,0.0282708361635002,0.7689029898487529,0.0024915279533343,0.9694842860885168,0.9693987467439358,0.0020960421881236,0.00390625,0.5556640625,True,True,False,False,False,False,True,True,True,True,True,False
qpeexact_6_Mutant_Remove_cp_P13_Q1.qasm,PureState_17,,0.0,0.0,0.991301917643818,0.0,0.8317333700469753,1.713743835002922e-33,0.9999953956785465,1.000000000000011,4.604387283200985e-06,0.0,1.64794921875,False,True,False,False,False,False,False,True,False,True,False,True
qpeexact_6_Mutant_Remove_cp_P13_Q1.qasm,Quratest_17,0.0,0.0,0.0319000657689502,0.8404454036201343,0.0296164658247025,0.7490893370891937,0.0005399825989935,0.9627185573618028,0.998639595377698,0.0058315856822483,0.00048828125,0.67431640625,True,True,False,False,False,False,True,True,True,True,True,True
qpeexact_6_Mutant_Remove_cp_P13_Q1.qasm,PureState_18,0.0,0.0,0.5464721227535799,0.9784868375680736,0.4692964215738824,0.819207513144941,0.5000000000000001,0.999304578514674,0.5000000000000089,4.8689780945229105e-05,0.51171875,0.6357421875,True,True,True,False,True,False,True,True,True,True,True,True
qpeexact_6_Mutant_Remove_cp_P13_Q1.qasm,Quratest_18,0.0,0.0,0.3360164906439744,0.9196581138027984,0.3271011751874819,0.79556276183653,0.2895345369204109,0.9845081982997186,0.6706081582456807,0.000666121115011,0.17578125,0.40234375,True,True,True,False,True,False,True,True,True,True,True,False
qpeexact_6_Mutant_Remove_cp_P13_Q1.qasm,PureState_19,0.2712879891365558,0.0,0.0103543851436185,0.9824249371221097,0.0103539530499906,0.8242919754527736,1.8746997283273224e-33,0.9939803278342374,1.0000000000000109,0.000115123591168,0.0,0.6298828125,True,True,False,False,False,False,False,True,False,True,False,True
qpeexact_6_Mutant_Remove_cp_P13_Q1.qasm,Quratest_19,0.0,0.0,0.1912446274919875,0.8976873176861114,0.1902375088265382,0.783310060228978,0.3565446164983531,0.975856447879896,0.7989476065460339,0.0067529068049656,0.06689453125,0.478515625,True,True,True,False,True,False,True,True,True,True,True,False
qpeexact_6_Mutant_Remove_cp_P13_Q1.qasm,PureState_20,0.0,0.0,0.5395863611540069,0.987041093437004,0.4630617563843619,0.8245084589574235,0.4999999999999999,0.993939382061984,0.5000000000000092,0.0001044740005052,0.02685546875,0.73486328125,True,True,True,False,True,False,True,True,True,True,True,True
qpeexact_6_Mutant_Remove_cp_P13_Q1.qasm,Quratest_20,0.0,0.0,0.061526333350411,0.8155540914496869,0.0609549921247101,0.7270529143055559,0.0263917976908999,0.9324234236576124,0.6812313869289514,0.0442942111835569,0.00439453125,0.802734375,True,True,False,False,False,False,True,True,True,False,True,True
qpeexact_6_Mutant_Remove_cp_P13_Q1.qasm,PureState_21,0.0,0.0,0.5418231280555251,0.952565940025966,0.4650890251089929,0.8087636423501045,0.5,0.9939393820619848,0.5000000000000085,0.0024003558716247,0.041015625,1.32861328125,True,True,True,False,True,False,True,True,True,True,True,True
qpeexact_6_Mutant_Remove_cp_P13_Q1.qasm,Quratest_21,0.0007829299577381,0.0,0.0216037643569475,0.8436130034463467,0.0215990614706333,0.7532390722963668,1.9060172007111483e-28,0.9593081437360064,1.000000000000011,0.0042568521534571,0.0,0.68359375,True,True,False,False,False,False,False,True,False,True,False,True
qpeexact_6_Mutant_Remove_cp_P13_Q1.qasm,PureState_22,0.0606862857694208,0.0,0.0127909305763389,0.7936175288120759,0.01278982234034,0.716220044407468,2.0685070753306098e-33,0.927519205537596,1.0000000000000098,0.00723478369303,0.0,0.328125,True,True,False,False,False,False,False,True,False,True,False,False
qpeexact_6_Mutant_Remove_cp_P13_Q1.qasm,Quratest_22,2.8567809782857155e-155,0.0,0.1085400500205204,0.8605340773668384,0.1079854581747936,0.7584331238298984,0.0811851971722444,0.9770859880563448,0.6085473121749932,0.0048266048674866,0.0595703125,0.76904296875,True,True,False,False,False,False,True,True,True,True,True,True
qpeexact_6_Mutant_Remove_cp_P13_Q1.qasm,PureState_23,0.0,0.0,0.539418659929715,0.9882708861810472,0.4629143908642401,0.8283286125642093,0.4999999999999998,0.9958937211130626,0.500000000000009,4.0252887306839555e-05,0.0029296875,0.07177734375,True,True,True,False,True,False,True,True,True,True,True,False
qpeexact_6_Mutant_Remove_cp_P13_Q1.qasm,Quratest_23,3.172809256117632e-31,0.0,0.0618636565010264,0.818040488704925,0.0602754290374836,0.7281763113675177,0.0172545673687024,0.9286579377262008,0.938081541515142,0.0395351035241678,0.005859375,0.552734375,True,True,False,False,False,False,True,True,True,False,True,False
qpeexact_6_Mutant_Remove_cp_P13_Q1.qasm,PureState_24,0.0126637674376924,0.0,0.01154245419507,0.9969211751891038,0.0115418357724562,0.831649989353095,1.728671141719622e-33,0.999995333446866,1.000000000000011,3.6598155202108267e-07,0.0,0.0810546875,True,True,False,False,False,False,False,True,False,True,False,False
qpeexact_6_Mutant_Remove_cp_P13_Q1.qasm,Quratest_24,9.037542807926658e-46,0.0,0.0626944337310624,0.8566891428324198,0.0604281170269748,0.7620474929079132,0.0099700270176904,0.9724859358585394,0.9739316354679908,0.0033784427616475,0.0048828125,0.546875,True,True,False,False,False,False,True,True,True,True,True,False
qpeexact_6_Mutant_Remove_cp_P13_Q1.qasm,PureState_25,0.0,0.0,0.5459798415970963,0.9878233219524348,0.468871883145287,0.8277904132974937,0.4999999999999999,0.9993045785146744,0.5000000000000079,4.6134038023130665e-06,0.72021484375,0.63818359375,True,True,True,False,True,False,True,True,True,True,True,True
qpeexact_6_Mutant_Remove_cp_P13_Q1.qasm,Quratest_25,0.0,0.0,0.0867700007444393,0.9634514509669352,0.0859841458035029,0.8152943959614216,0.1439110822249965,0.9923923086448844,0.9327784689682151,9.052935200540335e-05,0.017578125,0.546875,True,True,False,False,False,False,True,True,True,True,True,False
qpeexact_6_Mutant_Remove_cp_P13_Q1.qasm,PureState_26,0.0,0.0,0.5343195911873901,0.9899207865317572,0.4582738953995632,0.8249128301473324,0.5,0.999304578514674,0.5000000000000089,1.2058356441649324e-05,0.04345703125,0.80517578125,True,True,True,False,True,False,True,True,True,True,True,True
qpeexact_6_Mutant_Remove_cp_P13_Q1.qasm,Quratest_26,0.0,0.0,0.2721868161191201,0.9711919516791448,0.2691443627607784,0.8192957769920248,0.395926427098262,0.9957516694720538,0.6549546839579691,5.813266230576005e-05,0.21630859375,0.8056640625,True,True,True,False,True,False,True,True,True,True,True,True
qpeexact_6_Mutant_Remove_cp_P13_Q1.qasm,PureState_27,0.0623388337424748,0.0,0.0124998833129953,0.5014657926414617,0.012496445851493,0.464280388463345,2.560423645876772e-33,0.8984528369005427,1.000000000000009,0.041134840146891,0.0,0.560546875,True,True,False,False,False,False,False,False,False,False,False,False
qpeexact_6_Mutant_Remove_cp_P13_Q1.qasm,Quratest_27,9.079365277866454e-196,0.0,0.1117218101560655,0.6325692870847223,0.1112706415887536,0.571178437159935,0.0816655796698672,0.8967113623922638,0.5337148102839134,0.0209578871852545,0.0537109375,0.65380859375,True,True,False,False,False,False,True,False,True,False,True,True
qpeexact_6_Mutant_Remove_cp_P13_Q1.qasm,PureState_28,0.0072688975573985,0.0,0.0155665350749013,0.9865536823278922,0.0155640509281102,0.8239876564421728,1.8746997283273217e-33,0.9939803278342376,1.000000000000011,0.0001146693767479,0.0,0.6298828125,True,True,False,False,False,False,False,True,False,True,False,True
qpeexact_6_Mutant_Remove_cp_P13_Q1.qasm,Quratest_28,0.0,0.0,0.0306459139706894,0.894704668262879,0.0280141166551476,0.7785239333105953,0.0001077494550307,0.966207956138342,0.999744024078562,0.0021935498227453,0.00048828125,0.5517578125,True,True,False,False,False,False,True,True,True,True,True,False
qpeexact_6_Mutant_Remove_cp_P13_Q1.qasm,PureState_29,,0.0,0.0,0.2059097627847474,0.0,0.1722332658674064,1.8746997283273217e-33,0.1328304784701701,1.000000000000011,0.8671695386860042,0.0,0.35205078125,False,True,False,False,False,False,False,False,False,False,False,False
qpeexact_6_Mutant_Remove_cp_P13_Q1.qasm,Quratest_29,2.0693275341399082e-52,0.0,0.0662061615285589,0.8460086999934054,0.0661119967479205,0.7471981514688538,0.0643372606431829,0.9746462737417888,0.9795557475296786,0.0022446099644865,0.0390625,0.4814453125,True,True,False,False,False,False,True,True,True,True,True,False
qpeexact_6_Mutant_Remove_cp_P13_Q1.qasm,PureState_30,0.1455287042094362,0.0,0.0082129557889183,0.9701664568101208,0.0082129045955888,0.8186216493325218,1.8746997283273213e-33,0.9940209969767144,1.000000000000011,0.000463460512898,0.0,0.0810546875,True,True,False,False,False,False,False,True,False,True,False,False
qpeexact_6_Mutant_Remove_cp_P13_Q1.qasm,Quratest_30,0.0419100386281833,0.0,0.0180259816111326,0.6523034372300135,0.0180247778607881,0.5936107280551484,6.890788862253318e-29,0.7771570277525858,1.0000000000000109,0.1711876918771383,0.0,0.7021484375,True,True,False,False,False,False,False,False,False,False,False,True
qpeexact_6_Mutant_Remove_cp_P13_Q1.qasm,PureState_31,0.1944860898190669,0.0,0.0077916731799125,0.9513608874819218,0.0077912632987211,0.8092042453545102,1.8746997283273213e-33,0.9940209969767132,1.000000000000011,0.0025260422189668,0.0,1.34326171875,True,True,False,False,False,False,False,True,False,True,False,True
qpeexact_6_Mutant_Remove_cp_P13_Q1.qasm,Quratest_31,1.1718642241322296e-247,0.0,0.0918449265643163,0.9129197592550894,0.0906568312372409,0.7855235835758779,0.0600015016603636,0.9726649383306372,0.767298431478234,0.0023622457061416,0.0126953125,0.357421875,True,True,False,False,False,False,True,True,True,True,True,False
qpeexact_6_Mutant_Remove_cp_P20_Q3.qasm,PureState_0,0.2645902662946638,0.0,0.0107603496870294,0.5007411814799458,0.0107582484771386,0.464672123797669,1.1796119636642288e-16,0.8984528369005427,0.6250000000000085,0.0412841772959296,0.0,0.560546875,True,True,False,False,False,False,False,False,True,False,False,False
qpeexact_6_Mutant_Remove_cp_P20_Q3.qasm,Quratest_0,2.9223822251783543e-40,0.0,0.0689491897777748,0.8034530561370272,0.0622614463737247,0.735098806484042,0.0089991455926167,0.9658296303129552,0.6451021615131352,0.0039965067258823,0.005859375,0.26708984375,True,True,False,False,False,False,True,True,True,True,True,False
qpeexact_6_Mutant_Remove_cp_P20_Q3.qasm,PureState_1,0.0,0.0,0.3922315050252968,0.9936319961569448,0.3754449826741846,0.829717083177084,0.3942902537373688,0.9993046878843512,0.5107233047033715,9.186005078434036e-07,0.09814453125,0.625,True,True,True,False,True,False,True,True,True,True,True,True
qpeexact_6_Mutant_Remove_cp_P20_Q3.qasm,Quratest_1,1.8513656923661108e-280,0.0,0.1461402665925849,0.7919557626459861,0.143774009480895,0.7129287208827164,0.1182974779464012,0.9346534963338626,0.5925294077840688,0.0201410339110522,0.0888671875,0.8740234375,True,True,True,False,True,False,True,True,True,False,True,True
qpeexact_6_Mutant_Remove_cp_P20_Q3.qasm,PureState_2,0.0,0.0,0.1660794650224619,0.990258680397778,0.1581093567470357,0.8285426904586132,0.0676495125182745,0.999304578514674,0.8642766952966483,4.612078220217713e-06,0.03271484375,0.63818359375,True,True,True,False,True,False,True,True,True,True,True,True
qpeexact_6_Mutant_Remove_cp_P20_Q3.qasm,Quratest_2,2.9908185247909856e-296,0.0,0.1534651808953508,0.8179174021207916,0.1505400808961747,0.7257544845728869,0.1207369234730029,0.9358433433430788,0.6631144210192768,0.0352485328350708,0.0263671875,0.6708984375,True,True,True,False,True,False,True,True,True,False,True,True
qpeexact_6_Mutant_Remove_cp_P20_Q3.qasm,PureState_3,0.0004666917176579,0.0,0.0181971438411274,0.9148876915571472,0.0181923895566198,0.7927686094569084,1.0213184464813452e-16,0.9951687180558706,0.6250000000000099,0.0004231288004817,0.0,0.98828125,True,True,False,False,False,False,False,True,True,True,False,True
qpeexact_6_Mutant_Remove_cp_P20_Q3.qasm,Quratest_3,0.0,0.0,0.1592575350605999,0.9122886661232468,0.1561043223064227,0.7857033066299159,0.1210032149196291,0.9767004704731106,0.5379082760417181,0.0028938594843718,0.02001953125,0.5126953125,True,True,True,False,True,False,True,True,True,True,True,False
qpeexact_6_Mutant_Remove_cp_P20_Q3.qasm,PureState_4,0.1154844342063444,0.0,0.0120465675166587,0.8614028054933469,0.0120456483668352,0.7670075296691365,2.25514051876985e-17,0.9817123933687808,0.6250000000000092,0.0019204983906613,0.0,0.71044921875,True,True,False,False,False,False,False,True,True,True,False,True
qpeexact_6_Mutant_Remove_cp_P20_Q3.qasm,Quratest_4,5.21251287332524e-32,0.0,0.0529258408953393,0.90488035426068,0.052854982786977,0.7826521582441263,0.0302670069561019,0.9745090199768872,0.9695289729786364,0.0018756964009356,0.0009765625,0.642578125,True,True,False,False,False,False,True,True,True,True,True,True
qpeexact_6_Mutant_Remove_cp_P20_Q3.qasm,PureState_5,0.0,0.0,0.1590914378744031,0.9440424767912292,0.1526690464568977,0.80631375740987,0.0676495125182746,0.999304578514674,0.8642766952966479,0.0002778874698897,0.03125,0.67626953125,True,True,True,False,True,False,True,True,True,True,True,True
qpeexact_6_Mutant_Remove_cp_P20_Q3.qasm,Quratest_5,0.0,0.0,0.1462227499890554,0.8577688560980979,0.1452590788052767,0.7595841371430736,0.1196079564494526,0.9565595274927376,0.5416119973346798,0.0131492564488147,0.0830078125,0.68701171875,True,True,True,False,True,False,True,True,True,True,True,True
qpeexact_6_Mutant_Remove_cp_P20_Q3.qasm,PureState_6,0.0,0.0,0.3807692098290285,0.9938914329826856,0.3629700109023332,0.8304073190176062,0.3266407412190941,0.9998110891985474,0.6250000000000099,5.305763429374901e-06,0.0419921875,1.173828125,True,True,True,False,True,False,True,True,True,True,True,True
qpeexact_6_Mutant_Remove_cp_P20_Q3.qasm,Quratest_6,0.0,0.0,0.1566004500941445,0.6223722009228809,0.1504226065678295,0.5486618066142953,0.0650727368865333,0.6631331015514849,0.9161837105734424,0.276729262206744,0.02392578125,0.4072265625,True,True,True,False,True,False,True,False,True,False,True,False
qpeexact_6_Mutant_Remove_cp_P20_Q3.qasm,PureState_7,0.0,0.0,0.3872939982750257,0.9954266074187964,0.3692524608818747,0.8310096449372633,0.326640741219094,0.9998110891985474,0.6250000000000089,5.285054733189221e-06,0.0419921875,1.173828125,True,True,True,False,True,False,True,True,True,True,True,True
qpeexact_6_Mutant_Remove_cp_P20_Q3.qasm,Quratest_7,0.0,0.0,0.275183449298474,0.918782951168409,0.2683842803218709,0.7912397710847949,0.2379825417822057,0.9892623889795188,0.5068105280811425,0.0004184941026326,0.03515625,0.65185546875,True,True,True,False,True,False,True,True,True,True,True,True
qpeexact_6_Mutant_Remove_cp_P20_Q3.qasm,PureState_8,0.0,0.0,0.1693810429082366,0.9951532537058266,0.1612470455643828,0.830985300422075,0.0676495125182746,0.9998253413384668,0.8642766952966487,9.784571443537307e-07,0.0322265625,0.45947265625,True,True,True,False,True,False,True,True,True,True,True,False
qpeexact_6_Mutant_Remove_cp_P20_Q3.qasm,Quratest_8,0.0,0.0,0.2013629373150443,0.9269019061489818,0.1993389534051643,0.7925833943939574,0.2492086273615698,0.9800780927444952,0.5687416406230014,0.0004602136812967,0.10546875,0.583984375,True,True,True,False,True,False,True,True,True,True,True,False
qpeexact_6_Mutant_Remove_cp_P20_Q3.qasm,PureState_9,0.0,0.0,0.3790517999517722,0.9543822131457784,0.3686220829045446,0.8105341877397539,0.3535533905932736,0.9939803278342376,0.6250000000000095,0.0024252216545552,0.189453125,0.630859375,True,True,True,False,True,False,True,True,True,True,True,True
qpeexact_6_Mutant_Remove_cp_P20_Q3.qasm,Quratest_9,0.0,0.0,0.1219315122060437,0.8566676933009882,0.117531526569552,0.7523067233505408,0.0505162035301187,0.9627906781054884,0.7382984990738053,0.0034474111874088,0.02978515625,0.85107421875,True,True,False,False,True,False,True,True,True,True,True,True
qpeexact_6_Mutant_Remove_cp_P20_Q3.qasm,PureState_10,0.0,0.0,0.541333294269966,0.9517756176289804,0.4646268372255774,0.8090236382660002,0.4999999999999999,0.9940209969767146,0.5000000000000094,0.0025206137156932,0.0185546875,1.34326171875,True,True,True,False,True,False,True,True,True,True,True,True
qpeexact_6_Mutant_Remove_cp_P20_Q3.qasm,Quratest_10,0.0,0.0,0.0453581782225251,0.8182638148216493,0.0434286339178397,0.7357276089370828,0.0305264505387118,0.955403022622723,0.9914286452187304,0.0103590582596048,0.00244140625,0.5380859375,True,True,False,False,False,False,True,True,True,True,True,False
qpeexact_6_Mutant_Remove_cp_P20_Q3.qasm,PureState_11,0.0,0.0,0.384485831319728,0.9886972897781586,0.3668844335244622,0.828862575922021,0.3266407412190941,0.9970910946110956,0.6250000000000092,3.207632953230489e-05,0.07861328125,0.1552734375,True,True,True,False,True,False,True,True,True,True,True,False
qpeexact_6_Mutant_Remove_cp_P20_Q3.qasm,Quratest_11,0.0,0.0,0.3407055210794772,0.909509045741222,0.3233784110295916,0.7888113055599335,0.3099142007061223,0.9810372167155884,0.5456236353884157,0.0008667176228708,0.05615234375,0.5869140625,True,True,True,False,True,False,True,True,True,True,True,False
qpeexact_6_Mutant_Remove_cp_P20_Q3.qasm,PureState_12,0.138871911671309,0.0,0.0052326862837381,0.9920731726450268,0.0052326743428141,0.8313668067121054,4.642922298949975e-33,0.9999953649742828,1.000000000000012,2.3175595700595063e-06,0.0,0.63525390625,True,True,False,False,False,False,False,True,False,True,False,True
qpeexact_6_Mutant_Remove_cp_P20_Q3.qasm,Quratest_12,3.9718513240915787e-227,0.0,0.11784721972022,0.8856724590033759,0.1175588712754371,0.7743501019627633,0.1090896291293003,0.9681780406995965,0.5000097770237427,0.0062657389731725,0.0400390625,1.046875,True,True,False,False,True,False,True,True,True,True,True,True
qpeexact_6_Mutant_Remove_cp_P20_Q3.qasm,PureState_13,0.0,0.0,0.5477454197457309,0.9949143297354888,0.470449708231314,0.8318650649710657,0.4999999999999998,0.999995333446866,0.5000000000000089,3.617445514882209e-07,0.0087890625,0.0810546875,True,True,True,False,True,False,True,True,True,True,True,False
qpeexact_6_Mutant_Remove_cp_P20_Q3.qasm,Quratest_13,0.0,0.0,0.1781264958604418,0.9557472465594116,0.1681872529128445,0.8128349151793505,0.0844430559074726,0.9884865990542424,0.762343749802882,0.0002508206367781,0.05712890625,0.51025390625,True,True,True,False,True,False,True,True,True,True,True,False
qpeexact_6_Mutant_Remove_cp_P20_Q3.qasm,PureState_14,0.0,0.0,0.382898589097552,0.9869859468036324,0.3721835052877678,0.8284287305111172,0.3535533905932737,0.9970919135931836,0.6250000000000095,3.721257042192035e-05,0.1728515625,0.66748046875,True,True,True,False,True,False,True,True,True,True,True,True
qpeexact_6_Mutant_Remove_cp_P20_Q3.qasm,Quratest_14,0.0,0.0,0.342442546011252,0.8548726404075564,0.3315870141934599,0.7518779037324519,0.2938472044340119,0.9618199665957582,0.5689292503615376,0.0028073364195834,0.23486328125,0.56494140625,True,True,True,False,True,False,True,True,True,True,True,False
qpeexact_6_Mutant_Remove_cp_P20_Q3.qasm,PureState_15,0.0,0.0,0.3781528407718719,0.9918012686102716,0.3615500836926355,0.8297951451044073,0.3266407412190941,0.9991611559915988,0.6250000000000089,9.22749597864096e-06,0.02294921875,1.15478515625,True,True,True,False,True,False,True,True,True,True,True,True
qpeexact_6_Mutant_Remove_cp_P20_Q3.qasm,Quratest_15,0.0,0.0,0.2375354991801037,0.9863281517588453,0.2327825185651967,0.8228338717361435,0.2083413111530964,0.9932245941506336,0.6322716061745368,8.563441044602481e-05,0.25244140625,0.85498046875,True,True,True,False,True,False,True,True,True,True,True,True
qpeexact_6_Mutant_Remove_cp_P20_Q3.qasm,PureState_16,0.0,0.0,0.3888214181267044,0.9836687344366476,0.3706630606764872,0.8237207285755453,0.3266407412190941,0.9939393820619848,0.6250000000000092,0.0001046994739832,0.2294921875,0.73486328125,True,True,True,False,True,False,True,True,True,True,True,True
qpeexact_6_Mutant_Remove_cp_P20_Q3.qasm,Quratest_16,7.3143923770814e-311,0.0,0.1416268737170101,0.8920238390401665,0.1409968072731589,0.7713925308810302,0.1378091293278328,0.9694842860885172,0.5134039772195181,0.0020960421881236,0.0166015625,0.5556640625,True,True,True,False,True,False,True,True,True,True,True,False
qpeexact_6_Mutant_Remove_cp_P20_Q3.qasm,PureState_17,,0.0,0.0,0.9899494936611664,0.0,0.8314940356750049,5.7967109310816245e-33,0.9999953956785465,1.000000000000011,4.60438728320096e-06,0.0,1.64794921875,False,True,False,False,False,False,False,True,False,True,False,True
qpeexact_6_Mutant_Remove_cp_P20_Q3.qasm,Quratest_17,0.0,0.0,0.161035809869004,0.8411494728098543,0.1583245919606228,0.749321374960546,0.1329506911558249,0.9627185573618032,0.6982474410459235,0.0058315856822483,0.04736328125,0.67431640625,True,True,True,False,True,False,True,True,True,True,True,True
qpeexact_6_Mutant_Remove_cp_P20_Q3.qasm,PureState_18,0.0,0.0,0.3974755275987678,0.9768275814787288,0.3801237683185292,0.8184550839001263,0.3942902537373687,0.999304578514674,0.5107233047033711,4.868978094522896e-05,0.1015625,0.6357421875,True,True,True,False,True,False,True,True,True,True,True,True
qpeexact_6_Mutant_Remove_cp_P20_Q3.qasm,Quratest_18,0.0,0.0,0.2042152293920062,0.9240527557301274,0.1974896822469957,0.7981235848179734,0.1002841750746692,0.9845081982997184,0.8073332747929378,0.000666121115011,0.017578125,0.40234375,True,True,True,False,True,False,True,True,True,True,True,False
qpeexact_6_Mutant_Remove_cp_P20_Q3.qasm,PureState_19,0.0,0.0,0.3874810926865075,0.982114746817162,0.3760856264660818,0.8241987401131989,0.3535533905932735,0.9939803278342376,0.6250000000000092,0.000115123591168,0.17724609375,0.6298828125,True,True,True,False,True,False,True,True,True,True,True,True
qpeexact_6_Mutant_Remove_cp_P20_Q3.qasm,Quratest_19,0.0,0.0,0.288641365108868,0.8983330703719606,0.2831811187520326,0.7836354306977633,0.2506700810719852,0.9758564478798964,0.799563691098966,0.0067529068049657,0.091796875,0.478515625,True,True,True,False,True,False,True,True,True,True,True,False
qpeexact_6_Mutant_Remove_cp_P20_Q3.qasm,PureState_20,0.0,0.0,0.3803201197447658,0.9865528006398504,0.3624567348950637,0.8243225919271031,0.3266407412190941,0.9939393820619846,0.6250000000000099,0.0001044740005052,0.2294921875,0.73486328125,True,True,True,False,True,False,True,True,True,True,True,True
qpeexact_6_Mutant_Remove_cp_P20_Q3.qasm,Quratest_20,0.0,0.0,0.1714239184953216,0.8117628849340998,0.1699281046926402,0.7244032770590311,0.1545394485685597,0.932423423657613,0.5831371261542269,0.044294211183557,0.0478515625,0.802734375,True,True,True,False,True,False,True,True,True,False,True,True
qpeexact_6_Mutant_Remove_cp_P20_Q3.qasm,PureState_21,0.0,0.0,0.3808585462625894,0.9548427097406206,0.3639046399736187,0.8103699528707582,0.3266407412190939,0.993939382061985,0.625000000000009,0.0024003558716247,0.205078125,1.32861328125,True,True,True,False,True,False,True,True,True,True,True,True
qpeexact_6_Mutant_Remove_cp_P20_Q3.qasm,Quratest_21,0.0,0.0,0.2160276649421872,0.842665688166453,0.2112333392370249,0.7506971003596157,0.1685497803775012,0.9593081437360068,0.5928888438466158,0.004256852153457,0.09619140625,0.68359375,True,True,True,False,True,False,True,True,True,True,True,True
qpeexact_6_Mutant_Remove_cp_P20_Q3.qasm,PureState_22,0.1343797286518751,0.0,0.0116969940750113,0.7946746340001656,0.0116966888038687,0.7165098413160925,1.1188966420050408e-16,0.927519205537596,0.6250000000000078,0.00723478369303,0.0,0.328125,True,True,False,False,False,False,False,True,True,True,False,False
qpeexact_6_Mutant_Remove_cp_P20_Q3.qasm,Quratest_22,8.071551407129586e-289,0.0,0.1170950532267919,0.8602039063971474,0.115896342805094,0.7575496994925853,0.0704952396448635,0.9770859880563452,0.9428606161543868,0.0048266048674866,0.0283203125,0.76904296875,True,True,False,False,False,False,True,True,True,True,True,True
qpeexact_6_Mutant_Remove_cp_P20_Q3.qasm,PureState_23,0.0,0.0,0.3800875117847952,0.9894111804603096,0.3622630280495413,0.8282214240486915,0.3266407412190941,0.9958937211130634,0.6250000000000092,4.02528873068398e-05,0.23046875,0.07177734375,True,True,True,False,True,False,True,True,True,True,True,False
qpeexact_6_Mutant_Remove_cp_P20_Q3.qasm,Quratest_23,0.0,0.0,0.21851048347761,0.8150239840506467,0.2141564301087495,0.7258653700834592,0.2068932697654563,0.9286579377262004,0.7041620641189638,0.0395351035241678,0.02294921875,0.552734375,True,True,True,False,True,False,True,True,True,False,True,False
qpeexact_6_Mutant_Remove_cp_P20_Q3.qasm,PureState_24,0.0,0.0,0.5424419254405362,1.0,0.4656300849637066,0.8325546111576978,0.4999999999999998,0.999995333446866,0.5000000000000087,3.659815520210917e-07,0.01513671875,0.0810546875,True,True,True,False,True,False,True,True,True,True,True,False
qpeexact_6_Mutant_Remove_cp_P20_Q3.qasm,Quratest_24,0.0,0.0,0.1351146741159187,0.8562317848702119,0.1338978928915705,0.7605222073615664,0.0891525838086699,0.9724859358585396,0.570883732796806,0.0033784427616475,0.060546875,0.546875,True,True,True,False,True,False,True,True,True,True,True,False
qpeexact_6_Mutant_Remove_cp_P20_Q3.qasm,PureState_25,0.0,0.0,0.1705802357232101,0.9873980434057094,0.1633948410485081,0.8277678668129027,0.0676495125182746,0.999304578514674,0.8642766952966479,4.613403802313068e-06,0.03271484375,0.63818359375,True,True,True,False,True,False,True,True,True,True,True,True
qpeexact_6_Mutant_Remove_cp_P20_Q3.qasm,Quratest_25,0.0,0.0,0.4274949022577253,0.9662113295963404,0.4108408825866684,0.8160613564017396,0.4410455069011159,0.9923923086448838,0.5476783835473569,9.052935200541688e-05,0.07958984375,0.546875,True,True,True,False,True,False,True,True,True,True,True,False
qpeexact_6_Mutant_Remove_cp_P20_Q3.qasm,PureState_26,0.0,0.0,0.1752589943534659,0.9863562900223712,0.1663317991162368,0.8240332371068587,0.0676495125182746,0.999304578514674,0.8642766952966476,1.2058356441649309e-05,0.01318359375,0.80517578125,True,True,True,False,True,False,True,True,True,True,True,True
qpeexact_6_Mutant_Remove_cp_P20_Q3.qasm,Quratest_26,0.0,0.0,0.0985449450846857,0.96965933141448,0.0972679436405635,0.8185061921397802,0.0771143309336667,0.9957516694720544,0.6695417994555286,5.813266230576358e-05,0.03173828125,0.8056640625,True,True,False,False,False,False,True,True,True,True,True,True
qpeexact_6_Mutant_Remove_cp_P20_Q3.qasm,PureState_27,0.15779730786004,0.0,0.0111301397899897,0.5068456280145605,0.0111274097168507,0.4668364733279848,4.8572257327350605e-17,0.8984528369005426,0.6250000000000085,0.041134840146891,0.0,0.560546875,True,True,False,False,False,False,False,False,True,False,False,False
qpeexact_6_Mutant_Remove_cp_P20_Q3.qasm,Quratest_27,0.0,0.0,0.2864335104835234,0.6320249574674619,0.2734994907576741,0.5693243541592711,0.1948904516299941,0.8967113623922638,0.6431025648852867,0.0209578871852545,0.048828125,0.65380859375,True,True,True,False,True,False,True,False,True,False,True,True
qpeexact_6_Mutant_Remove_cp_P20_Q3.qasm,PureState_28,0.0,0.0,0.3768229925847882,0.9822943117748254,0.3663384156266854,0.823946145431386,0.3535533905932737,0.9939803278342376,0.6250000000000101,0.0001146693767479,0.17724609375,0.6298828125,True,True,True,False,True,False,True,True,True,True,True,True
qpeexact_6_Mutant_Remove_cp_P20_Q3.qasm,Quratest_28,0.0,0.0,0.153620033275172,0.8937752493160941,0.1519907405916646,0.7775584350341959,0.1627243479186938,0.9662079561383414,0.6449545334711114,0.0021935498227453,0.0537109375,0.5517578125,True,True,True,False,True,False,True,True,True,True,True,False
qpeexact_6_Mutant_Remove_cp_P20_Q3.qasm,PureState_29,,0.0,0.0,0.2109257337374927,0.0,0.1764692516361281,1.1375258331650635e-32,0.13283047847017,1.000000000000011,0.8671695386860048,0.0,0.35205078125,False,True,False,False,False,False,False,False,False,False,False,False
qpeexact_6_Mutant_Remove_cp_P20_Q3.qasm,Quratest_29,4.4765827883830703e-275,0.0,0.1224018721773953,0.8435850486531432,0.1216895936889231,0.7470746921150002,0.0902685243310031,0.9746462737417894,0.6405493101862855,0.0022446099644865,0.0244140625,0.4814453125,True,True,False,False,True,False,True,True,True,True,True,False
qpeexact_6_Mutant_Remove_cp_P20_Q3.qasm,PureState_30,0.0,0.0,0.539179830480092,0.9716472004120522,0.4626787466979244,0.8179045572177626,0.4999999999999998,0.9940209969767144,0.5000000000000085,0.000463460512898,0.0087890625,0.0810546875,True,True,True,False,True,False,True,True,True,True,True,False
qpeexact_6_Mutant_Remove_cp_P20_Q3.qasm,Quratest_30,0.0,0.0,0.2651752711740142,0.645270678199793,0.2585055540898451,0.5889446307852709,0.2067292870895478,0.7771570277525858,0.8207173139376849,0.1711876918771383,0.052734375,0.7021484375,True,True,True,False,True,False,True,False,True,False,True,True
qpeexact_6_Mutant_Remove_cp_P20_Q3.qasm,PureState_31,0.0,0.0,0.5372104829438368,0.9524441011821796,0.4608960428212854,0.8097444012477225,0.4999999999999999,0.9940209969767142,0.5000000000000093,0.0025260422189668,0.02490234375,1.34326171875,True,True,True,False,True,False,True,True,True,True,True,True
qpeexact_6_Mutant_Remove_cp_P20_Q3.qasm,Quratest_31,0.0,0.0,0.1477012575876721,0.9121030195222648,0.1464261366890692,0.7850416105501341,0.1039807466492798,0.9726649383306372,0.5499698193995144,0.0023622457061417,0.04443359375,0.357421875,True,True,True,False,True,False,True,True,True,True,True,False
qpeexact_6_Mutant_Remove_cp_P22_Q4.qasm,PureState_0,0.2438856798849648,0.0,0.0104251847980663,0.4992579349811858,0.0104235282646433,0.4625537865644534,2.4859783154280295e-34,0.8984528369003746,1.000000000000009,0.041284177295998,0.0,0.560546875,True,True,False,False,False,False,False,False,False,False,False,False
qpeexact_6_Mutant_Remove_cp_P22_Q4.qasm,Quratest_0,7.090910462148147e-07,0.0,0.03447665402477,0.8064693270136786,0.0334367277320932,0.7352705197154633,0.0017321273771876,0.9658296303131496,0.9995134629739068,0.0039967242629545,0.00244140625,0.26708984375,True,True,False,False,False,False,True,True,True,True,True,False
qpeexact_6_Mutant_Remove_cp_P22_Q4.qasm,PureState_1,5.880587071009896e-95,0.0,0.075978292598384,0.9942597146157016,0.075032655684405,0.8301336845683276,0.0565611625690902,0.9993046878843524,0.9903926402016264,9.186005073851788e-07,0.02099609375,0.625,True,True,False,False,False,False,True,True,True,True,True,True
qpeexact_6_Mutant_Remove_cp_P22_Q4.qasm,Quratest_1,1.4919197873925802e-26,0.0,0.0473632556459587,0.7981803827566055,0.0471614099004835,0.716260457411033,0.016744295085108,0.934653496335484,0.99438647014007,0.0201397284293883,0.01171875,0.8740234375,True,True,False,False,False,False,True,True,True,False,True,True
qpeexact_6_Mutant_Remove_cp_P22_Q4.qasm,PureState_2,2.0036957533675635e-145,0.0,0.0738644990259486,0.9879440269335034,0.0691828556300332,0.8280959407698342,0.0278859188282276,0.9993045785146738,0.9903926402016264,4.612078219000542e-06,0.0390625,0.63818359375,True,True,False,False,False,False,True,True,True,True,True,True
qpeexact_6_Mutant_Remove_cp_P22_Q4.qasm,Quratest_2,1.019200514563535e-12,0.0,0.0389396740316891,0.8167102753474984,0.0389102381275155,0.7245949860807813,0.0274797480505616,0.9358433433445345,0.9921133300737848,0.0352473622600187,0.00732421875,0.6708984375,True,True,False,False,False,False,True,True,True,False,True,True
qpeexact_6_Mutant_Remove_cp_P22_Q4.qasm,PureState_3,0.0916795871847774,0.0,0.0124553561167693,0.9159274537074472,0.0124539518335596,0.7933261149991803,3.0066985446190307e-34,0.9951687180558672,1.000000000000011,0.0004231288004824,0.0,0.98828125,True,True,False,False,False,False,False,True,False,True,False,True
qpeexact_6_Mutant_Remove_cp_P22_Q4.qasm,Quratest_3,0.0122647633385203,0.0,0.0200969978211343,0.907550011228742,0.0200868408012953,0.7850355941802479,5.1346494139337424e-30,0.9767004704732948,1.000000000000011,0.002893859481767,0.0,0.5126953125,True,True,False,False,False,False,False,True,False,True,False,False
qpeexact_6_Mutant_Remove_cp_P22_Q4.qasm,PureState_4,0.6129140159019266,0.0,0.0082820137683415,0.8597693360507479,0.0082815316902059,0.7675279433943287,2.37039462179465e-34,0.9817123933687776,1.000000000000011,0.0019204983906644,0.0,0.71044921875,False,True,False,False,False,False,False,True,False,True,False,True
qpeexact_6_Mutant_Remove_cp_P22_Q4.qasm,Quratest_4,0.0123087358144682,0.0,0.0259736164399526,0.9025478898389216,0.0259636856691733,0.7823017996850955,0.0057291428346353,0.9745090199770814,0.9944951738594558,0.0018741975458552,0.00244140625,0.642578125,True,True,False,False,False,False,True,True,True,True,True,True
qpeexact_6_Mutant_Remove_cp_P22_Q4.qasm,PureState_5,1.5240371723927062e-110,0.0,0.0720241922649543,0.9522935942565456,0.0677045891557958,0.8113096701076987,0.0278859188282274,0.999304578514674,0.9903926402016264,0.0002778874703906,0.037109375,0.67626953125,True,True,False,False,False,False,True,True,True,True,True,True
qpeexact_6_Mutant_Remove_cp_P22_Q4.qasm,Quratest_5,1.0631587457142231e-36,0.0,0.0546329649169602,0.8623754150290917,0.0545665051923492,0.7610578937935091,0.0404952035190863,0.9565595274929148,0.991058896249985,0.0131398218408461,0.01806640625,0.68701171875,True,True,False,False,False,False,True,True,True,True,True,True
qpeexact_6_Mutant_Remove_cp_P22_Q4.qasm,PureState_6,0.0,0.0,0.0779923182234389,0.9949736270772666,0.0775605279506955,0.8310636976961032,0.0757213478738637,0.9998110891985572,0.9903926402016272,5.3057634482695365e-06,0.00048828125,1.173828125,True,True,False,False,False,False,True,True,True,True,True,True
qpeexact_6_Mutant_Remove_cp_P22_Q4.qasm,Quratest_6,6.39438457470195e-06,0.0,0.0318899260188392,0.62251440115175,0.0317714359407449,0.5488104097192135,0.0146604016708815,0.6631331015529527,0.992228667195263,0.276744022823241,0.005859375,0.4072265625,True,True,False,False,False,False,True,False,True,False,True,False
qpeexact_6_Mutant_Remove_cp_P22_Q4.qasm,PureState_7,4.945695220477449e-84,0.0,0.0744233502575039,0.995259002652243,0.0743013592486469,0.8304558533079925,0.0757213478738637,0.9998110891985572,0.990392640201626,5.285054714071362e-06,0.00048828125,1.173828125,True,True,False,False,False,False,True,True,True,True,True,True
qpeexact_6_Mutant_Remove_cp_P22_Q4.qasm,Quratest_7,1.2007095766944723e-11,0.0,0.0373919140360032,0.916896030805508,0.0371257187166049,0.790978477235026,0.0158431791533067,0.989262388979558,0.9966418744919988,0.0004184943939995,0.0048828125,0.65185546875,True,True,False,False,False,False,True,True,True,True,True,True
qpeexact_6_Mutant_Remove_cp_P22_Q4.qasm,PureState_8,1.2372067234283153e-83,0.0,0.0734876101799564,0.9929585680927674,0.073222504061922,0.8304273748735874,0.0898315707288184,0.999825341338468,0.9903926402016272,9.784571460760113e-07,0.02294921875,0.45947265625,True,True,False,False,False,False,True,True,True,True,True,False
qpeexact_6_Mutant_Remove_cp_P22_Q4.qasm,Quratest_8,1.4218093341725866e-07,0.0,0.0336712219594641,0.9285972059950198,0.0336581956479197,0.7935588701787321,0.030920409288941,0.9800780927445149,0.9947921279691594,0.0004602545472993,0.017578125,0.583984375,True,True,False,False,False,False,True,True,True,True,True,False
qpeexact_6_Mutant_Remove_cp_P22_Q4.qasm,PureState_9,0.4728375397876343,0.0,0.0093209514587456,0.9527338104812412,0.0093193920497422,0.8087055146853858,2.120703922043019e-34,0.9939803278357032,1.000000000000011,0.0024252216539647,0.0,0.630859375,False,True,False,False,False,False,False,True,False,True,False,True
qpeexact_6_Mutant_Remove_cp_P22_Q4.qasm,Quratest_9,2.1703855146630568e-10,0.0,0.0356723999347321,0.8536487326839214,0.0355815507710939,0.7518241075282546,0.0129222846695648,0.962790678105654,0.997493919304085,0.003447348827929,0.00244140625,0.85107421875,True,True,False,False,False,False,True,True,True,True,True,True
qpeexact_6_Mutant_Remove_cp_P22_Q4.qasm,PureState_10,0.2573991942974042,0.0,0.0071075925282622,0.9526308497034872,0.0071075594766337,0.8099356658160245,2.1207039220430187e-34,0.9940209969767044,1.000000000000011,0.0025206137156974,0.0,1.34326171875,True,True,False,False,False,False,False,True,False,True,False,True
qpeexact_6_Mutant_Remove_cp_P22_Q4.qasm,Quratest_10,0.0,0.0,0.0308420358290893,0.8178555661671569,0.0284679420628875,0.736079186730291,0.0004822434380906,0.9554030226228988,0.999853649315398,0.0103590201843633,0.00146484375,0.5380859375,True,True,False,False,False,False,True,True,True,True,True,False
qpeexact_6_Mutant_Remove_cp_P22_Q4.qasm,PureState_11,2.6305424012557625e-71,0.0,0.0695578865547359,0.98676873710744,0.0693467066666609,0.828047851832373,0.0757213478738636,0.9970910946111056,0.9903926402016268,3.2076329743809164e-05,0.00439453125,0.1552734375,True,True,False,False,False,False,True,True,True,True,True,False
qpeexact_6_Mutant_Remove_cp_P22_Q4.qasm,Quratest_11,3.824747792321939e-40,0.0,0.0539895492833349,0.9105120737059896,0.053793843141707,0.7894511140369557,0.0279224479655992,0.9810372167156284,0.9924655558495608,0.0008664847646076,0.0126953125,0.5869140625,True,True,False,False,False,False,True,True,True,True,True,False
qpeexact_6_Mutant_Remove_cp_P22_Q4.qasm,PureState_12,0.6030623500674077,0.0,0.0018384791846032,0.993865425161768,0.0018384786667482,0.831796092094783,1.967931054665379e-34,0.9999953649742837,1.000000000000012,2.31755956949921e-06,0.0,0.63525390625,False,True,False,False,False,False,False,True,False,True,False,True
qpeexact_6_Mutant_Remove_cp_P22_Q4.qasm,Quratest_12,3.8941509067371214e-06,0.0,0.0313046047853655,0.8861486638528125,0.0312897063955046,0.7751755532323763,0.0118871341113628,0.9681780407010632,0.9961111098226244,0.0062686936868897,0.0048828125,1.046875,True,True,False,False,False,False,True,True,True,True,True,True
qpeexact_6_Mutant_Remove_cp_P22_Q4.qasm,PureState_13,3.044063921795126e-05,0.0,0.0169248592427883,0.9968486078191506,0.0169231519401305,0.8315261131963292,2.3116848154074e-34,0.9999953334468668,1.000000000000011,3.617445513980078e-07,0.0,0.0810546875,True,True,False,False,False,False,False,True,False,True,False,False
qpeexact_6_Mutant_Remove_cp_P22_Q4.qasm,Quratest_13,0.0,0.0,0.0428133483434889,0.9562323935900008,0.041485137725128,0.8132804875331893,0.0403501363571542,0.98848659905443,0.9911321092346276,0.0002507130372474,0.064453125,0.51025390625,True,True,False,False,False,False,True,True,True,True,True,False
qpeexact_6_Mutant_Remove_cp_P22_Q4.qasm,PureState_14,0.0017620220285977,0.0,0.0165652708377754,0.9841158659455324,0.0165593529123044,0.8282197931465881,2.839095805754224e-34,0.9970919135932133,1.000000000000011,3.721257041288171e-05,0.0,0.66748046875,True,True,False,False,False,False,False,True,False,True,False,True
qpeexact_6_Mutant_Remove_cp_P22_Q4.qasm,Quratest_14,3.6657367589852544e-05,0.0,0.0303309755114181,0.8570458386840215,0.0302751284536421,0.7523852311877126,0.0266115566238531,0.9618199665972312,0.993160996319668,0.0028071903381363,0.00439453125,0.56494140625,True,True,False,False,False,False,True,True,True,True,True,False
qpeexact_6_Mutant_Remove_cp_P22_Q4.qasm,PureState_15,1.5510483441158467e-78,0.0,0.071058846410769,0.9930754854078786,0.0701476356167043,0.8300428623619878,0.0565611625690902,0.9991611559916086,0.9903926402016264,9.22749592130622e-06,0.001953125,1.15478515625,True,True,False,False,False,False,True,True,True,True,True,True
qpeexact_6_Mutant_Remove_cp_P22_Q4.qasm,Quratest_15,0.0,0.0,0.0549157209766796,0.9796623129581972,0.054620915653982,0.8213430256783857,0.0596556682552828,0.9932245941506358,0.9908441739293922,8.56129040449106e-05,0.04541015625,0.85498046875,True,True,False,False,False,False,True,True,True,True,True,True
qpeexact_6_Mutant_Remove_cp_P22_Q4.qasm,PureState_16,1.1856225157035836e-101,0.0,0.076642971777016,0.9860337438465164,0.0763052492874389,0.8238461276250103,0.0898315707288184,0.9939393820619846,0.9903926402016264,0.0001046994741903,0.01318359375,0.73486328125,True,True,False,False,False,False,True,True,True,True,True,True
qpeexact_6_Mutant_Remove_cp_P22_Q4.qasm,Quratest_16,0.0003395948213982,0.0,0.0282891755387108,0.8853812106979445,0.0282721824356603,0.7684147608745723,0.0146963761364272,0.9694842860901388,0.9964758957217116,0.0020955377763719,0.013671875,0.5556640625,True,True,False,False,False,False,True,True,True,True,True,False
qpeexact_6_Mutant_Remove_cp_P22_Q4.qasm,PureState_17,,0.0,0.0,0.991301917643818,0.0,0.8317333700469753,1.5675284269395827e-34,0.9999953956785472,1.000000000000011,4.60438728208683e-06,0.0,1.64794921875,False,True,False,False,False,False,False,True,False,True,False,True
qpeexact_6_Mutant_Remove_cp_P22_Q4.qasm,Quratest_17,0.0,0.0,0.0286362449052166,0.8404787868554922,0.0263912248594195,0.7484184544275764,5.550707712549877e-05,0.9627185573632504,0.999968979001217,0.0058314903177175,0.0009765625,0.67431640625,True,True,False,False,False,False,True,True,True,True,True,True
qpeexact_6_Mutant_Remove_cp_P22_Q4.qasm,PureState_18,9.168207682256695e-120,0.0,0.0823779289486626,0.9803086296987928,0.0808258437997711,0.8193159449017848,0.0565611625690902,0.9993045785146738,0.9903926402016257,4.86897810290389e-05,0.044921875,0.6357421875,True,True,False,False,False,False,True,True,True,True,True,True
qpeexact_6_Mutant_Remove_cp_P22_Q4.qasm,Quratest_18,3.630037254197035e-09,0.0,0.0350108210859473,0.920076117319921,0.034986839817438,0.7961359660735334,0.0316803251146642,0.9845081982997476,0.992719151268948,0.0006663044146615,0.0537109375,0.40234375,True,True,False,False,False,False,True,True,True,True,True,False
qpeexact_6_Mutant_Remove_cp_P22_Q4.qasm,PureState_19,0.0003460348429678,0.0,0.0179335681401521,0.982749707064409,0.0179292755231072,0.8239963477089085,2.1207039220430187e-34,0.9939803278357032,1.0000000000000109,0.00011512359114,0.0,0.6298828125,True,True,False,False,False,False,False,True,False,True,False,True
qpeexact_6_Mutant_Remove_cp_P22_Q4.qasm,Quratest_19,9.835962194021053e-05,0.0,0.0299579784673117,0.9003027779824366,0.0297805030664232,0.784183201090016,0.024160234547631,0.9758564478800842,0.9967109365103516,0.0067570144144654,0.02294921875,0.478515625,True,True,False,False,False,False,True,True,True,True,True,False
qpeexact_6_Mutant_Remove_cp_P22_Q4.qasm,PureState_20,3.6765572748689425e-70,0.0,0.0659021407628725,0.9852055840217312,0.0658136390171511,0.8240413101876115,0.0898315707288184,0.9939393820619846,0.990392640201627,0.0001044740002981,0.01318359375,0.73486328125,True,True,False,False,False,False,True,True,True,True,True,True
qpeexact_6_Mutant_Remove_cp_P22_Q4.qasm,Quratest_20,0.0,0.0,0.0497745722891414,0.811607089696745,0.0484696174902038,0.7248396292425686,0.0128232618226844,0.9324234236590636,0.9962428498393148,0.0442944157319241,0.01025390625,0.802734375,True,True,False,False,False,False,True,True,True,False,True,True
qpeexact_6_Mutant_Remove_cp_P22_Q4.qasm,PureState_21,1.1287320260818056e-77,0.0,0.0687858471099578,0.9569389953260052,0.0643192420076592,0.8119829128026217,0.0278859188282274,0.9939393820619846,0.9903926402016264,0.0024003558731019,0.0185546875,1.32861328125,True,True,False,False,False,False,True,True,True,True,True,True
qpeexact_6_Mutant_Remove_cp_P22_Q4.qasm,Quratest_21,0.1949716006698096,0.0,0.0157724665205068,0.8435605120116956,0.0157713188331641,0.7518133542991092,2.2812040686098658e-29,0.9593081437376176,1.000000000000011,0.004256852143063,0.0,0.68359375,True,True,False,False,False,False,False,True,False,True,False,True
qpeexact_6_Mutant_Remove_cp_P22_Q4.qasm,PureState_22,0.0119485723519387,0.0,0.0147440627940123,0.7894588945125065,0.0147407060285397,0.7121242601741454,1.967513809203927e-34,0.9275192055375926,1.0000000000000098,0.007234783693042,0.0,0.328125,True,True,False,False,False,False,False,True,False,True,False,False
qpeexact_6_Mutant_Remove_cp_P22_Q4.qasm,Quratest_22,0.0063214234471901,0.0,0.0259351705036671,0.8593966479070034,0.0259165391738496,0.7582861680739514,0.0044560192325112,0.977085988056549,0.999132625000647,0.0048265229266854,0.00537109375,0.76904296875,True,True,False,False,False,False,True,True,True,True,True,True
qpeexact_6_Mutant_Remove_cp_P22_Q4.qasm,PureState_23,2.635332393834497e-88,0.0,0.0689601944342109,0.9889566889345652,0.0647639926775992,0.8283081160617559,0.0278859188282275,0.9958937211130732,0.9903926402016276,4.0252887362947106e-05,0.01904296875,0.07177734375,True,True,False,False,False,False,True,True,True,True,True,False
qpeexact_6_Mutant_Remove_cp_P22_Q4.qasm,Quratest_23,1.352616038156954e-07,0.0,0.0294503563568637,0.8202710789065829,0.029263250661324,0.7285470053976094,0.0023615937239513,0.9286579377276484,0.9991969887391688,0.0395323272700357,0.00341796875,0.552734375,True,True,False,False,False,False,True,True,True,False,True,False
qpeexact_6_Mutant_Remove_cp_P22_Q4.qasm,PureState_24,0.1150729752746042,0.0,0.0084641075019599,0.9943382132367846,0.0084636036755229,0.8316847820453811,2.9897010966118673e-34,0.9999953334468668,1.0000000000000109,3.6598155193146123e-07,0.0,0.0810546875,True,True,False,False,False,False,False,True,False,True,False,False
qpeexact_6_Mutant_Remove_cp_P22_Q4.qasm,Quratest_24,0.0002749051234441,0.0,0.0268985223607884,0.8556205510049162,0.0268359278311926,0.7618175225025972,0.0007194834432789,0.9724859358587156,0.9997273409074964,0.0033784969487363,0.0009765625,0.546875,True,True,False,False,False,False,True,True,True,True,True,False
qpeexact_6_Mutant_Remove_cp_P22_Q4.qasm,PureState_25,4.249204800996263e-141,0.0,0.0758857338200824,0.9898330146635425,0.0704247295743216,0.8288650258341482,0.0278859188282276,0.999304578514674,0.9903926402016268,4.6134038035361415e-06,0.0390625,0.63818359375,True,True,False,False,False,False,True,True,True,True,True,True
qpeexact_6_Mutant_Remove_cp_P22_Q4.qasm,Quratest_25,0.0,0.0,0.0366042753724508,0.9642838491645884,0.034383470338531,0.8164711730483083,0.0298830552253198,0.992392308644924,0.9980553086182804,9.058073706445224e-05,0.015625,0.546875,True,True,False,False,False,False,True,True,True,True,True,False
qpeexact_6_Mutant_Remove_cp_P22_Q4.qasm,PureState_26,5.6533643699982675e-74,0.0,0.0693672697035765,0.9846859408721104,0.0693118660561032,0.8235300302777206,0.0898315707288184,0.999304578514674,0.9903926402016268,1.2058356423353536e-05,0.025390625,0.80517578125,True,True,False,False,False,False,True,True,True,True,True,True
qpeexact_6_Mutant_Remove_cp_P22_Q4.qasm,Quratest_26,0.0,0.0,0.0403001662242101,0.9681956376059336,0.039078617417493,0.8179117581900558,0.049862860134289,0.9957516694720676,0.994938832001928,5.807292985310596e-05,0.001953125,0.8056640625,True,True,False,False,False,False,True,True,True,True,True,True
qpeexact_6_Mutant_Remove_cp_P22_Q4.qasm,PureState_27,0.7019744944114079,0.0,0.007710194197263,0.506926430651205,0.0077099006363285,0.4667636836561959,2.514496386574396e-34,0.8984528369003746,1.000000000000009,0.041134840146959,0.0,0.560546875,False,True,False,False,False,False,False,False,False,False,False,False
qpeexact_6_Mutant_Remove_cp_P22_Q4.qasm,Quratest_27,8.315218993229475e-13,0.0,0.038090134102976,0.6335873032700011,0.0380322416704849,0.5711067068499087,0.0154214240368668,0.896711362392264,0.9970815785269748,0.020958879707411,0.005859375,0.65380859375,True,True,False,False,False,False,True,False,True,False,True,True
qpeexact_6_Mutant_Remove_cp_P22_Q4.qasm,PureState_28,0.0083811556488783,0.0,0.0157691164826511,0.9833528782812416,0.015765524921484,0.8239330644690787,1.0455544890287175e-34,0.9939803278357032,1.000000000000011,0.00011466937672,0.0,0.6298828125,True,True,False,False,False,False,False,True,False,True,False,True
qpeexact_6_Mutant_Remove_cp_P22_Q4.qasm,Quratest_28,0.0,0.0,0.026550894419461,0.8929752736906595,0.0247386070356628,0.7768401789933251,3.0107722165314367e-05,0.966207956139944,0.9999665174716178,0.0021935648410884,0.00048828125,0.5517578125,True,True,False,False,False,False,True,True,True,True,True,False
qpeexact_6_Mutant_Remove_cp_P22_Q4.qasm,PureState_29,,0.0,0.0,0.2121628834054963,0.0,0.1775144671075053,1.045554489028719e-34,0.1328304784687338,1.000000000000011,0.8671695386874406,0.0,0.35205078125,False,True,False,False,False,False,False,False,False,False,False,False
qpeexact_6_Mutant_Remove_cp_P22_Q4.qasm,Quratest_29,9.067077121595363e-30,0.0,0.0528719394065492,0.8505885656436933,0.0528193052196613,0.7501058969922327,0.0263538703432401,0.974646273741964,0.994196487984356,0.0022451197010151,0.02880859375,0.4814453125,True,True,False,False,False,False,True,True,True,True,True,False
qpeexact_6_Mutant_Remove_cp_P22_Q4.qasm,PureState_30,0.8458087189319762,0.0,0.003208651092947,0.9709629849105516,0.0032086293702307,0.8178649409787636,2.120703922043019e-34,0.9940209969767044,1.000000000000011,0.0004634605128988,0.0,0.0810546875,False,True,False,False,False,False,False,True,False,True,False,False
qpeexact_6_Mutant_Remove_cp_P22_Q4.qasm,Quratest_30,0.0012365452331123,0.0,0.0216977786911363,0.649514437138313,0.021695133755734,0.5911168104220309,4.0304776926687995e-30,0.7771570277541886,1.0000000000000109,0.1711876916116871,0.0,0.7021484375,True,True,False,False,False,False,False,False,False,False,False,True
qpeexact_6_Mutant_Remove_cp_P22_Q4.qasm,PureState_31,0.0245380705357202,0.0,0.0106739838598895,0.954892159868021,0.0106732748025904,0.8120745081371226,2.8390958057542206e-34,0.9940209969767042,1.000000000000011,0.002526042218971,0.0,1.34326171875,True,True,False,False,False,False,False,True,False,True,False,True
qpeexact_6_Mutant_Remove_cp_P22_Q4.qasm,Quratest_31,2.3268148203013763e-06,0.0,0.032335147956495,0.9145398856694904,0.0322531671073046,0.7860633961872521,0.0101299461600749,0.9726649383322612,0.9962131503109172,0.0023625849070445,0.013671875,0.357421875,True,True,False,False,False,False,True,True,True,True,True,False
qpeexact_6_Mutant_Remove_cp_P24_Q4.qasm,PureState_0,2.732483619128333e-93,0.0,0.0717642714563641,0.4991193158305967,0.071341296606461,0.4621743216186303,0.0280213455729979,0.8984528369005429,0.8901650429449647,0.0413070383268134,0.0498046875,0.560546875,True,True,False,False,False,False,True,False,True,False,True,False
qpeexact_6_Mutant_Remove_cp_P24_Q4.qasm,Quratest_0,1.0388130934518355e-227,0.0,0.111401470646626,0.8093724850715671,0.110996756940182,0.7381483688864939,0.1059559710520843,0.9658296303129552,0.9644220019937372,0.0039866611951065,0.177734375,0.26708984375,True,True,False,False,False,False,True,True,True,True,True,False
qpeexact_6_Mutant_Remove_cp_P24_Q4.qasm,PureState_1,0.0,0.0,0.2269303387288219,0.9937994413005335,0.2206320073153204,0.8298060023549816,0.1933570385360329,0.9993046878843516,0.8566941738241701,9.19876294808964e-07,0.04736328125,0.625,True,True,True,False,True,False,True,True,True,True,True,True
qpeexact_6_Mutant_Remove_cp_P24_Q4.qasm,Quratest_1,8.279770086114974e-186,0.0,0.1030236005838377,0.7955462441480573,0.1024752761691048,0.7158801064568482,0.1154092018963869,0.9346534963338626,0.8729573003732244,0.0201646308687077,0.03564453125,0.8740234375,True,True,False,False,False,False,True,True,True,False,True,True
qpeexact_6_Mutant_Remove_cp_P24_Q4.qasm,PureState_2,1.4517344325444566e-162,0.0,0.0904110151252328,0.9859121808128314,0.0883419321999508,0.8274901584680314,0.0331748230521888,0.999304578514674,0.9602475644174446,4.6108024443067885e-06,0.0263671875,0.63818359375,True,True,False,False,False,False,True,True,True,True,True,True
qpeexact_6_Mutant_Remove_cp_P24_Q4.qasm,Quratest_2,0.0,0.0,0.1185366345655426,0.8200056422801877,0.1155203595491859,0.7264807879581732,0.0963469526623162,0.935843343343079,0.9029295880946532,0.0352556722826968,0.01904296875,0.6708984375,True,True,False,False,False,False,True,True,True,False,True,True
qpeexact_6_Mutant_Remove_cp_P24_Q4.qasm,PureState_3,0.0,0.0,0.1803767355565543,0.9105807355860048,0.1791970749095184,0.7911110834747255,0.163320370609547,0.9951687180558708,0.8901650429449665,0.0004229183770796,0.32470703125,0.98828125,True,True,True,False,True,False,True,True,True,True,True,True
qpeexact_6_Mutant_Remove_cp_P24_Q4.qasm,Quratest_3,0.0,0.0,0.1356069050639993,0.91172017205685,0.1329166057721917,0.7858879716905529,0.0973747327644969,0.9767004704731108,0.8600867639968519,0.0028908347947292,0.09326171875,0.5126953125,True,True,True,False,True,False,True,True,True,True,True,False
qpeexact_6_Mutant_Remove_cp_P24_Q4.qasm,PureState_4,1.4731409445026635e-119,0.0,0.0791539197193828,0.8627687055836081,0.0785595982691054,0.7699523168160628,0.0280213455729978,0.981712393368781,0.8901650429449675,0.0019212756672919,0.044921875,0.71044921875,True,True,False,False,False,False,True,True,True,True,True,True
qpeexact_6_Mutant_Remove_cp_P24_Q4.qasm,Quratest_4,1.3002932041203824e-05,0.0,0.0311313667276098,0.9025349568579412,0.0311201197053956,0.7824741815586005,0.0155816165223794,0.9745090199768875,0.8562431359252161,0.0018784455198355,0.00244140625,0.642578125,True,True,False,False,False,False,True,True,True,True,True,True
qpeexact_6_Mutant_Remove_cp_P24_Q4.qasm,PureState_5,4.473085720229636e-191,0.0,0.0943313461455083,0.9485504727380244,0.091069381640233,0.808847238364008,0.0331748230521889,0.9993045785146742,0.960247564417444,0.0002779391078281,0.01904296875,0.67626953125,True,True,False,False,False,False,True,True,True,True,True,True
qpeexact_6_Mutant_Remove_cp_P24_Q4.qasm,Quratest_5,2.15634471439818e-253,0.0,0.1219571570739846,0.8642722317910823,0.1208232505026831,0.7633174392041766,0.0976049853218759,0.956559527492738,0.8968400807240714,0.0131584230915508,0.07470703125,0.68701171875,True,True,False,False,True,False,True,True,True,True,True,True
qpeexact_6_Mutant_Remove_cp_P24_Q4.qasm,PureState_6,0.0,0.0,0.1937668148838921,0.9971730648983828,0.1859697033698105,0.8315248708574339,0.1276487261295796,0.9998110891985474,0.8901650429449668,5.312773396497939e-06,0.01025390625,1.173828125,True,True,True,False,True,False,True,True,True,True,True,True
qpeexact_6_Mutant_Remove_cp_P24_Q4.qasm,Quratest_6,5.117962656015302e-09,0.0,0.0386303298066922,0.6210485416566643,0.0382604359931635,0.5481223407505509,0.0298826107305891,0.6631331015514851,0.9661056514427284,0.2767431209593387,0.01708984375,0.4072265625,True,True,False,False,False,False,True,False,True,False,True,False
qpeexact_6_Mutant_Remove_cp_P24_Q4.qasm,PureState_7,0.0,0.0,0.1979885425756358,0.9953423458444184,0.1893865522000197,0.8310165519881298,0.1276487261295797,0.9998110891985474,0.8901650429449656,5.292300983397798e-06,0.01025390625,1.173828125,True,True,True,False,True,False,True,True,True,True,True,True
qpeexact_6_Mutant_Remove_cp_P24_Q4.qasm,Quratest_7,0.0,0.0,0.1905693672782547,0.915890240386435,0.1886786538444128,0.7906350192082486,0.1848708333949148,0.9892623889795188,0.8750256166767624,0.0004184421193608,0.1806640625,0.65185546875,True,True,True,False,True,False,True,True,True,True,True,True
qpeexact_6_Mutant_Remove_cp_P24_Q4.qasm,PureState_8,0.0,0.0,0.1024233809911155,0.9952504332576952,0.0972182395633217,0.831040529151388,0.0386415163833502,0.999825341338467,0.960247564417445,9.788339030381937e-07,0.05517578125,0.45947265625,True,True,False,False,False,False,True,True,True,True,True,False
qpeexact_6_Mutant_Remove_cp_P24_Q4.qasm,Quratest_8,3.1760254253816904e-235,0.0,0.1307403046933018,0.9333264550640076,0.1299834773468315,0.7957604743356569,0.1596811034497067,0.9800780927444952,0.897588255098167,0.0004603119520179,0.044921875,0.583984375,True,True,False,False,True,False,True,True,True,True,True,False
qpeexact_6_Mutant_Remove_cp_P24_Q4.qasm,PureState_9,0.0,0.0,0.2016598282370717,0.954168459563402,0.1949530304764948,0.8101732329117968,0.1352990250365491,0.993980327834238,0.8901650429449666,0.0024256981790654,0.18994140625,0.630859375,True,True,True,False,True,False,True,True,True,True,True,True
qpeexact_6_Mutant_Remove_cp_P24_Q4.qasm,Quratest_9,0.0,0.0,0.1548126434645733,0.8522071295753498,0.1525902038970536,0.7512697725495608,0.1164774910346276,0.9627906781054884,0.9197731590660876,0.0034478657236986,0.169921875,0.85107421875,True,True,True,False,True,False,True,True,True,True,True,True
qpeexact_6_Mutant_Remove_cp_P24_Q4.qasm,PureState_10,0.0,0.0,0.2742726725492799,0.9551895295283208,0.2519717219890312,0.8107687940021638,0.2499999999999999,0.9940209969767148,0.8535533905932848,0.0025206137156932,0.21337890625,1.34326171875,True,True,True,False,True,False,True,True,True,True,True,True
qpeexact_6_Mutant_Remove_cp_P24_Q4.qasm,Quratest_10,0.0,0.0,0.0888758362139603,0.8111613580299072,0.0881328124513645,0.7311035690393483,0.1302907976614408,0.9554030226227233,0.8793895804116504,0.0103767630598341,0.01611328125,0.5380859375,True,True,False,False,False,False,True,True,True,True,True,False
qpeexact_6_Mutant_Remove_cp_P24_Q4.qasm,PureState_11,0.0,0.0,0.1939319039235227,0.984316834824676,0.1848345070090957,0.8274683496359951,0.1276487261295796,0.9970910946110958,0.890165042944967,3.216124056582797e-05,0.005859375,0.1552734375,True,True,True,False,True,False,True,True,True,True,True,False
qpeexact_6_Mutant_Remove_cp_P24_Q4.qasm,Quratest_11,0.0,0.0,0.1880301930676575,0.9101296021086684,0.1806296304938508,0.7889766548777787,0.1402633957916416,0.9810372167155884,0.863834044791425,0.0008675284954152,0.04150390625,0.5869140625,True,True,True,False,True,False,True,True,True,True,True,False
qpeexact_6_Mutant_Remove_cp_P24_Q4.qasm,PureState_12,0.7489675106305169,0.0,0.0011313717776254,0.9906139761119014,0.0011313716569695,0.8309620311159606,6.478023466746722e-33,0.999995364974283,1.000000000000012,2.317559570063279e-06,0.0,0.63525390625,False,True,False,False,False,False,False,True,False,True,False,True
qpeexact_6_Mutant_Remove_cp_P24_Q4.qasm,Quratest_12,0.0,0.0,0.1614369808368172,0.8868720060189784,0.1579110504798913,0.7764379531588502,0.1135128547514524,0.9681780406995966,0.8825457769934212,0.0062664727186981,0.06396484375,1.046875,True,True,True,False,True,False,True,True,True,True,True,True
qpeexact_6_Mutant_Remove_cp_P24_Q4.qasm,PureState_13,0.0,0.0,0.2723016628006138,0.9977726599319818,0.2513553890769927,0.8319782425245625,0.2499999999999999,0.9999953334468662,0.8535533905932846,3.617445514870608e-07,0.2236328125,0.0810546875,True,True,True,False,True,False,True,True,True,True,True,False
qpeexact_6_Mutant_Remove_cp_P24_Q4.qasm,Quratest_13,0.0,0.0,0.1044476850579461,0.9526617022059398,0.1033035100113834,0.8107457754428049,0.0557021268346608,0.9884865990542424,0.9131193267902384,0.0002508462008511,0.07177734375,0.51025390625,True,True,False,False,False,False,True,True,True,True,True,False
qpeexact_6_Mutant_Remove_cp_P24_Q4.qasm,PureState_14,0.0,0.0,0.1984940736173836,0.984970325596101,0.1919397768279981,0.8277167359998426,0.1352990250365492,0.9970919135931838,0.8901650429449665,3.728286774048119e-05,0.18212890625,0.66748046875,True,True,True,False,True,False,True,True,True,True,True,True
qpeexact_6_Mutant_Remove_cp_P24_Q4.qasm,Quratest_14,0.0,0.0,0.1548825078883859,0.8557436893818624,0.1532713869718397,0.7524680891494728,0.1604359796969064,0.9618199665957584,0.8694808367165759,0.0028051597622826,0.14892578125,0.56494140625,True,True,True,False,True,False,True,True,True,True,True,False
qpeexact_6_Mutant_Remove_cp_P24_Q4.qasm,PureState_15,0.0,0.0,0.1980305323223919,0.9937556368530218,0.1892726034268536,0.8301912644246178,0.1377498582879315,0.999161155991599,0.8901650429449665,9.244511697430718e-06,0.08154296875,1.15478515625,True,True,True,False,True,False,True,True,True,True,True,True
qpeexact_6_Mutant_Remove_cp_P24_Q4.qasm,Quratest_15,3.100066557816044e-240,0.0,0.1364933020154387,0.9770555139783064,0.1350935956318216,0.820272458223978,0.1431573187794669,0.993224594150634,0.8733581358628101,8.564074354612375e-05,0.08251953125,0.85498046875,True,True,True,False,True,False,True,True,True,True,True,True
qpeexact_6_Mutant_Remove_cp_P24_Q4.qasm,PureState_16,0.0,0.0,0.1859665918544982,0.984906242504191,0.181859594547688,0.8236473114337868,0.1520350163815957,0.9939393820619848,0.890165042944966,0.0001046135768238,0.2783203125,0.73486328125,True,True,True,False,True,False,True,True,True,True,True,True
qpeexact_6_Mutant_Remove_cp_P24_Q4.qasm,Quratest_16,1.4428503408913977e-86,0.0,0.0770075480909518,0.8914383816795636,0.0768617521023529,0.7706726937569759,0.1386971334404902,0.9694842860885176,0.8889144896419777,0.0020972049402762,0.052734375,0.5556640625,True,True,False,False,False,False,True,True,True,True,True,False
qpeexact_6_Mutant_Remove_cp_P24_Q4.qasm,PureState_17,,0.0,0.0,0.9929037538333052,0.0,0.8319828431172546,4.384002630594391e-33,0.9999953956785466,1.000000000000011,4.604387283206925e-06,0.0,1.64794921875,False,True,False,False,False,False,False,True,False,True,False,True
qpeexact_6_Mutant_Remove_cp_P24_Q4.qasm,Quratest_17,0.0,0.0,0.0670636374109323,0.8406314154635752,0.0654277282361952,0.7488080078476752,0.0745324298709555,0.9627185573618032,0.8730060176496192,0.0058335460891834,0.015625,0.67431640625,True,True,False,False,False,False,True,True,True,True,True,True
qpeexact_6_Mutant_Remove_cp_P24_Q4.qasm,PureState_18,0.0,0.0,0.2258644956525081,0.9745736330144078,0.2193930351390104,0.817772997600142,0.1933570385360329,0.999304578514674,0.8566941738241696,4.8638142941885e-05,0.09228515625,0.6357421875,True,True,True,False,True,False,True,True,True,True,True,True
qpeexact_6_Mutant_Remove_cp_P24_Q4.qasm,Quratest_18,3.0008632461646547e-70,0.0,0.0673341399499835,0.921711053377648,0.0669517089792957,0.79666138123619,0.0517336398207816,0.9845081982997186,0.939787600110731,0.0006660390308971,0.01513671875,0.40234375,True,True,False,False,False,False,True,True,True,True,True,False
qpeexact_6_Mutant_Remove_cp_P24_Q4.qasm,PureState_19,0.0,0.0,0.1938581584616133,0.9774486977064272,0.1880177981853389,0.8229889778984207,0.1352990250365491,0.9939803278342378,0.8901650429449656,0.000115192485269,0.18603515625,0.6298828125,True,True,True,False,True,False,True,True,True,True,True,True
qpeexact_6_Mutant_Remove_cp_P24_Q4.qasm,Quratest_19,1.3353682475937374e-17,0.0,0.0488178729702608,0.9007702137290612,0.0470242962413634,0.7852516192053384,0.0230846450547736,0.9758564478798966,0.8568657239339381,0.0067531899343453,0.03662109375,0.478515625,True,True,False,False,False,False,True,True,True,True,True,False
qpeexact_6_Mutant_Remove_cp_P24_Q4.qasm,PureState_20,0.0,0.0,0.1904986516291635,0.9847846229430072,0.1861069438425456,0.8234734646253394,0.1520350163815957,0.9939393820619848,0.8901650429449665,0.0001043888115347,0.2783203125,0.73486328125,True,True,True,False,True,False,True,True,True,True,True,True
qpeexact_6_Mutant_Remove_cp_P24_Q4.qasm,Quratest_20,0.0,0.0,0.2300597263261467,0.8057157925601425,0.2202083046802786,0.7218193801921461,0.1873498548239917,0.932423423657613,0.8596627088074866,0.0442332511225365,0.0400390625,0.802734375,True,True,True,False,True,False,True,True,True,False,True,True
qpeexact_6_Mutant_Remove_cp_P24_Q4.qasm,PureState_21,0.0,0.0,0.2018315860453327,0.9517750757858884,0.1903342809700305,0.8085456208198122,0.1133635680359154,0.9939393820619852,0.8901650429449653,0.0024000757981309,0.150390625,1.32861328125,True,True,True,False,True,False,True,True,True,True,True,True
qpeexact_6_Mutant_Remove_cp_P24_Q4.qasm,Quratest_21,2.5436273582404137e-146,0.0,0.0887217828417794,0.8466578644561993,0.0884634336630314,0.7531037753835641,0.0964703197360366,0.9593081437360068,0.9121498668793062,0.0042543592109311,0.025390625,0.68359375,True,True,False,False,False,False,True,True,True,True,True,True
qpeexact_6_Mutant_Remove_cp_P24_Q4.qasm,PureState_22,0.0,0.0,0.1824656763901281,0.7921746811007945,0.1812497049348357,0.7151539736371055,0.163320370609547,0.927519205537596,0.8901650429449653,0.0072386289625353,0.33740234375,0.328125,True,True,True,False,True,False,True,True,True,True,True,False
qpeexact_6_Mutant_Remove_cp_P24_Q4.qasm,Quratest_22,6.9667541880569825e-47,0.0,0.0577528169364846,0.8574497402839146,0.0576137852236145,0.7564431385681859,0.0284828583656836,0.9770859880563452,0.985474193338272,0.0048265750226487,0.02294921875,0.76904296875,True,True,False,False,False,False,True,True,True,True,True,True
qpeexact_6_Mutant_Remove_cp_P24_Q4.qasm,PureState_23,0.0,0.0,0.1896549836688112,0.9894098289003834,0.1791259416250478,0.8285507812061069,0.1133635680359155,0.9958937211130636,0.890165042944966,4.0235965519558e-05,0.13525390625,0.07177734375,True,True,True,False,True,False,True,True,True,True,True,False
qpeexact_6_Mutant_Remove_cp_P24_Q4.qasm,Quratest_23,7.397568909338715e-221,0.0,0.1485300293420935,0.8216579946297196,0.1432802182893579,0.7291880458802239,0.1011752735727414,0.9286579377262012,0.8731519477693428,0.0395928340554663,0.04638671875,0.552734375,True,True,True,False,True,False,True,True,True,False,True,False
qpeexact_6_Mutant_Remove_cp_P24_Q4.qasm,PureState_24,0.0,0.0,0.2850198954659521,0.998053884106943,0.2619581051787249,0.8321379446832969,0.25,0.999995333446866,0.8535533905932844,3.659815520196743e-07,0.2236328125,0.0810546875,True,True,True,False,True,False,True,True,True,True,True,False
qpeexact_6_Mutant_Remove_cp_P24_Q4.qasm,Quratest_24,3.813594304491669e-220,0.0,0.1092066956591987,0.8526270853393609,0.1067196066235175,0.7592460192375796,0.0608106847500812,0.9724859358585398,0.9393719903622308,0.0033756275880575,0.0244140625,0.546875,True,True,False,False,False,False,True,True,True,True,True,False
qpeexact_6_Mutant_Remove_cp_P24_Q4.qasm,PureState_25,1.8148686581752047e-253,0.0,0.1003952336567193,0.9899007774346072,0.0978200187538861,0.8283850920962552,0.0331748230521889,0.9993045785146744,0.960247564417446,4.612126238080243e-06,0.0263671875,0.63818359375,True,True,False,False,False,False,True,True,True,True,True,True
qpeexact_6_Mutant_Remove_cp_P24_Q4.qasm,Quratest_25,0.0,0.0,0.0745847311365139,0.9661396457295224,0.0730573419441514,0.8164266268884701,0.0871417139873347,0.9923923086448844,0.9778128135354988,9.077171818066768e-05,0.0458984375,0.546875,True,True,False,False,False,False,True,True,True,True,True,False
qpeexact_6_Mutant_Remove_cp_P24_Q4.qasm,PureState_26,0.0,0.0,0.0970111186578944,0.9825923790935333,0.0940034078327145,0.8227941117491427,0.0386415163833502,0.999304578514674,0.9602475644174446,1.2051553722370427e-05,0.06494140625,0.80517578125,True,True,False,False,False,False,True,True,True,True,True,True
qpeexact_6_Mutant_Remove_cp_P24_Q4.qasm,Quratest_26,0.0,0.0,0.0693751191840542,0.9677806655160898,0.0679075953693233,0.8174347875581818,0.0467815019716415,0.9957516694720544,0.978414970516456,5.8166863546648385e-05,0.0283203125,0.8056640625,True,True,False,False,False,False,True,True,True,True,True,True
qpeexact_6_Mutant_Remove_cp_P24_Q4.qasm,PureState_27,4.486143412270478e-120,0.0,0.0807529022347114,0.5007974988582528,0.0801680149858815,0.4635957751459532,0.0280213455729978,0.8984528369005427,0.8901650429449646,0.0411119791160085,0.0498046875,0.560546875,True,True,False,False,False,False,True,False,True,False,True,False
qpeexact_6_Mutant_Remove_cp_P24_Q4.qasm,Quratest_27,2.0247035891033842e-30,0.0,0.0627530665677371,0.6397263561488428,0.0617421600435618,0.5769741321901188,0.0284043473532951,0.8967113623922638,0.9570383122375358,0.0209557084636338,0.0048828125,0.65380859375,True,True,False,False,False,False,True,False,True,False,True,True
qpeexact_6_Mutant_Remove_cp_P24_Q4.qasm,PureState_28,0.0,0.0,0.1979476614072333,0.984296364690654,0.1915577923942841,0.8239834243792293,0.1352990250365492,0.993980327834238,0.890165042944966,0.0001146004826468,0.18603515625,0.6298828125,True,True,True,False,True,False,True,True,True,True,True,True
qpeexact_6_Mutant_Remove_cp_P24_Q4.qasm,Quratest_28,0.0,0.0,0.0719130140176591,0.8951141438526101,0.0707553098586045,0.7769599247636189,0.0632840783949117,0.9662079561383414,0.8637043376751196,0.0021878369161956,0.0419921875,0.5517578125,True,True,False,False,False,False,True,True,True,True,True,False
qpeexact_6_Mutant_Remove_cp_P24_Q4.qasm,PureState_29,,0.0,0.0,0.206416347239955,0.0,0.1726609466120472,2.5233501435969658e-33,0.1328304784701698,1.000000000000011,0.8671695386860043,0.0,0.35205078125,False,True,False,False,False,False,False,False,False,False,False,False
qpeexact_6_Mutant_Remove_cp_P24_Q4.qasm,Quratest_29,3.7223061739435815e-215,0.0,0.1139446916951766,0.8509640977400991,0.1133050735563016,0.7515256095568904,0.0836791181608628,0.9746462737417894,0.9276419729735508,0.0022468165600612,0.001953125,0.4814453125,True,True,False,False,False,False,True,True,True,True,True,False
qpeexact_6_Mutant_Remove_cp_P24_Q4.qasm,PureState_30,0.0,0.0,0.2703248624655492,0.9706741912158322,0.2477407309681612,0.8184228120581699,0.2499999999999999,0.9940209969767146,0.8535533905932852,0.000463460512898,0.2236328125,0.0810546875,True,True,True,False,True,False,True,True,True,True,True,False
qpeexact_6_Mutant_Remove_cp_P24_Q4.qasm,Quratest_30,2.8901630508373436e-24,0.0,0.0436273879954412,0.6464195216611898,0.043598730694146,0.5915415208872701,0.0451171575283025,0.7771570277525863,0.8641129657206263,0.1712524828497743,0.03466796875,0.7021484375,True,True,False,False,False,False,True,False,True,False,True,True
qpeexact_6_Mutant_Remove_cp_P24_Q4.qasm,PureState_31,0.0,0.0,0.2739115735206306,0.9517958773327138,0.2512986323042856,0.8092441359968892,0.2499999999999998,0.9940209969767142,0.8535533905932848,0.0025260422189668,0.21337890625,1.34326171875,True,True,True,False,True,False,True,True,True,True,True,True
qpeexact_6_Mutant_Remove_cp_P24_Q4.qasm,Quratest_31,5.149581369975405e-83,0.0,0.0752714111655613,0.9103832231619616,0.0749748484733916,0.7840870581449669,0.0816453706183821,0.9726649383306372,0.9067871144483576,0.0023633553118789,0.0244140625,0.357421875,True,True,False,False,False,False,True,True,True,True,True,False
qpeexact_6_Mutant_Remove_cp_P6_Q5.qasm,PureState_0,0.0,0.0,0.7388133403896157,0.5059536405399048,0.6657348129801397,0.4657213749606078,0.8124766422553217,0.8984528369005425,0.038060233744359,0.0412841772959296,0.0185546875,0.560546875,True,True,True,False,True,False,True,False,True,False,True,False
qpeexact_6_Mutant_Remove_cp_P6_Q5.qasm,Quratest_0,0.0,0.0,0.514948053712159,0.8025560889179635,0.486979616731774,0.7339241810744689,0.5865728700487456,0.9658296303129544,0.2916604756194383,0.0039965067258822,0.88671875,0.26708984375,True,True,True,False,True,False,True,True,True,True,True,False
qpeexact_6_Mutant_Remove_cp_P6_Q5.qasm,PureState_1,0.0,0.0,0.6530253698787052,0.9932543165330668,0.6072531254446991,0.8297073678070404,0.7467246444785209,0.9993046878843508,0.0380602337443594,9.186005078434268e-07,0.0341796875,0.625,True,True,True,False,True,False,True,True,True,True,True,True
qpeexact_6_Mutant_Remove_cp_P6_Q5.qasm,Quratest_1,0.0,0.0,0.4332678423764048,0.7940491643704034,0.4075007504501292,0.7157144855115314,0.3877288032110346,0.9346534963338612,0.2007451573551897,0.0201410339110522,0.23876953125,0.8740234375,True,True,True,False,True,False,True,True,True,False,True,True
qpeexact_6_Mutant_Remove_cp_P6_Q5.qasm,PureState_2,0.0,0.0,0.7970469726533127,0.989770105631131,0.7204052671146717,0.8280944122375288,0.8858723411416902,0.9993045785146736,0.0380602337443594,4.61207822021774e-06,0.02294921875,0.63818359375,True,True,True,False,True,False,True,True,True,True,True,True
qpeexact_6_Mutant_Remove_cp_P6_Q5.qasm,Quratest_2,0.0,0.0,0.4781833698034555,0.8189233232828075,0.4454398030802589,0.7261375105790104,0.5018861894233169,0.9358433433430784,0.1231545372643898,0.0352485328350707,0.0771484375,0.6708984375,True,True,True,False,True,False,True,True,True,False,True,True
qpeexact_6_Mutant_Remove_cp_P6_Q5.qasm,PureState_3,0.0,0.0,0.4172528406606363,0.909445053010479,0.3914062657189617,0.7906856617923637,0.4443582307761399,0.99516871805587,0.0380602337443593,0.0004231288004817,0.6181640625,0.98828125,True,True,True,False,True,False,True,True,True,True,True,True
qpeexact_6_Mutant_Remove_cp_P6_Q5.qasm,Quratest_3,0.0,0.0,0.4414389240284869,0.9115624256951972,0.4071112631535746,0.7855813431054718,0.4284523937469051,0.97670047047311,0.1647885904202998,0.0028938594843718,0.25830078125,0.5126953125,True,True,True,False,True,False,True,True,True,True,True,False
qpeexact_6_Mutant_Remove_cp_P6_Q5.qasm,PureState_4,0.0,0.0,0.7380402488600969,0.8564482090575155,0.6657612195186673,0.7664479736810494,0.8124766422553218,0.9817123933687806,0.0380602337443589,0.0019204983906613,0.01416015625,0.71044921875,True,True,True,False,True,False,True,True,True,True,True,True
qpeexact_6_Mutant_Remove_cp_P6_Q5.qasm,Quratest_4,3.829904895232873e-27,0.0,0.0501780400532744,0.9008538328649426,0.0501203225777782,0.7810581199610391,0.0443042813697242,0.9745090199768868,0.0872372319439338,0.0018756964009356,0.02978515625,0.642578125,True,True,False,False,False,False,True,True,True,True,True,True
qpeexact_6_Mutant_Remove_cp_P6_Q5.qasm,PureState_5,0.0,0.0,0.803859965659572,0.9500831788982184,0.726367545017427,0.80886329328148,0.8858723411416903,0.9993045785146736,0.0380602337443593,0.0002778874698897,0.02294921875,0.67626953125,True,True,True,False,True,False,True,True,True,True,True,True
qpeexact_6_Mutant_Remove_cp_P6_Q5.qasm,Quratest_5,0.0,0.0,0.3267986161956806,0.8608943482203948,0.3067769106845016,0.7608957956132026,0.2420479734599283,0.9565595274927382,0.3271628438378812,0.0131492564488147,0.00146484375,0.68701171875,True,True,True,False,True,False,True,True,True,True,True,True
qpeexact_6_Mutant_Remove_cp_P6_Q5.qasm,PureState_6,0.0024615612177878,0.0,0.0204456875289797,0.9935680564535966,0.0204403604081569,0.8303158135639145,0.0,0.9998110891985474,1.000000000000011,5.305763429374434e-06,0.0,1.173828125,True,True,False,False,False,False,False,True,False,True,False,True
qpeexact_6_Mutant_Remove_cp_P6_Q5.qasm,Quratest_6,0.0,0.0,0.5271178961428726,0.6199107726636818,0.4904408142429304,0.5471826285909541,0.4790917412376408,0.6631331015514847,0.2406644318924972,0.2767292622067439,0.00537109375,0.4072265625,True,True,True,False,True,False,True,False,True,False,True,False
qpeexact_6_Mutant_Remove_cp_P6_Q5.qasm,PureState_7,2.5884105539633868e-05,0.0,0.025089842631484,0.9935721019078868,0.0247674584756743,0.8301928241770178,0.0,0.9998110891985472,1.0000000000000109,5.285054733189141e-06,0.0,1.173828125,True,True,False,False,False,False,False,True,False,True,False,True
qpeexact_6_Mutant_Remove_cp_P6_Q5.qasm,Quratest_7,0.0,0.0,0.4476784169399541,0.9260945864530908,0.422356364243139,0.7951064960229294,0.5050793134344337,0.989262388979519,0.0504100112914652,0.0004184941026326,0.00341796875,0.65185546875,True,True,True,False,True,False,True,True,True,True,True,True
qpeexact_6_Mutant_Remove_cp_P6_Q5.qasm,PureState_8,0.0,0.0,0.3180909493953068,0.9957093145020328,0.3026722039440525,0.8313977347849286,0.2749964627894913,0.9998253413384663,0.0380602337443594,9.784571443537368e-07,0.35205078125,0.45947265625,True,True,True,False,True,False,True,True,True,True,True,False
qpeexact_6_Mutant_Remove_cp_P6_Q5.qasm,Quratest_8,0.0,0.0,0.2231114557436895,0.9282180817941328,0.2186576525885419,0.7933017457314109,0.2303611180732034,0.9800780927444944,0.2109371555543885,0.0004602136812967,0.1806640625,0.583984375,True,True,True,False,True,False,True,True,True,True,True,False
qpeexact_6_Mutant_Remove_cp_P6_Q5.qasm,PureState_9,0.0952689312063518,0.0,0.0128952488547051,0.9517237968975024,0.0128897418260694,0.808862665143831,0.0,0.9939803278342376,1.000000000000011,0.0024252216545552,0.0,0.630859375,True,True,False,False,False,False,False,True,False,True,False,True
qpeexact_6_Mutant_Remove_cp_P6_Q5.qasm,Quratest_9,0.0,0.0,0.4690206076543172,0.8508238061927835,0.4472979550209434,0.7507540178864612,0.496294101456726,0.9627906781054876,0.0843891861105846,0.0034474111874087,0.36376953125,0.85107421875,True,True,True,False,True,False,True,True,True,True,True,True
qpeexact_6_Mutant_Remove_cp_P6_Q5.qasm,PureState_10,0.5551663059943113,0.0,0.0050968516504394,0.950760530355795,0.0050968261925532,0.8087919870218728,0.0,0.9940209969767144,1.000000000000011,0.0025206137156932,0.0,1.34326171875,False,True,False,False,False,False,False,True,False,True,False,True
qpeexact_6_Mutant_Remove_cp_P6_Q5.qasm,Quratest_10,0.0,0.0,0.4609445328646822,0.8167241085171251,0.4395519465010063,0.7347714333397708,0.5044932058481987,0.9554030226227233,0.1132244526455678,0.0103590582596048,0.28466796875,0.5380859375,True,True,True,False,True,False,True,True,True,True,True,False
qpeexact_6_Mutant_Remove_cp_P6_Q5.qasm,PureState_11,8.30476973314813e-05,0.0,0.0225424116728496,0.9863196611760112,0.0225237761335122,0.8281416948317977,0.0,0.9970910946110958,1.000000000000011,3.207632953230509e-05,0.0,0.1552734375,True,True,False,False,False,False,False,True,False,True,False,False
qpeexact_6_Mutant_Remove_cp_P6_Q5.qasm,Quratest_11,0.0,0.0,0.6569417262659447,0.9071135781942952,0.6082583933799118,0.7885731566894444,0.7558200847126235,0.9810372167155872,0.0393904306033104,0.0008667176228708,0.11474609375,0.5869140625,True,True,True,False,True,False,True,True,True,True,True,False
qpeexact_6_Mutant_Remove_cp_P6_Q5.qasm,PureState_12,0.0,0.0,0.1392717286183936,0.993865425161768,0.139009465846388,0.8317960920947831,0.1913417161825447,0.9999953649742824,0.0380602337443595,2.317559570059514e-06,0.39599609375,0.63525390625,True,True,True,False,True,False,True,True,True,True,True,True
qpeexact_6_Mutant_Remove_cp_P6_Q5.qasm,Quratest_12,7.911049356291294e-120,0.0,0.0731466420352471,0.8847163134303413,0.0722917142387717,0.775042672885191,0.038441114389608,0.9681780406995958,0.8887752200540133,0.0062657389731724,0.0322265625,1.046875,True,True,False,False,False,False,True,True,True,True,True,True
qpeexact_6_Mutant_Remove_cp_P6_Q5.qasm,PureState_13,0.0,0.0,0.5562402405783768,0.9971235817858596,0.5323397647387231,0.8316703286109962,0.6801941318123677,0.999995333446866,0.0380602337443594,3.617445514882271e-07,1.3740234375,0.0810546875,True,True,True,False,True,False,True,True,True,True,True,False
qpeexact_6_Mutant_Remove_cp_P6_Q5.qasm,Quratest_13,0.0,0.0,0.3234824829567078,0.9575002109706716,0.3115221428822485,0.8138188415799191,0.3259912311826572,0.9884865990542412,0.0639233888076281,0.0002508206367781,0.14794921875,0.51025390625,True,True,True,False,True,False,True,True,True,True,True,False
qpeexact_6_Mutant_Remove_cp_P6_Q5.qasm,PureState_14,0.0070657817526578,0.0,0.0140706572484675,0.9860312775664896,0.014043006014678,0.8283091894541026,0.0,0.9970919135931838,1.000000000000011,3.721257042192033e-05,0.0,0.66748046875,True,True,False,False,False,False,False,True,False,True,False,True
qpeexact_6_Mutant_Remove_cp_P6_Q5.qasm,Quratest_14,0.0,0.0,0.2377906560907655,0.8561944621150924,0.2241824206150909,0.7511039006588386,0.1343012491375637,0.9618199665957587,0.4784651256251072,0.0028073364195834,0.04931640625,0.56494140625,True,True,True,False,True,False,True,True,True,True,True,False
qpeexact_6_Mutant_Remove_cp_P6_Q5.qasm,PureState_15,0.1164012061455047,0.0,0.0164579347945465,0.9918206313341732,0.0164539379725762,0.8299431538567532,0.0,0.999161155991599,1.0000000000000109,9.22749597864072e-06,0.0,1.15478515625,True,True,False,False,False,False,False,True,False,True,False,True
qpeexact_6_Mutant_Remove_cp_P6_Q5.qasm,Quratest_15,0.0,0.0,0.4613486637737903,0.9766205411130984,0.4386312716119766,0.8209904780414872,0.5008104226290112,0.993224594150634,0.0408369714248223,8.56344104460174e-05,0.39501953125,0.85498046875,True,True,True,False,True,False,True,True,True,True,True,True
qpeexact_6_Mutant_Remove_cp_P6_Q5.qasm,PureState_16,0.0083631988231227,0.0,0.0196480011094534,0.98432320037396,0.019231752416125,0.8233802552328114,0.0,0.9939393820619848,1.000000000000011,0.0001046994739832,0.0,0.73486328125,True,True,False,False,False,False,False,True,False,True,False,True
qpeexact_6_Mutant_Remove_cp_P6_Q5.qasm,Quratest_16,0.0,0.0,0.3873094142031414,0.883843499009209,0.3725245269022705,0.7668861902461556,0.387032262978754,0.9694842860885168,0.3322292540484218,0.0020960421881236,0.181640625,0.5556640625,True,True,True,False,True,False,True,True,True,True,True,False
qpeexact_6_Mutant_Remove_cp_P6_Q5.qasm,PureState_17,0.0,0.0,0.895127885196569,0.9929037538333052,0.7805068393697828,0.8319828431172546,0.961939766255643,0.999995395678546,0.0380602337443593,4.604387283200982e-06,1.92724609375,1.64794921875,True,True,True,False,True,False,True,True,True,True,True,True
qpeexact_6_Mutant_Remove_cp_P6_Q5.qasm,Quratest_17,0.0,0.0,0.4567566553454691,0.8446225546137308,0.4330493457824459,0.7524427004627149,0.4401041939432966,0.962718557361803,0.0693019159623816,0.0058315856822483,0.01513671875,0.67431640625,True,True,True,False,True,False,True,True,True,True,True,True
qpeexact_6_Mutant_Remove_cp_P6_Q5.qasm,PureState_18,0.0,0.0,0.6497018383577449,0.9734417872857194,0.60320139065875,0.817622942405881,0.7467246444785206,0.9993045785146736,0.0380602337443594,4.868978094522899e-05,0.0478515625,0.6357421875,True,True,True,False,True,False,True,True,True,True,True,True
qpeexact_6_Mutant_Remove_cp_P6_Q5.qasm,Quratest_18,0.0,0.0,0.3424818520687673,0.923760401480837,0.33322592861542,0.7978642434478521,0.3909321778820614,0.984508198299719,0.0578072092954283,0.000666121115011,0.51416015625,0.40234375,True,True,True,False,True,False,True,True,True,True,True,False
qpeexact_6_Mutant_Remove_cp_P6_Q5.qasm,PureState_19,0.0696660336861198,0.0,0.0130152849216406,0.9858955057446036,0.0130138478111117,0.825017095555294,0.0,0.9939803278342376,1.0000000000000109,0.000115123591168,0.0,0.6298828125,True,True,False,False,False,False,False,True,False,True,False,True
qpeexact_6_Mutant_Remove_cp_P6_Q5.qasm,Quratest_19,6.54445479434851e-74,0.0,0.0748711594132489,0.8990786928535882,0.0746380281520919,0.7833543347520362,0.0713690672930762,0.975856447879896,0.2789968732430412,0.0067529068049656,0.06689453125,0.478515625,True,True,False,False,False,False,True,True,True,True,True,False
qpeexact_6_Mutant_Remove_cp_P6_Q5.qasm,PureState_20,0.0,0.0,0.0205858568646956,0.9848797192748412,0.0198232026608373,0.8239701155143301,0.0,0.9939393820619848,1.000000000000011,0.0001044740005052,0.0,0.73486328125,True,True,False,False,False,False,False,True,False,True,False,True
qpeexact_6_Mutant_Remove_cp_P6_Q5.qasm,Quratest_20,0.0,0.0,0.2942861345512876,0.8093646573682198,0.2700981817502009,0.7230577422945941,0.1420456169644571,0.9324234236576124,0.6220216949293967,0.0442942111835569,0.07666015625,0.802734375,True,True,True,False,True,False,True,True,True,False,True,True
qpeexact_6_Mutant_Remove_cp_P6_Q5.qasm,PureState_21,0.0021400582125603,0.0,0.0204340862905144,0.9529480531021748,0.020427058844557,0.8091323039294832,0.0,0.9939393820619848,1.0000000000000098,0.0024003558716247,0.0,1.32861328125,True,True,False,False,False,False,False,True,False,True,False,True
qpeexact_6_Mutant_Remove_cp_P6_Q5.qasm,Quratest_21,4.546334151365639e-199,0.0,0.1296933260808961,0.8406026010919082,0.1268366027417689,0.750051194667569,0.1059731447384774,0.9593081437360064,0.7330817335197359,0.0042568521534571,0.03515625,0.68359375,True,True,False,False,True,False,True,True,True,True,True,True
qpeexact_6_Mutant_Remove_cp_P6_Q5.qasm,PureState_22,0.0,0.0,0.4121593329754577,0.7934619838085905,0.3878915341330716,0.7163378344132872,0.4443582307761399,0.9275192055375956,0.0380602337443593,0.00723478369303,0.61083984375,0.328125,True,True,True,False,True,False,True,True,True,True,True,False
qpeexact_6_Mutant_Remove_cp_P6_Q5.qasm,Quratest_22,0.0,0.0,0.2269642378154207,0.8600782284411773,0.2238135819813043,0.7587834439795443,0.2494182823054958,0.977085988056345,0.7245010475676771,0.0048266048674866,0.259765625,0.76904296875,True,True,True,False,True,False,True,True,True,True,True,True
qpeexact_6_Mutant_Remove_cp_P6_Q5.qasm,PureState_23,5.2398126962353715e-06,0.0,0.0232768632163445,0.9883145686386118,0.0232240336546628,0.8278176374093453,0.0,0.9958937211130636,1.000000000000011,4.025288730683949e-05,0.0,0.07177734375,True,True,False,False,False,False,False,True,False,True,False,False
qpeexact_6_Mutant_Remove_cp_P6_Q5.qasm,Quratest_23,0.0,0.0,0.4135664458149323,0.8149362728967141,0.3946145418834225,0.7267992333823023,0.4399246481435783,0.928657937726201,0.1103549150807988,0.0395351035241678,0.189453125,0.552734375,True,True,True,False,True,False,True,True,True,False,True,False
qpeexact_6_Mutant_Remove_cp_P6_Q5.qasm,PureState_24,0.0,0.0,0.5562161159023008,0.998053884106943,0.5325553673661032,0.832137944683297,0.6801941318123677,0.9999953334468654,0.0380602337443593,3.6598155202108817e-07,1.3740234375,0.0810546875,True,True,True,False,True,False,True,True,True,True,True,False
qpeexact_6_Mutant_Remove_cp_P6_Q5.qasm,Quratest_24,0.0,0.0,0.5362610524030301,0.8578328856209243,0.5079036814571394,0.7626817772173871,0.5652578534353196,0.9724859358585388,0.2161142278755707,0.0033784427616475,0.271484375,0.546875,True,True,True,False,True,False,True,True,True,True,True,False
qpeexact_6_Mutant_Remove_cp_P6_Q5.qasm,PureState_25,0.0,0.0,0.8039177436029357,0.988256748058741,0.7265255266289734,0.8281026799121315,0.8858723411416904,0.999304578514674,0.0380602337443593,4.613403802313061e-06,0.02294921875,0.63818359375,True,True,True,False,True,False,True,True,True,True,True,True
qpeexact_6_Mutant_Remove_cp_P6_Q5.qasm,Quratest_25,0.0,0.0,0.1950122508554465,0.965503498894076,0.1923220059999725,0.8163624398285653,0.1893598222544136,0.9923923086448848,0.8219326732196023,9.052935200539728e-05,0.115234375,0.546875,True,True,True,False,True,False,True,True,True,True,True,False
qpeexact_6_Mutant_Remove_cp_P6_Q5.qasm,PureState_26,0.0,0.0,0.3127454213431658,0.9830067414368416,0.2941175641341483,0.8232906839994065,0.2749964627894913,0.9993045785146736,0.0380602337443594,1.2058356441649312e-05,0.34375,0.80517578125,True,True,True,False,True,False,True,True,True,True,True,True
qpeexact_6_Mutant_Remove_cp_P6_Q5.qasm,Quratest_26,0.0,0.0,0.2972416687963033,0.972837863110426,0.2907515233456539,0.8190270013378431,0.3110680643739612,0.995751669472054,0.5375994480632916,5.813266230575828e-05,0.35009765625,0.8056640625,True,True,True,False,True,False,True,True,True,True,True,True
qpeexact_6_Mutant_Remove_cp_P6_Q5.qasm,PureState_27,0.0,0.0,0.7458402337072924,0.5051328581463653,0.6709951928795275,0.4658452814096898,0.8124766422553218,0.8984528369005425,0.0380602337443589,0.0411348401468909,0.0185546875,0.560546875,True,True,True,False,True,False,True,False,True,False,True,False
qpeexact_6_Mutant_Remove_cp_P6_Q5.qasm,Quratest_27,0.0,0.0,0.3088896828872366,0.6316965452301336,0.3007862856693151,0.5694641877890033,0.3780804457528894,0.8967113623922631,0.3816728859146697,0.0209578871852545,0.03955078125,0.65380859375,True,True,True,False,True,False,True,False,True,False,True,True
qpeexact_6_Mutant_Remove_cp_P6_Q5.qasm,PureState_28,0.0002766159937948,0.0,0.018241738431523,0.9819698682863552,0.0182366615165095,0.8234125029081606,0.0,0.9939803278342376,1.000000000000011,0.0001146693767479,0.0,0.6298828125,True,True,False,False,False,False,False,True,False,True,False,True
qpeexact_6_Mutant_Remove_cp_P6_Q5.qasm,Quratest_28,0.0,0.0,0.1856106600225695,0.8931202247899566,0.1820002126159041,0.7771157102199391,0.1567421337306766,0.9662079561383417,0.1551775984443725,0.0021935498227453,0.13671875,0.5517578125,True,True,True,False,True,False,True,True,True,True,True,False
qpeexact_6_Mutant_Remove_cp_P6_Q5.qasm,PureState_29,,0.0,0.0,0.2114213809305022,0.0,0.1768879817787804,0.0,0.1328304784701701,1.000000000000011,0.8671695386860035,0.0,0.35205078125,False,True,False,False,False,False,False,False,False,False,False,False
qpeexact_6_Mutant_Remove_cp_P6_Q5.qasm,Quratest_29,0.0,0.0,0.3231513541241028,0.847956653853962,0.3170620147056012,0.748610504094979,0.3711183776581185,0.974646273741789,0.0477240943552788,0.0022446099644865,0.23388671875,0.4814453125,True,True,True,False,True,False,True,True,True,True,True,False
qpeexact_6_Mutant_Remove_cp_P6_Q5.qasm,PureState_30,0.048797205379304,0.0,0.0097742903502152,0.976282524758862,0.0097738607591641,0.8193750645054473,0.0,0.9940209969767144,1.000000000000011,0.000463460512898,0.0,0.0810546875,True,True,False,False,False,False,False,True,False,True,False,False
qpeexact_6_Mutant_Remove_cp_P6_Q5.qasm,Quratest_30,1.2148303020003556e-26,0.0,0.0465444801694304,0.6468177596537978,0.0464079959319311,0.5913787542431163,0.0224849063164774,0.7771570277525865,0.459127845121424,0.1711876918771387,0.0146484375,0.7021484375,True,True,False,False,False,False,True,False,True,False,True,True
qpeexact_6_Mutant_Remove_cp_P6_Q5.qasm,PureState_31,0.0845070574615224,0.0,0.0089846301718071,0.9525504852276172,0.0089841915942558,0.8101131641782957,0.0,0.994020996976714,1.000000000000011,0.0025260422189668,0.0,1.34326171875,True,True,False,False,False,False,False,True,False,True,False,True
qpeexact_6_Mutant_Remove_cp_P6_Q5.qasm,Quratest_31,0.0,0.0,0.2706061429700465,0.9103524769561708,0.2580844498619585,0.7840519358332305,0.1950248001958546,0.9726649383306372,0.5818666847909287,0.0023622457061417,0.13623046875,0.357421875,True,True,True,False,True,False,True,True,True,True,True,False
qpeexact_6_Mutant_Remove_h_P0_Q0.qasm,PureState_0,0.0,0.0,0.385917385832923,0.5004960519124204,0.3700129773382954,0.464480290906205,0.4223115993103665,0.8984528369005413,0.5000000000000078,0.0412841772959294,0.07470703125,0.560546875,True,True,True,False,True,False,True,False,True,False,True,False
qpeexact_6_Mutant_Remove_h_P0_Q0.qasm,Quratest_0,0.0,0.0,0.4637190096919082,0.8040805014971477,0.4416067124617712,0.7358996072935854,0.5177126524211337,0.965829630312954,0.2341047870775158,0.0039965067258823,0.81689453125,0.26708984375,True,True,True,False,True,False,True,True,True,True,True,False
qpeexact_6_Mutant_Remove_h_P0_Q0.qasm,PureState_1,0.0,0.0,0.3332281517367343,0.9947383625011452,0.3218706050188054,0.8302941442193619,0.3881348243794678,0.9993046878843496,0.5000000000000093,9.186005078432432e-07,0.0361328125,0.625,True,True,True,False,True,False,True,True,True,True,True,True
qpeexact_6_Mutant_Remove_h_P0_Q0.qasm,Quratest_1,0.0,0.0,0.3378225840495927,0.7946376134913843,0.3290363532644502,0.7147608519753806,0.5455477179966183,0.93465349633386,0.1741480809545865,0.0201410339110522,0.3173828125,0.8740234375,True,True,True,False,True,False,True,True,True,False,True,True
qpeexact_6_Mutant_Remove_h_P0_Q0.qasm,PureState_2,0.0,0.0,0.4515858256236161,0.9912556237301386,0.4183660025858799,0.8285102792747843,0.460461440631545,0.999304578514672,0.5000000000000087,4.612078220217738e-06,0.01708984375,0.63818359375,True,True,True,False,True,False,True,True,True,True,True,True
qpeexact_6_Mutant_Remove_h_P0_Q0.qasm,Quratest_2,0.0,0.0,0.218504066761979,0.8179943660071627,0.2123729631353682,0.7258212964771592,0.3744919996873778,0.935843343343077,0.4999999999999635,0.0352485328350706,0.009765625,0.6708984375,True,True,True,False,True,False,True,True,True,False,True,True
qpeexact_6_Mutant_Remove_h_P0_Q0.qasm,PureState_3,0.0,0.0,0.2017643678452247,0.9133015854857952,0.1969824267500259,0.7908215277684851,0.2309698831278215,0.9951687180558688,0.5000000000000085,0.0004231288004817,0.33056640625,0.98828125,True,True,True,False,True,False,True,True,True,True,True,True
qpeexact_6_Mutant_Remove_h_P0_Q0.qasm,Quratest_3,0.0,0.0,0.2541737162411972,0.9071050678742846,0.2472949256125637,0.784734400164869,0.275715698479185,0.9767004704731088,0.0045176670879985,0.0028938594843718,0.2685546875,0.5126953125,True,True,True,False,True,False,True,True,True,True,True,False
qpeexact_6_Mutant_Remove_h_P0_Q0.qasm,PureState_4,0.0,0.0,0.3835573479583745,0.8569409108558514,0.3684804182863758,0.76611068975851,0.4223115993103665,0.9817123933687792,0.5000000000000082,0.0019204983906613,0.0751953125,0.71044921875,True,True,True,False,True,False,True,True,True,True,True,True
qpeexact_6_Mutant_Remove_h_P0_Q0.qasm,Quratest_4,0.0,0.0,0.1681953250571011,0.901311451458004,0.1672551593712767,0.7816947259878432,0.2980610873842912,0.9745090199768858,0.6128154724645493,0.0018756964009356,0.06591796875,0.642578125,True,True,True,False,True,False,True,True,True,True,True,True
qpeexact_6_Mutant_Remove_h_P0_Q0.qasm,PureState_5,0.0,0.0,0.452338095737049,0.949810642768217,0.4188110244865214,0.810389410299162,0.460461440631545,0.9993045785146724,0.5000000000000087,0.0002778874698897,0.02099609375,0.67626953125,True,True,True,False,True,False,True,True,True,True,True,True
qpeexact_6_Mutant_Remove_h_P0_Q0.qasm,Quratest_5,0.0,0.0,0.3610695187034269,0.8612277311708594,0.349485317545109,0.7612935453286408,0.4778959355447665,0.956559527492737,0.1741480809545862,0.0131492564488147,0.015625,0.68701171875,True,True,True,False,True,False,True,True,True,True,True,True
qpeexact_6_Mutant_Remove_h_P0_Q0.qasm,PureState_6,0.0,0.0,0.240675025145504,0.994397646484672,0.2369970622820187,0.8307310067366859,0.2899229545810799,0.9998110891985454,0.5000000000000087,5.305763429374875e-06,0.5029296875,1.173828125,True,True,True,False,True,False,True,True,True,True,True,True
qpeexact_6_Mutant_Remove_h_P0_Q0.qasm,Quratest_6,0.0,0.0,0.3764882818153607,0.6151239354741856,0.3510368866404532,0.5441319684252659,0.4696642350525,0.6631331015514829,0.4999999999999964,0.2767292622067429,0.2529296875,0.4072265625,True,True,True,False,True,False,True,False,True,False,True,False
qpeexact_6_Mutant_Remove_h_P0_Q0.qasm,PureState_7,0.0,0.0,0.2390330416329718,0.9915965666306292,0.2347205779403794,0.8302275370067294,0.2899229545810799,0.9998110891985454,0.5000000000000084,5.285054733189181e-06,0.5029296875,1.173828125,True,True,True,False,True,False,True,True,True,True,True,True
qpeexact_6_Mutant_Remove_h_P0_Q0.qasm,Quratest_7,0.0,0.0,0.207625838190937,0.9162799722012024,0.2044296376141883,0.7907690926889247,0.2512701517376901,0.989262388979518,0.5802975533706827,0.0004184941026326,0.01220703125,0.65185546875,True,True,True,False,True,False,True,True,True,True,True,True
qpeexact_6_Mutant_Remove_h_P0_Q0.qasm,PureState_8,0.0,0.0,0.1481708803291394,0.9939034637016088,0.1410357123834763,0.830712246285105,0.1429385042786601,0.999825341338465,0.5000000000000084,9.784571443538931e-07,0.16064453125,0.45947265625,True,True,True,False,True,False,True,True,True,True,True,False
qpeexact_6_Mutant_Remove_h_P0_Q0.qasm,Quratest_8,0.0,0.0,0.1853934653198741,0.9308817292114814,0.1833948950472847,0.7943674492641771,0.2830221743185265,0.9800780927444936,0.0070574888040314,0.0004602136812967,0.13330078125,0.583984375,True,True,True,False,True,False,True,True,True,True,True,False
qpeexact_6_Mutant_Remove_h_P0_Q0.qasm,PureState_9,0.0,0.0,0.3789985847714078,0.9539765448226176,0.3635371741216887,0.8103504266062684,0.4223115993103664,0.9939803278342356,0.5000000000000085,0.0024252216545552,0.0146484375,0.630859375,True,True,True,False,True,False,True,True,True,True,True,True
qpeexact_6_Mutant_Remove_h_P0_Q0.qasm,Quratest_9,0.0,0.0,0.3149778272471606,0.8514492551773929,0.3062648098042292,0.7507431314754811,0.3347184903773844,0.9627906781054864,0.2490997595742612,0.0034474111874087,0.2421875,0.85107421875,True,True,True,False,True,False,True,True,True,True,True,True
qpeexact_6_Mutant_Remove_h_P0_Q0.qasm,PureState_10,0.0,0.0,0.275108725004958,0.9521768155429592,0.2720774760770397,0.8102926801802407,0.3535533905932736,0.9940209969767124,0.5000000000000089,0.0025206137156932,0.71630859375,1.34326171875,True,True,True,False,True,False,True,True,True,True,True,True
qpeexact_6_Mutant_Remove_h_P0_Q0.qasm,Quratest_10,0.0,0.0,0.3385724300094767,0.8123457434948739,0.3293928361365051,0.7314778659615765,0.578465903772514,0.9554030226227213,0.1451049304269986,0.0103590582596047,0.17822265625,0.5380859375,True,True,True,False,True,False,True,True,True,True,True,False
qpeexact_6_Mutant_Remove_h_P0_Q0.qasm,PureState_11,0.0,0.0,0.2399658776050318,0.9942576957948652,0.2356115360949297,0.829955581824469,0.28992295458108,0.9970910946110938,0.5000000000000089,3.2076329532304726e-05,0.515625,0.1552734375,True,True,True,False,True,False,True,True,True,True,True,False
qpeexact_6_Mutant_Remove_h_P0_Q0.qasm,Quratest_11,0.0,0.0,0.3271128220571322,0.9110446458750584,0.3182370382340679,0.7896654796198661,0.4076330290313935,0.9810372167155867,0.4999999999999867,0.0008667176228708,0.07080078125,0.5869140625,True,True,True,False,True,False,True,True,True,True,True,False
qpeexact_6_Mutant_Remove_h_P0_Q0.qasm,PureState_12,0.9999999999984036,0.0,0.0,0.9929037598510736,0.0,0.8319828433203438,1.3877787807814454e-16,0.999995364974281,0.5000000000000089,2.31755957005951e-06,0.0,0.63525390625,False,True,False,False,False,False,False,True,True,True,False,True
qpeexact_6_Mutant_Remove_h_P0_Q0.qasm,Quratest_12,0.0,0.0,0.2357831742332304,0.8870544639140076,0.2295434629330211,0.7758498452275217,0.2373095254399768,0.968178040699594,0.004003821031369,0.0062657389731724,0.25537109375,1.046875,True,True,True,False,True,False,True,True,True,True,True,True
qpeexact_6_Mutant_Remove_h_P0_Q0.qasm,PureState_13,0.0,0.0,0.285627837483458,0.997772659931982,0.2821913553954725,0.8319782425245625,0.3535533905932736,0.9999953334468644,0.5000000000000092,3.617445514882174e-07,0.7080078125,0.0810546875,True,True,True,False,True,False,True,True,True,True,True,False
qpeexact_6_Mutant_Remove_h_P0_Q0.qasm,Quratest_13,0.0,0.0,0.198851567116981,0.9532751286913048,0.1912887539427363,0.8124626996664025,0.1664912502842361,0.9884865990542409,0.1386491462017175,0.0002508206367781,0.26171875,0.51025390625,True,True,True,False,True,False,True,True,True,True,True,False
qpeexact_6_Mutant_Remove_h_P0_Q0.qasm,PureState_14,0.0,0.0,0.2079000754006265,0.9881039541149612,0.2018752539702106,0.828642366434345,0.2309698831278215,0.9970919135931816,0.5000000000000085,3.721257042192002e-05,0.02001953125,0.66748046875,True,True,True,False,True,False,True,True,True,True,True,True
qpeexact_6_Mutant_Remove_h_P0_Q0.qasm,Quratest_14,0.0,0.0,0.3233077754751005,0.8544164234465499,0.3121000092163759,0.7515626619014099,0.4636449420127612,0.9618199665957564,0.1553090996885622,0.0028073364195834,0.23291015625,0.56494140625,True,True,True,False,True,False,True,True,True,True,True,False
qpeexact_6_Mutant_Remove_h_P0_Q0.qasm,PureState_15,0.0,0.0,0.3392285011781997,0.9921234417116154,0.3268438646895807,0.8296062414259459,0.3881348243794676,0.999161155991597,0.5000000000000081,9.22749597864067e-06,0.5048828125,1.15478515625,True,True,True,False,True,False,True,True,True,True,True,True
qpeexact_6_Mutant_Remove_h_P0_Q0.qasm,Quratest_15,0.0,0.0,0.3246043218121676,0.9798638863417752,0.3168355398980573,0.8215785831629774,0.4724142490834589,0.9932245941506316,0.1082770298406247,8.563441044602188e-05,0.328125,0.85498046875,True,True,True,False,True,False,True,True,True,True,True,True
qpeexact_6_Mutant_Remove_h_P0_Q0.qasm,PureState_16,0.0,0.0,0.1488379432214577,0.9835249661115548,0.143452728145148,0.822890301937036,0.1429385042786602,0.9939393820619828,0.5000000000000087,0.0001046994739832,0.08544921875,0.73486328125,True,True,True,False,True,False,True,True,True,True,True,True
qpeexact_6_Mutant_Remove_h_P0_Q0.qasm,Quratest_16,0.0,0.0,0.2424147749588813,0.8866385254376532,0.234827173404438,0.7682051804849431,0.3460319887717947,0.9694842860885152,0.5923562553947687,0.0020960421881236,0.0869140625,0.5556640625,True,True,True,False,True,False,True,True,True,True,True,False
qpeexact_6_Mutant_Remove_h_P0_Q0.qasm,PureState_17,0.0,0.0,0.5469400161650185,0.9929037538333052,0.469703593350088,0.8319828431172546,0.4999999999999999,0.9999953956785446,0.500000000000009,4.604387283200962e-06,0.9873046875,1.64794921875,True,True,True,False,True,False,True,True,True,True,True,True
qpeexact_6_Mutant_Remove_h_P0_Q0.qasm,Quratest_17,0.0,0.0,0.3445257160649057,0.8413500087001288,0.3364768792128437,0.7493889983195098,0.4675085985337703,0.9627185573618008,0.211299909183796,0.0058315856822483,0.044921875,0.67431640625,True,True,True,False,True,False,True,True,True,True,True,True
qpeexact_6_Mutant_Remove_h_P0_Q0.qasm,PureState_18,0.0,0.0,0.333482708052671,0.973746015530398,0.3208878387983803,0.8173226610156391,0.3881348243794676,0.9993045785146722,0.5000000000000084,4.8689780945228936e-05,0.025390625,0.6357421875,True,True,True,False,True,False,True,True,True,True,True,True
qpeexact_6_Mutant_Remove_h_P0_Q0.qasm,Quratest_18,0.0,0.0,0.2157652323722919,0.9207015747003476,0.2138153748069177,0.7969240379868396,0.4501457706752451,0.9845081982997168,0.5182855737095841,0.000666121115011,0.5546875,0.40234375,True,True,True,False,True,False,True,True,True,True,True,False
qpeexact_6_Mutant_Remove_h_P0_Q0.qasm,PureState_19,0.0,0.0,0.3796400346377195,0.9849863229877274,0.3641201734443199,0.8244539877252026,0.4223115993103663,0.9939803278342354,0.5000000000000084,0.000115123591168,0.015625,0.6298828125,True,True,True,False,True,False,True,True,True,True,True,True
qpeexact_6_Mutant_Remove_h_P0_Q0.qasm,Quratest_19,2.2861489175978837e-243,0.0,0.1388274835538536,0.9026157291088428,0.137660164917712,0.7851698008982221,0.2660899205522204,0.9758564478798952,0.7476354118585626,0.0067529068049656,0.24560546875,0.478515625,True,True,True,False,True,False,True,True,True,True,True,False
qpeexact_6_Mutant_Remove_h_P0_Q0.qasm,PureState_20,0.0,0.0,0.1575380368173142,0.9850805149546398,0.149683892254605,0.8245791816195986,0.1429385042786601,0.9939393820619828,0.5000000000000087,0.0001044740005052,0.08544921875,0.73486328125,True,True,True,False,True,False,True,True,True,True,True,True
qpeexact_6_Mutant_Remove_h_P0_Q0.qasm,Quratest_20,0.0,0.0,0.3480123262225112,0.8074253188518367,0.333227451736977,0.7214766005518949,0.3836723467777042,0.932423423657612,0.441536509410727,0.0442942111835569,0.162109375,0.802734375,True,True,True,False,True,False,True,True,True,False,True,True
qpeexact_6_Mutant_Remove_h_P0_Q0.qasm,PureState_21,0.0,0.0,0.4476542795496719,0.9543660284795202,0.4152504354790437,0.8102016479305365,0.4604614406315448,0.9939393820619828,0.5000000000000082,0.0024003558716247,0.71044921875,1.32861328125,True,True,True,False,True,False,True,True,True,True,True,True
qpeexact_6_Mutant_Remove_h_P0_Q0.qasm,Quratest_21,0.0,0.0,0.2882644830596875,0.8413534574220285,0.2808579650293987,0.7497629541581379,0.4118315483569224,0.9593081437360051,0.2484900166525578,0.004256852153457,0.1845703125,0.68359375,True,True,True,False,True,False,True,True,True,True,True,True
qpeexact_6_Mutant_Remove_h_P0_Q0.qasm,PureState_22,0.0,0.0,0.2025895388628871,0.792927086774337,0.1978145043527064,0.7146463031708393,0.2309698831278216,0.9275192055375944,0.5000000000000078,0.00723478369303,0.32958984375,0.328125,True,True,True,False,True,False,True,True,True,True,True,False
qpeexact_6_Mutant_Remove_h_P0_Q0.qasm,Quratest_22,0.0,0.0,0.2893286385930841,0.8583489080544116,0.2731771165707346,0.7584930359746087,0.2822379052463106,0.9770859880563436,0.7383295378899332,0.0048266048674865,0.380859375,0.76904296875,True,True,True,False,True,False,True,True,True,True,True,True
qpeexact_6_Mutant_Remove_h_P0_Q0.qasm,PureState_23,0.0,0.0,0.4511887243655515,0.9877083417303704,0.4180315129625643,0.8277260798774825,0.4604614406315449,0.9958937211130616,0.500000000000009,4.025288730684012e-05,0.68994140625,0.07177734375,True,True,True,False,True,False,True,True,True,True,True,False
qpeexact_6_Mutant_Remove_h_P0_Q0.qasm,Quratest_23,0.0,0.0,0.2395953607847831,0.816305384382205,0.2360739014321527,0.7266498734398529,0.3407935262785837,0.9286579377262,0.4999999999999853,0.0395351035241677,0.10693359375,0.552734375,True,True,True,False,True,False,True,True,True,False,True,False
qpeexact_6_Mutant_Remove_h_P0_Q0.qasm,PureState_24,0.0,0.0,0.272896772012193,0.996103966040649,0.2698665228825659,0.8312193643377436,0.3535533905932736,0.999995333446864,0.5000000000000087,3.659815520210853e-07,0.7080078125,0.0810546875,True,True,True,False,True,False,True,True,True,True,True,False
qpeexact_6_Mutant_Remove_h_P0_Q0.qasm,Quratest_24,0.0,0.0,0.4151341834386954,0.8551854285424403,0.3999786236241838,0.7608297600236668,0.522603054995316,0.9724859358585374,0.1719262531325291,0.0033784427616475,0.0849609375,0.546875,True,True,True,False,True,False,True,True,True,True,True,False
qpeexact_6_Mutant_Remove_h_P0_Q0.qasm,PureState_25,0.0,0.0,0.4497534781383243,0.9888631434197652,0.4156740145228931,0.8289299769941401,0.4604614406315451,0.9993045785146722,0.5000000000000084,4.613403802313037e-06,0.01708984375,0.63818359375,True,True,True,False,True,False,True,True,True,True,True,True
qpeexact_6_Mutant_Remove_h_P0_Q0.qasm,Quratest_25,0.0,0.0,0.3131716146868418,0.9654535675032838,0.307480618020623,0.8154859955662093,0.4719040776847137,0.992392308644882,0.5650745073072587,9.0529352005398e-05,0.23681640625,0.546875,True,True,True,False,True,False,True,True,True,True,True,False
qpeexact_6_Mutant_Remove_h_P0_Q0.qasm,PureState_26,0.0,0.0,0.1516712735760162,0.9868351352512956,0.1443292435723112,0.8242359110548094,0.1429385042786602,0.999304578514672,0.5000000000000087,1.2058356441649258e-05,0.18505859375,0.80517578125,True,True,True,False,True,False,True,True,True,True,True,True
qpeexact_6_Mutant_Remove_h_P0_Q0.qasm,Quratest_26,0.0,0.0,0.2889262501553287,0.9783559376248032,0.2833661463574023,0.8213111474102431,0.4069451053993668,0.9957516694720528,8.405938043435312e-05,5.8132662305759815e-05,0.33935546875,0.8056640625,True,True,True,False,True,False,True,True,True,True,True,True
qpeexact_6_Mutant_Remove_h_P0_Q0.qasm,PureState_27,0.0,0.0,0.3883808208093713,0.5060802659076312,0.3712427025066292,0.4662942450025062,0.4223115993103665,0.8984528369005411,0.5000000000000074,0.0411348401468908,0.07470703125,0.560546875,True,True,True,False,True,False,True,False,True,False,True,False
qpeexact_6_Mutant_Remove_h_P0_Q0.qasm,Quratest_27,0.0,0.0,0.4930445416561256,0.6319240644545936,0.4709094442392043,0.5693868124731237,0.5792791347587901,0.896711362392262,0.0576636753766527,0.0209578871852544,0.08251953125,0.65380859375,True,True,True,False,True,False,True,False,True,False,True,True
qpeexact_6_Mutant_Remove_h_P0_Q0.qasm,PureState_28,0.0,0.0,0.3894895175035736,0.9818541661017256,0.3728478098937993,0.8239582313482364,0.4223115993103664,0.9939803278342354,0.5000000000000089,0.0001146693767479,0.015625,0.6298828125,True,True,True,False,True,False,True,True,True,True,True,True
qpeexact_6_Mutant_Remove_h_P0_Q0.qasm,Quratest_28,0.0,0.0,0.2694768974573915,0.8887944909373258,0.2648910721873146,0.7765953747306018,0.385945937317179,0.9662079561383408,0.0720265702204038,0.0021935498227453,0.1318359375,0.5517578125,True,True,True,False,True,False,True,True,True,True,True,False
qpeexact_6_Mutant_Remove_h_P0_Q0.qasm,PureState_29,0.0,0.0,0.5406734314554716,0.2169266916354106,0.4640283640092807,0.1815408720906416,0.4999999999999998,0.1328304784701717,0.5000000000000071,0.8671695386860007,1.0126953125,0.35205078125,True,True,True,False,True,False,True,False,True,False,True,False
qpeexact_6_Mutant_Remove_h_P0_Q0.qasm,Quratest_29,0.0,0.0,0.2302121572765182,0.8507910560023756,0.2278246201273715,0.7511012411900286,0.2752999096078425,0.9746462737417878,0.0992158498344546,0.0022446099644865,0.2021484375,0.4814453125,True,True,True,False,True,False,True,True,True,True,True,False
qpeexact_6_Mutant_Remove_h_P0_Q0.qasm,PureState_30,0.0,0.0,0.2829145521988501,0.9732881593391844,0.2796511175101299,0.8186833799797044,0.3535533905932735,0.9940209969767122,0.5000000000000085,0.000463460512898,0.7080078125,0.0810546875,True,True,True,False,True,False,True,True,True,True,True,False
qpeexact_6_Mutant_Remove_h_P0_Q0.qasm,Quratest_30,0.0,0.0,0.2990156884020391,0.6504551944077612,0.2899050899891886,0.5927093643621684,0.3544576402640531,0.7771570277525846,0.521836862029212,0.1711876918771379,0.1494140625,0.7021484375,True,True,True,False,True,False,True,False,True,False,True,True
qpeexact_6_Mutant_Remove_h_P0_Q0.qasm,PureState_31,0.0,0.0,0.2809514815955633,0.9524441011821796,0.2777324572050194,0.8097444012477225,0.3535533905932736,0.994020996976712,0.5000000000000093,0.0025260422189668,0.71630859375,1.34326171875,True,True,True,False,True,False,True,True,True,True,True,True
qpeexact_6_Mutant_Remove_h_P0_Q0.qasm,Quratest_31,0.0,0.0,0.4891567839450338,0.9106404539683706,0.4664157956775665,0.7839643422575037,0.7278430112302917,0.9726649383306356,0.0583782026265129,0.0023622457061416,0.49853515625,0.357421875,True,True,True,False,True,False,True,True,True,True,True,False
qpeexact_6_Mutant_Remove_h_P4_Q4.qasm,PureState_0,0.0,0.0,0.5443420184388327,0.5049655861028407,0.4674015016718591,0.4664888956419994,0.4999999999999996,0.8984528369005418,0.5000000000000074,0.0412841772959295,0.0625,0.560546875,True,True,True,False,True,False,True,False,True,False,True,False
qpeexact_6_Mutant_Remove_h_P4_Q4.qasm,Quratest_0,0.0,0.0,0.5462956086402778,0.8048930679901923,0.5241194222440272,0.7364591073965838,0.6705483597706356,0.965829630312954,0.1007297944178243,0.0039965067258823,0.5478515625,0.26708984375,True,True,True,False,True,False,True,True,True,True,True,False
qpeexact_6_Mutant_Remove_h_P4_Q4.qasm,PureState_1,0.0,0.0,0.5416385659043789,0.9946941251788798,0.4649763699373911,0.8304390308062463,0.4999999999999999,0.99930468788435,0.5000000000000082,9.186005078432808e-07,0.04052734375,0.625,True,True,True,False,True,False,True,True,True,True,True,True
qpeexact_6_Mutant_Remove_h_P4_Q4.qasm,Quratest_1,0.0,0.0,0.3462854473904789,0.8014551579116067,0.3302465127745772,0.7188946831690027,0.3840497628519137,0.9346534963338604,0.5645148788017215,0.0201410339110521,0.03173828125,0.8740234375,True,True,True,False,True,False,True,True,True,False,True,True
qpeexact_6_Mutant_Remove_h_P4_Q4.qasm,PureState_2,0.0,0.0,0.5415276842748014,0.9876451678045968,0.4648530800627226,0.8276106945831989,0.4999999999999998,0.9993045785146728,0.500000000000009,4.612078220217723e-06,0.51708984375,0.63818359375,True,True,True,False,True,False,True,True,True,True,True,True
qpeexact_6_Mutant_Remove_h_P4_Q4.qasm,Quratest_2,0.0,0.0,0.4400715612724086,0.8191212951705275,0.4272107733499378,0.7260194537896443,0.6263972073830792,0.9358433433430774,0.0305657424384177,0.0352485328350707,0.11474609375,0.6708984375,True,True,True,False,True,False,True,True,True,False,True,True
qpeexact_6_Mutant_Remove_h_P4_Q4.qasm,PureState_3,0.0,0.0,0.5381866464350364,0.9133665781353024,0.4617907922326391,0.7922568999057109,0.4999999999999998,0.9951687180558696,0.5000000000000085,0.0004231288004817,0.173828125,0.98828125,True,True,True,False,True,False,True,True,True,True,True,True
qpeexact_6_Mutant_Remove_h_P4_Q4.qasm,Quratest_3,0.0,0.0,0.538317394089749,0.9130570086096064,0.461959472684101,0.7851095223505721,0.5000000000000111,0.9767004704731084,0.499999999999987,0.0028938594843718,0.0986328125,0.5126953125,True,True,True,False,True,False,True,True,True,True,True,False
qpeexact_6_Mutant_Remove_h_P4_Q4.qasm,PureState_4,0.0,0.0,0.5398109318579088,0.8572547933697477,0.4633070351466262,0.7648082166633653,0.4999999999999998,0.98171239336878,0.5000000000000081,0.0019204983906613,0.044921875,0.71044921875,True,True,True,False,True,False,True,True,True,True,True,True
qpeexact_6_Mutant_Remove_h_P4_Q4.qasm,Quratest_4,0.0,0.0,0.175864866265818,0.906525989885806,0.1748285728319994,0.7846228474533289,0.2365426470039351,0.974509019976886,0.3570693361970465,0.0018756964009356,0.0068359375,0.642578125,True,True,True,False,True,False,True,True,True,True,True,True
qpeexact_6_Mutant_Remove_h_P4_Q4.qasm,PureState_5,0.0,0.0,0.5429757913055482,0.9499658558894762,0.4662274463655653,0.8097547901075839,0.5,0.999304578514672,0.5000000000000085,0.0002778874698897,0.52392578125,0.67626953125,True,True,True,False,True,False,True,True,True,True,True,True
qpeexact_6_Mutant_Remove_h_P4_Q4.qasm,Quratest_5,0.0,0.0,0.3195169203307065,0.8634517742118063,0.3137864254631637,0.7632320579173735,0.3485949185899811,0.956559527492737,0.0200106016873942,0.0131492564488147,0.025390625,0.68701171875,True,True,True,False,True,False,True,True,True,True,True,True
qpeexact_6_Mutant_Remove_h_P4_Q4.qasm,PureState_6,0.0,0.0,0.5356995511632369,0.9951077004875268,0.4596208184393957,0.8309464571618265,0.4999999999999998,0.9998110891985454,0.500000000000009,5.305763429374897e-06,0.26025390625,1.173828125,True,True,True,False,True,False,True,True,True,True,True,True
qpeexact_6_Mutant_Remove_h_P4_Q4.qasm,Quratest_6,0.0,0.0,0.3520877138423839,0.6157442202139349,0.3403887298914977,0.5448155464554052,0.330334254040671,0.6631331015514838,0.4159087006313187,0.2767292622067433,0.46337890625,0.4072265625,True,True,True,False,True,False,True,False,True,False,True,False
qpeexact_6_Mutant_Remove_h_P4_Q4.qasm,PureState_7,0.0,0.0,0.5366752745881586,0.991889671794894,0.4604458546299941,0.8302948233397176,0.4999999999999997,0.9998110891985454,0.5000000000000084,5.285054733189088e-06,0.63427734375,1.173828125,True,True,True,False,True,False,True,True,True,True,True,True
qpeexact_6_Mutant_Remove_h_P4_Q4.qasm,Quratest_7,0.0,0.0,0.5081071250938285,0.9176055614669084,0.4942450170131739,0.7919806901800123,0.6637537321498912,0.989262388979517,0.0128962189130972,0.0004184941026326,0.08447265625,0.65185546875,True,True,True,False,True,False,True,True,True,True,True,True
qpeexact_6_Mutant_Remove_h_P4_Q4.qasm,PureState_8,0.0,0.0,0.5416452451728574,0.99461632244718,0.4649665401441156,0.8311762897123962,0.4999999999999996,0.9998253413384656,0.5000000000000089,9.784571443538298e-07,0.0859375,0.45947265625,True,True,True,False,True,False,True,True,True,True,True,False
qpeexact_6_Mutant_Remove_h_P4_Q4.qasm,Quratest_8,0.0,0.0,0.2779865006255143,0.9282147433810812,0.2686972160792725,0.7931695085245046,0.3234928676558544,0.9800780927444932,0.0258339071689146,0.0004602136812967,0.00439453125,0.583984375,True,True,True,False,True,False,True,True,True,True,True,False
qpeexact_6_Mutant_Remove_h_P4_Q4.qasm,PureState_9,0.0,0.0,0.5373046004769945,0.9554641215342664,0.4610122341539592,0.8115384915007436,0.4999999999999998,0.993980327834236,0.500000000000009,0.0024252216545552,0.23876953125,0.630859375,True,True,True,False,True,False,True,True,True,True,True,True
qpeexact_6_Mutant_Remove_h_P4_Q4.qasm,Quratest_9,3.03743683210815e-46,0.0,0.0670800287411512,0.8541056418422486,0.0668518917322794,0.7517802572662627,0.0636336284766878,0.9627906781054872,0.9919015226537936,0.0034474111874087,0.01416015625,0.85107421875,True,True,False,False,False,False,True,True,True,True,True,True
qpeexact_6_Mutant_Remove_h_P4_Q4.qasm,PureState_10,0.0,0.0,0.5414371673549057,0.9538524805155264,0.464728357178116,0.8107679238658891,0.4999999999999998,0.9940209969767128,0.500000000000009,0.0025206137156932,0.59423828125,1.34326171875,True,True,True,False,True,False,True,True,True,True,True,True
qpeexact_6_Mutant_Remove_h_P4_Q4.qasm,Quratest_10,0.0,0.0,0.5416730037523219,0.8193752382598684,0.49533538109319,0.7360720975421441,0.5829718390866727,0.955403022622722,0.3202876696638116,0.0103590582596047,0.02099609375,0.5380859375,True,True,True,False,True,False,True,True,True,True,True,False
qpeexact_6_Mutant_Remove_h_P4_Q4.qasm,PureState_11,0.0,0.0,0.5468825349610276,0.9910030964073664,0.4696750568801149,0.829441264707304,0.4999999999999999,0.9970910946110938,0.5000000000000085,3.2076329532304495e-05,0.24755859375,0.1552734375,True,True,True,False,True,False,True,True,True,True,True,False
qpeexact_6_Mutant_Remove_h_P4_Q4.qasm,Quratest_11,0.0,0.0,0.472629769116745,0.9101996964435676,0.429723536876313,0.7893461818040337,0.4587088181063238,0.981037216715586,0.561168954461618,0.0008667176228708,0.08447265625,0.5869140625,True,True,True,False,True,False,True,True,True,True,True,False
qpeexact_6_Mutant_Remove_h_P4_Q4.qasm,PureState_12,0.0,0.0,0.541409017328755,0.9949939740827594,0.4646973925916058,0.8320246488223718,0.4999999999999996,0.999995364974281,0.5000000000000089,2.317559570059524e-06,0.0546875,0.63525390625,True,True,True,False,True,False,True,True,True,True,True,True
qpeexact_6_Mutant_Remove_h_P4_Q4.qasm,Quratest_12,4.605763376477227e-274,0.0,0.1390063909948933,0.8867456718714664,0.1383361364583675,0.7762755729599373,0.1570109790908141,0.9681780406995948,0.5618057555736388,0.0062657389731724,0.05078125,1.046875,True,True,True,False,True,False,True,True,True,True,True,True
qpeexact_6_Mutant_Remove_h_P4_Q4.qasm,PureState_13,0.0,0.0,0.5410815284539406,0.998181756783344,0.4644524138671087,0.8321460929020589,0.4999999999999998,0.999995333446865,0.500000000000009,3.617445514882244e-07,0.35400390625,0.0810546875,True,True,True,False,True,False,True,True,True,True,True,False
qpeexact_6_Mutant_Remove_h_P4_Q4.qasm,Quratest_13,0.0,0.0,0.2398492230025719,0.9534461097689118,0.2333565999618671,0.8112557891975952,0.2447999215768576,0.9884865990542402,0.8801459967919396,0.0002508206367781,0.09716796875,0.51025390625,True,True,True,False,True,False,True,True,True,True,True,False
qpeexact_6_Mutant_Remove_h_P4_Q4.qasm,PureState_14,0.0,0.0,0.5386788935025074,0.98394975164919,0.4622816259038617,0.8271677255783223,0.4999999999999998,0.9970919135931822,0.500000000000009,3.721257042192006e-05,0.24609375,0.66748046875,True,True,True,False,True,False,True,True,True,True,True,True
qpeexact_6_Mutant_Remove_h_P4_Q4.qasm,Quratest_14,0.0,0.0,0.2992214997050569,0.8579966200171301,0.2899616088283669,0.7503670937184606,0.3145750285603109,0.9618199665957574,0.6521517732961316,0.0028073364195834,0.0849609375,0.56494140625,True,True,True,False,True,False,True,True,True,True,True,False
qpeexact_6_Mutant_Remove_h_P4_Q4.qasm,PureState_15,0.0,0.0,0.5390615900249641,0.9929840042211532,0.462602672039884,0.8300688175341783,0.4999999999999998,0.999161155991597,0.5000000000000084,9.22749597864079e-06,0.6123046875,1.15478515625,True,True,True,False,True,False,True,True,True,True,True,True
qpeexact_6_Mutant_Remove_h_P4_Q4.qasm,Quratest_15,0.0,0.0,0.5355713016147803,0.9813835401873748,0.459463791714425,0.8220989008674268,0.4931349554057187,0.9932245941506316,0.5136175963975907,8.563441044602176e-05,0.02490234375,0.85498046875,True,True,True,False,True,False,True,True,True,True,True,True
qpeexact_6_Mutant_Remove_h_P4_Q4.qasm,PureState_16,0.0,0.0,0.5364507797973656,0.9848499553036232,0.4602625779207229,0.8237728917220808,0.4999999999999999,0.9939393820619828,0.5000000000000084,0.0001046994739832,0.03955078125,0.73486328125,True,True,True,False,True,False,True,True,True,True,True,True
qpeexact_6_Mutant_Remove_h_P4_Q4.qasm,Quratest_16,1.678570646250448e-225,0.0,0.138235229849036,0.8841590414337344,0.1372995196124317,0.7669357212577843,0.1512557606461782,0.9694842860885164,0.8043680563055872,0.0020960421881236,0.0810546875,0.5556640625,True,True,True,False,True,False,True,True,True,True,True,False
qpeexact_6_Mutant_Remove_h_P4_Q4.qasm,PureState_17,0.0,0.0,0.5412614276183539,0.9949874371066196,0.4645605324248916,0.8322479564657578,0.4999999999999996,0.9999953956785452,0.5000000000000087,4.604387283200962e-06,0.49267578125,1.64794921875,True,True,True,False,True,False,True,True,True,True,True,True
qpeexact_6_Mutant_Remove_h_P4_Q4.qasm,Quratest_17,0.0,0.0,0.5490571821859173,0.8450955139281792,0.4816841191309248,0.7511467932148916,0.5339528636969021,0.9627185573618012,0.4297886786997644,0.0058315856822483,0.021484375,0.67431640625,True,True,True,False,True,False,True,True,True,True,True,True
qpeexact_6_Mutant_Remove_h_P4_Q4.qasm,PureState_18,0.0,0.0,0.5417226882814772,0.9726667379219488,0.4650305669028263,0.8175484390346823,0.4999999999999998,0.9993045785146718,0.5000000000000078,4.868978094522877e-05,0.0166015625,0.6357421875,True,True,True,False,True,False,True,True,True,True,True,True
qpeexact_6_Mutant_Remove_h_P4_Q4.qasm,Quratest_18,1.8348299883984208e-17,0.0,0.0441226552493181,0.9250528039356912,0.0440932907287718,0.7978818409398448,0.0474600148793015,0.9845081982997168,0.086538279383927,0.000666121115011,0.001953125,0.40234375,True,True,False,False,False,False,True,True,True,True,True,False
qpeexact_6_Mutant_Remove_h_P4_Q4.qasm,PureState_19,0.0,0.0,0.5364425396753643,0.9845607606954692,0.4602699996786478,0.824796422578529,0.4999999999999997,0.993980327834236,0.5000000000000089,0.000115123591168,0.2685546875,0.6298828125,True,True,True,False,True,False,True,True,True,True,True,True
qpeexact_6_Mutant_Remove_h_P4_Q4.qasm,Quratest_19,0.0,0.0,0.2704038803594243,0.8994959470106862,0.262288735188836,0.7838622304606975,0.2601686361949435,0.9758564478798946,0.8442017747749462,0.0067529068049656,0.10595703125,0.478515625,True,True,True,False,True,False,True,True,True,True,True,False
qpeexact_6_Mutant_Remove_h_P4_Q4.qasm,PureState_20,0.0,0.0,0.5396246594013552,0.9853756775519712,0.463142160816391,0.8238791492778124,0.4999999999999999,0.9939393820619828,0.5000000000000084,0.0001044740005052,0.0576171875,0.73486328125,True,True,True,False,True,False,True,True,True,True,True,True
qpeexact_6_Mutant_Remove_h_P4_Q4.qasm,Quratest_20,0.0,0.0,0.4001610637038501,0.8102851968423301,0.3710938779468634,0.7236550753054889,0.4888473529390129,0.932423423657612,0.1709280697401596,0.0442942111835569,0.248046875,0.802734375,True,True,True,False,True,False,True,True,True,False,True,True
qpeexact_6_Mutant_Remove_h_P4_Q4.qasm,PureState_21,0.0,0.0,0.5397247297721798,0.9520442141901068,0.463228276063984,0.8084998306286206,0.4999999999999998,0.9939393820619828,0.5000000000000085,0.0024003558716247,0.365234375,1.32861328125,True,True,True,False,True,False,True,True,True,True,True,True
qpeexact_6_Mutant_Remove_h_P4_Q4.qasm,Quratest_21,0.0,0.0,0.5391113092650737,0.842812160029349,0.4626928879496782,0.7504404257823373,0.5000000000000222,0.9593081437360044,0.4999999999999655,0.004256852153457,0.13623046875,0.68359375,True,True,True,False,True,False,True,True,True,True,True,True
qpeexact_6_Mutant_Remove_h_P4_Q4.qasm,PureState_22,0.0,0.0,0.5437758626070965,0.7896560902520916,0.4668691124270651,0.7133588273248259,0.4999999999999998,0.927519205537595,0.500000000000009,0.00723478369303,0.1669921875,0.328125,True,True,True,False,True,False,True,True,True,True,True,False
qpeexact_6_Mutant_Remove_h_P4_Q4.qasm,Quratest_22,0.0,0.0,0.4520593397860945,0.8565208801982984,0.4358952689644623,0.7562547261135009,0.5315565020599566,0.9770859880563436,0.0011231272387147,0.0048266048674866,0.158203125,0.76904296875,True,True,True,False,True,False,True,True,True,True,True,True
qpeexact_6_Mutant_Remove_h_P4_Q4.qasm,PureState_23,0.0,0.0,0.5439862115388512,0.9912896285871008,0.4670978054121265,0.8290612654097608,0.4999999999999999,0.9958937211130616,0.5000000000000089,4.025288730683992e-05,0.3515625,0.07177734375,True,True,True,False,True,False,True,True,True,True,True,False
qpeexact_6_Mutant_Remove_h_P4_Q4.qasm,Quratest_23,0.0,0.0,0.3819555942514183,0.8147482745114392,0.3615587372331763,0.72553707968894,0.4030601699194251,0.9286579377262,0.5233327053798598,0.0395351035241677,0.01904296875,0.552734375,True,True,True,False,True,False,True,True,True,False,True,False
qpeexact_6_Mutant_Remove_h_P4_Q4.qasm,PureState_24,0.0,0.0,0.5437940914563333,0.9972466641538856,0.4668634931319348,0.8318042455933377,0.4999999999999998,0.9999953334468648,0.5000000000000084,3.659815520210897e-07,0.33837890625,0.0810546875,True,True,True,False,True,False,True,True,True,True,True,False
qpeexact_6_Mutant_Remove_h_P4_Q4.qasm,Quratest_24,0.0,0.0,0.3549513926108369,0.8564287771899136,0.335370007760817,0.7608409084639488,0.341181361359449,0.972485935858538,0.7622429757443233,0.0033784427616475,0.0048828125,0.546875,True,True,True,False,True,False,True,True,True,True,True,False
qpeexact_6_Mutant_Remove_h_P4_Q4.qasm,PureState_25,0.0,0.0,0.5422399242946014,0.9872068102905882,0.46548310458524,0.8276395626753107,0.4999999999999999,0.9993045785146728,0.5000000000000087,4.613403802313037e-06,0.02197265625,0.63818359375,True,True,True,False,True,False,True,True,True,True,True,True
qpeexact_6_Mutant_Remove_h_P4_Q4.qasm,Quratest_25,0.0,0.0,0.3344538970181821,0.9656068440261816,0.3170250474723972,0.8161692817624716,0.3224403723373764,0.9923923086448828,0.7830340596663362,9.052935200539906e-05,0.05517578125,0.546875,True,True,True,False,True,False,True,True,True,True,True,False
qpeexact_6_Mutant_Remove_h_P4_Q4.qasm,PureState_26,0.0,0.0,0.5454374023400946,0.9846755026511176,0.4683832793782567,0.8232195603716439,0.4999999999999998,0.9993045785146716,0.5000000000000082,1.2058356441649271e-05,0.115234375,0.80517578125,True,True,True,False,True,False,True,True,True,True,True,True
qpeexact_6_Mutant_Remove_h_P4_Q4.qasm,Quratest_26,0.0,0.0,0.5534658879837238,0.9714470088678028,0.4896094322031554,0.8186421598294064,0.5419802099183318,0.995751669472052,0.4125149041137699,5.8132662305760425e-05,0.103515625,0.8056640625,True,True,True,False,True,False,True,True,True,True,True,True
qpeexact_6_Mutant_Remove_h_P4_Q4.qasm,PureState_27,0.0,0.0,0.540457698557974,0.5062074965490936,0.4638676581737759,0.4671911822619557,0.4999999999999999,0.8984528369005418,0.500000000000007,0.0411348401468909,0.05859375,0.560546875,True,True,True,False,True,False,True,False,True,False,True,False
qpeexact_6_Mutant_Remove_h_P4_Q4.qasm,Quratest_27,0.0,0.0,0.3345146357290187,0.636164159646693,0.3231254548377796,0.5740075356233084,0.3690311009059549,0.8967113623922625,0.5981360068612694,0.0209578871852545,0.1044921875,0.65380859375,True,True,True,False,True,False,True,False,True,False,True,True
qpeexact_6_Mutant_Remove_h_P4_Q4.qasm,PureState_28,0.0,0.0,0.5461685729094935,0.9877587408054452,0.4690310465577265,0.8255795097138396,0.4999999999999996,0.993980327834236,0.5000000000000087,0.0001146693767479,0.35009765625,0.6298828125,True,True,True,False,True,False,True,True,True,True,True,True
qpeexact_6_Mutant_Remove_h_P4_Q4.qasm,Quratest_28,0.0,0.0,0.5383518936760006,0.8960833601126112,0.475576767460198,0.7792285748813739,0.5276600131327499,0.96620795613834,0.4415365094107283,0.0021935498227453,0.04443359375,0.5517578125,True,True,True,False,True,False,True,True,True,True,True,False
qpeexact_6_Mutant_Remove_h_P4_Q4.qasm,PureState_29,0.0,0.0,0.5468747970468174,0.2100557995666251,0.4696444876344196,0.1757343866548628,0.4999999999999998,0.1328304784701713,0.5000000000000071,0.8671695386860013,0.85498046875,0.35205078125,True,True,True,False,True,False,True,False,True,False,True,False
qpeexact_6_Mutant_Remove_h_P4_Q4.qasm,Quratest_29,0.0,0.0,0.5411491044547063,0.8480437075038624,0.497494793316471,0.7503040299732052,0.5809497089542339,0.9746462737417878,0.324994871331988,0.0022446099644865,0.04345703125,0.4814453125,True,True,True,False,True,False,True,True,True,True,True,False
qpeexact_6_Mutant_Remove_h_P4_Q4.qasm,PureState_30,0.0,0.0,0.54153547857867,0.9667395480340044,0.4648239550992878,0.8163405310945169,0.4999999999999997,0.9940209969767128,0.5000000000000081,0.000463460512898,0.62353515625,0.0810546875,True,True,True,False,True,False,True,True,True,True,True,False
qpeexact_6_Mutant_Remove_h_P4_Q4.qasm,Quratest_30,0.0,0.0,0.5413979300324118,0.6514337345462792,0.4647603087516087,0.59436856591906,0.5000000000000111,0.7771570277525848,0.4999999999999862,0.171187691877138,0.009765625,0.7021484375,True,True,True,False,True,False,True,False,True,False,True,True
qpeexact_6_Mutant_Remove_h_P4_Q4.qasm,PureState_31,0.0,0.0,0.5412497405667019,0.9544890883175948,0.4645603290236619,0.8110510595756155,0.4999999999999997,0.9940209969767126,0.500000000000009,0.0025260422189668,0.5859375,1.34326171875,True,True,True,False,True,False,True,True,True,True,True,True
qpeexact_6_Mutant_Remove_h_P4_Q4.qasm,Quratest_31,2.7521618835250164e-146,0.0,0.1133291014181362,0.911246864986496,0.1127164946284654,0.7834726242130252,0.1225834429403278,0.9726649383306362,0.8750531202437912,0.0023622457061416,0.1025390625,0.357421875,True,True,False,False,False,False,True,True,True,True,True,False
qpeexact_6_Mutant_Remove_swap_P12_Q1.qasm,PureState_0,0.0,0.0,0.3780752034353885,0.4996356865018637,0.3300269830103496,0.46301189736168,0.2866116523516814,0.8984528369005431,0.7285533905932824,0.0412841772959297,0.0595703125,0.560546875,True,True,True,False,True,False,True,False,True,False,True,False
qpeexact_6_Mutant_Remove_swap_P12_Q1.qasm,Quratest_0,0.0,0.0,0.2721580703209706,0.805299227439348,0.2643518511245309,0.7358098134758745,0.2770247772162783,0.965829630312956,0.7327734934287984,0.0039965067258823,0.16357421875,0.26708984375,True,True,True,False,True,False,True,True,True,True,True,False
qpeexact_6_Mutant_Remove_swap_P12_Q1.qasm,PureState_1,0.0,0.0,0.3836478920615299,0.993553520038007,0.3715071379304058,0.8298843903197806,0.4275606618970969,0.999304687884352,0.728553390593284,9.18600507843214e-07,0.2314453125,0.625,True,True,True,False,True,False,True,True,True,True,True,True
qpeexact_6_Mutant_Remove_swap_P12_Q1.qasm,Quratest_1,0.0,0.0,0.47654761678355,0.795989870892739,0.4544194431856977,0.7150089812026759,0.596151509260868,0.9346534963338629,0.1268948406407539,0.0201410339110522,0.2353515625,0.8740234375,True,True,True,False,True,False,True,True,True,False,True,True
qpeexact_6_Mutant_Remove_swap_P12_Q1.qasm,PureState_2,0.0,0.0,0.7061347314743541,0.98850643547755,0.6560198480671852,0.8277576239467752,0.8065324465122369,0.9993045785146746,0.0214466094067284,4.612078220217752e-06,0.2568359375,0.63818359375,True,True,True,False,True,False,True,True,True,True,True,True
qpeexact_6_Mutant_Remove_swap_P12_Q1.qasm,Quratest_2,0.0,0.0,0.3380260148818189,0.8183733929912101,0.3281627064986915,0.7264293895842285,0.3988794719864442,0.9358433433430796,0.2324842107650558,0.0352485328350709,0.0087890625,0.6708984375,True,True,True,False,True,False,True,True,True,False,True,True
qpeexact_6_Mutant_Remove_swap_P12_Q1.qasm,PureState_3,0.0,0.0,0.8636369197796815,0.915818486691202,0.7350382766721092,0.7928948877493641,0.8535533905932736,0.9951687180558711,0.0214466094067284,0.0004231288004817,0.9765625,0.98828125,True,True,True,False,True,False,True,True,True,True,True,True
qpeexact_6_Mutant_Remove_swap_P12_Q1.qasm,Quratest_3,0.0,0.0,0.2524844619742152,0.9128302166498896,0.2493400983018818,0.7856384317347175,0.3546951560597824,0.976700470473111,0.5494654199375215,0.0028938594843718,0.1904296875,0.5126953125,True,True,True,False,True,False,True,True,True,True,True,False
qpeexact_6_Mutant_Remove_swap_P12_Q1.qasm,PureState_4,0.0,0.0,0.3857486275727009,0.8606082891113326,0.3376348061433342,0.7664869115776494,0.2866116523516815,0.9817123933687816,0.7285533905932834,0.0019204983906613,0.279296875,0.71044921875,True,True,True,False,True,False,True,True,True,True,True,True
qpeexact_6_Mutant_Remove_swap_P12_Q1.qasm,Quratest_4,0.0,0.0,0.1900045069939474,0.9017442500047764,0.1885698001506323,0.7824680167111734,0.3323585753612539,0.9745090199768884,0.013201446833355,0.0018756964009356,0.0234375,0.642578125,True,True,True,False,True,False,True,True,True,True,True,True
qpeexact_6_Mutant_Remove_swap_P12_Q1.qasm,PureState_5,0.0,0.0,0.7056700703301356,0.9463464688159504,0.6553065903101465,0.8078849051295776,0.806532446512237,0.9993045785146748,0.0214466094067284,0.0002778874698897,0.20751953125,0.67626953125,True,True,True,False,True,False,True,True,True,True,True,True
qpeexact_6_Mutant_Remove_swap_P12_Q1.qasm,Quratest_5,0.0,0.0,0.4387153038634894,0.8597298109436023,0.4173801749811688,0.7604644085072008,0.5395632139755342,0.9565595274927384,0.125357811634543,0.0131492564488147,0.14599609375,0.68701171875,True,True,True,False,True,False,True,True,True,True,True,True
qpeexact_6_Mutant_Remove_swap_P12_Q1.qasm,PureState_6,0.1155199613638859,0.0,0.0161384735566243,0.9949393436789116,0.0161296941344534,0.8309175112924156,0.0,0.999811089198548,1.000000000000011,5.305763429375119e-06,0.0,1.173828125,True,True,False,False,False,False,False,True,False,True,False,True
qpeexact_6_Mutant_Remove_swap_P12_Q1.qasm,Quratest_6,0.0,0.0,0.5617342568124097,0.6188334969176211,0.5129584922188244,0.5469861067744809,0.4997088553815758,0.6631331015514857,0.1673353869934168,0.2767292622067445,0.0458984375,0.4072265625,True,True,True,False,True,False,True,False,True,False,True,False
qpeexact_6_Mutant_Remove_swap_P12_Q1.qasm,PureState_7,0.0,0.0,0.396208811588136,0.9926829576254738,0.3787193906206261,0.8304148847146856,0.4619397662556432,0.999811089198548,3.987336850434821e-16,5.285054733189109e-06,0.01904296875,1.173828125,True,True,True,False,True,False,True,True,True,True,True,True
qpeexact_6_Mutant_Remove_swap_P12_Q1.qasm,Quratest_7,0.0,0.0,0.5135860449771211,0.9156117326096156,0.4777643074802783,0.7910155682465384,0.5331929974551723,0.9892623889795196,0.2259053166820479,0.0004184941026326,0.37841796875,0.65185546875,True,True,True,False,True,False,True,True,True,True,True,True
qpeexact_6_Mutant_Remove_swap_P12_Q1.qasm,PureState_8,0.0,0.0,0.357617071231637,0.996068068519785,0.34536154178779,0.8315690498322486,0.3713968409404118,0.9998253413384676,0.728553390593284,9.78457144353869e-07,0.10302734375,0.45947265625,True,True,True,False,True,False,True,True,True,True,True,False
qpeexact_6_Mutant_Remove_swap_P12_Q1.qasm,Quratest_8,0.0,0.0,0.2719759186622744,0.9295011509581016,0.2638532563709241,0.7949066896390505,0.4118958077051383,0.9800780927444958,0.2683669224331503,0.0004602136812967,0.125,0.583984375,True,True,True,False,True,False,True,True,True,True,True,False
qpeexact_6_Mutant_Remove_swap_P12_Q1.qasm,PureState_9,0.0,0.0,1.0,0.9554034827282316,0.8325546111576977,0.8104695039041462,0.9999999999999996,0.9939803278342384,3.996805323293793e-16,0.0024252216545552,0.71240234375,0.630859375,True,True,True,False,True,False,True,True,True,True,True,True
qpeexact_6_Mutant_Remove_swap_P12_Q1.qasm,Quratest_9,0.0,0.0,0.4222823096742208,0.8503029867152598,0.4012293862381088,0.7508004808103323,0.4661289748498345,0.9627906781054886,0.2186741048895898,0.0034474111874087,0.2109375,0.85107421875,True,True,True,False,True,False,True,True,True,True,True,True
qpeexact_6_Mutant_Remove_swap_P12_Q1.qasm,PureState_10,0.59688224290727,0.0,0.004843721778658,0.9512262060139952,0.0048437003192579,0.8088847630317624,7.649118504695102e-49,0.9940209969767152,1.000000000000011,0.0025206137156932,0.0,1.34326171875,False,True,False,False,False,False,False,True,False,True,False,True
qpeexact_6_Mutant_Remove_swap_P12_Q1.qasm,Quratest_10,0.0,0.0,0.3764465288943001,0.8158522872243678,0.365338396447102,0.7329206823231025,0.3990162665597371,0.955403022622724,0.3458520248894504,0.0103590582596047,0.1640625,0.5380859375,True,True,True,False,True,False,True,True,True,True,True,False
qpeexact_6_Mutant_Remove_swap_P12_Q1.qasm,PureState_11,0.0401384422567275,0.0,0.0188835412564461,0.9913670472949846,0.0184697369168229,0.8292854072404964,0.0,0.9970910946110964,1.000000000000011,3.207632953230452e-05,0.0,0.1552734375,True,True,False,False,False,False,False,True,False,True,False,False
qpeexact_6_Mutant_Remove_swap_P12_Q1.qasm,Quratest_11,0.0,0.0,0.4298462674113144,0.9089784835960132,0.4136171769751575,0.7881607119058238,0.4597093477749507,0.9810372167155887,0.2662651330557746,0.0008667176228707,0.12744140625,0.5869140625,True,True,True,False,True,False,True,True,True,True,True,False
qpeexact_6_Mutant_Remove_swap_P12_Q1.qasm,PureState_12,0.0,0.0,0.3833363886119036,1.0,0.324262502927836,0.8325546111576977,0.2714466094067261,0.9999953649742834,0.7285533905932843,2.317559570059548e-06,0.17919921875,0.63525390625,True,True,True,False,True,False,True,True,True,True,True,True
qpeexact_6_Mutant_Remove_swap_P12_Q1.qasm,Quratest_12,0.0,0.0,0.4717609334987621,0.8874396723105454,0.4492213446588137,0.776322532373707,0.5261703066625246,0.9681780406995962,0.3255991361655617,0.0062657389731724,0.3193359375,1.046875,True,True,True,False,True,False,True,True,True,True,True,True
qpeexact_6_Mutant_Remove_swap_P12_Q1.qasm,PureState_13,0.0,0.0,0.806017986633593,0.9977726599319818,0.7032009487309303,0.8319782425245625,0.8535533905932737,0.9999953334468666,0.0214466094067284,3.617445514882316e-07,1.080078125,0.0810546875,True,True,True,False,True,False,True,True,True,True,True,False
qpeexact_6_Mutant_Remove_swap_P12_Q1.qasm,Quratest_13,0.0,0.0,0.3147111429602237,0.956798196317886,0.3061403908198786,0.8134091899031431,0.3846864894480785,0.9884865990542429,0.2433389414374288,0.0002508206367781,0.3125,0.51025390625,True,True,True,False,True,False,True,True,True,True,True,False
qpeexact_6_Mutant_Remove_swap_P12_Q1.qasm,PureState_14,0.163378596677881,0.0,0.0112171641885421,0.9867657676480706,0.0112150176628523,0.8285202089792746,0.0,0.9970919135931844,1.000000000000011,3.721257042192047e-05,0.0,0.66748046875,True,True,False,False,False,False,False,True,False,True,False,True
qpeexact_6_Mutant_Remove_swap_P12_Q1.qasm,Quratest_14,0.0,0.0,0.6087826660085134,0.856502338909962,0.554699304819617,0.7517869461391246,0.6741420658190529,0.9618199665957587,0.0697706802247128,0.0028073364195834,0.03564453125,0.56494140625,True,True,True,False,True,False,True,True,True,True,True,False
qpeexact_6_Mutant_Remove_swap_P12_Q1.qasm,PureState_15,0.3474853892727484,0.0,0.0146309224706075,0.995390660506093,0.0146265989306608,0.8307585695864146,0.0,0.9991611559915996,1.0000000000000109,9.227495978640648e-06,0.0,1.15478515625,False,True,False,False,False,False,False,True,False,True,False,True
qpeexact_6_Mutant_Remove_swap_P12_Q1.qasm,Quratest_15,0.0,0.0,0.3811287298140612,0.9787149753889351,0.3668057554663031,0.8208754831040225,0.4759449359923964,0.993224594150634,0.1893434007290192,8.563441044602427e-05,0.203125,0.85498046875,True,True,True,False,True,False,True,True,True,True,True,True
qpeexact_6_Mutant_Remove_swap_P12_Q1.qasm,PureState_16,0.0127276114802712,0.0,0.0182056746290777,0.98618686971605,0.0181799187869912,0.8243376744948911,0.0,0.9939393820619856,1.000000000000011,0.0001046994739832,0.0,0.73486328125,True,True,False,False,False,False,False,True,False,True,False,True
qpeexact_6_Mutant_Remove_swap_P12_Q1.qasm,Quratest_16,0.0,0.0,0.1995738411213256,0.8854869680353157,0.1967433761319798,0.7674726823725776,0.1912678460149041,0.9694842860885176,0.0288769388054382,0.0020960421881236,0.07373046875,0.5556640625,True,True,True,False,True,False,True,True,True,True,True,False
qpeexact_6_Mutant_Remove_swap_P12_Q1.qasm,PureState_17,0.0,0.0,0.921413756840316,0.991301917643818,0.7990712465590865,0.8317333700469753,0.9785533905932734,0.999995395678547,0.0214466094067284,4.604387283200998e-06,0.515625,1.64794921875,True,True,True,False,True,False,True,True,True,True,True,True
qpeexact_6_Mutant_Remove_swap_P12_Q1.qasm,Quratest_17,0.0,0.0,0.2475501803552939,0.8445673871563387,0.243835773804469,0.7523334208746996,0.3342856180026877,0.9627185573618036,0.693488742954833,0.0058315856822482,0.0029296875,0.67431640625,True,True,True,False,True,False,True,True,True,True,True,True
qpeexact_6_Mutant_Remove_swap_P12_Q1.qasm,PureState_18,0.0,0.0,0.3725613462429264,0.9767827355741288,0.3608325528474984,0.8190078544819012,0.4275606618970967,0.9993045785146746,0.7285533905932842,4.868978094522904e-05,0.29345703125,0.6357421875,True,True,True,False,True,False,True,True,True,True,True,True
qpeexact_6_Mutant_Remove_swap_P12_Q1.qasm,Quratest_18,0.0,0.0,0.5134540935019681,0.9246615324785664,0.4780296695048208,0.7979061552902453,0.5637870422954958,0.9845081982997196,0.3075203732573074,0.000666121115011,0.09375,0.40234375,True,True,True,False,True,False,True,True,True,True,True,False
qpeexact_6_Mutant_Remove_swap_P12_Q1.qasm,PureState_19,0.0,0.0,1.0,0.9843796172550664,0.8325546111576978,0.8245139130017073,0.9999999999999996,0.9939803278342384,3.996805324278052e-16,0.000115123591168,0.7109375,0.6298828125,True,True,True,False,True,False,True,True,True,True,True,True
qpeexact_6_Mutant_Remove_swap_P12_Q1.qasm,Quratest_19,0.0,0.0,0.2129090939906131,0.8988426049565982,0.2102759702902297,0.7839052596079376,0.2500457310001308,0.975856447879897,0.6754023620918342,0.0067529068049657,0.056640625,0.478515625,True,True,True,False,True,False,True,True,True,True,True,False
qpeexact_6_Mutant_Remove_swap_P12_Q1.qasm,PureState_20,0.0,0.0,0.7358139752271617,0.9854007865364376,0.6832176780097912,0.8238998690246204,0.8446231986207329,0.9939393820619856,3.939750283658652e-16,0.0001044740005052,0.59375,0.73486328125,True,True,True,False,True,False,True,True,True,True,True,True
qpeexact_6_Mutant_Remove_swap_P12_Q1.qasm,Quratest_20,0.0,0.0,0.1771435623350906,0.8115515781278941,0.175989101090824,0.72419441140226,0.1977074447632786,0.9324234236576132,0.899749820132238,0.044294211183557,0.07666015625,0.802734375,True,True,True,False,True,False,True,True,True,False,True,True
qpeexact_6_Mutant_Remove_swap_P12_Q1.qasm,PureState_21,0.0,0.0,0.731391165824238,0.9546885173194336,0.6800661441881319,0.8105792263540101,0.8446231986207329,0.9939393820619856,3.998433694897087e-16,0.0024003558716247,0.59375,1.32861328125,True,True,True,False,True,False,True,True,True,True,True,True
qpeexact_6_Mutant_Remove_swap_P12_Q1.qasm,Quratest_21,0.0,0.0,0.3948562698080246,0.8481703018087741,0.3803226220305432,0.7524758189612307,0.4550556030577738,0.9593081437360071,0.1857174875924418,0.0042568521534571,0.11669921875,0.68359375,True,True,True,False,True,False,True,True,True,True,True,True
qpeexact_6_Mutant_Remove_swap_P12_Q1.qasm,PureState_22,0.0,0.0,0.8647465865806286,0.7908323807642523,0.7361448302570028,0.7140895069660324,0.8535533905932736,0.9275192055375968,0.0214466094067282,0.00723478369303,0.95166015625,0.328125,True,True,True,False,True,False,True,True,True,True,True,False
qpeexact_6_Mutant_Remove_swap_P12_Q1.qasm,Quratest_22,0.0,0.0,0.3783276560627222,0.8584430785826678,0.3676375714576524,0.7572038888269943,0.4400605150634029,0.9770859880563456,0.0065581084947288,0.0048266048674866,0.09130859375,0.76904296875,True,True,True,False,True,False,True,True,True,True,True,True
qpeexact_6_Mutant_Remove_swap_P12_Q1.qasm,PureState_23,0.0,0.0,0.7329206426975418,0.99021941602007,0.6811224082858665,0.8286605132429178,0.8446231986207331,0.995893721113064,3.987962573551473e-16,4.02528873068407e-05,0.61279296875,0.07177734375,True,True,True,False,True,False,True,True,True,True,True,False
qpeexact_6_Mutant_Remove_swap_P12_Q1.qasm,Quratest_23,0.0,0.0,0.2780719584004033,0.8160180156712487,0.2700239936337831,0.7271789572138594,0.3150148233257482,0.9286579377262014,0.3732156837954027,0.0395351035241678,0.00439453125,0.552734375,True,True,True,False,True,False,True,True,True,False,True,False
qpeexact_6_Mutant_Remove_swap_P12_Q1.qasm,PureState_24,0.0,0.0,0.3809258591388639,0.998053884106943,0.3473801177399366,0.8321379446832969,0.3749999999999999,0.9999953334468664,0.7285533905932842,3.659815520210891e-07,0.17919921875,0.0810546875,True,True,True,False,True,False,True,True,True,True,True,False
qpeexact_6_Mutant_Remove_swap_P12_Q1.qasm,Quratest_24,0.0,0.0,0.4953638507145074,0.8555021376134235,0.4726332954666467,0.761222075257768,0.5864976472672359,0.97248593585854,0.2725134114290133,0.0033784427616475,0.1376953125,0.546875,True,True,True,False,True,False,True,True,True,True,True,False
qpeexact_6_Mutant_Remove_swap_P12_Q1.qasm,PureState_25,0.0,0.0,0.3303415177625465,0.9892663230447176,0.3222737403949544,0.8287213400256594,0.3879324949518202,0.9993045785146748,0.7285533905932845,4.61340380231307e-06,0.55224609375,0.63818359375,True,True,True,False,True,False,True,True,True,True,True,True
qpeexact_6_Mutant_Remove_swap_P12_Q1.qasm,Quratest_25,0.0,0.0,0.2930304824412677,0.9673109351917142,0.2797132770914838,0.816646273220738,0.3184418035373799,0.9923923086448848,0.2873440368349382,9.05293520054023e-05,0.013671875,0.546875,True,True,True,False,True,False,True,True,True,True,True,False
qpeexact_6_Mutant_Remove_swap_P12_Q1.qasm,PureState_26,0.0,0.0,0.3529084191718218,0.9831632100513024,0.3400628287359311,0.8230383781894628,0.3713968409404117,0.9993045785146746,0.7285533905932842,1.205835644164933e-05,0.10595703125,0.80517578125,True,True,True,False,True,False,True,True,True,True,True,True
qpeexact_6_Mutant_Remove_swap_P12_Q1.qasm,Quratest_26,0.0,0.0,0.2524663977686039,0.9698265990797902,0.2491839137320824,0.8181324501667832,0.3370261682768362,0.9957516694720548,0.0077160019933724,5.813266230576127e-05,0.19189453125,0.8056640625,True,True,True,False,True,False,True,True,True,True,True,True
qpeexact_6_Mutant_Remove_swap_P12_Q1.qasm,PureState_27,0.0,0.0,0.3811638736304941,0.5014062289538948,0.3320337184484089,0.4637247218218576,0.2866116523516815,0.8984528369005431,0.7285533905932828,0.041134840146891,0.27783203125,0.560546875,True,True,True,False,True,False,True,False,True,False,True,False
qpeexact_6_Mutant_Remove_swap_P12_Q1.qasm,Quratest_27,0.0,0.0,0.3925678621873666,0.6302396567640325,0.36759340130153,0.5696225590951817,0.3210739317280445,0.8967113623922642,0.4178537434987114,0.0209578871852546,0.17041015625,0.65380859375,True,True,True,False,True,False,True,False,True,False,True,True
qpeexact_6_Mutant_Remove_swap_P12_Q1.qasm,PureState_28,0.0,0.0,1.0,0.984208868251543,0.8325546111576977,0.8245199687249387,0.9999999999999998,0.9939803278342384,3.9968053256376813e-16,0.0001146693767479,0.00537109375,0.6298828125,True,True,True,False,True,False,True,True,True,True,True,True
qpeexact_6_Mutant_Remove_swap_P12_Q1.qasm,Quratest_28,0.0,0.0,0.2164121794098909,0.8915816806600495,0.2135401309254694,0.7776009315127704,0.3623231970258371,0.9662079561383424,0.3360201911877492,0.0021935498227454,0.0634765625,0.5517578125,True,True,True,False,True,False,True,True,True,True,True,False
qpeexact_6_Mutant_Remove_swap_P12_Q1.qasm,PureState_29,,0.0,0.0,0.2140064563576995,0.0,0.1790723532635033,0.0,0.1328304784701695,1.000000000000011,0.8671695386860057,0.0,0.35205078125,False,True,False,False,False,False,False,False,False,False,False,False
qpeexact_6_Mutant_Remove_swap_P12_Q1.qasm,Quratest_29,0.0,0.0,0.2630825216739511,0.8488602903458902,0.2533368695961401,0.7492157554017574,0.2260533644862469,0.974646273741789,0.111380879796977,0.0022446099644865,0.00341796875,0.4814453125,True,True,True,False,True,False,True,True,True,True,True,False
qpeexact_6_Mutant_Remove_swap_P12_Q1.qasm,PureState_30,0.0051380972694476,0.0,0.0123842328726783,0.9772749260238836,0.0123829654716821,0.8184660556311408,0.0,0.9940209969767152,1.000000000000011,0.000463460512898,0.0,0.0810546875,True,True,False,False,False,False,False,True,False,True,False,False
qpeexact_6_Mutant_Remove_swap_P12_Q1.qasm,Quratest_30,0.0,0.0,0.2128473162182251,0.6482476686265348,0.2071301098058666,0.5910635350067981,0.1791111662548439,0.7771570277525867,0.3829407914890572,0.1711876918771388,0.0419921875,0.7021484375,True,True,True,False,True,False,True,False,True,False,True,True
qpeexact_6_Mutant_Remove_swap_P12_Q1.qasm,PureState_31,0.0,0.0,1.0,0.9558481452809034,0.8325546111576977,0.810837335901583,0.9999999999999996,0.9940209969767148,3.996805324466034e-16,0.0025260422189668,0.71240234375,1.34326171875,True,True,True,False,True,False,True,True,True,True,True,True
qpeexact_6_Mutant_Remove_swap_P12_Q1.qasm,Quratest_31,0.0,0.0,0.3251519038463158,0.9115681896119752,0.3096700310106297,0.7844216253968421,0.4264845435440204,0.9726649383306378,0.3262079742143842,0.0023622457061416,0.056640625,0.357421875,True,True,True,False,True,False,True,True,True,True,True,False
qpeexact_6_Mutant_Remove_x_P5_Q5.qasm,PureState_0,0.0,0.0,1.0,0.5006155074072101,0.8325546111576978,0.4630424653518705,0.9999999999999998,0.8984528369005413,3.517402164064661e-16,0.0412841772959294,0.0693359375,0.560546875,True,True,True,False,True,False,True,False,True,False,True,False
qpeexact_6_Mutant_Remove_x_P5_Q5.qasm,Quratest_0,0.0,0.0,0.8742683600329907,0.8081180863861783,0.776251205775738,0.7379723422494788,0.9922868655548064,0.9658296303129534,0.0069693665219014,0.0039965067258822,0.08349609375,0.26708984375,True,True,True,False,True,False,True,True,True,True,True,False
qpeexact_6_Mutant_Remove_x_P5_Q5.qasm,PureState_1,0.0,0.0,0.7535506172966899,0.9933549952780883,0.6809705919349107,0.8297685638798102,0.9999999999999998,0.9993046878843496,3.9968052857740983e-16,9.186005078432432e-07,0.48974609375,0.625,True,True,True,False,True,False,True,True,True,True,True,True
qpeexact_6_Mutant_Remove_x_P5_Q5.qasm,Quratest_1,0.0,0.0,0.3688769273554139,0.7967039453773616,0.357448049536962,0.7152617632436855,0.4765481832188065,0.9346534963338607,0.0166443432320821,0.0201410339110522,0.013671875,0.8740234375,True,True,True,False,True,False,True,True,True,False,True,True
qpeexact_6_Mutant_Remove_x_P5_Q5.qasm,PureState_2,0.0,0.0,0.8372409119718924,0.9886888489414722,0.7525200826104984,0.827814195153698,0.9999999999999996,0.999304578514672,3.996805292885455e-16,4.612078220217738e-06,0.6904296875,0.63818359375,True,True,True,False,True,False,True,True,True,True,True,True
qpeexact_6_Mutant_Remove_x_P5_Q5.qasm,Quratest_2,0.0,0.0,0.3432369717735065,0.8160548113491574,0.3357139419387876,0.7246675003220174,0.4051515965001515,0.9358433433430768,0.0198334081403619,0.0352485328350706,0.08154296875,0.6708984375,True,True,True,False,True,False,True,True,True,False,True,True
qpeexact_6_Mutant_Remove_x_P5_Q5.qasm,PureState_3,0.0,0.0,1.0,0.9128321351816678,0.8325546111576977,0.7918817925635859,0.9999999999999998,0.9951687180558688,3.994018196322262e-16,0.0004231288004817,0.3291015625,0.98828125,True,True,True,False,True,False,True,True,True,True,True,True
qpeexact_6_Mutant_Remove_x_P5_Q5.qasm,Quratest_3,0.0,0.0,0.5190279791840037,0.9105103335317688,0.5022195338975554,0.785227226938709,0.8347455702015691,0.9767004704731088,0.0724499310295748,0.0028938594843718,0.2509765625,0.5126953125,True,True,True,False,True,False,True,True,True,True,True,False
qpeexact_6_Mutant_Remove_x_P5_Q5.qasm,PureState_4,0.0,0.0,1.0,0.8683775940487428,0.8325546111576978,0.7694619334533992,0.9999999999999996,0.9817123933687792,3.9804919185019474e-16,0.0019204983906613,0.07958984375,0.71044921875,True,True,True,False,True,False,True,True,True,True,True,True
qpeexact_6_Mutant_Remove_x_P5_Q5.qasm,Quratest_4,9.732308686483331e-112,0.0,0.0878260192842602,0.9042459930273145,0.0876772492627772,0.7824240905698352,0.230262426799813,0.974509019976886,0.036132118460522,0.0018756964009356,0.0029296875,0.642578125,True,True,False,False,False,False,True,True,True,True,True,True
qpeexact_6_Mutant_Remove_x_P5_Q5.qasm,PureState_5,0.0,0.0,0.8453164765656908,0.9452327247358592,0.7571232535544572,0.8065769339089293,1.0,0.9993045785146724,3.996805297101534e-16,0.0002778874698897,0.748046875,0.67626953125,True,True,True,False,True,False,True,True,True,True,True,True
qpeexact_6_Mutant_Remove_x_P5_Q5.qasm,Quratest_5,0.0,0.0,0.4890703064161866,0.8640888351462097,0.4741755092423016,0.7623531503457506,0.7524482441703977,0.9565595274927362,0.3269316305160311,0.0131492564488146,0.04296875,0.68701171875,True,True,True,False,True,False,True,True,True,True,True,True
qpeexact_6_Mutant_Remove_x_P5_Q5.qasm,PureState_6,0.0,0.0,0.6099753050843731,0.9943193955743064,0.5560592627539823,0.8306256947715923,0.9999999999999998,0.999811089198546,3.996805285774099e-16,5.3057634293744016e-06,0.48291015625,1.173828125,True,True,True,False,True,False,True,True,True,True,True,True
qpeexact_6_Mutant_Remove_x_P5_Q5.qasm,Quratest_6,0.0,0.0,0.4017775106033904,0.6182427213054709,0.3956398780997151,0.5455098837542732,0.5748093988977717,0.6631331015514831,0.5440124742701332,0.2767292622067426,0.78759765625,0.4072265625,True,True,True,False,True,False,True,False,True,False,True,False
qpeexact_6_Mutant_Remove_x_P5_Q5.qasm,PureState_7,0.0,0.0,0.6105759937688587,0.9933404559279694,0.5583957872683478,0.8301038921305409,0.9999999999999996,0.999811089198546,3.9968052857740973e-16,5.285054733189103e-06,0.48291015625,1.173828125,True,True,True,False,True,False,True,True,True,True,True,True
qpeexact_6_Mutant_Remove_x_P5_Q5.qasm,Quratest_7,0.0,0.0,0.6275948078762549,0.9165082666695994,0.5890226164524555,0.7915714523747929,0.9287668555388432,0.9892623889795172,0.0145066921993586,0.0004184941026326,0.00732421875,0.65185546875,True,True,True,False,True,False,True,True,True,True,True,True
qpeexact_6_Mutant_Remove_x_P5_Q5.qasm,PureState_8,0.0,0.0,0.5075382438695548,0.992741146722249,0.4738177979930038,0.8304646859931619,0.9999999999999998,0.999825341338465,3.996805300791387e-16,9.784571443538931e-07,0.275390625,0.45947265625,True,True,True,False,True,False,True,True,True,True,True,False
qpeexact_6_Mutant_Remove_x_P5_Q5.qasm,Quratest_8,0.0,0.0,0.29590670505398,0.9324572525925876,0.2928899040396626,0.7942296413570985,0.556605467224556,0.9800780927444936,0.0012075766090183,0.0004602136812967,0.20849609375,0.583984375,True,True,True,False,True,False,True,True,True,True,True,False
qpeexact_6_Mutant_Remove_x_P5_Q5.qasm,PureState_9,0.0,0.0,1.0,0.9542947414305876,0.8325546111576978,0.8098258716813894,0.9999999999999996,0.993980327834236,3.9804919185019474e-16,0.0024252216545552,0.07958984375,0.630859375,True,True,True,False,True,False,True,True,True,True,True,True
qpeexact_6_Mutant_Remove_x_P5_Q5.qasm,Quratest_9,0.0,0.0,0.677588222521473,0.8546551895517569,0.6293875316010474,0.7526363050621211,0.9999999999999996,0.9627906781054864,3.9492332163894877e-16,0.0034474111874087,0.408203125,0.85107421875,True,True,True,False,True,False,True,True,True,True,True,True
qpeexact_6_Mutant_Remove_x_P5_Q5.qasm,PureState_10,0.0,0.0,1.0,0.9518362884204814,0.8325546111576977,0.8092460958707306,0.9999999999999998,0.9940209969767128,3.9968052857741007e-16,0.0025206137156932,1.42431640625,1.34326171875,True,True,True,False,True,False,True,True,True,True,True,True
qpeexact_6_Mutant_Remove_x_P5_Q5.qasm,Quratest_10,0.0,0.0,0.5148416948693587,0.8136974226467807,0.4817839409096601,0.733547390903144,0.5894787227885647,0.955403022622722,0.0615553441238254,0.0103590582596047,0.24560546875,0.5380859375,True,True,True,False,True,False,True,True,True,True,True,False
qpeexact_6_Mutant_Remove_x_P5_Q5.qasm,PureState_11,0.0,0.0,0.6043958415999383,0.9921316826526752,0.5532701006748414,0.8294910458265198,0.9999999999999998,0.9970910946110942,3.996805297541936e-16,3.2076329532305424e-05,0.466796875,0.1552734375,True,True,True,False,True,False,True,True,True,True,True,False
qpeexact_6_Mutant_Remove_x_P5_Q5.qasm,Quratest_11,0.0,0.0,0.6563777195802262,0.9083684852634176,0.6200258172821576,0.7878445677193546,0.9256272200153356,0.981037216715586,0.1432142495666868,0.0008667176228708,0.01953125,0.5869140625,True,True,True,False,True,False,True,True,True,True,True,False
qpeexact_6_Mutant_Remove_x_P5_Q5.qasm,PureState_12,0.0,0.0,1.0,0.9949939740827592,0.8325546111576977,0.8320246488223718,0.9999999999999996,0.9999953649742804,3.996805285774101e-16,2.317559570059557e-06,0.0,0.63525390625,True,True,True,False,True,False,True,True,True,True,False,True
qpeexact_6_Mutant_Remove_x_P5_Q5.qasm,Quratest_12,0.0,0.0,0.6061082780534899,0.8881908693910789,0.5708629065627693,0.7766000084378161,0.8364865801571164,0.9681780406995948,0.1117867687865298,0.0062657389731725,0.1845703125,1.046875,True,True,True,False,True,False,True,True,True,True,True,True
qpeexact_6_Mutant_Remove_x_P5_Q5.qasm,PureState_13,0.0,0.0,1.0,0.99742764497909,0.8325546111576977,0.8318205254892592,0.9999999999999998,0.9999953334468644,3.9968052857741007e-16,3.617445514882174e-07,1.42431640625,0.0810546875,True,True,True,False,True,False,True,True,True,True,True,False
qpeexact_6_Mutant_Remove_x_P5_Q5.qasm,Quratest_13,0.0,0.0,0.3960798506518655,0.954488521977278,0.3874538667242666,0.8121165606259967,0.738694763330633,0.9884865990542402,0.1960983708152689,0.0002508206367781,0.1767578125,0.51025390625,True,True,True,False,True,False,True,True,True,True,True,False
qpeexact_6_Mutant_Remove_x_P5_Q5.qasm,PureState_14,0.0,0.0,1.0,0.9839476110772304,0.8325546111576978,0.8280288984900298,0.9999999999999996,0.9970919135931822,3.9248129930300582e-16,3.7212570421919926e-05,0.33935546875,0.66748046875,True,True,True,False,True,False,True,True,True,True,True,True
qpeexact_6_Mutant_Remove_x_P5_Q5.qasm,Quratest_14,0.0,0.0,0.3548874940161212,0.8575887658589888,0.3490639060544929,0.7528935700044147,0.4809225407017505,0.9618199665957567,0.7134060282983873,0.0028073364195834,0.04833984375,0.56494140625,True,True,True,False,True,False,True,True,True,True,True,False
qpeexact_6_Mutant_Remove_x_P5_Q5.qasm,PureState_15,0.0,0.0,0.7521427041961731,0.9911984958516822,0.6788607805363049,0.8296541382813103,0.9999999999999998,0.9991611559915976,3.996805296312415e-16,9.227495978640977e-06,0.51904296875,1.15478515625,True,True,True,False,True,False,True,True,True,True,True,True
qpeexact_6_Mutant_Remove_x_P5_Q5.qasm,Quratest_15,0.0,0.0,0.3807479709542382,0.9766659246530716,0.3733573674308491,0.8205132245621527,0.7318875486726946,0.9932245941506316,0.4113350882104581,8.563441044602157e-05,0.021484375,0.85498046875,True,True,True,False,True,False,True,True,True,True,True,True
qpeexact_6_Mutant_Remove_x_P5_Q5.qasm,PureState_16,0.0,0.0,0.5165406661996336,0.9846501400463108,0.479803825989442,0.8233612019035909,0.9999999999999998,0.9939393820619834,3.9968052966117534e-16,0.0001046994739832,0.275390625,0.73486328125,True,True,True,False,True,False,True,True,True,True,True,True
qpeexact_6_Mutant_Remove_x_P5_Q5.qasm,Quratest_16,1.1764123568788525e-131,0.0,0.0934750584352417,0.8900977748550994,0.0933651818688105,0.7709936813683514,0.1412203302904564,0.9694842860885152,0.4304308134388209,0.0020960421881236,0.0751953125,0.5556640625,True,True,False,False,False,False,True,True,True,True,True,False
qpeexact_6_Mutant_Remove_x_P5_Q5.qasm,PureState_17,0.0,0.0,1.0,0.987676618419292,0.8325546111576977,0.8310364109394458,0.9999999999999996,0.9999953956785446,3.9968053257261644e-16,4.604387283200962e-06,2.0,1.64794921875,True,True,True,False,True,False,True,True,True,True,True,True
qpeexact_6_Mutant_Remove_x_P5_Q5.qasm,Quratest_17,0.0,0.0,0.1572146311575845,0.8474389646341765,0.1561770004817441,0.7531148675890187,0.2583656129506745,0.9627185573618016,0.8084483262409798,0.0058315856822483,0.02392578125,0.67431640625,True,True,True,False,True,False,True,True,True,True,True,True
qpeexact_6_Mutant_Remove_x_P5_Q5.qasm,PureState_18,0.0,0.0,0.7464385643281705,0.9754922794593832,0.6754252070211291,0.8181488160964896,0.9999999999999998,0.9993045785146722,3.996805293826353e-16,4.8689780945228936e-05,0.51904296875,0.6357421875,True,True,True,False,True,False,True,True,True,True,True,True
qpeexact_6_Mutant_Remove_x_P5_Q5.qasm,Quratest_18,0.0,0.0,0.5432650604504559,0.9200643054895704,0.5222104342906594,0.7962442799313025,0.6787433072189593,0.9845081982997168,0.0122037619254959,0.000666121115011,0.39990234375,0.40234375,True,True,True,False,True,False,True,True,True,True,True,False
qpeexact_6_Mutant_Remove_x_P5_Q5.qasm,PureState_19,0.0,0.0,1.0,0.9850109926951932,0.8325546111576977,0.8244165075545671,0.9999999999999996,0.993980327834236,3.517402161279867e-16,0.000115123591168,0.0693359375,0.6298828125,True,True,True,False,True,False,True,True,True,True,True,True
qpeexact_6_Mutant_Remove_x_P5_Q5.qasm,Quratest_19,0.0,0.0,0.2103344859009409,0.8985075382376523,0.2087813311094272,0.7835152941683211,0.4731877970681365,0.9758564478798946,0.071026549302973,0.0067529068049656,0.06591796875,0.478515625,True,True,True,False,True,False,True,True,True,True,True,False
qpeexact_6_Mutant_Remove_x_P5_Q5.qasm,PureState_20,0.0,0.0,0.5103950716387511,0.9856528546824956,0.4763427306673262,0.8240677880849892,0.9999999999999998,0.9939393820619832,3.996805300791387e-16,0.0001044740005052,0.275390625,0.73486328125,True,True,True,False,True,False,True,True,True,True,True,True
qpeexact_6_Mutant_Remove_x_P5_Q5.qasm,Quratest_20,0.0,0.0,0.6831431751411987,0.8101208603211303,0.6239239039999867,0.7253774975828899,0.9961359674034496,0.9324234236576112,0.0024010402802916,0.0442942111835567,0.5029296875,0.802734375,True,True,True,False,True,False,True,True,True,False,True,True
qpeexact_6_Mutant_Remove_x_P5_Q5.qasm,PureState_21,0.0,0.0,0.8449469675140164,0.9542477678710166,0.7571239701590574,0.8103122629387673,0.9999999999999998,0.9939393820619832,3.9968052945995216e-16,0.0024003558716247,0.6904296875,1.32861328125,True,True,True,False,True,False,True,True,True,True,True,True
qpeexact_6_Mutant_Remove_x_P5_Q5.qasm,Quratest_21,0.0,0.0,0.3686354591284352,0.8449808039515627,0.3622807244867818,0.7529277440397389,0.6743242975223525,0.9593081437360044,0.4723680381375847,0.0042568521534571,0.13623046875,0.68359375,True,True,True,False,True,False,True,True,True,True,True,True
qpeexact_6_Mutant_Remove_x_P5_Q5.qasm,PureState_22,0.0,0.0,1.0,0.7954548419376226,0.8325546111576978,0.7172379192320205,0.9999999999999996,0.9275192055375944,3.9248129930300582e-16,0.00723478369303,0.33935546875,0.328125,True,True,True,False,True,False,True,True,True,True,True,False
qpeexact_6_Mutant_Remove_x_P5_Q5.qasm,Quratest_22,0.0,0.0,0.5258354984179443,0.8608035822405723,0.5052466818984445,0.7591204723408411,0.9601960167454346,0.9770859880563436,0.0780236094262043,0.0048266048674866,0.1767578125,0.76904296875,True,True,True,False,True,False,True,True,True,True,True,True
qpeexact_6_Mutant_Remove_x_P5_Q5.qasm,PureState_23,0.0,0.0,0.8445859836069051,0.9882530443677432,0.7567730980845029,0.8277578006970419,0.9999999999999998,0.995893721113062,3.996805308087311e-16,4.025288730683872e-05,0.748046875,0.07177734375,True,True,True,False,True,False,True,True,True,True,True,False
qpeexact_6_Mutant_Remove_x_P5_Q5.qasm,Quratest_23,0.0,0.0,0.3424484015688067,0.8134506239334457,0.3381504507780329,0.7252104989860279,0.5148337221794517,0.9286579377261994,0.6098818026388437,0.0395351035241677,0.2177734375,0.552734375,True,True,True,False,True,False,True,True,True,False,True,False
qpeexact_6_Mutant_Remove_x_P5_Q5.qasm,PureState_24,0.0,0.0,1.0,0.9963560541333658,0.8325546111576978,0.8313584180353254,0.9999999999999996,0.999995333446864,3.996805285774099e-16,3.659815520210853e-07,1.42431640625,0.0810546875,True,True,True,False,True,False,True,True,True,True,True,False
qpeexact_6_Mutant_Remove_x_P5_Q5.qasm,Quratest_24,0.0,0.0,0.4724989750539158,0.8556706671563538,0.4620907305246142,0.7610147523966831,0.6531561688443643,0.972485935858538,0.0163014901166052,0.0033784427616475,0.197265625,0.546875,True,True,True,False,True,False,True,True,True,True,True,False
qpeexact_6_Mutant_Remove_x_P5_Q5.qasm,PureState_25,0.0,0.0,0.8495526730874577,0.9867407502202844,0.7593265838734458,0.8277024508774788,0.9999999999999998,0.9993045785146722,3.9968052945995216e-16,4.613403802313037e-06,0.6904296875,0.63818359375,True,True,True,False,True,False,True,True,True,True,True,True
qpeexact_6_Mutant_Remove_x_P5_Q5.qasm,Quratest_25,0.0,0.0,0.342760549502543,0.968233075838858,0.336837168966133,0.8170486412478795,0.7725884935722538,0.9923923086448824,0.0007052874690011,9.052935200541468e-05,0.09326171875,0.546875,True,True,True,False,True,False,True,True,True,True,True,False
qpeexact_6_Mutant_Remove_x_P5_Q5.qasm,PureState_26,0.0,0.0,0.5131356835974848,0.9846779680588892,0.4786292522009529,0.8238770031374862,0.9999999999999998,0.9993045785146716,3.996805285774099e-16,1.2058356441649348e-05,0.26416015625,0.80517578125,True,True,True,False,True,False,True,True,True,True,True,True
qpeexact_6_Mutant_Remove_x_P5_Q5.qasm,Quratest_26,0.0,0.0,0.3680121847201422,0.9677131740554012,0.3586552063457794,0.81778990488356,0.7867850956047123,0.995751669472052,0.1473845122868428,5.813266230576718e-05,0.263671875,0.8056640625,True,True,True,False,True,False,True,True,True,True,True,True
qpeexact_6_Mutant_Remove_x_P5_Q5.qasm,PureState_27,0.0,0.0,1.0,0.5025261643483176,0.8325546111576978,0.4649916968327377,0.9999999999999996,0.8984528369005411,3.517402161279867e-16,0.0411348401468908,0.0693359375,0.560546875,True,True,True,False,True,False,True,False,True,False,True,False
qpeexact_6_Mutant_Remove_x_P5_Q5.qasm,Quratest_27,0.0,0.0,0.4673686646250687,0.6251415956926452,0.4506695899273118,0.5663040284928295,0.9975198376606192,0.8967113623922625,0.0033408618027609,0.0209578871852544,0.26513671875,0.65380859375,True,True,True,False,True,False,True,False,True,False,True,True
qpeexact_6_Mutant_Remove_x_P5_Q5.qasm,PureState_28,0.0,0.0,1.0,0.9860926324804752,0.8325546111576977,0.8249852703251999,0.9999999999999998,0.993980327834236,3.517402164064661e-16,0.0001146693767479,0.0693359375,0.6298828125,True,True,True,False,True,False,True,True,True,True,True,True
qpeexact_6_Mutant_Remove_x_P5_Q5.qasm,Quratest_28,0.0,0.0,0.039003129643599,0.8947053404759864,0.0377785535901363,0.7791006037627012,0.074139463264997,0.96620795613834,0.8538805462168595,0.0021935498227453,0.041015625,0.5517578125,True,True,False,False,False,False,True,True,True,True,True,False
qpeexact_6_Mutant_Remove_x_P5_Q5.qasm,PureState_29,0.0,0.0,1.0,0.2147398758147197,0.8325546111576977,0.1796922295736038,0.9999999999999996,0.1328304784701713,3.9968053257261644e-16,0.8671695386860014,2.0,0.35205078125,True,True,True,False,True,False,True,False,True,False,True,False
qpeexact_6_Mutant_Remove_x_P5_Q5.qasm,Quratest_29,0.0,0.0,0.4027526054471685,0.849106801563996,0.3900936159456441,0.7497252696873618,0.9951844650075088,0.9746462737417878,0.0036167004378727,0.0022446099644865,0.2734375,0.4814453125,True,True,True,False,True,False,True,True,True,True,True,False
qpeexact_6_Mutant_Remove_x_P5_Q5.qasm,PureState_30,0.0,0.0,1.0,0.9674759600904312,0.8325546111576977,0.8171085284358945,0.9999999999999998,0.9940209969767128,3.996805285774103e-16,0.000463460512898,1.42431640625,0.0810546875,True,True,True,False,True,False,True,True,True,True,True,False
qpeexact_6_Mutant_Remove_x_P5_Q5.qasm,Quratest_30,0.0,0.0,0.4203200585334051,0.6488416924977212,0.4070043249780735,0.5919748272791328,0.6499119852653581,0.7771570277525846,0.4353492489762071,0.1711876918771379,0.103515625,0.7021484375,True,True,True,False,True,False,True,False,True,False,True,True
qpeexact_6_Mutant_Remove_x_P5_Q5.qasm,PureState_31,0.0,0.0,1.0,0.9522615649412232,0.8325546111576977,0.8097709689063879,0.9999999999999996,0.9940209969767126,3.996805285774099e-16,0.0025260422189668,1.42431640625,1.34326171875,True,True,True,False,True,False,True,True,True,True,True,True
qpeexact_6_Mutant_Remove_x_P5_Q5.qasm,Quratest_31,0.0,0.0,0.3297323308266153,0.9081433392993264,0.3260230196012605,0.7824329015410263,0.4837897445338528,0.9726649383306356,0.76594748308388,0.0023622457061416,0.01904296875,0.357421875,True,True,True,False,True,False,True,True,True,True,True,False
qpeexact_6_Mutant_Replace_ch_P7_Q0_[].qasm,PureState_0,0.0,0.0,0.366251864802358,0.5007661639169914,0.3247142843124123,0.4633843752194672,0.3166393084384103,0.8984528369003074,0.6538053121734668,0.0412841772960254,0.18408203125,0.560546875,True,True,True,False,True,False,True,False,True,False,True,False
qpeexact_6_Mutant_Replace_ch_P7_Q0_[].qasm,Quratest_0,0.0,0.0,0.4961692094928537,0.8062196164712689,0.4636468146298476,0.7376553670369274,0.5167775316152118,0.9658296303132,0.0006824063570785,0.0039965067228215,0.23193359375,0.26708984375,True,True,True,False,True,False,True,True,True,True,True,False
qpeexact_6_Mutant_Replace_ch_P7_Q0_[].qasm,PureState_1,0.0,0.0,0.8496250532258875,0.9945879818656548,0.7384747772754809,0.8303314785284112,0.8774639786712042,0.9993046878843584,0.0253878756577291,9.186005075318904e-07,0.0322265625,0.625,True,True,True,False,True,False,True,True,True,True,True,True
qpeexact_6_Mutant_Replace_ch_P7_Q0_[].qasm,Quratest_1,0.0,0.0,0.481793007148897,0.7963403067214525,0.4580157597261648,0.7159061924211476,0.595841081331631,0.9346534963359008,0.062843819451008,0.0201410341827495,0.09912109375,0.8740234375,True,True,True,False,True,False,True,True,True,False,True,True
qpeexact_6_Mutant_Replace_ch_P7_Q0_[].qasm,PureState_2,0.0,0.0,0.8836609766870364,0.9837826116093532,0.7729080993099872,0.8272800421801877,0.9446839958978964,0.9993045785149116,0.0253878756577291,4.612078218646671e-06,0.62109375,0.63818359375,True,True,True,False,True,False,True,True,True,True,True,True
qpeexact_6_Mutant_Replace_ch_P7_Q0_[].qasm,Quratest_2,0.0,0.0,0.2961084828860328,0.8163526538472172,0.2873038517508083,0.7240602015958039,0.4771471437582266,0.93584334334535,0.2351135731515622,0.0352485326670368,0.0380859375,0.6708984375,True,True,True,False,True,False,True,True,True,False,True,True
qpeexact_6_Mutant_Replace_ch_P7_Q0_[].qasm,PureState_3,0.0,0.0,0.7991045352147584,0.9121826733601002,0.695620641894464,0.7908174535122959,0.8324735087333004,0.9951687180558666,0.0961946878265461,0.0004231288004827,0.21484375,0.98828125,True,True,True,False,True,False,True,True,True,True,True,True
qpeexact_6_Mutant_Replace_ch_P7_Q0_[].qasm,Quratest_3,0.0,0.0,0.6459793812556397,0.9120225756506432,0.561956524344553,0.7855976655677139,0.6447310295546544,0.9767004704730894,0.0105399743674948,0.0028938594843785,0.1337890625,0.5126953125,True,True,True,False,True,False,True,True,True,True,True,False
qpeexact_6_Mutant_Replace_ch_P7_Q0_[].qasm,PureState_4,0.0,0.0,0.8049722948786057,0.8670214432088499,0.7057581545222162,0.7706755690009387,0.8606366016112323,0.9817123933687768,0.0961946878265461,0.0019204983906657,0.14794921875,0.71044921875,True,True,True,False,True,False,True,True,True,True,True,True
qpeexact_6_Mutant_Replace_ch_P7_Q0_[].qasm,Quratest_4,0.0,0.0,0.3182004339231616,0.9021967380103116,0.3120331415347794,0.7822247775227887,0.3665768940197934,0.974509019979184,0.4886701755518068,0.0018756964121109,0.07568359375,0.642578125,True,True,True,False,True,False,True,True,True,True,True,True
qpeexact_6_Mutant_Replace_ch_P7_Q0_[].qasm,PureState_5,0.0,0.0,0.7184754871637931,0.9554044120579448,0.6565042246508819,0.8105342495175545,0.8162914987222802,0.999304578514912,0.1210587337490039,0.000277887469795,0.123046875,0.67626953125,True,True,True,False,True,False,True,True,True,True,True,True
qpeexact_6_Mutant_Replace_ch_P7_Q0_[].qasm,Quratest_5,0.0,0.0,0.3907393678418284,0.8593403918797615,0.3810199212661323,0.7607561117227287,0.571106909684876,0.9565595274947786,0.0274397475307445,0.0131492566201915,0.0087890625,0.68701171875,True,True,True,False,True,False,True,True,True,True,True,True
qpeexact_6_Mutant_Replace_ch_P7_Q0_[].qasm,PureState_6,0.0,0.0,0.8202347254169239,0.9935049610359256,0.7158772442183229,0.8301370394484553,0.862623956477429,0.9998110891986036,0.0214466094067283,5.305763427558438e-06,0.548828125,1.173828125,True,True,True,False,True,False,True,True,True,True,True,True
qpeexact_6_Mutant_Replace_ch_P7_Q0_[].qasm,Quratest_6,0.0,0.0,0.4352362802966475,0.6212657120309336,0.4194714707986451,0.5491398444809544,0.683842397603263,0.663133101553773,0.0169123895946855,0.2767292614627412,0.31689453125,0.4072265625,True,True,True,False,True,False,True,False,True,False,True,False
qpeexact_6_Mutant_Replace_ch_P7_Q0_[].qasm,PureState_7,0.0,0.0,0.8225717957094247,0.9951346509591844,0.7174572542108886,0.8310526586578757,0.862623956477429,0.9998110891986036,0.0214466094067283,5.28505473139062e-06,1.02978515625,1.173828125,True,True,True,False,True,False,True,True,True,True,True,True
qpeexact_6_Mutant_Replace_ch_P7_Q0_[].qasm,Quratest_7,0.0,0.0,0.3244244964790086,0.9158567079410636,0.316331956176777,0.7904208438932498,0.3763122318110791,0.9892623889795612,0.4325797296779883,0.0004184941025507,0.14306640625,0.65185546875,True,True,True,False,True,False,True,True,True,True,True,True
qpeexact_6_Mutant_Replace_ch_P7_Q0_[].qasm,PureState_8,0.0,0.0,0.7859722782704681,0.9940456964128664,0.6858352303145858,0.830806021102536,0.8335101664556508,0.999825341338474,0.0253878756577292,9.784571440207288e-07,0.30029296875,0.45947265625,True,True,True,False,True,False,True,True,True,True,True,False
qpeexact_6_Mutant_Replace_ch_P7_Q0_[].qasm,Quratest_8,0.0,0.0,0.3698260185151156,0.9316712755898472,0.3539120148618956,0.7950494526222334,0.4397533185624005,0.98007809274678,0.0800165357615467,0.0004602136799019,0.2265625,0.583984375,True,True,True,False,True,False,True,True,True,True,True,False
qpeexact_6_Mutant_Replace_ch_P7_Q0_[].qasm,PureState_9,0.0,0.0,0.316793888033641,0.9511180098005956,0.2773091162055811,0.8080804973805462,0.2406473063630897,0.9939803278342244,0.728553390593284,0.0024252216545609,0.06787109375,0.630859375,True,True,True,False,True,False,True,True,True,True,True,True
qpeexact_6_Mutant_Replace_ch_P7_Q0_[].qasm,Quratest_9,0.0,0.0,0.1884036851588577,0.8548942727458495,0.1844608181312879,0.7527463330101791,0.1723587126434096,0.9627906781057208,0.7424903976245564,0.0034474112040878,0.1083984375,0.85107421875,True,True,True,False,True,False,True,True,True,True,True,True
qpeexact_6_Mutant_Replace_ch_P7_Q0_[].qasm,PureState_10,0.0,0.0,0.2907694781264832,0.9519211319851087,0.2491188929313792,0.8095588254074516,0.2133883476483182,0.9940209969767012,0.7285533905932843,0.0025206137156991,0.2392578125,1.34326171875,True,True,True,False,True,False,True,True,True,True,True,True
qpeexact_6_Mutant_Replace_ch_P7_Q0_[].qasm,Quratest_10,0.0,0.0,0.6316095335252653,0.8141995536464619,0.5725622727700509,0.73335911532944,0.7469883014016305,0.9554030226227233,0.0163307994861087,0.0103590582571048,0.01318359375,0.5380859375,True,True,True,False,True,False,True,True,True,True,True,False
qpeexact_6_Mutant_Replace_ch_P7_Q0_[].qasm,PureState_11,0.0,0.0,0.4722732482361839,0.987486786530958,0.4404187795429741,0.828329281912656,0.5381302415326736,0.9970910946111382,0.1250000000000046,3.207632952136597e-05,0.82275390625,0.1552734375,True,True,True,False,True,False,True,True,True,True,True,False
qpeexact_6_Mutant_Replace_ch_P7_Q0_[].qasm,Quratest_11,0.0,0.0,0.3658750375995304,0.9097523907091598,0.3544805584494073,0.7892502965088758,0.4432760437230694,0.9810372167156304,0.4287710976430313,0.0008667176204033,0.0478515625,0.5869140625,True,True,True,False,True,False,True,True,True,True,True,False
qpeexact_6_Mutant_Replace_ch_P7_Q0_[].qasm,PureState_12,0.0,0.0,0.3329230526804363,0.9949939740827594,0.2905193427635792,0.8320246488223719,0.259515058436089,0.9999953649742824,0.6538053121734685,2.3175595700649324e-06,0.3642578125,0.63525390625,True,True,True,False,True,False,True,True,True,True,True,True
qpeexact_6_Mutant_Replace_ch_P7_Q0_[].qasm,Quratest_12,0.0,0.0,0.4143058416904429,0.885250927207671,0.3966621720355863,0.7750862237182825,0.4347674032265759,0.9681780407018824,0.2603083210088859,0.0062657389519256,0.37451171875,1.046875,True,True,True,False,True,False,True,True,True,True,True,True
qpeexact_6_Mutant_Replace_ch_P7_Q0_[].qasm,PureState_13,0.0,0.0,0.800343233634606,0.9987146506806972,0.6993286602066028,0.8323295805800264,0.8266407412190938,0.9999953334468664,0.096194687826546,3.617445514880471e-07,0.68359375,0.0810546875,True,True,True,False,True,False,True,True,True,True,True,False
qpeexact_6_Mutant_Replace_ch_P7_Q0_[].qasm,Quratest_13,0.0,0.0,0.4418589687896685,0.9519165176827384,0.4181854415781349,0.8118961984387053,0.4832974096187212,0.9884865990565436,0.2230716830250957,0.0002508206355671,0.177734375,0.51025390625,True,True,True,False,True,False,True,True,True,True,True,False
qpeexact_6_Mutant_Replace_ch_P7_Q0_[].qasm,PureState_14,0.0,0.0,0.7883271243782369,0.9854714288787556,0.6909136945157005,0.8281408147936126,0.8535533905932736,0.9970919135931844,0.1250000000000044,3.72125704220005e-05,0.30712890625,0.66748046875,True,True,True,False,True,False,True,True,True,True,True,True
qpeexact_6_Mutant_Replace_ch_P7_Q0_[].qasm,Quratest_14,0.0,0.0,0.3914870916830886,0.8553965671206275,0.3730250458377742,0.7514451952486151,0.4478187206026326,0.961819966596032,0.1778844519630849,0.0028073364280682,0.0947265625,0.56494140625,True,True,True,False,True,False,True,True,True,True,True,False
qpeexact_6_Mutant_Replace_ch_P7_Q0_[].qasm,PureState_15,0.0,0.0,0.8578003947266223,0.9866466255609528,0.7470028304140914,0.8288810448553526,0.888557260250229,0.9991611559916552,0.0214466094067283,9.227495975495555e-06,1.00048828125,1.15478515625,True,True,True,False,True,False,True,True,True,True,True,True
qpeexact_6_Mutant_Replace_ch_P7_Q0_[].qasm,Quratest_15,0.0,0.0,0.7121017362812294,0.9799527502936604,0.6246359979147548,0.8215823042435676,0.7875894468726492,0.9932245941529376,0.0192990135321015,8.563440958070285e-05,0.19482421875,0.85498046875,True,True,True,False,True,False,True,True,True,True,True,True
qpeexact_6_Mutant_Replace_ch_P7_Q0_[].qasm,PureState_16,0.0,0.0,0.3643874918568028,0.9837619112830708,0.3240532936476308,0.8227418156604486,0.3024328278857398,0.9939393820640524,0.1250000000000044,0.0001046994739475,0.14111328125,0.73486328125,True,True,True,False,True,False,True,True,True,True,True,True
qpeexact_6_Mutant_Replace_ch_P7_Q0_[].qasm,Quratest_16,0.0,0.0,0.3954837447063841,0.8854005151945865,0.3811642534167544,0.7690532014985529,0.4917705368324402,0.9694842860907888,0.308429634517662,0.0020960421752852,0.2041015625,0.5556640625,True,True,True,False,True,False,True,True,True,True,True,False
qpeexact_6_Mutant_Replace_ch_P7_Q0_[].qasm,PureState_17,0.0,0.0,0.8280551473724233,0.9929037538333052,0.7259747593937202,0.8319828431172546,0.9038053121734576,0.9999953956785468,0.096194687826546,4.6043872831996576e-06,1.02294921875,1.64794921875,True,True,True,False,True,False,True,True,True,True,True,True
qpeexact_6_Mutant_Replace_ch_P7_Q0_[].qasm,Quratest_17,0.0,0.0,0.602531779232661,0.8420625609409977,0.53218745461228,0.7494362643125216,0.6056521899152271,0.9627185573617758,0.0011890578992853,0.0058315856791033,0.0380859375,0.67431640625,True,True,True,False,True,False,True,True,True,True,True,True
qpeexact_6_Mutant_Replace_ch_P7_Q0_[].qasm,PureState_18,0.0,0.0,0.5891030557297001,0.9783096868980988,0.5485846188370916,0.8187106248699366,0.7016882919613695,0.9993045785149116,0.1210587337490037,4.868978092862572e-05,0.02734375,0.6357421875,True,True,True,False,True,False,True,True,True,True,True,True
qpeexact_6_Mutant_Replace_ch_P7_Q0_[].qasm,Quratest_18,0.0,0.0,0.1609095060439827,0.9250051050589202,0.1596920352012868,0.7992442601188049,0.2110200726389293,0.9845081982999936,0.0830826908887783,0.0006661211181655,0.056640625,0.40234375,True,True,True,False,True,False,True,True,True,True,True,False
qpeexact_6_Mutant_Replace_ch_P7_Q0_[].qasm,PureState_19,0.0,0.0,0.7898743130749651,0.9845218776032724,0.6922648258964949,0.8250363906850375,0.8535533905932733,0.9939803278342244,0.1250000000000045,0.0001151235911682,0.2841796875,0.6298828125,True,True,True,False,True,False,True,True,True,True,True,True
qpeexact_6_Mutant_Replace_ch_P7_Q0_[].qasm,Quratest_19,0.0,0.0,0.4626027679884851,0.9006995664110152,0.4424818611472066,0.784842464862155,0.5625742786226395,0.9758564478821842,0.526865235850855,0.0067529067147451,0.3466796875,0.478515625,True,True,True,False,True,False,True,True,True,True,True,False
qpeexact_6_Mutant_Replace_ch_P7_Q0_[].qasm,PureState_20,0.0,0.0,0.3594362953268193,0.98334608426121,0.3201732222085114,0.8230833307238965,0.3024328278857398,0.9939393820640524,0.1250000000000045,0.0001044740004696,0.16455078125,0.73486328125,True,True,True,False,True,False,True,True,True,True,True,True
qpeexact_6_Mutant_Replace_ch_P7_Q0_[].qasm,Quratest_20,0.0,0.0,0.2689601527110262,0.8130608687635335,0.2550646014680625,0.7262643799767793,0.357334744513747,0.932423423657592,0.4666374823965481,0.0442942111885995,0.087890625,0.802734375,True,True,True,False,True,False,True,True,True,False,True,True
qpeexact_6_Mutant_Replace_ch_P7_Q0_[].qasm,PureState_21,0.0,0.0,0.7121038913301007,0.952609792836898,0.652522766767266,0.808916411393547,0.8115978090655404,0.9939393820640524,0.1250000000000045,0.0024003558708061,1.12744140625,1.32861328125,True,True,True,False,True,False,True,True,True,True,True,True
qpeexact_6_Mutant_Replace_ch_P7_Q0_[].qasm,Quratest_21,0.0,0.0,0.697713030879364,0.8422400755323186,0.6105328110254925,0.7506208899250362,0.7402813085224222,0.9593081437359576,0.0035735199009062,0.0042568521534669,0.06005859375,0.68359375,True,True,True,False,True,False,True,True,True,True,True,True
qpeexact_6_Mutant_Replace_ch_P7_Q0_[].qasm,PureState_22,0.0,0.0,0.3377290438670087,0.7940237284831179,0.2948103372451383,0.7146477372874162,0.2693160302557048,0.927519205537592,0.6538053121734667,0.0072347836930468,0.1435546875,0.328125,True,True,True,False,True,False,True,True,True,True,True,False
qpeexact_6_Mutant_Replace_ch_P7_Q0_[].qasm,Quratest_22,0.0,0.0,0.4308847993679439,0.8581646404365408,0.4100595795525447,0.7571895788290739,0.4497187465375565,0.9770859880566172,0.0147020595484354,0.0048266048541629,0.23486328125,0.76904296875,True,True,True,False,True,False,True,True,True,True,True,True
qpeexact_6_Mutant_Replace_ch_P7_Q0_[].qasm,PureState_23,0.0,0.0,0.8912401732073958,0.9875857990813144,0.7779565958472663,0.8281111917611492,0.9507223407028532,0.9958937211131196,0.0214466094067283,4.0252887293120366e-05,0.7822265625,0.07177734375,True,True,True,False,True,False,True,True,True,True,True,False
qpeexact_6_Mutant_Replace_ch_P7_Q0_[].qasm,Quratest_23,0.0,0.0,0.6081459420287113,0.816451512747583,0.5684495322870988,0.7270263461233116,0.6822207868186241,0.928657937728228,0.0017722634310893,0.0395351035913861,0.23828125,0.552734375,True,True,True,False,True,False,True,True,True,False,True,False
qpeexact_6_Mutant_Replace_ch_P7_Q0_[].qasm,PureState_24,0.0,0.0,0.7981173165024184,0.9972466641538856,0.6977462857896903,0.8318042455933375,0.8266407412190938,0.9999953334468664,0.096194687826546,3.6598155202292745e-07,0.8564453125,0.0810546875,True,True,True,False,True,False,True,True,True,True,True,False
qpeexact_6_Mutant_Replace_ch_P7_Q0_[].qasm,Quratest_24,0.0,0.0,0.3815258750585378,0.8575840577638337,0.3609169869616967,0.7629891591394877,0.3526818943201096,0.9724859358587856,0.5648388067684937,0.0033784427641498,0.07861328125,0.546875,True,True,True,False,True,False,True,True,True,True,True,False
qpeexact_6_Mutant_Replace_ch_P7_Q0_[].qasm,PureState_25,0.0,0.0,0.8861075430367686,0.9909685837648632,0.7741634408966074,0.8290067298620208,0.9446839958978968,0.999304578514912,0.0253878756577291,4.613403800741314e-06,0.02197265625,0.63818359375,True,True,True,False,True,False,True,True,True,True,True,True
qpeexact_6_Mutant_Replace_ch_P7_Q0_[].qasm,Quratest_25,0.0,0.0,0.5481305983114785,0.9667056610885292,0.5135186948265293,0.8167416476577594,0.589154344199341,0.9923923086451728,0.1058855499417053,9.05293488145738e-05,0.06982421875,0.546875,True,True,True,False,True,False,True,True,True,True,True,False
qpeexact_6_Mutant_Replace_ch_P7_Q0_[].qasm,PureState_26,0.0,0.0,0.3773511887862086,0.9870931841040704,0.3338236094264813,0.8245473145952457,0.3131690161308723,0.999304578514911,0.1210587337490038,1.20583564375377e-05,0.1630859375,0.80517578125,True,True,True,False,True,False,True,True,True,True,True,True
qpeexact_6_Mutant_Replace_ch_P7_Q0_[].qasm,Quratest_26,0.0,0.0,0.5345630229772539,0.9654624870387928,0.4800579763825252,0.8164992858646345,0.54512603029331,0.9957516694723464,0.0723101344556165,5.813266317045218e-05,0.1962890625,0.8056640625,True,True,True,False,True,False,True,True,True,True,True,True
qpeexact_6_Mutant_Replace_ch_P7_Q0_[].qasm,PureState_27,0.0,0.0,0.3665005428055084,0.5051967531213418,0.3261794664259951,0.4665559451342772,0.3166393084384103,0.8984528369003074,0.6538053121734667,0.0411348401469864,0.19677734375,0.560546875,True,True,True,False,True,False,True,False,True,False,True,False
qpeexact_6_Mutant_Replace_ch_P7_Q0_[].qasm,Quratest_27,0.0,0.0,0.2015414086222516,0.6338829687953238,0.1983464755304003,0.571554282695058,0.2028258108585843,0.8967113623922638,0.7248058422707447,0.0209578872524832,0.14013671875,0.65380859375,True,True,True,False,True,False,True,False,True,False,True,True
qpeexact_6_Mutant_Replace_ch_P7_Q0_[].qasm,PureState_28,0.0,0.0,0.7919392793276284,0.9866851945957196,0.6941406702945347,0.8251006918038007,0.8535533905932735,0.9939803278342244,0.1250000000000044,0.0001146693767481,0.43505859375,0.6298828125,True,True,True,False,True,False,True,True,True,True,True,True
qpeexact_6_Mutant_Replace_ch_P7_Q0_[].qasm,Quratest_28,0.0,0.0,0.5484399206860543,0.8885865673926288,0.4868308057977559,0.7752852357297674,0.5379001399455473,0.9662079561383116,0.0129936452035303,0.0021935498228601,0.1826171875,0.5517578125,True,True,True,False,True,False,True,True,True,True,True,False
qpeexact_6_Mutant_Replace_ch_P7_Q0_[].qasm,PureState_29,0.0,0.0,0.3776509907641108,0.2148618924499324,0.3193080804206217,0.1797953625119692,0.271446609406726,0.1328304784681581,0.7285533905932842,0.8671695386880169,0.32080078125,0.35205078125,True,True,True,False,True,False,True,False,True,False,True,False
qpeexact_6_Mutant_Replace_ch_P7_Q0_[].qasm,Quratest_29,0.0,0.0,0.3764017161846375,0.8484928006016795,0.3637589278605221,0.7501363265138027,0.4108373872182086,0.9746462737420616,0.1542048245909238,0.002244609950009,0.251953125,0.4814453125,True,True,True,False,True,False,True,True,True,True,True,False
qpeexact_6_Mutant_Replace_ch_P7_Q0_[].qasm,PureState_30,0.0,0.0,0.7922536453323072,0.9724103170787136,0.6942053946954567,0.8181800490751722,0.8535533905932737,0.9940209969767012,0.1250000000000044,0.0004634605128991,0.361328125,0.0810546875,True,True,True,False,True,False,True,True,True,True,True,False
qpeexact_6_Mutant_Replace_ch_P7_Q0_[].qasm,Quratest_30,0.0,0.0,0.5618420544947851,0.6542208302105388,0.48408984322343,0.5952342580066252,0.5284289580725166,0.7771570277525266,0.0014834457996956,0.1711876918775355,0.01025390625,0.7021484375,True,True,True,False,True,False,True,False,True,False,True,True
qpeexact_6_Mutant_Replace_ch_P7_Q0_[].qasm,PureState_31,0.0,0.0,0.2837975584406555,0.9520774396945428,0.2429175723435314,0.8100491548743014,0.2133883476483181,0.9940209969767012,0.728553390593285,0.0025260422189727,0.22265625,1.34326171875,True,True,True,False,True,False,True,True,True,True,True,True
qpeexact_6_Mutant_Replace_ch_P7_Q0_[].qasm,Quratest_31,0.0,0.0,0.4003260474228068,0.9130578722591056,0.3833495309603308,0.7855173474211988,0.5007059301182697,0.9726649383306544,0.1836785822584086,0.0023622457101344,0.0693359375,0.357421875,True,True,True,False,True,False,True,True,True,True,True,False
qpeexact_6_Mutant_Replace_cx_P15_Q2_[].qasm,PureState_0,0.0,0.0,0.538473423564253,0.5058068059295242,0.462055458468984,0.4679685728585561,0.4999999999999998,0.8984528369005425,0.2500000000000052,0.0412841772959296,0.00146484375,0.560546875,True,True,True,False,True,False,True,False,True,False,True,False
qpeexact_6_Mutant_Replace_cx_P15_Q2_[].qasm,Quratest_0,0.0,0.0,0.5673712846441227,0.8121773745529214,0.5368280895228958,0.741018306712068,0.629479798005895,0.9658296303129544,0.1552203535218138,0.0039965067258823,0.6513671875,0.26708984375,True,True,True,False,True,False,True,True,True,True,True,False
qpeexact_6_Mutant_Replace_cx_P15_Q2_[].qasm,PureState_1,0.0,0.0,0.5907745352432195,0.991993270709559,0.5185256502403127,0.829411564901666,0.6035533905932737,0.999304687884351,0.2500000000000063,9.1860050784324e-07,0.07177734375,0.625,True,True,True,False,True,False,True,True,True,True,True,True
qpeexact_6_Mutant_Replace_cx_P15_Q2_[].qasm,Quratest_1,0.0,0.0,0.4574610105926766,0.7989732592933213,0.4388271166378575,0.7175006267009563,0.6141510875330403,0.934653496333862,0.2589589254413131,0.0201410339110522,0.267578125,0.8740234375,True,True,True,False,True,False,True,True,True,False,True,True
qpeexact_6_Mutant_Replace_cx_P15_Q2_[].qasm,PureState_2,0.0,0.0,0.5852555632013328,0.989394834200873,0.5137000690288279,0.8277737244749842,0.6035533905932736,0.9993045785146736,0.2500000000000063,4.612078220217732e-06,0.05859375,0.63818359375,True,True,True,False,True,False,True,True,True,True,True,True
qpeexact_6_Mutant_Replace_cx_P15_Q2_[].qasm,Quratest_2,0.0,0.0,0.3536034746611188,0.8167890545111367,0.3443925735531979,0.7261861793477502,0.4723926230116306,0.9358433433430784,0.0468003095750251,0.0352485328350708,0.13330078125,0.6708984375,True,True,True,False,True,False,True,True,True,False,True,True
qpeexact_6_Mutant_Replace_cx_P15_Q2_[].qasm,PureState_3,0.0,0.0,0.5425299945843309,0.9122700114880684,0.4657388992449731,0.7899255371843183,0.4999999999999999,0.9951687180558704,0.2500000000000064,0.0004231288004817,0.36474609375,0.98828125,True,True,True,False,True,False,True,True,True,True,True,True
qpeexact_6_Mutant_Replace_cx_P15_Q2_[].qasm,Quratest_3,0.0,0.0,0.985678735630908,0.9087157687636006,0.829449012022198,0.7835474421786197,0.998797129066282,0.9767004704731096,1.4468984836030978e-06,0.0028938594843718,0.2529296875,0.5126953125,True,True,True,False,True,False,True,True,True,True,True,False
qpeexact_6_Mutant_Replace_cx_P15_Q2_[].qasm,PureState_4,0.0,0.0,0.5418370442614587,0.8587714148815762,0.4651162435251322,0.7643794024289048,0.4999999999999999,0.9817123933687806,0.2500000000000062,0.0019204983906613,0.02392578125,0.71044921875,True,True,True,False,True,False,True,True,True,True,True,True
qpeexact_6_Mutant_Replace_cx_P15_Q2_[].qasm,Quratest_4,0.0,0.0,0.4589635111724931,0.9041785950949636,0.4492670024820621,0.7830955647251573,0.6186840244064067,0.9745090199768868,0.4384839855570021,0.0018756964009356,0.0078125,0.642578125,True,True,True,False,True,False,True,True,True,True,True,True
qpeexact_6_Mutant_Replace_cx_P15_Q2_[].qasm,PureState_5,0.0,0.0,0.586148820815631,0.9493033620351364,0.5148449936851998,0.8088039554608027,0.6035533905932737,0.9993045785146738,0.2500000000000061,0.0002778874698897,0.078125,0.67626953125,True,True,True,False,True,False,True,True,True,True,True,True
qpeexact_6_Mutant_Replace_cx_P15_Q2_[].qasm,Quratest_5,0.0,0.0,0.4414265590380176,0.8596073292593839,0.4299973954595142,0.7604940802327879,0.6622219012710271,0.9565595274927372,0.2226185313769014,0.0131492564488147,0.021484375,0.68701171875,True,True,True,False,True,False,True,True,True,True,True,True
qpeexact_6_Mutant_Replace_cx_P15_Q2_[].qasm,PureState_6,0.0,0.0,0.5851140694208653,0.9931851328216964,0.5136162930040378,0.8309709499391665,0.6035533905932736,0.9998110891985466,0.2500000000000064,5.305763429374831e-06,0.5068359375,1.173828125,True,True,True,False,True,False,True,True,True,True,True,True
qpeexact_6_Mutant_Replace_cx_P15_Q2_[].qasm,Quratest_6,0.0,0.0,0.6214553435594216,0.6185636241216469,0.582387325171892,0.5468624381190055,0.7296776564724493,0.663133101551484,0.0658076075323245,0.2767292622067435,0.244140625,0.4072265625,True,True,True,False,True,False,True,False,True,False,True,False
qpeexact_6_Mutant_Replace_cx_P15_Q2_[].qasm,PureState_7,0.0,0.0,0.5799762205581876,0.9955865613094964,0.508556631442069,0.831235842398548,0.6035533905932735,0.9998110891985466,0.2500000000000058,5.285054733189361e-06,0.5068359375,1.173828125,True,True,True,False,True,False,True,True,True,True,True,True
qpeexact_6_Mutant_Replace_cx_P15_Q2_[].qasm,Quratest_7,0.0,0.0,0.3394638933244157,0.9173695051446894,0.3306030602608857,0.7917294382007307,0.3645506709222291,0.989262388979518,0.2768086525064435,0.0004184941026326,0.14501953125,0.65185546875,True,True,True,False,True,False,True,True,True,True,True,True
qpeexact_6_Mutant_Replace_cx_P15_Q2_[].qasm,PureState_8,0.0,0.0,0.5817285696109342,0.990242040634787,0.5102007976031786,0.8300907261812244,0.6035533905932735,0.9998253413384666,0.2500000000000064,9.78457144353831e-07,0.14892578125,0.45947265625,True,True,True,False,True,False,True,True,True,True,True,False
qpeexact_6_Mutant_Replace_cx_P15_Q2_[].qasm,Quratest_8,0.0,0.0,0.1383473690738134,0.9300432896960966,0.1375157949703686,0.7939785964211641,0.1966413411836297,0.9800780927444942,0.8502521330693,0.0004602136812967,0.0546875,0.583984375,True,True,True,False,True,False,True,True,True,True,True,False
qpeexact_6_Mutant_Replace_cx_P15_Q2_[].qasm,PureState_9,0.0,0.0,0.5387085555781223,0.9514819135752276,0.4622745315045228,0.8085581139158784,0.4999999999999998,0.9939803278342376,0.2500000000000064,0.0024252216545552,0.0556640625,0.630859375,True,True,True,False,True,False,True,True,True,True,True,True
qpeexact_6_Mutant_Replace_cx_P15_Q2_[].qasm,Quratest_9,0.0,0.0,0.1588646400237051,0.8540254050267284,0.1566707514602321,0.7518590012554972,0.1294710502477197,0.9627906781054878,0.8775452852779708,0.0034474111874087,0.02685546875,0.85107421875,True,True,True,False,True,False,True,True,True,True,True,True
qpeexact_6_Mutant_Replace_cx_P15_Q2_[].qasm,PureState_10,0.0,0.0,0.7016350263744786,0.9542426852001992,0.6117128435383592,0.8114430158186947,0.7499999999999998,0.9940209969767142,0.2500000000000059,0.0025206137156932,0.697265625,1.34326171875,True,True,True,False,True,False,True,True,True,True,True,True
qpeexact_6_Mutant_Replace_cx_P15_Q2_[].qasm,Quratest_10,0.0,0.0,0.7924162580254593,0.8181405968076165,0.7094966497868693,0.7364120123663979,0.8797090585302298,0.9554030226227226,0.0036051418239095,0.0103590582596048,0.1669921875,0.5380859375,True,True,True,False,True,False,True,True,True,True,True,False
qpeexact_6_Mutant_Replace_cx_P15_Q2_[].qasm,PureState_11,0.0,0.0,0.585826272714783,0.9859350035230228,0.5141980722287778,0.8278328152017359,0.6035533905932737,0.9970910946110948,0.250000000000006,3.207632953230479e-05,0.4873046875,0.1552734375,True,True,True,False,True,False,True,True,True,True,True,False
qpeexact_6_Mutant_Replace_cx_P15_Q2_[].qasm,Quratest_11,0.0,0.0,0.3692592233463425,0.9107907873782534,0.3455318555537058,0.7901764348185324,0.3546093733639845,0.9810372167155872,0.2073727085539986,0.0008667176228708,0.27392578125,0.5869140625,True,True,True,False,True,False,True,True,True,True,True,False
qpeexact_6_Mutant_Replace_cx_P15_Q2_[].qasm,PureState_12,0.0,0.0,0.7125732885349939,0.99291301790149,0.6218041496371336,0.8315776820501821,0.7499999999999997,0.9999953649742824,0.2500000000000065,2.317559570059548e-06,0.080078125,0.63525390625,True,True,True,False,True,False,True,True,True,True,True,True
qpeexact_6_Mutant_Replace_cx_P15_Q2_[].qasm,Quratest_12,0.0,0.0,0.4050740845267303,0.8826775920203773,0.3894529030498028,0.7732197159177173,0.4955927563408275,0.9681780406995956,0.1494768191575965,0.0062657389731724,0.751953125,1.046875,True,True,True,False,True,False,True,True,True,True,True,True
qpeexact_6_Mutant_Replace_cx_P15_Q2_[].qasm,PureState_13,0.0,0.0,0.6996219395922852,0.998181756783344,0.6098549177025493,0.8321460929020589,0.7499999999999999,0.9999953334468656,0.2500000000000063,3.617445514882343e-07,0.73388671875,0.0810546875,True,True,True,False,True,False,True,True,True,True,True,False
qpeexact_6_Mutant_Replace_cx_P15_Q2_[].qasm,Quratest_13,0.0,0.0,0.5257517124059679,0.955527994851082,0.4962978702132483,0.8123219009568545,0.5972738534974806,0.9884865990542412,0.1507706471762438,0.0002508206367781,0.13720703125,0.51025390625,True,True,True,False,True,False,True,True,True,True,True,False
qpeexact_6_Mutant_Replace_cx_P15_Q2_[].qasm,PureState_14,0.0,0.0,0.5409050968331977,0.9873076675518794,0.4643095771805172,0.8283049058110759,0.4999999999999998,0.9970919135931828,0.2500000000000061,3.721257042192021e-05,0.0888671875,0.66748046875,True,True,True,False,True,False,True,True,True,True,True,True
qpeexact_6_Mutant_Replace_cx_P15_Q2_[].qasm,Quratest_14,0.0,0.0,0.295041724462409,0.8524652719907292,0.2894990035263255,0.7496271016417045,0.3844321535179001,0.9618199665957576,0.4540564391649645,0.0028073364195834,0.04638671875,0.56494140625,True,True,True,False,True,False,True,True,True,True,True,False
qpeexact_6_Mutant_Replace_cx_P15_Q2_[].qasm,PureState_15,0.0,0.0,0.5919529527803249,0.9954599093661038,0.5205446484219415,0.8308937535854692,0.6035533905932736,0.999161155991598,0.2500000000000062,9.22749597864088e-06,0.537109375,1.15478515625,True,True,True,False,True,False,True,True,True,True,True,True
qpeexact_6_Mutant_Replace_cx_P15_Q2_[].qasm,Quratest_15,0.0,0.0,0.9883862263328004,0.9798717916237834,0.830567390658159,0.8219398191321409,0.9986952663758938,0.9932245941506332,1.6915428487076628e-06,8.563441044602401e-05,0.26220703125,0.85498046875,True,True,True,False,True,False,True,True,True,True,True,True
qpeexact_6_Mutant_Replace_cx_P15_Q2_[].qasm,PureState_16,0.0,0.0,0.589860917322066,0.9864950372307318,0.5177663138692161,0.824308817185166,0.6035533905932737,0.993939382061984,0.2500000000000062,0.0001046994739832,0.09228515625,0.73486328125,True,True,True,False,True,False,True,True,True,True,True,True
qpeexact_6_Mutant_Replace_cx_P15_Q2_[].qasm,Quratest_16,0.0,0.0,0.2137588390364614,0.889936131530623,0.2096912780961393,0.771355752031013,0.2338091588617952,0.9694842860885164,0.8268022887887654,0.0020960421881236,0.05029296875,0.5556640625,True,True,True,False,True,False,True,True,True,True,True,False
qpeexact_6_Mutant_Replace_cx_P15_Q2_[].qasm,PureState_17,0.0,0.0,0.7112912391690024,0.9899494936611664,0.6206219637003175,0.8314940356750048,0.7499999999999997,0.999995395678546,0.2500000000000063,4.604387283200973e-06,0.9951171875,1.64794921875,True,True,True,False,True,False,True,True,True,True,True,True
qpeexact_6_Mutant_Replace_cx_P15_Q2_[].qasm,Quratest_17,0.0,0.0,0.0586622667797522,0.8417812777806418,0.052282945365644,0.7501254894322809,0.0165163238767546,0.9627185573618028,0.9908625302975737,0.0058315856822483,0.00634765625,0.67431640625,True,True,False,False,False,False,True,True,True,True,True,True
qpeexact_6_Mutant_Replace_cx_P15_Q2_[].qasm,PureState_18,0.0,0.0,0.5883363800900978,0.9758338679242342,0.5169753170749527,0.8180824657742073,0.6035533905932736,0.9993045785146736,0.2500000000000058,4.868978094522903e-05,0.03759765625,0.6357421875,True,True,True,False,True,False,True,True,True,True,True,True
qpeexact_6_Mutant_Replace_cx_P15_Q2_[].qasm,Quratest_18,0.0,0.0,0.3886537963208312,0.9204945745618772,0.3801528291017986,0.7965042663471795,0.5221602757200754,0.984508198299718,0.2987519099009812,0.000666121115011,0.51220703125,0.40234375,True,True,True,False,True,False,True,True,True,True,True,False
qpeexact_6_Mutant_Replace_cx_P15_Q2_[].qasm,PureState_19,0.0,0.0,0.5415720588894468,0.9823819605854311,0.4648898543195637,0.8240874615519507,0.4999999999999997,0.9939803278342374,0.250000000000006,0.000115123591168,0.05029296875,0.6298828125,True,True,True,False,True,False,True,True,True,True,True,True
qpeexact_6_Mutant_Replace_cx_P15_Q2_[].qasm,Quratest_19,0.0,0.0,0.5419833263272933,0.8965963673534714,0.5094970352843713,0.7827083306627669,0.6645556265231649,0.975856447879896,0.0564877779171347,0.0067529068049656,0.1923828125,0.478515625,True,True,True,False,True,False,True,True,True,True,True,False
qpeexact_6_Mutant_Replace_cx_P15_Q2_[].qasm,PureState_20,0.0,0.0,0.5911361904887571,0.9833786395094704,0.5197969653791266,0.8239887732282344,0.6035533905932737,0.993939382061984,0.2500000000000062,0.0001044740005052,0.09228515625,0.73486328125,True,True,True,False,True,False,True,True,True,True,True,True
qpeexact_6_Mutant_Replace_cx_P15_Q2_[].qasm,Quratest_20,0.0,0.0,0.2787074510011241,0.8137292249494987,0.2665925732296147,0.726271951190889,0.3304365083811641,0.9324234236576124,0.7117371892392764,0.0442942111835569,0.16259765625,0.802734375,True,True,True,False,True,False,True,True,True,False,True,True
qpeexact_6_Mutant_Replace_cx_P15_Q2_[].qasm,PureState_21,0.0,0.0,0.5901441843530916,0.9533819914840208,0.5186457372610158,0.8092562848998247,0.6035533905932735,0.9939393820619846,0.2500000000000056,0.0024003558716247,0.67138671875,1.32861328125,True,True,True,False,True,False,True,True,True,True,True,True
qpeexact_6_Mutant_Replace_cx_P15_Q2_[].qasm,Quratest_21,0.0,0.0,0.6065676572131293,0.8453797907930408,0.5272854395003301,0.7507408257888599,0.5202242706763868,0.9593081437360056,0.2610321373912265,0.004256852153457,0.12255859375,0.68359375,True,True,True,False,True,False,True,True,True,True,True,True
qpeexact_6_Mutant_Replace_cx_P15_Q2_[].qasm,PureState_22,0.0,0.0,0.5432599930494252,0.7907695603199227,0.4664272985613807,0.7129339418105374,0.4999999999999999,0.9275192055375956,0.2500000000000061,0.00723478369303,0.3310546875,0.328125,True,True,True,False,True,False,True,True,True,True,True,False
qpeexact_6_Mutant_Replace_cx_P15_Q2_[].qasm,Quratest_22,0.0,0.0,0.3459968263500934,0.8581588041520558,0.3400843446760961,0.7575082576649551,0.415796272610949,0.9770859880563448,0.649903979057043,0.0048266048674866,0.015625,0.76904296875,True,True,True,False,True,False,True,True,True,True,True,True
qpeexact_6_Mutant_Replace_cx_P15_Q2_[].qasm,PureState_23,0.0,0.0,0.5829046819311942,0.989694289513021,0.5114898360696795,0.828323339806304,0.6035533905932737,0.9958937211130624,0.2500000000000062,4.025288730684007e-05,0.689453125,0.07177734375,True,True,True,False,True,False,True,True,True,True,True,False
qpeexact_6_Mutant_Replace_cx_P15_Q2_[].qasm,Quratest_23,0.0,0.0,0.7806687911242886,0.8159434665838515,0.7156428001570642,0.7272613271013185,0.8977536386556559,0.9286579377262004,0.0569743514119419,0.0395351035241677,0.05859375,0.552734375,True,True,True,False,True,False,True,True,True,False,True,False
qpeexact_6_Mutant_Replace_cx_P15_Q2_[].qasm,PureState_24,0.0,0.0,0.7053780118624968,0.998053884106943,0.6151655297591807,0.8321379446832969,0.75,0.9999953334468656,0.2500000000000062,3.659815520210944e-07,0.65234375,0.0810546875,True,True,True,False,True,False,True,True,True,True,True,False
qpeexact_6_Mutant_Replace_cx_P15_Q2_[].qasm,Quratest_24,0.0,0.0,0.1710660994503544,0.8541176111416924,0.1676873143433964,0.7608262124598731,0.1970651596014195,0.9724859358585388,0.8864150103385934,0.0033784427616475,0.17724609375,0.546875,True,True,True,False,True,False,True,True,True,True,True,False
qpeexact_6_Mutant_Replace_cx_P15_Q2_[].qasm,PureState_25,0.0,0.0,0.5839846353989312,0.9880680821902524,0.5121785598429248,0.8282982150920466,0.6035533905932737,0.999304578514674,0.2500000000000066,4.613403802313065e-06,0.05859375,0.63818359375,True,True,True,False,True,False,True,True,True,True,True,True
qpeexact_6_Mutant_Replace_cx_P15_Q2_[].qasm,Quratest_25,0.0,0.0,0.6986250185851115,0.9675721677123718,0.647921633642578,0.8171515295744095,0.8060750359005536,0.9923923086448834,0.0063396372834135,9.052935200541557e-05,0.15576171875,0.546875,True,True,True,False,True,False,True,True,True,True,True,False
qpeexact_6_Mutant_Replace_cx_P15_Q2_[].qasm,PureState_26,0.0,0.0,0.5888908135562818,0.983005666840821,0.5163378044390385,0.8233308862359642,0.6035533905932735,0.9993045785146736,0.2500000000000062,1.2058356441649315e-05,0.11669921875,0.80517578125,True,True,True,False,True,False,True,True,True,True,True,True
qpeexact_6_Mutant_Replace_cx_P15_Q2_[].qasm,Quratest_26,0.0,0.0,0.7299407931631399,0.9690008350116855,0.6476254165060005,0.8181904569754881,0.7916384463705789,0.9957516694720532,0.0608783349090905,5.813266230575972e-05,0.23486328125,0.8056640625,True,True,True,False,True,False,True,True,True,True,True,True
qpeexact_6_Mutant_Replace_cx_P15_Q2_[].qasm,PureState_27,0.0,0.0,0.5430730564876779,0.4978594449896491,0.4662379087017841,0.4612149898018838,0.4999999999999999,0.8984528369005422,0.2500000000000053,0.041134840146891,0.00146484375,0.560546875,True,True,True,False,True,False,True,False,True,False,True,False
qpeexact_6_Mutant_Replace_cx_P15_Q2_[].qasm,Quratest_27,0.0,0.0,0.4431984930591479,0.6332774164678462,0.4288744814733372,0.5718948713143915,0.5287267840182812,0.8967113623922631,0.0876747944920048,0.0209578871852545,0.017578125,0.65380859375,True,True,True,False,True,False,True,False,True,False,True,True
qpeexact_6_Mutant_Replace_cx_P15_Q2_[].qasm,PureState_28,0.0,0.0,0.5410052555904463,0.9869537602302474,0.464342276914506,0.825664959660804,0.4999999999999997,0.9939803278342376,0.2500000000000063,0.0001146693767479,0.05029296875,0.6298828125,True,True,True,False,True,False,True,True,True,True,True,True
qpeexact_6_Mutant_Replace_cx_P15_Q2_[].qasm,Quratest_28,0.0,0.0,0.5729371717007689,0.8983148224092824,0.515199722466378,0.7797912844282502,0.656348203112543,0.9662079561383417,0.256986755395957,0.0021935498227453,0.05810546875,0.5517578125,True,True,True,False,True,False,True,True,True,True,True,False
qpeexact_6_Mutant_Replace_cx_P15_Q2_[].qasm,PureState_29,0.0,0.0,0.7107934474415762,0.2081805479671147,0.6201628966311588,0.1741505884033315,0.7499999999999998,0.1328304784701702,0.2500000000000055,0.8671695386860033,0.998046875,0.35205078125,True,True,True,False,True,False,True,False,True,False,True,False
qpeexact_6_Mutant_Replace_cx_P15_Q2_[].qasm,Quratest_29,0.0,0.0,0.3329864304385735,0.8493621955742624,0.3237716510245586,0.7497480745267577,0.3523275896014524,0.9746462737417884,0.5374657785934176,0.0022446099644865,0.1875,0.4814453125,True,True,True,False,True,False,True,True,True,True,True,False
qpeexact_6_Mutant_Replace_cx_P15_Q2_[].qasm,PureState_30,0.0,0.0,0.7037493449955805,0.9765798823413896,0.6136641761592732,0.8197722053024237,0.7499999999999998,0.9940209969767142,0.2500000000000064,0.000463460512898,0.73388671875,0.0810546875,True,True,True,False,True,False,True,True,True,True,True,False
qpeexact_6_Mutant_Replace_cx_P15_Q2_[].qasm,Quratest_30,0.0,0.0,0.714356418134422,0.6487870397066504,0.6234169647613574,0.5931090889708424,0.7624621550970825,0.7771570277525853,0.0569924461146514,0.1711876918771382,0.08984375,0.7021484375,True,True,True,False,True,False,True,False,True,False,True,True
qpeexact_6_Mutant_Replace_cx_P15_Q2_[].qasm,PureState_31,0.0,0.0,0.7009200345711025,0.9533041131250966,0.6110528468954554,0.8107762454120812,0.7499999999999998,0.9940209969767132,0.2500000000000061,0.0025260422189668,0.6279296875,1.34326171875,True,True,True,False,True,False,True,True,True,True,True,True
qpeexact_6_Mutant_Replace_cx_P15_Q2_[].qasm,Quratest_31,0.0,0.0,0.2199754934503351,0.9152235219169226,0.2185823169587272,0.7861546477356703,0.2902058207830473,0.9726649383306366,0.7554144846375763,0.0023622457061416,0.328125,0.357421875,True,True,True,False,True,False,True,True,True,True,True,False
qpeexact_6_Mutant_Replace_id_P26_Q4_[].qasm,PureState_0,0.0,0.0,0.3784014151230491,0.5042293477938726,0.3629736475563711,0.465986557376181,0.4223115993103666,0.8984528369005411,0.3109296083845628,0.0410758002874878,0.07470703125,0.5546875,True,True,True,False,True,False,True,False,True,False,True,False
qpeexact_6_Mutant_Replace_id_P26_Q4_[].qasm,Quratest_0,0.0,0.0,0.2578041790249781,0.7989129629590104,0.2517334266518376,0.7309974853718931,0.2777943152772461,0.9652287038921062,0.1216543036033712,0.0041160136505292,0.0234375,0.26123046875,True,True,True,False,True,False,True,True,True,True,True,False
qpeexact_6_Mutant_Replace_id_P26_Q4_[].qasm,PureState_1,0.0,0.0,0.3424474940161284,0.99030424671102,0.3306399785645986,0.8288809209568181,0.3881348243794678,0.9993045785146722,0.0095449197801097,1.171470526345528e-06,0.0361328125,0.619140625,True,True,True,False,True,False,True,True,True,True,True,True
qpeexact_6_Mutant_Replace_id_P26_Q4_[].qasm,Quratest_1,0.0,0.0,0.2420321652755854,0.7913309770724508,0.2361937634706299,0.7118258870601482,0.3670393627788889,0.9340959454899322,0.0300614029686252,0.0200805155251894,0.22998046875,0.8681640625,True,True,True,False,True,False,True,True,True,False,True,True
qpeexact_6_Mutant_Replace_id_P26_Q4_[].qasm,PureState_2,0.0,0.0,0.4500497037590605,0.9878405717958308,0.4166069428523875,0.8274412429938914,0.4604614406315449,0.999304578514672,0.3242462963193558,6.058011608139842e-06,0.01708984375,0.63232421875,True,True,True,False,True,False,True,True,True,True,True,True
qpeexact_6_Mutant_Replace_id_P26_Q4_[].qasm,Quratest_2,0.0,0.0,0.222079337820389,0.817200584108326,0.215948340000615,0.7241168676287899,0.3744919996873524,0.9352857924991476,0.0724051012589649,0.0350935581854837,0.009765625,0.6650390625,True,True,True,False,True,False,True,True,True,False,True,True
qpeexact_6_Mutant_Replace_id_P26_Q4_[].qasm,PureState_3,0.0,0.0,0.2030052452054804,0.9076433084056156,0.1978960588872915,0.7880928019506962,0.2309698831278216,0.9946457272896084,0.0091529130879218,0.0004591715387952,0.33056640625,0.982421875,True,True,True,False,True,False,True,True,True,True,True,True
qpeexact_6_Mutant_Replace_id_P26_Q4_[].qasm,Quratest_3,0.0,0.0,0.3917301755775788,0.9058413364129996,0.3793508922770097,0.7823377553450023,0.4812574456128084,0.9761154743713468,0.015552294712611,0.002903689517316,0.33154296875,0.5068359375,True,True,True,False,True,False,True,True,True,True,True,False
qpeexact_6_Mutant_Replace_id_P26_Q4_[].qasm,PureState_4,0.0,0.0,0.382345953233682,0.8534568263901692,0.3672249734351299,0.7614426469328017,0.4223115993103665,0.9811894026025184,0.3109296083845638,0.002128059540252,0.0751953125,0.70458984375,True,True,True,False,True,False,True,True,True,True,True,True
qpeexact_6_Mutant_Replace_id_P26_Q4_[].qasm,Quratest_4,0.0,0.0,0.5024093177057412,0.9021242289691428,0.4521153106314622,0.7823373190427415,0.5019981241584726,0.9738930211774904,0.4826347570406853,0.0018821526269292,0.01123046875,0.63671875,True,True,True,False,True,False,True,True,True,True,True,True
qpeexact_6_Mutant_Replace_id_P26_Q4_[].qasm,PureState_5,0.0,0.0,0.4489475242393731,0.9476959145158794,0.4153880668466653,0.8094915344208818,0.4604614406315451,0.9993045785146724,0.3242462963193553,0.000276441047814,0.02099609375,0.67041015625,True,True,True,False,True,False,True,True,True,True,True,True
qpeexact_6_Mutant_Replace_id_P26_Q4_[].qasm,Quratest_5,0.0,0.0,0.2620438904266213,0.8577974968787991,0.2547627169708825,0.759483868127664,0.3300657542530939,0.9559984192952258,0.002982458655476,0.0130965943454811,0.04638671875,0.68115234375,True,True,True,False,True,False,True,True,True,True,True,True
qpeexact_6_Mutant_Replace_id_P26_Q4_[].qasm,PureState_6,0.0,0.0,0.240074476383017,0.9938591875885872,0.2362168031408107,0.8305531407616822,0.28992295458108,0.9997800865308024,3.953393022528968e-16,5.447196530975175e-06,0.5029296875,1.16796875,True,True,True,False,True,False,True,True,True,True,True,True
qpeexact_6_Mutant_Replace_id_P26_Q4_[].qasm,Quratest_6,0.0,0.0,0.3752888495660469,0.6162074285474256,0.3492765234917916,0.5448963939313635,0.4696642350524945,0.6626911404235527,0.003616821225328,0.2752762239852163,0.2529296875,0.4013671875,True,True,True,False,True,False,True,False,True,False,True,False
qpeexact_6_Mutant_Replace_id_P26_Q4_[].qasm,PureState_7,0.0,0.0,0.2376612681525773,0.9938608438095728,0.2334960540799038,0.830363829719095,0.28992295458108,0.9997800865308022,3.656681420209743e-16,5.425522161140266e-06,0.5029296875,1.16796875,True,True,True,False,True,False,True,True,True,True,True,True
qpeexact_6_Mutant_Replace_id_P26_Q4_[].qasm,Quratest_7,0.0,0.0,0.2323133580650528,0.9138029453528432,0.2281235457980844,0.7892411145713931,0.2799415472100912,0.9886980329901636,0.0028113535253226,0.0004530937434498,0.0048828125,0.64599609375,True,True,True,False,True,False,True,True,True,True,True,True
qpeexact_6_Mutant_Replace_id_P26_Q4_[].qasm,PureState_8,0.0,0.0,0.1467311124715653,0.9923163752958496,0.1398816707919573,0.8298916126297735,0.1429385042786602,0.9998217839584304,0.0005076006493642,1.0371157069998002e-06,0.16064453125,0.45361328125,True,True,True,False,True,False,True,True,True,True,True,False
qpeexact_6_Mutant_Replace_id_P26_Q4_[].qasm,Quratest_8,0.0,0.0,0.16656667920099,0.927591086514324,0.1648066852898237,0.7931563517959163,0.1863838772508421,0.9795182009652204,0.0250512017840095,0.0004659735070765,0.1552734375,0.578125,True,True,True,False,True,False,True,True,True,True,True,False
qpeexact_6_Mutant_Replace_id_P26_Q4_[].qasm,PureState_9,0.0,0.0,0.3763325003729016,0.9524598000616364,0.3610757040484278,0.8093892247972586,0.4223115993103664,0.993980327834236,3.9946943652078367e-16,0.0024129955706281,0.0146484375,0.625,True,True,True,False,True,False,True,True,True,True,True,True
qpeexact_6_Mutant_Replace_id_P26_Q4_[].qasm,Quratest_9,0.0,0.0,0.2733806018630295,0.8467613761447151,0.2653757563924467,0.7486473495084371,0.2662689637222174,0.9622641299591904,0.0150502832092605,0.0034285032529428,0.34765625,0.84521484375,True,True,True,False,True,False,True,True,True,True,True,True
qpeexact_6_Mutant_Replace_id_P26_Q4_[].qasm,PureState_10,0.0,0.0,0.2770086549894271,0.9543547620181696,0.2739218020498298,0.8116036095375853,0.3535533905932736,0.9940209969767128,3.961824419414914e-16,0.0025097272181807,0.71630859375,1.33740234375,True,True,True,False,True,False,True,True,True,True,True,True
qpeexact_6_Mutant_Replace_id_P26_Q4_[].qasm,Quratest_10,0.0,0.0,0.2159730836088169,0.8133051774345814,0.2101436790758254,0.7313850630229877,0.3173039515544062,0.9519464265395774,0.0267567274828084,0.0104050964372009,0.0908203125,0.5322265625,True,True,True,False,True,False,True,True,True,True,True,False
qpeexact_6_Mutant_Replace_id_P26_Q4_[].qasm,PureState_11,0.0,0.0,0.2404475069100691,0.9876817242048622,0.2364991812960209,0.828447861171449,0.28992295458108,0.9970910946110938,4.078180253273598e-16,3.193443255110574e-05,0.515625,0.1494140625,True,True,True,False,True,False,True,True,True,True,True,False
qpeexact_6_Mutant_Replace_id_P26_Q4_[].qasm,Quratest_11,0.0,0.0,0.3317722767910924,0.9068383245582454,0.3231249717918554,0.7865000660842449,0.4076330290313806,0.9804335202859956,0.0523140658269086,0.0009226703178466,0.07080078125,0.5810546875,True,True,True,False,True,False,True,True,True,True,True,False
qpeexact_6_Mutant_Replace_id_P26_Q4_[].qasm,PureState_12,0.7039444617269945,0.0,0.001343503819671,0.9949939740827594,0.0013435036175951,0.8320246488223718,2.775557561562892e-17,0.999995364974281,3.7382637686180523e-16,2.317560883400038e-06,0.0,0.62939453125,False,True,False,False,False,False,False,True,True,True,False,True
qpeexact_6_Mutant_Replace_id_P26_Q4_[].qasm,Quratest_12,0.0,0.0,0.3406530249723926,0.8867017116429379,0.3297285219341255,0.7761665225692757,0.3753871604689031,0.9681124779541752,0.14177212381298,0.0062468372202866,0.3466796875,1.041015625,True,True,True,False,True,False,True,True,True,True,True,True
qpeexact_6_Mutant_Replace_id_P26_Q4_[].qasm,PureState_13,0.0,0.0,0.2860812616670586,0.998181756783344,0.2826401461013766,0.8321460929020589,0.3535533905932736,0.9999953334468644,3.989388990464528e-16,3.702421307109291e-07,0.7080078125,0.0869140625,True,True,True,False,True,False,True,True,True,True,True,False
qpeexact_6_Mutant_Replace_id_P26_Q4_[].qasm,Quratest_13,0.0,0.0,0.3283249127524054,0.9546303739243102,0.3180187811673112,0.8120422141332255,0.3890771014343039,0.9884484815931076,0.1456481790600707,0.0002497069638292,0.3720703125,0.50439453125,True,True,True,False,True,False,True,True,True,True,True,False
qpeexact_6_Mutant_Replace_id_P26_Q4_[].qasm,PureState_14,0.0,0.0,0.209486749550036,0.9859587613219998,0.202892182530699,0.8283141204065444,0.2309698831278215,0.9970609109254308,3.9640324678945084e-16,3.932122416720974e-05,0.02001953125,0.66162109375,True,True,True,False,True,False,True,True,True,True,True,True
qpeexact_6_Mutant_Replace_id_P26_Q4_[].qasm,Quratest_14,0.0,0.0,0.1671709914081676,0.8535648391330548,0.1640293480452982,0.7501620793083493,0.2194908820916995,0.961234970494002,0.1072389732825995,0.002815130810194,0.0009765625,0.55908203125,True,True,True,False,True,False,True,True,True,True,True,False
qpeexact_6_Mutant_Replace_id_P26_Q4_[].qasm,PureState_15,0.0,0.0,0.3355458746399586,0.9924739888445058,0.3229674613748627,0.8296900633965969,0.3881348243794677,0.999130153323854,4.1338740357400722e-16,1.1435677141542194e-05,0.5048828125,1.14892578125,True,True,True,False,True,False,True,True,True,True,True,True
qpeexact_6_Mutant_Replace_id_P26_Q4_[].qasm,Quratest_15,0.0,0.0,0.1738017133157648,0.9799923633068834,0.1715595389309273,0.8219119895655521,0.2636175269585573,0.9932207760614268,0.1612480926811118,8.614776873323195e-05,0.27880859375,0.84912109375,True,True,True,False,True,False,True,True,True,True,True,True
qpeexact_6_Mutant_Replace_id_P26_Q4_[].qasm,PureState_16,0.0,0.0,0.1558952897908298,0.9856874524587383,0.1506686978179557,0.823982500279114,0.1429385042786601,0.9939393820619828,3.255431857899511e-16,0.0001042098097318,0.08544921875,0.72900390625,True,True,True,False,True,False,True,True,True,True,True,True
qpeexact_6_Mutant_Replace_id_P26_Q4_[].qasm,Quratest_16,0.0,0.0,0.2748238528050116,0.8841450477482499,0.2667507260883991,0.7669210552127792,0.3893782344800067,0.9689267352445858,0.0004313254178202,0.0021421339320816,0.08544921875,0.5498046875,True,True,True,False,True,False,True,True,True,True,True,False
qpeexact_6_Mutant_Replace_id_P26_Q4_[].qasm,PureState_17,0.0,0.0,0.5405427506058558,0.987676618419292,0.4639101003770659,0.8310364109394458,0.4999999999999998,0.9999918382985092,0.5000000000000085,8.161791565867508e-06,0.9873046875,1.64208984375,True,True,True,False,True,False,True,True,True,True,True,True
qpeexact_6_Mutant_Replace_id_P26_Q4_[].qasm,Quratest_17,0.0,0.0,0.2301641328950234,0.8366632983830596,0.2258228006705067,0.7464383535811574,0.3038409464994986,0.9621880058780724,0.2312476660390215,0.0059187969696262,0.107421875,0.66845703125,True,True,True,False,True,False,True,True,True,True,True,True
qpeexact_6_Mutant_Replace_id_P26_Q4_[].qasm,PureState_18,0.0,0.0,0.3377458818159417,0.9732511795833476,0.3251957902125686,0.8170304982988212,0.3881348243794676,0.999304578514672,0.0095449197801098,4.8437040815994394e-05,0.025390625,0.6298828125,True,True,True,False,True,False,True,True,True,True,True,True
qpeexact_6_Mutant_Replace_id_P26_Q4_[].qasm,Quratest_18,0.0,0.0,0.1680570982808037,0.9235928717364752,0.1665450142275429,0.7971382994314778,0.2281118719613942,0.9844151902964724,0.0522396637396952,0.0006640639758217,0.1240234375,0.396484375,True,True,True,False,True,False,True,True,True,True,True,False
qpeexact_6_Mutant_Replace_id_P26_Q4_[].qasm,PureState_19,0.0,0.0,0.376313464418253,0.9828539458992804,0.3610434183796233,0.8243556632537339,0.4223115993103664,0.993980327834236,3.9414803124395616e-16,0.0001273478343437,0.015625,0.6240234375,True,True,True,False,True,False,True,True,True,True,True,True
qpeexact_6_Mutant_Replace_id_P26_Q4_[].qasm,Quratest_19,0.0,0.0,0.4423135092382838,0.895228896442821,0.4260288861593919,0.7811212178257374,0.5254665236621494,0.9712294484124968,0.275224519652131,0.0068076912680921,0.314453125,0.47265625,True,True,True,False,True,False,True,True,True,True,True,False
qpeexact_6_Mutant_Replace_id_P26_Q4_[].qasm,PureState_20,0.0,0.0,0.1591888338766796,0.9815758068608404,0.1518225049859718,0.8234283463034021,0.14293850427866,0.9939393820619828,4.273802136851097e-16,0.0001039855740136,0.08544921875,0.72900390625,True,True,True,False,True,False,True,True,True,True,True,True
qpeexact_6_Mutant_Replace_id_P26_Q4_[].qasm,Quratest_20,0.0,0.0,0.3286785512780136,0.8086619690739708,0.3150695936882416,0.7225346037596068,0.3624455769256688,0.9324087723739204,0.002431228285788,0.044066902596295,0.16943359375,0.796875,True,True,True,False,True,False,True,True,True,False,True,True
qpeexact_6_Mutant_Replace_id_P26_Q4_[].qasm,PureState_21,0.0,0.0,0.4506101242788211,0.9514149337367204,0.4178253394850165,0.8080096575921388,0.4604614406315448,0.9939393820619832,3.9461854971190292e-16,0.0023878661271186,0.71044921875,1.32275390625,True,True,True,False,True,False,True,True,True,True,True,True
qpeexact_6_Mutant_Replace_id_P26_Q4_[].qasm,Quratest_21,0.0,0.0,0.2584868631089378,0.8360119303077913,0.2541826983278027,0.745332115716585,0.3559653141809765,0.9541962709335968,0.016051980628142,0.0050952873295887,0.16552734375,0.677734375,True,True,True,False,True,False,True,True,True,True,True,True
qpeexact_6_Mutant_Replace_id_P26_Q4_[].qasm,PureState_22,0.0,0.0,0.2023959083333754,0.7938918995252955,0.1970341990718715,0.715633564288017,0.2309698831278215,0.9269962147713336,0.0091529130879218,0.0071987281461246,0.32958984375,0.322265625,True,True,True,False,True,False,True,True,True,True,True,False
qpeexact_6_Mutant_Replace_id_P26_Q4_[].qasm,Quratest_22,0.0,0.0,0.4562285649420199,0.860006398163745,0.428395946803693,0.7586764817294965,0.4791253703674097,0.9764538483505923,0.2627703515441605,0.0048140779559677,0.44140625,0.76318359375,True,True,True,False,True,False,True,True,True,True,True,True
qpeexact_6_Mutant_Replace_id_P26_Q4_[].qasm,PureState_23,0.0,0.0,0.451562542186772,0.9876210181161496,0.4184519804916807,0.8276148674878512,0.460461440631545,0.9958627184453184,3.95457326509684e-16,5.274270326967648e-05,0.68994140625,0.07763671875,True,True,True,False,True,False,True,True,True,True,True,False
qpeexact_6_Mutant_Replace_id_P26_Q4_[].qasm,Quratest_23,0.0,0.0,0.2393357270800714,0.8145925735170566,0.2358845221509107,0.7250808559169997,0.3407935262785733,0.9281393496713806,0.0436200632717217,0.0393379620012939,0.10693359375,0.546875,True,True,True,False,True,False,True,True,True,False,True,False
qpeexact_6_Mutant_Replace_id_P26_Q4_[].qasm,PureState_24,0.0,0.0,0.278701274437735,0.998053884106943,0.2755390083393559,0.8321379446832969,0.3535533905932736,0.9999953334468644,3.6256934244240183e-16,3.744791329991342e-07,0.7080078125,0.0869140625,True,True,True,False,True,False,True,True,True,True,True,False
qpeexact_6_Mutant_Replace_id_P26_Q4_[].qasm,Quratest_24,0.0,0.0,0.3313845335036026,0.8506758914295903,0.3214171837384099,0.7572167069916386,0.3797569110780895,0.9678348376368208,0.2127702856596177,0.0037016603948858,0.0380859375,0.541015625,True,True,True,False,True,False,True,True,True,True,True,False
qpeexact_6_Mutant_Replace_id_P26_Q4_[].qasm,PureState_25,0.0,0.0,0.4469210159163534,0.9881340933467792,0.4134490776787139,0.8282886337107662,0.460461440631545,0.9993045785146722,0.324246296319356,6.05678136468441e-06,0.01708984375,0.63232421875,True,True,True,False,True,False,True,True,True,True,True,True
qpeexact_6_Mutant_Replace_id_P26_Q4_[].qasm,Quratest_25,0.0,0.0,0.3798525669548588,0.964309244163686,0.362810108611388,0.8162269687764726,0.3951225160142216,0.9922645296838066,0.5010933426268278,9.023083487058131e-05,0.306640625,0.541015625,True,True,True,False,True,False,True,True,True,True,True,False
qpeexact_6_Mutant_Replace_id_P26_Q4_[].qasm,PureState_26,0.0,0.0,0.1467121318987947,0.987297781347426,0.1392835994222611,0.8245789247775639,0.1429385042786601,0.999304578514672,0.0005076006493642,1.1999737174588575e-05,0.18505859375,0.79931640625,True,True,True,False,True,False,True,True,True,True,True,True
qpeexact_6_Mutant_Replace_id_P26_Q4_[].qasm,Quratest_26,0.0,0.0,0.2070705515763469,0.9665755089096698,0.2043722561353338,0.8167501033573303,0.2170318668005162,0.995680318528633,0.4529487646284845,5.8350844656573744e-05,0.01318359375,0.7998046875,True,True,True,False,True,False,True,True,True,True,True,True
qpeexact_6_Mutant_Replace_id_P26_Q4_[].qasm,PureState_27,0.0,0.0,0.3916502918983869,0.5036965539003275,0.3743430073967777,0.4644660325033827,0.4223115993103666,0.8984528369005411,0.3109296083845633,0.0409273565687772,0.07470703125,0.5546875,True,True,True,False,True,False,True,False,True,False,True,False
qpeexact_6_Mutant_Replace_id_P26_Q4_[].qasm,Quratest_27,0.0,0.0,0.3340649542110482,0.6290408357277877,0.3215475704347266,0.5663902800013968,0.3022712568633071,0.8967103079920613,0.3415860944040033,0.0208574576991648,0.158203125,0.64794921875,True,True,True,False,True,False,True,False,True,False,True,True
qpeexact_6_Mutant_Replace_id_P26_Q4_[].qasm,PureState_28,0.0,0.0,0.3951374060886535,0.9815885275498976,0.3781548043101939,0.8237977769384334,0.4223115993103664,0.993980327834236,3.966774467274712e-16,0.0001268814502864,0.015625,0.6240234375,True,True,True,False,True,False,True,True,True,True,True,True
qpeexact_6_Mutant_Replace_id_P26_Q4_[].qasm,Quratest_28,0.0,0.0,0.3671801990746887,0.8908330645281972,0.3531902984357196,0.7758183217679021,0.4424391124769262,0.9611003453089352,0.0876040633078752,0.0022784089998198,0.267578125,0.5458984375,True,True,True,False,True,False,True,True,True,True,True,False
qpeexact_6_Mutant_Replace_id_P26_Q4_[].qasm,PureState_29,0.0,0.0,0.5387780118405352,0.2172892304827752,0.4623133893688592,0.1818474017967809,0.4999999999999999,0.1373883578086854,0.5000000000000075,0.8626116601332123,1.0126953125,0.35791015625,True,True,True,False,True,False,True,False,True,False,True,False
qpeexact_6_Mutant_Replace_id_P26_Q4_[].qasm,Quratest_29,0.0,0.0,0.3470970503870851,0.8487864314186897,0.3387800447984682,0.7478404911102278,0.4074817140802229,0.97406067536134,0.000298362668016,0.0022437884205412,0.28515625,0.4755859375,True,True,True,False,True,False,True,True,True,True,True,False
qpeexact_6_Mutant_Replace_id_P26_Q4_[].qasm,PureState_30,0.0,0.0,0.2736462978130888,0.9711484089794282,0.2706073601323895,0.8180857119740262,0.3535533905932736,0.9940209969767128,3.8407309570952406e-16,0.0004743470786835,0.7080078125,0.0869140625,True,True,True,False,True,False,True,True,True,True,True,False
qpeexact_6_Mutant_Replace_id_P26_Q4_[].qasm,Quratest_30,0.0,0.0,0.4005173704289461,0.6441830145979413,0.380707012611842,0.5881408719087049,0.435487811938843,0.7721434917968609,0.4953785428020061,0.1718150702380356,0.39599609375,0.6962890625,True,True,True,False,True,False,True,False,True,False,True,True
qpeexact_6_Mutant_Replace_id_P26_Q4_[].qasm,PureState_31,0.0,0.0,0.2789605038715247,0.9517999049771524,0.2757908020085866,0.8088175929739202,0.3535533905932736,0.9940209969767122,3.7555158595059713e-16,0.0025151557215067,0.71630859375,1.33740234375,True,True,True,False,True,False,True,True,True,True,True,True
qpeexact_6_Mutant_Replace_id_P26_Q4_[].qasm,Quratest_31,0.0,0.0,0.27086891332869,0.9139270076848988,0.2626002385054617,0.7857006122094897,0.363426877726308,0.9726268208993936,0.0774741268413809,0.0023691658196029,0.2978515625,0.3515625,True,True,True,False,True,False,True,True,True,True,True,False
qpeexact_6_Mutant_Replace_rxx_P16_Q2_[3.9269908169872414].qasm,PureState_0,0.0,0.0,0.7855970940210083,0.5026077811759287,0.688459282689071,0.4642994557706982,0.8535533905932736,0.8984528369005411,0.1464466094067309,0.0412841772959295,0.05810546875,0.560546875,True,True,True,False,True,False,True,False,True,False,True,False
qpeexact_6_Mutant_Replace_rxx_P16_Q2_[3.9269908169872414].qasm,Quratest_0,0.0,0.0,0.7044120199293299,0.8063209025465882,0.649944153506468,0.7364062589605327,0.8167540007727211,0.9658296303129532,0.1358834110362333,0.0039965067258822,0.69482421875,0.26708984375,True,True,True,False,True,False,True,True,True,True,True,False
qpeexact_6_Mutant_Replace_rxx_P16_Q2_[3.9269908169872414].qasm,PureState_1,0.0,0.0,0.2858331614506557,0.9927408113407128,0.2824676681182846,0.8295017658699141,0.3535533905932738,0.9993046878843496,0.1357233047033676,9.186005078433104e-07,0.55908203125,0.625,True,True,True,False,True,False,True,True,True,True,True,True
qpeexact_6_Mutant_Replace_rxx_P16_Q2_[3.9269908169872414].qasm,Quratest_1,0.0,0.0,0.3942349234999588,0.795336721940798,0.3771827228531056,0.714909838620364,0.441633361403944,0.9346534963338607,0.0681573334538711,0.0201410339110522,0.0732421875,0.8740234375,True,True,True,False,True,False,True,True,True,False,True,True
qpeexact_6_Mutant_Replace_rxx_P16_Q2_[3.9269908169872414].qasm,PureState_2,0.0,0.0,0.2789560176868377,0.989065614736812,0.2757480920828794,0.828103810411521,0.3535533905932734,0.999304578514672,0.1357233047033679,4.612078220217704e-06,0.666015625,0.63818359375,True,True,True,False,True,False,True,True,True,True,True,True
qpeexact_6_Mutant_Replace_rxx_P16_Q2_[3.9269908169872414].qasm,Quratest_2,0.0,0.0,0.2496262472198886,0.8201630122836729,0.2453219154125232,0.7267114435653327,0.330044775839342,0.9358433433430768,0.1014542967719197,0.0352485328350706,0.0810546875,0.6708984375,True,True,True,False,True,False,True,True,True,False,True,True
qpeexact_6_Mutant_Replace_rxx_P16_Q2_[3.9269908169872414].qasm,PureState_3,0.0,0.0,0.7831161600551366,0.9132415630995112,0.6862540709818182,0.7927197670045742,0.8535533905932735,0.9951687180558688,0.1464466094067309,0.0004231288004817,0.61181640625,0.98828125,True,True,True,False,True,False,True,True,True,True,True,True
qpeexact_6_Mutant_Replace_rxx_P16_Q2_[3.9269908169872414].qasm,Quratest_3,0.0,0.0,0.4349394064774414,0.9088475991548466,0.4249971329423474,0.7842157463917918,0.6690773070184652,0.976700470473109,0.108184029399117,0.0028938594843718,0.048828125,0.5126953125,True,True,True,False,True,False,True,True,True,True,True,False
qpeexact_6_Mutant_Replace_rxx_P16_Q2_[3.9269908169872414].qasm,PureState_4,0.0,0.0,0.7867793922404781,0.8606962563289331,0.6895319062769899,0.7681989495954457,0.8535533905932735,0.981712393368779,0.1464466094067311,0.0019204983906613,0.0869140625,0.71044921875,True,True,True,False,True,False,True,True,True,True,True,True
qpeexact_6_Mutant_Replace_rxx_P16_Q2_[3.9269908169872414].qasm,Quratest_4,8.364141269766575e-171,0.0,0.1087725957882799,0.9005278162203473,0.1085772120501002,0.7809024456657185,0.4930113660600588,0.9745090199768858,0.1395256508036415,0.0018756964009356,0.00927734375,0.642578125,True,True,False,False,False,False,True,True,True,True,True,True
qpeexact_6_Mutant_Replace_rxx_P16_Q2_[3.9269908169872414].qasm,PureState_5,0.0,0.0,0.2784642212044506,0.9467218981117635,0.2753193059444954,0.8079853958140342,0.3535533905932735,0.999304578514672,0.1357233047033677,0.0002778874698897,0.6552734375,0.67626953125,True,True,True,False,True,False,True,True,True,True,True,True
qpeexact_6_Mutant_Replace_rxx_P16_Q2_[3.9269908169872414].qasm,Quratest_5,0.0,0.0,0.5312433969497161,0.8657053403810457,0.5046657242472897,0.7622452738091019,0.7097260994732081,0.956559527492736,0.0969637566852748,0.0131492564488147,0.04296875,0.68701171875,True,True,True,False,True,False,True,True,True,True,True,True
qpeexact_6_Mutant_Replace_rxx_P16_Q2_[3.9269908169872414].qasm,PureState_6,0.0,0.0,0.5866209362144431,0.9949366784715712,0.5593561548542147,0.8312286615368826,0.7071067811865474,0.9998110891985454,0.0107233047033647,5.305763429374816e-06,0.63134765625,1.173828125,True,True,True,False,True,False,True,True,True,True,True,True
qpeexact_6_Mutant_Replace_rxx_P16_Q2_[3.9269908169872414].qasm,Quratest_6,0.0,0.0,0.5172951250653158,0.6137750518548526,0.4941035096286471,0.5461414748554759,0.6422580088151407,0.6631331015514835,0.099230351747109,0.2767292622067433,0.62744140625,0.4072265625,True,True,True,False,True,False,True,False,True,False,True,False
qpeexact_6_Mutant_Replace_rxx_P16_Q2_[3.9269908169872414].qasm,PureState_7,0.0,0.0,0.2777737533352872,0.9930199796657386,0.2746383162071293,0.8304818549855179,0.3535533905932736,0.9998110891985454,0.3857233047033705,5.285054733189101e-06,0.01318359375,1.173828125,True,True,True,False,True,False,True,True,True,True,True,True
qpeexact_6_Mutant_Replace_rxx_P16_Q2_[3.9269908169872414].qasm,Quratest_7,0.0,0.0,0.3852908881888018,0.9215538773354826,0.3663700946086865,0.7931869833922812,0.4267289116666444,0.9892623889795172,0.1128216384634879,0.0004184941026327,0.09765625,0.65185546875,True,True,True,False,True,False,True,True,True,True,True,True
qpeexact_6_Mutant_Replace_rxx_P16_Q2_[3.9269908169872414].qasm,PureState_8,0.0,0.0,0.2804176728284911,0.9926720354323028,0.2772156905542678,0.8301584688962165,0.3535533905932735,0.999825341338465,0.1357233047033679,9.784571443537707e-07,0.11328125,0.45947265625,True,True,True,False,True,False,True,True,True,True,True,False
qpeexact_6_Mutant_Replace_rxx_P16_Q2_[3.9269908169872414].qasm,Quratest_8,0.0,0.0,0.2494215826073252,0.9256188818972964,0.2448468369447424,0.7927319062734804,0.4708741597138483,0.9800780927444938,0.0842898540043347,0.0004602136812967,0.07958984375,0.583984375,True,True,True,False,True,False,True,True,True,True,True,False
qpeexact_6_Mutant_Replace_rxx_P16_Q2_[3.9269908169872414].qasm,PureState_9,0.0,0.0,0.8544415132882972,0.9553380945449658,0.7214628367789961,0.8103930158968142,0.8535533905932734,0.993980327834236,0.0732233047033668,0.0024252216545552,0.50439453125,0.630859375,True,True,True,False,True,False,True,True,True,True,True,True
qpeexact_6_Mutant_Replace_rxx_P16_Q2_[3.9269908169872414].qasm,Quratest_9,0.0,0.0,0.6241088595858202,0.8529195818060706,0.5887968109833549,0.7497310297329924,0.7223476940542649,0.9627906781054864,0.1100159323083253,0.0034474111874087,0.3505859375,0.85107421875,True,True,True,False,True,False,True,True,True,True,True,True
qpeexact_6_Mutant_Replace_rxx_P16_Q2_[3.9269908169872414].qasm,PureState_10,0.0,0.0,0.7914976664724733,0.9516226659300642,0.6937576890302822,0.8100784550082487,0.8535533905932735,0.9940209969767126,0.1464466094067312,0.0025206137156932,1.330078125,1.34326171875,True,True,True,False,True,False,True,True,True,True,True,True
qpeexact_6_Mutant_Replace_rxx_P16_Q2_[3.9269908169872414].qasm,Quratest_10,0.0,0.0,0.4926883271469661,0.8146297995467144,0.4676056645537848,0.7330034238854102,0.5380244758256376,0.9554030226227213,0.0371955517651015,0.0103590582596047,0.537109375,0.5380859375,True,True,True,False,True,False,True,True,True,True,True,False
qpeexact_6_Mutant_Replace_rxx_P16_Q2_[3.9269908169872414].qasm,PureState_11,0.0,0.0,0.5951530086654676,0.9871571869509046,0.5654734993138641,0.8283240678956834,0.7071067811865475,0.9970910946110938,0.0107233047033647,3.2076329532304855e-05,0.58544921875,0.1552734375,True,True,True,False,True,False,True,True,True,True,True,False
qpeexact_6_Mutant_Replace_rxx_P16_Q2_[3.9269908169872414].qasm,Quratest_11,0.0,0.0,0.3102677242757657,0.9106554929945256,0.2995894471592035,0.7895052444539747,0.3494481633500883,0.9810372167155867,0.1556623392864603,0.0008667176228708,0.00390625,0.5869140625,True,True,True,False,True,False,True,True,True,True,True,False
qpeexact_6_Mutant_Replace_rxx_P16_Q2_[3.9269908169872414].qasm,PureState_12,0.0,0.0,0.8604601645607091,0.993865425161768,0.7532906931873989,0.8317960920947831,0.9267766952966364,0.9999953649742808,0.0732233047033666,2.3175595700595288e-06,0.20458984375,0.63525390625,True,True,True,False,True,False,True,True,True,True,True,True
qpeexact_6_Mutant_Replace_rxx_P16_Q2_[3.9269908169872414].qasm,Quratest_12,0.0,0.0,0.525628942465084,0.8833694722017104,0.5044811616060406,0.7738353824058694,0.6745424027185745,0.968178040699595,0.0829433339448369,0.0062657389731724,0.55859375,1.046875,True,True,True,False,True,False,True,True,True,True,True,True
qpeexact_6_Mutant_Replace_rxx_P16_Q2_[3.9269908169872414].qasm,PureState_13,0.0,0.0,0.8507662312731469,0.99742764497909,0.7452707844801398,0.8318205254892592,0.9267766952966364,0.999995333446864,0.0732233047033667,3.617445514882179e-07,0.810546875,0.0810546875,True,True,True,False,True,False,True,True,True,True,True,False
qpeexact_6_Mutant_Replace_rxx_P16_Q2_[3.9269908169872414].qasm,Quratest_13,0.0,0.0,0.2789966457915769,0.9541019409008752,0.2751800684706081,0.8117441376949766,0.3958269118135697,0.9884865990542409,0.1188227800036015,0.0002508206367781,0.04638671875,0.51025390625,True,True,True,False,True,False,True,True,True,True,True,False
qpeexact_6_Mutant_Replace_rxx_P16_Q2_[3.9269908169872414].qasm,PureState_14,0.0,0.0,0.8570885178263583,0.9908067484085736,0.7239883940332712,0.8288212293400681,0.8535533905932734,0.9970919135931816,0.0732233047033667,3.7212570421920285e-05,0.57470703125,0.66748046875,True,True,True,False,True,False,True,True,True,True,True,True
qpeexact_6_Mutant_Replace_rxx_P16_Q2_[3.9269908169872414].qasm,Quratest_14,0.0,0.0,0.5265710240469343,0.852362485222533,0.4970630418665444,0.7487697435169586,0.7361403473909821,0.9618199665957564,0.0602877942198804,0.0028073364195834,0.00390625,0.56494140625,True,True,True,False,True,False,True,True,True,True,True,False
qpeexact_6_Mutant_Replace_rxx_P16_Q2_[3.9269908169872414].qasm,PureState_15,0.0,0.0,0.2821879199757623,0.9924915686886427,0.278660384067216,0.8297366718552935,0.3535533905932736,0.999161155991597,0.3857233047033705,9.227495978640946e-06,0.00341796875,1.15478515625,True,True,True,False,True,False,True,True,True,True,True,True
qpeexact_6_Mutant_Replace_rxx_P16_Q2_[3.9269908169872414].qasm,Quratest_15,0.0,0.0,0.2915393021657886,0.979508997376853,0.2853829197216245,0.8216342118902594,0.3894291253792466,0.993224594150632,0.0866537790182408,8.563441044602289e-05,0.017578125,0.85498046875,True,True,True,False,True,False,True,True,True,True,True,True
qpeexact_6_Mutant_Replace_rxx_P16_Q2_[3.9269908169872414].qasm,PureState_16,0.0,0.0,0.2741135107449194,0.9823261062249192,0.2710203148559647,0.8223923658490404,0.3535533905932738,0.9939393820619828,0.3857233047033708,0.0001046994739832,0.0283203125,0.73486328125,True,True,True,False,True,False,True,True,True,True,True,True
qpeexact_6_Mutant_Replace_rxx_P16_Q2_[3.9269908169872414].qasm,Quratest_16,0.0,0.0,0.2878652600238848,0.8862169126628285,0.2748848932989482,0.767614656794811,0.3610657574800219,0.9694842860885152,0.3404921353580852,0.0020960421881236,0.11279296875,0.5556640625,True,True,True,False,True,False,True,True,True,True,True,False
qpeexact_6_Mutant_Replace_rxx_P16_Q2_[3.9269908169872414].qasm,PureState_17,0.0,0.0,0.8571289382418308,0.9899494936611664,0.7505536966543039,0.8314940356750048,0.9267766952966364,0.9999953956785445,0.0732233047033666,4.604387283200954e-06,0.91845703125,1.64794921875,True,True,True,False,True,False,True,True,True,True,True,True
qpeexact_6_Mutant_Replace_rxx_P16_Q2_[3.9269908169872414].qasm,Quratest_17,0.0,0.0,0.4495247854270918,0.8418979848877536,0.4340641836637156,0.7490211453028758,0.6414342918964303,0.9627185573618018,0.148647275103941,0.0058315856822483,0.0126953125,0.67431640625,True,True,True,False,True,False,True,True,True,True,True,True
qpeexact_6_Mutant_Replace_rxx_P16_Q2_[3.9269908169872414].qasm,PureState_18,0.0,0.0,0.27249260587,0.9776649155543152,0.269586193082156,0.8187333376280259,0.3535533905932737,0.999304578514672,0.1357233047033678,4.868978094522892e-05,0.56689453125,0.6357421875,True,True,True,False,True,False,True,True,True,True,True,True
qpeexact_6_Mutant_Replace_rxx_P16_Q2_[3.9269908169872414].qasm,Quratest_18,0.0,0.0,0.5600323733717854,0.9226958096097532,0.5197907522904607,0.7969141021709067,0.64886448697497,0.9845081982997168,0.1010892928858231,0.000666121115011,0.32275390625,0.40234375,True,True,True,False,True,False,True,True,True,True,True,False
qpeexact_6_Mutant_Replace_rxx_P16_Q2_[3.9269908169872414].qasm,PureState_19,0.0,0.0,0.8535638339934546,0.981798171708941,0.7203258322491706,0.8237263679680565,0.8535533905932733,0.9939803278342356,0.0732233047033666,0.000115123591168,0.474609375,0.6298828125,True,True,True,False,True,False,True,True,True,True,True,True
qpeexact_6_Mutant_Replace_rxx_P16_Q2_[3.9269908169872414].qasm,Quratest_19,0.0,0.0,0.357227542874864,0.9032045530245584,0.3464456529390705,0.786222808455627,0.4019150825522831,0.9758564478798946,0.1632120975180701,0.0067529068049656,0.1474609375,0.478515625,True,True,True,False,True,False,True,True,True,True,True,False
qpeexact_6_Mutant_Replace_rxx_P16_Q2_[3.9269908169872414].qasm,PureState_20,0.0,0.0,0.5878525308383833,0.9840660187595052,0.5602557566206525,0.8236104579000999,0.7071067811865475,0.9939393820619828,0.0107233047033647,0.0001044740005052,0.60302734375,0.73486328125,True,True,True,False,True,False,True,True,True,True,True,True
qpeexact_6_Mutant_Replace_rxx_P16_Q2_[3.9269908169872414].qasm,Quratest_20,0.0,0.0,0.2419976076710865,0.8098492636453205,0.2393605283942611,0.7237278079531321,0.277376879198929,0.932423423657611,0.3029519559890424,0.0442942111835568,0.29736328125,0.802734375,True,True,True,False,True,False,True,True,True,False,True,True
qpeexact_6_Mutant_Replace_rxx_P16_Q2_[3.9269908169872414].qasm,PureState_21,0.0,0.0,0.273237270617724,0.9526877783314428,0.270242888790226,0.8086209739164789,0.3535533905932737,0.9939393820619832,0.3857233047033709,0.0024003558716247,0.0087890625,1.32861328125,True,True,True,False,True,False,True,True,True,True,True,True
qpeexact_6_Mutant_Replace_rxx_P16_Q2_[3.9269908169872414].qasm,Quratest_21,0.0,0.0,0.2445850322496364,0.847766003359211,0.2416481511967071,0.7523465935053789,0.2900738742550198,0.9593081437360054,0.2325461281523001,0.004256852153457,0.05078125,0.68359375,True,True,True,False,True,False,True,True,True,True,True,True
qpeexact_6_Mutant_Replace_rxx_P16_Q2_[3.9269908169872414].qasm,PureState_22,0.0,0.0,0.7865158771452605,0.7897090395241905,0.6892964021599254,0.7134608691336778,0.8535533905932735,0.927519205537594,0.1464466094067308,0.00723478369303,0.55517578125,0.328125,True,True,True,False,True,False,True,True,True,True,True,False
qpeexact_6_Mutant_Replace_rxx_P16_Q2_[3.9269908169872414].qasm,Quratest_22,0.0,0.0,0.4378974349579151,0.856429373041259,0.4256687406262491,0.7587203779193069,0.5549584154914164,0.9770859880563436,0.1391726941557994,0.0048266048674866,0.064453125,0.76904296875,True,True,True,False,True,False,True,True,True,True,True,True
qpeexact_6_Mutant_Replace_rxx_P16_Q2_[3.9269908169872414].qasm,PureState_23,0.0,0.0,0.2782041975248726,0.987975702448546,0.2750525548009578,0.8281763262366483,0.3535533905932739,0.9958937211130616,0.385723304703371,4.025288730683983e-05,0.00146484375,0.07177734375,True,True,True,False,True,False,True,True,True,True,True,False
qpeexact_6_Mutant_Replace_rxx_P16_Q2_[3.9269908169872414].qasm,Quratest_23,0.0,0.0,0.4155721009033277,0.8183549018073643,0.4066886222607992,0.7277256539623222,0.6739341225822673,0.9286579377261992,0.1063494059021222,0.0395351035241677,0.3701171875,0.552734375,True,True,True,False,True,False,True,True,True,False,True,False
qpeexact_6_Mutant_Replace_rxx_P16_Q2_[3.9269908169872414].qasm,PureState_24,0.0,0.0,0.8542181149078806,0.9972466641538856,0.7481104129181506,0.8318042455933375,0.9267766952966364,0.999995333446864,0.0732233047033667,3.6598155202108923e-07,0.9638671875,0.0810546875,True,True,True,False,True,False,True,True,True,True,True,False
qpeexact_6_Mutant_Replace_rxx_P16_Q2_[3.9269908169872414].qasm,Quratest_24,0.0,0.0,0.5644700002945621,0.8546837721802039,0.5369913396362577,0.7601900360374628,0.8100092654016344,0.9724859358585384,0.1637320820387068,0.0033784427616475,0.07763671875,0.546875,True,True,True,False,True,False,True,True,True,True,True,False
qpeexact_6_Mutant_Replace_rxx_P16_Q2_[3.9269908169872414].qasm,PureState_25,0.0,0.0,0.2695346264005511,0.9876907077757304,0.2666651794887252,0.8280159959660996,0.3535533905932735,0.9993045785146722,0.2607233047033697,4.613403802313051e-06,0.65087890625,0.63818359375,True,True,True,False,True,False,True,True,True,True,True,True
qpeexact_6_Mutant_Replace_rxx_P16_Q2_[3.9269908169872414].qasm,Quratest_25,0.0,0.0,0.2088927644982849,0.9687968787582444,0.2073077741023114,0.8174522094079912,0.3074620240463412,0.9923923086448824,0.3003643017209928,9.052935200539915e-05,0.04296875,0.546875,True,True,True,False,True,False,True,True,True,True,True,False
qpeexact_6_Mutant_Replace_rxx_P16_Q2_[3.9269908169872414].qasm,PureState_26,0.0,0.0,0.2858943681592776,0.9829158431623732,0.2825268604561668,0.8226022430692684,0.3535533905932736,0.9993045785146718,0.1357233047033678,1.2058356441649297e-05,0.09375,0.80517578125,True,True,True,False,True,False,True,True,True,True,True,True
qpeexact_6_Mutant_Replace_rxx_P16_Q2_[3.9269908169872414].qasm,Quratest_26,0.0,0.0,0.2256011943694845,0.9678849247638512,0.2215500300215718,0.8175323061403916,0.3378482805216343,0.9957516694720528,0.0776225106795757,5.8132662305764416e-05,0.20703125,0.8056640625,True,True,True,False,True,False,True,True,True,True,True,True
qpeexact_6_Mutant_Replace_rxx_P16_Q2_[3.9269908169872414].qasm,PureState_27,0.0,0.0,0.7844537227846473,0.5004360474488894,0.6874314255440839,0.4619699530760865,0.8535533905932736,0.8984528369005411,0.1464466094067305,0.0411348401468908,0.05810546875,0.560546875,True,True,True,False,True,False,True,False,True,False,True,False
qpeexact_6_Mutant_Replace_rxx_P16_Q2_[3.9269908169872414].qasm,Quratest_27,0.0,0.0,0.2380310670716388,0.6308332981265096,0.236591626645824,0.5693054851110821,0.3130357953461753,0.8967113623922625,0.1452506134222919,0.0209578871852545,0.02880859375,0.65380859375,True,True,True,False,True,False,True,False,True,False,True,True
qpeexact_6_Mutant_Replace_rxx_P16_Q2_[3.9269908169872414].qasm,PureState_28,0.0,0.0,0.8506154016429643,0.9846345021392346,0.7188951383353664,0.8246664432146517,0.8535533905932735,0.9939803278342358,0.0732233047033668,0.0001146693767479,0.76513671875,0.6298828125,True,True,True,False,True,False,True,True,True,True,True,True
qpeexact_6_Mutant_Replace_rxx_P16_Q2_[3.9269908169872414].qasm,Quratest_28,0.0,0.0,0.3911876812763197,0.8903262850657965,0.3812347139163728,0.7755953585615191,0.6085212327247773,0.96620795613834,0.1354322989801384,0.0021935498227453,0.1044921875,0.5517578125,True,True,True,False,True,False,True,True,True,True,True,False
qpeexact_6_Mutant_Replace_rxx_P16_Q2_[3.9269908169872414].qasm,PureState_29,0.0,0.0,0.7877351590349351,0.2094324107101817,0.6904083482048524,0.1752078408770632,0.8535533905932735,0.1328304784701714,0.1464466094067309,0.8671695386860013,1.5849609375,0.35205078125,True,True,True,False,True,False,True,False,True,False,True,False
qpeexact_6_Mutant_Replace_rxx_P16_Q2_[3.9269908169872414].qasm,Quratest_29,0.0,0.0,0.1902773344324945,0.8506759682467901,0.1890831784195898,0.7503648898740244,0.2338165578447564,0.974646273741788,0.1476242926023551,0.0022446099644865,0.12255859375,0.4814453125,True,True,True,False,True,False,True,True,True,True,True,False
qpeexact_6_Mutant_Replace_rxx_P16_Q2_[3.9269908169872414].qasm,PureState_30,0.0,0.0,0.7868308342439532,0.9758053500528984,0.6895834520994676,0.8189177836410442,0.8535533905932733,0.9940209969767126,0.1464466094067311,0.000463460512898,1.35791015625,0.0810546875,True,True,True,False,True,False,True,True,True,True,True,False
qpeexact_6_Mutant_Replace_rxx_P16_Q2_[3.9269908169872414].qasm,Quratest_30,0.0,0.0,0.3959994987923516,0.650663055824816,0.3866379418738295,0.5933362478318401,0.6324814349765174,0.7771570277525846,0.1837962881942635,0.1711876918771379,0.10693359375,0.7021484375,True,True,True,False,True,False,True,False,True,False,True,True
qpeexact_6_Mutant_Replace_rxx_P16_Q2_[3.9269908169872414].qasm,PureState_31,0.0,0.0,0.7871823970582286,0.9535581445710436,0.6899074678686976,0.8103394720997533,0.8535533905932734,0.9940209969767122,0.1464466094067311,0.0025260422189668,0.97998046875,1.34326171875,True,True,True,False,True,False,True,True,True,True,True,True
qpeexact_6_Mutant_Replace_rxx_P16_Q2_[3.9269908169872414].qasm,Quratest_31,0.0,0.0,0.4448204951463875,0.907895157875698,0.4299109027892595,0.7833544251766934,0.5715152909618815,0.972664938330636,0.3401851102340681,0.0023622457061417,0.24560546875,0.357421875,True,True,True,False,True,False,True,True,True,True,True,False
qpeexact_6_Mutant_Add_sx_P1_Q1_[].qasm,PureState_0,0.0,0.0,0.5367079666170931,0.5049175965455688,0.5218806282641464,0.4664059402393753,0.7071067811865475,0.8984528369005413,2.91753844697569e-16,0.0412841772959294,0.232421875,0.560546875,True,True,True,False,True,False,True,False,True,False,True,False
qpeexact_6_Mutant_Add_sx_P1_Q1_[].qasm,Quratest_0,0.0,0.0,0.5359307459541071,0.8067362111145756,0.5193518002915989,0.7366584037733817,0.6897862242265074,0.9658296303129534,0.0552742171926169,0.0039965067258822,0.64697265625,0.26708984375,True,True,True,False,True,False,True,True,True,True,True,False
qpeexact_6_Mutant_Add_sx_P1_Q1_[].qasm,PureState_1,0.0,0.0,0.3935650230969053,0.993790264282737,0.3758236564009725,0.8299731924993874,0.4619397662556432,0.9993046878843496,3.4836947248165556e-16,9.186005078432432e-07,0.0029296875,0.625,True,True,True,False,True,False,True,True,True,True,True,True
qpeexact_6_Mutant_Add_sx_P1_Q1_[].qasm,Quratest_1,0.0,0.0,0.4361670762991259,0.7954599143147268,0.4260508247041967,0.7158341584772449,0.5563904311111609,0.93465349633386,0.0342828815506016,0.0201410339110521,0.33935546875,0.8740234375,True,True,True,False,True,False,True,True,True,False,True,True
qpeexact_6_Mutant_Add_sx_P1_Q1_[].qasm,PureState_2,0.0,0.0,0.7331734978547902,0.9883180317369892,0.6812727692471537,0.8275895420862384,0.8446231986207329,0.999304578514672,3.973967897317407e-16,4.612078220217738e-06,0.1787109375,0.63818359375,True,True,True,False,True,False,True,True,True,True,True,True
qpeexact_6_Mutant_Add_sx_P1_Q1_[].qasm,Quratest_2,0.0,0.0,0.3993444370457427,0.8153350048267041,0.3857049929221466,0.7236122069287614,0.5000973516078476,0.9358433433430768,8.983028569837028e-06,0.0352485328350706,0.02734375,0.6708984375,True,True,True,False,True,False,True,True,True,False,True,True
qpeexact_6_Mutant_Add_sx_P1_Q1_[].qasm,PureState_3,0.0,0.0,0.5310481281255276,0.9127365209609056,0.516711098040307,0.7925540602318637,0.7071067811865475,0.9951687180558688,3.541393727592019e-16,0.0004231288004817,0.27783203125,0.98828125,True,True,True,False,True,False,True,True,True,True,True,True
qpeexact_6_Mutant_Add_sx_P1_Q1_[].qasm,Quratest_3,0.0,0.0,0.4040149270457123,0.9134047803748436,0.3925722347146603,0.787254203735717,0.502850179276336,0.9767004704731088,0.1331738405247861,0.0028938594843718,0.2763671875,0.5126953125,True,True,True,False,True,False,True,True,True,True,True,False
qpeexact_6_Mutant_Add_sx_P1_Q1_[].qasm,PureState_4,0.0,0.0,0.5390814655782599,0.8596300616342806,0.5240389783373051,0.7665655408214673,0.7071067811865475,0.9817123933687792,3.972731097585162e-16,0.0019204983906613,0.27783203125,0.71044921875,True,True,True,False,True,False,True,True,True,True,True,True
qpeexact_6_Mutant_Add_sx_P1_Q1_[].qasm,Quratest_4,0.0,0.0,0.1765929505201099,0.9036543850178852,0.176035187979071,0.7823914637671908,0.2338531724274162,0.974509019976886,0.894295758833342,0.0018756964009356,0.0185546875,0.642578125,True,True,True,False,True,False,True,True,True,True,True,True
qpeexact_6_Mutant_Add_sx_P1_Q1_[].qasm,PureState_5,0.0,0.0,0.7360890112196149,0.9457748275830966,0.6832786746821977,0.8074109393992621,0.844623198620733,0.9993045785146724,3.986417526815123e-16,0.0002778874698897,0.12890625,0.67626953125,True,True,True,False,True,False,True,True,True,True,True,True
qpeexact_6_Mutant_Add_sx_P1_Q1_[].qasm,Quratest_5,0.0,0.0,0.1621803582461945,0.8597660322756383,0.1609238681140803,0.7609713014094446,0.1923494748904861,0.9565595274927362,0.7432534149803469,0.0131492564488146,0.1513671875,0.68701171875,True,True,True,False,True,False,True,True,True,True,True,True
qpeexact_6_Mutant_Add_sx_P1_Q1_[].qasm,PureState_6,0.0,0.0,0.3884021215113943,0.9949552443150788,0.3707231759928452,0.8308295102772296,0.4619397662556433,0.999811089198546,3.773042123028262e-16,5.30576342937431e-06,0.01904296875,1.173828125,True,True,True,False,True,False,True,True,True,True,True,True
qpeexact_6_Mutant_Add_sx_P1_Q1_[].qasm,Quratest_6,0.0,0.0,0.7689836389119725,0.6256519379194683,0.707129246894414,0.5494011026878876,0.8675423442502777,0.6631331015514831,0.0822332073030803,0.2767292622067426,0.1708984375,0.4072265625,True,True,True,False,True,False,True,False,True,False,True,False
qpeexact_6_Mutant_Add_sx_P1_Q1_[].qasm,PureState_7,0.0,0.0,0.3858484252605571,0.9949421601698698,0.3703370678328683,0.8312261797195649,0.4619397662556432,0.999811089198546,3.5675613328433734e-16,5.28505473318904e-06,0.01904296875,1.173828125,True,True,True,False,True,False,True,True,True,True,True,True
qpeexact_6_Mutant_Add_sx_P1_Q1_[].qasm,Quratest_7,0.0,0.0,0.4397014686551951,0.9166787644177962,0.4298753863848902,0.7913184735210796,0.5857847422012614,0.9892623889795172,0.1247988841341287,0.0004184941026326,0.05859375,0.65185546875,True,True,True,False,True,False,True,True,True,True,True,True
qpeexact_6_Mutant_Add_sx_P1_Q1_[].qasm,PureState_8,0.0,0.0,0.7374441507038282,0.9933359815087904,0.6838290330787754,0.8302584476843027,0.8446231986207329,0.999825341338465,3.9565109086139103e-16,9.784571443538931e-07,0.1787109375,0.45947265625,True,True,True,False,True,False,True,True,True,True,True,False
qpeexact_6_Mutant_Add_sx_P1_Q1_[].qasm,Quratest_8,0.0,0.0,0.4013646129479244,0.9284960310632068,0.3866771265524506,0.7932308613845626,0.5842708797362701,0.980078092744493,0.000970464233101,0.0004602136812967,0.205078125,0.583984375,True,True,True,False,True,False,True,True,True,True,True,False
qpeexact_6_Mutant_Add_sx_P1_Q1_[].qasm,PureState_9,0.0,0.0,0.5391872032901309,0.9540953595890184,0.5241337623650683,0.8104367062570207,0.7071067811865472,0.9939803278342362,3.9897376866486215e-16,0.0024252216545552,0.0283203125,0.630859375,True,True,True,False,True,False,True,True,True,True,True,True
qpeexact_6_Mutant_Add_sx_P1_Q1_[].qasm,Quratest_9,0.0,0.0,0.5120888696355862,0.8532615521080888,0.4911939526799118,0.7506944454477629,0.614563290057917,0.9627906781054872,0.0687267515314153,0.0034474111874087,0.31787109375,0.85107421875,True,True,True,False,True,False,True,True,True,True,True,True
qpeexact_6_Mutant_Add_sx_P1_Q1_[].qasm,PureState_10,0.1316091257459467,0.0,0.0085288247563496,0.9443831385775452,0.0085282853738495,0.8066774920698693,5.551115123125784e-17,0.9940209969767128,3.9302875786167623e-16,0.0025206137156932,0.0,1.34326171875,True,True,False,False,False,False,False,True,True,True,False,True
qpeexact_6_Mutant_Add_sx_P1_Q1_[].qasm,Quratest_10,0.0,0.0,0.077462412347458,0.8174102612870757,0.0760040142376667,0.7332382383569478,0.0875584125439754,0.955403022622722,0.9695036069257535,0.0103590582596048,0.03369140625,0.5380859375,True,True,False,False,False,False,True,True,True,True,True,False
qpeexact_6_Mutant_Add_sx_P1_Q1_[].qasm,PureState_11,0.0,0.0,0.3927500277418713,0.9881022190872596,0.3759072373331297,0.8285454758897176,0.4619397662556433,0.9970910946110942,4.22776630871467e-16,3.207632953230513e-05,0.02001953125,0.1552734375,True,True,True,False,True,False,True,True,True,True,True,False
qpeexact_6_Mutant_Add_sx_P1_Q1_[].qasm,Quratest_11,0.0,0.0,0.5306504086237025,0.9074794745215292,0.50292596996467,0.7878691328356732,0.5947496147399661,0.981037216715586,6.681844697508341e-05,0.0008667176228708,0.109375,0.5869140625,True,True,True,False,True,False,True,True,True,True,True,False
qpeexact_6_Mutant_Add_sx_P1_Q1_[].qasm,PureState_12,0.0,0.0,1.0,0.9964628094209648,0.8325546111576977,0.8322688544316489,0.9999999999999996,0.999995364974281,3.996805325726166e-16,2.31755957005951e-06,0.9873046875,0.63525390625,True,True,True,False,True,False,True,True,True,True,True,True
qpeexact_6_Mutant_Add_sx_P1_Q1_[].qasm,Quratest_12,0.0,0.0,0.1617935571080595,0.8832460850268116,0.1613137852560805,0.7736417317700794,0.2150228972664429,0.968178040699595,0.8939058844772901,0.0062657389731724,0.0498046875,1.046875,True,True,True,False,True,False,True,True,True,True,True,True
qpeexact_6_Mutant_Add_sx_P1_Q1_[].qasm,PureState_13,0.0017060178788751,0.0,0.013381358059868,0.9971235817858596,0.0133792502922305,0.8316703286109961,6.245004513516508e-17,0.9999953334468644,3.9340394582741463e-16,3.617445514882193e-07,0.0,0.0810546875,True,True,False,False,False,False,False,True,True,True,False,False
qpeexact_6_Mutant_Add_sx_P1_Q1_[].qasm,Quratest_13,0.0,0.0,0.3972048367956469,0.953781344924266,0.3794382239749411,0.8122127734427986,0.4990129810972318,0.9884865990542402,0.0003552117175893,0.0002508206367781,0.40966796875,0.51025390625,True,True,True,False,True,False,True,True,True,True,True,False
qpeexact_6_Mutant_Add_sx_P1_Q1_[].qasm,PureState_14,0.0,0.0,0.54277988845633,0.985850657630192,0.5273597508876936,0.8281113047823246,0.7071067811865472,0.9970919135931822,3.988237874486656e-16,3.721257042192016e-05,0.03759765625,0.66748046875,True,True,True,False,True,False,True,True,True,True,True,True
qpeexact_6_Mutant_Add_sx_P1_Q1_[].qasm,Quratest_14,0.0,0.0,0.460753288904971,0.8542070483446412,0.4482643393923501,0.7502465952814663,0.600357824669044,0.9618199665957567,0.0278024205266843,0.0028073364195834,0.3837890625,0.56494140625,True,True,True,False,True,False,True,True,True,True,True,False
qpeexact_6_Mutant_Add_sx_P1_Q1_[].qasm,PureState_15,0.0,0.0,0.3931113870892722,0.9920686190381974,0.3753304990373151,0.8296208229381763,0.4619397662556432,0.9991611559915976,4.059186784680027e-16,9.227495978640689e-06,0.01904296875,1.15478515625,True,True,True,False,True,False,True,True,True,True,True,True
qpeexact_6_Mutant_Add_sx_P1_Q1_[].qasm,Quratest_15,0.0,0.0,0.4950859132964969,0.9770985429371184,0.4692135349726264,0.8206194484758523,0.5971434382635006,0.9932245941506316,0.0042620283049443,8.563441044603222e-05,0.54736328125,0.85498046875,True,True,True,False,True,False,True,True,True,True,True,True
qpeexact_6_Mutant_Add_sx_P1_Q1_[].qasm,PureState_16,0.0,0.0,0.73204831325798,0.9845765602989384,0.6809484907640447,0.8235828097953435,0.844623198620733,0.9939393820619834,3.942260742076131e-16,0.0001046994739832,0.59375,0.73486328125,True,True,True,False,True,False,True,True,True,True,True,True
qpeexact_6_Mutant_Add_sx_P1_Q1_[].qasm,Quratest_16,0.0,0.0,0.2160400967817184,0.8869716457470944,0.2145224815628373,0.7680802348193699,0.2712786675036851,0.9694842860885152,0.6901903538557432,0.0020960421881236,0.01171875,0.5556640625,True,True,True,False,True,False,True,True,True,True,True,False
qpeexact_6_Mutant_Add_sx_P1_Q1_[].qasm,PureState_17,0.0,0.0,1.0,0.991301917643818,0.8325546111576977,0.8317333700469753,0.9999999999999996,0.9999953956785448,3.996805325721261e-16,4.6043872832009866e-06,1.0126953125,1.64794921875,True,True,True,False,True,False,True,True,True,True,True,True
qpeexact_6_Mutant_Add_sx_P1_Q1_[].qasm,Quratest_17,0.0,0.0,0.3955264689530863,0.8427835016966155,0.3880061249265514,0.7518883647274406,0.613042411387984,0.962718557361802,0.0482825358892823,0.0058315856822483,0.14990234375,0.67431640625,True,True,True,False,True,False,True,True,True,True,True,True
qpeexact_6_Mutant_Add_sx_P1_Q1_[].qasm,PureState_18,0.0,0.0,0.3896757905853106,0.97712218592648,0.3734665022498725,0.8187458124160599,0.4619397662556432,0.9993045785146722,3.969194857982667e-16,4.8689780945228936e-05,0.05517578125,0.6357421875,True,True,True,False,True,False,True,True,True,True,True,True
qpeexact_6_Mutant_Add_sx_P1_Q1_[].qasm,Quratest_18,0.0,0.0,0.7461129648051282,0.9214706919959446,0.6797387209211015,0.796656728980018,0.8345636792368223,0.9845081982997168,1.3663917285101064e-05,0.000666121115011,0.1669921875,0.40234375,True,True,True,False,True,False,True,True,True,True,True,False
qpeexact_6_Mutant_Add_sx_P1_Q1_[].qasm,PureState_19,0.0,0.0,0.5431058617607744,0.9830353864979514,0.5276121632643327,0.8241599654361811,0.7071067811865472,0.993980327834236,3.828588470991265e-16,0.000115123591168,0.03759765625,0.6298828125,True,True,True,False,True,False,True,True,True,True,True,True
qpeexact_6_Mutant_Add_sx_P1_Q1_[].qasm,Quratest_19,0.0,0.0,0.5119543860368937,0.8990042190539235,0.4972246704232292,0.7838357777847891,0.6792562958782402,0.9758564478798945,0.124381200462251,0.0067529068049656,0.14501953125,0.478515625,True,True,True,False,True,False,True,True,True,True,True,False
qpeexact_6_Mutant_Add_sx_P1_Q1_[].qasm,PureState_20,0.0,0.0,0.7317167823336328,0.9847026075167108,0.6804832277163022,0.8240064623958535,0.844623198620733,0.9939393820619832,3.998198943982063e-16,0.0001044740005052,0.59375,0.73486328125,True,True,True,False,True,False,True,True,True,True,True,True
qpeexact_6_Mutant_Add_sx_P1_Q1_[].qasm,Quratest_20,0.0,0.0,0.2513786144637596,0.812410790617799,0.2479337149787018,0.7252019758051125,0.2865673924905129,0.932423423657611,0.7532037831786719,0.0442942111835568,0.115234375,0.802734375,True,True,True,False,True,False,True,True,True,False,True,True
qpeexact_6_Mutant_Add_sx_P1_Q1_[].qasm,PureState_21,0.0,0.0,0.7348898146252922,0.953893836050698,0.6826624658793267,0.8097534162740495,0.844623198620733,0.9939393820619832,4.0130182846054174e-16,0.0024003558716247,0.59375,1.32861328125,True,True,True,False,True,False,True,True,True,True,True,True
qpeexact_6_Mutant_Add_sx_P1_Q1_[].qasm,Quratest_21,0.0,0.0,0.4062624318295594,0.8526442597411099,0.3894207713582202,0.7557612505930577,0.5122002060194248,0.9593081437360044,0.1817062801020761,0.004256852153457,0.306640625,0.68359375,True,True,True,False,True,False,True,True,True,True,True,True
qpeexact_6_Mutant_Add_sx_P1_Q1_[].qasm,PureState_22,0.0,0.0,0.5448705199696157,0.791696267300093,0.529260749418622,0.714686109228889,0.7071067811865475,0.9275192055375944,2.8794432093241516e-16,0.00723478369303,0.232421875,0.328125,True,True,True,False,True,False,True,True,True,True,True,False
qpeexact_6_Mutant_Add_sx_P1_Q1_[].qasm,Quratest_22,0.0,0.0,0.3318258802075035,0.8638690671728236,0.3223223961403884,0.7592337466341808,0.3695560888473005,0.9770859880563436,0.667074764312707,0.0048266048674866,0.06396484375,0.76904296875,True,True,True,False,True,False,True,True,True,True,True,True
qpeexact_6_Mutant_Add_sx_P1_Q1_[].qasm,PureState_23,0.0,0.0,0.7301841298932481,0.9897639961875716,0.679200123701199,0.828645859652938,0.8446231986207331,0.995893721113062,3.9680352977839903e-16,4.025288730683913e-05,0.61279296875,0.07177734375,True,True,True,False,True,False,True,True,True,True,True,False
qpeexact_6_Mutant_Add_sx_P1_Q1_[].qasm,Quratest_23,0.0,0.0,0.5500014775113145,0.8153508123227456,0.5235056193388522,0.72737774737483,0.608176002676774,0.9286579377261994,0.1695136973345324,0.0395351035241676,0.05712890625,0.552734375,True,True,True,False,True,False,True,True,True,False,True,False
qpeexact_6_Mutant_Add_sx_P1_Q1_[].qasm,PureState_24,0.0926746258205075,0.0,0.0087797459752206,0.9966268191774726,0.0087790832399881,0.8315017189691425,6.245004513516508e-17,0.999995333446864,3.795281222924547e-16,3.659815520210853e-07,0.0,0.0810546875,True,True,False,False,False,False,False,True,True,True,False,False
qpeexact_6_Mutant_Add_sx_P1_Q1_[].qasm,Quratest_24,0.0,0.0,0.307299172627417,0.8552485698904242,0.3024975862196863,0.7603272896080319,0.3586668837400705,0.972485935858538,0.6935441838685835,0.0033784427616475,0.02978515625,0.546875,True,True,True,False,True,False,True,True,True,True,True,False
qpeexact_6_Mutant_Add_sx_P1_Q1_[].qasm,PureState_25,0.0,0.0,0.7387618702017834,0.9895171637779516,0.6849789177192502,0.8286428262554636,0.844623198620733,0.9993045785146722,3.975896716768531e-16,4.613403802313037e-06,0.1787109375,0.63818359375,True,True,True,False,True,False,True,True,True,True,True,True
qpeexact_6_Mutant_Add_sx_P1_Q1_[].qasm,Quratest_25,0.0,0.0,0.5929207402270216,0.9674452953892908,0.5569250360521953,0.8172450300719575,0.6929668315941122,0.9923923086448828,0.0014354720092502,9.052935200539993e-05,0.05908203125,0.546875,True,True,True,False,True,False,True,True,True,True,True,False
qpeexact_6_Mutant_Add_sx_P1_Q1_[].qasm,PureState_26,0.0,0.0,0.7336122360939945,0.9854065972227164,0.6818602140087856,0.8238500128516151,0.8446231986207329,0.999304578514672,3.953561911546083e-16,1.2058356441649258e-05,0.12890625,0.80517578125,True,True,True,False,True,False,True,True,True,True,True,True
qpeexact_6_Mutant_Add_sx_P1_Q1_[].qasm,Quratest_26,0.0,0.0,0.3119867974957437,0.9719312502435772,0.3057757782402168,0.8187343482537864,0.3801342748563389,0.9957516694720528,0.4800846809540898,5.813266230576709e-05,0.16064453125,0.8056640625,True,True,True,False,True,False,True,True,True,True,True,True
qpeexact_6_Mutant_Add_sx_P1_Q1_[].qasm,PureState_27,0.0,0.0,0.5397653822367445,0.5055501574638079,0.5246691134446281,0.4671061382729902,0.7071067811865475,0.8984528369005411,2.8512055033157366e-16,0.0411348401468908,0.232421875,0.560546875,True,True,True,False,True,False,True,False,True,False,True,False
qpeexact_6_Mutant_Add_sx_P1_Q1_[].qasm,Quratest_27,0.0,0.0,0.5599984438026716,0.6314708418063562,0.5256561252511783,0.5708862275048645,0.6196105063188875,0.8967113623922625,0.0307356259593146,0.0209578871852545,0.04052734375,0.65380859375,True,True,True,False,True,False,True,False,True,False,True,True
qpeexact_6_Mutant_Add_sx_P1_Q1_[].qasm,PureState_28,0.0,0.0,0.5394370488745299,0.9817096283020138,0.5243031617195902,0.8236326535721664,0.7071067811865472,0.993980327834236,3.989062451942432e-16,0.0001146693767479,0.03759765625,0.6298828125,True,True,True,False,True,False,True,True,True,True,True,True
qpeexact_6_Mutant_Add_sx_P1_Q1_[].qasm,Quratest_28,0.0,0.0,0.3365146210762703,0.8941108755391257,0.3276951308055018,0.7783298740312091,0.430070769729137,0.96620795613834,0.0141278340547239,0.0021935498227453,0.3095703125,0.5517578125,True,True,True,False,True,False,True,True,True,True,True,False
qpeexact_6_Mutant_Add_sx_P1_Q1_[].qasm,PureState_29,0.0,0.0,1.0,0.2116688099348501,0.8325546111576977,0.1770970241024654,0.9999999999999998,0.1328304784701713,1.7208094235122274e-16,0.8671695386860007,0.9873046875,0.35205078125,True,True,True,False,True,False,True,False,True,False,True,False
qpeexact_6_Mutant_Add_sx_P1_Q1_[].qasm,Quratest_29,0.0,0.0,0.4390757326268182,0.8464857150758641,0.4195097130996444,0.749130550528992,0.47890169792831,0.9746462737417878,0.2186712872192691,0.0022446099644865,0.2587890625,0.4814453125,True,True,True,False,True,False,True,True,True,True,True,False
qpeexact_6_Mutant_Add_sx_P1_Q1_[].qasm,PureState_30,0.6518841273831648,0.0,0.0044812398044997,0.9728104045312872,0.0044811669982453,0.8190247582123896,7.632783294297951e-17,0.9940209969767128,3.906107805827851e-16,0.000463460512898,0.0,0.0810546875,False,True,False,False,False,False,False,True,True,True,False,False
qpeexact_6_Mutant_Add_sx_P1_Q1_[].qasm,Quratest_30,0.0,0.0,0.4806058954726934,0.6511163617042817,0.4625354887927124,0.5928320237293074,0.5846110767070389,0.7771570277525846,0.2244871826419043,0.1711876918771378,0.171875,0.7021484375,True,True,True,False,True,False,True,False,True,False,True,True
qpeexact_6_Mutant_Add_sx_P1_Q1_[].qasm,PureState_31,0.5453081943309577,0.0,0.0051677827726399,0.9541608686746594,0.0051677699546132,0.8111549028339335,5.551115123125784e-17,0.9940209969767128,3.906717618843716e-16,0.0025260422189668,0.0,1.34326171875,False,True,False,False,False,False,False,True,True,True,False,True
qpeexact_6_Mutant_Add_sx_P1_Q1_[].qasm,Quratest_31,0.0,0.0,0.3311088144635529,0.9083952749476928,0.3254051043887785,0.7838747249795481,0.3966828932590643,0.9726649383306348,0.4297897947236741,0.0023622457061416,0.17822265625,0.357421875,True,True,True,False,True,False,True,True,True,True,True,False
qpeexact_6_Mutant_Replace_ry_P17_Q2_[3.9269908169872414].qasm,PureState_0,0.4462640026958586,0.0,0.0093299332174248,0.5103790691562607,0.0093293242717015,0.4688703551752627,1.3530843112619095e-16,0.8984528369005413,2.6470504151506256e-16,0.0412841772959294,0.0,0.560546875,False,True,False,False,False,False,False,False,True,False,False,False
qpeexact_6_Mutant_Replace_ry_P17_Q2_[3.9269908169872414].qasm,Quratest_0,0.0,0.0,0.1462965437387717,0.8052856865210526,0.1438287840313912,0.7350132282871944,0.1486382698105254,0.9658296303129534,0.0183036952308035,0.0039965067258823,0.1376953125,0.26708984375,True,True,True,False,True,False,True,True,True,True,True,False
qpeexact_6_Mutant_Replace_ry_P17_Q2_[3.9269908169872414].qasm,PureState_1,5.151744388092369e-169,0.0,0.0916161346762774,0.9939594366832836,0.0913962348258186,0.8300139026054102,0.1035533905932739,0.9993046878843496,0.4267766952966446,9.186005078433284e-07,0.0087890625,0.625,True,True,False,False,False,False,True,True,True,True,True,True
qpeexact_6_Mutant_Replace_ry_P17_Q2_[3.9269908169872414].qasm,Quratest_1,0.0,0.0,0.2208474279754634,0.7947260137527326,0.2163166441023076,0.7139343879345318,0.2456460728466737,0.9346534963338607,0.0214927956569302,0.0201410339110521,0.00927734375,0.8740234375,True,True,True,False,True,False,True,True,True,False,True,True
qpeexact_6_Mutant_Replace_ry_P17_Q2_[3.9269908169872414].qasm,PureState_2,7.298398873522102e-190,0.0,0.0962599381850138,0.9873164468906208,0.0960041315717228,0.827656356483522,0.1035533905932737,0.9993045785146722,0.4267766952966452,4.61207822021771e-06,0.005859375,0.63818359375,True,True,False,False,False,False,True,True,True,True,True,True
qpeexact_6_Mutant_Replace_ry_P17_Q2_[3.9269908169872414].qasm,Quratest_2,0.0,0.0,0.1655406301248228,0.816461417795736,0.1639596420241472,0.72518150768841,0.1848203851489823,0.935843343343077,0.0972051962980442,0.0352485328350707,0.02001953125,0.6708984375,True,True,True,False,True,False,True,True,True,False,True,True
qpeexact_6_Mutant_Replace_ry_P17_Q2_[3.9269908169872414].qasm,PureState_3,0.1666850100981883,0.0,0.012222482483526,0.9101944753757152,0.0122029880522121,0.7911258774399763,1.1861171766991419e-16,0.995168718055869,3.873292662938835e-16,0.0004231288004817,0.0,0.98828125,True,True,False,False,False,False,False,True,True,True,False,True
qpeexact_6_Mutant_Replace_ry_P17_Q2_[3.9269908169872414].qasm,Quratest_3,0.0,0.0,0.2864104655975835,0.9103871537460668,0.2832933435590827,0.7851262662822514,0.3617555189550485,0.9767004704731088,0.1053993220780389,0.0028938594843718,0.08349609375,0.5126953125,True,True,True,False,True,False,True,True,True,True,True,False
qpeexact_6_Mutant_Replace_ry_P17_Q2_[3.9269908169872414].qasm,PureState_4,0.4991878656396532,0.0,0.0087854784939734,0.8629373628633382,0.0087849139590706,0.7682486314927294,5.377642775528102e-17,0.9817123933687792,3.747387980172292e-16,0.0019204983906613,0.0,0.71044921875,False,True,False,False,False,False,False,True,True,True,False,True
qpeexact_6_Mutant_Replace_ry_P17_Q2_[3.9269908169872414].qasm,Quratest_4,0.0,0.0,0.2517697814601219,0.902109553209576,0.250041055575214,0.7821626947085122,0.3252173046117294,0.9745090199768852,0.0404620183497165,0.0018756964009356,0.02587890625,0.642578125,True,True,True,False,True,False,True,True,True,True,True,True
qpeexact_6_Mutant_Replace_ry_P17_Q2_[3.9269908169872414].qasm,PureState_5,2.0242999418302566e-176,0.0,0.0928945679730989,0.955983520624554,0.0926510772817822,0.8109622799380766,0.1035533905932739,0.9993045785146724,0.426776695296645,0.0002778874698897,0.00634765625,0.67626953125,True,True,False,False,False,False,True,True,True,True,True,True
qpeexact_6_Mutant_Replace_ry_P17_Q2_[3.9269908169872414].qasm,Quratest_5,0.0,0.0,0.211830533997691,0.8607523437057757,0.208919082446392,0.7614206489650247,0.2298848372325687,0.956559527492736,0.2440959125204116,0.0131492564488147,0.10546875,0.68701171875,True,True,True,False,True,False,True,True,True,True,True,True
qpeexact_6_Mutant_Replace_ry_P17_Q2_[3.9269908169872414].qasm,PureState_6,5.225992687921526e-212,0.0,0.1007780853187524,0.9935349476983129,0.1004981413117861,0.8307166616783024,0.1035533905932738,0.9998110891985454,3.613863558686385e-16,5.305763429375075e-06,0.080078125,1.173828125,True,True,False,False,False,False,True,True,True,True,True,True
qpeexact_6_Mutant_Replace_ry_P17_Q2_[3.9269908169872414].qasm,Quratest_6,0.0,0.0,0.1057230990198135,0.6209180522987537,0.1016180083219458,0.5466970120096624,0.0655133293649207,0.6631331015514831,0.5773099214106642,0.2767292622067426,0.03466796875,0.4072265625,True,True,False,False,False,False,True,False,True,False,True,False
qpeexact_6_Mutant_Replace_ry_P17_Q2_[3.9269908169872414].qasm,PureState_7,6.56010294278055e-182,0.0,0.0942834912521361,0.9924701913850592,0.0939519216319534,0.8299043368725028,0.1035533905932736,0.9998110891985454,3.717293594387358e-16,5.2850547331889955e-06,0.080078125,1.173828125,True,True,False,False,False,False,True,True,True,True,True,True
qpeexact_6_Mutant_Replace_ry_P17_Q2_[3.9269908169872414].qasm,Quratest_7,5.324597526151528e-264,0.0,0.0787911979548736,0.9213693490341414,0.0773398561985346,0.7924277963809099,0.0503249791411221,0.989262388979517,0.1061812818862407,0.0004184941026326,0.00732421875,0.65185546875,True,True,False,False,False,False,True,True,True,True,True,True
qpeexact_6_Mutant_Replace_ry_P17_Q2_[3.9269908169872414].qasm,PureState_8,0.0,0.0,0.081911675954007,0.9946857099302464,0.0814690473181847,0.8310005930670088,0.1035533905932737,0.9998253413384652,0.426776695296645,9.78457144353766e-07,0.04248046875,0.45947265625,True,True,False,False,False,False,True,True,True,True,True,False
qpeexact_6_Mutant_Replace_ry_P17_Q2_[3.9269908169872414].qasm,Quratest_8,0.0,0.0,0.0994580253940652,0.9292955681829668,0.0969519112744279,0.7943534569849927,0.070479341146424,0.9800780927444932,0.0305334837430476,0.0004602136812967,0.02001953125,0.583984375,True,True,False,False,False,False,True,True,True,True,True,False
qpeexact_6_Mutant_Replace_ry_P17_Q2_[3.9269908169872414].qasm,PureState_9,0.2353802452946424,0.0,0.0109883012207665,0.9522966713557808,0.0109870203670363,0.8089324272232561,1.3183898417423734e-16,0.9939803278342362,3.996700170516925e-16,0.0024252216545552,0.0,0.630859375,True,True,False,False,False,False,False,True,True,True,False,True
qpeexact_6_Mutant_Replace_ry_P17_Q2_[3.9269908169872414].qasm,Quratest_9,0.0,0.0,0.2555426642410779,0.8481949376304553,0.2533109773942243,0.7496358501621078,0.3233968583110581,0.9627906781054864,0.0235976725825209,0.0034474111874087,0.228515625,0.85107421875,True,True,True,False,True,False,True,True,True,True,True,True
qpeexact_6_Mutant_Replace_ry_P17_Q2_[3.9269908169872414].qasm,PureState_10,0.0,0.0,0.2734098282506703,0.9505084755820922,0.2295400033710813,0.8084293668678432,0.1464466094067263,0.9940209969767128,0.8535533905932846,0.0025206137156932,0.2353515625,1.34326171875,True,True,True,False,True,False,True,True,True,True,True,True
qpeexact_6_Mutant_Replace_ry_P17_Q2_[3.9269908169872414].qasm,Quratest_10,0.0,0.0,0.2258213741891192,0.8156493713314708,0.2239058425969219,0.7336950217430777,0.2944911393863688,0.9554030226227213,0.0345673122484455,0.0103590582596047,0.15966796875,0.5380859375,True,True,True,False,True,False,True,True,True,True,True,False
qpeexact_6_Mutant_Replace_ry_P17_Q2_[3.9269908169872414].qasm,PureState_11,0.0,0.0,0.0969618775519308,0.9866891700160716,0.0966384928972184,0.828060375614986,0.1035533905932738,0.9970910946110938,3.787813744805815e-16,3.207632953230468e-05,0.0810546875,0.1552734375,True,True,False,False,False,False,True,True,True,True,True,False
qpeexact_6_Mutant_Replace_ry_P17_Q2_[3.9269908169872414].qasm,Quratest_11,0.0,0.0,0.1779370027392906,0.911431063283293,0.1750520030970336,0.7893249791689757,0.2105272626518599,0.9810372167155864,0.0800180003713237,0.0008667176228708,0.0068359375,0.5869140625,True,True,True,False,True,False,True,True,True,True,True,False
qpeexact_6_Mutant_Replace_ry_P17_Q2_[3.9269908169872414].qasm,PureState_12,0.0,0.0,0.2822848703292177,0.9949939740827594,0.2370836342818599,0.8320246488223718,0.1464466094067261,0.999995364974281,0.8535533905932856,2.3175595700595313e-06,0.09228515625,0.63525390625,True,True,True,False,True,False,True,True,True,True,True,True
qpeexact_6_Mutant_Replace_ry_P17_Q2_[3.9269908169872414].qasm,Quratest_12,0.0,0.0,0.1635049866174004,0.8876454506386136,0.1614025934276614,0.7765303639216145,0.1843331178298,0.9681780406995945,0.0035443973148468,0.0062657389731724,0.0830078125,1.046875,True,True,True,False,True,False,True,True,True,True,True,True
qpeexact_6_Mutant_Replace_ry_P17_Q2_[3.9269908169872414].qasm,PureState_13,0.0,0.0,0.2762358972235397,0.99742764497909,0.2319746002754374,0.8318205254892592,0.1464466094067262,0.9999953334468644,0.8535533905932848,3.617445514882193e-07,0.26171875,0.0810546875,True,True,True,False,True,False,True,True,True,True,True,False
qpeexact_6_Mutant_Replace_ry_P17_Q2_[3.9269908169872414].qasm,Quratest_13,0.0,0.0,0.1209714292515772,0.9531480435442368,0.1189241898689237,0.8110309798298213,0.0958283296058871,0.9884865990542404,0.1687233381952379,0.0002508206367781,0.00390625,0.51025390625,True,True,False,False,True,False,True,True,True,True,True,False
qpeexact_6_Mutant_Replace_ry_P17_Q2_[3.9269908169872414].qasm,PureState_14,0.0001509412562291,0.0,0.0189393910879913,0.987265226183658,0.0189374194118931,0.8282802218321358,9.389190813724467e-17,0.9970919135931816,3.551048660681688e-16,3.7212570421920096e-05,0.0,0.66748046875,True,True,False,False,False,False,False,True,True,True,False,True
qpeexact_6_Mutant_Replace_ry_P17_Q2_[3.9269908169872414].qasm,Quratest_14,3.473000453746199e-52,0.0,0.0594307808298029,0.8554096175211203,0.0591541316606771,0.750654640027873,0.0412561331369078,0.9618199665957564,0.0052168759500217,0.0028073364195834,0.01318359375,0.56494140625,True,True,False,False,False,False,True,True,True,True,True,False
qpeexact_6_Mutant_Replace_ry_P17_Q2_[3.9269908169872414].qasm,PureState_15,1.2637794060310649e-192,0.0,0.0968026172616215,0.9909321396775383,0.0965374552904426,0.8300389926417151,0.1035533905932736,0.999161155991597,4.112660148247353e-16,9.227495978640814e-06,0.18310546875,1.15478515625,True,True,False,False,False,False,True,True,True,True,True,True
qpeexact_6_Mutant_Replace_ry_P17_Q2_[3.9269908169872414].qasm,Quratest_15,0.0,0.0,0.2764149876002288,0.980176297374458,0.273539361551993,0.8221058025785561,0.3584385359537881,0.9932245941506316,0.1194243494401204,8.563441044602291e-05,0.13525390625,0.85498046875,True,True,True,False,True,False,True,True,True,True,True,True
qpeexact_6_Mutant_Replace_ry_P17_Q2_[3.9269908169872414].qasm,PureState_16,6.276615266164218e-179,0.0,0.0924622486882776,0.9854410484929912,0.0920862865023839,0.8234608528690878,0.1035533905932738,0.9939393820619828,4.1815917409319904e-16,0.0001046994739832,0.0751953125,0.73486328125,True,True,False,False,False,False,True,True,True,True,True,True
qpeexact_6_Mutant_Replace_ry_P17_Q2_[3.9269908169872414].qasm,Quratest_16,3.62897328829107e-123,0.0,0.0726407673486205,0.8875747493777131,0.0720189144057654,0.7697815930095295,0.0817954497139561,0.9694842860885152,0.1091030028283161,0.0020960421881236,0.03369140625,0.5556640625,True,True,False,False,False,False,True,True,True,True,True,False
qpeexact_6_Mutant_Replace_ry_P17_Q2_[3.9269908169872414].qasm,PureState_17,0.0,0.0,0.2752645840806998,0.9929037538333052,0.2310833994470848,0.8319828431172546,0.1464466094067262,0.9999953956785448,0.8535533905932848,4.6043872832009866e-06,0.22509765625,1.64794921875,True,True,True,False,True,False,True,True,True,True,True,True
qpeexact_6_Mutant_Replace_ry_P17_Q2_[3.9269908169872414].qasm,Quratest_17,0.0,0.0,0.2751123294943144,0.8408009243192828,0.2719228341683141,0.748813101982604,0.3539386431209954,0.9627185573618018,0.1271908791109607,0.0058315856822483,0.09814453125,0.67431640625,True,True,True,False,True,False,True,True,True,True,True,True
qpeexact_6_Mutant_Replace_ry_P17_Q2_[3.9269908169872414].qasm,PureState_18,5.264377037196246e-196,0.0,0.097522618796934,0.977176446170066,0.0972616887667633,0.8181663195401241,0.1035533905932737,0.9993045785146722,0.4267766952966446,4.868978094522894e-05,0.01416015625,0.6357421875,True,True,False,False,False,False,True,True,True,True,True,True
qpeexact_6_Mutant_Replace_ry_P17_Q2_[3.9269908169872414].qasm,Quratest_18,0.0,0.0,0.1827858081525804,0.927519003082278,0.1803260906275126,0.7996055349663195,0.224606357005049,0.9845081982997164,0.1410702126735186,0.000666121115011,0.14404296875,0.40234375,True,True,True,False,True,False,True,True,True,True,True,False
qpeexact_6_Mutant_Replace_ry_P17_Q2_[3.9269908169872414].qasm,PureState_19,0.3183420483430234,0.0,0.0101289641003183,0.9835121509411932,0.0101281846398199,0.8240541789160597,4.8572257327350605e-17,0.993980327834236,3.9583060574805397e-16,0.000115123591168,0.0,0.6298828125,True,True,False,False,False,False,False,True,True,True,False,True
qpeexact_6_Mutant_Replace_ry_P17_Q2_[3.9269908169872414].qasm,Quratest_19,2.7054054060914893e-119,0.0,0.0830012213042059,0.8983653929650501,0.08279803233436,0.783718525643953,0.0950509725829822,0.9758564478798946,0.025563237720157,0.0067529068049656,0.02978515625,0.478515625,True,True,False,False,False,False,True,True,True,True,True,False
qpeexact_6_Mutant_Replace_ry_P17_Q2_[3.9269908169872414].qasm,PureState_20,0.0,0.0,0.0990420042671696,0.9862346486100224,0.0986076700654215,0.824180913973047,0.1035533905932738,0.9939393820619828,3.850790641240811e-16,0.0001044740005052,0.0751953125,0.73486328125,True,True,False,False,False,False,True,True,True,True,True,True
qpeexact_6_Mutant_Replace_ry_P17_Q2_[3.9269908169872414].qasm,Quratest_20,0.0,0.0,0.1796709356057108,0.8119865925221339,0.1747833403121436,0.7251595177321132,0.1691053407946907,0.9324234236576112,0.531660970452874,0.0442942111835568,0.0009765625,0.802734375,True,True,True,False,True,False,True,True,True,False,True,True
qpeexact_6_Mutant_Replace_ry_P17_Q2_[3.9269908169872414].qasm,PureState_21,5.9376888111643355e-229,0.0,0.1041031861927994,0.95470523155133,0.1037854649835509,0.8101105068808899,0.1035533905932737,0.9939393820619832,3.654201279837259e-16,0.0024003558716247,0.173828125,1.32861328125,True,True,False,False,False,False,True,True,True,True,True,True
qpeexact_6_Mutant_Replace_ry_P17_Q2_[3.9269908169872414].qasm,Quratest_21,0.0,0.0,0.2075709778407428,0.8411563782425248,0.205695829102451,0.7508855246303183,0.322364908512969,0.9593081437360048,0.0318273620775699,0.004256852153457,0.2021484375,0.68359375,True,True,True,False,True,False,True,True,True,True,True,True
qpeexact_6_Mutant_Replace_ry_P17_Q2_[3.9269908169872414].qasm,PureState_22,0.3424539451357219,0.0,0.0099242488998834,0.7981132073772065,0.0099227440969264,0.7175261710574392,1.2945373939476923e-16,0.9275192055375944,3.4441282818115555e-16,0.00723478369303,0.0,0.328125,False,True,False,False,False,False,False,True,True,True,False,False
qpeexact_6_Mutant_Replace_ry_P17_Q2_[3.9269908169872414].qasm,Quratest_22,5.1055686595043846e-300,0.0,0.107609053399443,0.85830235178603,0.1066577609492154,0.7579220839599767,0.0916288844008911,0.9770859880563436,0.1453871979309708,0.0048266048674866,0.04736328125,0.76904296875,True,True,False,False,False,False,True,True,True,True,True,True
qpeexact_6_Mutant_Replace_ry_P17_Q2_[3.9269908169872414].qasm,PureState_23,1.4080049427838612e-187,0.0,0.0955599783746532,0.991643669437502,0.095303764520453,0.8289356060623984,0.1035533905932737,0.9958937211130616,3.977690153495063e-16,4.025288730684037e-05,0.18310546875,0.07177734375,True,True,False,False,False,False,True,True,True,True,True,False
qpeexact_6_Mutant_Replace_ry_P17_Q2_[3.9269908169872414].qasm,Quratest_23,0.0,0.0,0.2801013721166109,0.8205925087990884,0.277942580430662,0.7298343535557325,0.3756517485128791,0.9286579377261992,0.0134886778223365,0.0395351035241677,0.21875,0.552734375,True,True,True,False,True,False,True,True,True,False,True,False
qpeexact_6_Mutant_Replace_ry_P17_Q2_[3.9269908169872414].qasm,PureState_24,0.0,0.0,0.2760647585267505,0.997615982049247,0.231836467828443,0.8319660263320058,0.1464466094067262,0.9999953334468642,0.8535533905932844,3.659815520210846e-07,0.1083984375,0.0810546875,True,True,True,False,True,False,True,True,True,True,True,False
qpeexact_6_Mutant_Replace_ry_P17_Q2_[3.9269908169872414].qasm,Quratest_24,0.0,0.0,0.2656235650621237,0.8530075668718714,0.2638970040899595,0.7596984882407238,0.3579306936149388,0.972485935858538,0.0017177599472943,0.0033784427616475,0.32373046875,0.546875,True,True,True,False,True,False,True,True,True,True,True,False
qpeexact_6_Mutant_Replace_ry_P17_Q2_[3.9269908169872414].qasm,PureState_25,7.878197501417202e-200,0.0,0.0982276281736622,0.9875687378301372,0.0979527306628847,0.8278807636254931,0.103553390593274,0.9993045785146724,0.4267766952966449,4.613403802313059e-06,0.005859375,0.63818359375,True,True,False,False,False,False,True,True,True,True,True,True
qpeexact_6_Mutant_Replace_ry_P17_Q2_[3.9269908169872414].qasm,Quratest_25,0.0,0.0,0.2393467934771434,0.9665089350832504,0.2371701558841916,0.816309526734018,0.3115689594072228,0.992392308644882,0.0183854909957933,9.05293520054015e-05,0.10986328125,0.546875,True,True,True,False,True,False,True,True,True,True,True,False
qpeexact_6_Mutant_Replace_ry_P17_Q2_[3.9269908169872414].qasm,PureState_26,2.4017197846612057e-170,0.0,0.0918032771827717,0.982813907596086,0.0915794979342473,0.8230044751080049,0.1035533905932737,0.999304578514672,0.426776695296645,1.2058356441649304e-05,0.037109375,0.80517578125,True,True,False,False,False,False,True,True,True,True,True,True
qpeexact_6_Mutant_Replace_ry_P17_Q2_[3.9269908169872414].qasm,Quratest_26,0.0,0.0,0.1271572354402223,0.9653275372457936,0.1258792268991002,0.817414621693322,0.1337202459821757,0.9957516694720528,0.4852950555648674,5.813266230575795e-05,0.0205078125,0.8056640625,True,True,False,False,True,False,True,True,True,True,True,True
qpeexact_6_Mutant_Replace_ry_P17_Q2_[3.9269908169872414].qasm,PureState_27,0.0588515355137221,0.0,0.0125002095110781,0.4990626518928186,0.0124949169475971,0.462031210599868,9.367506770274757e-17,0.8984528369005412,2.6410053363827796e-16,0.0411348401468908,0.0,0.560546875,True,True,False,False,False,False,False,False,True,False,False,False
qpeexact_6_Mutant_Replace_ry_P17_Q2_[3.9269908169872414].qasm,Quratest_27,0.0,0.0,0.1489811157810028,0.635716268796067,0.1479784126065255,0.5722420529916699,0.1492496226666805,0.896711362392262,0.121498510965296,0.0209578871852545,0.0390625,0.65380859375,True,True,True,False,True,False,True,False,True,False,True,True
qpeexact_6_Mutant_Replace_ry_P17_Q2_[3.9269908169872414].qasm,PureState_28,0.0306897263405854,0.0,0.0140248111779006,0.980451782804274,0.0140229589673379,0.8233920551846561,1.0928757898653883e-16,0.993980327834236,3.932647681920062e-16,0.0001146693767479,0.0,0.6298828125,True,True,False,False,False,False,False,True,True,True,False,True
qpeexact_6_Mutant_Replace_ry_P17_Q2_[3.9269908169872414].qasm,Quratest_28,0.0,0.0,0.1173471952780412,0.8950009564002037,0.1157394983840153,0.7785957386398654,0.1128304257854403,0.9662079561383397,0.0034618371249319,0.0021935498227453,0.029296875,0.5517578125,True,True,False,False,False,False,True,True,True,True,True,False
qpeexact_6_Mutant_Replace_ry_P17_Q2_[3.9269908169872414].qasm,PureState_29,0.0,0.0,0.2782969428348614,0.205529077764536,0.2336715089608076,0.1719118939402222,0.1464466094067263,0.1328304784701713,0.8535533905932848,0.8671695386860007,0.24560546875,0.35205078125,True,True,True,False,True,False,True,False,True,False,True,False
qpeexact_6_Mutant_Replace_ry_P17_Q2_[3.9269908169872414].qasm,Quratest_29,0.0,0.0,0.2390035873508254,0.8484750942221212,0.2319653536704166,0.7494224731253297,0.2446571848617161,0.9746462737417874,0.427324439302988,0.0022446099644865,0.017578125,0.4814453125,True,True,True,False,True,False,True,True,True,True,True,False
qpeexact_6_Mutant_Replace_ry_P17_Q2_[3.9269908169872414].qasm,PureState_30,0.0,0.0,0.276531074255952,0.9724779979883124,0.2321940617783629,0.8187905435038009,0.1464466094067262,0.9940209969767128,0.8535533905932848,0.000463460512898,0.26171875,0.0810546875,True,True,True,False,True,False,True,True,True,True,True,False
qpeexact_6_Mutant_Replace_ry_P17_Q2_[3.9269908169872414].qasm,Quratest_30,1.2343508482472637e-210,0.0,0.1213399062453702,0.6482693896829634,0.1210373101659204,0.5908559035935823,0.1491238078607304,0.7771570277525843,0.18036079493374,0.1711876918771379,0.00146484375,0.7021484375,True,True,False,False,True,False,True,False,True,False,True,True
qpeexact_6_Mutant_Replace_ry_P17_Q2_[3.9269908169872414].qasm,PureState_31,0.0,0.0,0.2807735310049161,0.9558713791665758,0.2358355517655256,0.8121723059193375,0.1464466094067262,0.9940209969767122,0.8535533905932846,0.0025260422189668,0.10400390625,1.34326171875,True,True,True,False,True,False,True,True,True,True,True,True
qpeexact_6_Mutant_Replace_ry_P17_Q2_[3.9269908169872414].qasm,Quratest_31,0.0,0.0,0.2032458279894222,0.911449270128993,0.1965779606979296,0.7845499541430584,0.1806829808035043,0.9726649383306352,0.0013612982531992,0.0023622457061416,0.0,0.357421875,True,True,True,False,True,False,True,True,True,True,False,False
qpeexact_6_Mutant_Replace_rz_P1_Q1_[5.497787143782138].qasm,PureState_0,0.0,0.0,0.2754078943219499,0.502534976626074,0.2724196069859755,0.4642086174592019,0.3535533905932736,0.8984528369005413,0.5000000000000074,0.0412841772959294,0.10888671875,0.560546875,True,True,True,False,True,False,True,False,True,False,True,False
qpeexact_6_Mutant_Replace_rz_P1_Q1_[5.497787143782138].qasm,Quratest_0,0.0,0.0,0.2433501371983795,0.8074166031502492,0.2406404105508588,0.7375182234542728,0.3003930845122531,0.9658296303129534,0.6950495156433526,0.0039965067258823,0.2587890625,0.26708984375,True,True,True,False,True,False,True,True,True,True,True,False
qpeexact_6_Mutant_Replace_rz_P1_Q1_[5.497787143782138].qasm,PureState_1,0.0,0.0,0.2012368618610799,0.9917750357709124,0.196181323185032,0.8301064623373562,0.2309698831278216,0.9993046878843496,0.5000000000000089,9.186005078433284e-07,0.00537109375,0.625,True,True,True,False,True,False,True,True,True,True,True,True
qpeexact_6_Mutant_Replace_rz_P1_Q1_[5.497787143782138].qasm,Quratest_1,0.0,0.0,0.2897438693765098,0.7923372252044731,0.2865259218369511,0.7122637096005642,0.3683255086693056,0.9346534963338607,0.1853648238486812,0.0201410339110521,0.24658203125,0.8740234375,True,True,True,False,True,False,True,True,True,False,True,True
qpeexact_6_Mutant_Replace_rz_P1_Q1_[5.497787143782138].qasm,PureState_2,0.0,0.0,0.3790390115953024,0.9880051450463022,0.3639811293513981,0.8278588054770664,0.4223115993103664,0.9993045785146722,0.500000000000009,4.61207822021771e-06,0.0859375,0.63818359375,True,True,True,False,True,False,True,True,True,True,True,True
qpeexact_6_Mutant_Replace_rz_P1_Q1_[5.497787143782138].qasm,Quratest_2,0.0,0.0,0.214878731972328,0.8186096545646347,0.2118483815416091,0.726014773912411,0.2519601356848457,0.935843343343077,0.2351478168928204,0.0352485328350706,0.02001953125,0.6708984375,True,True,True,False,True,False,True,True,True,False,True,True
qpeexact_6_Mutant_Replace_rz_P1_Q1_[5.497787143782138].qasm,PureState_3,0.0,0.0,0.2681075492627017,0.9161849832319358,0.2653170263623374,0.7907094146755997,0.3535533905932736,0.9951687180558688,0.5000000000000087,0.0004231288004817,0.125,0.98828125,True,True,True,False,True,False,True,True,True,True,True,True
qpeexact_6_Mutant_Replace_rz_P1_Q1_[5.497787143782138].qasm,Quratest_3,0.0,0.0,0.3657912926980596,0.9108327674331193,0.3565820298692782,0.7862904321481139,0.410711398121767,0.9767004704731088,0.3925579902163829,0.0028938594843718,0.45263671875,0.5126953125,True,True,True,False,True,False,True,True,True,True,True,False
qpeexact_6_Mutant_Replace_rz_P1_Q1_[5.497787143782138].qasm,PureState_4,0.0,0.0,0.2747799293436562,0.8625958285489432,0.2717263166071548,0.7670539393733887,0.3535533905932736,0.9817123933687792,0.5000000000000081,0.0019204983906613,0.15283203125,0.71044921875,True,True,True,False,True,False,True,True,True,True,True,True
qpeexact_6_Mutant_Replace_rz_P1_Q1_[5.497787143782138].qasm,Quratest_4,0.0,0.0,0.3790232588427396,0.9031623539248106,0.3607156280382259,0.7829261804034336,0.3921498004352587,0.974509019976886,0.4638585633011668,0.0018756964009356,0.0078125,0.642578125,True,True,True,False,True,False,True,True,True,True,True,True
qpeexact_6_Mutant_Replace_rz_P1_Q1_[5.497787143782138].qasm,PureState_5,0.0,0.0,0.3789030889861469,0.9496648408338738,0.3634567314686814,0.8090533255252714,0.4223115993103665,0.9993045785146724,0.5000000000000085,0.0002778874698897,0.0537109375,0.67626953125,True,True,True,False,True,False,True,True,True,True,True,True
qpeexact_6_Mutant_Replace_rz_P1_Q1_[5.497787143782138].qasm,Quratest_5,0.0,0.0,0.2200744095955655,0.8596064382350386,0.2172643905484039,0.7597441237861756,0.2579870169919664,0.956559527492737,0.1296453302138593,0.0131492564488147,0.16552734375,0.68701171875,True,True,True,False,True,False,True,True,True,True,True,True
qpeexact_6_Mutant_Replace_rz_P1_Q1_[5.497787143782138].qasm,PureState_6,0.0,0.0,0.1981002666569318,0.9968131782249766,0.1928255110497089,0.8312229714374313,0.2309698831278216,0.9998110891985454,0.500000000000009,5.305763429374875e-06,0.0,1.173828125,True,True,True,False,True,False,True,True,True,True,False,True
qpeexact_6_Mutant_Replace_rz_P1_Q1_[5.497787143782138].qasm,Quratest_6,0.0,0.0,0.3584223784917454,0.6165597785514682,0.3421716905732968,0.5461379480491464,0.3743762891535745,0.6631331015514831,0.710285254871478,0.2767292622067426,0.08154296875,0.4072265625,True,True,True,False,True,False,True,False,True,False,True,False
qpeexact_6_Mutant_Replace_rz_P1_Q1_[5.497787143782138].qasm,PureState_7,0.0,0.0,0.2005232836563536,0.9938100801667108,0.1961589572389415,0.8302659432178069,0.2309698831278216,0.9998110891985454,0.500000000000009,5.285054733189181e-06,0.0,1.173828125,True,True,True,False,True,False,True,True,True,True,False,True
qpeexact_6_Mutant_Replace_rz_P1_Q1_[5.497787143782138].qasm,Quratest_7,0.0,0.0,0.2518054641726568,0.9196783150378172,0.248612029829967,0.793363543797161,0.2889772036175363,0.9892623889795172,0.7000710900676966,0.0004184941026326,0.0654296875,0.65185546875,True,True,True,False,True,False,True,True,True,True,True,True
qpeexact_6_Mutant_Replace_rz_P1_Q1_[5.497787143782138].qasm,PureState_8,0.0,0.0,0.3799720276196217,0.9931777156028994,0.3642304540638398,0.8305235083170286,0.4223115993103662,0.999825341338465,0.5000000000000094,9.784571443538931e-07,0.0927734375,0.45947265625,True,True,True,False,True,False,True,True,True,True,True,False
qpeexact_6_Mutant_Replace_rz_P1_Q1_[5.497787143782138].qasm,Quratest_8,0.0,0.0,0.2899103019604624,0.9286319150191992,0.2820292711015958,0.7936178765672608,0.3996973732165662,0.9800780927444928,0.1605365272554078,0.0004602136812967,0.15283203125,0.583984375,True,True,True,False,True,False,True,True,True,True,True,False
qpeexact_6_Mutant_Replace_rz_P1_Q1_[5.497787143782138].qasm,PureState_9,0.0,0.0,0.2743208661340324,0.95281607313917,0.2713480113690997,0.8092057426401066,0.3535533905932736,0.993980327834236,0.5000000000000085,0.0024252216545552,0.03173828125,0.630859375,True,True,True,False,True,False,True,True,True,True,True,True
qpeexact_6_Mutant_Replace_rz_P1_Q1_[5.497787143782138].qasm,Quratest_9,0.0,0.0,0.44380428221309,0.8513752622689882,0.4292559111362472,0.7517125747001454,0.5352892534100365,0.9627906781054864,0.0799436096409582,0.0034474111874087,0.36572265625,0.85107421875,True,True,True,False,True,False,True,True,True,True,True,True
qpeexact_6_Mutant_Replace_rz_P1_Q1_[5.497787143782138].qasm,PureState_10,0.484708490204505,0.0,0.0055761802330765,0.954069911160461,0.0055760975164344,0.8111926506014485,9.020562075079398e-17,0.9940209969767128,0.5000000000000085,0.0025206137156932,0.0,1.34326171875,False,True,False,False,False,False,False,True,True,True,False,True
qpeexact_6_Mutant_Replace_rz_P1_Q1_[5.497787143782138].qasm,Quratest_10,0.0,0.0,0.3499668997630388,0.8177889976811186,0.3295267247314353,0.7345622051987638,0.3641809702386557,0.9554030226227213,0.3532325851145672,0.0103590582596047,0.07373046875,0.5380859375,True,True,True,False,True,False,True,True,True,True,True,False
qpeexact_6_Mutant_Replace_rz_P1_Q1_[5.497787143782138].qasm,PureState_11,0.0,0.0,0.2096564685924477,0.9902408470807118,0.2036566715958309,0.8287785939534751,0.2309698831278216,0.9970910946110938,0.5000000000000092,3.20763295323047e-05,0.01513671875,0.1552734375,True,True,True,False,True,False,True,True,True,True,True,False
qpeexact_6_Mutant_Replace_rz_P1_Q1_[5.497787143782138].qasm,Quratest_11,0.0,0.0,0.3194123894325309,0.9081595621528856,0.3097722945860588,0.7885904020498552,0.3444388739360435,0.981037216715586,0.4579763640840282,0.0008667176228708,0.0625,0.5869140625,True,True,True,False,True,False,True,True,True,True,True,False
qpeexact_6_Mutant_Replace_rz_P1_Q1_[5.497787143782138].qasm,PureState_12,0.0,0.0,0.5402677797167654,0.9949939740827594,0.4636713179430137,0.8320246488223718,0.4999999999999996,0.999995364974281,0.5000000000000092,2.31755957005951e-06,0.46923828125,0.63525390625,True,True,True,False,True,False,True,True,True,True,True,True
qpeexact_6_Mutant_Replace_rz_P1_Q1_[5.497787143782138].qasm,Quratest_12,0.0,0.0,0.3505731195360589,0.8854978550675712,0.3353933925408903,0.7749521762054452,0.3577623992056455,0.968178040699595,0.2371413711113937,0.0062657389731724,0.12060546875,1.046875,True,True,True,False,True,False,True,True,True,True,True,True
qpeexact_6_Mutant_Replace_rz_P1_Q1_[5.497787143782138].qasm,PureState_13,0.4549453184168225,0.0,0.0056599726799746,0.99742764497909,0.0056598558240343,0.8318205254892592,1.457167719820518e-16,0.9999953334468644,0.5000000000000085,3.617445514882193e-07,0.0,0.0810546875,False,True,False,False,False,False,False,True,True,True,False,False
qpeexact_6_Mutant_Replace_rz_P1_Q1_[5.497787143782138].qasm,Quratest_13,0.0,0.0,0.4062056105002055,0.9561186067919284,0.388224148084694,0.8130197458976403,0.4732245045766987,0.9884865990542396,0.131716153459402,0.0002508206367781,0.4130859375,0.51025390625,True,True,True,False,True,False,True,True,True,True,True,False
qpeexact_6_Mutant_Replace_rz_P1_Q1_[5.497787143782138].qasm,PureState_14,0.0,0.0,0.2789555542338967,0.986788454892839,0.275731096929713,0.8284733403079622,0.3535533905932736,0.9970919135931816,0.5000000000000089,3.721257042192002e-05,0.0185546875,0.66748046875,True,True,True,False,True,False,True,True,True,True,True,True
qpeexact_6_Mutant_Replace_rz_P1_Q1_[5.497787143782138].qasm,Quratest_14,0.0,0.0,0.2650989861038328,0.8578340102979889,0.2616512644411037,0.7535729926752298,0.3342218807631739,0.9618199665957567,0.3596704076642888,0.0028073364195834,0.23095703125,0.56494140625,True,True,True,False,True,False,True,True,True,True,True,False
qpeexact_6_Mutant_Replace_rz_P1_Q1_[5.497787143782138].qasm,PureState_15,0.0,0.0,0.1978755298339936,0.9931959234311442,0.1925237947167131,0.8301387707550119,0.2309698831278216,0.999161155991597,0.5000000000000089,9.22749597864067e-06,0.01904296875,1.15478515625,True,True,True,False,True,False,True,True,True,True,True,True
qpeexact_6_Mutant_Replace_rz_P1_Q1_[5.497787143782138].qasm,Quratest_15,0.0,0.0,0.3133396710019231,0.9800844175270148,0.3037246687394735,0.8217847140266564,0.3656737407968716,0.9932245941506316,0.3316408899980776,8.563441044602167e-05,0.3525390625,0.85498046875,True,True,True,False,True,False,True,True,True,True,True,True
qpeexact_6_Mutant_Replace_rz_P1_Q1_[5.497787143782138].qasm,PureState_16,0.0,0.0,0.3728312202481611,0.9822416433970168,0.3587842508674074,0.8223969454036566,0.4223115993103665,0.9939393820619828,0.500000000000009,0.0001046994739832,0.279296875,0.73486328125,True,True,True,False,True,False,True,True,True,True,True,True
qpeexact_6_Mutant_Replace_rz_P1_Q1_[5.497787143782138].qasm,Quratest_16,0.0,0.0,0.27767727899563,0.8878738297961061,0.2719808168708251,0.7687461602827307,0.3259993498572685,0.9694842860885152,0.1053041115881728,0.0020960421881236,0.06982421875,0.5556640625,True,True,True,False,True,False,True,True,True,True,True,False
qpeexact_6_Mutant_Replace_rz_P1_Q1_[5.497787143782138].qasm,PureState_17,0.0,0.0,0.5390395198670336,0.9949874371066196,0.4625499577909894,0.8322479564657578,0.4999999999999996,0.9999953956785448,0.500000000000009,4.6043872832009866e-06,0.49462890625,1.64794921875,True,True,True,False,True,False,True,True,True,True,True,True
qpeexact_6_Mutant_Replace_rz_P1_Q1_[5.497787143782138].qasm,Quratest_17,0.0,0.0,0.150133293094005,0.8431497338955874,0.1486100333677258,0.7509536305279839,0.208127330270883,0.9627185573618018,0.3636307318682368,0.0058315856822483,0.01806640625,0.67431640625,True,True,True,False,True,False,True,True,True,True,True,True
qpeexact_6_Mutant_Replace_rz_P1_Q1_[5.497787143782138].qasm,PureState_18,0.0,0.0,0.2042462164502144,0.9773531770318332,0.1988054129139517,0.8189435081700432,0.2309698831278215,0.9993045785146722,0.5000000000000085,4.868978094522894e-05,0.0556640625,0.6357421875,True,True,True,False,True,False,True,True,True,True,True,True
qpeexact_6_Mutant_Replace_rz_P1_Q1_[5.497787143782138].qasm,Quratest_18,0.0,0.0,0.402787376067933,0.9196092216357746,0.3784594618179651,0.7963686229908112,0.4203346316310222,0.9845081982997168,0.498192807744326,0.000666121115011,0.06640625,0.40234375,True,True,True,False,True,False,True,True,True,True,True,False
qpeexact_6_Mutant_Replace_rz_P1_Q1_[5.497787143782138].qasm,PureState_19,0.0,0.0,0.2774499735321217,0.9833655835641822,0.2742371649651521,0.823885899054161,0.3535533905932736,0.993980327834236,0.5000000000000085,0.000115123591168,0.01904296875,0.6298828125,True,True,True,False,True,False,True,True,True,True,True,True
qpeexact_6_Mutant_Replace_rz_P1_Q1_[5.497787143782138].qasm,Quratest_19,0.0,0.0,0.1334474429852724,0.8975562963604125,0.1324103022655319,0.7841657211603864,0.1699316585237641,0.9758564478798952,0.740302740573156,0.0067529068049656,0.0224609375,0.478515625,True,True,False,False,True,False,True,True,True,True,True,False
qpeexact_6_Mutant_Replace_rz_P1_Q1_[5.497787143782138].qasm,PureState_20,0.0,0.0,0.3818499490667232,0.9837517369209562,0.3662820618340111,0.8230830209428852,0.4223115993103665,0.9939393820619828,0.5000000000000087,0.0001044740005052,0.279296875,0.73486328125,True,True,True,False,True,False,True,True,True,True,True,True
qpeexact_6_Mutant_Replace_rz_P1_Q1_[5.497787143782138].qasm,Quratest_20,0.0,0.0,0.3355543212880216,0.8090516274078073,0.326543916100263,0.7221630128131028,0.3381341032080295,0.932423423657611,0.1566503403119384,0.0442942111835568,0.09912109375,0.802734375,True,True,True,False,True,False,True,True,True,False,True,True
qpeexact_6_Mutant_Replace_rz_P1_Q1_[5.497787143782138].qasm,PureState_21,0.0,0.0,0.381763192187132,0.9537262859794788,0.3658938867945745,0.8097652435915758,0.4223115993103664,0.9939393820619832,0.5000000000000085,0.0024003558716247,0.314453125,1.32861328125,True,True,True,False,True,False,True,True,True,True,True,True
qpeexact_6_Mutant_Replace_rz_P1_Q1_[5.497787143782138].qasm,Quratest_21,0.0,0.0,0.2990475839303234,0.8438405652284247,0.2913237375967984,0.7509670125863681,0.3841119428885305,0.9593081437360054,0.1114040169995351,0.004256852153457,0.33935546875,0.68359375,True,True,True,False,True,False,True,True,True,True,True,True
qpeexact_6_Mutant_Replace_rz_P1_Q1_[5.497787143782138].qasm,PureState_22,0.0,0.0,0.2714188952951456,0.7922058867288633,0.2684311583010033,0.7155119836469763,0.3535533905932736,0.9275192055375944,0.5000000000000079,0.00723478369303,0.12353515625,0.328125,True,True,True,False,True,False,True,True,True,True,True,False
qpeexact_6_Mutant_Replace_rz_P1_Q1_[5.497787143782138].qasm,Quratest_22,0.0,0.0,0.2147926628714146,0.8632584256803472,0.2074497936286352,0.7595875037811184,0.2190887976214738,0.9770859880563436,0.7320412185190178,0.0048266048674866,0.0830078125,0.76904296875,True,True,True,False,True,False,True,True,True,True,True,True
qpeexact_6_Mutant_Replace_rz_P1_Q1_[5.497787143782138].qasm,PureState_23,0.0,0.0,0.3806957174775356,0.9858420075835808,0.3653711559750056,0.8272892840096848,0.4223115993103665,0.995893721113062,0.5000000000000087,4.025288730683872e-05,0.294921875,0.07177734375,True,True,True,False,True,False,True,True,True,True,True,False
qpeexact_6_Mutant_Replace_rz_P1_Q1_[5.497787143782138].qasm,Quratest_23,0.0,0.0,0.586274892705557,0.8184549562795391,0.5514409270671432,0.7282187198010187,0.6454971151727574,0.9286579377261994,0.1161913780528315,0.0395351035241676,0.05322265625,0.552734375,True,True,True,False,True,False,True,True,True,False,True,False
qpeexact_6_Mutant_Replace_rz_P1_Q1_[5.497787143782138].qasm,PureState_24,0.8013721373703389,0.0,0.0035352859788609,0.998053884106943,0.0035352799321032,0.8321379446832969,1.8735013540549522e-16,0.999995333446864,0.5000000000000082,3.659815520210853e-07,0.0,0.0810546875,False,True,False,False,False,False,False,True,True,True,False,False
qpeexact_6_Mutant_Replace_rz_P1_Q1_[5.497787143782138].qasm,Quratest_24,0.0,0.0,0.3599683748943609,0.856243903685875,0.3540443402052463,0.7618455344068354,0.4603798413276851,0.972485935858538,0.1306457328225962,0.0033784427616475,0.16552734375,0.546875,True,True,True,False,True,False,True,True,True,True,True,False
qpeexact_6_Mutant_Replace_rz_P1_Q1_[5.497787143782138].qasm,PureState_25,0.0,0.0,0.3931419554809699,0.991695222158153,0.3762419025661588,0.8291262960671866,0.4223115993103666,0.9993045785146724,0.5000000000000081,4.613403802313059e-06,0.0859375,0.63818359375,True,True,True,False,True,False,True,True,True,True,True,True
qpeexact_6_Mutant_Replace_rz_P1_Q1_[5.497787143782138].qasm,Quratest_25,0.0,0.0,0.5468081031226147,0.9677133766063036,0.5205984435910418,0.8171716154679373,0.6431829304999706,0.992392308644882,0.2761221133584819,9.052935200540352e-05,0.06298828125,0.546875,True,True,True,False,True,False,True,True,True,True,True,False
qpeexact_6_Mutant_Replace_rz_P1_Q1_[5.497787143782138].qasm,PureState_26,0.0,0.0,0.3828545127367538,0.9855341336709896,0.3671998606662666,0.8239329986701783,0.4223115993103664,0.999304578514672,0.5000000000000087,1.2058356441649258e-05,0.0751953125,0.80517578125,True,True,True,False,True,False,True,True,True,True,True,True
qpeexact_6_Mutant_Replace_rz_P1_Q1_[5.497787143782138].qasm,Quratest_26,0.0,0.0,0.2053112588082237,0.9687009320506405,0.2003924189712201,0.8177185111768688,0.210704470755886,0.995751669472052,0.3840960596366203,5.8132662305759354e-05,0.0966796875,0.8056640625,True,True,True,False,True,False,True,True,True,True,True,True
qpeexact_6_Mutant_Replace_rz_P1_Q1_[5.497787143782138].qasm,PureState_27,0.0,0.0,0.2678900813208458,0.4923126036852995,0.2651029179807184,0.4573301665319473,0.3535533905932737,0.8984528369005412,0.5000000000000073,0.0411348401468908,0.10888671875,0.560546875,True,True,True,False,True,False,True,False,True,False,True,False
qpeexact_6_Mutant_Replace_rz_P1_Q1_[5.497787143782138].qasm,Quratest_27,0.0,0.0,0.3720239912461314,0.6334207277196398,0.3608668021645774,0.5697092984212153,0.4382877039617029,0.896711362392262,0.1919703325675343,0.0209578871852545,0.0048828125,0.65380859375,True,True,True,False,True,False,True,False,True,False,True,True
qpeexact_6_Mutant_Replace_rz_P1_Q1_[5.497787143782138].qasm,PureState_28,0.0,0.0,0.2745499108061441,0.984891811746874,0.2715010706038031,0.8245198164002736,0.3535533905932736,0.993980327834236,0.5000000000000087,0.0001146693767479,0.01904296875,0.6298828125,True,True,True,False,True,False,True,True,True,True,True,True
qpeexact_6_Mutant_Replace_rz_P1_Q1_[5.497787143782138].qasm,Quratest_28,0.0,0.0,0.2807396932496709,0.8953214716312863,0.2761222813486593,0.7786523721516506,0.353873868110364,0.9662079561383408,0.0954426300521366,0.0021935498227453,0.068359375,0.5517578125,True,True,True,False,True,False,True,True,True,True,True,False
qpeexact_6_Mutant_Replace_rz_P1_Q1_[5.497787143782138].qasm,PureState_29,0.0,0.0,0.5396278292797971,0.2080549851695016,0.463082212471017,0.1740445550189303,0.4999999999999999,0.1328304784701713,0.5000000000000075,0.8671695386860014,0.51806640625,0.35205078125,True,True,True,False,True,False,True,False,True,False,True,False
qpeexact_6_Mutant_Replace_rz_P1_Q1_[5.497787143782138].qasm,Quratest_29,0.0,0.0,0.2837298269759975,0.8490134491328901,0.2780076302120343,0.7497908328266625,0.3197231180567014,0.9746462737417878,0.3758508219655706,0.0022446099644865,0.01220703125,0.4814453125,True,True,True,False,True,False,True,True,True,True,True,False
qpeexact_6_Mutant_Replace_rz_P1_Q1_[5.497787143782138].qasm,PureState_30,0.5303235708957905,0.0,0.0052573014287986,0.9715992186888064,0.0052572878188332,0.8189521838946405,1.249000902703301e-16,0.9940209969767128,0.5000000000000084,0.000463460512898,0.0,0.0810546875,False,True,False,False,False,False,False,True,True,True,False,False
qpeexact_6_Mutant_Replace_rz_P1_Q1_[5.497787143782138].qasm,Quratest_30,0.0,0.0,0.1172838225281872,0.6467514952891648,0.115881115575639,0.5894813396789278,0.1129716576600906,0.7771570277525846,0.9302554929921591,0.1711876918771378,0.07373046875,0.7021484375,True,True,False,False,False,False,True,False,True,False,True,True
qpeexact_6_Mutant_Replace_rz_P1_Q1_[5.497787143782138].qasm,PureState_31,0.0112178194903795,0.0,0.0117104902229835,0.95303428210117,0.0117101661357603,0.8104907546227023,2.220446049250313e-16,0.9940209969767122,0.5000000000000093,0.0025260422189668,0.0,1.34326171875,True,True,False,False,False,False,False,True,True,True,False,True
qpeexact_6_Mutant_Replace_rz_P1_Q1_[5.497787143782138].qasm,Quratest_31,0.0,0.0,0.1805610953400673,0.9134960888484246,0.1798545636440834,0.7859162687199276,0.2450866070529828,0.9726649383306356,0.9225481788329266,0.0023622457061416,0.09765625,0.357421875,True,True,True,False,True,False,True,True,True,True,True,False
qpeexact_6_Mutant_Add_t_P23_Q4_[].qasm,PureState_0,0.0,0.0,0.735523545900123,0.5095764305417253,0.6829274649710142,0.4690076489448557,0.8446231986207329,0.8984528369001343,3.4514939048689236e-16,0.0412841772960949,0.14990234375,0.560546875,True,True,True,False,True,False,True,False,True,False,True,False
qpeexact_6_Mutant_Add_t_P23_Q4_[].qasm,Quratest_0,0.0,0.0,0.4587307818358,0.804498607395749,0.4435340943133954,0.7353630102890312,0.5608420477540009,0.9658296303134232,0.2617034226233737,0.0039965067391087,0.77978515625,0.26708984375,True,True,True,False,True,False,True,True,True,True,True,False
qpeexact_6_Mutant_Add_t_P23_Q4_[].qasm,PureState_1,0.0,0.0,0.6491399846471076,0.9945930549774704,0.6114893615446378,0.8304045715965148,0.7762696487589354,0.9993046878843524,3.934145218668387e-16,9.186005067031608e-07,0.0107421875,0.625,True,True,True,False,True,False,True,True,True,True,True,True
qpeexact_6_Mutant_Add_t_P23_Q4_[].qasm,Quratest_1,0.0,0.0,0.465329295108884,0.7948537326454427,0.4465183819970399,0.7138536893328342,0.757023722506864,0.9346534963377828,0.0324020693595143,0.0201410337937726,0.435546875,0.8740234375,True,True,True,False,True,False,True,True,True,False,True,True
qpeexact_6_Mutant_Add_t_P23_Q4_[].qasm,PureState_2,0.0,0.0,0.8463713955474992,0.9873508276669876,0.7570654991886324,0.8271772305904118,0.9209228812630896,0.9993045785146722,3.987255786398107e-16,4.612078217282263e-06,0.0380859375,0.63818359375,True,True,True,False,True,False,True,True,True,True,True,True
qpeexact_6_Mutant_Add_t_P23_Q4_[].qasm,Quratest_2,0.0,0.0,0.4267620651642388,0.8143803872706401,0.4055875807741133,0.7240814604942938,0.7489839993747223,0.935843343346598,3.9201606167158638e-16,0.0352485325221439,0.0625,0.6708984375,True,True,True,False,True,False,True,True,True,False,True,True
qpeexact_6_Mutant_Add_t_P23_Q4_[].qasm,PureState_3,0.0,0.0,0.3978596362193049,0.9148967314412396,0.3806785486841822,0.7931026525216733,0.461939766255643,0.9951687180558608,3.7928925791179893e-16,0.0004231288004834,0.66015625,0.98828125,True,True,True,False,True,False,True,True,True,True,True,True
qpeexact_6_Mutant_Add_t_P23_Q4_[].qasm,Quratest_3,0.0,0.0,0.3810406569034732,0.907801471790813,0.362783179464436,0.7861336811445934,0.4069720514678641,0.9767004704735543,0.2359285910465726,0.0028938594780721,0.23828125,0.5126953125,True,True,True,False,True,False,True,True,True,True,True,False
qpeexact_6_Mutant_Add_t_P23_Q4_[].qasm,PureState_4,0.0,0.0,0.7287294612923089,0.8541905416230178,0.6781696112472291,0.7640534693338238,0.8446231986207329,0.9817123933687708,2.770238328601345e-16,0.001920498390669,0.14990234375,0.71044921875,True,True,True,False,True,False,True,True,True,True,True,True
qpeexact_6_Mutant_Add_t_P23_Q4_[].qasm,Quratest_4,3.1543442380425965e-22,0.0,0.0461935917971698,0.9062240844050756,0.0461712069942427,0.7844823172480716,0.0773116675670011,0.9745090199773552,0.9865232671582084,0.0018756963804733,0.02392578125,0.642578125,True,True,False,False,False,False,True,True,True,True,True,True
qpeexact_6_Mutant_Add_t_P23_Q4_[].qasm,PureState_5,0.0,0.0,0.8514389405712621,0.9501116864107776,0.7603087943047807,0.8106964217395772,0.92092288126309,0.9993045785146724,3.9903997471624967e-16,0.0002778874711011,0.0380859375,0.67626953125,True,True,True,False,True,False,True,True,True,True,True,True
qpeexact_6_Mutant_Add_t_P23_Q4_[].qasm,Quratest_5,0.0,0.0,0.4806840816503147,0.8594481196015563,0.4563869211304878,0.7592043960977931,0.6296486731820763,0.956559527493164,0.0324020693595142,0.0131492564426793,0.03759765625,0.68701171875,True,True,True,False,True,False,True,True,True,True,True,True
qpeexact_6_Mutant_Add_t_P23_Q4_[].qasm,PureState_6,0.0,0.0,0.4733982384444229,0.9934603644179678,0.4573267724923476,0.8306532020104661,0.5798459091621597,0.999811089198569,3.8690370085716774e-16,5.30576347513979e-06,1.0185546875,1.173828125,True,True,True,False,True,False,True,True,True,True,True,True
qpeexact_6_Mutant_Add_t_P23_Q4_[].qasm,Quratest_6,0.0,0.0,0.7194180349265318,0.6195525047101856,0.6457863968597569,0.5479428898610194,0.9393284701049897,0.6631331015550329,3.9418752385048974e-16,0.2767292623501121,0.47314453125,0.4072265625,True,True,True,False,True,False,True,False,True,False,True,False
qpeexact_6_Mutant_Add_t_P23_Q4_[].qasm,PureState_7,0.0,0.0,0.470569973717296,0.9938129963605769,0.4546796210455969,0.8303276876541104,0.5798459091621598,0.999811089198569,3.916570032842459e-16,5.285054686848883e-06,1.0185546875,1.173828125,True,True,True,False,True,False,True,True,True,True,True,True
qpeexact_6_Mutant_Add_t_P23_Q4_[].qasm,Quratest_7,0.0,0.0,0.4275139885105622,0.919032217688874,0.4141512378432192,0.7921805874445629,0.5467279936491423,0.989262388979612,0.0064898147731067,0.0004184941022749,0.01123046875,0.65185546875,True,True,True,False,True,False,True,True,True,True,True,True
qpeexact_6_Mutant_Add_t_P23_Q4_[].qasm,PureState_8,0.0,0.0,0.280303443044185,0.9913507437545572,0.2650329394733015,0.8303784285597896,0.2858770085573203,0.999825341338468,3.52416891378574e-16,9.78457148527421e-07,0.345703125,0.45947265625,True,True,True,False,True,False,True,True,True,True,True,False
qpeexact_6_Mutant_Add_t_P23_Q4_[].qasm,Quratest_8,0.0,0.0,0.2191930796618312,0.9280592306804624,0.2147938197076857,0.7934766007467579,0.2846407031811708,0.9800780927445408,0.0675161320840615,0.0004602136827511,0.09130859375,0.583984375,True,True,True,False,True,False,True,True,True,True,True,False
qpeexact_6_Mutant_Add_t_P23_Q4_[].qasm,PureState_9,0.0,0.0,0.7321396356673053,0.9541997967616628,0.6808818129248538,0.8101762734549679,0.8446231986207328,0.9939803278377808,3.9967423180374414e-16,0.0024252216531271,0.0009765625,0.630859375,True,True,True,False,True,False,True,True,True,True,True,True
qpeexact_6_Mutant_Add_t_P23_Q4_[].qasm,Quratest_9,0.0,0.0,0.4298537863392103,0.8578557162836147,0.4121500854208427,0.7524470429206952,0.450633249934399,0.9627906781058878,0.0481620097135217,0.0034474112214349,0.43212890625,0.85107421875,True,True,True,False,True,False,True,True,True,True,True,True
qpeexact_6_Mutant_Add_t_P23_Q4_[].qasm,PureState_10,0.0,0.0,0.5472588651783354,0.9528638517975028,0.5314593350796273,0.8104085860941218,0.7071067811865472,0.9940209969766892,3.93572896700464e-16,0.0025206137157033,1.42431640625,1.34326171875,True,True,True,False,True,False,True,True,True,True,True,True
qpeexact_6_Mutant_Add_t_P23_Q4_[].qasm,Quratest_10,0.0,0.0,0.3801740502824187,0.8142918748463838,0.3639298316718152,0.7340222461563589,0.6090953465919947,0.9554030226231468,0.0085374503906287,0.0103590582717098,0.19921875,0.5380859375,True,True,True,False,True,False,True,True,True,True,True,False
qpeexact_6_Mutant_Add_t_P23_Q4_[].qasm,PureState_11,0.0,0.0,0.4737271431985329,0.98593686596489,0.4574098215802966,0.8279952112219802,0.57984590916216,0.9970910946111174,4.0279858688521335e-16,3.207633004382018e-05,1.0185546875,0.1552734375,True,True,True,False,True,False,True,True,True,True,True,False
qpeexact_6_Mutant_Add_t_P23_Q4_[].qasm,Quratest_11,0.0,0.0,0.6332157178517518,0.912937993276799,0.6002477357403772,0.7913229616043514,0.815266058062769,0.981037216715684,3.9829793944608757e-16,0.0008667176092958,0.14501953125,0.5869140625,True,True,True,False,True,False,True,True,True,True,True,False
qpeexact_6_Mutant_Add_t_P23_Q4_[].qasm,PureState_12,0.8258705755794176,0.0,0.0007778184519977,0.9949939740827594,0.0007778184127464,0.8320246488223718,1.1102230246251563e-16,0.9999953649742838,3.5478163907941685e-16,2.317559568697782e-06,0.0,0.63525390625,False,True,False,False,False,False,False,True,True,True,False,True
qpeexact_6_Mutant_Add_t_P23_Q4_[].qasm,Quratest_12,0.0,0.0,0.4583586648410443,0.8859930230521355,0.4344249997872562,0.7759305909653903,0.5227895841634462,0.968178040703142,0.0735239702513249,0.0062657386963501,0.79052734375,1.046875,True,True,True,False,True,False,True,True,True,True,True,True
qpeexact_6_Mutant_Add_t_P23_Q4_[].qasm,PureState_13,0.0,0.0,0.5413759764623807,0.9971235817858596,0.5260885127609548,0.8316703286109961,0.7071067811865471,0.999995333446867,3.884440838732231e-16,3.617445512724787e-07,1.42431640625,0.0810546875,True,True,True,False,True,False,True,True,True,True,True,False
qpeexact_6_Mutant_Add_t_P23_Q4_[].qasm,Quratest_13,0.0,0.0,0.3083880291765545,0.9544415626894448,0.2930525959942224,0.8118813578295702,0.3223857522551177,0.9884865990546948,0.1148545376115111,0.0002508206338529,0.24658203125,0.51025390625,True,True,True,False,True,False,True,True,True,True,True,False
qpeexact_6_Mutant_Add_t_P23_Q4_[].qasm,PureState_14,0.0,0.0,0.4016697128664974,0.9834347714820656,0.38285292348005,0.8280898463634552,0.4619397662556431,0.997091913593253,3.9892046776154353e-16,3.7212570399995387e-05,0.00830078125,0.66748046875,True,True,True,False,True,False,True,True,True,True,True,True
qpeexact_6_Mutant_Add_t_P23_Q4_[].qasm,Quratest_14,0.0,0.0,0.3637697208001847,0.8551798476687454,0.3514799413790676,0.7514773182049299,0.4741674785796178,0.9618199665993192,0.060484487074708,0.0028073364181765,0.1376953125,0.56494140625,True,True,True,False,True,False,True,True,True,True,True,False
qpeexact_6_Mutant_Add_t_P23_Q4_[].qasm,PureState_15,0.0,0.0,0.6514640889851676,0.9936707722637432,0.6106849286087528,0.830244775920404,0.7762696487589352,0.9991611559916208,4.1309831529993133e-16,9.22749583982435e-06,1.01953125,1.15478515625,True,True,True,False,True,False,True,True,True,True,True,True
qpeexact_6_Mutant_Add_t_P23_Q4_[].qasm,Quratest_15,0.0,0.0,0.4264010319322142,0.9803770515082628,0.4116196650746148,0.8218798233128446,0.6304526566163258,0.9932245941506372,0.0470256399416552,8.563441067366677e-05,0.39892578125,0.85498046875,True,True,True,False,True,False,True,True,True,True,True,True
qpeexact_6_Mutant_Add_t_P23_Q4_[].qasm,PureState_16,0.0,0.0,0.2906267103136327,0.9871289215847036,0.2751032574899685,0.824623403416631,0.2858770085573203,0.9939393820619828,3.943396825995847e-16,0.0001046994744841,0.19384765625,0.73486328125,True,True,True,False,True,False,True,True,True,True,True,True
qpeexact_6_Mutant_Add_t_P23_Q4_[].qasm,Quratest_16,0.0,0.0,0.4470112817118808,0.88915093685691,0.422623185994492,0.7698919434182504,0.6863926819157289,0.9694842860924374,0.0440602018369991,0.0020960422159831,0.158203125,0.5556640625,True,True,True,False,True,False,True,True,True,True,True,False
qpeexact_6_Mutant_Add_t_P23_Q4_[].qasm,PureState_17,0.0,0.0,1.0,0.9929037538333052,0.8325546111576977,0.8319828431172546,0.9999999999999994,0.9999953956785472,3.996805325726166e-16,4.604387280496456e-06,2.0,1.64794921875,True,True,True,False,True,False,True,True,True,True,True,True
qpeexact_6_Mutant_Add_t_P23_Q4_[].qasm,Quratest_17,0.0,0.0,0.518714576936563,0.8434613438271806,0.4980489275608138,0.7519204331125658,0.7094907382922176,0.962718557365302,0.0917693573937537,0.005831585613197,0.04931640625,0.67431640625,True,True,True,False,True,False,True,True,True,True,True,True
qpeexact_6_Mutant_Add_t_P23_Q4_[].qasm,PureState_18,0.0,0.0,0.6513824552434341,0.9764018293807708,0.6120139865669877,0.8183537594248224,0.7762696487589352,0.9993045785146722,4.000864805589194e-16,4.86897811479159e-05,0.0107421875,0.6357421875,True,True,True,False,True,False,True,True,True,True,True,True
qpeexact_6_Mutant_Add_t_P23_Q4_[].qasm,Quratest_18,0.0,0.0,0.2386167095785843,0.9226300948487216,0.2346496850332283,0.7979433709466638,0.4770404029633228,0.9845081982997876,0.0441374062835208,0.0006661211161529,0.5078125,0.40234375,True,True,True,False,True,False,True,True,True,True,True,False
qpeexact_6_Mutant_Add_t_P23_Q4_[].qasm,PureState_19,0.0,0.0,0.7319570448830083,0.9861348794316672,0.6800864981742856,0.8248059673354704,0.8446231986207324,0.993980327837781,3.97758804399287e-16,0.0001151235911002,0.0009765625,0.6298828125,True,True,True,False,True,False,True,True,True,True,True,True
qpeexact_6_Mutant_Add_t_P23_Q4_[].qasm,Quratest_19,0.0,0.0,0.1659283346766565,0.8997541744626365,0.1648951722261068,0.7849693981564183,0.3188690463435996,0.9758564478803486,0.8035827795502891,0.006752906830668,0.32958984375,0.478515625,True,True,True,False,True,False,True,True,True,True,True,False
qpeexact_6_Mutant_Add_t_P23_Q4_[].qasm,PureState_20,0.0,0.0,0.2915257071795876,0.985280819179294,0.2739402382722531,0.8240154471229456,0.2858770085573202,0.9939393820619828,5.042358946622456e-16,0.0001044740000042,0.19384765625,0.73486328125,True,True,True,False,True,False,True,True,True,True,True,True
qpeexact_6_Mutant_Add_t_P23_Q4_[].qasm,Quratest_20,0.0,0.0,0.6277374508265819,0.8113187607085215,0.5888979674662238,0.7248725501659924,0.725007200116806,0.9324234236611194,0.0033408618027609,0.0442942114692452,0.33447265625,0.802734375,True,True,True,False,True,False,True,True,True,False,True,True
qpeexact_6_Mutant_Add_t_P23_Q4_[].qasm,PureState_21,0.0,0.0,0.842638554919492,0.9531547802520444,0.7558877019822927,0.809202229000525,0.9209228812630896,0.9939393820619832,3.986562480284743e-16,0.0024003558751973,1.400390625,1.32861328125,True,True,True,False,True,False,True,True,True,True,True,True
qpeexact_6_Mutant_Add_t_P23_Q4_[].qasm,Quratest_21,0.0,0.0,0.4319297852969856,0.8457335083333677,0.418567713686903,0.7538697292132929,0.7018880078753474,0.9593081437399008,0.0062273288271151,0.0042568521283193,0.10546875,0.68359375,True,True,True,False,True,False,True,True,True,True,True,True
qpeexact_6_Mutant_Add_t_P23_Q4_[].qasm,PureState_22,0.0,0.0,0.392898177045793,0.7923802871070288,0.3772960342066807,0.7153047189349757,0.4619397662556431,0.927519205537586,3.756919561655584e-16,0.007234783693059,0.66015625,0.328125,True,True,True,False,True,False,True,True,True,True,True,False
qpeexact_6_Mutant_Add_t_P23_Q4_[].qasm,Quratest_22,0.0,0.0,0.2333385456559328,0.8562478791916718,0.2307314091153635,0.7559927322945467,0.2853616543154633,0.9770859880568366,0.7082843343640295,0.0048266048208101,0.2255859375,0.76904296875,True,True,True,False,True,False,True,True,True,True,True,True
qpeexact_6_Mutant_Add_t_P23_Q4_[].qasm,PureState_23,0.0,0.0,0.8461658927254379,0.9944538384261568,0.7580942584463017,0.8289139777686376,0.9209228812630896,0.995893721113085,3.9962345953302264e-16,4.0252887442590016e-05,1.400390625,0.07177734375,True,True,True,False,True,False,True,True,True,True,True,False
qpeexact_6_Mutant_Add_t_P23_Q4_[].qasm,Quratest_23,0.0,0.0,0.4729402746925205,0.8169193629060547,0.4565991791977569,0.7272226021777163,0.6815870525571521,0.9286579377296992,3.957397887688563e-16,0.0395351033217346,0.1923828125,0.552734375,True,True,True,False,True,False,True,True,True,False,True,False
qpeexact_6_Mutant_Add_t_P23_Q4_[].qasm,PureState_24,0.0,0.0,0.5386284199253024,0.997615982049247,0.5236094578518797,0.8319660263320059,0.7071067811865472,0.9999953334468672,3.786393601489372e-16,3.659815517956793e-07,1.42431640625,0.0810546875,True,True,True,False,True,False,True,True,True,True,True,False
qpeexact_6_Mutant_Add_t_P23_Q4_[].qasm,Quratest_24,0.0,0.0,0.6376500849762711,0.8576690229141698,0.5979443698548368,0.7625742995857391,0.7693745077317039,0.972485935858963,0.0965280942730475,0.003378442715559,0.23095703125,0.546875,True,True,True,False,True,False,True,True,True,True,True,False
qpeexact_6_Mutant_Add_t_P23_Q4_[].qasm,PureState_25,0.0,0.0,0.8507607195093114,0.9873231061337008,0.7604538925190771,0.8278622493464644,0.92092288126309,0.9993045785146724,3.932586309682099e-16,4.613403805268571e-06,0.0380859375,0.63818359375,True,True,True,False,True,False,True,True,True,True,True,True
qpeexact_6_Mutant_Add_t_P23_Q4_[].qasm,Quratest_25,0.0,0.0,0.1861908072714554,0.9664420930927704,0.1826116331218392,0.8170499972276931,0.1968361445488344,0.9923923086449796,0.7925085862865808,9.052935423656564e-05,0.1923828125,0.546875,True,True,True,False,True,False,True,True,True,True,True,False
qpeexact_6_Mutant_Add_t_P23_Q4_[].qasm,PureState_26,0.0,0.0,0.2875050107798886,0.982644301847558,0.2710182997965744,0.8232318090869205,0.2858770085573203,0.9993045785146724,3.9170799697450083e-16,1.205835639739752e-05,0.345703125,0.80517578125,True,True,True,False,True,False,True,True,True,True,True,True
qpeexact_6_Mutant_Add_t_P23_Q4_[].qasm,Quratest_26,0.0,0.0,0.287953437650256,0.971665095034546,0.2828260794652548,0.8184821370642684,0.4043744983385259,0.9957516694720848,0.4723680381375849,5.813266312966661e-05,0.34130859375,0.8056640625,True,True,True,False,True,False,True,True,True,True,True,True
qpeexact_6_Mutant_Add_t_P23_Q4_[].qasm,PureState_27,0.0,0.0,0.7428548095514493,0.5008794976742692,0.6883687049505677,0.4640192449069735,0.8446231986207329,0.8984528369001343,2.8087498424998606e-16,0.0411348401470555,0.14990234375,0.560546875,True,True,True,False,True,False,True,False,True,False,True,False
qpeexact_6_Mutant_Add_t_P23_Q4_[].qasm,Quratest_27,0.0,0.0,0.3600443216399265,0.6368677952421606,0.3528617057501336,0.5716991962962842,0.4673897705431781,0.8967113623922629,0.3566112022617534,0.0209578870338295,0.05224609375,0.65380859375,True,True,True,False,True,False,True,False,True,False,True,True
qpeexact_6_Mutant_Add_t_P23_Q4_[].qasm,PureState_28,0.0,0.0,0.7402484079187979,0.980724595841918,0.6868499929095913,0.8236144392908771,0.8446231986207325,0.993980327837781,3.979721010184684e-16,0.0001146693766804,0.0009765625,0.6298828125,True,True,True,False,True,False,True,True,True,True,True,True
qpeexact_6_Mutant_Add_t_P23_Q4_[].qasm,Quratest_28,0.0,0.0,0.2705210159312334,0.8987177717383301,0.2650300192424806,0.7796209021396108,0.3204567784163198,0.9662079561422148,0.1651717744587641,0.0021935497806772,0.2568359375,0.5517578125,True,True,True,False,True,False,True,True,True,True,True,False
qpeexact_6_Mutant_Add_t_P23_Q4_[].qasm,PureState_29,0.0,0.0,1.0,0.2120394628165632,0.8325546111576977,0.177410186322274,0.9999999999999996,0.1328304784666978,9.992019909263204e-17,0.8671695386894747,2.0,0.35205078125,True,True,True,False,True,False,True,False,True,False,True,False
qpeexact_6_Mutant_Add_t_P23_Q4_[].qasm,Quratest_29,0.0,0.0,0.3575570944947927,0.8487099762671125,0.3499611946155793,0.7497700190301994,0.4199397795811696,0.97464627374221,0.0096156029081082,0.0022446100117297,0.3271484375,0.4814453125,True,True,True,False,True,False,True,True,True,True,True,False
qpeexact_6_Mutant_Add_t_P23_Q4_[].qasm,PureState_30,0.0,0.0,0.547346033269048,0.9719552710272268,0.5315392227125351,0.819405696892118,0.7071067811865472,0.994020996976689,3.9728123419500215e-16,0.0004634605128999,1.42431640625,0.0810546875,True,True,True,False,True,False,True,True,True,True,True,False
qpeexact_6_Mutant_Add_t_P23_Q4_[].qasm,Quratest_30,8.756754554581638e-132,0.0,0.0907988140739841,0.6560870606634518,0.0906421173120192,0.5961869419295599,0.1107190630967334,0.7771570277564592,0.8708094572414403,0.17118769123515,0.06005859375,0.7021484375,True,True,False,False,False,False,True,False,True,False,True,True
qpeexact_6_Mutant_Add_t_P23_Q4_[].qasm,PureState_31,0.0,0.0,0.546675310084518,0.9538419370511512,0.5309362221077534,0.8106820868536642,0.7071067811865472,0.9940209969766884,3.9937138032722277e-16,0.0025260422189769,1.42431640625,1.34326171875,True,True,True,False,True,False,True,True,True,True,True,True
qpeexact_6_Mutant_Add_t_P23_Q4_[].qasm,Quratest_31,0.0,0.0,0.5252288432530485,0.918690183612965,0.4951965960050631,0.7858440718051884,0.7389953071441404,0.9726649383345632,0.0014964755769678,0.002362245630913,0.5810546875,0.357421875,True,True,True,False,True,False,True,True,True,True,True,False
qpeexact_6_Mutant_Replace_s_P2_Q2_[].qasm,PureState_0,0.1595326931994473,0.0,0.0114131370804387,0.4995373293503933,0.0114119385674352,0.4622269556716615,2.168404344971009e-16,0.8984528369005413,0.5000000000000071,0.0412841772959294,0.0,0.560546875,True,True,False,False,False,False,False,False,True,False,False,False
qpeexact_6_Mutant_Replace_s_P2_Q2_[].qasm,Quratest_0,0.0,0.0,0.2613264105360469,0.8031977617977422,0.2565096637075248,0.7352331919343085,0.3064858574911321,0.9658296303129534,0.3425809557622139,0.0039965067258823,0.025390625,0.26708984375,True,True,True,False,True,False,True,True,True,True,True,False
qpeexact_6_Mutant_Replace_s_P2_Q2_[].qasm,PureState_1,0.0,0.0,0.2791476354407898,0.9917087622639528,0.2759780838669556,0.8298861237253321,0.3535533905932736,0.9993046878843496,0.5000000000000087,9.186005078432432e-07,0.001953125,0.625,True,True,True,False,True,False,True,True,True,True,True,True
qpeexact_6_Mutant_Replace_s_P2_Q2_[].qasm,Quratest_1,0.0,0.0,0.3008358864174215,0.7938347761343473,0.2970449081247376,0.71497853739332,0.3987064580965136,0.9346534963338607,0.2823949696856294,0.0201410339110521,0.27294921875,0.8740234375,True,True,True,False,True,False,True,True,True,False,True,True
qpeexact_6_Mutant_Replace_s_P2_Q2_[].qasm,PureState_2,0.0,0.0,0.280395813939084,0.9886991409283152,0.2772119142892995,0.8278816791769995,0.3535533905932735,0.9993045785146722,0.5000000000000089,4.61207822021771e-06,0.01123046875,0.63818359375,True,True,True,False,True,False,True,True,True,True,True,True
qpeexact_6_Mutant_Replace_s_P2_Q2_[].qasm,Quratest_2,0.0,0.0,0.2373678933749499,0.818433891899149,0.2326912703609021,0.7266597611644724,0.2541502463057811,0.9358433433430776,0.2634403453341306,0.0352485328350707,0.01171875,0.6708984375,True,True,True,False,True,False,True,True,True,False,True,True
qpeexact_6_Mutant_Replace_s_P2_Q2_[].qasm,PureState_3,0.5155894381932538,0.0,0.0088955174000061,0.9105122465176436,0.0088937712260954,0.7906179587562033,1.5330618718945035e-16,0.9951687180558688,0.500000000000009,0.0004231288004817,0.0,0.98828125,False,True,False,False,False,False,False,True,True,True,False,True
qpeexact_6_Mutant_Replace_s_P2_Q2_[].qasm,Quratest_3,1.3141067493114196e-182,0.0,0.1319837299696147,0.9104510188056107,0.1261159984553662,0.7848249440006126,0.084926262367508,0.9767004704731088,0.534578177458992,0.0028938594843718,0.013671875,0.5126953125,True,True,False,False,True,False,True,True,True,True,True,False
qpeexact_6_Mutant_Replace_s_P2_Q2_[].qasm,PureState_4,0.2860464790450079,0.0,0.0100761904054174,0.8600475346227217,0.0100741916597818,0.766968572737388,8.326672684688677e-17,0.9817123933687792,0.5000000000000087,0.0019204983906613,0.0,0.71044921875,True,True,False,False,False,False,False,True,True,True,False,True
qpeexact_6_Mutant_Replace_s_P2_Q2_[].qasm,Quratest_4,0.0,0.0,0.1688799701483299,0.9085263662563734,0.1669935474069558,0.7841124295780542,0.2796495458580451,0.9745090199768868,0.5104413388467234,0.0018756964009356,0.0302734375,0.642578125,True,True,True,False,True,False,True,True,True,True,True,True
qpeexact_6_Mutant_Replace_s_P2_Q2_[].qasm,PureState_5,0.0,0.0,0.279096143549128,0.9489070089029312,0.2759299657815464,0.8104309359170899,0.3535533905932737,0.9993045785146724,0.5000000000000081,0.0002778874698897,0.01123046875,0.67626953125,True,True,True,False,True,False,True,True,True,True,True,True
qpeexact_6_Mutant_Replace_s_P2_Q2_[].qasm,Quratest_5,0.0,0.0,0.2676021145477126,0.8570086250300203,0.2634585477579788,0.7582549787060355,0.3431246950995916,0.956559527492737,0.2540877787791362,0.0131492564488147,0.0224609375,0.68701171875,True,True,True,False,True,False,True,True,True,True,True,True
qpeexact_6_Mutant_Replace_s_P2_Q2_[].qasm,PureState_6,0.0,0.0,0.2771717989954507,0.994621291694407,0.2740402360788592,0.830673744858759,0.3535533905932736,0.9998110891985454,0.5000000000000087,5.305763429374875e-06,0.30224609375,1.173828125,True,True,True,False,True,False,True,True,True,True,True,True
qpeexact_6_Mutant_Replace_s_P2_Q2_[].qasm,Quratest_6,0.0,0.0,0.3711694707664458,0.6194710470164779,0.3515019748491347,0.5468092968656589,0.4162635704645254,0.6631331015514831,0.41779682801203,0.2767292622067426,0.234375,0.4072265625,True,True,True,False,True,False,True,False,True,False,True,False
qpeexact_6_Mutant_Replace_s_P2_Q2_[].qasm,PureState_7,0.0,0.0,0.2798475839066816,0.9950115946360868,0.276721310451488,0.8308896766646297,0.3535533905932735,0.9998110891985454,0.5000000000000087,5.285054733189181e-06,0.30224609375,1.173828125,True,True,True,False,True,False,True,True,True,True,True,True
qpeexact_6_Mutant_Replace_s_P2_Q2_[].qasm,Quratest_7,0.0,0.0,0.2304874892982897,0.9196061428486424,0.2228749170877443,0.7933069685704773,0.175500296352938,0.9892623889795176,0.4789700834367937,0.0004184941026326,0.04736328125,0.65185546875,True,True,True,False,True,False,True,True,True,True,True,True
qpeexact_6_Mutant_Replace_s_P2_Q2_[].qasm,PureState_8,0.0,0.0,0.270600966073089,0.9939208818514856,0.2678036597742255,0.8308474403122231,0.3535533905932736,0.9998253413384652,0.5000000000000089,9.78457144353766e-07,0.10791015625,0.45947265625,True,True,True,False,True,False,True,True,True,True,True,False
qpeexact_6_Mutant_Replace_s_P2_Q2_[].qasm,Quratest_8,0.0,0.0,0.3174445045607616,0.9276961179562032,0.304895305041798,0.7933177917212603,0.3908133656575679,0.9800780927444938,0.2644265783280437,0.0004602136812967,0.07958984375,0.583984375,True,True,True,False,True,False,True,True,True,True,True,False
qpeexact_6_Mutant_Replace_s_P2_Q2_[].qasm,PureState_9,0.0089182238162305,0.0,0.015657585326429,0.9543822131457784,0.0156529871817043,0.8105341877397537,1.249000902703301e-16,0.993980327834236,0.5000000000000089,0.0024252216545552,0.0,0.630859375,True,True,False,False,False,False,False,True,True,True,False,True
qpeexact_6_Mutant_Replace_s_P2_Q2_[].qasm,Quratest_9,0.0,0.0,0.1988653773529706,0.84891700574954,0.190222718036033,0.7496344191590538,0.1541942588328818,0.9627906781054864,0.4616637204073765,0.0034474111874087,0.0302734375,0.85107421875,True,True,True,False,True,False,True,True,True,True,True,True
qpeexact_6_Mutant_Replace_s_P2_Q2_[].qasm,PureState_10,0.0,0.0,0.5454945894192368,0.953803992406744,0.4684167904597438,0.8094514641552693,0.4999999999999998,0.9940209969767128,0.5000000000000075,0.0025206137156932,0.8359375,1.34326171875,True,True,True,False,True,False,True,True,True,True,True,True
qpeexact_6_Mutant_Replace_s_P2_Q2_[].qasm,Quratest_10,0.0,0.0,0.2015083307625835,0.8199042788850069,0.1987382257942297,0.7352968524560435,0.2381290120227946,0.955403022622722,0.8353147857904766,0.0103590582596047,0.1953125,0.5380859375,True,True,True,False,True,False,True,True,True,True,True,False
qpeexact_6_Mutant_Replace_s_P2_Q2_[].qasm,PureState_11,0.0,0.0,0.2761531208510739,0.9869254296681376,0.2730755981139455,0.8280058965140669,0.3535533905932737,0.9970910946110938,0.5000000000000094,3.20763295323047e-05,0.2978515625,0.1552734375,True,True,True,False,True,False,True,True,True,True,True,False
qpeexact_6_Mutant_Replace_s_P2_Q2_[].qasm,Quratest_11,0.0,0.0,0.2962913984836869,0.909691636383891,0.2891186935493785,0.7890632050550649,0.3286453820911141,0.981037216715586,0.5416587900196291,0.0008667176228708,0.10791015625,0.5869140625,True,True,True,False,True,False,True,True,True,True,True,False
qpeexact_6_Mutant_Replace_s_P2_Q2_[].qasm,PureState_12,0.0,0.0,0.5368200976382702,0.993865425161768,0.4605434628008705,0.8317960920947831,0.4999999999999998,0.999995364974281,0.5000000000000087,2.3175595700595313e-06,0.34521484375,0.63525390625,True,True,True,False,True,False,True,True,True,True,True,True
qpeexact_6_Mutant_Replace_s_P2_Q2_[].qasm,Quratest_12,0.0,0.0,0.3379948011405785,0.8854146179078369,0.3269722848846468,0.7757481753005352,0.3785798408870193,0.968178040699594,0.2612545822686161,0.0062657389731724,0.38525390625,1.046875,True,True,True,False,True,False,True,True,True,True,True,True
qpeexact_6_Mutant_Replace_s_P2_Q2_[].qasm,PureState_13,0.0,0.0,0.5440732563210743,0.997772659931982,0.467145912863906,0.8319782425245624,0.4999999999999999,0.9999953334468644,0.5000000000000085,3.617445514882174e-07,0.88232421875,0.0810546875,True,True,True,False,True,False,True,True,True,True,True,False
qpeexact_6_Mutant_Replace_s_P2_Q2_[].qasm,Quratest_13,0.0,0.0,0.2259362088107128,0.9562329354805648,0.2224145506394254,0.8132246632202753,0.2726276953773551,0.98848659905424,0.7567548731872635,0.0002508206367781,0.00390625,0.51025390625,True,True,True,False,True,False,True,True,True,True,True,False
qpeexact_6_Mutant_Replace_s_P2_Q2_[].qasm,PureState_14,0.0728810991140356,0.0,0.0114790430812777,0.9903343532742966,0.0114556743532383,0.8293874619087972,1.3552527156068803e-16,0.9970919135931816,0.5000000000000089,3.721257042192002e-05,0.0,0.66748046875,True,True,False,False,False,False,False,True,True,True,False,True
qpeexact_6_Mutant_Replace_s_P2_Q2_[].qasm,Quratest_14,0.0,0.0,0.1460233614058335,0.8559724606656023,0.1445490366913921,0.7514516715959811,0.1391963392039414,0.9618199665957567,0.4973069439318487,0.0028073364195834,0.02099609375,0.56494140625,True,True,True,False,True,False,True,True,True,True,True,False
qpeexact_6_Mutant_Replace_s_P2_Q2_[].qasm,PureState_15,0.0,0.0,0.2804178549235698,0.9941468597240816,0.2772340810502974,0.8303984869103808,0.3535533905932735,0.9991611559915976,0.5000000000000089,9.227495978640977e-06,0.61474609375,1.15478515625,True,True,True,False,True,False,True,True,True,True,True,True
qpeexact_6_Mutant_Replace_s_P2_Q2_[].qasm,Quratest_15,0.0,0.0,0.2656579303819946,0.9815724710262216,0.263224811783918,0.8227246791265761,0.3634247506786564,0.9932245941506316,0.5345781774589844,8.563441044602352e-05,0.31396484375,0.85498046875,True,True,True,False,True,False,True,True,True,True,True,True
qpeexact_6_Mutant_Replace_s_P2_Q2_[].qasm,PureState_16,0.0,0.0,0.278151523225139,0.984629760823006,0.2749904761344818,0.8238051372890747,0.3535533905932738,0.9939393820619828,0.5000000000000082,0.0001046994739832,0.28173828125,0.73486328125,True,True,True,False,True,False,True,True,True,True,True,True
qpeexact_6_Mutant_Replace_s_P2_Q2_[].qasm,Quratest_16,0.0,0.0,0.2641260336082192,0.8833371539128421,0.252448485592728,0.7672484852865371,0.2678462856807254,0.9694842860885152,0.3177621103745166,0.0020960421881236,0.1796875,0.5556640625,True,True,True,False,True,False,True,True,True,True,True,False
qpeexact_6_Mutant_Replace_s_P2_Q2_[].qasm,PureState_17,0.0,0.0,0.5415227240260699,0.9949874371066196,0.4647970425695424,0.8322479564657578,0.4999999999999997,0.9999953956785448,0.5000000000000087,4.6043872832009866e-06,0.8466796875,1.64794921875,True,True,True,False,True,False,True,True,True,True,True,True
qpeexact_6_Mutant_Replace_s_P2_Q2_[].qasm,Quratest_17,0.0,0.0,0.4039593654332937,0.844225153820612,0.3760749806807612,0.7526473482933839,0.4174554788070229,0.962718557361802,0.5664615070767486,0.0058315856822483,0.6181640625,0.67431640625,True,True,True,False,True,False,True,True,True,True,True,True
qpeexact_6_Mutant_Replace_s_P2_Q2_[].qasm,PureState_18,0.0,0.0,0.274325557220119,0.9757103509178958,0.2712616029720511,0.8178120035522185,0.3535533905932736,0.9993045785146722,0.5000000000000079,4.8689780945228936e-05,0.029296875,0.6357421875,True,True,True,False,True,False,True,True,True,True,True,True
qpeexact_6_Mutant_Replace_s_P2_Q2_[].qasm,Quratest_18,0.0,0.0,0.2698835310672636,0.92065879590425,0.2642977991378587,0.7957776918876251,0.3632983419516812,0.9845081982997168,0.6016235420938452,0.000666121115011,0.19482421875,0.40234375,True,True,True,False,True,False,True,True,True,True,True,False
qpeexact_6_Mutant_Replace_s_P2_Q2_[].qasm,PureState_19,0.0007167118662474,0.0,0.0176271969433584,0.984165391207964,0.0176236707888973,0.8246808851561804,1.786765180256111e-16,0.993980327834236,0.5000000000000082,0.000115123591168,0.0,0.6298828125,True,True,False,False,False,False,False,True,True,True,False,True
qpeexact_6_Mutant_Replace_s_P2_Q2_[].qasm,Quratest_19,0.0,0.0,0.2272159332820424,0.8982211045631229,0.2244765137598782,0.7836389524047965,0.3388445632110143,0.9758564478798952,0.4177968280120315,0.0067529068049656,0.1416015625,0.478515625,True,True,True,False,True,False,True,True,True,True,True,False
qpeexact_6_Mutant_Replace_s_P2_Q2_[].qasm,PureState_20,0.0,0.0,0.2787835540360095,0.9860893184650402,0.2755930401690076,0.8241939556838231,0.3535533905932737,0.9939393820619828,0.5000000000000084,0.0001044740005052,0.28173828125,0.73486328125,True,True,True,False,True,False,True,True,True,True,True,True
qpeexact_6_Mutant_Replace_s_P2_Q2_[].qasm,Quratest_20,0.0,0.0,0.2829933286932866,0.8133928249998348,0.2791901015810437,0.726551080598571,0.3340742270898336,0.9324234236576112,0.2665210627095971,0.0442942111835568,0.02294921875,0.802734375,True,True,True,False,True,False,True,True,True,False,True,True
qpeexact_6_Mutant_Replace_s_P2_Q2_[].qasm,PureState_21,0.0,0.0,0.2866806106574442,0.9543798137526052,0.2832163956891124,0.8099603734215808,0.3535533905932736,0.9939393820619832,0.5000000000000078,0.0024003558716247,0.58837890625,1.32861328125,True,True,True,False,True,False,True,True,True,True,True,True
qpeexact_6_Mutant_Replace_s_P2_Q2_[].qasm,Quratest_21,0.0,0.0,0.3400484161491787,0.8422375483755508,0.3284241487110517,0.751607778564195,0.3358850932330037,0.9593081437360054,0.2698381726505959,0.004256852153457,0.36279296875,0.68359375,True,True,True,False,True,False,True,True,True,True,True,True
qpeexact_6_Mutant_Replace_s_P2_Q2_[].qasm,PureState_22,2.6083546105512524e-05,0.0,0.0199848295453478,0.7919795507827807,0.0199801353770386,0.7137695692068045,1.6176296413483726e-16,0.9275192055375944,0.5000000000000079,0.00723478369303,0.0,0.328125,True,True,False,False,False,False,False,True,True,True,False,False
qpeexact_6_Mutant_Replace_s_P2_Q2_[].qasm,Quratest_22,0.0,0.0,0.2217664764393264,0.8583041054523203,0.2185492290006155,0.756961206198884,0.2479874936606362,0.9770859880563436,0.3017798104895484,0.0048266048674866,0.11962890625,0.76904296875,True,True,True,False,True,False,True,True,True,True,True,True
qpeexact_6_Mutant_Replace_s_P2_Q2_[].qasm,PureState_23,0.0,0.0,0.2707397767862305,0.9890668485120906,0.2677905745801743,0.8283984281683122,0.3535533905932737,0.995893721113062,0.5000000000000092,4.025288730683872e-05,0.61181640625,0.07177734375,True,True,True,False,True,False,True,True,True,True,True,False
qpeexact_6_Mutant_Replace_s_P2_Q2_[].qasm,Quratest_23,0.0,0.0,0.1587181261575572,0.8153034486757224,0.1564479010479343,0.726911521804085,0.1909131496760849,0.9286579377261994,0.6465630267826615,0.0395351035241677,0.04443359375,0.552734375,True,True,True,False,True,False,True,True,True,False,True,False
qpeexact_6_Mutant_Replace_s_P2_Q2_[].qasm,PureState_24,0.0,0.0,0.5402910954935979,0.9966268191774726,0.4636968553353832,0.8315017189691426,0.4999999999999998,0.999995333446864,0.5000000000000089,3.659815520210853e-07,0.35400390625,0.0810546875,True,True,True,False,True,False,True,True,True,True,True,False
qpeexact_6_Mutant_Replace_s_P2_Q2_[].qasm,Quratest_24,0.0,0.0,0.2457252739937259,0.8608502631573872,0.2440694289975472,0.7624538797108498,0.3429527229649974,0.972485935858538,0.4348828410460461,0.0033784427616475,0.30419921875,0.546875,True,True,True,False,True,False,True,True,True,True,True,False
qpeexact_6_Mutant_Replace_s_P2_Q2_[].qasm,PureState_25,0.0,0.0,0.2765277024781803,0.989809657052727,0.2734578497637877,0.8288552439252836,0.3535533905932736,0.9993045785146724,0.5000000000000089,4.613403802313059e-06,0.01123046875,0.63818359375,True,True,True,False,True,False,True,True,True,True,True,True
qpeexact_6_Mutant_Replace_s_P2_Q2_[].qasm,Quratest_25,0.0,0.0,0.380110748151053,0.9704627887678444,0.3720535107928207,0.818428796952183,0.4479410562986576,0.992392308644882,0.5751320418396847,9.052935200541402e-05,0.20361328125,0.546875,True,True,True,False,True,False,True,True,True,True,True,False
qpeexact_6_Mutant_Replace_s_P2_Q2_[].qasm,PureState_26,0.0,0.0,0.2740162197621109,0.9856068026034908,0.2710027341777979,0.8239590848703787,0.3535533905932735,0.999304578514672,0.5000000000000084,1.2058356441649304e-05,0.08544921875,0.80517578125,True,True,True,False,True,False,True,True,True,True,True,True
qpeexact_6_Mutant_Replace_s_P2_Q2_[].qasm,Quratest_26,0.0,0.0,0.2367949318426997,0.9695455356832728,0.2337603678251088,0.8177804623302578,0.2781607146478733,0.995751669472052,0.2882440958704125,5.813266230576743e-05,0.11083984375,0.8056640625,True,True,True,False,True,False,True,True,True,True,True,True
qpeexact_6_Mutant_Replace_s_P2_Q2_[].qasm,PureState_27,0.1295227425273241,0.0,0.011446904997756,0.5029171633890639,0.0114434342683999,0.4648231084398614,5.2041704279304225e-17,0.8984528369005411,0.5000000000000068,0.0411348401468908,0.0,0.560546875,True,True,False,False,False,False,False,False,True,False,False,False
qpeexact_6_Mutant_Replace_s_P2_Q2_[].qasm,Quratest_27,0.0,0.0,0.2346988213448181,0.6323336923424921,0.2322575923255514,0.5711407944694705,0.2601819222201479,0.8967113623922625,0.6788376680967176,0.0209578871852545,0.00048828125,0.65380859375,True,True,True,False,True,False,True,False,True,False,True,True
qpeexact_6_Mutant_Replace_s_P2_Q2_[].qasm,PureState_28,4.676183258852257e-06,0.0,0.0206640415965285,0.9820355900982982,0.020654630675331,0.8238290553175358,2.5153490401663703e-16,0.993980327834236,0.500000000000009,0.0001146693767479,0.0,0.6298828125,True,True,False,False,False,False,False,True,True,True,False,True
qpeexact_6_Mutant_Replace_s_P2_Q2_[].qasm,Quratest_28,0.0,0.0,0.320191803863586,0.897272472807099,0.3133536944351552,0.7787671632666131,0.4948167469643437,0.9662079561383404,0.3347753790087192,0.0021935498227453,0.138671875,0.5517578125,True,True,True,False,True,False,True,True,True,True,True,False
qpeexact_6_Mutant_Replace_s_P2_Q2_[].qasm,PureState_29,0.0,0.0,0.5496130480105348,0.2060365153022018,0.472126803612387,0.1723402731723751,0.4999999999999999,0.1328304784701713,0.5000000000000073,0.8671695386860014,0.859375,0.35205078125,True,True,True,False,True,False,True,False,True,False,True,False
qpeexact_6_Mutant_Replace_s_P2_Q2_[].qasm,Quratest_29,0.0,0.0,0.2661411569388355,0.8517781190031964,0.2618895152538451,0.7503227911754891,0.3133666241044303,0.9746462737417878,0.2699906639398366,0.0022446099644865,0.060546875,0.4814453125,True,True,True,False,True,False,True,True,True,True,True,False
qpeexact_6_Mutant_Replace_s_P2_Q2_[].qasm,PureState_30,0.0,0.0,0.5406695155445714,0.9725065396158792,0.4640369626936624,0.8179357116857527,0.4999999999999997,0.9940209969767128,0.5000000000000089,0.000463460512898,0.88232421875,0.0810546875,True,True,True,False,True,False,True,True,True,True,True,False
qpeexact_6_Mutant_Replace_s_P2_Q2_[].qasm,Quratest_30,0.0,0.0,0.1819549176097271,0.6522537175021579,0.1803611177753583,0.5939189547854168,0.3349444113850345,0.7771570277525846,0.3006679530421594,0.1711876918771378,0.00634765625,0.7021484375,True,True,True,False,True,False,True,False,True,False,True,True
qpeexact_6_Mutant_Replace_s_P2_Q2_[].qasm,PureState_31,0.0,0.0,0.5429504082639667,0.9532571013120128,0.466100343924722,0.8107681124348856,0.4999999999999998,0.9940209969767126,0.500000000000009,0.0025260422189668,0.36279296875,1.34326171875,True,True,True,False,True,False,True,True,True,True,True,True
qpeexact_6_Mutant_Replace_s_P2_Q2_[].qasm,Quratest_31,0.0,0.0,0.3500987672783766,0.9095201352597794,0.3376881696838542,0.782044600605861,0.4170898102092695,0.9726649383306362,0.4230976986129445,0.0023622457061416,0.16796875,0.357421875,True,True,True,False,True,False,True,True,True,True,True,False
qpeexact_6_Mutant_Replace_y_P3_Q3_[].qasm,PureState_0,0.0,0.0,0.5454738591786402,0.5028344807804903,0.468405554565438,0.4645625722485868,0.4999999999999999,0.8984528369005409,0.5000000000000075,0.0412841772959294,0.46337890625,0.560546875,True,True,True,False,True,False,True,False,True,False,True,False
qpeexact_6_Mutant_Replace_y_P3_Q3_[].qasm,Quratest_0,0.0,0.0,0.5076618569270799,0.8060498816293205,0.474852841270847,0.7361735931964626,0.5590946804825097,0.9658296303129532,0.3010063060744965,0.0039965067258822,0.5078125,0.26708984375,True,True,True,False,True,False,True,True,True,True,True,False
qpeexact_6_Mutant_Replace_y_P3_Q3_[].qasm,PureState_1,0.4964406853059517,0.0,0.0130554163269497,0.995269628401259,0.0130488485101821,0.8305883772304307,2.2703193491846463e-16,0.999304687884349,0.5000000000000089,9.186005078433226e-07,0.0,0.625,False,True,False,False,False,False,False,True,True,True,False,True
qpeexact_6_Mutant_Replace_y_P3_Q3_[].qasm,Quratest_1,0.0,0.0,0.4058066990631391,0.7911815708391923,0.3810042312392557,0.7125410251182858,0.393442051446124,0.9346534963338607,0.0806746368111412,0.0201410339110521,0.2099609375,0.8740234375,True,True,True,False,True,False,True,True,True,False,True,True
qpeexact_6_Mutant_Replace_y_P3_Q3_[].qasm,PureState_2,0.1168953368778286,0.0,0.0163363454833439,0.9883477077391176,0.0163307630674431,0.8275820850294084,2.8492833092919057e-16,0.9993045785146716,0.5000000000000087,4.612078220217704e-06,0.0,0.63818359375,True,True,False,False,False,False,False,True,True,True,False,True
qpeexact_6_Mutant_Replace_y_P3_Q3_[].qasm,Quratest_2,0.0,0.0,0.3227499770290802,0.818054828622867,0.3154790408534078,0.7247193968567154,0.4289520877364142,0.9358433433430768,0.0939331035932359,0.0352485328350707,0.12841796875,0.6708984375,True,True,True,False,True,False,True,True,True,False,True,True
qpeexact_6_Mutant_Replace_y_P3_Q3_[].qasm,PureState_3,0.0,0.0,0.5410069246540935,0.9111691890086724,0.4643569729226407,0.7920455968326265,0.4999999999999997,0.9951687180558684,0.5000000000000081,0.0004231288004817,0.53662109375,0.98828125,True,True,True,False,True,False,True,True,True,True,True,True
qpeexact_6_Mutant_Replace_y_P3_Q3_[].qasm,Quratest_3,1.3317479375891257e-93,0.0,0.0702199742672872,0.909699583756752,0.0700729157810444,0.7845002715121662,0.0969933212502848,0.976700470473108,0.9423222599329524,0.0028938594843718,0.001953125,0.5126953125,True,True,False,False,False,False,True,True,True,True,True,False
qpeexact_6_Mutant_Replace_y_P3_Q3_[].qasm,PureState_4,0.0,0.0,0.5428751655403201,0.8581098007013208,0.466054283276818,0.766359168405963,0.4999999999999998,0.9817123933687786,0.5000000000000089,0.0019204983906613,0.388671875,0.71044921875,True,True,True,False,True,False,True,True,True,True,True,True
qpeexact_6_Mutant_Replace_y_P3_Q3_[].qasm,Quratest_4,2.046619193161752e-283,0.0,0.1426572392635505,0.9009930544970584,0.1420254554476665,0.7811826105220173,0.5847784297079266,0.974509019976886,0.3445621787330934,0.0018756964009356,0.04931640625,0.642578125,True,True,True,False,True,False,True,True,True,True,True,True
qpeexact_6_Mutant_Replace_y_P3_Q3_[].qasm,PureState_5,0.0011083280875539,0.0,0.0220588945886885,0.9493712146065714,0.0220459062888557,0.8083009816171236,1.1015494072452724e-16,0.9993045785146716,0.5000000000000087,0.0002778874698897,0.0,0.67626953125,True,True,False,False,False,False,False,True,True,True,False,True
qpeexact_6_Mutant_Replace_y_P3_Q3_[].qasm,Quratest_5,0.0,0.0,0.4473176783306646,0.85912662866809,0.4343568279900826,0.7591186439577865,0.6384823888126695,0.9565595274927364,0.0702022863851621,0.0131492564488147,0.06298828125,0.68701171875,True,True,True,False,True,False,True,True,True,True,True,True
qpeexact_6_Mutant_Replace_y_P3_Q3_[].qasm,PureState_6,0.0,0.0,0.0177373060835387,0.9922623498243966,0.0168407782243439,0.8305740556665465,1.4177637471142482e-16,0.9998110891985454,0.5000000000000087,5.305763429374875e-06,0.0,1.173828125,True,True,False,False,False,False,False,True,True,True,False,True
qpeexact_6_Mutant_Replace_y_P3_Q3_[].qasm,Quratest_6,0.0,0.0,0.3154503313668443,0.6244805045485539,0.3067597120453706,0.5498406504967707,0.3938459836581096,0.6631331015514838,0.4828569006520066,0.2767292622067433,0.3251953125,0.4072265625,True,True,True,False,True,False,True,False,True,False,True,False
qpeexact_6_Mutant_Replace_y_P3_Q3_[].qasm,PureState_7,0.0080045547772255,0.0,0.0210419830362927,0.9923486461643098,0.0206434653984489,0.829755171378066,1.745362209794321e-16,0.9998110891985454,0.5000000000000084,5.285054733189181e-06,0.0,1.173828125,True,True,False,False,False,False,False,True,True,True,False,True
qpeexact_6_Mutant_Replace_y_P3_Q3_[].qasm,Quratest_7,0.0,0.0,0.4475864063004607,0.9230512730245476,0.4314784093684117,0.7931870571118477,0.53865769439597,0.9892623889795172,0.0319339618951799,0.0004184941026326,0.4677734375,0.65185546875,True,True,True,False,True,False,True,True,True,True,True,True
qpeexact_6_Mutant_Replace_y_P3_Q3_[].qasm,PureState_8,0.0,0.0,0.0214927760435705,0.992663433063449,0.0200083128720709,0.8301595377067045,2.1221902273688142e-16,0.9998253413384646,0.5000000000000087,9.78457144353703e-07,0.0,0.45947265625,True,True,False,False,False,False,False,True,True,True,False,False
qpeexact_6_Mutant_Replace_y_P3_Q3_[].qasm,Quratest_8,0.0,0.0,0.2958290725013871,0.9288163889815556,0.2894963149019627,0.7945448694709284,0.3931047217334409,0.980078092744493,0.0256683445310276,0.0004602136812967,0.103515625,0.583984375,True,True,True,False,True,False,True,True,True,True,True,False
qpeexact_6_Mutant_Replace_y_P3_Q3_[].qasm,PureState_9,0.0,0.0,0.5356653796629953,0.9534471337014496,0.4595164090309249,0.8098843819823938,0.4999999999999999,0.9939803278342356,0.500000000000009,0.0024252216545552,0.3701171875,0.630859375,True,True,True,False,True,False,True,True,True,True,True,True
qpeexact_6_Mutant_Replace_y_P3_Q3_[].qasm,Quratest_9,0.0,0.0,0.3022368075730901,0.8531609477909802,0.2943254282335788,0.7507887057273165,0.2989371666377309,0.9627906781054864,0.53080061567291,0.0034474111874087,0.013671875,0.85107421875,True,True,True,False,True,False,True,True,True,True,True,True
qpeexact_6_Mutant_Replace_y_P3_Q3_[].qasm,PureState_10,0.0,0.0,0.5378492567087259,0.9508777405681936,0.4614964972439509,0.8087570198232491,0.4999999999999999,0.9940209969767124,0.5000000000000089,0.0025206137156932,0.34228515625,1.34326171875,True,True,True,False,True,False,True,True,True,True,True,True
qpeexact_6_Mutant_Replace_y_P3_Q3_[].qasm,Quratest_10,0.0,0.0,0.1446397835293655,0.8182417325162865,0.1400512120705027,0.7344013220360027,0.1426363997942368,0.955403022622722,0.0444340723054931,0.0103590582596047,0.0078125,0.5380859375,True,True,True,False,True,False,True,True,True,True,True,False
qpeexact_6_Mutant_Replace_y_P3_Q3_[].qasm,PureState_11,0.0881247783632695,0.0,0.0173931618123881,0.9876877374483536,0.0169443373050847,0.8284357541754324,1.094552915100952e-16,0.9970910946110938,0.5000000000000087,3.20763295323047e-05,0.0,0.1552734375,True,True,False,False,False,False,False,True,True,True,False,False
qpeexact_6_Mutant_Replace_y_P3_Q3_[].qasm,Quratest_11,0.0,0.0,0.3310765232438034,0.9151240561629016,0.3225102886935457,0.7898890983271593,0.4133272273278108,0.981037216715586,0.0829762197384182,0.0008667176228708,0.31640625,0.5869140625,True,True,True,False,True,False,True,True,True,True,True,False
qpeexact_6_Mutant_Replace_y_P3_Q3_[].qasm,PureState_12,0.0,0.0,0.5411962602018991,0.993865425161768,0.4645015798400246,0.8317960920947831,0.4999999999999998,0.9999953649742804,0.500000000000009,2.317559570059557e-06,0.15087890625,0.63525390625,True,True,True,False,True,False,True,True,True,True,True,True
qpeexact_6_Mutant_Replace_y_P3_Q3_[].qasm,Quratest_12,0.0,0.0,0.4170561617024831,0.8864538396212149,0.4022379800558253,0.7761159618902681,0.4554076153909134,0.9681780406995948,0.1198540032080757,0.0062657389731724,0.3916015625,1.046875,True,True,True,False,True,False,True,True,True,True,True,True
qpeexact_6_Mutant_Replace_y_P3_Q3_[].qasm,PureState_13,0.0,0.0,0.5392352253456747,0.9938116022389394,0.46273998143337,0.8313883906936522,0.4999999999999998,0.9999953334468638,0.5000000000000087,3.617445514882241e-07,0.40283203125,0.0810546875,True,True,True,False,True,False,True,True,True,True,True,False
qpeexact_6_Mutant_Replace_y_P3_Q3_[].qasm,Quratest_13,0.0,0.0,0.1753340073380619,0.956962093407134,0.1741304457862986,0.8125787347441521,0.2282713352415128,0.9884865990542394,0.7452260746627304,0.0002508206367781,0.0244140625,0.51025390625,True,True,True,False,True,False,True,True,True,True,True,False
qpeexact_6_Mutant_Replace_y_P3_Q3_[].qasm,PureState_14,0.0,0.0,0.5408253254745854,0.9849098193320296,0.4641818063254498,0.8286198930448995,0.4999999999999999,0.9970919135931816,0.5000000000000085,3.721257042192002e-05,0.38916015625,0.66748046875,True,True,True,False,True,False,True,True,True,True,True,True
qpeexact_6_Mutant_Replace_y_P3_Q3_[].qasm,Quratest_14,0.0,0.0,0.3512304240032654,0.8574641167688325,0.335987958548013,0.7528491003058375,0.4216049944862783,0.9618199665957564,0.2911713933259952,0.0028073364195834,0.029296875,0.56494140625,True,True,True,False,True,False,True,True,True,True,True,False
qpeexact_6_Mutant_Replace_y_P3_Q3_[].qasm,PureState_15,0.0065996065603265,0.0,0.0197974624560147,0.9930109368894025,0.0197886939361563,0.8299392031941748,1.9325903724554114e-16,0.999161155991597,0.5000000000000089,9.22749597864067e-06,0.0,1.15478515625,True,True,False,False,False,False,False,True,True,True,False,True
qpeexact_6_Mutant_Replace_y_P3_Q3_[].qasm,Quratest_15,0.0,0.0,0.2495052049918668,0.9779388810936246,0.2478802668581427,0.821354693493485,0.4380911847416067,0.9932245941506312,0.4926446127367098,8.563441044602394e-05,0.24462890625,0.85498046875,True,True,True,False,True,False,True,True,True,True,True,True
qpeexact_6_Mutant_Replace_y_P3_Q3_[].qasm,PureState_16,0.000690017787287,0.0,0.0229544681758233,0.9855912307069176,0.0226107429930074,0.8239343850708967,1.14437539305845e-16,0.9939393820619828,0.5000000000000089,0.0001046994739832,0.0,0.73486328125,True,True,False,False,False,False,False,True,True,True,False,True
qpeexact_6_Mutant_Replace_y_P3_Q3_[].qasm,Quratest_16,0.0,0.0,0.1878320254092373,0.8875581982560428,0.1857520165642551,0.7686578654660342,0.2945224637418923,0.9694842860885152,0.7274031587727023,0.0020960421881236,0.109375,0.5556640625,True,True,True,False,True,False,True,True,True,True,True,False
qpeexact_6_Mutant_Replace_y_P3_Q3_[].qasm,PureState_17,0.0,0.0,0.5350489368252037,0.9929037538333052,0.4589414846077237,0.8319828431172546,0.4999999999999998,0.999995395678544,0.500000000000009,4.604387283200968e-06,0.462890625,1.64794921875,True,True,True,False,True,False,True,True,True,True,True,True
qpeexact_6_Mutant_Replace_y_P3_Q3_[].qasm,Quratest_17,0.0,0.0,0.3605491377564936,0.8424673076198282,0.3495836433767875,0.7492151234401625,0.4903079938174479,0.9627185573618016,0.1449169496390076,0.0058315856822482,0.06787109375,0.67431640625,True,True,True,False,True,False,True,True,True,True,True,True
qpeexact_6_Mutant_Replace_y_P3_Q3_[].qasm,PureState_18,0.0444038946033168,0.0,0.016058274385243,0.9774149097557286,0.0160000853926602,0.8190030362292617,1.7499023063916042e-16,0.9993045785146716,0.5000000000000084,4.8689780945228895e-05,0.0,0.6357421875,True,True,False,False,False,False,False,True,True,True,False,True
qpeexact_6_Mutant_Replace_y_P3_Q3_[].qasm,Quratest_18,0.0,0.0,0.4357464181504325,0.9211585199770312,0.4227885647302746,0.7960653588660882,0.5301636339822366,0.9845081982997168,0.0685627266872015,0.000666121115011,0.267578125,0.40234375,True,True,True,False,True,False,True,True,True,True,True,False
qpeexact_6_Mutant_Replace_y_P3_Q3_[].qasm,PureState_19,0.0,0.0,0.5389933662904418,0.9798978417519632,0.4625497980629529,0.8243081745346941,0.4999999999999998,0.9939803278342354,0.5000000000000085,0.000115123591168,0.3505859375,0.6298828125,True,True,True,False,True,False,True,True,True,True,True,True
qpeexact_6_Mutant_Replace_y_P3_Q3_[].qasm,Quratest_19,0.0,0.0,0.1575910404580054,0.9032752460826384,0.1548050533684245,0.7860957660374267,0.2350250505159027,0.9758564478798945,0.0375581518379817,0.0067529068049656,0.005859375,0.478515625,True,True,True,False,True,False,True,True,True,True,True,False
qpeexact_6_Mutant_Replace_y_P3_Q3_[].qasm,PureState_20,0.0,0.0,0.0133168523137887,0.9841189947585908,0.0127250237545386,0.8236323833886361,1.3369568039461874e-16,0.9939393820619828,0.5000000000000085,0.0001044740005052,0.0,0.73486328125,True,True,False,False,False,False,False,True,True,True,False,True
qpeexact_6_Mutant_Replace_y_P3_Q3_[].qasm,Quratest_20,0.0,0.0,0.3610475475924863,0.8105397152422253,0.3404976556172869,0.7242053700596995,0.3706726489086663,0.9324234236576112,0.547160126337652,0.0442942111835568,0.2333984375,0.802734375,True,True,True,False,True,False,True,True,True,False,True,True
qpeexact_6_Mutant_Replace_y_P3_Q3_[].qasm,PureState_21,0.000578444508375,0.0,0.0217406634344715,0.9516576310432276,0.0217326202705386,0.808241055253474,1.6219664500383146e-16,0.9939393820619828,0.5000000000000085,0.0024003558716247,0.0,1.32861328125,True,True,False,False,False,False,False,True,True,True,False,True
qpeexact_6_Mutant_Replace_y_P3_Q3_[].qasm,Quratest_21,0.0,0.0,0.2522927877994634,0.8460481906066184,0.2451206543123732,0.7529143463396456,0.2937173806546981,0.9593081437360051,0.0422154535551552,0.004256852153457,0.25732421875,0.68359375,True,True,True,False,True,False,True,True,True,True,True,True
qpeexact_6_Mutant_Replace_y_P3_Q3_[].qasm,PureState_22,0.0,0.0,0.5412103852772352,0.7938345021716822,0.4645292352997984,0.7150961462428986,0.4999999999999999,0.9275192055375936,0.5000000000000073,0.00723478369303,0.4970703125,0.328125,True,True,True,False,True,False,True,True,True,True,True,False
qpeexact_6_Mutant_Replace_y_P3_Q3_[].qasm,Quratest_22,7.18530352871845e-157,0.0,0.118900771358867,0.8600751047779399,0.118025269344945,0.7578745816899566,0.0970957203902266,0.9770859880563428,0.9624149968375154,0.0048266048674865,0.02001953125,0.76904296875,True,True,False,False,True,False,True,True,True,True,True,True
qpeexact_6_Mutant_Replace_y_P3_Q3_[].qasm,PureState_23,0.0286810619848302,0.0,0.017712928245246,0.9874421486695344,0.0176982868504198,0.8275254289077655,1.2706849461530112e-16,0.9958937211130616,0.500000000000009,4.025288730684012e-05,0.0,0.07177734375,True,True,False,False,False,False,False,True,True,True,False,False
qpeexact_6_Mutant_Replace_y_P3_Q3_[].qasm,Quratest_23,0.0,0.0,0.1167097368518175,0.8145296634991196,0.1148412457484002,0.7253865409460237,0.1566281305042794,0.928657937726199,0.856466312574581,0.0395351035241676,0.08056640625,0.552734375,True,True,False,False,False,False,True,True,True,False,True,False
qpeexact_6_Mutant_Replace_y_P3_Q3_[].qasm,PureState_24,0.0,0.0,0.5424458325887476,0.9969211751891038,0.465634394389034,0.831649989353095,0.4999999999999997,0.9999953334468636,0.5000000000000085,3.659815520210849e-07,0.53271484375,0.0810546875,True,True,True,False,True,False,True,True,True,True,True,False
qpeexact_6_Mutant_Replace_y_P3_Q3_[].qasm,Quratest_24,0.0,0.0,0.2750082686807711,0.8535474377747254,0.2658004095295885,0.7600116065624244,0.3366738510554973,0.9724859358585374,0.7635999669505663,0.0033784427616475,0.07275390625,0.546875,True,True,True,False,True,False,True,True,True,True,True,False
qpeexact_6_Mutant_Replace_y_P3_Q3_[].qasm,PureState_25,2.3841827476199422e-05,0.0,0.023288645273206,0.9884008708947216,0.0232624820626576,0.8281740789693834,1.786765180256111e-16,0.9993045785146718,0.5000000000000085,4.613403802313042e-06,0.0,0.63818359375,True,True,False,False,False,False,False,True,True,True,False,True
qpeexact_6_Mutant_Replace_y_P3_Q3_[].qasm,Quratest_25,0.0,0.0,0.2136489132667346,0.970926104741362,0.2119199624280478,0.8173977103192979,0.3664845193620676,0.992392308644882,0.4978251047126656,9.052935200539926e-05,0.05810546875,0.546875,True,True,True,False,True,False,True,True,True,True,True,False
qpeexact_6_Mutant_Replace_y_P3_Q3_[].qasm,PureState_26,0.0,0.0,0.0200568611733451,0.9845270817204612,0.0196680216848454,0.8233923438385582,1.360131625383065e-16,0.9993045785146716,0.5000000000000085,1.2058356441649348e-05,0.0,0.80517578125,True,True,False,False,False,False,False,True,True,True,False,True
qpeexact_6_Mutant_Replace_y_P3_Q3_[].qasm,Quratest_26,0.0,0.0,0.2585047439931419,0.9673525651222832,0.2551257225373355,0.8180702877321508,0.3528979263801658,0.995751669472052,2.9534011171033996e-07,5.8132662305761455e-05,0.24560546875,0.8056640625,True,True,True,False,True,False,True,True,True,True,True,True
qpeexact_6_Mutant_Replace_y_P3_Q3_[].qasm,PureState_27,0.0,0.0,0.5380723049819406,0.5036315249880109,0.4617167260244544,0.4668086699643688,0.4999999999999998,0.8984528369005408,0.500000000000007,0.0411348401468908,0.412109375,0.560546875,True,True,True,False,True,False,True,False,True,False,True,False
qpeexact_6_Mutant_Replace_y_P3_Q3_[].qasm,Quratest_27,0.0,0.0,0.4157431948319689,0.6353681273958572,0.3948439777035709,0.5720335441363689,0.391993250028486,0.8967113623922625,0.1774907293562054,0.0209578871852545,0.060546875,0.65380859375,True,True,True,False,True,False,True,False,True,False,True,True
qpeexact_6_Mutant_Replace_y_P3_Q3_[].qasm,PureState_28,0.0,0.0,0.5379726958275278,0.9832555863987106,0.4616198815542552,0.8243152241771868,0.4999999999999998,0.9939803278342354,0.5000000000000087,0.0001146693767479,0.52587890625,0.6298828125,True,True,True,False,True,False,True,True,True,True,True,True
qpeexact_6_Mutant_Replace_y_P3_Q3_[].qasm,Quratest_28,0.0,0.0,0.0801901765307203,0.895134917066928,0.0789431413643412,0.7790667034678108,0.1454749895777523,0.9662079561383408,0.84060684236232,0.0021935498227453,0.044921875,0.5517578125,True,True,False,False,False,False,True,True,True,True,True,False
qpeexact_6_Mutant_Replace_y_P3_Q3_[].qasm,PureState_29,0.0,0.0,0.538451094303773,0.2147398758147197,0.46201766922922,0.1796922295736038,0.4999999999999999,0.1328304784701717,0.5000000000000074,0.8671695386860007,0.5244140625,0.35205078125,True,True,True,False,True,False,True,False,True,False,True,False
qpeexact_6_Mutant_Replace_y_P3_Q3_[].qasm,Quratest_29,0.0,0.0,0.4109340305456765,0.8495444134645764,0.3881884847697395,0.7496766800615625,0.3718333988390773,0.9746462737417878,0.2027139231097232,0.0022446099644865,0.3173828125,0.4814453125,True,True,True,False,True,False,True,True,True,True,True,False
qpeexact_6_Mutant_Replace_y_P3_Q3_[].qasm,PureState_30,0.0,0.0,0.5415804341311112,0.9730758387900478,0.4648604298631941,0.8181968707050027,0.4999999999999999,0.9940209969767122,0.5000000000000087,0.000463460512898,0.3603515625,0.0810546875,True,True,True,False,True,False,True,True,True,True,True,False
qpeexact_6_Mutant_Replace_y_P3_Q3_[].qasm,Quratest_30,2.4156799538617187e-55,0.0,0.0564194239073841,0.6527907011396176,0.0563303888339178,0.5927341230597698,0.0729947590549427,0.7771570277525846,0.8314673156607303,0.1711876918771378,0.01513671875,0.7021484375,True,True,False,False,False,False,True,False,True,False,True,True
qpeexact_6_Mutant_Replace_y_P3_Q3_[].qasm,PureState_31,0.0,0.0,0.5401634924525132,0.949880760512822,0.4635958522513912,0.8097210208042588,0.4999999999999999,0.9940209969767122,0.5000000000000093,0.0025260422189668,0.34716796875,1.34326171875,True,True,True,False,True,False,True,True,True,True,True,True
qpeexact_6_Mutant_Replace_y_P3_Q3_[].qasm,Quratest_31,0.0,0.0,0.3639831977620757,0.91368546468346,0.3525730851483333,0.7846674418445708,0.4527171707725675,0.9726649383306356,0.0066504525451933,0.0023622457061416,0.13623046875,0.357421875,True,True,True,False,True,False,True,True,True,True,True,False
