Name,Input,Ideal_chisquare,Noisy_chisquare,Ideal_hellinger,Noisy_hellinger,Ideal_jensenshannon,Noisy_jensenshannon,Ideal_trace,Noisy_trace,Ideal_fidelity,Noisy_fidelity,Ideal_expectation,Noisy_expectation,Killed_IC,Killed_NC,Killed_IH,Killed_NH,Killed_IJ,Killed_NJ,Killed_IT,Killed_NT,Killed_IF,Killed_NF,Killed_IE,Killed_NE
wstate_4_Mutant_Add_ch_P10_Q2_[].qasm,PureState_0,0.0,0.0,0.5417808114953143,0.9580734795737984,0.4650426909794439,0.8165690420098523,0.5000000000000001,0.9918262187240482,0.5000000000000002,0.0027271209565798,0.9873046875,0.5048828125,True,True,True,True,True,True,True,True,True,True,True,False
wstate_4_Mutant_Add_ch_P10_Q2_[].qasm,Quratest_0,0.0,0.0,0.2579702298780935,0.813350888645797,0.2476709439163895,0.7095270003730806,0.1944810373138921,0.8568588948606325,0.0858710311297585,0.0190346376532257,0.38037109375,1.2626953125,True,True,True,True,True,False,True,True,True,True,True,True
wstate_4_Mutant_Add_ch_P10_Q2_[].qasm,PureState_1,,0.0,0.0,0.3928167760233274,0.0,0.332537938105458,8.422861539243924e-33,0.2502985886951887,1.0,0.7497014113048052,0.0,0.5048828125,False,True,False,False,False,False,False,False,False,False,False,False
wstate_4_Mutant_Add_ch_P10_Q2_[].qasm,Quratest_1,0.0,0.0,0.5188537052572194,0.743004370001968,0.4454273428830511,0.6503791969436908,0.4578509379986125,0.8043381312797875,0.3255222693420528,0.0566692321910366,0.93115234375,1.4951171875,True,True,True,False,True,False,True,True,True,True,True,True
wstate_4_Mutant_Add_ch_P10_Q2_[].qasm,PureState_2,0.0,0.0,0.4731378969863433,0.8395438210689632,0.4062298840178636,0.7185145172391566,0.375,0.8672029617017637,0.0785849570550446,0.0332625485483268,0.75390625,1.4951171875,True,True,True,True,True,False,True,True,True,True,True,True
wstate_4_Mutant_Add_ch_P10_Q2_[].qasm,Quratest_2,0.0281614786681158,0.0,0.0182827388996642,0.7724369169299271,0.018281323985613,0.6917398997603849,0.0082747342688702,0.8076083361704465,0.3145121250031945,0.0180446364224491,0.00390625,0.33984375,True,True,False,False,False,False,True,True,True,True,True,False
wstate_4_Mutant_Add_ch_P10_Q2_[].qasm,PureState_3,,0.0,0.0,0.960827009675162,0.0,0.8216122725998822,8.422861539243924e-33,0.9947006965773728,1.0,0.005299303422621,0.0,0.5048828125,False,True,False,True,False,True,False,True,False,True,False,False
wstate_4_Mutant_Add_ch_P10_Q2_[].qasm,Quratest_3,0.0,0.0,0.2592290611724526,0.8895067508030612,0.2385984959882436,0.7629884691868724,0.1386247337717366,0.890085146911431,0.5018174748811166,0.0051763202081768,0.0107421875,1.06005859375,True,True,True,True,True,False,True,True,True,True,True,True
wstate_4_Mutant_Add_ch_P10_Q2_[].qasm,PureState_4,0.0,0.0,0.270090081732084,0.9070018164795122,0.2316933516986029,0.7633934722220284,0.1250000000000001,0.8697541121862357,0.3285849570550446,0.0112620774152941,0.244140625,1.4951171875,True,True,True,True,True,False,True,True,True,True,True,True
wstate_4_Mutant_Add_ch_P10_Q2_[].qasm,Quratest_4,0.0,0.0,0.3026166788355636,0.5893850979775336,0.2933552402167786,0.555444116574962,0.2476874403833947,0.7120876288744369,0.570612083871764,0.1570280535870357,0.50537109375,0.1806640625,True,True,True,False,True,False,True,False,True,True,True,False
wstate_4_Mutant_Add_ch_P10_Q2_[].qasm,PureState_5,0.0,0.0,0.4691766426159581,0.7108772711344655,0.4029975154703976,0.6202839435802089,0.375,0.7753394665681128,0.0785849570550445,0.056963727909948,0.75439453125,1.4951171875,True,True,True,False,True,False,True,False,True,True,True,True
wstate_4_Mutant_Add_ch_P10_Q2_[].qasm,Quratest_5,0.0,0.0,0.3010037421709245,0.7842088205985037,0.287256378559683,0.6784203311306178,0.199537525046692,0.7913489745923815,0.5734697142713271,0.0312801538008914,0.40380859375,1.3369140625,True,True,True,False,True,False,True,False,True,True,True,True
wstate_4_Mutant_Add_ch_P10_Q2_[].qasm,PureState_6,0.6030625312850557,0.0,0.0018385021662181,0.947827414715473,0.0018385016483221,0.8147745389605335,1.1102230246251563e-16,0.991846391339834,0.9999999999999992,0.0040768043739619,0.0,0.5048828125,False,True,False,True,False,True,False,True,False,True,False,False
wstate_4_Mutant_Add_ch_P10_Q2_[].qasm,Quratest_6,0.0,0.0,0.3946482630104327,0.4952358361130074,0.378605883379606,0.4629112442063722,0.3550424692744677,0.5378031825295069,0.087511312972755,0.2402244117802142,0.728515625,0.19677734375,True,True,True,False,True,False,True,False,True,False,True,False
wstate_4_Mutant_Add_ch_P10_Q2_[].qasm,PureState_7,0.6312153509840087,0.0,0.0016971564784963,0.9520380283230524,0.0016971560709236,0.8171895197391582,1.1102230246251563e-16,0.991846391339834,0.9999999999999992,0.0040768043749091,0.0,0.5048828125,False,True,False,True,False,True,False,True,False,True,False,False
wstate_4_Mutant_Add_ch_P10_Q2_[].qasm,Quratest_7,0.0,0.0,0.2867463333037579,0.7541346773962404,0.2800032025769209,0.683649966918182,0.2752152038508964,0.8305173396153632,0.286368558170895,0.0222710363175576,0.37939453125,0.0078125,True,True,True,False,True,False,True,True,True,True,True,False
wstate_4_Mutant_Add_ch_P10_Q2_[].qasm,PureState_8,0.0,0.0,0.5402606723499902,0.9379894759931788,0.463663462832436,0.8092448012311965,0.5000000000000001,0.9889920980086394,0.5000000000000001,0.0036913661287235,0.9873046875,0.5048828125,True,True,True,True,True,True,True,True,True,True,True,False
wstate_4_Mutant_Add_ch_P10_Q2_[].qasm,Quratest_8,0.0,0.0,0.4614207613003047,0.7208784434638033,0.3960856391973833,0.6267350662552639,0.3571521075112998,0.7741824011219325,0.0481335382480952,0.0503236871158875,0.73095703125,1.4951171875,True,True,True,False,True,False,True,False,True,True,True,True
wstate_4_Mutant_Add_ch_P10_Q2_[].qasm,PureState_9,0.0,0.0,0.4700351699755214,0.8822055953154991,0.4030952915144199,0.7471981949758568,0.3749999999999999,0.8670268429063979,0.0785849570550445,0.0167347568924654,0.75146484375,1.4951171875,True,True,True,True,True,False,True,True,True,True,True,True
wstate_4_Mutant_Add_ch_P10_Q2_[].qasm,Quratest_9,0.0,0.0,0.2131255486025533,0.8963852922293034,0.2066825736138731,0.7624532768564796,0.1533997283224423,0.8905393773767901,0.8316903425348331,0.0072467743464851,0.29296875,0.865234375,True,True,True,True,True,False,True,True,True,True,True,True
wstate_4_Mutant_Add_ch_P10_Q2_[].qasm,PureState_10,0.0,0.0,0.5444005753036508,0.9483820763154832,0.4674037725919346,0.8134829666368848,0.5,0.9889920980086392,0.5000000000000002,0.0032397331866432,0.9873046875,0.5048828125,True,True,True,True,True,True,True,True,True,True,True,False
wstate_4_Mutant_Add_ch_P10_Q2_[].qasm,Quratest_10,0.0,0.0,0.3508082572112364,0.7233825211836142,0.3262488812782916,0.6585541900752911,0.2515448473331707,0.835671036291408,0.1449138032743238,0.0602399863188692,0.49853515625,1.1552734375,True,True,True,False,True,False,True,True,True,True,True,True
wstate_4_Mutant_Add_ch_P10_Q2_[].qasm,PureState_11,0.0,0.0,0.5385462095604618,0.9676671223584334,0.462122163864371,0.8193395648389615,0.5,0.9918262187240482,0.5000000000000001,0.0013698575663155,0.9873046875,0.5048828125,True,True,True,True,True,True,True,True,True,True,True,False
wstate_4_Mutant_Add_ch_P10_Q2_[].qasm,Quratest_11,0.0,0.0,0.2336382635941456,0.7174445372972631,0.2266939348318263,0.6591906254175882,0.1560924349267418,0.8228964788706081,0.3696202328257854,0.0558482881420717,0.3515625,0.10986328125,True,True,True,False,True,False,True,True,True,True,True,False
wstate_4_Mutant_Add_ch_P10_Q2_[].qasm,PureState_12,0.0,0.0,0.2726093431812242,0.7628880548927134,0.2341424037897815,0.6670708038897876,0.1250000000000001,0.7778906170525848,0.3285849570550443,0.0491198731299841,0.23876953125,1.4951171875,True,True,True,False,True,False,True,False,True,True,True,True
wstate_4_Mutant_Add_ch_P10_Q2_[].qasm,Quratest_12,0.0,0.0,0.3770919833272608,0.7549725799080602,0.3680700907022682,0.6789276301708352,0.3979980026006494,0.8103039410913256,0.1190044607888714,0.0288455853032049,0.798828125,1.1611328125,True,True,True,False,True,False,True,True,True,True,True,True
wstate_4_Mutant_Add_ch_P10_Q2_[].qasm,PureState_13,0.0,0.0,0.2666279827955437,0.928532849841498,0.2279779033885364,0.7850687843124913,0.1250000000000001,0.9158365833956148,0.3285849570550443,0.0057176703208299,0.24169921875,1.4951171875,True,True,True,True,True,False,True,True,True,True,True,True
wstate_4_Mutant_Add_ch_P10_Q2_[].qasm,Quratest_13,0.0,0.0,0.2401386919539649,0.6894622353384899,0.2340129138633918,0.6458214142879284,0.2106364590431382,0.8275416728223026,0.1913067786962556,0.0622392833899537,0.42578125,0.7275390625,True,True,True,False,True,False,True,True,True,True,True,False
wstate_4_Mutant_Add_ch_P10_Q2_[].qasm,PureState_14,0.0,0.0,0.26914154546143,0.8815104462005406,0.2304720206499501,0.7458525642428785,0.1250000000000001,0.8699048270205545,0.3285849570550444,0.0133084539916375,0.24560546875,1.4951171875,True,True,True,True,True,False,True,True,True,True,True,True
wstate_4_Mutant_Add_ch_P10_Q2_[].qasm,Quratest_14,6.010960597905069e-90,0.0,0.0580772399143346,0.7535297239679372,0.0575015092948444,0.6823466158923622,0.0227298965616425,0.8257384646104556,0.5709089040195268,0.0457422412545954,0.04248046875,1.44775390625,True,True,False,False,False,False,True,True,True,True,True,True
wstate_4_Mutant_Add_ch_P10_Q2_[].qasm,PureState_15,0.0,0.0,0.465105167864763,0.7989237260783567,0.3988208351001348,0.6909053522291699,0.3749999999999999,0.8210950865313376,0.0785849570550445,0.0394484952414709,0.77490234375,1.4951171875,True,True,True,False,True,False,True,True,True,True,True,True
wstate_4_Mutant_Add_ch_P10_Q2_[].qasm,Quratest_15,0.0,0.0,0.2884955193348669,0.6623614891666337,0.2673633571639997,0.6094521609251052,0.1766725269317414,0.7656143247420109,0.1329485754127193,0.1034666923766233,0.34765625,0.61474609375,True,True,True,False,True,False,True,False,True,True,True,False
wstate_4_Mutant_Add_cz_P4_Q3_[].qasm,PureState_0,0.2984825055105966,0.0,0.0054824499932237,0.9553882849456616,0.0054824292274536,0.8148537082686322,0.0,0.9918262157713011,1.0000000000000004,0.0027271219417416,0.0,0.5048828125,True,True,False,True,False,True,False,True,False,True,False,False
wstate_4_Mutant_Add_cz_P4_Q3_[].qasm,Quratest_0,0.0,0.0,0.3117472487826397,0.8067985642518689,0.3058805030458399,0.7083715178889561,0.3534240056056197,0.8568588938592995,0.3103162414437343,0.0190346526033377,0.0087890625,1.2626953125,True,True,True,True,True,False,True,True,True,True,True,True
wstate_4_Mutant_Add_cz_P4_Q3_[].qasm,PureState_1,,0.0,0.0,0.3960443662908822,0.0,0.3353593790677038,0.0,0.2502986054059298,1.0,0.7497013945940639,0.0,0.5048828125,False,True,False,False,False,False,False,False,False,False,False,False
wstate_4_Mutant_Add_cz_P4_Q3_[].qasm,Quratest_1,0.0,0.0,0.7056754023316152,0.747390047623138,0.6672139731899722,0.6526409152327258,0.8646664073999332,0.804338134963806,0.0029431098254406,0.0566692325595403,0.00048828125,1.4951171875,True,True,True,False,True,False,True,True,True,True,True,True
wstate_4_Mutant_Add_cz_P4_Q3_[].qasm,PureState_2,0.0,0.0,0.7093022416768512,0.8465992315226404,0.6187875410764808,0.721979474409216,0.7499999999999998,0.8672029645363835,0.2499999999999997,0.0332625490006859,0.0,1.4951171875,True,True,True,True,True,False,True,True,True,True,False,True
wstate_4_Mutant_Add_cz_P4_Q3_[].qasm,Quratest_2,6.761886417007044e-32,0.0,0.0470282980317895,0.7749722457567874,0.0469925951737195,0.6923087486047109,0.0424067675266632,0.8076083332249911,0.2457521844783195,0.0180446140973183,0.01220703125,0.33984375,True,True,False,False,False,False,True,True,True,True,True,False
wstate_4_Mutant_Add_cz_P4_Q3_[].qasm,PureState_3,,0.0,0.0,0.9604896319460464,0.0,0.8214561528632413,0.0,0.9947006966954932,1.0,0.0052993033045003,0.0,0.5048828125,False,True,False,True,False,True,False,True,False,True,False,False
wstate_4_Mutant_Add_cz_P4_Q3_[].qasm,Quratest_3,0.0,0.0,0.4061731796353745,0.8882136345207382,0.387660692929935,0.7626875576954577,0.4447286555450445,0.8900851439659786,0.3813384693579687,0.0051763195687019,0.0029296875,1.06005859375,True,True,True,True,True,False,True,True,True,True,True,True
wstate_4_Mutant_Add_cz_P4_Q3_[].qasm,PureState_4,0.0,0.0,0.7074214744375421,0.9061952192661948,0.6170521508469565,0.7643623132219433,0.7499999999999999,0.8697541131065015,0.2500000000000001,0.0112620760958964,0.0,1.4951171875,True,True,True,True,True,False,True,True,True,True,False,True
wstate_4_Mutant_Add_cz_P4_Q3_[].qasm,Quratest_4,0.0,0.0,0.2686043202052375,0.5946189418010339,0.2603479659051146,0.5589056472074132,0.2007875850483639,0.712087608068976,0.6578395652699437,0.1570280779604264,0.00634765625,0.1806640625,True,True,True,False,True,False,True,False,True,True,True,False
wstate_4_Mutant_Add_cz_P4_Q3_[].qasm,PureState_5,0.0,0.0,0.7075311727638924,0.7128486953072543,0.6171537778375268,0.6220859197934848,0.7499999999999998,0.7753394538339199,0.2499999999999999,0.0569637500050474,0.0,1.4951171875,True,True,True,False,True,False,True,False,True,True,False,True
wstate_4_Mutant_Add_cz_P4_Q3_[].qasm,Quratest_5,0.0,0.0,0.6792663968265349,0.7838673016375255,0.5924191863762658,0.6765542293237463,0.6878457496530954,0.7913489577635119,0.145672213339793,0.0312801497698022,0.00439453125,1.3369140625,True,True,True,False,True,False,True,False,True,True,True,True
wstate_4_Mutant_Add_cz_P4_Q3_[].qasm,PureState_6,0.4839260454337373,0.0,0.0024749206008512,0.9470931852182948,0.0024749193373945,0.8145248721025445,0.0,0.9918463915215838,1.0,0.0040768042830868,0.0,0.5048828125,False,True,False,True,False,True,False,True,False,True,False,False
wstate_4_Mutant_Add_cz_P4_Q3_[].qasm,Quratest_6,0.0,0.0,0.183617440091267,0.4892303111333791,0.1749965182217653,0.4589012221516815,0.0846604268674856,0.5378031796477176,0.5289602985339197,0.240224441767155,0.00244140625,0.19677734375,True,True,True,False,True,False,True,False,True,False,True,False
wstate_4_Mutant_Add_cz_P4_Q3_[].qasm,PureState_7,0.0005399305514656,0.0,0.0122338897384578,0.9431943960636022,0.0122337370947918,0.8121927847848487,0.0,0.9918463915215838,1.0,0.0040768042840341,0.0,0.5048828125,True,True,False,True,False,True,False,True,False,True,False,False
wstate_4_Mutant_Add_cz_P4_Q3_[].qasm,Quratest_7,0.0,0.0,0.2612633565431841,0.7548756398758213,0.242017293978691,0.6843916810780535,0.1118462443569105,0.830517319959121,0.425553779952503,0.022271074840694,0.01318359375,0.0078125,True,True,True,False,True,False,True,True,True,True,True,False
wstate_4_Mutant_Add_cz_P4_Q3_[].qasm,PureState_8,0.4881881034855279,0.0,0.0042396356144619,0.9382428136279212,0.0042396260262939,0.8094518876770267,0.0,0.98899209403208,1.0000000000000004,0.0036913674622143,0.0,0.5048828125,False,True,False,True,False,True,False,True,False,True,False,False
wstate_4_Mutant_Add_cz_P4_Q3_[].qasm,Quratest_8,0.0,0.0,0.6529416169684276,0.7267946908052167,0.5865731339306516,0.6318126510812063,0.7126791203967817,0.7741823880951638,0.3227846284672925,0.0503237060299665,0.0,1.4951171875,True,True,True,False,True,False,True,False,True,True,False,True
wstate_4_Mutant_Add_cz_P4_Q3_[].qasm,PureState_9,0.0,0.0,0.7069655513026251,0.8862234090221673,0.6166319442676026,0.7500953493686532,0.7499999999999998,0.867026845677396,0.2500000000000002,0.0167347573006096,0.0,1.4951171875,True,True,True,True,True,False,True,True,True,True,False,True
wstate_4_Mutant_Add_cz_P4_Q3_[].qasm,Quratest_9,0.0,0.0,0.2759632728544823,0.8888330321197329,0.2732316453589775,0.7607148841606961,0.3044022450303752,0.8905393753443159,0.1274242246544527,0.0072467805446959,0.0166015625,0.865234375,True,True,True,True,True,False,True,True,True,True,True,True
wstate_4_Mutant_Add_cz_P4_Q3_[].qasm,PureState_10,0.7090809775857705,0.0,0.0029360895232158,0.9466903790818212,0.0029360861994727,0.8128457294948257,0.0,0.98899209403208,1.0,0.0032397343569824,0.0,0.5048828125,False,True,False,True,False,True,False,True,False,True,False,False
wstate_4_Mutant_Add_cz_P4_Q3_[].qasm,Quratest_10,0.0,0.0,0.4339859351030258,0.7290391196586363,0.4048637544318756,0.6623589083968773,0.3735050102740676,0.8356710184314428,0.6433525250909354,0.0602400225597434,0.005859375,1.1552734375,True,True,True,False,True,False,True,True,True,True,True,True
wstate_4_Mutant_Add_cz_P4_Q3_[].qasm,PureState_11,0.4450240278763886,0.0,0.0045197248207999,0.9701952248583092,0.0045196981612748,0.8185409558936959,0.0,0.9918262157713011,0.9999999999999998,0.0013698580611712,0.0,0.5048828125,False,True,False,True,False,True,False,True,False,True,False,False
wstate_4_Mutant_Add_cz_P4_Q3_[].qasm,Quratest_11,0.0,0.0,0.2414588403766986,0.7163448756987824,0.2249440230975834,0.6570947616387594,0.1249711709656664,0.8228964747759295,0.3759711526484682,0.0558482451098786,0.02880859375,0.10986328125,True,True,True,False,True,False,True,True,True,True,True,False
wstate_4_Mutant_Add_cz_P4_Q3_[].qasm,PureState_12,0.0,0.0,0.7050884119637459,0.7589343544281273,0.6148998405100393,0.6638871644475252,0.7499999999999999,0.7778906024040378,0.2499999999999999,0.0491198664121702,0.0,1.4951171875,True,True,True,False,True,False,True,False,True,True,False,True
wstate_4_Mutant_Add_cz_P4_Q3_[].qasm,Quratest_12,1.7528182289308388e-95,0.0,0.0888107857003803,0.747875914571473,0.0884189810203703,0.6725746547794281,0.0675020209799734,0.8103039380277446,0.1383337128161521,0.0288455730089464,0.00244140625,1.1611328125,True,True,False,False,False,False,True,True,True,True,True,True
wstate_4_Mutant_Add_cz_P4_Q3_[].qasm,PureState_13,0.0,0.0,0.7137977460153878,0.9283330732049768,0.6229322161431722,0.7845337768994269,0.7499999999999999,0.915836583221161,0.2499999999999999,0.0057176695087023,0.0,1.4951171875,True,True,True,True,True,False,True,True,True,True,False,True
wstate_4_Mutant_Add_cz_P4_Q3_[].qasm,Quratest_13,2.1082384018813516e-306,0.0,0.1156473169137782,0.6912577203847038,0.1151046729257917,0.6477293289862246,0.1115579865626434,0.8275416716731296,0.0484203824968718,0.0622392919777183,0.01025390625,0.7275390625,True,True,False,False,False,False,True,True,True,True,True,False
wstate_4_Mutant_Add_cz_P4_Q3_[].qasm,PureState_14,0.0,0.0,0.7097854577238663,0.8821042828509308,0.6192328501540614,0.747932922751575,0.7499999999999999,0.8699048278699544,0.2500000000000002,0.0133084535332706,0.0,1.4951171875,True,True,True,True,True,False,True,True,True,True,False,True
wstate_4_Mutant_Add_cz_P4_Q3_[].qasm,Quratest_14,0.0,0.0,0.2733127517450697,0.7474679475967033,0.2695167044147968,0.67919591396468,0.3309191097192113,0.8257384456557243,0.7202399317441652,0.0457423635892246,0.001953125,1.44775390625,True,True,True,False,True,False,True,True,True,True,True,True
wstate_4_Mutant_Add_cz_P4_Q3_[].qasm,PureState_15,0.0,0.0,0.7064241355078307,0.79595615039907,0.6161323121499102,0.6881402409479083,0.7499999999999998,0.8210950903261891,0.2500000000000003,0.0394484946203435,0.0,1.4951171875,True,True,True,False,True,False,True,True,True,True,False,True
wstate_4_Mutant_Add_cz_P4_Q3_[].qasm,Quratest_15,0.0,0.0,0.4227775219051734,0.6682479297573471,0.3940914391598454,0.6115702236869406,0.3599224299274356,0.7656143247420588,0.6505772093741335,0.1034666022834117,0.017578125,0.61474609375,True,True,True,False,True,False,True,False,True,True,True,False
wstate_4_Mutant_Add_rxx_P6_Q2_[3.141592653589793].qasm,PureState_0,0.0,0.0,1.0,0.961720266739902,0.8325546111576977,0.8186911500950422,1.0,0.9918262157713064,5.830783418486723e-33,0.0027271219417396,0.0,0.5048828125,True,True,True,True,True,True,True,True,True,True,False,False
wstate_4_Mutant_Add_rxx_P6_Q2_[3.141592653589793].qasm,Quratest_0,0.0,0.0,0.3867953712996109,0.803609338033534,0.3715924230579625,0.7068178914996985,0.3761025245901829,0.8568588938591047,0.1701153896914157,0.019034652601934,0.005859375,1.2626953125,True,True,True,True,True,False,True,True,True,True,True,True
wstate_4_Mutant_Add_rxx_P6_Q2_[3.141592653589793].qasm,PureState_1,0.0,0.0,1.0,0.3896479047221978,0.8325546111576978,0.3297698402683458,1.0,0.2502986054058971,1.1443916996305603e-16,0.749701394594095,0.0,0.5048828125,True,True,True,False,True,False,True,False,True,False,False,False
wstate_4_Mutant_Add_rxx_P6_Q2_[3.141592653589793].qasm,Quratest_1,0.0,0.0,0.7375133143151448,0.7431164397952018,0.6806902833550378,0.6492864214832154,0.8376831285260229,0.8043381349645219,0.006507222664602,0.0566692325592264,0.0,1.4951171875,True,True,True,False,True,False,True,True,True,True,False,True
wstate_4_Mutant_Add_rxx_P6_Q2_[3.141592653589793].qasm,PureState_2,0.0,0.0,0.5409957859150681,0.8453010020637689,0.4639614880745017,0.722009818188224,0.4999999999999996,0.8672029645369681,0.5000000000000003,0.0332625490004309,0.0,1.4951171875,True,True,True,True,True,False,True,True,True,True,False,True
wstate_4_Mutant_Add_rxx_P6_Q2_[3.141592653589793].qasm,Quratest_2,0.0,0.0,0.5137173003855973,0.7658442166749895,0.4859987231409966,0.6884716034668499,0.5314734067206544,0.8076083332244178,0.0051722998104541,0.0180446140994578,0.02880859375,0.33984375,True,True,True,False,True,False,True,True,True,True,True,False
wstate_4_Mutant_Add_rxx_P6_Q2_[3.141592653589793].qasm,PureState_3,0.0,0.0,1.0,0.9563262845633934,0.8325546111576977,0.8194670981575142,1.0,0.994700696695492,4.2679956413881764e-33,0.0052993033045005,0.0,0.5048828125,True,True,True,True,True,True,True,True,True,True,False,False
wstate_4_Mutant_Add_rxx_P6_Q2_[3.141592653589793].qasm,Quratest_3,0.0,0.0,0.6887925177334682,0.8931125678697873,0.6218433388494112,0.766293784814268,0.706944765944877,0.8900851439654048,0.0724753060153691,0.0051763195687882,0.00390625,1.06005859375,True,True,True,True,True,False,True,True,True,True,True,True
wstate_4_Mutant_Add_rxx_P6_Q2_[3.141592653589793].qasm,PureState_4,0.0,0.0,0.5353715154895332,0.9086583839653242,0.5037298973903818,0.7657895745256095,0.6666666666666665,0.8697541131066906,0.5000000000000003,0.0112620760959721,0.0,1.4951171875,True,True,True,True,True,False,True,True,True,True,False,True
wstate_4_Mutant_Add_rxx_P6_Q2_[3.141592653589793].qasm,Quratest_4,0.0,0.0,0.6021247979625615,0.5856860360658568,0.5573145648987538,0.5521736545197243,0.5535143025141459,0.7120876080649294,0.3011990136702741,0.157028077958731,0.01318359375,0.1806640625,True,True,True,False,True,False,True,False,True,True,True,False
wstate_4_Mutant_Add_rxx_P6_Q2_[3.141592653589793].qasm,PureState_5,0.0,0.0,0.5417677091658664,0.7094552488391103,0.4650915601347137,0.6189688074588904,0.4999999999999996,0.7753394538312883,0.4999999999999999,0.0569637500039397,0.0,1.4951171875,True,True,True,False,True,False,True,False,True,True,False,True
wstate_4_Mutant_Add_rxx_P6_Q2_[3.141592653589793].qasm,Quratest_5,0.0,0.0,0.5925944831073916,0.7868731195022963,0.5434159586514259,0.6796590738247461,0.6916044618661827,0.7913489577602386,0.4244852817782675,0.0312801497721684,0.001953125,1.3369140625,True,True,True,False,True,False,True,False,True,True,True,True
wstate_4_Mutant_Add_rxx_P6_Q2_[3.141592653589793].qasm,PureState_6,0.0,0.0,1.0,0.9468865310075756,0.8325546111576977,0.8143180811787089,1.0,0.9918463915215824,5.8902294801396257e-33,0.004076804283087,0.0,0.5048828125,True,True,True,True,True,True,True,True,True,True,False,False
wstate_4_Mutant_Add_rxx_P6_Q2_[3.141592653589793].qasm,Quratest_6,0.0,0.0,0.3545926635163868,0.4885565499226676,0.3309588182745188,0.4588913519435186,0.342641720396539,0.537803179647157,0.1490527245598935,0.2402244417630132,0.0048828125,0.19677734375,True,True,True,False,True,False,True,False,True,False,True,False
wstate_4_Mutant_Add_rxx_P6_Q2_[3.141592653589793].qasm,PureState_7,0.0,0.0,1.0,0.9500676319617604,0.8325546111576977,0.8160094919199781,1.0,0.9918463915215824,5.891902438990329e-33,0.0040768042840342,0.0,0.5048828125,True,True,True,True,True,True,True,True,True,True,False,False
wstate_4_Mutant_Add_rxx_P6_Q2_[3.141592653589793].qasm,Quratest_7,0.0,0.0,0.5307624265825713,0.7560642033788199,0.5027045559070327,0.6850535806395087,0.6208895032192819,0.8305173199552981,0.088857892342207,0.0222710748375029,0.01318359375,0.0078125,True,True,True,False,True,False,True,True,True,True,True,False
wstate_4_Mutant_Add_rxx_P6_Q2_[3.141592653589793].qasm,PureState_8,0.0,0.0,1.0,0.937243726953066,0.8325546111576977,0.8088958292792819,1.0,0.9889920940320872,5.82976713083584e-33,0.0036913674622116,0.0,0.5048828125,True,True,True,True,True,True,True,True,True,True,False,False
wstate_4_Mutant_Add_rxx_P6_Q2_[3.141592653589793].qasm,Quratest_8,0.0,0.0,0.4231820647955132,0.7223520143621507,0.4050537338409688,0.6275544720698399,0.4286084300452019,0.7741823880926298,0.1649183578757418,0.0503237060290081,0.0,1.4951171875,True,True,True,False,True,False,True,False,True,True,False,True
wstate_4_Mutant_Add_rxx_P6_Q2_[3.141592653589793].qasm,PureState_9,0.0,0.0,0.5447578049793703,0.8809220000005478,0.4675963078932795,0.7470427962190408,0.4999999999999996,0.8670268456779673,0.5000000000000006,0.0167347573004671,0.0,1.4951171875,True,True,True,True,True,False,True,True,True,True,False,True
wstate_4_Mutant_Add_rxx_P6_Q2_[3.141592653589793].qasm,Quratest_9,0.0,0.0,0.6321827199338015,0.8987826429135036,0.589751878354047,0.7640464724127038,0.7537511064030459,0.8905393753439199,3.2149543314468355e-06,0.0072467805441514,0.00244140625,0.865234375,True,True,True,True,True,False,True,True,True,True,True,True
wstate_4_Mutant_Add_rxx_P6_Q2_[3.141592653589793].qasm,PureState_10,0.0,0.0,1.0,0.9434410254940552,0.8325546111576977,0.8107105324866921,1.0,0.9889920940320872,5.831423259056752e-33,0.0032397343569801,0.0,0.5048828125,True,True,True,True,True,True,True,True,True,True,False,False
wstate_4_Mutant_Add_rxx_P6_Q2_[3.141592653589793].qasm,Quratest_10,0.0,0.0,0.6594943458945303,0.7180490942469204,0.5900771569066883,0.6550002620814306,0.726876063885318,0.8356710184279692,0.1278723688510593,0.0602400225570393,0.029296875,1.1552734375,True,True,True,False,True,False,True,True,True,True,True,True
wstate_4_Mutant_Add_rxx_P6_Q2_[3.141592653589793].qasm,PureState_11,0.0,0.0,1.0,0.9714264238352612,0.8325546111576977,0.8194197951705477,1.0,0.9918262157713064,5.8926117330056836e-33,0.0013698580611702,0.0,0.5048828125,True,True,True,True,True,True,True,True,True,True,False,False
wstate_4_Mutant_Add_rxx_P6_Q2_[3.141592653589793].qasm,Quratest_11,0.0,0.0,0.4666353242505749,0.7248378708529924,0.4316032261552432,0.6618741575636832,0.4008448985921288,0.8228964747751323,0.4164283418486216,0.0558482451136792,0.0107421875,0.10986328125,True,True,True,False,True,False,True,True,True,True,True,False
wstate_4_Mutant_Add_rxx_P6_Q2_[3.141592653589793].qasm,PureState_12,0.0,0.0,0.5400911049536974,0.7667673926541625,0.5073711092070787,0.6702954404416877,0.6666666666666665,0.7778906024010108,0.4999999999999999,0.0491198664164545,0.0,1.4951171875,True,True,True,False,True,False,True,False,True,True,False,True
wstate_4_Mutant_Add_rxx_P6_Q2_[3.141592653589793].qasm,Quratest_12,0.0,0.0,0.2252668017064596,0.7534204286016086,0.2238696376817695,0.6772305404810152,0.2781713547791284,0.8103039380271482,0.5754423811149778,0.0288455730101462,0.001953125,1.1611328125,True,True,True,False,True,False,True,True,True,True,True,True
wstate_4_Mutant_Add_rxx_P6_Q2_[3.141592653589793].qasm,PureState_13,0.0,0.0,0.545561747426611,0.9286119124414752,0.5126480202355019,0.7849788747812403,0.6666666666666665,0.9158365832211236,0.5000000000000001,0.0057176695087614,0.0,1.4951171875,True,True,True,True,True,False,True,True,True,True,False,True
wstate_4_Mutant_Add_rxx_P6_Q2_[3.141592653589793].qasm,Quratest_13,0.0,0.0,0.5426651539790844,0.6899604738737096,0.523655159689197,0.6466139009465901,0.6818584874227379,0.8275416716729048,0.3175123518654519,0.0622392919768044,0.005859375,0.7275390625,True,True,True,False,True,False,True,True,True,True,True,False
wstate_4_Mutant_Add_rxx_P6_Q2_[3.141592653589793].qasm,PureState_14,0.0,0.0,0.5454513487721867,0.8786699906930289,0.512252745373323,0.7446616138644631,0.6666666666666665,0.8699048278701285,0.4999999999999999,0.0133084535332461,0.0,1.4951171875,True,True,True,True,True,False,True,True,True,True,False,True
wstate_4_Mutant_Add_rxx_P6_Q2_[3.141592653589793].qasm,Quratest_14,0.0,0.0,0.6782604319288076,0.7489737349181107,0.6435598506096416,0.6796849437026861,0.8348704128340251,0.825738445652037,0.1756783693575848,0.0457423635806263,0.00634765625,1.44775390625,True,True,True,False,True,False,True,True,True,True,True,True
wstate_4_Mutant_Add_rxx_P6_Q2_[3.141592653589793].qasm,PureState_15,0.0,0.0,0.5454473238411592,0.7941722975028631,0.4678427912873636,0.6863579219245819,0.4999999999999996,0.8210950903269723,0.5000000000000002,0.0394484946201449,0.0,1.4951171875,True,True,True,False,True,False,True,True,True,True,False,True
wstate_4_Mutant_Add_rxx_P6_Q2_[3.141592653589793].qasm,Quratest_15,0.0,0.0,0.695872979889006,0.6679276272121583,0.6257894567707313,0.6119243400546697,0.7629043303820081,0.7656143247420586,0.1770798145598595,0.1034666022913029,0.00439453125,0.61474609375,True,True,True,False,True,False,True,False,True,True,True,False
wstate_4_Mutant_Add_rz_P9_Q0_[5.497787143782138].qasm,PureState_0,0.0,0.0,0.1203680123557073,0.9575453561604936,0.1021649549041706,0.8161463290676978,0.0732233047033631,0.9918262157727722,0.9267766952966372,0.0027271219412632,0.0,0.5048828125,True,True,False,True,False,True,True,True,True,True,False,False
wstate_4_Mutant_Add_rz_P9_Q0_[5.497787143782138].qasm,Quratest_0,2.7900235890174917e-291,0.0,0.1311101702597114,0.8053475753498013,0.1306137793214376,0.7063594621122559,0.1575179005135388,0.8568588938592301,0.9330590657562124,0.0190346526004621,0.0068359375,1.2626953125,True,True,False,True,True,False,True,True,True,True,True,True
wstate_4_Mutant_Add_rz_P9_Q0_[5.497787143782138].qasm,PureState_1,0.0,0.0,0.1878085702935852,0.3829538430838277,0.1569698762727784,0.3239288986833162,0.0732233047033631,0.2502986053807474,0.9267766952966364,0.7497013946192468,0.0,0.5048828125,True,True,True,False,True,False,True,False,True,False,False,False
wstate_4_Mutant_Add_rz_P9_Q0_[5.497787143782138].qasm,Quratest_1,0.0,0.0,0.1961466394215163,0.743566451077617,0.1953235327253678,0.6495291204875084,0.2616637839994098,0.8043381349868253,0.8621009367152058,0.0566692325492087,0.0,1.4951171875,True,True,True,False,True,False,True,True,True,True,False,True
wstate_4_Mutant_Add_rz_P9_Q0_[5.497787143782138].qasm,PureState_2,0.0,0.0,0.1296128135735352,0.8384537095844856,0.1098790043814472,0.7178793181799064,0.0732233047033631,0.8672029645607332,0.9267766952966364,0.0332625489948872,0.0,1.4951171875,True,True,False,True,False,False,True,True,True,True,False,True
wstate_4_Mutant_Add_rz_P9_Q0_[5.497787143782138].qasm,Quratest_2,0.0,0.0,0.194209444178445,0.7758017659322125,0.1934559736019728,0.6933476197545532,0.26218487543798,0.8076083332275555,0.8612269224697642,0.0180446140958611,0.017578125,0.33984375,True,True,True,False,True,False,True,True,True,True,True,False
wstate_4_Mutant_Add_rz_P9_Q0_[5.497787143782138].qasm,PureState_3,0.0,0.0,0.1973800847635924,0.9618559415341368,0.16503642121405,0.8220835643937282,0.0732233047033631,0.994700696697046,0.9267766952966372,0.0052993033029483,0.0,0.5048828125,True,True,True,True,True,True,True,True,True,True,False,False
wstate_4_Mutant_Add_rz_P9_Q0_[5.497787143782138].qasm,Quratest_3,0.0,0.0,0.1357415905197267,0.8927186668480698,0.1346280708395599,0.7643677215697584,0.1547352534084845,0.8900851439685097,0.8547995750102738,0.0051763195683603,0.00048828125,1.06005859375,True,True,True,True,True,False,True,True,True,True,True,True
wstate_4_Mutant_Add_rz_P9_Q0_[5.497787143782138].qasm,PureState_4,0.0,0.0,0.179143824408096,0.909996880732924,0.1504170087276271,0.7654247588837668,0.0732233047033631,0.8697541131053611,0.9267766952966372,0.0112620760937204,0.0,1.4951171875,True,True,True,True,True,False,True,True,True,True,False,True
wstate_4_Mutant_Add_rz_P9_Q0_[5.497787143782138].qasm,Quratest_4,0.0,0.0,0.1788441444273838,0.583480910424607,0.1735433960013518,0.5512438134924073,0.1491178478372584,0.7120876080665072,0.9094265181224784,0.1570280779639941,0.017578125,0.1806640625,True,True,True,False,True,False,True,False,True,True,True,False
wstate_4_Mutant_Add_rz_P9_Q0_[5.497787143782138].qasm,PureState_5,0.0,0.0,0.1388596580874034,0.7109476595393022,0.1180762047985543,0.6203355442431239,0.0732233047033631,0.7753394538517796,0.9267766952966364,0.0569637500029839,0.0,1.4951171875,True,True,True,False,True,False,True,False,True,True,False,True
wstate_4_Mutant_Add_rz_P9_Q0_[5.497787143782138].qasm,Quratest_5,0.0,0.0,0.1618753446858993,0.7835807865661389,0.161131512349263,0.6768236978819091,0.2229933484062602,0.7913489577556461,0.8713299570206805,0.0312801497706879,0.0087890625,1.3369140625,True,True,True,False,True,False,True,False,True,True,True,True
wstate_4_Mutant_Add_rz_P9_Q0_[5.497787143782138].qasm,PureState_6,1.3095919112943323e-62,0.0,0.0592920699471111,0.946279846989524,0.0592742088244942,0.8140177946793066,0.0732233047033632,0.9918463915230388,0.9267766952966372,0.0040768042823592,0.0,0.5048828125,True,True,False,True,False,True,True,True,True,True,False,False
wstate_4_Mutant_Add_rz_P9_Q0_[5.497787143782138].qasm,Quratest_6,5.0234165540145825e-192,0.0,0.0963192478221702,0.4896239185874426,0.0960532455057671,0.4594821747365241,0.1034091040297478,0.5378031796502705,0.8539612103065319,0.2402244417673107,0.0078125,0.19677734375,True,True,False,False,False,False,True,False,True,False,True,False
wstate_4_Mutant_Add_rz_P9_Q0_[5.497787143782138].qasm,PureState_7,2.151968194583136e-47,0.0,0.0513258123059328,0.9513801852829914,0.0513142344779193,0.8167951250083606,0.0732233047033632,0.9918463915230388,0.9267766952966368,0.0040768042833076,0.0,0.5048828125,True,True,False,True,False,True,True,True,True,True,False,False
wstate_4_Mutant_Add_rz_P9_Q0_[5.497787143782138].qasm,Quratest_7,1.785644816193067e-33,0.0,0.0559361441705463,0.7539628937670504,0.0554446908982398,0.6836830782570803,0.0411249172688617,0.8305173199569051,0.8592658466368589,0.0222710748347242,0.00048828125,0.0078125,True,True,False,False,False,False,True,True,True,True,True,False
wstate_4_Mutant_Add_rz_P9_Q0_[5.497787143782138].qasm,PureState_8,0.0,0.0,0.1182568889230438,0.9420178052553632,0.102172398640857,0.8114626334135504,0.0732233047033631,0.9889920940334528,0.9267766952966368,0.0036913674618557,0.0,0.5048828125,True,True,False,True,False,True,True,True,True,True,False,False
wstate_4_Mutant_Add_rz_P9_Q0_[5.497787143782138].qasm,Quratest_8,8.250931755785828e-111,0.0,0.1023251693425743,0.7278444061001444,0.1007491884449371,0.6331830530370959,0.0834021903895814,0.7741823881134031,0.8790567865837599,0.0503237060282233,0.0,1.4951171875,True,True,False,False,False,False,True,False,True,True,False,True
wstate_4_Mutant_Add_rz_P9_Q0_[5.497787143782138].qasm,PureState_9,0.0,0.0,0.1398804002775608,0.8881773241940751,0.1190808747633709,0.7501813842516825,0.0732233047033631,0.8670268457017265,0.926776695296636,0.0167347572973692,0.0,1.4951171875,True,True,True,True,True,False,True,True,True,True,False,True
wstate_4_Mutant_Add_rz_P9_Q0_[5.497787143782138].qasm,Quratest_9,0.0,0.0,0.1035911272739931,0.8891117936059096,0.0963723267165844,0.7601678151093575,0.0793711641080854,0.8905393753455991,0.9139647996304736,0.0072467805433976,0.009765625,0.865234375,True,True,False,True,False,False,True,True,True,True,True,True
wstate_4_Mutant_Add_rz_P9_Q0_[5.497787143782138].qasm,PureState_10,0.0,0.0,0.1559086273929754,0.9469702324128472,0.1314536770510439,0.8128934498918082,0.073223304703363,0.9889920940334528,0.9267766952966372,0.0032397343567019,0.0,0.5048828125,True,True,True,True,True,True,True,True,True,True,False,False
wstate_4_Mutant_Add_rz_P9_Q0_[5.497787143782138].qasm,Quratest_10,4.451995098469849e-22,0.0,0.0479182775443609,0.725488242920803,0.047330957976333,0.6596487779395751,0.0458508387581823,0.8356710184264475,0.959999499664166,0.0602400225617612,0.00341796875,1.1552734375,True,True,False,False,False,False,True,True,True,True,True,True
wstate_4_Mutant_Add_rz_P9_Q0_[5.497787143782138].qasm,PureState_11,0.0,0.0,0.1568473436468175,0.972325361229133,0.1318701289111725,0.8200170658459763,0.073223304703363,0.9918262157727722,0.926776695296637,0.0013698580609109,0.0,0.5048828125,True,True,True,True,True,True,True,True,True,True,False,False
wstate_4_Mutant_Add_rz_P9_Q0_[5.497787143782138].qasm,Quratest_11,0.0,0.0,0.1916176249430976,0.7202664762193376,0.1909221511441704,0.6607017851803595,0.2616904725979373,0.8228964747782439,0.8621026804311845,0.0558482451036674,0.005859375,0.10986328125,True,True,True,False,True,False,True,True,True,True,True,False
wstate_4_Mutant_Add_rz_P9_Q0_[5.497787143782138].qasm,PureState_12,0.0,0.0,0.180965507812425,0.7698312400325239,0.1516256344443586,0.6728158941903192,0.0732233047033631,0.7778906023964076,0.9267766952966356,0.0491198664131995,0.0,1.4951171875,True,True,True,False,True,False,True,False,True,True,False,True
wstate_4_Mutant_Add_rz_P9_Q0_[5.497787143782138].qasm,Quratest_12,1.4910450177614684e-09,0.0,0.028975498617555,0.7536017087091667,0.0289617281486367,0.6777171558554069,0.0211864838960884,0.8103039380287371,0.8571291598798674,0.0288455730103964,0.0009765625,1.1611328125,True,True,False,False,False,False,True,True,True,True,True,True
wstate_4_Mutant_Add_rz_P9_Q0_[5.497787143782138].qasm,PureState_13,0.0,0.0,0.0912424566840291,0.9329650828273068,0.0799443586482784,0.7860444897134091,0.0732233047033631,0.9158365832213108,0.9267766952966364,0.0057176695076223,0.0,1.4951171875,True,True,False,True,False,False,True,True,True,True,False,True
wstate_4_Mutant_Add_rz_P9_Q0_[5.497787143782138].qasm,Quratest_13,1.3665865241305714e-148,0.0,0.1540520700565312,0.690003940618211,0.1426142893181467,0.645595133519696,0.0760786225829889,0.8275416716729105,0.910580624564228,0.0622392919776272,0.00634765625,0.7275390625,True,True,True,False,True,False,True,True,True,True,True,False
wstate_4_Mutant_Add_rz_P9_Q0_[5.497787143782138].qasm,PureState_14,0.0,0.0,0.0914173939574358,0.8768884206964328,0.0808090789934129,0.7444223783344145,0.0732233047033631,0.8699048278686682,0.926776695296636,0.0133084535321474,0.0,1.4951171875,True,True,False,True,False,False,True,True,True,True,False,True
wstate_4_Mutant_Add_rz_P9_Q0_[5.497787143782138].qasm,Quratest_14,0.0,0.0,0.1927215708646706,0.7511011424714588,0.1919318923936403,0.6809290463401161,0.2640664355657351,0.8257384456505137,0.8599818213427886,0.0457423635952249,0.0078125,1.44775390625,True,True,True,False,True,False,True,True,True,True,True,True
wstate_4_Mutant_Add_rz_P9_Q0_[5.497787143782138].qasm,PureState_15,0.0,0.0,0.1491709427729207,0.7974992309216093,0.1273606037264374,0.6896611809553653,0.0732233047033631,0.8210950903490839,0.9267766952966364,0.039448494616715,0.0,1.4951171875,True,True,True,False,True,False,True,True,True,True,False,True
wstate_4_Mutant_Add_rz_P9_Q0_[5.497787143782138].qasm,Quratest_15,0.0,0.0,0.1796296842048518,0.6647253939642891,0.1787408789090752,0.6122519098195144,0.2320247043993708,0.7656143247437083,0.8536161466360744,0.1034666022859617,0.0146484375,0.61474609375,True,True,True,False,True,False,True,False,True,True,True,False
wstate_4_Mutant_Add_swap_P10_Q2_[].qasm,PureState_0,0.0,0.0,1.0,0.9582483039327776,0.8325546111576978,0.8163408401520712,1.0,0.9918262138651104,5.909192908166873e-52,0.0027271225777275,2.0,0.5048828125,True,True,True,True,True,True,True,True,True,True,True,False
wstate_4_Mutant_Add_swap_P10_Q2_[].qasm,Quratest_0,0.0,0.0,0.5889254598332675,0.8087952096903174,0.5302962040364448,0.7096336188329073,0.4523434050341949,0.8568588932090788,0.1557787732012961,0.019033428418101,0.89111328125,1.2626953125,True,True,True,True,True,False,True,True,True,True,True,True
wstate_4_Mutant_Add_swap_P10_Q2_[].qasm,PureState_1,,0.0,0.0,0.3901771918160157,0.0,0.3302320490660621,7.703719777548943e-34,0.2502986161971737,1.0,0.7497013838028185,0.0,0.5048828125,False,True,False,False,False,False,False,False,False,False,False,False
wstate_4_Mutant_Add_swap_P10_Q2_[].qasm,Quratest_1,0.0,0.0,0.2851630710205735,0.7424457789889366,0.2374254461934658,0.6488348790521302,0.0811474047041195,0.8043381373394375,0.8458490561904164,0.0566691224610371,0.15380859375,1.4951171875,True,True,True,False,True,False,True,True,True,True,True,True
wstate_4_Mutant_Add_swap_P10_Q2_[].qasm,PureState_2,0.0,0.0,0.5011815151827435,0.8426081806187242,0.4172730822162106,0.7197923760180068,0.2500000000000001,0.8672029663668839,0.5624999999999997,0.0332624536283614,0.49462890625,1.4951171875,True,True,True,True,True,False,True,True,True,True,True,True
wstate_4_Mutant_Add_swap_P10_Q2_[].qasm,Quratest_2,0.0,0.0,0.2864917881940093,0.771296390372826,0.2794406406706072,0.690538096402092,0.2730111636664434,0.8076083313229138,0.8352851177887978,0.0180464546275985,0.541015625,0.33984375,True,True,True,False,True,False,True,True,True,True,True,False
wstate_4_Mutant_Add_swap_P10_Q2_[].qasm,PureState_3,,0.0,0.0,0.9572533611048814,0.0,0.8199198138165167,7.703719777548943e-34,0.9947006967717702,1.0,0.0052993032282218,0.0,0.5048828125,False,True,False,True,False,True,False,True,False,True,False,False
wstate_4_Mutant_Add_swap_P10_Q2_[].qasm,Quratest_3,0.0,0.0,0.6574528536498196,0.8967093520590284,0.6085796470224488,0.7655790636717688,0.6741824853235765,0.8900851420636704,0.2944926984015694,0.0051763794404102,1.04345703125,1.06005859375,True,True,True,True,True,False,True,True,True,True,True,True
wstate_4_Mutant_Add_swap_P10_Q2_[].qasm,PureState_4,0.0,0.0,0.8637325984765364,0.9096627303196536,0.7191224714196843,0.7647841616731398,0.7499999999999999,0.8697541137007763,0.0625,0.0112621709082997,1.515625,1.4951171875,True,True,True,True,True,False,True,True,True,True,True,True
wstate_4_Mutant_Add_swap_P10_Q2_[].qasm,Quratest_4,0.0,0.0,0.3515247873823823,0.5872937667375766,0.3254564072395753,0.553811447781191,0.2132551712785198,0.7120875946368901,0.5866604692340079,0.1570262519719023,0.2822265625,0.1806640625,True,True,True,False,True,False,True,False,True,True,True,False
wstate_4_Mutant_Add_swap_P10_Q2_[].qasm,PureState_5,0.0,0.0,0.4959180719766473,0.7084804557135592,0.4128917836856232,0.6180607599018453,0.2500000000000001,0.7753394456106051,0.5624999999999993,0.056962206438195,0.49462890625,1.4951171875,True,True,True,False,True,False,True,False,True,True,True,True
wstate_4_Mutant_Add_swap_P10_Q2_[].qasm,Quratest_5,0.0,0.0,0.7088117565585226,0.7878890864561512,0.6495608112462874,0.6794380182848808,0.7148302164883721,0.7913489468962013,0.0002677515909918,0.0312810487439476,1.2353515625,1.3369140625,True,True,True,False,True,False,True,False,True,True,True,True
wstate_4_Mutant_Add_swap_P10_Q2_[].qasm,PureState_6,0.7641764965811866,0.0,0.0010606685365284,0.9502692824308726,0.0010606684371092,0.8161363380522259,7.703719777548943e-34,0.9918463916383542,1.0,0.0040768042247009,0.0,0.5048828125,False,True,False,True,False,True,False,True,False,True,False,False
wstate_4_Mutant_Add_swap_P10_Q2_[].qasm,Quratest_6,0.0,0.0,0.5554409105387931,0.4881637099770898,0.4945077513525289,0.4600394905174098,0.3763954208344893,0.5378031777833708,0.4125606355036599,0.2402216067591616,0.755859375,0.19677734375,True,True,True,False,True,False,True,False,True,False,True,False
wstate_4_Mutant_Add_swap_P10_Q2_[].qasm,PureState_7,0.6030507878697535,0.0,0.0018385101088645,0.9521228733112505,0.0018385095909438,0.8170379208268284,7.703719777548943e-34,0.9918463916383542,1.0,0.0040768042256481,0.0,0.5048828125,False,True,False,True,False,True,False,True,False,True,False,False
wstate_4_Mutant_Add_swap_P10_Q2_[].qasm,Quratest_7,0.0,0.0,0.553175546841449,0.7521850268247827,0.5108238789583033,0.681616977305808,0.4647275082688561,0.8305173072691622,0.197453035260966,0.0222680422407772,0.65576171875,0.0078125,True,True,True,False,True,False,True,True,True,True,True,False
wstate_4_Mutant_Add_swap_P10_Q2_[].qasm,PureState_8,0.0,0.0,1.0,0.9395207490911752,0.8325546111576977,0.8102166304949918,1.0,0.988992091464745,1.5290847419112574e-50,0.0036913683231381,2.0,0.5048828125,True,True,True,True,True,True,True,True,True,True,True,False
wstate_4_Mutant_Add_swap_P10_Q2_[].qasm,Quratest_8,0.0,0.0,0.5377470191574569,0.722024528910094,0.4477112503043708,0.6280701135707801,0.2856957849773991,0.7741823796829138,0.5102305115990539,0.050322391236363,0.56787109375,1.4951171875,True,True,True,False,True,False,True,False,True,True,True,True
wstate_4_Mutant_Add_swap_P10_Q2_[].qasm,PureState_9,0.0,0.0,0.4998179168127876,0.8857963096382472,0.4161323292159134,0.7493373793425565,0.2500000000000001,0.8670268474667875,0.5625,0.0167346952617942,0.49462890625,1.4951171875,True,True,True,True,True,False,True,True,True,True,True,True
wstate_4_Mutant_Add_swap_P10_Q2_[].qasm,Quratest_9,0.0,0.0,0.3645009808494183,0.8932389368965837,0.357858238891144,0.7614920062899597,0.4265923559770503,0.8905393740318102,0.0113202492632356,0.0072462837277218,0.43359375,0.865234375,True,True,True,True,True,False,True,True,True,True,True,True
wstate_4_Mutant_Add_swap_P10_Q2_[].qasm,PureState_10,0.0,0.0,1.0,0.9494009640951256,0.8325546111576977,0.8137184428891266,1.0,0.9889920914647448,2.0546935524203033e-50,0.0032397351126509,2.0,0.5048828125,True,True,True,True,True,True,True,True,True,True,True,False
wstate_4_Mutant_Add_swap_P10_Q2_[].qasm,Quratest_10,0.0,0.0,0.5209313681435535,0.7205813685733031,0.4768851152491811,0.6583158533079452,0.3965321025464426,0.8356710068980766,0.4504133386050887,0.0602372548733781,0.80615234375,1.1552734375,True,True,True,False,True,False,True,True,True,True,True,True
wstate_4_Mutant_Add_swap_P10_Q2_[].qasm,PureState_11,0.0,0.0,1.0,0.971790098436932,0.8325546111576978,0.8195577772033373,1.0,0.9918262138651104,1.2505578980112549e-51,0.0013698583806334,2.0,0.5048828125,True,True,True,True,True,True,True,True,True,True,True,False
wstate_4_Mutant_Add_swap_P10_Q2_[].qasm,Quratest_11,0.0,0.0,0.3497731751835886,0.7182827886163647,0.3372621309545761,0.659622736301855,0.2768352057619774,0.8228964721321091,0.2909188259274671,0.05585170025698,0.56298828125,0.10986328125,True,True,True,False,True,False,True,True,True,True,True,False
wstate_4_Mutant_Add_swap_P10_Q2_[].qasm,PureState_12,0.0,0.0,0.8657176762798159,0.7582608264094622,0.7207608821043249,0.6632496356888087,0.7499999999999999,0.7778905929444977,0.0624999999999999,0.0491214199068996,1.515625,1.4951171875,True,True,True,False,True,False,True,False,True,True,True,True
wstate_4_Mutant_Add_swap_P10_Q2_[].qasm,Quratest_12,0.0,0.0,0.2457696477154048,0.7544221104930293,0.2407590173077006,0.6782835192285178,0.1953177597694773,0.810303936049773,0.2122779368945125,0.028846592787985,0.3896484375,1.1611328125,True,True,True,False,True,False,True,True,True,True,True,True
wstate_4_Mutant_Add_swap_P10_Q2_[].qasm,PureState_13,0.0,0.0,0.8690304457291722,0.9257248518241024,0.7235394543953373,0.7835497424128134,0.7499999999999999,0.9158365831084784,0.0625,0.0057177312866545,1.515625,1.4951171875,True,True,True,True,True,False,True,True,True,True,True,True
wstate_4_Mutant_Add_swap_P10_Q2_[].qasm,Quratest_13,0.0,0.0,0.3342507167220859,0.6915619745531492,0.3237256110155209,0.6487257761908054,0.2543829160057673,0.8275416709272598,0.723707844658468,0.0622385579818495,0.3154296875,0.7275390625,True,True,True,False,True,False,True,True,True,True,True,False
wstate_4_Mutant_Add_swap_P10_Q2_[].qasm,PureState_14,0.0,0.0,0.8696050508589405,0.8871744979233205,0.723996438043789,0.7471117999413186,0.7499999999999999,0.8699048284150828,0.0625,0.0133084725015989,1.515625,1.4951171875,True,True,True,True,True,False,True,True,True,True,True,True
wstate_4_Mutant_Add_swap_P10_Q2_[].qasm,Quratest_14,0.0,0.0,0.8656376261614619,0.7541990358785586,0.7586405422822764,0.683976244523109,0.8580375936638815,0.8257384334189863,0.0065148433640576,0.0457331726083977,1.70361328125,1.44775390625,True,True,True,False,True,False,True,True,True,True,True,True
wstate_4_Mutant_Add_swap_P10_Q2_[].qasm,PureState_15,0.0,0.0,0.4997104736701211,0.7981815324663006,0.4160585879182062,0.6897796417739372,0.2500000000000001,0.821095092773392,0.5625,0.0394484749571652,0.49462890625,1.4951171875,True,True,True,False,True,False,True,True,True,True,True,True
wstate_4_Mutant_Add_swap_P10_Q2_[].qasm,Quratest_15,0.0,0.0,0.3910422228320755,0.6675454345480659,0.3394721272398109,0.6119500109230719,0.1837553170449615,0.7656143247381093,0.6404545783685418,0.1034738171704627,0.35888671875,0.61474609375,True,True,True,False,True,False,True,False,True,True,True,False
wstate_4_Mutant_Add_s_P0_Q0_[].qasm,PureState_0,0.0031039810363957,0.0,0.011957986313625,0.9569366096646602,0.0119577744500476,0.8157699218221052,0.0,0.991826215771312,1.0000000000000004,0.0027271219417384,0.0,0.5048828125,True,True,False,True,False,True,False,True,False,True,False,False
wstate_4_Mutant_Add_s_P0_Q0_[].qasm,Quratest_0,0.0,0.0,0.2413141862580653,0.8087750604372396,0.2379903798349118,0.7096012411510417,0.2447315832825493,0.8568588938591067,0.6797301450589016,0.0190346526033313,0.0,1.2626953125,True,True,True,True,True,False,True,True,True,True,False,True
wstate_4_Mutant_Add_s_P0_Q0_[].qasm,PureState_1,,0.0,0.0,0.3895722546204617,0.0,0.3297037820750258,0.0,0.2502986054058757,1.0,0.7497013945941189,0.0,0.5048828125,False,True,False,False,False,False,False,False,False,False,False,False
wstate_4_Mutant_Add_s_P0_Q0_[].qasm,Quratest_1,0.0,0.0,0.3575965748312187,0.7429886383433677,0.3429594776814142,0.6494901083266433,0.3652372602788405,0.8043381349645189,0.5723299718735638,0.0566692325593529,0.0,1.4951171875,True,True,True,False,True,False,True,True,True,True,False,True
wstate_4_Mutant_Add_s_P0_Q0_[].qasm,PureState_2,0.5715471109378618,0.0,0.0050178680949751,0.8458814347420951,0.0050178481886158,0.7240320120738657,0.0,0.867202964536966,0.9999999999999992,0.0332625490005403,0.0,1.4951171875,False,True,False,True,False,False,False,True,False,True,False,True
wstate_4_Mutant_Add_s_P0_Q0_[].qasm,Quratest_2,0.0,0.0,0.3494460440955831,0.7753291492863166,0.3340703520541477,0.6932470130226477,0.3310569313355711,0.8076083332244228,0.5657766655540238,0.018044614097357,0.0,0.33984375,True,True,True,False,True,False,True,True,True,True,False,False
wstate_4_Mutant_Add_s_P0_Q0_[].qasm,PureState_3,,0.0,0.0,0.9622047677750528,0.0,0.822241668928899,0.0,0.9947006966954935,1.0,0.0052993033045007,0.0,0.5048828125,False,True,False,True,False,True,False,True,False,True,False,False
wstate_4_Mutant_Add_s_P0_Q0_[].qasm,Quratest_3,0.0,0.0,0.1563894015336988,0.8887078983237009,0.1542848609276894,0.7635444179865698,0.1594360328319409,0.8900851439654107,0.6328107268400236,0.0051763195687198,0.0,1.06005859375,True,True,True,True,True,False,True,True,True,True,False,True
wstate_4_Mutant_Add_s_P0_Q0_[].qasm,PureState_4,0.0041635274273211,0.0,0.0126314122568728,0.9066752595078728,0.0126302029132637,0.7639026803433008,0.0,0.8697541131066909,0.9999999999999998,0.011262076095864,0.0,1.4951171875,True,True,False,True,False,False,False,True,False,True,False,True
wstate_4_Mutant_Add_s_P0_Q0_[].qasm,Quratest_4,3.970973096853428e-32,0.0,0.0464221295603167,0.5875492472099187,0.0463564335475437,0.5545846128311976,0.0240564464663971,0.7120876080649562,0.953550073724738,0.1570280779608146,0.0,0.1806640625,True,True,False,False,False,False,True,False,True,True,False,False
wstate_4_Mutant_Add_s_P0_Q0_[].qasm,PureState_5,0.7975881391402017,0.0,0.0035622039866865,0.7117329961704858,0.0035621968182263,0.6210652057184738,0.0,0.7753394538313049,0.9999999999999992,0.0569637500057001,0.0,1.4951171875,False,True,False,False,False,False,False,False,False,True,False,True
wstate_4_Mutant_Add_s_P0_Q0_[].qasm,Quratest_5,0.0,0.0,0.2322050289484009,0.7877684487576369,0.2208912863471546,0.6799650977770146,0.1254319576778332,0.7913489577602603,0.5236909855348904,0.0312801497711392,0.0,1.3369140625,True,True,True,False,True,False,True,False,True,True,False,True
wstate_4_Mutant_Add_s_P0_Q0_[].qasm,PureState_6,0.0687582066669755,0.0,0.0064348827656235,0.9476351495771682,0.006434860556751,0.8147304243654008,0.0,0.9918463915215844,1.0,0.0040768042830871,0.0,0.5048828125,True,True,False,True,False,True,False,True,False,True,False,False
wstate_4_Mutant_Add_s_P0_Q0_[].qasm,Quratest_6,0.0,0.0,0.1847781180925174,0.4891792293181399,0.1824205249333104,0.4588490881927863,0.1524803653374804,0.5378031796471614,0.7236513175675626,0.240224441766252,0.0,0.19677734375,True,True,True,False,True,False,True,False,True,False,False,False
wstate_4_Mutant_Add_s_P0_Q0_[].qasm,PureState_7,0.4008917697585715,0.0,0.0029698812245954,0.9480966654662398,0.0029698790415173,0.8150772047980599,0.0,0.9918463915215844,1.0,0.0040768042840344,0.0,0.5048828125,False,True,False,True,False,True,False,True,False,True,False,False
wstate_4_Mutant_Add_s_P0_Q0_[].qasm,Quratest_7,0.0,0.0,0.2807403089401814,0.7554672613842413,0.276386190123798,0.6841581810007085,0.2788253982075637,0.8305173199553233,0.5000028180856267,0.0222710748409636,0.0,0.0078125,True,True,True,False,True,False,True,True,True,True,False,False
wstate_4_Mutant_Add_s_P0_Q0_[].qasm,PureState_8,0.0701428667194634,0.0,0.0081536731225229,0.9417653138026302,0.0081536052281958,0.8113944928101037,0.0,0.988992094032094,1.0000000000000004,0.00369136746221,0.0,0.5048828125,True,True,False,True,False,True,False,True,False,True,False,False
wstate_4_Mutant_Add_s_P0_Q0_[].qasm,Quratest_8,0.0,0.0,0.1868325652270728,0.7225711195130528,0.1851088271470855,0.6285329418003618,0.1552015700623287,0.7741823880926468,0.7965824267746394,0.0503237060305077,0.0,1.4951171875,True,True,True,False,True,False,True,False,True,True,False,True
wstate_4_Mutant_Add_s_P0_Q0_[].qasm,PureState_9,0.9176043752115444,0.0,0.0034313266634181,0.885676560629227,0.0034313147824558,0.7491471089125323,0.0,0.8670268456779653,0.9999999999999996,0.0167347573005381,0.0,1.4951171875,False,True,False,True,False,False,False,True,False,True,False,True
wstate_4_Mutant_Add_s_P0_Q0_[].qasm,Quratest_9,3.2359878014816265e-23,0.0,0.03779136768966,0.8903442318785993,0.037667304153629,0.76124924831912,0.0332858647495778,0.8905393753439235,0.9961434327774012,0.0072467805447184,0.0,0.865234375,True,True,False,True,False,False,True,True,True,True,False,True
wstate_4_Mutant_Add_s_P0_Q0_[].qasm,PureState_10,0.6226616382687371,0.0,0.0034473422078637,0.9385342397459848,0.0034473371098436,0.8079835735322457,0.0,0.9889920940320938,1.0,0.0032397343569787,0.0,0.5048828125,False,True,False,True,False,True,False,True,False,True,False,False
wstate_4_Mutant_Add_s_P0_Q0_[].qasm,Quratest_10,0.0,0.0,0.2328270067013398,0.7192588211402582,0.2237432032888376,0.6576664935079948,0.1287844551365889,0.8356710184279924,0.5530470577613622,0.0602400225601974,0.0,1.1552734375,True,True,True,False,True,False,True,True,True,True,False,True
wstate_4_Mutant_Add_s_P0_Q0_[].qasm,PureState_11,0.9942845439221568,0.0,0.0003787239736994,0.9711045088442252,0.0003787239550065,0.8191447007332473,0.0,0.991826215771312,0.9999999999999998,0.0013698580611696,0.0,0.5048828125,False,True,False,True,False,True,False,True,False,True,False,False
wstate_4_Mutant_Add_s_P0_Q0_[].qasm,Quratest_11,0.0,0.0,0.2313699131739388,0.7223683390643305,0.2214171623521192,0.6609516988547575,0.1393342663774073,0.8228964747751392,0.572344727328039,0.0558482451097362,0.0,0.10986328125,True,True,True,False,True,False,True,True,True,True,False,False
wstate_4_Mutant_Add_s_P0_Q0_[].qasm,PureState_12,0.6817689442849347,0.0,0.0043689118498481,0.7678644241424792,0.0043688504059721,0.6712396282765506,0.0,0.7778906024010297,0.9999999999999988,0.0491198664146758,0.0,1.4951171875,False,True,False,False,False,False,False,False,False,True,False,True
wstate_4_Mutant_Add_s_P0_Q0_[].qasm,Quratest_12,0.0,0.0,0.3224093439410549,0.7505547528795079,0.3155079849242571,0.6751746030562591,0.3291509377077011,0.8103039380271535,0.6534141702318792,0.0288455730089823,0.0,1.1611328125,True,True,True,False,True,False,True,True,True,True,False,True
wstate_4_Mutant_Add_s_P0_Q0_[].qasm,PureState_13,0.1387221557893341,0.0,0.0092471856031006,0.9303905585983244,0.0092469770737465,0.7841284232111385,0.0,0.9158365832211256,0.9999999999999992,0.0057176695086909,0.0,1.4951171875,True,True,False,True,False,False,False,True,False,True,False,True
wstate_4_Mutant_Add_s_P0_Q0_[].qasm,Quratest_13,1.5876111512440802e-93,0.0,0.0803651712672885,0.6909607171722154,0.0800037023493338,0.6478239194684587,0.0395857894644275,0.8275416716729083,0.8540304160123632,0.0622392919776426,0.0,0.7275390625,True,True,False,False,False,False,True,True,True,True,False,False
wstate_4_Mutant_Add_s_P0_Q0_[].qasm,PureState_14,0.2711077698658958,0.0,0.0079819542411729,0.8762734394959897,0.0079818414274463,0.7435517744377627,0.0,0.8699048278701289,1.0,0.0133084535332246,0.0,1.4951171875,True,True,False,True,False,False,False,True,False,True,False,True
wstate_4_Mutant_Add_s_P0_Q0_[].qasm,Quratest_14,6.382389301336879e-101,0.0,0.1001384836208723,0.7519206490990341,0.0963267103099107,0.682903742663953,0.0308218500433799,0.8257384456520617,0.5840888126340155,0.045742363591112,0.0,1.44775390625,True,True,False,False,False,False,True,True,True,True,False,True
wstate_4_Mutant_Add_s_P0_Q0_[].qasm,PureState_15,0.0026494844804713,0.0,0.0143005242997112,0.7956364034105742,0.0142999404264689,0.6890056528759968,0.0,0.8210950903269688,1.0,0.039448494620168,0.0,1.4951171875,True,True,False,False,False,False,False,True,False,True,False,True
wstate_4_Mutant_Add_s_P0_Q0_[].qasm,Quratest_15,0.0,0.0,0.289938844473594,0.6744664757515872,0.2777956006355421,0.6158144345103221,0.2026659804047814,0.7656143247420599,0.5030765263411375,0.1034666022830694,0.0,0.61474609375,True,True,True,False,True,False,True,False,True,True,False,False
wstate_4_Mutant_Add_y_P0_Q0_[].qasm,PureState_0,0.0,0.0,0.5763433147311628,0.961265713699533,0.4798441958986952,0.818499595352112,0.3333333333333334,0.991826215771312,4.5042050944755026e-34,0.0027271219417384,0.0,0.5048828125,True,True,True,True,True,True,True,True,True,True,False,False
wstate_4_Mutant_Add_y_P0_Q0_[].qasm,Quratest_0,0.0,0.0,0.3653878375681744,0.8105158538694079,0.3523851992413445,0.7110633417847257,0.3860224117554486,0.8568588938591067,0.0280795900809548,0.0190346526033313,0.0009765625,1.2626953125,True,True,True,True,True,False,True,True,True,True,True,True
wstate_4_Mutant_Add_y_P0_Q0_[].qasm,PureState_1,0.0,0.0,1.0,0.3883605653775043,0.8325546111576977,0.3286458805977834,1.0,0.2502986054058757,1.0289847803960556e-67,0.7497013945941189,0.0,0.5048828125,True,True,True,False,True,False,True,False,True,False,False,False
wstate_4_Mutant_Add_y_P0_Q0_[].qasm,Quratest_1,7.324565214034334e-252,0.0,0.1184802874531427,0.7446304013142284,0.1177092330944094,0.6506088388135041,0.0984642985401891,0.8043381349645186,0.8536399255673318,0.0566692325593529,0.00048828125,1.4951171875,True,True,False,False,True,False,True,True,True,True,True,True
wstate_4_Mutant_Add_y_P0_Q0_[].qasm,PureState_2,0.0,0.0,0.7073846866646876,0.8521860950508536,0.5889606322700813,0.7268105961299758,0.5,0.867202964536966,4.785628722501708e-17,0.0332625490005403,0.0,1.4951171875,True,True,True,True,True,False,True,True,True,True,False,True
wstate_4_Mutant_Add_y_P0_Q0_[].qasm,Quratest_2,0.0,0.0,0.1406698627624119,0.777591368240942,0.1397547384214589,0.6948340245194649,0.1224393481592336,0.8076083332244228,0.8669272099808369,0.018044614097357,0.02001953125,0.33984375,True,True,True,False,True,False,True,True,True,True,True,False
wstate_4_Mutant_Add_y_P0_Q0_[].qasm,PureState_3,0.0,0.0,1.0,0.959166304662544,0.8325546111576977,0.8208363411862732,1.0,0.9947006966954935,2.2543621814704664e-67,0.0052993033045007,0.0,0.5048828125,True,True,True,True,True,True,True,True,True,True,False,False
wstate_4_Mutant_Add_y_P0_Q0_[].qasm,Quratest_3,0.0,0.0,0.4812350163322415,0.8930624468423262,0.4643632958970909,0.7648856008479807,0.5680367465453686,0.8900851439654107,0.02232067610976,0.0051763195687198,0.00146484375,1.06005859375,True,True,True,True,True,False,True,True,True,True,True,True
wstate_4_Mutant_Add_y_P0_Q0_[].qasm,PureState_4,0.0,0.0,0.9129845653760824,0.9061655883573272,0.7601278304206731,0.7639440244940165,0.8333333333333333,0.8697541131066909,2.0171089768672845e-17,0.011262076095864,0.0,1.4951171875,True,True,True,True,True,False,True,True,True,True,False,True
wstate_4_Mutant_Add_y_P0_Q0_[].qasm,Quratest_4,0.0,0.0,0.7372931762669236,0.5862854028458603,0.6738590887321776,0.5520240401453546,0.7574091746801954,0.712087608064956,0.0866762114160247,0.1570280779608146,0.01025390625,0.1806640625,True,True,True,False,True,False,True,False,True,True,True,False
wstate_4_Mutant_Add_y_P0_Q0_[].qasm,PureState_5,0.0,0.0,0.70979976461761,0.716535747122383,0.5909511446191168,0.6254644874523098,0.5,0.7753394538313049,7.5043354801698e-17,0.0569637500057001,0.0,1.4951171875,True,True,True,False,True,False,True,False,True,True,False,True
wstate_4_Mutant_Add_y_P0_Q0_[].qasm,Quratest_5,0.0,0.0,0.2211068583231375,0.7867688684144224,0.2141319702988225,0.6800816173946311,0.2520683666434796,0.7913489577602603,0.8258755605776207,0.0312801497711392,0.005859375,1.3369140625,True,True,True,False,True,False,True,False,True,True,True,True
wstate_4_Mutant_Add_y_P0_Q0_[].qasm,PureState_6,0.5619134913420589,0.0,0.0020506120774815,0.9500852728134056,0.002050611358882,0.8160958351521637,2.220446049250313e-16,0.9918463915215844,3.25176800477199e-17,0.0040768042830871,0.0,0.5048828125,False,True,False,True,False,True,False,True,True,True,False,False
wstate_4_Mutant_Add_y_P0_Q0_[].qasm,Quratest_6,0.0,0.0,0.5404874855582366,0.4856870660612105,0.5250921735631426,0.457517852113297,0.6994201404689194,0.537803179647162,1.0332765103807397e-16,0.2402244417662521,0.01025390625,0.19677734375,True,True,True,False,True,False,True,False,True,False,True,False
wstate_4_Mutant_Add_y_P0_Q0_[].qasm,PureState_7,0.4121996145187957,0.0,0.0028991706982431,0.9540476283103192,0.0028991686674118,0.818124984869487,2.220446049250313e-16,0.9918463915215844,3.2517680051932483e-17,0.0040768042840344,0.0,0.5048828125,False,True,False,True,False,True,False,True,True,True,False,False
wstate_4_Mutant_Add_y_P0_Q0_[].qasm,Quratest_7,0.0,0.0,0.6071648724478977,0.7619657452731904,0.5748732916302149,0.6889350929124599,0.7211313155828483,0.8305173199553233,0.0413409521861376,0.0222710748409636,0.01953125,0.0078125,True,True,True,False,True,False,True,True,True,True,True,False
wstate_4_Mutant_Add_y_P0_Q0_[].qasm,PureState_8,0.0,0.0,0.5767079678711741,0.9368527668834534,0.4801543233978635,0.8085165049968154,0.3333333333333334,0.988992094032094,5.172918700272545e-34,0.00369136746221,0.0,0.5048828125,True,True,True,True,True,True,True,True,True,True,False,False
wstate_4_Mutant_Add_y_P0_Q0_[].qasm,Quratest_8,0.0,0.0,0.4747482464341861,0.7261782321087372,0.4582747394412035,0.6318296687310486,0.5388473654532364,0.7741823880926468,0.3744330770912099,0.0503237060305077,0.0,1.4951171875,True,True,True,False,True,False,True,False,True,True,False,True
wstate_4_Mutant_Add_y_P0_Q0_[].qasm,PureState_9,0.0,0.0,0.7065605140376795,0.88828810316344,0.5882574535977001,0.7505378220566263,0.4999999999999999,0.8670268456779653,1.7001629941435174e-17,0.0167347573005381,0.0,1.4951171875,True,True,True,True,True,False,True,True,True,True,False,True
wstate_4_Mutant_Add_y_P0_Q0_[].qasm,Quratest_9,0.0,0.0,0.4773773247884029,0.8972486533682963,0.4112388212833089,0.7619699624745881,0.3076276214897712,0.8905393753439235,9.995315352712244e-17,0.0072467805447184,0.015625,0.865234375,True,True,True,True,True,False,True,True,True,True,True,True
wstate_4_Mutant_Add_y_P0_Q0_[].qasm,PureState_10,0.0,0.0,0.8152975694650036,0.94706870545399,0.6787820398339158,0.8135717063547553,0.6666666666666667,0.9889920940320938,2.277767561440365e-18,0.0032397343569787,0.0,0.5048828125,True,True,True,True,True,True,True,True,True,True,False,False
wstate_4_Mutant_Add_y_P0_Q0_[].qasm,Quratest_10,0.0,0.0,0.3915559370353625,0.7186571424424297,0.3745882824138747,0.6569655405708102,0.4421911188262565,0.835671018427992,0.1195379481530404,0.0602400225601973,0.00146484375,1.1552734375,True,True,True,False,True,False,True,True,True,True,True,True
wstate_4_Mutant_Add_y_P0_Q0_[].qasm,PureState_11,0.0,0.0,0.8155689954757895,0.9708979534981764,0.6790063574995928,0.8190146376212512,0.6666666666666667,0.991826215771312,2.277767694903623e-18,0.0013698580611696,0.0,0.5048828125,True,True,True,True,True,True,True,True,True,True,False,False
wstate_4_Mutant_Add_y_P0_Q0_[].qasm,Quratest_11,0.0,0.0,0.2265486538603752,0.7174531490270085,0.2250745403896386,0.6587545075334639,0.2728282919045834,0.8228964747751392,0.853814069766954,0.0558482451097362,0.00048828125,0.10986328125,True,True,True,False,True,False,True,True,True,True,True,False
wstate_4_Mutant_Add_y_P0_Q0_[].qasm,PureState_12,0.0,0.0,0.912706232667417,0.7648747766934844,0.7598944685468204,0.6687850320516112,0.8333333333333333,0.7778906024010297,1.4731976725495358e-17,0.0491198664146758,0.0,1.4951171875,True,True,True,False,True,False,True,False,True,True,False,True
wstate_4_Mutant_Add_y_P0_Q0_[].qasm,Quratest_12,0.0,0.0,0.542057860426298,0.7545729894756201,0.524359618477141,0.6790650468334771,0.6886985191106832,0.8103039380271535,0.0926946777481543,0.0288455730089823,0.00927734375,1.1611328125,True,True,True,False,True,False,True,True,True,True,True,True
wstate_4_Mutant_Add_y_P0_Q0_[].qasm,PureState_13,0.0,0.0,0.4016156309216605,0.9297173051073911,0.3343876450814199,0.78484684620766,0.1666666666666667,0.9158365832211256,8.044654224495658e-18,0.0057176695086909,0.0,1.4951171875,True,True,True,True,True,False,True,True,True,True,False,True
wstate_4_Mutant_Add_y_P0_Q0_[].qasm,Quratest_13,0.0,0.0,0.6247617985928701,0.691854145091058,0.5942766507756355,0.6456935118777021,0.7141395502150096,0.8275416716729085,0.2902548778003238,0.0622392919776426,0.017578125,0.7275390625,True,True,True,False,True,False,True,True,True,True,True,False
wstate_4_Mutant_Add_y_P0_Q0_[].qasm,PureState_14,0.0,0.0,0.404892808205201,0.8797660145370597,0.3371127535012709,0.7442135417547882,0.1666666666666667,0.8699048278701289,9.097607988873566e-18,0.0133084535332246,0.0,1.4951171875,True,True,True,True,True,False,True,True,True,True,False,True
wstate_4_Mutant_Add_y_P0_Q0_[].qasm,Quratest_14,0.0,0.0,0.2942435169190804,0.7525409275117686,0.2916133161428355,0.6815582149463505,0.3929656745175978,0.8257384456520617,0.8139531792078666,0.0457423635911119,0.0068359375,1.44775390625,True,True,True,False,True,False,True,True,True,True,True,True
wstate_4_Mutant_Add_y_P0_Q0_[].qasm,PureState_15,0.0,0.0,0.705811225642084,0.7973652967238004,0.5876445309562859,0.6897659923840204,0.4999999999999999,0.8210950903269688,1.4981456953542642e-17,0.039448494620168,0.0,1.4951171875,True,True,True,False,True,False,True,True,True,True,False,True
wstate_4_Mutant_Add_y_P0_Q0_[].qasm,Quratest_15,0.0,0.0,0.2083308055034953,0.660648881465658,0.2070437698993358,0.6090613471080165,0.2737097682040228,0.7656143247420599,0.0204614519670428,0.1034666022830694,0.01953125,0.61474609375,True,True,True,False,True,False,True,False,True,True,True,False
wstate_4_Mutant_Remove_cx_P11_Q1.qasm,PureState_0,0.0,0.0,0.8173742950294985,0.9615849770345324,0.6805089047961059,0.818582574144051,0.6666666666666666,0.9921986202526516,0.1111111111111112,0.0026004599180766,1.33935546875,0.5537109375,True,True,True,True,True,True,True,True,True,True,True,False
wstate_4_Mutant_Remove_cx_P11_Q1.qasm,Quratest_0,0.0,0.0,0.5859277066321221,0.7778814010961507,0.5296548878172955,0.6842661963847718,0.4896237029856174,0.8177061297603632,0.002113650096735,0.0259008882826847,0.98046875,1.2138671875,True,True,True,False,True,False,True,True,True,True,True,True
wstate_4_Mutant_Remove_cx_P11_Q1.qasm,PureState_1,,0.0,0.0,0.4172607630747962,0.0,0.3539582393553656,1.3779452009988078e-33,0.2859706648021415,1.0,0.7140293351978543,0.0,0.5537109375,False,True,False,False,False,False,False,False,False,False,False,False
wstate_4_Mutant_Remove_cx_P11_Q1.qasm,Quratest_1,0.0,0.0,0.9016918917671338,0.7356661987232087,0.7558142971426268,0.6442761368142831,0.8250131673025618,0.7743291119224195,0.0273403004306704,0.05817982577209,1.662109375,1.4462890625,True,True,True,False,True,False,True,False,True,True,True,True
wstate_4_Mutant_Remove_cx_P11_Q1.qasm,PureState_2,0.0,0.0,0.7058411256200666,0.8460186349442425,0.5876673900467098,0.7244385176883497,0.4999999999999999,0.8732539637837544,0.2499999999999996,0.0317157766208365,0.9873046875,1.4462890625,True,True,True,True,True,False,True,True,True,True,True,True
wstate_4_Mutant_Remove_cx_P11_Q1.qasm,Quratest_2,0.0,0.0,0.1811626689061453,0.755238294002722,0.1803160097622334,0.6793522080773367,0.209448119813932,0.8026214293322874,0.2343260152330404,0.0187681977478978,0.19677734375,0.291015625,True,True,True,False,True,False,True,True,True,True,True,False
wstate_4_Mutant_Remove_cx_P11_Q1.qasm,PureState_3,,0.0,0.0,0.9618559415341368,0.0,0.8220835643937283,1.3779452009988078e-33,0.9949528465058112,1.0,0.005047153494184,0.0,0.5537109375,False,True,False,True,False,True,False,True,False,True,False,False
wstate_4_Mutant_Remove_cx_P11_Q1.qasm,Quratest_3,0.0,0.0,0.6204354046415808,0.8735638775818536,0.5818670939851962,0.7507137796063308,0.6417710908564795,0.8824259967988877,0.3498603368806849,0.007174294484481,1.10009765625,1.01123046875,True,True,True,True,True,False,True,True,True,True,True,True
wstate_4_Mutant_Remove_cx_P11_Q1.qasm,PureState_4,0.0,0.0,0.4100719610990394,0.9048296058436268,0.3414113523724157,0.7652515311272007,0.1666666666666667,0.8732539637837544,0.6944444444444441,0.0107405189248681,0.32373046875,1.4462890625,True,True,True,True,True,False,True,True,True,True,True,True
wstate_4_Mutant_Remove_cx_P11_Q1.qasm,Quratest_4,0.0,0.0,0.3608354755806975,0.5767362423643554,0.3334422527856772,0.5467842876050639,0.1987281538050233,0.7055478676136991,0.7188809145117853,0.1492801142190076,0.380859375,0.1318359375,True,True,True,False,True,False,True,False,True,True,True,False
wstate_4_Mutant_Remove_cx_P11_Q1.qasm,PureState_5,0.0,0.0,0.7078260217301142,0.6997055382362253,0.5893084204339956,0.6099318913704358,0.4999999999999999,0.7481560562299158,0.2499999999999999,0.0632165235447716,1.02099609375,1.4462890625,True,True,True,False,True,False,True,False,True,True,True,True
wstate_4_Mutant_Remove_cx_P11_Q1.qasm,Quratest_5,0.0,0.0,0.4550505398876108,0.7841687403007186,0.378883156086985,0.6781873178213815,0.2080688384427307,0.7928713004713799,0.6271549646454494,0.0316314596429467,0.2041015625,1.2880859375,True,True,True,False,True,False,True,False,True,True,True,True
wstate_4_Mutant_Remove_cx_P11_Q1.qasm,PureState_6,0.0,0.0,1.0,0.930981066978626,0.8325546111576977,0.8052028111716515,1.0,0.9855588008775282,2.4647556746677207e-34,0.0072205996389547,2.0,0.5537109375,True,True,True,True,True,True,True,True,True,True,True,False
wstate_4_Mutant_Remove_cx_P11_Q1.qasm,Quratest_6,0.0,0.0,0.4350579214322575,0.4686139220528684,0.3827234352186147,0.4432216427480231,0.2355519884017012,0.5229455724536438,0.2716794031039687,0.2284394725576824,0.4599609375,0.24560546875,True,True,True,False,True,False,True,False,True,False,True,False
wstate_4_Mutant_Remove_cx_P11_Q1.qasm,PureState_7,0.0,0.0,1.0,0.9393119349735746,0.8325546111576977,0.8098753315430233,1.0,0.9855588008775282,1.8099865945903256e-33,0.0072205996406324,2.0,0.5537109375,True,True,True,True,True,True,True,True,True,True,True,False
wstate_4_Mutant_Remove_cx_P11_Q1.qasm,Quratest_7,0.0,0.0,0.56249054499949,0.7554347173745509,0.5205205185287626,0.6841040732429456,0.4965070466305861,0.8264307911832687,0.095983689050523,0.0214092383981105,0.59716796875,0.041015625,True,True,True,False,True,False,True,True,True,True,True,False
wstate_4_Mutant_Remove_cx_P11_Q1.qasm,PureState_8,0.0,0.0,0.8180209936379542,0.9327252555646875,0.6810490304442284,0.8062460336865511,0.6666666666666666,0.9871789857440963,0.1111111111111112,0.0042736715087724,1.35205078125,0.5537109375,True,True,True,True,True,True,True,True,True,True,True,False
wstate_4_Mutant_Remove_cx_P11_Q1.qasm,Quratest_8,0.0,0.0,0.6289360473249224,0.6966713748491518,0.5236852282944263,0.6057086532850025,0.3919651652298347,0.7463744362043091,0.3697063602939811,0.0595314799782882,0.79443359375,1.4462890625,True,True,True,False,True,False,True,False,True,True,True,True
wstate_4_Mutant_Remove_cx_P11_Q1.qasm,PureState_9,0.0,0.0,0.7093317787951184,0.8829008260979374,0.5905578517863885,0.7489120087238672,0.4999999999999999,0.8726743236728022,0.2499999999999999,0.0161295379095207,0.97900390625,1.4462890625,True,True,True,True,True,False,True,True,True,True,True,True
wstate_4_Mutant_Remove_cx_P11_Q1.qasm,Quratest_9,0.0,0.0,0.3397762170805956,0.8910549112181757,0.3345866105369134,0.7590455073562604,0.3912355913523879,0.8872084897133783,0.0066560685986049,0.0071807332378423,0.80078125,0.81640625,True,True,True,True,True,False,True,True,True,True,True,True
wstate_4_Mutant_Remove_cx_P11_Q1.qasm,PureState_10,0.0,0.0,0.5795261373989548,0.935936035520052,0.4824873309420006,0.8074424051975175,0.3333333333333333,0.9871789857440963,0.4444444444444445,0.0046645200568651,0.66064453125,0.5537109375,True,True,True,True,True,True,True,True,True,True,True,False
wstate_4_Mutant_Remove_cx_P11_Q1.qasm,Quratest_10,0.0,0.0,0.3349008272368468,0.6990851251893604,0.3035201905963426,0.6387078190635902,0.1732306808205656,0.7988118111390983,0.6879934618744297,0.0682885366589326,0.0341796875,1.1064453125,True,True,True,False,True,False,True,False,True,True,True,True
wstate_4_Mutant_Remove_cx_P11_Q1.qasm,PureState_11,0.0,0.0,0.580862527006546,0.9702384203007044,0.4836001799016898,0.8185582421598145,0.3333333333333333,0.9921986202526516,0.4444444444444447,0.0013180970373146,0.64794921875,0.5537109375,True,True,True,True,True,True,True,True,True,True,True,False
wstate_4_Mutant_Remove_cx_P11_Q1.qasm,Quratest_11,1.7139258628382904e-191,0.0,0.0967184950558242,0.7101059563819292,0.095022454086401,0.6504156910751406,0.0388831467280462,0.8189313343120703,0.3746558697499545,0.0561507042618281,0.0126953125,0.06103515625,True,True,False,False,False,False,True,True,True,True,True,False
wstate_4_Mutant_Remove_cx_P11_Q1.qasm,PureState_12,0.0,0.0,0.4080371961573358,0.7528768167349437,0.3397558416953893,0.6588290225892173,0.1666666666666667,0.7481560562299159,0.6944444444444434,0.0501032374716136,0.32958984375,1.4462890625,True,True,True,False,True,False,True,False,True,True,True,True
wstate_4_Mutant_Remove_cx_P11_Q1.qasm,Quratest_12,0.0,0.0,0.5005534261749259,0.7432584219592097,0.4648836089359606,0.671242431859307,0.423292598444823,0.8081028669034316,0.1282774435587294,0.0290668442082647,0.84423828125,1.1123046875,True,True,True,False,True,False,True,True,True,True,True,True
wstate_4_Mutant_Remove_cx_P11_Q1.qasm,PureState_13,0.0,0.0,0.9146701160706902,0.9247182757140128,0.7615372760003531,0.7843774228873442,0.8333333333333333,0.9151964705480696,0.0277777777777778,0.0056779959545934,1.67041015625,1.4462890625,True,True,True,True,True,False,True,True,True,True,True,True
wstate_4_Mutant_Remove_cx_P11_Q1.qasm,Quratest_13,0.0,0.0,0.2357906174344371,0.6457084041325362,0.2269672868990943,0.6082598899022404,0.1162440599526427,0.782876649779113,0.7558340136876247,0.0779961499336319,0.03466796875,0.6787109375,True,True,True,False,True,False,True,False,True,True,True,False
wstate_4_Mutant_Remove_cx_P11_Q1.qasm,PureState_14,0.0,0.0,0.9136260799207768,0.862770926729501,0.760656232613291,0.7311393819110676,0.8333333333333333,0.8338448055812484,0.0277777777777777,0.0192624790403744,1.67626953125,1.4462890625,True,True,True,True,True,False,True,True,True,True,True,True
wstate_4_Mutant_Remove_cx_P11_Q1.qasm,Quratest_14,0.0,0.0,0.2739123312994425,0.7471607247905867,0.2313554232120101,0.6788204188588132,0.0779116528876158,0.8276318851313602,0.835433484489471,0.0441731593707283,0.14013671875,1.39892578125,True,True,True,False,True,False,True,True,True,True,True,True
wstate_4_Mutant_Remove_cx_P11_Q1.qasm,PureState_15,0.0,0.0,0.7090152141567315,0.7714397089317752,0.590294554922354,0.6671548654463754,0.4999999999999999,0.7913226587059807,0.2500000000000002,0.0567794993844379,1.0126953125,1.4462890625,True,True,True,False,True,False,True,False,True,True,True,True
wstate_4_Mutant_Remove_cx_P11_Q1.qasm,Quratest_15,0.0,0.0,0.5528031395471633,0.6433257425886848,0.4854798995218629,0.5903860695486617,0.3557229027690111,0.7216337986975696,0.404528186124195,0.1102900837933291,0.28515625,0.56591796875,True,True,True,False,True,False,True,False,True,True,True,False
wstate_4_Mutant_Remove_cz_P8_Q1.qasm,PureState_0,0.0,0.0,0.4375016871105515,0.9580357592012454,0.3752919649378242,0.8164897315418459,0.3333333333333333,0.9918262143125394,0.0190636528059788,0.0027271802378335,0.0,0.5048828125,True,True,True,True,True,True,True,True,True,True,False,False
wstate_4_Mutant_Remove_cz_P8_Q1.qasm,Quratest_0,0.0,0.0,0.1897609259742397,0.8100006950200062,0.1874377029381966,0.711306034281092,0.1855530457525149,0.8568590599417323,0.637548487817443,0.0190482411729719,0.0,1.2626953125,True,True,True,True,True,False,True,True,True,True,False,True
wstate_4_Mutant_Remove_cz_P8_Q1.qasm,PureState_1,,0.0,0.0,0.3891938624594984,0.0,0.3293733843834399,7.703719777548943e-34,0.2502984654977676,1.0,0.7497015345022272,0.0,0.5048828125,False,True,False,False,False,False,False,False,False,False,False,False
wstate_4_Mutant_Remove_cz_P8_Q1.qasm,Quratest_1,0.0,0.0,0.1440955098860463,0.7467804349980045,0.1437518501225702,0.6532998046252086,0.1729595997857724,0.8043382526619396,0.1400258735114933,0.0566638420829797,0.0,1.4951171875,True,True,True,False,True,False,True,True,True,True,False,True
wstate_4_Mutant_Remove_cz_P8_Q1.qasm,PureState_2,0.0,0.0,0.3798370084425958,0.8427344548485387,0.3260153357068184,0.7218887067127461,0.25,0.8672029408342532,0.0214466094067263,0.0332633000081938,0.0,1.4951171875,True,True,True,True,True,False,True,True,True,True,False,True
wstate_4_Mutant_Remove_cz_P8_Q1.qasm,Quratest_2,1.4238432753524005e-267,0.0,0.1300855875617045,0.7759995777057715,0.1298011355520413,0.6938544974578721,0.1490624519495915,0.8076083579116186,0.0077296927755573,0.0180436304332048,0.0,0.33984375,True,True,False,False,True,False,True,True,True,True,False,False
wstate_4_Mutant_Remove_cz_P8_Q1.qasm,PureState_3,,0.0,0.0,0.9560213111273064,0.0,0.8193169750913034,7.703719777548943e-34,0.9947006957097908,1.0,0.0052993042902041,0.0,0.5048828125,False,True,False,True,False,True,False,True,False,True,False,False
wstate_4_Mutant_Remove_cz_P8_Q1.qasm,Quratest_3,0.0,0.0,0.4453184933857114,0.8903342690267915,0.4328347421993513,0.7640908195722022,0.5078770250605198,0.8900851788358817,0.0707072096660058,0.005175872858883,0.0,1.06005859375,True,True,True,True,True,False,True,True,True,True,False,True
wstate_4_Mutant_Remove_cz_P8_Q1.qasm,PureState_4,0.0,0.0,0.2260733563295271,0.9077870396685792,0.1939340363068112,0.7637513631722392,0.0833333333333333,0.8697541054290602,0.5119147830037362,0.0112622699362497,0.0,1.4951171875,True,True,True,True,True,False,True,True,True,True,False,True
wstate_4_Mutant_Remove_cz_P8_Q1.qasm,Quratest_4,0.0,0.0,0.2107620365580648,0.5886276867074053,0.199765511731557,0.5540406253449629,0.1151160802195489,0.7120876337108737,0.8365832531284693,0.157073295898941,0.0,0.1806640625,True,True,True,False,True,False,True,False,True,True,False,False
wstate_4_Mutant_Remove_cz_P8_Q1.qasm,PureState_5,0.0,0.0,0.3823090756385122,0.7096762282511586,0.3286175628953132,0.6191751202324699,0.25,0.7753395604464661,0.7285533905932741,0.0569758564985366,0.0,1.4951171875,True,True,True,False,True,False,True,False,True,True,False,True
wstate_4_Mutant_Remove_cz_P8_Q1.qasm,Quratest_5,1.613784068792403e-176,0.0,0.0675709946201778,0.7844626013756648,0.0661844720724289,0.6785190307132968,0.0171971824100791,0.7913490894895626,0.7784407526531125,0.0312793188766471,0.0,1.3369140625,True,True,False,False,False,False,True,False,True,True,False,True
wstate_4_Mutant_Remove_cz_P8_Q1.qasm,PureState_6,0.0,0.0,0.5419799412151863,0.9520930010461636,0.4652109222972985,0.8170314635826663,0.5000000000000001,0.9918464161785608,0.4999999999999999,0.0040767919545989,0.0,0.5048828125,True,True,True,True,True,True,True,True,True,True,False,False
wstate_4_Mutant_Remove_cz_P8_Q1.qasm,Quratest_6,0.0,0.0,0.3458692014068547,0.4897841403735483,0.3361027861114803,0.4602156881907944,0.2896540975995428,0.537803352286182,0.3227931029602808,0.2403001283074202,0.0,0.19677734375,True,True,True,False,True,False,True,False,True,False,False,False
wstate_4_Mutant_Remove_cz_P8_Q1.qasm,PureState_7,0.0,0.0,0.538451094303773,0.9517074384134744,0.4620176692292199,0.8169497018600637,0.5000000000000001,0.9918464161785612,0.4999999999999999,0.004076791955546,0.0,0.5048828125,True,True,True,True,True,True,True,True,True,True,False,False
wstate_4_Mutant_Remove_cz_P8_Q1.qasm,Quratest_7,0.0,0.0,0.1685009079126267,0.7556954445129656,0.1648320388686078,0.6844291823215989,0.1089987561940956,0.8305173360097856,0.5418713509800961,0.0222731719598089,0.0,0.0078125,True,True,True,False,True,False,True,True,True,True,False,False
wstate_4_Mutant_Remove_cz_P8_Q1.qasm,PureState_8,0.0,0.0,0.4421633455766214,0.9417815207497542,0.379401916496398,0.8115413777019139,0.3333333333333333,0.9889921011432214,0.647603013860688,0.0036918698397031,0.0,0.5048828125,True,True,True,True,True,True,True,True,True,True,False,False
wstate_4_Mutant_Remove_cz_P8_Q1.qasm,Quratest_8,0.0,0.0,0.2349708326655463,0.7229500994892178,0.230484144505822,0.6290655269367224,0.1862182818921046,0.7741824971573337,0.5953758605794384,0.0503348054966129,0.0,1.4951171875,True,True,True,False,True,False,True,False,True,True,False,True
wstate_4_Mutant_Remove_cz_P8_Q1.qasm,PureState_9,0.0,0.0,0.3851588020921462,0.8835185292781872,0.3306059774811828,0.7490703070228694,0.2500000000000001,0.8670268235574797,0.0214466094067263,0.0167345856160122,0.0,1.4951171875,True,True,True,True,True,False,True,True,True,True,False,True
wstate_4_Mutant_Remove_cz_P8_Q1.qasm,Quratest_9,0.0,0.0,0.4776817877431694,0.895577689635376,0.4263240081852703,0.7625435311182783,0.4108259024559948,0.8905393923859023,0.059955424188644,0.0072450366043983,0.0,0.865234375,True,True,True,True,True,False,True,True,True,True,False,True
wstate_4_Mutant_Remove_cz_P8_Q1.qasm,PureState_10,0.0,0.0,0.3117315922110867,0.9474954672499728,0.2672596003126945,0.8131627291138049,0.1666666666666666,0.9889921011432214,0.814269680527354,0.0032392241084613,0.0,0.5048828125,True,True,True,True,True,True,True,True,True,True,False,False
wstate_4_Mutant_Remove_cz_P8_Q1.qasm,Quratest_10,0.0,0.0,0.1305203171997001,0.7206966984996434,0.1271740912690332,0.658403534754066,0.0582351011039356,0.8356711679313065,0.9389952131654532,0.0602228376587224,0.0,1.1552734375,True,True,False,False,True,False,True,True,True,True,False,True
wstate_4_Mutant_Remove_cz_P8_Q1.qasm,PureState_11,0.0,0.0,0.314742740439927,0.968074460430244,0.2704618702446687,0.8169228757299674,0.1666666666666666,0.9918262143125391,0.1857303194726455,0.0013698004639509,0.0,0.5048828125,True,True,True,True,True,True,True,True,True,True,False,False
wstate_4_Mutant_Remove_cz_P8_Q1.qasm,Quratest_11,2.4885474645065217e-106,0.0,0.0842678412518269,0.7220135579285855,0.0840866205649693,0.6598058653164608,0.0659524652887434,0.8228964920436675,0.3711111063464603,0.0558137280657779,0.0,0.10986328125,True,True,False,False,False,False,True,True,True,True,False,False
wstate_4_Mutant_Remove_cz_P8_Q1.qasm,PureState_12,0.0,0.0,0.2219434413948692,0.7592491260817138,0.1907615838379587,0.6640715485443218,0.0833333333333333,0.7778907250412717,0.9047518836629288,0.0491159104349916,0.0,1.4951171875,True,True,True,False,True,False,True,False,True,True,False,True
wstate_4_Mutant_Remove_cz_P8_Q1.qasm,Quratest_12,0.0,0.0,0.399988833262722,0.7523908840792835,0.3890770538368737,0.676855630491968,0.4052244886138113,0.8103039466899296,0.235616463369114,0.028838182833888,0.0,1.1611328125,True,True,True,False,True,False,True,True,True,True,False,True
wstate_4_Mutant_Remove_cz_P8_Q1.qasm,PureState_13,0.0,0.0,0.4969286919300849,0.9252546110742564,0.4263783579765233,0.7836957287380087,0.4166666666666666,0.9158365857314734,0.1785814496704031,0.005716906971777,0.0,1.4951171875,True,True,True,True,True,False,True,True,True,True,False,True
wstate_4_Mutant_Remove_cz_P8_Q1.qasm,Quratest_13,7.641735206591692e-231,0.0,0.1395211823607508,0.6844326442349156,0.1351193479900913,0.6420942906197901,0.0636619779206943,0.8275418468190789,0.8839633643716447,0.0622282983281947,0.0,0.7275390625,True,True,True,False,True,False,True,True,True,True,False,False
wstate_4_Mutant_Remove_cz_P8_Q1.qasm,PureState_14,0.0,0.0,0.4933981552193928,0.8801762079062668,0.4230521461572295,0.7454614765569717,0.4166666666666666,0.8699049692702625,0.571418550329596,0.0133058569562512,0.0,1.4951171875,True,True,True,True,True,False,True,True,True,True,False,True
wstate_4_Mutant_Remove_cz_P8_Q1.qasm,Quratest_14,1.1956971858402847e-68,0.0,0.0634696014566095,0.7485225754258882,0.0630976889479236,0.6787907879350357,0.02277364894092,0.8257384466410429,0.8695661234861648,0.0457560576850582,0.0,1.44775390625,True,True,False,False,False,False,True,True,True,True,False,True
wstate_4_Mutant_Remove_cz_P8_Q1.qasm,PureState_15,0.0,0.0,0.3882567627674255,0.7976984255506415,0.3331885470682904,0.6897176653057123,0.2500000000000001,0.8210952070962704,0.7285533905932737,0.0394428209927128,0.0,1.4951171875,True,True,True,False,True,False,True,True,True,True,False,True
wstate_4_Mutant_Remove_cz_P8_Q1.qasm,Quratest_15,0.0,0.0,0.0480948917988513,0.6635723381262394,0.0478954146354686,0.6111253156834286,0.0322036673308981,0.7656144994335268,0.5173980452195843,0.1033409288875093,0.0,0.61474609375,True,True,False,False,False,False,True,False,True,True,False,False
wstate_4_Mutant_Remove_ry_P0_Q0.qasm,PureState_0,0.0,0.0,0.2730325547667537,0.9572361750483716,0.2560908771248174,0.8159906303925283,0.2845177968644247,0.9918262157713114,0.8535533905932737,0.0027271219417384,0.0,0.5048828125,True,True,True,True,True,True,True,True,True,True,False,False
wstate_4_Mutant_Remove_ry_P0_Q0.qasm,Quratest_0,0.0,0.0,0.1945287954535635,0.8082993964322583,0.1932632793667534,0.7090128523885003,0.2303633536893035,0.8568588938591067,0.8576655513541613,0.0190346526033313,0.0068359375,1.2626953125,True,True,True,True,True,False,True,True,True,True,True,True
wstate_4_Mutant_Remove_ry_P0_Q0.qasm,PureState_1,0.0,0.0,0.2761478076478386,0.3934185247740406,0.2318370869459696,0.3330638075162985,0.1464466094067262,0.2502986054058758,0.8535533905932737,0.7497013945941178,0.0,0.5048828125,True,True,True,False,True,False,True,False,True,False,False,False
wstate_4_Mutant_Remove_ry_P0_Q0.qasm,Quratest_1,0.0,0.0,0.0957414270772162,0.7441758562571479,0.0954945003155676,0.6509050177113678,0.1230410549940883,0.8043381349645187,0.9785660633468192,0.0566692325593528,0.0,1.4951171875,True,True,False,False,False,False,True,True,True,True,False,True
wstate_4_Mutant_Remove_ry_P0_Q0.qasm,PureState_2,0.0,0.0,0.2748384507638937,0.8391258740908953,0.2508320555380709,0.7176884567477394,0.2499999999999998,0.867202964536966,0.853553390593274,0.0332625490005403,0.0,1.4951171875,True,True,True,True,True,False,True,True,True,True,False,True
wstate_4_Mutant_Remove_ry_P0_Q0.qasm,Quratest_2,3.518533924019031e-109,0.0,0.0837657182846807,0.7752774586972674,0.0836964466227739,0.6928900806953329,0.1095523028756161,0.8076083332244228,0.9805119410974008,0.018044614097357,0.001953125,0.33984375,True,True,False,False,False,False,True,True,True,True,True,False
wstate_4_Mutant_Remove_ry_P0_Q0.qasm,PureState_3,0.0,0.0,0.2726996200355058,0.9604896319460464,0.2288952745312733,0.8214561528632411,0.1464466094067262,0.9947006966954932,0.8535533905932733,0.0052993033045007,0.0,0.5048828125,True,True,True,True,True,True,True,True,True,True,False,False
wstate_4_Mutant_Remove_ry_P0_Q0.qasm,Quratest_3,0.0,0.0,0.256006360095669,0.8919536457815888,0.2527884311138044,0.7647437415890609,0.3135836907692376,0.8900851439654107,0.8568221779292149,0.0051763195687198,0.00341796875,1.06005859375,True,True,True,True,True,False,True,True,True,True,True,True
wstate_4_Mutant_Remove_ry_P0_Q0.qasm,PureState_4,0.0,0.0,0.2785097921495713,0.900887987737334,0.2419418294801489,0.7614197796324116,0.1809644062711508,0.8697541131066912,0.8535533905932727,0.011262076095864,0.0,1.4951171875,True,True,True,True,True,False,True,True,True,True,False,True
wstate_4_Mutant_Remove_ry_P0_Q0.qasm,Quratest_4,0.0,0.0,0.1839526319783886,0.5851174863687428,0.1804818715720392,0.5522113165787025,0.1644275192839102,0.7120876080649559,0.8662468278713721,0.1570280779608145,0.01123046875,0.1806640625,True,True,True,False,True,False,True,False,True,True,True,False
wstate_4_Mutant_Remove_ry_P0_Q0.qasm,PureState_5,0.0,0.0,0.2795990431086105,0.7067809827417254,0.2568460540626456,0.6164984153410211,0.2499999999999998,0.775339453831305,0.8535533905932744,0.0569637500057,0.0,1.4951171875,True,True,True,False,True,False,True,False,True,True,False,True
wstate_4_Mutant_Remove_ry_P0_Q0.qasm,Quratest_5,7.830655663860817e-132,0.0,0.0859050953200783,0.7900946633258702,0.0857399216097221,0.6799028175135099,0.1023041692736443,0.7913489577602603,0.974500066231746,0.0312801497711392,0.00390625,1.3369140625,True,True,False,False,False,False,True,False,True,True,True,True
wstate_4_Mutant_Remove_ry_P0_Q0.qasm,PureState_6,0.0,0.0,0.2769734764543839,0.9540156464308608,0.2739061539657322,0.8182054510281158,0.3535533905932738,0.9918463915215836,0.8535533905932737,0.0040768042830871,0.0,0.5048828125,True,True,True,True,True,True,True,True,True,True,False,False
wstate_4_Mutant_Remove_ry_P0_Q0.qasm,Quratest_6,0.0,0.0,0.2745286502819328,0.4913807995477666,0.2542950508866136,0.461674987196745,0.2389141826275668,0.537803179647162,0.8535533905932747,0.2402244417662521,0.0078125,0.19677734375,True,True,True,False,True,False,True,False,True,False,True,False
wstate_4_Mutant_Remove_ry_P0_Q0.qasm,PureState_7,0.0,0.0,0.2723454148526869,0.946744427877174,0.2694046316977066,0.8142848953653369,0.3535533905932738,0.9918463915215836,0.8535533905932731,0.0040768042840344,0.0,0.5048828125,True,True,True,True,True,True,True,True,True,True,False,False
wstate_4_Mutant_Remove_ry_P0_Q0.qasm,Quratest_7,0.0,0.0,0.2155072666124055,0.758925398128237,0.2095122492050792,0.6857687564021736,0.2002677349106676,0.8305173199553233,0.8596076328705788,0.0222710748409636,0.0068359375,0.0078125,True,True,True,False,True,False,True,True,True,True,True,False
wstate_4_Mutant_Remove_ry_P0_Q0.qasm,PureState_8,0.0,0.0,0.2766822756721068,0.9315644289374374,0.2608307916730983,0.8053780002190362,0.2845177968644247,0.9889920940320936,0.853553390593273,0.00369136746221,0.0,0.5048828125,True,True,True,True,True,True,True,True,True,True,False,False
wstate_4_Mutant_Remove_ry_P0_Q0.qasm,Quratest_8,0.0,0.0,0.1419062652162382,0.7219295560714261,0.1413425357346116,0.6281907377927303,0.1469469369878707,0.7741823880926466,0.9083878451830094,0.0503237060305076,0.0,1.4951171875,True,True,True,False,True,False,True,False,True,True,False,True
wstate_4_Mutant_Remove_ry_P0_Q0.qasm,PureState_9,0.0,0.0,0.2795047662602868,0.8836864893704652,0.2561619864095379,0.7485989581811375,0.2500000000000001,0.8670268456779653,0.8535533905932735,0.0167347573005381,0.0,1.4951171875,True,True,True,True,True,False,True,True,True,True,False,True
wstate_4_Mutant_Remove_ry_P0_Q0.qasm,Quratest_9,0.0,0.0,0.2703651958566259,0.8954298885370924,0.2636630432383735,0.7630500346200625,0.3044981707059891,0.8905393753439237,0.8535533905932735,0.0072467805447184,0.015625,0.865234375,True,True,True,True,True,False,True,True,True,True,True,True
wstate_4_Mutant_Remove_ry_P0_Q0.qasm,PureState_10,0.0,0.0,0.2713017402325842,0.9397303598998764,0.241264909903878,0.8091622768751511,0.2154822031355753,0.9889920940320936,0.8535533905932735,0.0032397343569787,0.0,0.5048828125,True,True,True,True,True,True,True,True,True,True,False,False
wstate_4_Mutant_Remove_ry_P0_Q0.qasm,Quratest_10,0.0,0.0,0.2281813851766046,0.7163575649310056,0.2268387047679702,0.6560051572455071,0.2863010688152738,0.835671018427992,0.8710593177957241,0.0602400225601973,0.0146484375,1.1552734375,True,True,True,False,True,False,True,True,True,True,True,True
wstate_4_Mutant_Remove_ry_P0_Q0.qasm,PureState_11,0.0,0.0,0.2821289327936089,0.968945058120798,0.2515051953330229,0.8174674608496405,0.2154822031355753,0.9918262157713114,0.8535533905932745,0.0013698580611696,0.0,0.5048828125,True,True,True,True,True,True,True,True,True,True,False,False
wstate_4_Mutant_Remove_ry_P0_Q0.qasm,Quratest_11,1.4545944929763692e-62,0.0,0.0647996429499855,0.7239143790601601,0.0647519562962732,0.6604929250760156,0.0729132459808276,0.8228964747751396,0.978591566174402,0.0558482451097363,0.0068359375,0.10986328125,True,True,False,False,False,False,True,True,True,True,True,False
wstate_4_Mutant_Remove_ry_P0_Q0.qasm,PureState_12,0.0,0.0,0.2714062568785179,0.7602768245046102,0.235288933703376,0.6649106137376923,0.1809644062711508,0.77789060240103,0.8535533905932737,0.0491198664146757,0.0,1.4951171875,True,True,True,False,True,False,True,False,True,True,False,True
wstate_4_Mutant_Remove_ry_P0_Q0.qasm,Quratest_12,0.0,0.0,0.2419061875713685,0.748945439592404,0.2374122811945115,0.6749340956405872,0.2638866914454341,0.8103039380271535,0.8671282118595394,0.0288455730089824,0.005859375,1.1611328125,True,True,True,False,True,False,True,True,True,True,True,True
wstate_4_Mutant_Remove_ry_P0_Q0.qasm,PureState_13,0.0,0.0,0.2797076003841717,0.9280363412899548,0.2707248005779638,0.7848331932633671,0.3190355937288492,0.9158365832211256,0.853553390593274,0.0057176695086909,0.0,1.4951171875,True,True,True,True,True,False,True,True,True,True,False,True
wstate_4_Mutant_Remove_ry_P0_Q0.qasm,Quratest_13,0.0,0.0,0.1551376875308181,0.6878895223905889,0.1539515088226102,0.6448243710413706,0.162196911073393,0.8275416716729083,0.8960602333108945,0.0622392919776426,0.0,0.7275390625,True,True,True,False,True,False,True,True,True,True,False,False
wstate_4_Mutant_Remove_ry_P0_Q0.qasm,PureState_14,0.0,0.0,0.2744335021703716,0.8799505143052883,0.2646519810672081,0.7456750708077368,0.3190355937288492,0.869904827870129,0.8535533905932731,0.0133084535332245,0.0,1.4951171875,True,True,True,True,True,False,True,True,True,True,False,True
wstate_4_Mutant_Remove_ry_P0_Q0.qasm,Quratest_14,2.1394744188849182e-37,0.0,0.0477785065682953,0.7491275008080481,0.0473584349087049,0.6797645040044743,0.0320471724428771,0.8257384456520617,0.9727540739040912,0.0457423635911119,0.0029296875,1.44775390625,True,True,False,False,False,False,True,True,True,True,True,True
wstate_4_Mutant_Remove_ry_P0_Q0.qasm,PureState_15,0.0,0.0,0.2816185033101858,0.7950860216493515,0.2589011739892036,0.6864590555110675,0.2500000000000001,0.8210950903269687,0.8535533905932731,0.0394484946201678,0.0,1.4951171875,True,True,True,False,True,False,True,True,True,True,False,True
wstate_4_Mutant_Remove_ry_P0_Q0.qasm,Quratest_15,0.0,0.0,0.0927786453517323,0.6626607158973831,0.0925730218446351,0.6109869200600958,0.1214426301962044,0.7656143247420601,0.8565499008573852,0.1034666022830694,0.00537109375,0.61474609375,True,True,False,False,False,False,True,False,True,True,True,False
wstate_4_Mutant_Remove_x_P3_Q3.qasm,PureState_0,0.0,0.0,1.0,0.9513781645176888,0.8325546111576978,0.8139546441846885,1.0,0.9918262157706944,8.897402292433933e-34,0.0027271219419442,2.0,0.5048828125,True,True,True,True,True,True,True,True,True,True,True,False
wstate_4_Mutant_Remove_x_P3_Q3.qasm,Quratest_0,0.0,0.0,0.5958356009307858,0.8089149882363392,0.574718711952238,0.7102790467030728,0.7674917243615423,0.8568588938607902,0.4109564530365476,0.0190346526033868,1.55029296875,1.2626953125,True,True,True,True,True,False,True,True,True,True,True,True
wstate_4_Mutant_Remove_x_P3_Q3.qasm,PureState_1,0.0,0.0,1.0,0.392967268020648,0.8325546111576977,0.332669446608923,1.0,0.2502986054093667,2.255417700192832e-66,0.7497013945906269,2.0,0.5048828125,True,True,True,False,True,False,True,False,True,False,True,False
wstate_4_Mutant_Remove_x_P3_Q3.qasm,Quratest_1,0.0,0.0,0.9938474542649895,0.7467592122048619,0.832000005709099,0.6531397703508572,0.9997960396697728,0.8043381349583275,0.0001856873332329,0.0566692325609851,2.0,1.4951171875,True,True,True,False,True,False,True,True,True,True,True,True
wstate_4_Mutant_Remove_x_P3_Q3.qasm,PureState_2,0.0,0.0,1.0,0.8456606015488647,0.8325546111576978,0.7223542650750026,1.0,0.867202964531871,2.3098860620853893e-34,0.0332625490018152,2.0,1.4951171875,True,True,True,True,True,False,True,True,True,True,True,True
wstate_4_Mutant_Remove_x_P3_Q3.qasm,Quratest_2,0.0,0.0,0.1809128134403013,0.7687602209143303,0.1800916356112097,0.6896133426988655,0.232605037109679,0.8076083332293738,0.0584992190972362,0.0180446140970203,0.31005859375,0.33984375,True,True,True,False,True,False,True,True,True,True,True,False
wstate_4_Mutant_Remove_x_P3_Q3.qasm,PureState_3,0.0,0.0,1.0,0.9591663046625438,0.8325546111576977,0.8208363411862732,1.0,0.994700696695518,2.703793621989424e-34,0.005299303304476,2.0,0.5048828125,True,True,True,True,True,True,True,True,True,True,True,False
wstate_4_Mutant_Remove_x_P3_Q3.qasm,Quratest_3,0.0,0.0,0.4129561593769495,0.8916562591290682,0.4065436215072172,0.7637554882870651,0.5566054672245564,0.8900851439703623,0.6901903538557346,0.0051763195685642,1.1162109375,1.06005859375,True,True,True,True,True,False,True,True,True,True,True,True
wstate_4_Mutant_Remove_x_P3_Q3.qasm,PureState_4,0.0,0.0,1.0,0.906407205719194,0.8325546111576977,0.7632175828268644,1.0,0.8697541131050368,1.7510260429473238e-35,0.0112620760961475,2.0,1.4951171875,True,True,True,True,True,False,True,True,True,True,True,True
wstate_4_Mutant_Remove_x_P3_Q3.qasm,Quratest_4,0.0,0.0,0.2308738969634243,0.5975076594399498,0.2297763171567888,0.5605030470970329,0.3263848808503584,0.7120876080999248,0.7739928611569757,0.1570280779574392,0.65869140625,0.1806640625,True,True,True,False,True,False,True,False,True,True,True,False
wstate_4_Mutant_Remove_x_P3_Q3.qasm,PureState_5,0.0,0.0,1.0,0.7145764347424373,0.8325546111576977,0.623673104995561,1.0,0.7753394538541941,2.1359406432937745e-66,0.0569637499999884,2.0,1.4951171875,True,True,True,False,True,False,True,False,True,True,True,True
wstate_4_Mutant_Remove_x_P3_Q3.qasm,Quratest_5,0.0,0.0,0.6941712294816965,0.7836241628010542,0.6530938155851176,0.6764592902318425,0.8383661865180778,0.7913489577885513,0.2458280810361083,0.0312801497595107,1.6943359375,1.3369140625,True,True,True,False,True,False,True,False,True,True,True,True
wstate_4_Mutant_Remove_x_P3_Q3.qasm,PureState_6,0.0,0.0,1.0,0.9503732387728624,0.8325546111576977,0.8160760102951112,1.0,0.9918463915216216,6.161889260408495e-35,0.0040768042830681,2.0,0.5048828125,True,True,True,True,True,True,True,True,True,True,True,False
wstate_4_Mutant_Remove_x_P3_Q3.qasm,Quratest_6,0.0,0.0,0.5331215658303962,0.484921345651121,0.5185303465951084,0.4563767615013191,0.6898478391283046,0.5378031796520064,0.5224387101930892,0.240224441774111,1.39599609375,0.19677734375,True,True,True,False,True,False,True,False,True,False,True,False
wstate_4_Mutant_Remove_x_P3_Q3.qasm,PureState_7,0.0,0.0,1.0,0.9462260485574532,0.8325546111576977,0.8140051394814282,1.0,0.9918463915216216,4.52496659964796e-34,0.0040768042840154,2.0,0.5048828125,True,True,True,True,True,True,True,True,True,True,True,False
wstate_4_Mutant_Remove_x_P3_Q3.qasm,Quratest_7,0.0,0.0,0.3453936138541381,0.7527150752900716,0.3417381508933158,0.6824529801043211,0.4837897445338611,0.8305173199883594,0.0610032925845876,0.0222710748386195,0.9580078125,0.0078125,True,True,True,False,True,False,True,True,True,True,True,False
wstate_4_Mutant_Remove_x_P3_Q3.qasm,PureState_8,0.0,0.0,1.0,0.9356926296564594,0.8325546111576978,0.8079777375855465,1.0,0.9889920940312626,3.8309739941918243e-35,0.0036913674624886,2.0,0.5048828125,True,True,True,True,True,True,True,True,True,True,True,False
wstate_4_Mutant_Remove_x_P3_Q3.qasm,Quratest_8,0.0,0.0,1.0,0.7252181196819515,0.8325546111576978,0.6313679529434149,1.0,0.7741823881145465,1.97287848797097e-27,0.0503237060258012,2.0,1.4951171875,True,True,True,False,True,False,True,False,True,True,True,True
wstate_4_Mutant_Remove_x_P3_Q3.qasm,PureState_9,0.0,0.0,1.0,0.8867012615983131,0.8325546111576977,0.7503741922456867,1.0,0.8670268456729846,5.06570885749072e-35,0.0167347573011644,2.0,1.4951171875,True,True,True,True,True,False,True,True,True,True,True,True
wstate_4_Mutant_Remove_x_P3_Q3.qasm,Quratest_9,0.0,0.0,0.3235807057538913,0.8977332168803792,0.3135291706460463,0.7639325591985755,0.3569869027975473,0.8905393753473401,0.0022188004334596,0.0072467805445226,0.70849609375,0.865234375,True,True,True,True,True,False,True,True,True,True,True,True
wstate_4_Mutant_Remove_x_P3_Q3.qasm,PureState_10,0.0,0.0,1.0,0.9428277789558454,0.8325546111576978,0.8108659557771071,1.0,0.9889920940312626,6.3185182121460695e-34,0.0032397343572232,2.0,0.5048828125,True,True,True,True,True,True,True,True,True,True,True,False
wstate_4_Mutant_Remove_x_P3_Q3.qasm,Quratest_10,0.0,0.0,0.4792848914813526,0.7193958732311675,0.4690032278600949,0.6585431035801881,0.6406040880131996,0.8356710184580154,0.5896264024207782,0.0602400225562514,1.310546875,1.1552734375,True,True,True,False,True,False,True,True,True,True,True,True
wstate_4_Mutant_Remove_x_P3_Q3.qasm,PureState_11,0.0,0.0,1.0,0.9658951132854696,0.8325546111576978,0.8180601475326604,1.0,0.9918262157706944,4.4673324094378444e-35,0.001369858061273,2.0,0.5048828125,True,True,True,True,True,True,True,True,True,True,True,False
wstate_4_Mutant_Remove_x_P3_Q3.qasm,Quratest_11,0.0,0.0,0.2695949153316176,0.7224958368727995,0.2678685976347355,0.6613393207817104,0.3715586280821853,0.8228964747820213,0.0015080819825342,0.0558482451109753,0.77099609375,0.10986328125,True,True,True,False,True,False,True,True,True,True,True,False
wstate_4_Mutant_Remove_x_P3_Q3.qasm,PureState_12,0.0,0.0,1.0,0.7629515684452408,0.8325546111576977,0.6671342274763564,1.0,0.7778906024273599,2.170110812535849e-34,0.0491198663927473,2.0,1.4951171875,True,True,True,False,True,False,True,False,True,True,True,True
wstate_4_Mutant_Remove_x_P3_Q3.qasm,Quratest_12,0.0,0.0,0.5004636723878119,0.7574116628754692,0.4886344696584568,0.6793132402049507,0.6688068743180831,0.8103039380323038,0.4970918311678651,0.02884557300867,1.33935546875,1.1611328125,True,True,True,False,True,False,True,True,True,True,True,True
wstate_4_Mutant_Remove_x_P3_Q3.qasm,PureState_13,0.0,0.0,1.0,0.919152629232556,0.8325546111576977,0.7818956556519688,1.0,0.9158365832214388,5.997837567944688e-36,0.0057176695087908,2.0,1.4951171875,True,True,True,True,True,False,True,True,True,True,True,True
wstate_4_Mutant_Remove_x_P3_Q3.qasm,Quratest_13,0.0,0.0,0.1613706211705773,0.6939418734736458,0.1609921575833881,0.6483212888689744,0.2336470969972102,0.8275416716748398,0.8608845396216064,0.0622392919783029,0.4765625,0.7275390625,True,True,True,False,True,False,True,True,True,True,True,False
wstate_4_Mutant_Remove_x_P3_Q3.qasm,PureState_14,0.0,0.0,1.0,0.8783258671152061,0.8325546111576977,0.7446920931152381,1.0,0.8699048278686022,2.5394987501654794e-37,0.013308453533628,2.0,1.4951171875,True,True,True,True,True,False,True,True,True,True,True,True
wstate_4_Mutant_Remove_x_P3_Q3.qasm,Quratest_14,0.0,0.0,0.8309259581598085,0.747469163007314,0.760039311623224,0.6802109277586316,0.9524180528788146,0.825738445683927,0.006223641134503,0.045742363574696,1.90673828125,1.44775390625,True,True,True,False,True,False,True,True,True,True,True,True
wstate_4_Mutant_Remove_x_P3_Q3.qasm,PureState_15,0.0,0.0,1.0,0.8071441428244314,0.8325546111576977,0.6964172883657969,1.0,0.8210950903201479,5.013003450648971e-35,0.0394484946217048,2.0,1.4951171875,True,True,True,True,True,False,True,True,True,True,True,True
wstate_4_Mutant_Remove_x_P3_Q3.qasm,Quratest_15,0.0,0.0,0.2451197938308526,0.6615816596731865,0.2430317650532126,0.6091203978441333,0.2969541482454475,0.7656143247420604,0.0001527350840283,0.1034666022860498,0.2451171875,0.61474609375,True,True,True,False,True,False,True,False,True,True,True,False
wstate_4_Mutant_Replace_cp_P12_Q0_[2.356194490192345].qasm,PureState_0,0.0,0.0,0.8179027978593267,0.9665325054478208,0.680952122449598,0.819820606509543,0.6666666666666667,0.9940694652717942,0.1111111111111111,0.0019768935718755,1.35205078125,0.4482421875,True,True,True,True,True,True,True,True,True,True,True,False
wstate_4_Mutant_Replace_cp_P12_Q0_[2.356194490192345].qasm,Quratest_0,0.0,0.0,0.454349479256871,0.8346484719959765,0.4139588487641831,0.7296877892700816,0.2894988163236007,0.8998405880025515,0.4878404479892552,0.0156629022668487,0.55810546875,1.3193359375,True,True,True,True,True,False,True,True,True,True,True,True
wstate_4_Mutant_Replace_cp_P12_Q0_[2.356194490192345].qasm,PureState_1,,0.0,0.0,0.3591185480346587,0.0,0.303201552234093,7.703719777548943e-34,0.209549489041837,1.0,0.7904505109581568,0.0,0.4482421875,False,True,False,False,False,False,False,False,False,False,False,False
wstate_4_Mutant_Replace_cp_P12_Q0_[2.356194490192345].qasm,Quratest_1,0.0,0.0,0.6880410653069223,0.7898612195675697,0.5772771829836036,0.6866693130663563,0.4825926111262942,0.8386056947400689,0.2691255956442835,0.043979533292985,0.9873046875,1.5517578125,True,True,True,False,True,False,True,True,True,True,True,True
wstate_4_Mutant_Replace_cp_P12_Q0_[2.356194490192345].qasm,PureState_2,0.0,0.0,0.8685626042830931,0.8809565001921092,0.7231260129277446,0.7511184161264486,0.75,0.9038475472929892,0.0624999999999999,0.0240395120784421,1.515625,1.5517578125,True,True,True,True,True,False,True,True,True,True,True,True
wstate_4_Mutant_Replace_cp_P12_Q0_[2.356194490192345].qasm,Quratest_2,0.0,0.0,0.3246364317626262,0.8080476128259714,0.3108313297443392,0.7181729748473399,0.2287227537868435,0.8582013231698437,0.2588844500095886,0.0147777265060788,0.17333984375,0.396484375,True,True,True,True,True,False,True,True,True,True,True,False
wstate_4_Mutant_Replace_cp_P12_Q0_[2.356194490192345].qasm,PureState_3,0.0,0.0,1.0,0.9762662763825072,0.8325546111576977,0.8278373896701116,1.0,0.9993830610680574,1.9252529744382543e-66,0.0006169389319361,2.0,0.4482421875,True,True,True,True,True,True,True,True,True,True,True,False
wstate_4_Mutant_Replace_cp_P12_Q0_[2.356194490192345].qasm,Quratest_3,0.0,0.0,0.5876514794239476,0.9146632139995134,0.546957626870063,0.7804604059285335,0.5583272463738624,0.9336891200796988,0.1006771287637733,0.0033403062121724,0.990234375,1.11669921875,True,True,True,True,True,False,True,True,True,True,True,True
wstate_4_Mutant_Replace_cp_P12_Q0_[2.356194490192345].qasm,PureState_4,0.0,0.0,0.9578305780169238,0.9283054275305446,0.7974730626886338,0.7820683140868195,0.9166666666666666,0.9112138935026712,0.0069444444444444,0.0080374723871885,1.84521484375,1.5517578125,True,True,True,True,True,False,True,True,True,True,True,True
wstate_4_Mutant_Replace_cp_P12_Q0_[2.356194490192345].qasm,Quratest_4,0.0,0.0,0.2439545600116919,0.5884436126609559,0.2304032762105026,0.555199082594751,0.1102399924369159,0.7184653478300411,0.7857774695036395,0.16564382022334,0.2294921875,0.2373046875,True,True,True,False,True,False,True,False,True,True,True,False
wstate_4_Mutant_Replace_cp_P12_Q0_[2.356194490192345].qasm,PureState_5,0.0,0.0,0.4968631918057718,0.742876539008473,0.4136742833589069,0.6478863213846585,0.2499999999999999,0.806377529880998,0.5624999999999997,0.0486924175061293,0.5029296875,1.5517578125,True,True,True,False,True,False,True,True,True,True,True,True
wstate_4_Mutant_Replace_cp_P12_Q0_[2.356194490192345].qasm,Quratest_5,0.0,0.0,0.5565113288354072,0.8116030617473173,0.4890097783250222,0.6994968378194867,0.3667943860640717,0.8321172380109684,0.371351770549108,0.0285881688675554,0.69384765625,1.3935546875,True,True,True,True,True,False,True,True,True,True,True,True
wstate_4_Mutant_Replace_cp_P12_Q0_[2.356194490192345].qasm,PureState_6,0.0,0.0,0.7065763951596074,0.9598652612880384,0.5882634886607232,0.819520007619671,0.4999999999999999,0.9940718141099528,0.2500000000000001,0.0029640929605604,1.0126953125,0.4482421875,True,True,True,True,True,True,True,True,True,True,True,False
wstate_4_Mutant_Replace_cp_P12_Q0_[2.356194490192345].qasm,Quratest_6,0.0,0.0,0.4801232621901192,0.4966987905145027,0.4273167911800841,0.4661754229346158,0.3112936007713807,0.5506494914064237,0.2715878774056894,0.2534355082790583,0.57470703125,0.14013671875,True,True,True,False,True,False,True,False,True,False,True,False
wstate_4_Mutant_Replace_cp_P12_Q0_[2.356194490192345].qasm,PureState_7,0.0,0.0,0.7060148729640106,0.9569266136770238,0.5877977653753083,0.8190371760613094,0.5000000000000001,0.9940718141099528,0.2500000000000001,0.0029640929605604,1.0126953125,0.4482421875,True,True,True,True,True,True,True,True,True,True,True,False
wstate_4_Mutant_Replace_cp_P12_Q0_[2.356194490192345].qasm,Quratest_7,0.0,0.0,0.3672946060648197,0.8012458892207367,0.3543644100254667,0.7160173461409132,0.2946801126218064,0.8785959719298487,0.3031979721493132,0.0175400095311459,0.56005859375,0.064453125,True,True,True,True,True,False,True,True,True,True,True,False
wstate_4_Mutant_Replace_cp_P12_Q0_[2.356194490192345].qasm,PureState_8,0.0,0.0,0.5800302493427031,0.9472575260528234,0.4829180067876644,0.8137121969136872,0.3333333333333332,0.9910623747181316,0.444444444444445,0.0029796340724531,0.69140625,0.4482421875,True,True,True,True,True,True,True,True,True,True,True,False
wstate_4_Mutant_Replace_cp_P12_Q0_[2.356194490192345].qasm,Quratest_8,0.0,0.0,0.5448010681709927,0.752655372799157,0.4536804151016753,0.6538960100084606,0.3011323000811338,0.8059356098973014,0.4884160619898912,0.0463120425611538,0.58837890625,1.5517578125,True,True,True,False,True,False,True,True,True,True,True,True
wstate_4_Mutant_Replace_cp_P12_Q0_[2.356194490192345].qasm,PureState_9,0.0,0.0,0.8644967315724938,0.9131543022670228,0.7197417205304933,0.7681372179032304,0.7499999999999999,0.9035198280418444,0.0625,0.0120904696159131,1.50537109375,1.5517578125,True,True,True,True,True,False,True,True,True,True,True,True
wstate_4_Mutant_Replace_cp_P12_Q0_[2.356194490192345].qasm,Quratest_9,0.0,0.0,0.3083635146249619,0.9184980224570586,0.2902023499157226,0.7791939544517312,0.2489300355579865,0.9368704167557984,0.16203046699406,0.0049837985390124,0.2900390625,0.921875,True,True,True,True,True,False,True,True,True,True,True,True
wstate_4_Mutant_Replace_cp_P12_Q0_[2.356194490192345].qasm,PureState_10,0.0,0.0,0.4091455983899416,0.9463746851219306,0.3406361089309155,0.812523303535422,0.1666666666666666,0.9910623747181312,0.6944444444444445,0.0029938983322527,0.32421875,0.4482421875,True,True,True,True,True,True,True,True,True,True,True,False
wstate_4_Mutant_Replace_cp_P12_Q0_[2.356194490192345].qasm,Quratest_10,0.0,0.0,0.4441301344885351,0.7319712267887123,0.4011650123759949,0.6639739106165727,0.2633188728998231,0.8409476059564414,0.5680028000040444,0.0631703110203726,0.4462890625,1.2119140625,True,True,True,False,True,False,True,True,True,True,True,True
wstate_4_Mutant_Replace_cp_P12_Q0_[2.356194490192345].qasm,PureState_11,0.0,0.0,0.9136859775865523,0.97298120050458,0.7606979239346556,0.8221341297817829,0.8333333333333334,0.994069465271794,0.0277777777777777,0.0009895482160567,1.67626953125,0.4482421875,True,True,True,True,True,True,True,True,True,True,True,False
wstate_4_Mutant_Replace_cp_P12_Q0_[2.356194490192345].qasm,Quratest_11,0.0,0.0,0.4180291906535074,0.744109175916642,0.4018730157705887,0.6754729398197205,0.4071338959668462,0.8447983700084088,0.2861218211293717,0.0587688908248716,0.52294921875,0.16650390625,True,True,True,False,True,False,True,True,True,True,True,False
wstate_4_Mutant_Replace_cp_P12_Q0_[2.356194490192345].qasm,PureState_12,0.0,0.0,0.2893205072604325,0.7798278064904048,0.2408791706725162,0.6826645410531197,0.0833333333333334,0.8137438760906801,0.8402777777777765,0.0483706887522988,0.1689453125,1.5517578125,True,True,True,False,True,False,True,True,True,True,True,True
wstate_4_Mutant_Replace_cp_P12_Q0_[2.356194490192345].qasm,Quratest_12,0.0,0.0,0.4051379344408611,0.8078130524091175,0.3735788500470203,0.7196143999219418,0.2627397763629145,0.8611940395505162,0.3991988745907783,0.0151202148899126,0.49853515625,1.2177734375,True,True,True,True,True,False,True,True,True,True,True,True
wstate_4_Mutant_Replace_cp_P12_Q0_[2.356194490192345].qasm,PureState_13,0.0,0.0,0.7583637059574382,0.9447686551321572,0.6313829693225759,0.796300056731308,0.5833333333333335,0.9525528409181934,0.1736111111111109,0.004129732747325,1.16552734375,1.5517578125,True,True,True,True,True,False,True,True,True,True,True,True
wstate_4_Mutant_Replace_cp_P12_Q0_[2.356194490192345].qasm,Quratest_13,1.1374257127443213e-15,0.0,0.0364562522926827,0.6986169409525864,0.0364191496104511,0.6517906668975593,0.0143168150444442,0.8361933148661109,0.6692303808907136,0.0655615426068847,0.0234375,0.7841796875,True,True,False,False,False,False,True,True,True,True,True,False
wstate_4_Mutant_Replace_cp_P12_Q0_[2.356194490192345].qasm,PureState_14,0.0,0.0,0.6484246502429294,0.892451710818487,0.5398786243376745,0.7556131615901528,0.4166666666666666,0.9038178322141436,0.3402777777777775,0.0122509899583077,0.8359375,1.5517578125,True,True,True,True,True,False,True,True,True,True,True,True
wstate_4_Mutant_Replace_cp_P12_Q0_[2.356194490192345].qasm,Quratest_14,0.0,0.0,0.4753314824210565,0.7656854300017322,0.4300448715928148,0.6917817938415646,0.3008396339222526,0.8549190931384476,0.4740622901499882,0.0459081888858212,0.59375,1.50439453125,True,True,True,False,True,False,True,True,True,True,True,True
wstate_4_Mutant_Replace_cp_P12_Q0_[2.356194490192345].qasm,PureState_15,0.0,0.0,0.5019754640822809,0.8231527641379692,0.4179327675738158,0.7109184775134259,0.25,0.8547848193377947,0.5625,0.0364531103042478,0.484375,1.5517578125,True,True,True,True,True,False,True,True,True,True,True,True
wstate_4_Mutant_Replace_cp_P12_Q0_[2.356194490192345].qasm,Quratest_15,0.0,0.0,0.3959176748582974,0.6816181951022958,0.3577005973130291,0.6201776464212045,0.2904651624914659,0.7705856044969722,0.3595889299256303,0.1083226360661729,0.3984375,0.67138671875,True,True,True,False,True,False,True,False,True,True,True,False
wstate_4_Mutant_Replace_h_P1_Q1_[].qasm,PureState_0,0.0,0.0,0.4514637842784382,0.958075301905152,0.4397037561634239,0.8178071918680325,0.5749149571305295,0.9918262157713114,0.0917517095361371,0.0027271219417384,0.0,0.5048828125,True,True,True,True,True,True,True,True,True,True,False,False
wstate_4_Mutant_Replace_h_P1_Q1_[].qasm,Quratest_0,0.0,0.0,0.6001636688642484,0.8029057628659706,0.5697443079434559,0.7061473042744472,0.7259924941702076,0.8568588938591067,0.0338355665433022,0.0190346526033313,0.01513671875,1.2626953125,True,True,True,True,True,False,True,True,True,True,True,True
wstate_4_Mutant_Replace_h_P1_Q1_[].qasm,PureState_1,0.0,0.0,0.8332981844461665,0.3802701069463715,0.7304873987245128,0.321589652301717,0.908248290463863,0.2502986054058759,0.0917517095361367,0.7497013945941176,0.0,0.5048828125,True,True,True,False,True,False,True,False,True,False,False,False
wstate_4_Mutant_Replace_h_P1_Q1_[].qasm,Quratest_1,0.0,0.0,0.0958770770783506,0.7417830009134984,0.0951897436942539,0.6487042789747672,0.0931121251411615,0.8043381349645187,0.9052968380386548,0.0566692325593528,0.0,1.4951171875,True,True,False,False,False,False,True,True,True,True,False,True
wstate_4_Mutant_Replace_h_P1_Q1_[].qasm,PureState_2,0.0,0.0,0.5735005940226946,0.8457607176308958,0.5295155953729868,0.7231026896904843,0.6582482904638631,0.8672029645369659,0.091751709536137,0.0332625490005403,0.0,1.4951171875,True,True,True,True,True,False,True,True,True,True,False,True
wstate_4_Mutant_Replace_h_P1_Q1_[].qasm,Quratest_2,0.0,0.0,0.3812718473227495,0.774774085285776,0.3530960378341514,0.6935648696418686,0.3696565705413903,0.8076083332244229,0.7284885400360931,0.018044614097357,0.01904296875,0.33984375,True,True,True,False,True,False,True,True,True,True,True,False
wstate_4_Mutant_Replace_h_P1_Q1_[].qasm,PureState_3,0.0,0.0,0.83765823710895,0.9639965362392882,0.7342155024698791,0.8230401858562426,0.908248290463863,0.9947006966954932,0.091751709536137,0.0052993033045007,0.0,0.5048828125,True,True,True,True,True,True,True,True,True,True,False,False
wstate_4_Mutant_Replace_h_P1_Q1_[].qasm,Quratest_3,0.0,0.0,0.7488668133734877,0.8853418339034543,0.6705343350171451,0.7612366433006613,0.8250019717000465,0.8900851439654106,0.0756161072415119,0.0051763195687198,0.00048828125,1.06005859375,True,True,True,True,True,False,True,True,True,True,True,True
wstate_4_Mutant_Replace_h_P1_Q1_[].qasm,PureState_4,0.0,0.0,0.7576272139373119,0.9006255330171654,0.6712801108454328,0.7617985416780046,0.8249149571305296,0.8697541131066909,0.091751709536137,0.011262076095864,0.0,1.4951171875,True,True,True,True,True,False,True,True,True,True,False,True
wstate_4_Mutant_Replace_h_P1_Q1_[].qasm,Quratest_4,0.0,0.0,0.5193857604462532,0.5847394328363186,0.4928942406131616,0.5520513576740695,0.5789661199209417,0.7120876080649562,0.2938676409325818,0.1570280779608146,0.01953125,0.1806640625,True,True,True,False,True,False,True,False,True,True,True,False
wstate_4_Mutant_Replace_h_P1_Q1_[].qasm,PureState_5,0.0,0.0,0.5623074400987744,0.7144310581217763,0.519154635914547,0.6235357463055796,0.6582482904638631,0.7753394538313048,0.091751709536137,0.0569637500057001,0.0,1.4951171875,True,True,True,False,True,False,True,False,True,True,False,True
wstate_4_Mutant_Replace_h_P1_Q1_[].qasm,Quratest_5,0.0,0.0,0.7411327782446071,0.7868951726650882,0.658092576379489,0.6802639499408938,0.804213871242501,0.7913489577602599,0.0917517095361306,0.0312801497711392,0.0078125,1.3369140625,True,True,True,False,True,False,True,False,True,True,True,True
wstate_4_Mutant_Replace_h_P1_Q1_[].qasm,PureState_6,0.0,0.0,0.83581085264187,0.9513581903456978,0.7326284932815292,0.8167903032613224,0.9082482904638632,0.9918463915215834,0.091751709536137,0.0040768042830871,0.0,0.5048828125,True,True,True,True,True,True,True,True,True,True,False,False
wstate_4_Mutant_Replace_h_P1_Q1_[].qasm,Quratest_6,0.0,0.0,0.2910525950039166,0.4897785235501508,0.2883645482634487,0.4602023592666662,0.398854481531631,0.537803179647162,0.0406895412854254,0.2402244417662521,0.001953125,0.19677734375,True,True,True,False,True,False,True,False,True,False,True,False
wstate_4_Mutant_Replace_h_P1_Q1_[].qasm,PureState_7,0.0,0.0,0.8374821442318692,0.9497398138011218,0.7340372663224413,0.8158547369303419,0.9082482904638632,0.9918463915215834,0.091751709536137,0.0040768042840344,0.0,0.5048828125,True,True,True,True,True,True,True,True,True,True,False,False
wstate_4_Mutant_Replace_h_P1_Q1_[].qasm,Quratest_7,0.0,0.0,0.584806687857955,0.7501510803875662,0.5464423142973645,0.6801066096248023,0.6686919530802097,0.8305173199553233,0.2012626864453336,0.0222710748409636,0.00732421875,0.0078125,True,True,True,False,True,False,True,True,True,True,True,False
wstate_4_Mutant_Replace_h_P1_Q1_[].qasm,PureState_8,0.0,0.0,0.4476591859895752,0.9378274590824346,0.4365121544623019,0.8091213657673426,0.5749149571305295,0.9889920940320934,0.0917517095361371,0.00369136746221,0.0,0.5048828125,True,True,True,True,True,True,True,True,True,True,False,False
wstate_4_Mutant_Replace_h_P1_Q1_[].qasm,Quratest_8,0.0,0.0,0.3554172602094341,0.7242794141865821,0.348887526191002,0.6300135059204306,0.4389622490126397,0.7741823880926465,0.2305557094583239,0.0503237060305077,0.0,1.4951171875,True,True,True,False,True,False,True,False,True,True,False,True
wstate_4_Mutant_Replace_h_P1_Q1_[].qasm,PureState_9,0.0,0.0,0.5682763178993158,0.8818540013514435,0.5241262775861341,0.7484078044523388,0.6582482904638631,0.8670268456779648,0.0917517095361371,0.0167347573005381,0.0,1.4951171875,True,True,True,True,True,False,True,True,True,True,False,True
wstate_4_Mutant_Replace_h_P1_Q1_[].qasm,Quratest_9,0.0,0.0,0.5243557402397133,0.8955582567417757,0.4921554113847127,0.7621965907790584,0.5798846820081232,0.8905393753439235,0.4542868694610507,0.0072467805447184,0.01220703125,0.865234375,True,True,True,True,True,False,True,True,True,True,True,True
wstate_4_Mutant_Replace_h_P1_Q1_[].qasm,PureState_10,0.0,0.0,0.4470351767141263,0.9443202875498928,0.4355935221267227,0.8119048119704385,0.5749149571305295,0.9889920940320932,0.091751709536137,0.0032397343569787,0.0,0.5048828125,True,True,True,True,True,True,True,True,True,True,False,False
wstate_4_Mutant_Replace_h_P1_Q1_[].qasm,Quratest_10,0.0,0.0,0.313642808347161,0.7220528564088234,0.2821111389433489,0.6600406422250733,0.2978471319813381,0.8356710184279924,0.607926397610559,0.0602400225601973,0.0107421875,1.1552734375,True,True,True,False,True,False,True,True,True,True,True,True
wstate_4_Mutant_Replace_h_P1_Q1_[].qasm,PureState_11,0.0,0.0,0.4558351786707703,0.9726534196621606,0.443370112671744,0.8201905180282129,0.5749149571305295,0.9918262157713112,0.091751709536137,0.0013698580611696,0.0,0.5048828125,True,True,True,True,True,True,True,True,True,True,False,False
wstate_4_Mutant_Replace_h_P1_Q1_[].qasm,Quratest_11,0.0,0.0,0.4610882922279921,0.7164067427322991,0.4437025219300943,0.6560347190744712,0.5308150059104279,0.8228964747751393,0.0022091685458121,0.0558482451097362,0.00048828125,0.10986328125,True,True,True,False,True,False,True,True,True,True,True,False
wstate_4_Mutant_Replace_h_P1_Q1_[].qasm,PureState_12,0.0,0.0,0.7575459320473721,0.7616054559851713,0.6707079756531658,0.6660131733034445,0.8249149571305296,0.7778906024010297,0.091751709536137,0.0491198664146758,0.0,1.4951171875,True,True,True,False,True,False,True,False,True,True,False,True
wstate_4_Mutant_Replace_h_P1_Q1_[].qasm,Quratest_12,0.0,0.0,0.3325268140966811,0.756128940032445,0.3269765010004991,0.6794137878438822,0.3905435311430908,0.810303938027154,0.0203525513129225,0.0288455730089824,0.00244140625,1.1611328125,True,True,True,False,True,False,True,True,True,True,True,True
wstate_4_Mutant_Replace_h_P1_Q1_[].qasm,PureState_13,0.0,0.0,0.7541776385396789,0.9265850906557866,0.6679088550311404,0.7842291824473662,0.8249149571305296,0.9158365832211252,0.091751709536137,0.0057176695086909,0.0,1.4951171875,True,True,True,True,True,False,True,True,True,True,False,True
wstate_4_Mutant_Replace_h_P1_Q1_[].qasm,Quratest_13,0.0,0.0,0.3028550957196647,0.6875598773249848,0.2921182529191871,0.6447086305282559,0.3090643846527384,0.8275416716729078,0.7098894155209596,0.0622392919776425,0.0009765625,0.7275390625,True,True,True,False,True,False,True,True,True,True,True,False
wstate_4_Mutant_Replace_h_P1_Q1_[].qasm,PureState_14,0.0,0.0,0.7523230352182939,0.8824126586404281,0.6662334312845525,0.7458106674793307,0.8249149571305296,0.8699048278701287,0.091751709536137,0.0133084535332245,0.0,1.4951171875,True,True,True,True,True,False,True,True,True,True,False,True
wstate_4_Mutant_Replace_h_P1_Q1_[].qasm,Quratest_14,0.0,0.0,0.7499589351743823,0.7535897662985134,0.6771757779477564,0.68308965824176,0.8404041734266107,0.8257384456520614,0.1393328955379593,0.0457423635911119,0.00390625,1.44775390625,True,True,True,False,True,False,True,True,True,True,True,True
wstate_4_Mutant_Replace_h_P1_Q1_[].qasm,PureState_15,0.0,0.0,0.5659618036133757,0.7991582489675791,0.5224834228925457,0.6910336572529576,0.6582482904638631,0.8210950903269685,0.091751709536137,0.0394484946201678,0.0,1.4951171875,True,True,True,False,True,False,True,True,True,True,False,True
wstate_4_Mutant_Replace_h_P1_Q1_[].qasm,Quratest_15,0.0,0.0,0.3247357834520031,0.6664846246677546,0.3133872127086399,0.6117385229867639,0.36180377368783,0.7656143247420604,0.8063760124357601,0.1034666022830694,0.0029296875,0.61474609375,True,True,True,False,True,False,True,False,True,True,True,False
wstate_4_Mutant_Replace_p_P5_Q2_[1.5707963267948966].qasm,PureState_0,0.0,0.0,0.362014426781,0.9551584076360244,0.3057464033816671,0.8147199711197222,0.25,0.9918262157737044,0.7499999999999999,0.0027271219409401,0.0,0.5048828125,True,True,True,True,True,True,True,True,True,True,False,False
wstate_4_Mutant_Replace_p_P5_Q2_[1.5707963267948966].qasm,Quratest_0,0.0,0.0,0.2210640218595016,0.8058514722785245,0.2195879544750359,0.7084671017690867,0.2959217769474189,0.8568588938599212,0.3857982001184183,0.0190346535336177,0.00634765625,1.2626953125,True,True,True,True,True,False,True,True,True,True,True,True
wstate_4_Mutant_Replace_p_P5_Q2_[1.5707963267948966].qasm,PureState_1,0.0,0.0,0.3627818716328322,0.3906305004793975,0.3063801918017992,0.3306279524688792,0.2499999999999999,0.250298605392332,0.7500000000000004,0.7497013946076629,0.0,0.5048828125,True,True,True,False,True,False,True,False,True,False,False,False
wstate_4_Mutant_Replace_p_P5_Q2_[1.5707963267948966].qasm,Quratest_1,0.0,0.0,0.3664809398927754,0.7412559025908205,0.3578111026019307,0.6478047606691631,0.4459130309533243,0.8043381349615357,0.4772721527694588,0.0566692326433288,0.00048828125,1.4951171875,True,True,True,False,True,False,True,True,True,True,True,True
wstate_4_Mutant_Replace_p_P5_Q2_[1.5707963267948966].qasm,PureState_2,0.0,0.0,0.3695186397758307,0.8464730354205037,0.3650398990183972,0.7235447205864982,0.5,0.8672029645346687,0.375,0.0332625490732418,0.0,1.4951171875,True,True,True,True,True,False,True,True,True,True,False,True
wstate_4_Mutant_Replace_p_P5_Q2_[1.5707963267948966].qasm,Quratest_2,5.816002129543895e-26,0.0,0.046481852269507,0.7751279906998925,0.0464471019646632,0.6923855911703166,0.0345861822968992,0.8076083332268101,0.7837161747139151,0.0180446126986477,0.0087890625,0.33984375,True,True,False,False,False,False,True,True,True,True,True,False
wstate_4_Mutant_Replace_p_P5_Q2_[1.5707963267948966].qasm,PureState_3,0.0,0.0,0.3662619535527697,0.9560213111273064,0.3094021667219121,0.8193169750913034,0.2499999999999999,0.9947006966953982,0.7500000000000003,0.0052993033045964,0.0,0.5048828125,True,True,True,True,True,True,True,True,True,True,False,False
wstate_4_Mutant_Replace_p_P5_Q2_[1.5707963267948966].qasm,Quratest_3,0.0,0.0,0.2706680278874343,0.8888327415202335,0.2618410239454111,0.7633053306785795,0.2809704323420748,0.8900851439677981,0.5305035614837093,0.0051763195231929,0.00244140625,1.06005859375,True,True,True,True,True,False,True,True,True,True,True,True
wstate_4_Mutant_Replace_p_P5_Q2_[1.5707963267948966].qasm,PureState_4,0.0,0.0,0.3703943155327768,0.9087030026675118,0.3658748569717044,0.765457693952932,0.4999999999999999,0.8697541131059454,0.3749999999999999,0.0112620760238652,0.0,1.4951171875,True,True,True,True,True,False,True,True,True,True,False,True
wstate_4_Mutant_Replace_p_P5_Q2_[1.5707963267948966].qasm,Quratest_4,0.0,0.0,0.2838634844293158,0.5866473286083131,0.279680452501421,0.5545628382370278,0.343821535517314,0.712087608081816,0.3981820408668667,0.1570280793477672,0.015625,0.1806640625,True,True,True,False,True,False,True,False,True,True,True,False
wstate_4_Mutant_Replace_p_P5_Q2_[1.5707963267948966].qasm,PureState_5,0.0,0.0,0.3649256020902469,0.7124344811762272,0.3606200393982136,0.6217134659693435,0.5,0.7753394538416256,0.375,0.0569637511776626,0.0,1.4951171875,True,True,True,False,True,False,True,False,True,True,False,True
wstate_4_Mutant_Replace_p_P5_Q2_[1.5707963267948966].qasm,Quratest_5,0.0,0.0,0.3685437534078106,0.792034547633181,0.3599536379503911,0.6839395439299429,0.4796174840074388,0.7913489577738994,0.3772948222954381,0.0312801490857842,0.01025390625,1.3369140625,True,True,True,False,True,False,True,False,True,True,True,True
wstate_4_Mutant_Replace_p_P5_Q2_[1.5707963267948966].qasm,PureState_6,0.0,0.0,0.3651583116764793,0.9504792269083442,0.3084439102855229,0.8164311020611817,0.2499999999999999,0.9918463915214376,0.7499999999999999,0.0040768042831605,0.0,0.5048828125,True,True,True,True,True,True,True,True,True,True,False,False
wstate_4_Mutant_Replace_p_P5_Q2_[1.5707963267948966].qasm,Quratest_6,0.0,0.0,0.3328581506702838,0.4871503891303013,0.3261720065392173,0.4577690382239114,0.3949484769751495,0.5378031796495001,0.4828568159380224,0.2402244439221098,0.001953125,0.19677734375,True,True,True,False,True,False,True,False,True,False,True,False
wstate_4_Mutant_Replace_p_P5_Q2_[1.5707963267948966].qasm,PureState_7,0.0,0.0,0.363843864273078,0.9533537340686804,0.3073116828451947,0.8175494847006843,0.2499999999999999,0.9918463915214376,0.7500000000000004,0.0040768042841078,0.0,0.5048828125,True,True,True,True,True,True,True,True,True,True,False,False
wstate_4_Mutant_Replace_p_P5_Q2_[1.5707963267948966].qasm,Quratest_7,0.0,0.0,0.2681603785638727,0.7620705252760765,0.2609360863097015,0.6882308969841952,0.2574149130960184,0.8305173199712516,0.4209653084413258,0.0222710771450336,0.0048828125,0.0078125,True,True,True,False,True,False,True,True,True,True,True,False
wstate_4_Mutant_Replace_p_P5_Q2_[1.5707963267948966].qasm,PureState_8,0.0,0.0,0.3692953364520088,0.9409608641465116,0.3120520086539937,0.8109660765827645,0.25,0.9889920940353162,0.7499999999999999,0.0036913674611294,0.0,0.5048828125,True,True,True,True,True,True,True,True,True,True,False,False
wstate_4_Mutant_Replace_p_P5_Q2_[1.5707963267948966].qasm,Quratest_8,0.0,0.0,0.3634128695140642,0.7213869167759562,0.3589944663177519,0.627635455798773,0.4983749053741807,0.7741823881032045,0.378244907386553,0.0503237070287429,0.0,1.4951171875,True,True,True,False,True,False,True,False,True,True,False,True
wstate_4_Mutant_Replace_p_P5_Q2_[1.5707963267948966].qasm,PureState_9,0.0,0.0,0.3601414391155796,0.8846921066540615,0.3560085338335633,0.7477890366610815,0.4999999999999999,0.8670268456757195,0.3749999999999999,0.0167347573477937,0.0,1.4951171875,True,True,True,True,True,False,True,True,True,True,False,True
wstate_4_Mutant_Replace_p_P5_Q2_[1.5707963267948966].qasm,Quratest_9,0.0,0.0,0.2356697053220998,0.8961316203472572,0.2300143692824291,0.7624700781160156,0.275336696014433,0.8905393753455711,0.401208971670311,0.0072467809222194,0.01123046875,0.865234375,True,True,True,True,True,False,True,True,True,True,True,True
wstate_4_Mutant_Replace_p_P5_Q2_[1.5707963267948966].qasm,PureState_10,0.0,0.0,0.3661455316881128,0.939114412543774,0.3093135110828706,0.8091668720126615,0.25,0.988992094035316,0.7499999999999999,0.0032397343560302,0.0,0.5048828125,True,True,True,True,True,True,True,True,True,True,False,False
wstate_4_Mutant_Replace_p_P5_Q2_[1.5707963267948966].qasm,Quratest_10,0.0,0.0,0.3268853042963497,0.7225543360385639,0.3167414300519946,0.6604356756202947,0.3546083033569351,0.8356710184424673,0.509811247827039,0.0602400246626511,0.01025390625,1.1552734375,True,True,True,False,True,False,True,True,True,True,True,True
wstate_4_Mutant_Replace_p_P5_Q2_[1.5707963267948966].qasm,PureState_11,0.0,0.0,0.3683397105389266,0.9694602911453304,0.3112171635173237,0.8179108689900004,0.25,0.991826215773704,0.7499999999999999,0.0013698580607686,0.0,0.5048828125,True,True,True,True,True,True,True,True,True,True,False,False
wstate_4_Mutant_Replace_p_P5_Q2_[1.5707963267948966].qasm,Quratest_11,0.0,0.0,0.2135759775882788,0.7218465166820219,0.2097205523386257,0.6605965113151828,0.2091847941759563,0.8228964747784576,0.4033276895358003,0.0558482424843563,0.02734375,0.10986328125,True,True,True,False,True,False,True,True,True,True,True,False
wstate_4_Mutant_Replace_p_P5_Q2_[1.5707963267948966].qasm,PureState_12,0.0,0.0,0.3659819664501961,0.7654830749435239,0.3616345991746623,0.6692054239150851,0.4999999999999999,0.7778906024129022,0.3749999999999996,0.0491198652302522,0.0,1.4951171875,True,True,True,False,True,False,True,False,True,True,False,True
wstate_4_Mutant_Replace_p_P5_Q2_[1.5707963267948966].qasm,Quratest_12,0.0,0.0,0.2542254847422621,0.7539037617841295,0.241708874337004,0.6775347625908561,0.1970341027821058,0.8103039380296362,0.5472962378544813,0.0288455722339783,0.0107421875,1.1611328125,True,True,True,False,True,False,True,True,True,True,True,True
wstate_4_Mutant_Replace_p_P5_Q2_[1.5707963267948966].qasm,PureState_13,0.0,0.0,0.3740839862776549,0.92670813214486,0.3694176844570455,0.7845289238889753,0.4999999999999999,0.9158365832212672,0.3749999999999998,0.0057176694617627,0.0,1.4951171875,True,True,True,True,True,False,True,True,True,True,False,True
wstate_4_Mutant_Replace_p_P5_Q2_[1.5707963267948966].qasm,Quratest_13,0.0,0.0,0.2927571297788113,0.683641708053367,0.2734494225601698,0.642517872762105,0.2233590029145582,0.8275416716738425,0.7546053441948198,0.0622392925355421,0.0029296875,0.7275390625,True,True,True,False,True,False,True,True,True,True,True,False
wstate_4_Mutant_Replace_p_P5_Q2_[1.5707963267948966].qasm,PureState_14,0.0,0.0,0.3712876403829612,0.8822993942327553,0.3667323391636424,0.7456568657664843,0.4999999999999999,0.8699048278694435,0.3749999999999998,0.013308453518882,0.0,1.4951171875,True,True,True,True,True,False,True,True,True,True,False,True
wstate_4_Mutant_Replace_p_P5_Q2_[1.5707963267948966].qasm,Quratest_14,1.4242156114002783e-55,0.0,0.0765096045616266,0.7530811530514997,0.0734625102797112,0.6826716511966014,0.0498181894645355,0.8257384456674215,0.9709149877486792,0.0457423705723472,0.00341796875,1.44775390625,True,True,False,False,False,False,True,True,True,True,True,True
wstate_4_Mutant_Replace_p_P5_Q2_[1.5707963267948966].qasm,PureState_15,0.0,0.0,0.3592334765466891,0.7964955023465131,0.3551302035011178,0.6891967680578347,0.4999999999999999,0.821095090323896,0.3750000000000002,0.0394484946353836,0.0,1.4951171875,True,True,True,False,True,False,True,True,True,True,False,True
wstate_4_Mutant_Replace_p_P5_Q2_[1.5707963267948966].qasm,Quratest_15,0.0,0.0,0.3130882311642982,0.6678596330949175,0.306722672940847,0.6125463449359964,0.3415308390947665,0.7656143247420633,0.507581951775134,0.1034665968009407,0.0146484375,0.61474609375,True,True,True,False,True,False,True,False,True,True,True,False
wstate_4_Mutant_Replace_rx_P7_Q1_[4.71238898038469].qasm,PureState_0,3.3389986306634493e-295,0.0,0.1248527354935588,0.9569063043191652,0.1246714402935516,0.8176644588660857,0.1666666666666665,0.9918262157713118,0.884900179459751,0.0027271219417286,0.0,0.5048828125,True,True,False,True,True,True,True,True,True,True,False,False
wstate_4_Mutant_Replace_rx_P7_Q1_[4.71238898038469].qasm,Quratest_0,0.0,0.0,0.443350693374652,0.8046126722918444,0.425464817146427,0.7076334410121359,0.5329158953211219,0.8568588938590791,0.4046101792125302,0.0190346526010499,0.00244140625,1.2626953125,True,True,True,True,True,False,True,True,True,True,True,True
wstate_4_Mutant_Replace_rx_P7_Q1_[4.71238898038469].qasm,PureState_1,0.0,0.0,0.5401506749185536,0.3862342153975596,0.4635553005086927,0.3267901064840588,0.5,0.2502986054058992,0.4999999999999998,0.7497013945940949,0.0,0.5048828125,True,True,True,False,True,False,True,False,True,False,False,False
wstate_4_Mutant_Replace_rx_P7_Q1_[4.71238898038469].qasm,Quratest_1,0.0,0.0,0.1757897878521985,0.7479175476662833,0.174829437061686,0.6543459033665554,0.2120395340992059,0.8043381349644989,0.4193121761180305,0.0566692325602578,0.0,1.4951171875,True,True,True,False,True,False,True,True,True,True,False,True
wstate_4_Mutant_Replace_rx_P7_Q1_[4.71238898038469].qasm,PureState_2,0.0,0.0,0.2862413714804805,0.8415806699761083,0.2500378545265729,0.7196868222885081,0.25,0.8672029645369698,0.5915063509461096,0.0332625490004142,0.0,1.4951171875,True,True,True,True,True,False,True,True,True,True,False,True
wstate_4_Mutant_Replace_rx_P7_Q1_[4.71238898038469].qasm,Quratest_2,0.0,0.0,0.2048322067637787,0.7801533902487925,0.2025557934003188,0.6959060208343794,0.2421894028331386,0.807608333224419,0.5345514847941125,0.0180446140975222,0.0,0.33984375,True,True,True,False,True,False,True,True,True,True,False,False
wstate_4_Mutant_Replace_rx_P7_Q1_[4.71238898038469].qasm,PureState_3,0.0,0.0,0.5427635916843208,0.9572533611048814,0.4659203936209689,0.8199198138165167,0.5,0.9947006966954938,0.4999999999999998,0.0052993033045005,0.0,0.5048828125,True,True,True,True,True,True,True,True,True,True,False,False
wstate_4_Mutant_Replace_rx_P7_Q1_[4.71238898038469].qasm,Quratest_3,0.0,0.0,0.4559284503567272,0.8920650044609174,0.4003501946773343,0.7653923904096638,0.4085287835052081,0.8900851439654045,0.3980258569335723,0.0051763195687948,0.015625,1.06005859375,True,True,True,True,True,False,True,True,True,True,True,True
wstate_4_Mutant_Replace_rx_P7_Q1_[4.71238898038469].qasm,PureState_4,0.0,0.0,0.4667111190528673,0.905970707074853,0.4015782760294581,0.7641614341403203,0.4166666666666667,0.8697541131066922,0.3990562612162345,0.0112620760958315,0.0,1.4951171875,True,True,True,True,True,False,True,True,True,True,False,True
wstate_4_Mutant_Replace_rx_P7_Q1_[4.71238898038469].qasm,Quratest_4,0.0,0.0,0.2816167070647649,0.5900588967706402,0.2670071491447122,0.5553825620457034,0.2236953112348204,0.7120876080649522,0.3978288998294841,0.1570280779532228,0.044921875,0.1806640625,True,True,True,False,True,False,True,False,True,True,True,False
wstate_4_Mutant_Replace_rx_P7_Q1_[4.71238898038469].qasm,PureState_5,0.0,0.0,0.2904364986401031,0.7080075233460876,0.2540324706878291,0.6176296182690065,0.25,0.7753394538312867,0.5915063509461093,0.0569637500036675,0.0,1.4951171875,True,True,True,False,True,False,True,False,True,True,False,True
wstate_4_Mutant_Replace_rx_P7_Q1_[4.71238898038469].qasm,Quratest_5,0.0,0.0,0.4597786110433537,0.7912107714488704,0.3966457375225369,0.6818656737841277,0.3959655807786368,0.7913489577602382,0.3943626512163287,0.0312801497712788,0.01220703125,1.3369140625,True,True,True,False,True,False,True,False,True,True,True,True
wstate_4_Mutant_Replace_rx_P7_Q1_[4.71238898038469].qasm,PureState_6,0.0,0.0,0.5394326712637633,0.946678218220695,0.4629058231532403,0.8143480588343273,0.5,0.9918463915215798,0.4999999999999999,0.0040768042830892,0.0,0.5048828125,True,True,True,True,True,True,True,True,True,True,False,False
wstate_4_Mutant_Replace_rx_P7_Q1_[4.71238898038469].qasm,Quratest_6,0.0,0.0,0.2342186664423693,0.4904349839420363,0.2301489672970597,0.4603232572152835,0.2440350950416166,0.5378031796471326,0.4161928680806543,0.2402244417535447,0.0078125,0.19677734375,True,True,True,False,True,False,True,False,True,False,True,False
wstate_4_Mutant_Replace_rx_P7_Q1_[4.71238898038469].qasm,PureState_7,0.0,0.0,0.5385929028445793,0.9488623084424144,0.4621481018765474,0.8154944822849477,0.5,0.9918463915215798,0.5000000000000001,0.0040768042840364,0.0,0.5048828125,True,True,True,True,True,True,True,True,True,True,False,False
wstate_4_Mutant_Replace_rx_P7_Q1_[4.71238898038469].qasm,Quratest_7,0.0,0.0,0.3450592258227275,0.7548202277854315,0.3356347289000677,0.6832423429583356,0.4109438011287932,0.8305173199553209,0.3973792182491759,0.0222710748406115,0.0126953125,0.0078125,True,True,True,False,True,False,True,True,True,True,True,False
wstate_4_Mutant_Replace_rx_P7_Q1_[4.71238898038469].qasm,PureState_8,1.1828356321514722e-302,0.0,0.126252177286108,0.939772986484331,0.1260621947839499,0.8102906101965476,0.1666666666666665,0.9889920940320924,0.884900179459751,0.0036913674621257,0.0,0.5048828125,True,True,False,True,True,True,True,True,True,True,False,False
wstate_4_Mutant_Replace_rx_P7_Q1_[4.71238898038469].qasm,Quratest_8,0.0,0.0,0.2051420920776048,0.7216546367998646,0.20368019910024,0.6283464396600383,0.2400981603613307,0.7741823880926285,0.5682656368089196,0.0503237060286442,0.0,1.4951171875,True,True,True,False,True,False,True,False,True,True,False,True
wstate_4_Mutant_Replace_rx_P7_Q1_[4.71238898038469].qasm,PureState_9,0.0,0.0,0.2885076776151754,0.8837723215659681,0.2527227159587543,0.7491717113975616,0.25,0.8670268456779688,0.5915063509461096,0.0167347573005669,0.0,1.4951171875,True,True,True,True,True,False,True,True,True,True,False,True
wstate_4_Mutant_Replace_rx_P7_Q1_[4.71238898038469].qasm,Quratest_9,0.0,0.0,0.2950474275754529,0.8922139228611968,0.2832232472022591,0.7616732073598416,0.2580090470792283,0.8905393753439209,0.4668339523080275,0.0072467805450112,0.00244140625,0.865234375,True,True,True,True,True,False,True,True,True,True,True,True
wstate_4_Mutant_Replace_rx_P7_Q1_[4.71238898038469].qasm,PureState_10,4.5890147977913007e-271,0.0,0.1199079827015584,0.9390129997987848,0.1197475187721,0.8087389563701533,0.1666666666666665,0.9889920940320924,0.8849001794597504,0.0032397343570644,0.0,0.5048828125,True,True,False,True,True,True,True,True,True,True,False,False
wstate_4_Mutant_Replace_rx_P7_Q1_[4.71238898038469].qasm,Quratest_10,0.0,0.0,0.4274379846004931,0.718054926355285,0.3922964294019346,0.657001900155736,0.454053714609533,0.835671018427967,0.4266690956004489,0.0602400225630825,0.017578125,1.1552734375,True,True,True,False,True,False,True,True,True,True,True,True
wstate_4_Mutant_Replace_rx_P7_Q1_[4.71238898038469].qasm,PureState_11,8.929177870024794e-275,0.0,0.1206934367800733,0.9686305856106276,0.1205299694129572,0.8172919548253518,0.1666666666666665,0.9918262157713118,0.8849001794597506,0.0013698580611793,0.0,0.5048828125,True,True,False,True,True,True,True,True,True,True,False,False
wstate_4_Mutant_Replace_rx_P7_Q1_[4.71238898038469].qasm,Quratest_11,0.0,0.0,0.2455574762259871,0.7192747907068473,0.2384104010148998,0.6586976091233903,0.2165953655825283,0.8228964747751364,0.531546180585675,0.0558482451155314,0.01513671875,0.10986328125,True,True,True,False,True,False,True,True,True,True,True,False
wstate_4_Mutant_Replace_rx_P7_Q1_[4.71238898038469].qasm,PureState_12,0.0,0.0,0.4748936946887639,0.763922283361974,0.4087827220829624,0.6679164318901848,0.4166666666666667,0.7778906024010092,0.3990562612162341,0.04911986641534,0.0,1.4951171875,True,True,True,False,True,False,True,False,True,True,False,True
wstate_4_Mutant_Replace_rx_P7_Q1_[4.71238898038469].qasm,Quratest_12,0.0,0.0,0.3333052166652835,0.7533234829958381,0.308453034467271,0.6780969789665086,0.2851557824912608,0.8103039380271517,0.6705633362139533,0.0288455730102231,0.0,1.1611328125,True,True,True,False,True,False,True,True,True,True,False,True
wstate_4_Mutant_Replace_rx_P7_Q1_[4.71238898038469].qasm,PureState_13,0.0,0.0,0.4802465231167146,0.9326090486766808,0.4138894298947457,0.7858200491398196,0.4166666666666666,0.915836583221125,0.3990562612162348,0.005717669508819,0.0,1.4951171875,True,True,True,True,True,False,True,True,True,True,False,True
wstate_4_Mutant_Replace_rx_P7_Q1_[4.71238898038469].qasm,Quratest_13,0.0,0.0,0.4786666900675664,0.6938625723360133,0.452596054111844,0.6496727872162474,0.5290664154454316,0.8275416716728786,0.3958514788549622,0.0622392919794883,0.01416015625,0.7275390625,True,True,True,False,True,False,True,True,True,True,True,False
wstate_4_Mutant_Replace_rx_P7_Q1_[4.71238898038469].qasm,PureState_14,0.0,0.0,0.4699111240155931,0.8772805838184338,0.4044965521929105,0.7452533754316061,0.4166666666666666,0.8699048278701051,0.3990562612162344,0.0133084535336605,0.0,1.4951171875,True,True,True,True,True,False,True,True,True,True,False,True
wstate_4_Mutant_Replace_rx_P7_Q1_[4.71238898038469].qasm,Quratest_14,0.0,0.0,0.4753127880109135,0.7546964275736318,0.4250094976427063,0.6833822439960129,0.4522672852345406,0.8257384456520622,0.4174958747038881,0.0457423635888128,0.0009765625,1.44775390625,True,True,True,False,True,False,True,True,True,True,True,True
wstate_4_Mutant_Replace_rx_P7_Q1_[4.71238898038469].qasm,PureState_15,0.0,0.0,0.2917200341158814,0.7995073617011877,0.2548452520412387,0.6909927565352983,0.25,0.821095090326949,0.5915063509461099,0.0394484946211205,0.0,1.4951171875,True,True,True,False,True,False,True,True,True,True,False,True
wstate_4_Mutant_Replace_rx_P7_Q1_[4.71238898038469].qasm,Quratest_15,0.0,0.0,0.2984880796198872,0.6643577663591235,0.2748546091006271,0.6103656006982211,0.2296603064848908,0.7656143247420306,0.5128920180969655,0.1034666023041693,0.00048828125,0.61474609375,True,True,True,False,True,False,True,False,True,True,True,False
wstate_4_Mutant_Replace_rzz_P10_Q2_[2.356194490192345].qasm,PureState_0,0.0,0.0,1.0,0.9555153368628532,0.8325546111576978,0.8149568834345333,1.0,0.9918262185492098,3.55896089261971e-33,0.0027271210149134,2.0,0.5048828125,True,True,True,True,True,True,True,True,True,True,True,False
wstate_4_Mutant_Replace_rzz_P10_Q2_[2.356194490192345].qasm,Quratest_0,0.0,0.0,0.4798785097669863,0.8069230186726747,0.447241029687831,0.7086687184076197,0.3746485245863675,0.8568588948013388,0.256090089335272,0.0190346376479827,0.7353515625,1.2626953125,True,True,True,True,True,False,True,True,True,True,True,True
wstate_4_Mutant_Replace_rzz_P10_Q2_[2.356194490192345].qasm,PureState_1,,0.0,0.0,0.3885879423352647,0.0,0.3288443767623354,7.703719777548943e-34,0.2502985896846702,1.0,0.7497014103153237,0.0,0.5048828125,False,True,False,False,False,False,False,False,False,False,False,False
wstate_4_Mutant_Replace_rzz_P10_Q2_[2.356194490192345].qasm,Quratest_1,0.0,0.0,0.9577452385573144,0.7407811950682555,0.7973898090874921,0.6477962512061308,0.9187395840978978,0.8043381314979245,0.006451929222369,0.0566692321331873,1.84619140625,1.4951171875,True,True,True,False,True,False,True,True,True,True,True,True
wstate_4_Mutant_Replace_rzz_P10_Q2_[2.356194490192345].qasm,PureState_2,0.0,0.0,0.8657516211935579,0.8446305112347363,0.7207910106151904,0.7226468417471488,0.7499999999999998,0.8672029618696082,0.0625,0.0332625485060594,1.48193359375,1.4951171875,True,True,True,True,True,False,True,True,True,True,True,True
wstate_4_Mutant_Replace_rzz_P10_Q2_[2.356194490192345].qasm,Quratest_2,0.0,0.0,0.168913689098133,0.7715138437781809,0.1683156403048784,0.6911753218714097,0.1901982695830158,0.8076083359960394,0.1735903352925418,0.0180446364397011,0.36328125,0.33984375,True,True,True,False,True,False,True,True,True,True,True,False
wstate_4_Mutant_Replace_rzz_P10_Q2_[2.356194490192345].qasm,PureState_3,,0.0,0.0,0.9622047677750528,0.0,0.822241668928899,7.703719777548943e-34,0.994700696584367,1.0,0.0052993034156268,0.0,0.5048828125,False,True,False,True,False,True,False,True,False,True,False,False
wstate_4_Mutant_Replace_rzz_P10_Q2_[2.356194490192345].qasm,Quratest_3,0.0,0.0,0.233006506654904,0.8892356869232934,0.2179880159255612,0.763597389607063,0.1068258640963373,0.8900851467370239,0.3181060204510049,0.005176320213718,0.0439453125,1.06005859375,True,True,True,True,True,False,True,True,True,True,True,True
wstate_4_Mutant_Replace_rzz_P10_Q2_[2.356194490192345].qasm,PureState_4,0.0,0.0,0.5016498186918928,0.9082658218137732,0.4176518030370294,0.7624432587323934,0.2500000000000002,0.8697541122407269,0.5624999999999999,0.0112620774062222,0.48046875,1.4951171875,True,True,True,True,True,False,True,True,True,True,True,True
wstate_4_Mutant_Replace_rzz_P10_Q2_[2.356194490192345].qasm,Quratest_4,0.0,0.0,0.5001688247316596,0.5909158186354269,0.4690372067140822,0.5564264314330652,0.4176528574671759,0.7120876276425003,0.0103984805300343,0.1570280537069073,0.8330078125,0.1806640625,True,True,True,False,True,False,True,False,True,True,True,False
wstate_4_Mutant_Replace_rzz_P10_Q2_[2.356194490192345].qasm,PureState_5,0.0,0.0,0.8653934103893757,0.7117479023986226,0.7204884997310618,0.621086943486749,0.7499999999999998,0.7753394658140921,0.0624999999999999,0.0569637280937708,1.515625,1.4951171875,True,True,True,False,True,False,True,False,True,True,True,True
wstate_4_Mutant_Replace_rzz_P10_Q2_[2.356194490192345].qasm,Quratest_5,0.0,0.0,0.2360381331258662,0.788310308048381,0.2262606339420507,0.6805946339344858,0.1504776863239542,0.7913489735959058,0.5393253813012596,0.0312801542132743,0.31591796875,1.3369140625,True,True,True,False,True,False,True,False,True,True,True,True
wstate_4_Mutant_Replace_rzz_P10_Q2_[2.356194490192345].qasm,PureState_6,0.9203440968002872,0.0,0.0003535548883437,0.9465092601790576,0.0003535548846609,0.8142292925361734,7.703719777548943e-34,0.9918463913505956,1.0000000000000004,0.0040768043685811,0.0,0.5048828125,False,True,False,True,False,True,False,True,False,True,False,False
wstate_4_Mutant_Replace_rzz_P10_Q2_[2.356194490192345].qasm,Quratest_6,0.0,0.0,0.2365973875818134,0.4862775129880061,0.234446946903319,0.4572557861314548,0.2329213184287553,0.5378031823588675,0.1785252191543072,0.2402244114940747,0.47998046875,0.19677734375,True,True,True,False,True,False,True,False,True,False,True,False
wstate_4_Mutant_Replace_rzz_P10_Q2_[2.356194490192345].qasm,PureState_7,0.0117325194752208,0.0,0.0089098008655501,0.943251535994047,0.0089097419176101,0.8124332698950884,7.703719777548943e-34,0.9918463913505956,1.0000000000000004,0.0040768043695284,0.0,0.5048828125,True,True,False,True,False,True,False,True,False,True,False,False
wstate_4_Mutant_Replace_rzz_P10_Q2_[2.356194490192345].qasm,Quratest_7,0.0,0.0,0.2972875723686977,0.7530186191476326,0.2913713362273222,0.6831293150958544,0.286603310214824,0.8305173384514744,0.2312372631751943,0.0222710363911378,0.55078125,0.0078125,True,True,True,False,True,False,True,True,True,True,True,False
wstate_4_Mutant_Replace_rzz_P10_Q2_[2.356194490192345].qasm,PureState_8,0.0,0.0,1.0,0.9422325183944328,0.8325546111576977,0.8117205549750536,1.0,0.9889920977731786,1.532389506567983e-34,0.0036913662076825,2.0,0.5048828125,True,True,True,True,True,True,True,True,True,True,True,False
wstate_4_Mutant_Replace_rzz_P10_Q2_[2.356194490192345].qasm,Quratest_8,0.0,0.0,0.8443324734070816,0.7215400387246371,0.7029957600860016,0.6281167828721899,0.714304215022601,0.7741824003505876,0.0816220815538521,0.0503236872780694,1.44189453125,1.4951171875,True,True,True,False,True,False,True,False,True,True,True,True
wstate_4_Mutant_Replace_rzz_P10_Q2_[2.356194490192345].qasm,PureState_9,0.0,0.0,0.8652477971572795,0.8885821409968343,0.7203668420982366,0.7510738020380432,0.7499999999999998,0.8670268430704751,0.0625,0.0167347568716614,1.4970703125,1.4951171875,True,True,True,True,True,False,True,True,True,True,True,True
wstate_4_Mutant_Replace_rzz_P10_Q2_[2.356194490192345].qasm,Quratest_9,0.0,0.0,0.1303864100972757,0.8918511736686381,0.129911799001247,0.7601900723526688,0.1240723183887056,0.8905393772564428,0.4711921579562583,0.0072467743522481,0.259765625,0.865234375,True,True,False,True,True,False,True,True,True,True,True,True
wstate_4_Mutant_Replace_rzz_P10_Q2_[2.356194490192345].qasm,PureState_10,0.0,0.0,1.0,0.945526817082358,0.8325546111576977,0.8120507786632577,1.0,0.9889920977731786,2.5274072860811517e-33,0.0032397332559416,2.0,0.5048828125,True,True,True,True,True,True,True,True,True,True,True,False
wstate_4_Mutant_Replace_rzz_P10_Q2_[2.356194490192345].qasm,Quratest_10,0.0,0.0,0.5662170218379629,0.7219736354405499,0.509496219348473,0.6598077987879869,0.4118732554822545,0.8356710352338788,0.1300758162615583,0.0602399864528073,0.767578125,1.1552734375,True,True,True,False,True,False,True,True,True,True,True,True
wstate_4_Mutant_Replace_rzz_P10_Q2_[2.356194490192345].qasm,PureState_11,0.0,0.0,1.0,0.968195400042959,0.8325546111576977,0.816928941213604,1.0,0.9918262185492096,1.7869329552263978e-34,0.001369857595617,2.0,0.5048828125,True,True,True,True,True,True,True,True,True,True,True,False
wstate_4_Mutant_Replace_rzz_P10_Q2_[2.356194490192345].qasm,Quratest_11,0.0,0.0,0.288264474716445,0.7180159392108015,0.284097619004109,0.6580498157785704,0.2968207543324388,0.8228964786281533,0.0312089364154851,0.0558482881079046,0.62353515625,0.10986328125,True,True,True,False,True,False,True,True,True,True,True,False
wstate_4_Mutant_Replace_rzz_P10_Q2_[2.356194490192345].qasm,PureState_12,0.0,0.0,0.503388684244771,0.7602542195230904,0.4190986315648928,0.665044256308873,0.2500000000000002,0.7778906161852108,0.5624999999999996,0.0491198738566843,0.49462890625,1.4951171875,True,True,True,False,True,False,True,False,True,True,True,True
wstate_4_Mutant_Replace_rzz_P10_Q2_[2.356194490192345].qasm,Quratest_12,0.0,0.0,0.3753061220312836,0.75555380670507,0.3675995612538209,0.6795538364192408,0.409272177372814,0.8103039409099245,0.070837788192583,0.0288455853178686,0.814453125,1.1611328125,True,True,True,False,True,False,True,True,True,True,True,True
wstate_4_Mutant_Replace_rzz_P10_Q2_[2.356194490192345].qasm,PureState_13,0.0,0.0,0.4954446886652098,0.923783239925001,0.4124905028432718,0.7827263719182238,0.2500000000000002,0.915836583385285,0.5624999999999993,0.0057176703177132,0.4716796875,1.4951171875,True,True,True,True,True,False,True,True,True,True,True,True
wstate_4_Mutant_Replace_rzz_P10_Q2_[2.356194490192345].qasm,Quratest_13,0.0,0.0,0.2077515810679478,0.6912367583962731,0.2067250031730099,0.6470303771040423,0.2643767763127591,0.8275416727542548,0.1385813354452502,0.0622392833629377,0.54345703125,0.7275390625,True,True,True,False,True,False,True,True,True,True,True,False
wstate_4_Mutant_Replace_rzz_P10_Q2_[2.356194490192345].qasm,PureState_14,0.0,0.0,0.4992052897398857,0.8812078201314666,0.4156178517465842,0.7458146541144086,0.2500000000000002,0.8699048270708469,0.5625,0.0133084539784019,0.484375,1.4951171875,True,True,True,True,True,False,True,True,True,True,True,True
wstate_4_Mutant_Replace_rzz_P10_Q2_[2.356194490192345].qasm,Quratest_14,0.0,0.0,0.2336065454302741,0.7517801870484958,0.2229877515895731,0.6820100877923734,0.1055231931011389,0.825738463488105,0.6881258150490707,0.045742241806958,0.21533203125,1.44775390625,True,True,True,False,True,False,True,True,True,True,True,True
wstate_4_Mutant_Replace_rzz_P10_Q2_[2.356194490192345].qasm,PureState_15,0.0,0.0,0.8649288384673708,0.795209315230653,0.7201008966706196,0.6878364005966204,0.7499999999999998,0.8210950867560372,0.0625,0.0394484951907888,1.50537109375,1.4951171875,True,True,True,False,True,False,True,True,True,True,True,True
wstate_4_Mutant_Replace_rzz_P10_Q2_[2.356194490192345].qasm,Quratest_15,0.0,0.0,0.5324292075551074,0.6710507026402265,0.478248034117844,0.6135344279114935,0.3615395538659302,0.7656143247420113,0.1115538522416718,0.1034666922919544,0.70947265625,0.61474609375,True,True,True,False,True,False,True,False,True,True,True,False
wstate_4_Mutant_Add_sx_P9_Q0_[].qasm,PureState_0,0.0,0.0,0.5462196775708761,0.9573841171000382,0.4689889408788318,0.8176997863101587,0.5,0.9918262157592928,0.0555555555555555,0.0027271219456491,0.0,0.5048828125,True,True,True,True,True,True,True,True,True,True,False,False
wstate_4_Mutant_Add_sx_P9_Q0_[].qasm,Quratest_0,0.0,0.0,0.4156912802036966,0.8039556567972904,0.4059086670296625,0.7056773174371266,0.5210080176225039,0.856858893858093,0.0426176559727951,0.01903465262694,0.005859375,1.2626953125,True,True,True,True,True,False,True,True,True,True,True,True
wstate_4_Mutant_Add_sx_P9_Q0_[].qasm,PureState_1,0.0,0.0,0.5393663726545868,0.3889667136031696,0.4628456589224957,0.3291750601907098,0.4999999999999998,0.2502986056126479,0.5000000000000003,0.7497013943873464,0.0,0.5048828125,True,True,True,False,True,False,True,False,True,False,False,False
wstate_4_Mutant_Add_sx_P9_Q0_[].qasm,Quratest_1,1.5432014142347547e-293,0.0,0.1323112740976922,0.7429167712020158,0.1320038549098113,0.6498785744129486,0.170919113477476,0.804338134780964,0.0371358742809202,0.0566692326429125,0.0009765625,1.4951171875,True,True,False,False,True,False,True,True,True,True,True,True
wstate_4_Mutant_Add_sx_P9_Q0_[].qasm,PureState_2,0.0,0.0,0.541164671817869,0.8455950727241371,0.4650520222497248,0.7222089574397385,0.4999999999999999,0.8672029643413914,1.3858642584400687e-16,0.0332625490470653,0.0,1.4951171875,True,True,True,True,True,False,True,True,True,True,False,True
wstate_4_Mutant_Add_sx_P9_Q0_[].qasm,Quratest_2,1.0110496885296348e-230,0.0,0.1191829040018264,0.7734094268760008,0.1190164773130198,0.6909515341335676,0.1618612881575246,0.807608333198649,0.018928111386378,0.0180446141096585,0.01025390625,0.33984375,True,True,False,False,True,False,True,True,True,True,True,False
wstate_4_Mutant_Add_sx_P9_Q0_[].qasm,PureState_3,0.0,0.0,0.5389741450174855,0.954231251269842,0.4624908163180319,0.8184240759579052,0.4999999999999998,0.9947006966827194,0.5000000000000006,0.005299303317275,0.0,0.5048828125,True,True,True,True,True,True,True,True,True,True,False,False
wstate_4_Mutant_Add_sx_P9_Q0_[].qasm,Quratest_3,0.0,0.0,0.2462519034082375,0.8878368929349687,0.2345103532542356,0.7632817395107578,0.1696512653188909,0.8900851439399098,0.4343227970889783,0.0051763195716758,0.00390625,1.06005859375,True,True,True,True,True,False,True,True,True,True,True,True
wstate_4_Mutant_Add_sx_P9_Q0_[].qasm,PureState_4,0.0,0.0,0.542177842325756,0.9063383789574576,0.4654353251814929,0.7646484595942126,0.5,0.8697541131176315,0.2222222222222221,0.0112620761135066,0.0,1.4951171875,True,True,True,True,True,False,True,True,True,True,False,True
wstate_4_Mutant_Add_sx_P9_Q0_[].qasm,Quratest_4,0.0,0.0,0.4146199874672724,0.5873803974999764,0.3936677643122546,0.553312802332646,0.4367639978093535,0.7120876080521983,0.1629313158687733,0.1570280779346235,0.0126953125,0.1806640625,True,True,True,False,True,False,True,False,True,True,True,False
wstate_4_Mutant_Add_sx_P9_Q0_[].qasm,PureState_5,0.0,0.0,0.5457220711487478,0.718239717606375,0.4688034977790098,0.6270218488917437,0.4999999999999999,0.7753394536628238,1.1665647789212922e-16,0.056963750028039,0.0,1.4951171875,True,True,True,False,True,False,True,False,True,True,False,True
wstate_4_Mutant_Add_sx_P9_Q0_[].qasm,Quratest_5,0.0,0.0,0.1947416548242095,0.7895334042106122,0.1918418785145975,0.6816262631385445,0.2463594816297421,0.7913489577982287,6.518273620031944e-05,0.0312801497748641,0.00341796875,1.3369140625,True,True,True,False,True,False,True,False,True,True,True,True
wstate_4_Mutant_Add_sx_P9_Q0_[].qasm,PureState_6,0.0,0.0,0.5404120642462432,0.9466754868077843,0.4637918352604965,0.8144261367156947,0.4999999999999999,0.9918463915096138,0.5000000000000001,0.0040768042890783,0.0,0.5048828125,True,True,True,True,True,True,True,True,True,True,False,False
wstate_4_Mutant_Add_sx_P9_Q0_[].qasm,Quratest_6,2.9378974150584818e-15,0.0,0.0347419468903731,0.4839858322462951,0.0347166767728857,0.4556709405893695,0.0373146565843472,0.5378031796215814,0.0321632442244188,0.2402244417574447,0.00048828125,0.19677734375,True,True,False,False,False,False,True,False,True,False,True,False
wstate_4_Mutant_Add_sx_P9_Q0_[].qasm,PureState_7,0.0,0.0,0.5439387192585596,0.952115074343584,0.4669845202974501,0.8172906934071645,0.4999999999999999,0.9918463915096138,0.5000000000000002,0.0040768042900134,0.0,0.5048828125,True,True,True,True,True,True,True,True,True,True,False,False
wstate_4_Mutant_Add_sx_P9_Q0_[].qasm,Quratest_7,0.0,0.0,0.473160249135482,0.7521567180292382,0.4569985279824236,0.68225200856619,0.5585482032361991,0.8305173199423077,0.0050915933281847,0.022271074892282,0.01123046875,0.0078125,True,True,True,False,True,False,True,True,True,True,True,False
wstate_4_Mutant_Add_sx_P9_Q0_[].qasm,PureState_8,0.0,0.0,0.5417249818935165,0.9395852992056924,0.464687373772182,0.8100992195424834,0.5,0.9889920940209104,0.0555555555555556,0.0036913674651249,0.0,0.5048828125,True,True,True,True,True,True,True,True,True,True,False,False
wstate_4_Mutant_Add_sx_P9_Q0_[].qasm,Quratest_8,0.0,0.0,0.2468309963055088,0.723561029746755,0.243766928729491,0.6295232111291748,0.2950831077464265,0.7741823879218506,0.0210749861431976,0.0503237060492712,0.0,1.4951171875,True,True,True,False,True,False,True,False,True,True,False,True
wstate_4_Mutant_Add_sx_P9_Q0_[].qasm,PureState_9,0.0,0.0,0.543600931972929,0.8835114994343791,0.4659038410094496,0.7485801006569779,0.4999999999999999,0.8670268454824404,5.96131119401395e-17,0.0167347573266187,0.0,1.4951171875,True,True,True,True,True,False,True,True,True,True,False,True
wstate_4_Mutant_Add_sx_P9_Q0_[].qasm,Quratest_9,0.0,0.0,0.4875832104720676,0.8987512422516042,0.4302657131426573,0.7649146771700907,0.4541557574851174,0.8905393753301366,0.1564324020925931,0.0072467805555958,0.00537109375,0.865234375,True,True,True,True,True,False,True,True,True,True,True,True
wstate_4_Mutant_Add_sx_P9_Q0_[].qasm,PureState_10,0.0,0.0,0.5429606244881832,0.9388925543097132,0.465651325468114,0.8083829126397722,0.5,0.9889920940209104,0.0555555555555555,0.0032397343592556,0.0,0.5048828125,True,True,True,True,True,True,True,True,True,True,False,False
wstate_4_Mutant_Add_sx_P9_Q0_[].qasm,Quratest_10,0.0,0.0,0.4882002991671936,0.7265442693486428,0.4708611154521557,0.6632916226897596,0.6028513492161065,0.8356710184407029,0.0516234192578395,0.060240022547325,0.0107421875,1.1552734375,True,True,True,False,True,False,True,True,True,True,True,True
wstate_4_Mutant_Add_sx_P9_Q0_[].qasm,PureState_11,0.0,0.0,0.5398245203534588,0.9628478477628224,0.4634155192469827,0.8159255973620847,0.5,0.9918262157592928,0.0555555555555555,0.0013698580632987,0.0,0.5048828125,True,True,True,True,True,True,True,True,True,True,False,False
wstate_4_Mutant_Add_sx_P9_Q0_[].qasm,Quratest_11,3.00986009664066e-310,0.0,0.1318232067565855,0.7193142966547922,0.1315570849493176,0.6603099139258011,0.1708481820601399,0.8228964747495907,0.0120520755471264,0.055848245159688,0.01123046875,0.10986328125,True,True,False,False,True,False,True,True,True,True,True,False
wstate_4_Mutant_Add_sx_P9_Q0_[].qasm,PureState_12,0.0,0.0,0.5429424426395777,0.7645360961684498,0.4655527142379835,0.6685450339955072,0.5,0.7778906024390637,0.2222222222222219,0.0491198664268195,0.0,1.4951171875,True,True,True,False,True,False,True,False,True,True,False,True
wstate_4_Mutant_Add_sx_P9_Q0_[].qasm,Quratest_12,1.234370341944781e-171,0.0,0.0974456703320232,0.7546020728414622,0.0970575134246896,0.6787730619776488,0.1104918096250047,0.8103039380141217,0.042653195034431,0.0288455729972972,0.00244140625,1.1611328125,True,True,False,False,False,False,True,True,True,True,True,True
wstate_4_Mutant_Add_sx_P9_Q0_[].qasm,PureState_13,0.0,0.0,0.5411834591611235,0.9259583670257956,0.4637720009916019,0.7841383513087058,0.5,0.9158365832195988,0.2222222222222219,0.005717669517486,0.0,1.4951171875,True,True,True,True,True,False,True,True,True,True,False,True
wstate_4_Mutant_Add_sx_P9_Q0_[].qasm,Quratest_13,0.0,0.0,0.3613833533733455,0.6922816565649517,0.3529050417214235,0.6480875985276927,0.4412518052634492,0.8275416716728925,0.1489354426894962,0.0622392919777675,0.01611328125,0.7275390625,True,True,True,False,True,False,True,True,True,True,True,False
wstate_4_Mutant_Add_sx_P9_Q0_[].qasm,PureState_14,0.0,0.0,0.5434842254830264,0.8775622666982389,0.466033579965266,0.7452865207498237,0.5,0.8699048278821488,0.222222222222222,0.0133084535420861,0.0,1.4951171875,True,True,True,True,True,False,True,True,True,True,False,True
wstate_4_Mutant_Add_sx_P9_Q0_[].qasm,Quratest_14,4.3280893083187574e-226,0.0,0.1095884222305845,0.7512038673719098,0.1091127125517991,0.682024840453814,0.1481486937160402,0.8257384456648024,0.0955234113832713,0.0457423635572732,0.00341796875,1.44775390625,True,True,False,False,False,False,True,True,True,True,True,True
wstate_4_Mutant_Add_sx_P9_Q0_[].qasm,PureState_15,0.0,0.0,0.5350029051011561,0.7977853227940758,0.4580369166164831,0.688084423433446,0.4999999999999999,0.8210950901449905,1.033317212831137e-16,0.0394484946485765,0.0,1.4951171875,True,True,True,False,True,False,True,True,True,True,False,True
wstate_4_Mutant_Add_sx_P9_Q0_[].qasm,Quratest_15,0.0,0.0,0.2109376402044054,0.6653819527737337,0.2099441008295318,0.6115231649906455,0.2870782254331274,0.7656143247284979,7.287804655816496e-07,0.1034666022592712,0.01025390625,0.61474609375,True,True,True,False,True,False,True,False,True,True,True,False
wstate_4_Mutant_Replace_sx_P0_Q0_[].qasm,PureState_0,0.0,0.0,0.3134195511689267,0.9555703815378208,0.2690306450178898,0.8150387245446943,0.1666666666666667,0.9918262157713114,0.5000000000000003,0.0027271219417384,0.0,0.5048828125,True,True,True,True,True,True,True,True,True,True,False,False
wstate_4_Mutant_Replace_sx_P0_Q0_[].qasm,Quratest_0,0.0,0.0,0.3037690953299952,0.804904467524082,0.2954731725522273,0.7083447349094444,0.3276520755213949,0.8568588938591072,0.4564163674360305,0.0190346526033314,0.00341796875,1.2626953125,True,True,True,True,True,False,True,True,True,True,True,True
wstate_4_Mutant_Replace_sx_P0_Q0_[].qasm,PureState_1,0.0,0.0,0.5385818656695063,0.3883605653775043,0.4621359585810655,0.3286458805977832,0.5,0.2502986054058759,0.4999999999999994,0.7497013945941176,0.0,0.5048828125,True,True,True,False,True,False,True,False,True,False,False,False
wstate_4_Mutant_Replace_sx_P0_Q0_[].qasm,Quratest_1,0.0,0.0,0.2421732771420527,0.7455329066638946,0.2401822848400804,0.6517019818089003,0.3004798122768445,0.8043381349645186,0.4416177184900042,0.0566692325593528,0.0009765625,1.4951171875,True,True,True,False,True,False,True,True,True,True,True,True
wstate_4_Mutant_Replace_sx_P0_Q0_[].qasm,PureState_2,0.0,0.0,0.3875543861794905,0.843845580815996,0.3331565937400498,0.7194779044457581,0.25,0.8672029645369657,0.4999999999999999,0.0332625490005402,0.0,1.4951171875,True,True,True,True,True,False,True,True,True,True,False,True
wstate_4_Mutant_Replace_sx_P0_Q0_[].qasm,Quratest_2,0.0,0.0,0.232787186864468,0.7776835677524253,0.2309083047316592,0.6940687605957161,0.2902252972867434,0.8076083332244227,0.4432476447121333,0.018044614097357,0.00341796875,0.33984375,True,True,True,False,True,False,True,True,True,True,True,False
wstate_4_Mutant_Replace_sx_P0_Q0_[].qasm,PureState_3,0.0,0.0,0.5372738875553608,0.9622047677750528,0.4609529844634742,0.822241668928899,0.5,0.9947006966954932,0.4999999999999999,0.0052993033045007,0.0,0.5048828125,True,True,True,True,True,True,True,True,True,True,False,False
wstate_4_Mutant_Replace_sx_P0_Q0_[].qasm,Quratest_3,0.0,0.0,0.2111290376799467,0.8955888442349553,0.2063107379384101,0.7650762989903293,0.2279099671522934,0.8900851439654105,0.549627528095703,0.0051763195687198,0.00537109375,1.06005859375,True,True,True,True,True,False,True,True,True,True,True,True
wstate_4_Mutant_Replace_sx_P0_Q0_[].qasm,PureState_4,0.0,0.0,0.4976174633990583,0.9065990676362098,0.4268103782216364,0.7639338297543011,0.4166666666666666,0.8697541131066906,0.5000000000000001,0.011262076095864,0.0,1.4951171875,True,True,True,True,True,False,True,True,True,True,False,True
wstate_4_Mutant_Replace_sx_P0_Q0_[].qasm,Quratest_4,0.0,0.0,0.3139032043342487,0.589801834313546,0.2987828007556337,0.5546603130830035,0.2931979725788035,0.7120876080649559,0.4794899100371093,0.1570280779608145,0.0087890625,0.1806640625,True,True,True,False,True,False,True,False,True,True,True,False
wstate_4_Mutant_Replace_sx_P0_Q0_[].qasm,PureState_5,0.0,0.0,0.3795810825884806,0.704911790051586,0.3259218252373009,0.6147833320025679,0.25,0.7753394538313049,0.4999999999999999,0.0569637500057001,0.0,1.4951171875,True,True,True,False,True,False,True,False,True,True,False,True
wstate_4_Mutant_Replace_sx_P0_Q0_[].qasm,Quratest_5,0.0,0.0,0.1503838575514451,0.7832858036586566,0.1493170538068807,0.6775016709342491,0.1705002135184584,0.7913489577602603,0.5612403728253812,0.0312801497711392,0.0068359375,1.3369140625,True,True,True,False,True,False,True,False,True,True,True,True
wstate_4_Mutant_Replace_sx_P0_Q0_[].qasm,PureState_6,0.659936189522832,0.0,0.0015556523187597,0.9446759150222264,0.0015556520050026,0.8131663479200447,1.1102230246251563e-16,0.9918463915215836,0.4999999999999996,0.0040768042830871,0.0,0.5048828125,False,True,False,True,False,True,False,True,True,True,False,False
wstate_4_Mutant_Replace_sx_P0_Q0_[].qasm,Quratest_6,8.331241933884901e-154,0.0,0.0864954085702938,0.4895587268238199,0.0862497519431556,0.4596275249816821,0.0868656854587726,0.537803179647162,0.8712001587338316,0.2402244417662522,0.0048828125,0.19677734375,True,True,False,False,False,False,True,False,True,False,True,False
wstate_4_Mutant_Replace_sx_P0_Q0_[].qasm,PureState_7,0.3370381685249939,0.0,0.0033941443195979,0.947883946682648,0.0033941410609688,0.8148678350185343,1.1102230246251563e-16,0.9918463915215836,0.4999999999999996,0.0040768042840344,0.0,0.5048828125,False,True,False,True,False,True,False,True,True,True,False,False
wstate_4_Mutant_Replace_sx_P0_Q0_[].qasm,Quratest_7,0.0,0.0,0.3301420662955464,0.7565647154109918,0.3161292378683297,0.6849756973255312,0.2794146192043134,0.8305173199553233,0.484223580730713,0.0222710748409636,0.01806640625,0.0078125,True,True,True,False,True,False,True,True,True,True,True,False
wstate_4_Mutant_Replace_sx_P0_Q0_[].qasm,PureState_8,0.0,0.0,0.3057925320306204,0.9427776272591872,0.2616787035156347,0.8120906533334658,0.1666666666666667,0.9889920940320932,0.5000000000000007,0.00369136746221,0.0,0.5048828125,True,True,True,True,True,True,True,True,True,True,False,False
wstate_4_Mutant_Replace_sx_P0_Q0_[].qasm,Quratest_8,0.0,0.0,0.3415152668512529,0.726898285835276,0.334685699894825,0.6328575687411262,0.4014593037367375,0.7741823880926465,0.6684304781697336,0.0503237060305077,0.0,1.4951171875,True,True,True,False,True,False,True,False,True,True,False,True
wstate_4_Mutant_Replace_sx_P0_Q0_[].qasm,PureState_9,0.0,0.0,0.3854414469724951,0.8835614324452323,0.3302537513766859,0.7477732299901727,0.25,0.8670268456779651,0.5000000000000001,0.0167347573005381,0.0,1.4951171875,True,True,True,True,True,False,True,True,True,True,False,True
wstate_4_Mutant_Replace_sx_P0_Q0_[].qasm,Quratest_9,0.0,0.0,0.2535933085537558,0.8972378469844449,0.2247930172304374,0.7628821646957266,0.122763177810125,0.8905393753439235,0.5336576571121573,0.0072467805447184,0.00341796875,0.865234375,True,True,True,True,True,False,True,True,True,True,True,True
wstate_4_Mutant_Replace_sx_P0_Q0_[].qasm,PureState_10,0.0,0.0,0.4364563312841613,0.9452517655382188,0.3744779978489375,0.811874974114553,0.3333333333333333,0.9889920940320932,0.5000000000000002,0.0032397343569787,0.0,0.5048828125,True,True,True,True,True,True,True,True,True,True,False,False
wstate_4_Mutant_Replace_sx_P0_Q0_[].qasm,Quratest_10,0.0,0.0,0.2240100651226097,0.721408081083981,0.2227831942902733,0.6593695385373979,0.2792223333907002,0.8356710184279924,0.7635173951935829,0.0602400225601974,0.005859375,1.1552734375,True,True,True,False,True,False,True,True,True,True,True,True
wstate_4_Mutant_Replace_sx_P0_Q0_[].qasm,PureState_11,0.0,0.0,0.4387440931050802,0.9647276956622054,0.375947584975222,0.8171197306829565,0.3333333333333333,0.9918262157713114,0.5000000000000001,0.0013698580611696,0.0,0.5048828125,True,True,True,True,True,True,True,True,True,True,False,False
wstate_4_Mutant_Replace_sx_P0_Q0_[].qasm,Quratest_11,0.0,0.0,0.1727727244883776,0.721178421873023,0.1716446695550882,0.6589623140590972,0.2075197866562233,0.8228964747751388,0.4416207460875055,0.0558482451097362,0.00048828125,0.10986328125,True,True,True,False,True,False,True,True,True,True,True,False
wstate_4_Mutant_Replace_sx_P0_Q0_[].qasm,PureState_12,0.0,0.0,0.4932079896838752,0.7634069589807753,0.4233058890367145,0.6676012488101145,0.4166666666666666,0.77789060240103,0.4999999999999993,0.0491198664146757,0.0,1.4951171875,True,True,True,False,True,False,True,False,True,True,False,True
wstate_4_Mutant_Replace_sx_P0_Q0_[].qasm,Quratest_12,7.080431334840821e-57,0.0,0.0581045985249861,0.7533504355696885,0.0580279761245106,0.678937463162039,0.0467196624111726,0.8103039380271533,0.9721684162209154,0.0288455730089824,0.00244140625,1.1611328125,True,True,False,False,False,False,True,True,True,True,True,True
wstate_4_Mutant_Replace_sx_P0_Q0_[].qasm,PureState_13,0.0,0.0,0.2130325270904974,0.931038883176791,0.182167372729113,0.7861386648043096,0.0833333333333334,0.9158365832211252,0.4999999999999996,0.0057176695086909,0.0,1.4951171875,True,True,True,True,True,False,True,True,True,True,False,True
wstate_4_Mutant_Replace_sx_P0_Q0_[].qasm,Quratest_13,0.0,0.0,0.4491804088577368,0.6866125654977977,0.4359607834423513,0.6434006830023591,0.5574414288211738,0.8275416716729082,0.5469589860613621,0.0622392919776426,0.017578125,0.7275390625,True,True,True,False,True,False,True,True,True,True,True,False
wstate_4_Mutant_Replace_sx_P0_Q0_[].qasm,PureState_14,0.0,0.0,0.2162202515583404,0.8830249176605109,0.1847688142072288,0.746153218063991,0.0833333333333334,0.8699048278701292,0.5000000000000002,0.0133084535332246,0.0,1.4951171875,True,True,True,True,True,False,True,True,True,True,False,True
wstate_4_Mutant_Replace_sx_P0_Q0_[].qasm,Quratest_14,0.0,0.0,0.1548448451145552,0.7500001577813066,0.1539209088559578,0.6822024865299189,0.1686630963216286,0.8257384456520617,0.4302364113840167,0.045742363591112,0.00048828125,1.44775390625,True,True,True,False,True,False,True,True,True,True,True,True
wstate_4_Mutant_Replace_sx_P0_Q0_[].qasm,PureState_15,0.0,0.0,0.3767855050964668,0.799875083853585,0.3228108236203036,0.6907947738135697,0.25,0.8210950903269688,0.5000000000000002,0.039448494620168,0.0,1.4951171875,True,True,True,False,True,False,True,True,True,True,False,True
wstate_4_Mutant_Replace_sx_P0_Q0_[].qasm,Quratest_15,2.70555156266695e-302,0.0,0.1569110820531234,0.6656696659306199,0.1548606621246107,0.6132594938372731,0.1578968552590572,0.7656143247420603,0.4352503787939617,0.1034666022830695,0.0,0.61474609375,True,True,True,False,True,False,True,False,True,True,False,False
wstate_4_Mutant_Add_t_P0_Q0_[].qasm,PureState_0,0.3960668661685141,0.0,0.0048006513732278,0.9550944020014888,0.0048006376929503,0.8146357946289156,4.718447854656915e-16,0.991826215771312,0.9999999999999988,0.0027271219417384,0.0,0.5048828125,False,True,False,True,False,True,False,True,False,True,False,False
wstate_4_Mutant_Add_t_P0_Q0_[].qasm,Quratest_0,0.0,0.0,0.3060349875909978,0.8053189355107477,0.2929632325968645,0.7080793370398191,0.2290336802943047,0.8568588938591064,0.3594602901178028,0.0190346526033313,0.0,1.2626953125,True,True,True,True,True,False,True,True,True,True,False,True
wstate_4_Mutant_Add_t_P0_Q0_[].qasm,PureState_1,,0.0,0.0,0.3911589355819601,0.0,0.331089519925399,0.0,0.2502986054058757,1.0,0.7497013945941189,0.0,0.5048828125,False,True,False,False,False,False,False,False,False,False,False,False
wstate_4_Mutant_Add_t_P0_Q0_[].qasm,Quratest_1,2.4376911643059094e-10,0.0,0.0276729020970963,0.7484395684410556,0.0276706216497412,0.6544508993120812,0.0319267405615024,0.8043381349645187,0.1446599437471267,0.0566692325593528,0.0,1.4951171875,True,True,False,False,False,False,True,True,True,True,False,True
wstate_4_Mutant_Add_t_P0_Q0_[].qasm,PureState_2,0.2836280538936787,0.0,0.0069052504345542,0.8451533099547144,0.0069051966499124,0.7231258891180289,3.05311331771918e-16,0.867202964536966,0.9999999999999988,0.0332625490005403,0.0,1.4951171875,True,True,False,True,False,False,False,True,False,True,False,True
wstate_4_Mutant_Add_t_P0_Q0_[].qasm,Quratest_2,3.254918504224777e-13,0.0,0.0336463059170083,0.7744587233169077,0.0336367320198489,0.6928059358195371,0.0289307191501556,0.8076083332244229,0.1315533311080468,0.018044614097357,0.0,0.33984375,True,True,False,False,False,False,True,True,True,True,False,False
wstate_4_Mutant_Add_t_P0_Q0_[].qasm,PureState_3,,0.0,0.0,0.9636315248654804,0.0,0.8228793815019311,3.3306690738754696e-16,0.9947006966954935,0.9999999999999992,0.0052993033045007,0.0,0.5048828125,False,True,False,True,False,True,False,True,False,True,False,False
wstate_4_Mutant_Add_t_P0_Q0_[].qasm,Quratest_3,0.0,0.0,0.4767278984743906,0.8880917076874941,0.4603116668029218,0.7620132002813667,0.5400314590300946,0.8900851439654107,0.2656214536800464,0.0051763195687198,0.0,1.06005859375,True,True,True,True,True,False,True,True,True,True,False,True
wstate_4_Mutant_Add_t_P0_Q0_[].qasm,PureState_4,0.4506424044354825,0.0,0.0057902496829444,0.9064005037382504,0.0057901296261614,0.7651259866492522,3.469446951953614e-16,0.8697541131066909,0.9999999999999988,0.011262076095864,0.0,1.4951171875,False,True,False,True,False,False,False,True,False,True,False,True
wstate_4_Mutant_Add_t_P0_Q0_[].qasm,Quratest_4,0.0007349520006956,0.0,0.0216222537022504,0.586496156015349,0.0216116573800453,0.5529996652328639,0.0176116411202392,0.712087608064956,0.907100147449474,0.1570280779608146,0.0,0.1806640625,True,True,False,False,False,False,True,False,True,True,False,False
wstate_4_Mutant_Add_t_P0_Q0_[].qasm,PureState_5,0.5890481394884057,0.0,0.0048849941688483,0.7116463624900576,0.0048849741662289,0.6209675039581604,0.0,0.7753394538313049,0.9999999999999992,0.0569637500057001,0.0,1.4951171875,False,True,False,False,False,False,False,False,False,True,False,True
wstate_4_Mutant_Add_t_P0_Q0_[].qasm,Quratest_5,0.0,0.0,0.1776042446171735,0.7844769683885717,0.1686362546691208,0.6773343063895337,0.0810925769215194,0.7913489577602603,0.0473819710697797,0.0312801497711392,0.0,1.3369140625,True,True,True,False,True,False,True,False,True,True,False,True
wstate_4_Mutant_Add_t_P0_Q0_[].qasm,PureState_6,0.3270847254610848,0.0,0.0034648444547048,0.944369566501286,0.0034648409882692,0.8128614570820297,3.05311331771918e-16,0.9918463915215844,1.0,0.0040768042830871,0.0,0.5048828125,False,True,False,True,False,True,False,True,False,True,False,False
wstate_4_Mutant_Add_t_P0_Q0_[].qasm,Quratest_6,0.0,0.0,0.3699504541174469,0.4874477468406944,0.3578221482773323,0.4578522030347194,0.3049607306749606,0.537803179647162,0.4473026351351247,0.2402244417662521,0.0,0.19677734375,True,True,True,False,True,False,True,False,True,False,False,False
wstate_4_Mutant_Add_t_P0_Q0_[].qasm,PureState_7,0.1009931366707413,0.0,0.005798324457646,0.9490760003086696,0.0057983082121537,0.8157054482789342,0.0,0.9918463915215844,1.0,0.0040768042840344,0.0,0.5048828125,True,True,False,True,False,True,False,True,False,True,False,False
wstate_4_Mutant_Add_t_P0_Q0_[].qasm,Quratest_7,0.0,0.0,0.3777847892940104,0.7601185088498278,0.3675456386866807,0.6883371899267337,0.3728892409201721,0.8305173199553233,5.636171254725285e-06,0.0222710748409636,0.0,0.0078125,True,True,True,False,True,False,True,True,True,True,False,False
wstate_4_Mutant_Add_t_P0_Q0_[].qasm,PureState_8,0.5152110101395053,0.0,0.0040780754131706,0.941119843511408,0.0040780669691034,0.8110092386927655,0.0,0.988992094032094,1.0000000000000004,0.00369136746221,0.0,0.5048828125,False,True,False,True,False,True,False,True,False,True,False,False
wstate_4_Mutant_Add_t_P0_Q0_[].qasm,Quratest_8,3.216592703517894e-109,0.0,0.0790451574954957,0.7243290618596525,0.078935535410452,0.6307886222483278,0.070555982807752,0.7741823880926468,0.5931648535492781,0.0503237060305077,0.0,1.4951171875,True,True,False,False,False,False,True,False,True,True,False,True
wstate_4_Mutant_Add_t_P0_Q0_[].qasm,PureState_9,0.4117311206939797,0.0,0.0070653772686966,0.8847372967818233,0.0070653079853779,0.7478230261595687,2.3592239273284576e-16,0.8670268456779653,0.9999999999999992,0.0167347573005381,0.0,1.4951171875,False,True,False,True,False,False,False,True,False,True,False,True
wstate_4_Mutant_Add_t_P0_Q0_[].qasm,Quratest_9,2.7370323028096278e-56,0.0,0.0594751410597042,0.8948693022471315,0.0594147586145926,0.7626725071909777,0.0665717294991558,0.8905393753439235,0.9922868655548046,0.0072467805447184,0.0,0.865234375,True,True,False,True,False,False,True,True,True,True,False,True
wstate_4_Mutant_Add_t_P0_Q0_[].qasm,PureState_10,0.5537733199818062,0.0,0.003846311215877,0.9463960053224428,0.0038462970240023,0.8127343709911093,0.0,0.9889920940320938,1.0,0.0032397343569787,0.0,0.5048828125,False,True,False,True,False,True,False,True,False,True,False,False
wstate_4_Mutant_Add_t_P0_Q0_[].qasm,Quratest_10,0.0,0.0,0.3367983391760569,0.7200747047132234,0.3163241029690743,0.6578474790744642,0.1849159168597603,0.8356710184279924,0.1060941155227216,0.0602400225601974,0.0,1.1552734375,True,True,True,False,True,False,True,True,True,True,False,True
wstate_4_Mutant_Add_t_P0_Q0_[].qasm,PureState_11,0.3613361430178269,0.0,0.0050272215686367,0.9661458991370208,0.0050271979109272,0.8183532789020428,3.05311331771918e-16,0.991826215771312,1.0000000000000004,0.0013698580611696,0.0,0.5048828125,False,True,False,True,False,True,False,True,False,True,False,False
wstate_4_Mutant_Add_t_P0_Q0_[].qasm,Quratest_11,0.0004638003055311,0.0,0.0223507637846478,0.7181056241681073,0.0223490230314065,0.659719167136499,0.012176275881902,0.8228964747751392,0.1446894546560779,0.0558482451097362,0.0,0.10986328125,True,True,False,False,False,False,True,True,True,True,False,False
wstate_4_Mutant_Add_t_P0_Q0_[].qasm,PureState_12,0.7203999036877504,0.0,0.0041019069634967,0.7647462914262451,0.0041018927931535,0.6685597349230675,0.0,0.7778906024010297,0.9999999999999988,0.0491198664146758,0.0,1.4951171875,False,True,False,False,False,False,False,False,False,True,False,True
wstate_4_Mutant_Add_t_P0_Q0_[].qasm,Quratest_12,0.0,0.0,0.4722402070428031,0.750123652321297,0.4548545317613827,0.6751748706351315,0.4726133085465607,0.8103039380271535,0.3068283404637582,0.0288455730089823,0.0,1.1611328125,True,True,True,False,True,False,True,True,True,True,False,True
wstate_4_Mutant_Add_t_P0_Q0_[].qasm,PureState_13,0.0110761198054944,0.0,0.0126315287751409,0.9298592160727162,0.012631057828555,0.785447747545078,4.40619762898109e-16,0.9158365832211256,0.9999999999999988,0.0057176695086909,0.0,1.4951171875,True,True,False,True,False,False,False,True,False,True,False,True
wstate_4_Mutant_Add_t_P0_Q0_[].qasm,Quratest_13,5.897838728095773e-05,0.0,0.0228529480672419,0.6856533151895422,0.0228305309436216,0.6439491803025652,0.0065282804562854,0.8275416716729082,0.7080608320247274,0.0622392919776426,0.0,0.7275390625,True,True,False,False,False,False,True,True,True,True,False,False
wstate_4_Mutant_Add_t_P0_Q0_[].qasm,PureState_14,0.2069343240218425,0.0,0.0085641575226414,0.8817040452612768,0.0085639614608091,0.7454271889050271,0.0,0.8699048278701289,1.0,0.0133084535332246,0.0,1.4951171875,True,True,False,True,False,False,False,True,False,True,False,True
wstate_4_Mutant_Add_t_P0_Q0_[].qasm,Quratest_14,1.0968350178259237e-63,0.0,0.0546571657640157,0.7520293951361974,0.053166522097858,0.6830060383356013,0.0152279035719509,0.8257384456520617,0.1681776252680305,0.045742363591112,0.0,1.44775390625,True,True,False,False,False,False,True,True,True,True,False,True
wstate_4_Mutant_Add_t_P0_Q0_[].qasm,PureState_15,0.0799489757523869,0.0,0.0102367119673868,0.8016664267407146,0.0102365661419249,0.6929539037798227,0.0,0.8210950903269688,1.0,0.039448494620168,0.0,1.4951171875,True,True,False,True,False,False,False,True,False,True,False,True
wstate_4_Mutant_Add_t_P0_Q0_[].qasm,Quratest_15,2.6449696024686993e-213,0.0,0.1098993959024761,0.6711773253788818,0.1095570145734046,0.6141532119442793,0.0848950370624531,0.7656143247420599,0.0061530526822763,0.1034666022830694,0.0,0.61474609375,True,True,False,False,False,False,True,False,True,True,False,False
wstate_4_Mutant_Replace_t_P0_Q0_[].qasm,PureState_0,0.0,0.0,0.2741303006479023,0.9579786636293746,0.2574274939207647,0.816404990703466,0.2845177968644246,0.9918262157713114,0.8535533905932735,0.0027271219417384,0.0,0.5048828125,True,True,True,True,True,True,True,True,True,True,False,False
wstate_4_Mutant_Replace_t_P0_Q0_[].qasm,Quratest_0,0.0,0.0,0.1505760251103164,0.8028647031694416,0.1496267606842244,0.7069007252084895,0.1541069253855341,0.8568588938591067,0.841459754171028,0.0190346526033313,0.00341796875,1.2626953125,True,True,True,True,True,False,True,True,True,True,True,True
wstate_4_Mutant_Replace_t_P0_Q0_[].qasm,PureState_1,0.0,0.0,0.2753628369171087,0.3985101833171598,0.2311672365223368,0.3375163069658641,0.1464466094067262,0.2502986054058758,0.8535533905932737,0.7497013945941178,0.0,0.5048828125,True,True,True,False,True,False,True,False,True,False,False,False
wstate_4_Mutant_Replace_t_P0_Q0_[].qasm,Quratest_1,0.0,0.0,0.0803582601576281,0.749411980972986,0.0796452447361274,0.6544932148346909,0.1039907729355947,0.8043381349645187,0.9360007102855872,0.0566692325593528,0.0,1.4951171875,True,True,False,False,False,False,True,True,True,True,False,True
wstate_4_Mutant_Replace_t_P0_Q0_[].qasm,PureState_2,0.0,0.0,0.2744738238639829,0.847760294573554,0.2522141048202057,0.7239641962863964,0.2499999999999998,0.867202964536966,0.853553390593274,0.0332625490005403,0.0,1.4951171875,True,True,True,True,True,False,True,True,True,True,False,True
wstate_4_Mutant_Replace_t_P0_Q0_[].qasm,Quratest_2,6.30012119179755e-146,0.0,0.1023078449096955,0.7709592976189373,0.1019343836923809,0.6904837668952417,0.1191834763567251,0.8076083332244227,0.9326007811185556,0.018044614097357,0.0009765625,0.33984375,True,True,False,False,False,False,True,True,True,True,True,False
wstate_4_Mutant_Replace_t_P0_Q0_[].qasm,PureState_3,0.0,0.0,0.2836104465533455,0.9622047677750528,0.2382098971313225,0.822241668928899,0.1464466094067263,0.9947006966954932,0.8535533905932725,0.0052993033045007,0.0,0.5048828125,True,True,True,True,True,True,True,True,True,True,False,False
wstate_4_Mutant_Replace_t_P0_Q0_[].qasm,Quratest_3,0.0,0.0,0.261825758911057,0.8892394050583047,0.2584829881938641,0.7629201176729895,0.3162204757804843,0.8900851439654105,0.7604748858279364,0.0051763195687198,0.00341796875,1.06005859375,True,True,True,True,True,False,True,True,True,True,True,True
wstate_4_Mutant_Replace_t_P0_Q0_[].qasm,PureState_4,0.0,0.0,0.2811478519477414,0.9070432430954032,0.2443288960879879,0.7646471685294728,0.1809644062711509,0.8697541131066912,0.8535533905932733,0.011262076095864,0.0,1.4951171875,True,True,True,True,True,False,True,True,True,True,False,True
wstate_4_Mutant_Replace_t_P0_Q0_[].qasm,Quratest_4,7.74336174110747e-253,0.0,0.1120781317902838,0.5925915678466668,0.1113439769943759,0.5582920485730833,0.0989947923517853,0.712087608064956,0.912823102911252,0.1570280779608145,0.01171875,0.1806640625,True,True,False,False,False,False,True,False,True,True,True,False
wstate_4_Mutant_Replace_t_P0_Q0_[].qasm,PureState_5,0.0,0.0,0.2716455446542368,0.7124718813857952,0.2496575392733236,0.6217280173088302,0.2499999999999998,0.775339453831305,0.8535533905932744,0.0569637500057,0.0,1.4951171875,True,True,True,False,True,False,True,False,True,True,False,True
wstate_4_Mutant_Replace_t_P0_Q0_[].qasm,Quratest_5,0.0,0.0,0.1341827996419595,0.7888862669124644,0.1334435276853526,0.6821983560410443,0.1653137342753849,0.7913489577602603,0.920870685750596,0.0312801497711392,0.00830078125,1.3369140625,True,True,False,False,True,False,True,False,True,True,True,True
wstate_4_Mutant_Replace_t_P0_Q0_[].qasm,PureState_6,0.0,0.0,0.2810194447770231,0.9501419060425004,0.2777698735230505,0.8162733865082681,0.3535533905932738,0.9918463915215836,0.853553390593273,0.0040768042830871,0.0,0.5048828125,True,True,True,True,True,True,True,True,True,True,False,False
wstate_4_Mutant_Replace_t_P0_Q0_[].qasm,Quratest_6,0.0,0.0,0.2189389886772604,0.4814385601330849,0.2160672501310661,0.4546346108709497,0.225088280041963,0.5378031796471614,0.7448313812776577,0.240224441766252,0.00439453125,0.19677734375,True,True,True,False,True,False,True,False,True,False,True,False
wstate_4_Mutant_Replace_t_P0_Q0_[].qasm,PureState_7,0.0,0.0,0.2745066515509394,0.947443035908647,0.2714723182309138,0.8146063807668833,0.3535533905932738,0.9918463915215836,0.8535533905932731,0.0040768042840344,0.0,0.5048828125,True,True,True,True,True,True,True,True,True,True,False,False
wstate_4_Mutant_Replace_t_P0_Q0_[].qasm,Quratest_7,0.0,0.0,0.2184070863109414,0.7587355769150423,0.2137594859762662,0.6869633594154451,0.1893189670092497,0.8305173199553233,0.7411643433445577,0.0222710748409636,0.0048828125,0.0078125,True,True,True,False,True,False,True,True,True,True,True,False
wstate_4_Mutant_Replace_t_P0_Q0_[].qasm,PureState_8,0.0,0.0,0.273739181687671,0.934896904054453,0.25755352153029,0.807415329381041,0.2845177968644247,0.9889920940320936,0.853553390593273,0.00369136746221,0.0,0.5048828125,True,True,True,True,True,True,True,True,True,True,False,False
wstate_4_Mutant_Replace_t_P0_Q0_[].qasm,Quratest_8,0.0,0.0,0.2787643945404846,0.7234830159553227,0.2743752790939398,0.6294533429678161,0.3185644850323882,0.7741823880926465,0.7294291389111296,0.0503237060305077,0.0,1.4951171875,True,True,True,False,True,False,True,False,True,True,False,True
wstate_4_Mutant_Replace_t_P0_Q0_[].qasm,PureState_9,0.0,0.0,0.2757678427120434,0.8893896135603696,0.2528760163610958,0.7497617308135116,0.2500000000000001,0.8670268456779652,0.8535533905932737,0.0167347573005381,0.0,1.4951171875,True,True,True,True,True,False,True,True,True,True,False,True
wstate_4_Mutant_Replace_t_P0_Q0_[].qasm,Quratest_9,0.0,0.0,0.2732451059192338,0.8927477203215693,0.2663753948888223,0.7602869444156078,0.3135926905324461,0.8905393753439235,0.8436952910639727,0.0072467805447184,0.0126953125,0.865234375,True,True,True,True,True,False,True,True,True,True,True,True
wstate_4_Mutant_Replace_t_P0_Q0_[].qasm,PureState_10,0.0,0.0,0.275699386347584,0.9409949081278868,0.2452728925894648,0.8092785517793731,0.2154822031355753,0.9889920940320936,0.8535533905932735,0.0032397343569787,0.0,0.5048828125,True,True,True,True,True,True,True,True,True,True,False,False
wstate_4_Mutant_Replace_t_P0_Q0_[].qasm,Quratest_10,0.0,0.0,0.1484617829634923,0.7197054392312695,0.1471327009171514,0.6579097838296591,0.1833641577102964,0.8356710184279924,0.8627060432360623,0.0602400225601973,0.001953125,1.1552734375,True,True,True,False,True,False,True,True,True,True,True,True
wstate_4_Mutant_Replace_t_P0_Q0_[].qasm,PureState_11,0.0,0.0,0.2780364546010026,0.9704751490949656,0.2477779661789502,0.8187497194043876,0.2154822031355754,0.9918262157713114,0.8535533905932744,0.0013698580611696,0.0,0.5048828125,True,True,True,True,True,True,True,True,True,True,False,False
wstate_4_Mutant_Replace_t_P0_Q0_[].qasm,Quratest_11,2.374035990679527e-242,0.0,0.1366094669485615,0.7180750471598967,0.1357987217216655,0.6593399079375503,0.1540860129816023,0.8228964747751395,0.9360430299409462,0.0558482451097362,0.00146484375,0.10986328125,True,True,True,False,True,False,True,True,True,True,True,False
wstate_4_Mutant_Replace_t_P0_Q0_[].qasm,PureState_12,0.0,0.0,0.2750138957577356,0.7600825093529284,0.2384790114858201,0.6648175317048004,0.1809644062711508,0.77789060240103,0.8535533905932737,0.0491198664146757,0.0,1.4951171875,True,True,True,False,True,False,True,False,True,True,False,True
wstate_4_Mutant_Replace_t_P0_Q0_[].qasm,Quratest_12,0.0,0.0,0.2939080159055734,0.7570618809224755,0.2882758576017525,0.6793536316934002,0.298253906117943,0.8103039380271533,0.7291926556717782,0.0288455730089824,0.00439453125,1.1611328125,True,True,True,False,True,False,True,True,True,True,True,True
wstate_4_Mutant_Replace_t_P0_Q0_[].qasm,PureState_13,0.0,0.0,0.2760390943774697,0.9283698144952188,0.2665843100692905,0.7846781065541393,0.3190355937288491,0.9158365832211256,0.8535533905932723,0.0057176695086909,0.0,1.4951171875,True,True,True,True,True,False,True,True,True,True,False,True
wstate_4_Mutant_Replace_t_P0_Q0_[].qasm,Quratest_13,0.0,0.0,0.2676787770137771,0.6916269018759966,0.2619795499101608,0.6473384919370535,0.2926353383141861,0.8275416716729082,0.7413301848879479,0.0622392919776426,0.00634765625,0.7275390625,True,True,True,False,True,False,True,True,True,True,True,False
wstate_4_Mutant_Replace_t_P0_Q0_[].qasm,PureState_14,0.0,0.0,0.2759980983024719,0.8770628165404666,0.2665624453761374,0.7438373657958355,0.3190355937288492,0.869904827870129,0.8535533905932731,0.0133084535332245,0.0,1.4951171875,True,True,True,True,True,False,True,True,True,True,False,True
wstate_4_Mutant_Replace_t_P0_Q0_[].qasm,Quratest_14,0.0,0.0,0.1709872963723026,0.7502027851780094,0.16927683791116,0.680662118016558,0.1817171191491587,0.8257384456520617,0.928629531676926,0.045742363591112,0.0,1.44775390625,True,True,True,False,True,False,True,True,True,True,False,True
wstate_4_Mutant_Replace_t_P0_Q0_[].qasm,PureState_15,0.0,0.0,0.2844860186417439,0.7951025555375969,0.2617695614749713,0.6884230774993749,0.2500000000000001,0.8210950903269687,0.8535533905932731,0.0394484946201678,0.0,1.4951171875,True,True,True,False,True,False,True,True,True,True,False,True
wstate_4_Mutant_Replace_t_P0_Q0_[].qasm,Quratest_15,0.0,0.0,0.1065346461765906,0.6670763838353485,0.1062698894423537,0.6130072273907698,0.1297036334459003,0.7656143247420598,0.7294558219164626,0.1034666022830694,0.0078125,0.61474609375,True,True,False,False,False,False,True,False,True,True,True,False
wstate_4_Mutant_Replace_z_P0_Q0_[].qasm,PureState_0,0.0,0.0,0.2641333557843635,0.9522215636593896,0.2490500722201613,0.814596456518744,0.2845177968644247,0.9918262157713114,0.8535533905932737,0.0027271219417384,0.0,0.5048828125,True,True,True,True,True,True,True,True,True,True,False,False
wstate_4_Mutant_Replace_z_P0_Q0_[].qasm,Quratest_0,0.0,0.0,0.2475112250988209,0.8062418461131768,0.2417192250064025,0.7082862007903076,0.2618797794565423,0.8568588938591064,0.5230709399491348,0.0190346526033313,0.01318359375,1.2626953125,True,True,True,True,True,False,True,True,True,True,True,True
wstate_4_Mutant_Replace_z_P0_Q0_[].qasm,PureState_1,0.0,0.0,0.2751663019155096,0.3909325193095097,0.2309995387777158,0.3308917473705089,0.1464466094067262,0.2502986054058758,0.8535533905932737,0.7497013945941178,0.0,0.5048828125,True,True,True,False,True,False,True,False,True,False,False,False
wstate_4_Mutant_Replace_z_P0_Q0_[].qasm,Quratest_1,1.2794935482857294e-221,0.0,0.1155193614479988,0.7462378680558758,0.1153633796801209,0.6523629057132821,0.1504002821032185,0.8043381349645189,0.1132913083923258,0.0566692325593528,0.00048828125,1.4951171875,True,True,False,False,False,False,True,True,True,True,True,True
wstate_4_Mutant_Replace_z_P0_Q0_[].qasm,PureState_2,0.0,0.0,0.2732317639115704,0.8476597260963605,0.2504762446758,0.7239039812358946,0.2499999999999998,0.867202964536966,0.853553390593274,0.0332625490005403,0.0,1.4951171875,True,True,True,True,True,False,True,True,True,True,False,True
wstate_4_Mutant_Replace_z_P0_Q0_[].qasm,Quratest_2,2.4309932978806812e-191,0.0,0.1092945848223822,0.7686855590649218,0.1091570578812781,0.6898785090981575,0.1371154931038627,0.8076083332244227,0.1025130647648442,0.018044614097357,0.0048828125,0.33984375,True,True,False,False,False,False,True,True,True,True,True,False
wstate_4_Mutant_Replace_z_P0_Q0_[].qasm,PureState_3,0.0,0.0,0.2727986461122736,0.9601549371017852,0.2289797339090493,0.821300507773342,0.1464466094067262,0.9947006966954932,0.8535533905932733,0.0052993033045007,0.0,0.5048828125,True,True,True,True,True,True,True,True,True,True,False,False
wstate_4_Mutant_Replace_z_P0_Q0_[].qasm,Quratest_3,0.0,0.0,0.5986602665833155,0.8914783376673101,0.5609798415147929,0.763930704247326,0.666205582937754,0.8900851439654103,0.1081409108791709,0.0051763195687198,0.00341796875,1.06005859375,True,True,True,True,True,False,True,True,True,True,True,True
wstate_4_Mutant_Replace_z_P0_Q0_[].qasm,PureState_4,0.0,0.0,0.2770049134036463,0.9076570912878336,0.2403850735622392,0.7638861074321714,0.1809644062711508,0.8697541131066912,0.8535533905932727,0.011262076095864,0.0,1.4951171875,True,True,True,True,True,False,True,True,True,True,False,True
wstate_4_Mutant_Replace_z_P0_Q0_[].qasm,Quratest_4,0.0,0.0,0.2322225145010145,0.5890193717563624,0.2261943764876329,0.5542183387821842,0.2202112137407274,0.712087608064956,0.7220404399485213,0.1570280779608146,0.00634765625,0.1806640625,True,True,True,False,True,False,True,False,True,True,True,False
wstate_4_Mutant_Replace_z_P0_Q0_[].qasm,PureState_5,0.0,0.0,0.2745054498335684,0.7155019058272845,0.2523497881641889,0.6245165703977721,0.2499999999999998,0.775339453831305,0.8535533905932744,0.0569637500057,0.0,1.4951171875,True,True,True,False,True,False,True,False,True,True,False,True
wstate_4_Mutant_Replace_z_P0_Q0_[].qasm,Quratest_5,0.0,0.0,0.1448671314625512,0.786740112998085,0.139995842015138,0.6782650818701098,0.0962402312236126,0.7913489577602603,0.0938562688118467,0.0312801497711392,0.0009765625,1.3369140625,True,True,True,False,True,False,True,False,True,True,True,True
wstate_4_Mutant_Replace_z_P0_Q0_[].qasm,PureState_6,0.0,0.0,0.2735548369972839,0.9483770506300055,0.2706346963732435,0.8149796172029892,0.3535533905932738,0.9918463915215836,0.8535533905932737,0.0040768042830871,0.0,0.5048828125,True,True,True,True,True,True,True,True,True,True,False,False
wstate_4_Mutant_Replace_z_P0_Q0_[].qasm,Quratest_6,0.0,0.0,0.5502579683065288,0.486081233809721,0.4988160284004757,0.4571600259865805,0.5700884695092432,0.5378031796471618,0.1111530731256113,0.2402244417662521,0.0048828125,0.19677734375,True,True,True,False,True,False,True,False,True,False,True,False
wstate_4_Mutant_Replace_z_P0_Q0_[].qasm,PureState_7,0.0,0.0,0.274014331683543,0.9456502348932349,0.2710015263943244,0.8138668702427829,0.3535533905932738,0.9918463915215836,0.8535533905932731,0.0040768042840344,0.0,0.5048828125,True,True,True,True,True,True,True,True,True,True,False,False
wstate_4_Mutant_Replace_z_P0_Q0_[].qasm,Quratest_7,0.0,0.0,0.2594169556639471,0.7528764499099201,0.2551400119930703,0.6817596385567102,0.2689771156747091,0.8305173199553234,0.0111518979744708,0.0222710748409635,0.00439453125,0.0078125,True,True,True,False,True,False,True,True,True,True,True,False
wstate_4_Mutant_Replace_z_P0_Q0_[].qasm,PureState_8,0.0,0.0,0.2781732808391969,0.9376567383803164,0.2620496225471484,0.8090809517205625,0.2845177968644247,0.9889920940320936,0.853553390593273,0.00369136746221,0.0,0.5048828125,True,True,True,True,True,True,True,True,True,True,False,False
wstate_4_Mutant_Replace_z_P0_Q0_[].qasm,Quratest_8,0.0,0.0,0.2395801339923248,0.7204463764372967,0.2371086289579115,0.6263631467921447,0.2742302221425069,0.7741823880926463,0.4130130274594131,0.0503237060305076,0.0,1.4951171875,True,True,True,False,True,False,True,False,True,True,False,True
wstate_4_Mutant_Replace_z_P0_Q0_[].qasm,PureState_9,0.0,0.0,0.2706720313572109,0.8885018428148954,0.2489746709751085,0.751322476839962,0.2500000000000001,0.8670268456779652,0.8535533905932735,0.0167347573005381,0.0,1.4951171875,True,True,True,True,True,False,True,True,True,True,False,True
wstate_4_Mutant_Replace_z_P0_Q0_[].qasm,Quratest_9,0.0,0.0,0.32974112022867,0.8917494648226513,0.3186015124007615,0.7598133582717872,0.3665994365755104,0.8905393753439237,0.7862380763689584,0.0072467805447184,0.013671875,0.865234375,True,True,True,True,True,False,True,True,True,True,True,True
wstate_4_Mutant_Replace_z_P0_Q0_[].qasm,PureState_10,0.0,0.0,0.2692034794957957,0.9452725810802614,0.2395650981176296,0.8126216431247781,0.2154822031355753,0.9889920940320936,0.8535533905932735,0.0032397343569787,0.0,0.5048828125,True,True,True,True,True,True,True,True,True,True,False,False
wstate_4_Mutant_Replace_z_P0_Q0_[].qasm,Quratest_10,0.0,0.0,0.3149158856172686,0.7225120067986989,0.3059611427666271,0.6591303546852182,0.3417022055512901,0.8356710184279924,0.4066374873767578,0.0602400225601974,0.01123046875,1.1552734375,True,True,True,False,True,False,True,True,True,True,True,True
wstate_4_Mutant_Replace_z_P0_Q0_[].qasm,PureState_11,0.0,0.0,0.2808812157874114,0.9680757354532672,0.250474391932668,0.8196471208875502,0.2154822031355753,0.9918262157713114,0.8535533905932745,0.0013698580611696,0.0,0.5048828125,True,True,True,True,True,True,True,True,True,True,False,False
wstate_4_Mutant_Replace_z_P0_Q0_[].qasm,Quratest_11,1.838017014276542e-83,0.0,0.0747669230929139,0.7240231471126165,0.0746781734138773,0.6614460508013962,0.1002671815017633,0.8228964747751392,0.1133144200388564,0.0558482451097362,0.0107421875,0.10986328125,True,True,False,False,False,False,True,True,True,True,True,False
wstate_4_Mutant_Replace_z_P0_Q0_[].qasm,PureState_12,0.0,0.0,0.2664652405588849,0.7679815868572419,0.2302854597379275,0.6713535948038475,0.1809644062711508,0.77789060240103,0.8535533905932737,0.0491198664146757,0.0,1.4951171875,True,True,True,False,True,False,True,False,True,True,False,True
wstate_4_Mutant_Replace_z_P0_Q0_[].qasm,Quratest_12,0.0,0.0,0.5843327204586628,0.748451398397412,0.5503521523579104,0.6741459529668757,0.6613646596578259,0.8103039380271535,0.0463166567723626,0.0288455730089824,0.0078125,1.1611328125,True,True,True,False,True,False,True,True,True,True,True,True
wstate_4_Mutant_Replace_z_P0_Q0_[].qasm,PureState_13,0.0,0.0,0.2761211483823755,0.932807580086958,0.2672432225787208,0.7847371746114361,0.3190355937288492,0.9158365832211256,0.853553390593274,0.0057176695086909,0.0,1.4951171875,True,True,True,True,True,False,True,True,True,True,False,True
wstate_4_Mutant_Replace_z_P0_Q0_[].qasm,Quratest_13,0.0,0.0,0.1347024457970196,0.6923520933892465,0.1339177440546204,0.6481036744151945,0.1331771749016979,0.8275416716729082,0.6290334314502443,0.0622392919776426,0.00146484375,0.7275390625,True,True,True,False,True,False,True,True,True,True,True,False
wstate_4_Mutant_Replace_z_P0_Q0_[].qasm,PureState_14,0.0,0.0,0.2730549888681654,0.8869625019337328,0.2632753418591494,0.748265225533363,0.3190355937288492,0.869904827870129,0.8535533905932731,0.0133084535332245,0.0,1.4951171875,True,True,True,True,True,False,True,True,True,True,False,True
wstate_4_Mutant_Replace_z_P0_Q0_[].qasm,Quratest_14,3.542373569409122e-186,0.0,0.0990845884384187,0.7474643729581989,0.0985691891507568,0.6796400900182628,0.1153643367379534,0.8257384456520617,0.1124460269351448,0.045742363591112,0.0009765625,1.44775390625,True,True,False,False,False,False,True,True,True,True,True,True
wstate_4_Mutant_Replace_z_P0_Q0_[].qasm,PureState_15,0.0,0.0,0.2824140853477622,0.8003144063752484,0.2600913275699718,0.6913529369020535,0.2500000000000001,0.8210950903269687,0.8535533905932731,0.0394484946201678,0.0,1.4951171875,True,True,True,True,True,False,True,True,True,True,False,True
wstate_4_Mutant_Replace_z_P0_Q0_[].qasm,Quratest_15,5.69060595714394e-55,0.0,0.058080925386496,0.6646841664717249,0.0579949665641083,0.6103863214686122,0.0515530010697879,0.7656143247420603,0.002878901467537,0.1034666022830694,0.00830078125,0.61474609375,True,True,False,False,False,False,True,False,True,True,True,False
