Name,Input,Ideal_hellinger,Noisy_hellinger,Ideal_jensenshannon,Noisy_jensenshannon,Ideal_trace,Noisy_trace,Ideal_fidelity,Noisy_fidelity,Ideal_expectation,Noisy_expectation,Killed_IH,Killed_NH,Killed_IJ,Killed_NJ,Killed_IT,Killed_NT,Killed_IF,Killed_NF,Killed_IE,Killed_NE
qft_6_Mutant_Add_ch_P10_Q5_[].qasm,PureState_0,0.0282306678689511,0.029620312396872003,0.028225532984458276,0.02961369214064464,2.7842311789427754e-16,0.0031232392256208387,1.000000000000011,0.9216770715612564,0.00830078125,0.00146484375,False,False,False,False,False,True,False,True,False,False
qft_6_Mutant_Add_ch_P10_Q5_[].qasm,Quratest_0,0.02768168746276676,0.06767795539876614,0.027115556998166947,0.06615238058937878,2.373623487431781e-16,0.011025073405052044,1.000000000000011,0.9153248677737676,0.01404980617006453,0.02110644382993547,False,True,False,True,False,True,False,True,True,True
qft_6_Mutant_Add_ch_P10_Q5_[].qasm,PureState_1,0.030176060761268712,0.02947309538121587,0.030170290657967704,0.029466190354678963,3.2959746043559335e-16,0.0031232392253703976,1.000000000000011,0.9152455931800079,0.007324218749999998,0.012695312499999998,False,False,False,False,False,True,False,True,False,True
qft_6_Mutant_Add_ch_P10_Q5_[].qasm,Quratest_1,0.03237971925180339,0.07783622561856592,0.03179271679280547,0.07566927374829603,3.5318817504957287e-16,0.03399406770444921,1.0000000000000102,0.9082178377841791,0.013718544398726475,0.009324013148726475,False,True,False,True,False,True,False,True,True,False
qft_6_Mutant_Add_ch_P10_Q5_[].qasm,PureState_2,0.02724801487749014,0.030126285994256347,0.027242774916970837,0.030119841027513305,2.5500435096859064e-16,0.0031232392253698147,1.000000000000011,0.9190641806216823,0.004882812500000007,0.022949218750000007,False,False,False,False,False,True,False,True,False,True
qft_6_Mutant_Add_ch_P10_Q5_[].qasm,Quratest_2,0.03156609870586597,0.11529931299324794,0.030298955115606173,0.11028013728724698,2.8063556795250577e-16,0.04522638486208676,1.0000000000000107,0.8938202734816294,0.030273437499999563,0.021484375000000437,False,True,False,True,False,True,False,True,True,True
qft_6_Mutant_Add_ch_P10_Q5_[].qasm,PureState_3,0.024302101543606316,0.027691649630998762,0.02429924752238341,0.02768664610691758,3.3046482217358175e-16,0.0031206525113707285,1.000000000000011,0.9210295444245304,0.03369140625,0.004394531249999998,False,False,False,False,False,True,False,True,True,False
qft_6_Mutant_Add_ch_P10_Q5_[].qasm,Quratest_3,0.021870848828406012,0.06384894194320594,0.021853235314884385,0.06065562566044383,2.3982848516910897e-16,0.013789553779908759,1.0000000000000124,0.9162890717199386,0.012559250534372526,0.018690749465627474,False,True,False,True,False,True,False,True,True,True
qft_6_Mutant_Add_ch_P10_Q5_[].qasm,PureState_4,0.028539889695478417,0.02661784318347657,0.028535496307372045,0.026614357073982516,3.452099717193846e-16,0.0031232392253701356,1.000000000000011,0.920793748853334,0.006835937499999998,0.009765625000000002,False,False,False,False,False,True,False,True,False,False
qft_6_Mutant_Add_ch_P10_Q5_[].qasm,Quratest_4,0.029493285479293488,0.1205057733728537,0.0289009436801894,0.11589628323547242,2.0146668062531693e-16,0.0319463264330399,1.000000000000011,0.9012342658130914,0.00125759795214829,0.02127712920214829,False,True,False,True,False,True,False,True,False,True
qft_6_Mutant_Add_ch_P10_Q5_[].qasm,PureState_5,0.027765485260491676,0.028591128260748253,0.027760409033270445,0.028586123435245147,2.7668839441830073e-16,0.0031232392256208778,1.000000000000011,0.9185082130847244,0.010742187499999991,0.021972656250000007,False,False,False,False,False,True,False,True,False,True
qft_6_Mutant_Add_ch_P10_Q5_[].qasm,Quratest_5,0.0300360590532943,0.09197628115811614,0.028945184066608228,0.08793095711814554,3.25339425809746e-16,0.02575086619221334,1.000000000000011,0.9163157032774352,0.001320128952332772,0.020851378952332772,False,True,False,True,False,True,False,True,False,True
qft_6_Mutant_Add_ch_P10_Q5_[].qasm,PureState_6,0.027544357067909652,0.024365295177268334,0.02753725500896474,0.02436144373931426,2.949029909160572e-16,0.0031206525113083184,1.000000000000011,0.9155188443919685,0.003906249999999986,0.002441406249999986,False,False,False,False,False,True,False,True,False,False
qft_6_Mutant_Add_ch_P10_Q5_[].qasm,Quratest_6,0.030865790413147243,0.03567750683803317,0.03084651472424784,0.03566256142121598,3.152859917587847e-16,0.018589420474321633,1.000000000000011,0.9153251142716721,0.020996093750000284,0.011718749999999716,False,False,False,False,False,True,False,True,True,False
qft_6_Mutant_Add_ch_P10_Q5_[].qasm,PureState_7,0.027656263004710514,0.03265479473740902,0.027650812569453457,0.03264643440566087,2.6194324487249787e-16,0.003120652511308099,1.000000000000011,0.9170331564738989,0.00537109375000001,0.037109375000000014,False,False,False,False,False,True,False,True,False,True
qft_6_Mutant_Add_ch_P10_Q5_[].qasm,Quratest_7,0.02465092882265422,0.06974835239126666,0.024331749834176672,0.06862982732765516,4.0723988851271153e-16,0.03117741612545672,1.000000000000011,0.9023124091491981,0.005143276499101517,0.0027018702491015166,False,True,False,True,False,True,False,True,False,False
qft_6_Mutant_Add_ch_P10_Q5_[].qasm,PureState_8,0.02560480835742796,0.026729579675995797,0.025601371842875677,0.026725107850987705,2.480654570646834e-16,0.003120652511370443,1.000000000000011,0.9179533320648571,0.03125000000000001,0.010742187499999995,False,False,False,False,False,True,False,True,True,False
qft_6_Mutant_Add_ch_P10_Q5_[].qasm,Quratest_8,0.02565731014763372,0.09823976628998429,0.02502354014043224,0.09611231937564604,3.3608234467977227e-16,0.03384378470528332,1.0000000000000107,0.9011602290022409,0.015171083570417077,0.06002422892958292,False,True,False,True,False,True,False,True,True,True
qft_6_Mutant_Add_ch_P10_Q5_[].qasm,PureState_9,0.03086689984372048,0.026619195590724006,0.030861031548841122,0.026615401341232265,2.411265631607762e-16,0.0031232392253702527,1.000000000000011,0.9204607589144569,0.003417968750000021,0.004882812500000021,False,False,False,False,False,True,False,True,False,False
qft_6_Mutant_Add_ch_P10_Q5_[].qasm,Quratest_9,0.02855104666666828,0.06353495273515046,0.028238133013726286,0.06262776109697486,3.4553692643702477e-16,0.021539724893505263,1.000000000000011,0.9052052802029433,0.0013349593511471948,0.004036134398852805,False,True,False,True,False,True,False,True,False,False
qft_6_Mutant_Add_ch_P10_Q5_[].qasm,PureState_10,0.02761428043427319,0.02452786878480351,0.02761034381514851,0.02452419308399634,1.8214596497756474e-16,0.0031232392253702085,1.0000000000000115,0.9228894308934038,0.0014648437499999983,0.013183593750000002,False,False,False,False,False,True,False,True,False,True
qft_6_Mutant_Add_ch_P10_Q5_[].qasm,Quratest_10,0.03350628804222891,0.07186954636001619,0.0323218084002435,0.06948551757189513,2.3958496319677336e-16,0.01549322425373061,1.0000000000000107,0.9145779935843511,0.0285562492080296,0.0012124992080295993,False,True,False,True,False,True,False,True,True,False
qft_6_Mutant_Add_ch_P10_Q5_[].qasm,PureState_11,0.025997484278255344,0.025192045373469727,0.025992689986505384,0.025188762427867533,2.6107588313450947e-16,0.003120652511370851,1.000000000000011,0.9153830077866123,0.015625000000000007,0.03808593750000001,False,False,False,False,False,True,False,True,True,True
qft_6_Mutant_Add_ch_P10_Q5_[].qasm,Quratest_11,0.031062109608779434,0.09260104093803011,0.03049634617296358,0.0888143091839779,2.543877109829895e-16,0.034348657529933185,1.000000000000011,0.8946141284094842,0.0029296875000030865,0.029296875000003088,False,True,False,True,False,True,False,True,False,True
qft_6_Mutant_Add_ch_P10_Q5_[].qasm,PureState_12,0.027420585289266327,0.03234282192714401,0.027414235203878395,0.0323337372286578,2.47198095326695e-16,0.0031206525113077433,1.0000000000000107,0.9226357219173458,0.016601562500000028,0.01464843750000003,False,False,False,False,False,True,False,True,True,True
qft_6_Mutant_Add_ch_P10_Q5_[].qasm,Quratest_12,0.030833478795757985,0.0853135023830979,0.03054481669531718,0.08437374400598537,2.841693894084507e-16,0.029908023948212577,1.0000000000000115,0.9012817069869614,0.007276016222569119,0.015184921277430881,False,True,False,True,False,True,False,True,False,True
qft_6_Mutant_Add_ch_P10_Q5_[].qasm,PureState_13,0.022225929181973175,0.032172942162246795,0.022223161983749063,0.032166103755755,2.3765711620882257e-16,0.0031232392253701478,1.000000000000011,0.9231470692106986,0.03515625,0.0,False,False,False,False,False,True,False,True,True,False
qft_6_Mutant_Add_ch_P10_Q5_[].qasm,Quratest_13,0.025986947237074096,0.06306325839527359,0.02596903009992415,0.06282534991043323,2.498137330678163e-16,0.018520127646480904,1.0000000000000124,0.8990667440250103,0.008393000855765387,0.03994684289423461,False,True,False,True,False,True,False,True,False,True
qft_6_Mutant_Add_ch_P10_Q5_[].qasm,PureState_14,0.02844734388756871,0.030595760669323596,0.02844025492152707,0.030589815090029105,2.419939248987646e-16,0.0031206525113081068,1.000000000000011,0.9206382273894337,0.0043945312499999965,0.017578125000000003,False,False,False,False,False,True,False,True,False,True
qft_6_Mutant_Add_ch_P10_Q5_[].qasm,Quratest_14,0.029815975831068518,0.07815644267572266,0.029440420410306145,0.07779551333774522,2.963192300038664e-16,0.039349535232764285,1.0000000000000084,0.9130486186978067,0.0014245259583602066,0.0033776509583602066,False,True,False,True,False,True,False,True,False,False
qft_6_Mutant_Add_ch_P10_Q5_[].qasm,PureState_15,0.026856747772671496,0.033192978674480414,0.02685179115381448,0.0331812481989473,2.8362728832220796e-16,0.00312323922562123,1.0000000000000107,0.9168535490722513,0.009277343749999998,0.0029296874999999983,False,False,False,False,False,True,False,True,False,False
qft_6_Mutant_Add_ch_P10_Q5_[].qasm,Quratest_15,0.031341210152500104,0.07352292145678614,0.030822014163495684,0.07025365216089904,2.39713712204756e-16,0.017851000371622214,1.0000000000000098,0.9099026664298727,0.007795259158133075,0.031721040408133075,False,True,False,True,False,True,False,True,False,True
qft_6_Mutant_Add_ch_P10_Q5_[].qasm,PureState_16,0.024745987145434082,0.026012875914051475,0.024741734269358547,0.02600663296148093,2.1423834928313568e-16,0.003120652511370544,1.000000000000011,0.9153354132007554,0.008789062499999998,0.04296875,False,False,False,False,False,True,False,True,False,True
qft_6_Mutant_Add_ch_P10_Q5_[].qasm,Quratest_16,0.03618115352308876,0.07437820297152228,0.036004197813386464,0.07407364167472691,3.343950550488417e-16,0.027420206661605565,1.000000000000011,0.9124812019607781,2.284045116618394e-05,0.007789659548833816,False,True,False,True,False,True,False,True,False,False
qft_6_Mutant_Add_ch_P10_Q5_[].qasm,PureState_17,0.029933409264927505,0.02871790682534835,0.029926223849255734,0.028712899592464154,2.393918396847994e-16,0.003123239225369733,1.000000000000011,0.9243570417255789,0.026367187500000007,0.009277343750000007,False,False,False,False,False,True,False,True,True,False
qft_6_Mutant_Add_ch_P10_Q5_[].qasm,Quratest_17,0.030344175590897943,0.08920970645494697,0.029519176828728216,0.08717099238405251,3.452472411690638e-16,0.025468746346283298,1.0000000000000107,0.9149931462841704,0.011299427520484448,0.001045521270484448,False,True,False,True,False,True,False,True,False,False
qft_6_Mutant_Add_ch_P10_Q5_[].qasm,PureState_18,0.027433035009627217,0.02948380755273736,0.027427363210781607,0.029477938640842544,3.7470027081099033e-16,0.003123239225621294,1.0000000000000102,0.915029954934891,0.004882812499999998,0.007324218749999998,False,False,False,False,False,True,False,True,False,False
qft_6_Mutant_Add_ch_P10_Q5_[].qasm,Quratest_18,0.021415831764490703,0.0869386445327824,0.021385497400819027,0.07913559998289667,3.390232430726392e-16,0.0278354033431761,1.000000000000012,0.9070753131289236,0.005360291847355481,0.00928814565264452,False,True,False,True,False,True,False,True,False,False
qft_6_Mutant_Add_ch_P10_Q5_[].qasm,PureState_19,0.02959191930475715,0.030121281302391,0.029585429788023494,0.030116495418447086,2.896988204881268e-16,0.003123239225621196,1.000000000000011,0.9202555334749878,0.008789062500000007,0.003906249999999993,False,False,False,False,False,True,False,True,False,False
qft_6_Mutant_Add_ch_P10_Q5_[].qasm,Quratest_19,0.027201971510523996,0.07315894964231265,0.027170989812602984,0.07221138191833754,2.298440843033489e-16,0.01665576190588123,1.0000000000000102,0.9016577026785728,0.016289537871723905,0.004706555878276095,False,True,False,True,False,True,False,True,True,False
qft_6_Mutant_Add_ch_P10_Q5_[].qasm,PureState_20,0.02707920864398203,0.02675630915436607,0.027074987243560552,0.02675277403523605,2.3418766925686896e-16,0.003120652511370391,1.000000000000011,0.9176134005177409,0.03076171875,0.0009765625,False,False,False,False,False,True,False,True,True,False
qft_6_Mutant_Add_ch_P10_Q5_[].qasm,Quratest_20,0.02953403378852653,0.08077132246821656,0.028961396024368827,0.0801012590060966,3.8130712779957388e-16,0.028595943719388374,1.0000000000000093,0.902310756518959,0.023932435128253438,0.018059752371746562,False,True,False,True,False,True,False,True,True,True
qft_6_Mutant_Add_ch_P10_Q5_[].qasm,PureState_21,0.028421686437397387,0.028559718417550995,0.0284140516422358,0.028554110492801033,2.0990154059319366e-16,0.003123239225369938,1.000000000000011,0.9162325918655063,0.02343749999999998,0.0009765624999999792,False,False,False,False,False,True,False,True,True,False
qft_6_Mutant_Add_ch_P10_Q5_[].qasm,Quratest_21,0.028675871603932496,0.0554496887867297,0.02862183216777723,0.055089695809462436,2.5451645999097217e-16,0.020248248842318503,1.000000000000011,0.8979314491786603,0.007015361527472893,0.016910419722527107,False,True,False,True,False,True,False,True,False,True
qft_6_Mutant_Add_ch_P10_Q5_[].qasm,PureState_22,0.028661634216096746,0.027871618425441426,0.028656336460216952,0.02786445943031607,2.8449465006019636e-16,0.003120652511308151,1.000000000000011,0.9209813119516632,0.01123046875,0.02392578125,False,False,False,False,False,True,False,True,False,True
qft_6_Mutant_Add_ch_P10_Q5_[].qasm,Quratest_22,0.024280936098189553,0.12292801450317577,0.024249737731566846,0.11936000289322062,3.7280969327271873e-16,0.02651753460853783,1.000000000000011,0.9077892334859832,0.02444140778096668,0.04934375153096668,False,True,False,True,False,True,False,True,True,True
qft_6_Mutant_Add_ch_P10_Q5_[].qasm,PureState_23,0.025096976920048683,0.03104655181853179,0.025093479381178816,0.031041258350929708,2.5760643618255585e-16,0.0031232392256209498,1.000000000000011,0.9156940353982168,0.0019531249999999879,0.015136718749999988,False,False,False,False,False,True,False,True,False,True
qft_6_Mutant_Add_ch_P10_Q5_[].qasm,Quratest_23,0.03556520097284968,0.09532710742176888,0.033512272142266326,0.0916015671502487,3.9439886903233634e-16,0.022065749338641513,1.000000000000011,0.91051525015385,0.02392578124999793,2.0703924685783193e-15,False,True,False,True,False,True,False,True,True,False
qft_6_Mutant_Add_ch_P10_Q5_[].qasm,PureState_24,0.025323830625725203,0.028859799046483062,0.025320255628350146,0.028853450190107335,2.3765711620882257e-16,0.003120652511370668,1.000000000000011,0.9231580450434062,0.031249999999999986,0.005371093750000012,False,False,False,False,False,True,False,True,True,False
qft_6_Mutant_Add_ch_P10_Q5_[].qasm,Quratest_24,0.02708099830570963,0.06644079691609565,0.027064348101503245,0.06621688397208284,3.487336287799625e-16,0.019342757785408636,1.000000000000011,0.9073815317938585,0.011711051301226459,0.014656136198773541,False,True,False,True,False,True,False,True,False,True
qft_6_Mutant_Add_ch_P10_Q5_[].qasm,PureState_25,0.02631712650740359,0.030338511387093706,0.026313216574827294,0.030330835886108437,2.6281060661048627e-16,0.003123239225369963,1.000000000000011,0.9165337399945211,0.021972656250000014,0.002441406249999988,False,False,False,False,False,True,False,True,True,False
qft_6_Mutant_Add_ch_P10_Q5_[].qasm,Quratest_25,0.029908997894351485,0.11403655902589205,0.0297522044571464,0.11070527376838764,3.5641537057861175e-16,0.02159028746816411,1.000000000000011,0.9104617647118736,0.010551211694034376,0.017875430444034376,False,True,False,True,False,True,False,True,False,True
qft_6_Mutant_Add_ch_P10_Q5_[].qasm,PureState_26,0.02947812671685124,0.027989669117670247,0.02947224230512029,0.027984374714754998,2.47198095326695e-16,0.003120652511307751,1.0000000000000107,0.9170328071770142,0.002929687499999988,0.004394531250000012,False,False,False,False,False,True,False,True,False,False
qft_6_Mutant_Add_ch_P10_Q5_[].qasm,Quratest_26,0.030953994123346887,0.0713268889520077,0.030935422492501426,0.06996176122561151,3.042542346537447e-16,0.014556397068464741,1.0000000000000115,0.9086436107400722,0.02122445609943572,0.006119293900564281,False,True,False,True,False,True,False,True,True,False
qft_6_Mutant_Add_ch_P10_Q5_[].qasm,PureState_27,0.026623906814430033,0.029456450810598736,0.02661860494848741,0.029450911520688596,3.5908775952719907e-16,0.003123239225621249,1.0000000000000115,0.920593102952798,0.01806640625,0.017578125,False,False,False,False,False,True,False,True,True,True
qft_6_Mutant_Add_ch_P10_Q5_[].qasm,Quratest_27,0.025593938504914142,0.08295584953524052,0.024962697411169472,0.08121153281703734,2.4848219727473253e-16,0.03652324528346546,1.0000000000000107,0.894928765824161,0.01396966202778939,0.02265143172221061,False,True,False,True,False,True,False,True,True,True
qft_6_Mutant_Add_ch_P10_Q5_[].qasm,PureState_28,0.029213149506123956,0.028005800782446542,0.029204960462533416,0.028000650422516375,1.960237527853792e-16,0.0031232392256208188,1.000000000000011,0.9213649632038822,0.008300781250000009,0.010253906249999991,False,False,False,False,False,True,False,True,False,False
qft_6_Mutant_Add_ch_P10_Q5_[].qasm,Quratest_28,0.031752029632979885,0.06613533743182552,0.030706554713586333,0.06496705120683402,3.7811542824498087e-16,0.029030853269629633,1.000000000000011,0.9055231524280597,0.01854157706934796,0.02293610831934796,False,True,False,True,False,True,False,True,True,True
qft_6_Mutant_Add_ch_P10_Q5_[].qasm,PureState_29,0.02519567578439111,0.02633752637628803,0.02519090176396836,0.026333632553532688,2.445960101127298e-16,0.0031232392253697097,1.0000000000000115,0.9241530236421829,0.03759765624999999,0.005859375000000007,False,False,False,False,False,True,False,True,True,False
qft_6_Mutant_Add_ch_P10_Q5_[].qasm,Quratest_29,0.025252661500323997,0.11763838812723781,0.02395565339004674,0.10951470923161767,2.3252168779851776e-16,0.032937761386500064,1.000000000000012,0.9052793904002157,0.01800097939169229,0.06598339560830771,False,True,False,True,False,True,False,True,True,True
qft_6_Mutant_Add_ch_P10_Q5_[].qasm,PureState_30,0.026738929348900934,0.030167693130424143,0.026733816734737147,0.030160183070269932,1.726049858596923e-16,0.003123239225621126,1.0000000000000107,0.9224899257483758,0.03662109375,0.0043945312500000035,False,False,False,False,False,True,False,True,True,False
qft_6_Mutant_Add_ch_P10_Q5_[].qasm,Quratest_30,0.03079778801598849,0.11005235920088918,0.030234765687179765,0.10308832029186527,1.0297464243065255e-16,0.01805051047279288,1.000000000000011,0.920078737155482,0.00902631777877988,0.02417680722122012,False,True,False,True,False,True,False,True,False,True
qft_6_Mutant_Add_ch_P10_Q5_[].qasm,PureState_31,0.026678656343693905,0.028128482298996633,0.026674150730082474,0.028122980321765006,2.194425197110661e-16,0.0031206525113707606,1.000000000000011,0.9228760599261288,0.0224609375,0.0068359375,False,False,False,False,False,True,False,True,True,False
qft_6_Mutant_Add_ch_P10_Q5_[].qasm,Quratest_31,0.027602472302059686,0.07119416769230125,0.026961998460083625,0.07040851541460638,2.7540937466794674e-16,0.02345668042984246,1.000000000000012,0.9028000617628379,0.0012908416554257215,0.02716974790542572,False,True,False,True,False,True,False,True,False,True
qft_6_Mutant_Add_ch_P6_Q5_[].qasm,PureState_0,0.02626270954866978,0.029916363516993907,0.026257813678364352,0.029909807372163224,2.3418766925686896e-16,0.0031391398718100426,1.000000000000011,0.9227881932706467,0.0185546875,0.00439453125,False,False,False,False,False,True,False,True,True,False
qft_6_Mutant_Add_ch_P6_Q5_[].qasm,Quratest_0,0.029054008155366948,0.06837719010316154,0.028510800714040475,0.06733995649293412,2.105181805787948e-16,0.011380420811866746,1.000000000000011,0.9158003257657589,0.01404980617006453,0.0008662124200645299,False,True,False,True,False,True,False,True,True,False
qft_6_Mutant_Add_ch_P6_Q5_[].qasm,PureState_1,0.02806565193808685,0.028955139550160172,0.028059700284776154,0.028949541282457844,2.5240226575462543e-16,0.003085913317394341,1.000000000000011,0.9161698666550465,0.04052734375,0.004882812500000002,False,False,False,False,False,True,False,True,True,False
qft_6_Mutant_Add_ch_P6_Q5_[].qasm,Quratest_1,0.03288625478601974,0.07933594378055131,0.03157203636891109,0.07747301935898843,1.715207836872068e-16,0.03420632142218715,1.0000000000000098,0.9092871713192328,0.014113486851273525,0.016159950648726475,False,True,False,True,False,True,False,True,True,True
qft_6_Mutant_Add_ch_P6_Q5_[].qasm,PureState_2,0.023513399998394205,0.027936975663309226,0.023510270650401,0.027931628518192364,2.5326962749261384e-16,0.0031391398718731336,1.0000000000000124,0.9201722223399544,0.013671874999999993,0.003417968750000007,False,False,False,False,False,True,False,True,True,False
qft_6_Mutant_Add_ch_P6_Q5_[].qasm,Quratest_2,0.03298817469151661,0.11728759289578758,0.031735829275430165,0.11173326679946194,2.962243623137739e-16,0.045187676579897015,1.0000000000000093,0.8948940687966171,0.017089843750000437,0.027832031250000437,False,True,False,True,False,True,False,True,True,True
qft_6_Mutant_Add_ch_P6_Q5_[].qasm,PureState_3,0.026691529125283848,0.025172897694744872,0.02668486974540937,0.025169728765056614,2.220446049250313e-16,0.003085913317394071,1.000000000000011,0.9220361353632491,0.013183593750000002,0.005371093749999998,False,False,False,False,False,True,False,True,True,False
qft_6_Mutant_Add_ch_P6_Q5_[].qasm,Quratest_3,0.02788473262898431,0.0701829111434102,0.02759355528508269,0.06633444546281403,2.3733058500765604e-16,0.013775347437289982,1.000000000000011,0.9174955046647033,0.017714186965627474,0.008436843215627474,False,True,False,True,False,True,False,True,True,False
qft_6_Mutant_Add_ch_P6_Q5_[].qasm,PureState_4,0.029408379581444467,0.02799214068342235,0.02939940400723265,0.02798699194836857,2.3765711620882257e-16,0.003085913317394217,1.000000000000011,0.9217238372262823,0.011230468750000002,0.0004882812500000017,False,False,False,False,False,True,False,True,False,False
qft_6_Mutant_Add_ch_P6_Q5_[].qasm,Quratest_4,0.03023405463586669,0.12215821443746394,0.029173878395256186,0.11754864925767994,2.435010082701668e-16,0.03105001591316967,1.000000000000011,0.9019911625069551,0.02217990204785171,0.01492947295214829,False,True,False,True,False,True,False,True,True,True
qft_6_Mutant_Add_ch_P6_Q5_[].qasm,PureState_5,0.027764142478702812,0.02696225189575874,0.027756454052774427,0.026957759627036924,2.7755575615628914e-16,0.00313913987181011,1.000000000000011,0.9196152610819913,0.020996093749999993,0.0004882812500000087,False,False,False,False,False,True,False,True,True,False
qft_6_Mutant_Add_ch_P6_Q5_[].qasm,Quratest_5,0.029804814951512576,0.08719629181167864,0.028728652415736133,0.08356878360386341,3.5200825815404763e-16,0.025171497877144795,1.0000000000000115,0.9173219738588096,0.002784972702332772,0.04575372270233277,False,True,False,True,False,True,False,True,False,True
qft_6_Mutant_Add_ch_P6_Q5_[].qasm,PureState_6,0.026389840100892698,0.030202949721953556,0.026386385311455585,0.030196233961583812,1.682681771697503e-16,0.003085913317332263,1.000000000000011,0.9165191859145112,0.011230468750000014,0.015136718750000014,False,False,False,False,False,True,False,True,False,True
qft_6_Mutant_Add_ch_P6_Q5_[].qasm,Quratest_6,0.032581655613535675,0.037436055648162984,0.03256599045731591,0.03739628337775555,3.990948196919142e-16,0.018589420474321924,1.000000000000011,0.9163378854514325,0.027343750000000284,0.018066406250000284,False,False,False,False,False,True,False,True,True,True
qft_6_Mutant_Add_ch_P6_Q5_[].qasm,PureState_7,0.03139151355400363,0.027616478588090486,0.0313849575770134,0.027611834952185776,2.5153490401663703e-16,0.0030859133173321007,1.000000000000011,0.9180352413200226,0.01025390625000001,0.02197265624999999,False,False,False,False,False,True,False,True,False,True
qft_6_Mutant_Add_ch_P6_Q5_[].qasm,Quratest_7,0.03247185142397344,0.05913617138867643,0.03220612294886937,0.05853299021954597,3.5040058962015896e-16,0.03089466762383665,1.0000000000000102,0.9033181888478072,0.011002651499101516,0.015397182749101516,False,True,False,True,False,True,False,True,False,True
qft_6_Mutant_Add_ch_P6_Q5_[].qasm,PureState_8,0.023191694981041563,0.030017028948331602,0.02318891194860012,0.03000946019511322,2.5847379792054426e-16,0.0031391398718732854,1.000000000000011,0.9191360054422322,0.008789062500000005,0.03125000000000001,False,False,False,False,False,True,False,True,False,True
qft_6_Mutant_Add_ch_P6_Q5_[].qasm,Quratest_8,0.02674051642113892,0.10664406770083647,0.026427580833817257,0.10407995091304593,3.7192539087578524e-16,0.03387451761204974,1.000000000000011,0.9023274035731809,0.020473447679582923,0.06881329142958292,False,True,False,True,False,True,False,True,True,True
qft_6_Mutant_Add_ch_P6_Q5_[].qasm,PureState_9,0.029931716597019504,0.03199292056906201,0.0299206712344473,0.031983278425883825,2.1423834928313568e-16,0.003085913317394047,1.000000000000011,0.9213905035540849,0.01855468750000002,0.01513671875000002,False,False,False,False,False,True,False,True,True,True
qft_6_Mutant_Add_ch_P6_Q5_[].qasm,Quratest_9,0.027968613317737118,0.06153700206494883,0.027658392126402424,0.061050305000890925,3.492486248118931e-16,0.021251781849228678,1.000000000000012,0.9063800262055174,0.03649120935114719,0.003288084351147195,False,True,False,True,False,True,False,True,True,False
qft_6_Mutant_Add_ch_P6_Q5_[].qasm,PureState_10,0.027924532750338016,0.027769740320340575,0.027916694106945146,0.027765154628661224,1.8995222061946038e-16,0.0030859133173939575,1.000000000000011,0.9238216945205805,0.0166015625,0.02685546875,False,False,False,False,False,True,False,True,True,True
qft_6_Mutant_Add_ch_P6_Q5_[].qasm,Quratest_10,0.03460998269213813,0.07038346876544227,0.03346622954416711,0.06841707724008773,2.3314412466585166e-16,0.015767028597902744,1.000000000000011,0.9154135445348771,0.0149007820419704,0.0319742179580296,False,True,False,True,False,True,False,True,True,True
qft_6_Mutant_Add_ch_P6_Q5_[].qasm,PureState_11,0.029660796430132676,0.02730616257268734,0.029653931043146012,0.027302408549600254,1.5265566588595902e-16,0.003085913317394132,1.000000000000011,0.9163832552297418,0.006835937499999991,0.005859375000000009,False,False,False,False,False,True,False,True,False,False
qft_6_Mutant_Add_ch_P6_Q5_[].qasm,Quratest_11,0.026663325007515937,0.09602401052410146,0.02663288691073783,0.09243519743533601,2.7188402354147434e-16,0.03438161244540698,1.000000000000011,0.895514018387354,0.024414062500003088,0.0009765624999969136,False,True,False,True,False,True,False,True,True,False
qft_6_Mutant_Add_ch_P6_Q5_[].qasm,PureState_12,0.027711017902601245,0.03247968348090345,0.02770648424071939,0.03247286719968242,2.3592239273284576e-16,0.0031391398718100564,1.0000000000000107,0.9238243478484687,0.0048828125000000295,0.0063476562499999705,False,False,False,False,False,True,False,True,False,False
qft_6_Mutant_Add_ch_P6_Q5_[].qasm,Quratest_12,0.023766158955275684,0.08667438182500006,0.023734585128246697,0.0858195251988683,1.9382824338609606e-16,0.029242092749077193,1.0000000000000124,0.9019292561067136,0.02143617247256912,0.010205703722569119,False,True,False,True,False,True,False,True,True,False
qft_6_Mutant_Add_ch_P6_Q5_[].qasm,PureState_13,0.02923365922708984,0.028867267751443722,0.029223713398768232,0.028861457050178865,2.1684043449710089e-16,0.0030859133173940026,1.0000000000000115,0.9240796077551515,0.00341796875,0.0185546875,False,False,False,False,False,True,False,True,False,True
qft_6_Mutant_Add_ch_P6_Q5_[].qasm,Quratest_13,0.023793425296113682,0.06731546774535736,0.02345772549932606,0.06709970697370975,2.002385887309166e-16,0.017700969630415,1.0000000000000115,0.9009843648786162,0.0005805008557653868,0.04922418664423461,False,True,False,True,False,True,False,True,False,True
qft_6_Mutant_Add_ch_P6_Q5_[].qasm,PureState_14,0.026485267833946283,0.03030477588987055,0.02647965676186601,0.030298559574780694,1.9949319973733282e-16,0.003085913317332124,1.000000000000011,0.9216443898423617,0.013671875000000003,0.014648437500000003,False,False,False,False,False,True,False,True,True,True
qft_6_Mutant_Add_ch_P6_Q5_[].qasm,Quratest_14,0.03437757233424127,0.07802636678764019,0.03315047830064161,0.07750767307284759,2.3747415709221564e-16,0.03934900776652563,1.0000000000000093,0.9140006973101101,0.020548130291639793,0.021524692791639793,False,True,False,True,False,True,False,True,True,True
qft_6_Mutant_Add_ch_P6_Q5_[].qasm,PureState_15,0.0253554174369262,0.03210933645828721,0.02534980727367577,0.032102326536578,3.382710778154774e-16,0.0030859133173321016,1.0000000000000107,0.9177791997537107,0.008789062500000002,0.009277343750000002,False,False,False,False,False,True,False,True,False,False
qft_6_Mutant_Add_ch_P6_Q5_[].qasm,Quratest_15,0.034402536518775714,0.07360770646216211,0.03383553013965991,0.07159568007350287,1.9720959891153522e-16,0.01759630217906954,1.0000000000000107,0.9109769889374566,0.002946928341866925,0.014142915408133075,False,True,False,True,False,True,False,True,False,True
qft_6_Mutant_Add_ch_P6_Q5_[].qasm,PureState_16,0.027530118920915055,0.028878436664742102,0.027525665210862985,0.028872949234124215,2.3332030751888055e-16,0.003139139871873319,1.000000000000011,0.916514886128645,0.007324218749999998,0.02294921875,False,False,False,False,False,True,False,True,False,True
qft_6_Mutant_Add_ch_P6_Q5_[].qasm,Quratest_16,0.029680632626752846,0.07112687166455643,0.029640005730438075,0.07080536961122255,2.9678679219075077e-16,0.02650398853478291,1.0000000000000115,0.9134253640054505,0.0009537220488338161,0.035133409548833816,False,True,False,True,False,True,False,True,False,True
qft_6_Mutant_Add_ch_P6_Q5_[].qasm,PureState_17,0.03127171679036933,0.026289515972534174,0.03126604264907173,0.02628543977298139,2.185751579730777e-16,0.003139139871872995,1.0000000000000115,0.9254715775748659,0.008300781249999993,0.018554687499999993,False,False,False,False,False,True,False,True,False,True
qft_6_Mutant_Add_ch_P6_Q5_[].qasm,Quratest_17,0.024585892634798073,0.08350435605921196,0.023911436428159943,0.08189749288880943,2.1661342966723673e-16,0.024674908069007538,1.000000000000011,0.9164848527759577,0.019111927520484448,0.005790416229515552,False,True,False,True,False,True,False,True,True,False
qft_6_Mutant_Add_ch_P6_Q5_[].qasm,PureState_18,0.02962878640438988,0.02477876214206179,0.02962301643309398,0.024776067427003105,2.8709673527416157e-16,0.003085913317332229,1.0000000000000107,0.9159537092550003,0.011230468750000002,0.0185546875,False,False,False,False,False,True,False,True,False,True
qft_6_Mutant_Add_ch_P6_Q5_[].qasm,Quratest_18,0.02999891502268846,0.08654102527579552,0.028949798964487846,0.07831371916187367,3.1215281688689103e-16,0.027938153985948837,1.000000000000011,0.9081760178523813,0.01026470815264452,0.0014756456526445194,False,True,False,True,False,True,False,True,False,False
qft_6_Mutant_Add_ch_P6_Q5_[].qasm,PureState_19,0.027393057618969062,0.03302791188980791,0.02738852982264449,0.033017505724417404,2.411265631607762e-16,0.003085913317332104,1.0000000000000107,0.9211847002114638,0.005859375000000007,0.016113281249999993,False,False,False,False,False,True,False,True,False,True
qft_6_Mutant_Add_ch_P6_Q5_[].qasm,Quratest_19,0.03350535068462473,0.07432788417838566,0.03229646618707874,0.07346077067610146,1.761693005017384e-16,0.016298120288773973,1.0000000000000098,0.902673998502966,0.0017768683782760954,0.0017768683782760954,False,True,False,True,False,True,False,True,False,False
qft_6_Mutant_Add_ch_P6_Q5_[].qasm,PureState_20,0.030859481292822778,0.02973931050650032,0.03085155093905102,0.029734142136554297,2.732189474663471e-16,0.003139139871873176,1.000000000000011,0.918795629244399,0.0029296875,0.00146484375,False,False,False,False,False,True,False,True,False,False
qft_6_Mutant_Add_ch_P6_Q5_[].qasm,Quratest_20,0.03420629085068354,0.07194106894667726,0.032581414129609756,0.0714402194320396,2.6371184966636485e-16,0.02786437831221731,1.0000000000000093,0.9035297184958987,0.0029363413782534367,0.010735533621746562,False,True,False,True,False,True,False,True,False,False
qft_6_Mutant_Add_ch_P6_Q5_[].qasm,PureState_21,0.026949853163780367,0.027619841845652037,0.02694554542480483,0.027615362070263248,2.3765711620882257e-16,0.0031391398718732507,1.000000000000011,0.9173373846534968,0.0009765624999999792,0.007324218750000021,False,False,False,False,False,True,False,True,False,False
qft_6_Mutant_Add_ch_P6_Q5_[].qasm,Quratest_21,0.026697077016898094,0.060303290672545674,0.026679113201755814,0.05965874614054398,3.178880769727499e-16,0.01983513425954087,1.0000000000000098,0.8987823241122377,0.024105205277472893,0.004215107222527107,False,True,False,True,False,True,False,True,True,False
qft_6_Mutant_Add_ch_P6_Q5_[].qasm,PureState_22,0.025554667348987033,0.02586263100645331,0.02555050214912268,0.02585744103480242,2.0903417885520525e-16,0.003085913317332111,1.000000000000011,0.9219878558397403,0.01025390625,0.0146484375,False,False,False,False,False,True,False,True,False,True
qft_6_Mutant_Add_ch_P6_Q5_[].qasm,Quratest_22,0.030118834334075726,0.12064610492405674,0.029831397648602945,0.1174759424238365,2.1787889689043466e-16,0.026106009409120952,1.000000000000011,0.9084268661148094,0.015109373469033321,0.02737109528096668,False,True,False,True,False,True,False,True,True,True
qft_6_Mutant_Add_ch_P6_Q5_[].qasm,PureState_23,0.026162255245925792,0.03364238995849759,0.026157164217592146,0.033633909352099915,2.8796409701215e-16,0.003139139871810079,1.000000000000011,0.916797859968121,0.005371093750000012,0.011230468749999988,False,False,False,False,False,True,False,True,False,False
qft_6_Mutant_Add_ch_P6_Q5_[].qasm,Quratest_23,0.034552467611566,0.08884074431743975,0.03337656814130938,0.08501171486247383,2.674286302389167e-16,0.02187527176472562,1.000000000000011,0.9111709230399069,0.00537109374999793,0.01757812500000207,False,True,False,True,False,True,False,True,False,True
qft_6_Mutant_Add_ch_P6_Q5_[].qasm,PureState_24,0.03253686213378741,0.029048191940239398,0.03252569228567895,0.029042572312640444,2.0903417885520525e-16,0.003085913317394007,1.000000000000011,0.9241670370802113,0.013183593750000012,0.018554687499999986,False,False,False,False,False,True,False,True,True,True
qft_6_Mutant_Add_ch_P6_Q5_[].qasm,Quratest_24,0.03421752807493982,0.0641420482198646,0.03417538132036237,0.0639414519373043,5.13098678128765e-16,0.018371543836367455,1.000000000000011,0.908770754174012,0.007316520051226459,0.008796761198773541,False,True,False,True,False,True,False,True,False,False
qft_6_Mutant_Add_ch_P6_Q5_[].qasm,PureState_25,0.03219473616911761,0.02480295608085352,0.03218510829040577,0.02479957684339623,3.0010716134398763e-16,0.00313913987187321,1.000000000000011,0.9176389061998494,0.006835937500000012,0.011718750000000012,False,False,False,False,False,True,False,True,False,False
qft_6_Mutant_Add_ch_P6_Q5_[].qasm,Quratest_25,0.026242178273345136,0.11659862811407527,0.02586906305970427,0.11276723091472059,2.847309722524803e-16,0.020399207095059435,1.000000000000012,0.9116471191601516,0.032523867944034376,0.005073788305965624,False,True,False,True,False,True,False,True,True,False
qft_6_Mutant_Add_ch_P6_Q5_[].qasm,PureState_26,0.02782549501151184,0.03206393914981601,0.027819520550841116,0.032056260394311704,2.6194324487249787e-16,0.003139139871810204,1.000000000000011,0.91821421849233,0.025390624999999986,0.009765625000000012,False,False,False,False,False,True,False,True,True,False
qft_6_Mutant_Add_ch_P6_Q5_[].qasm,Quratest_26,0.02716246861593264,0.07661966923208917,0.02686922448500832,0.07463100595195703,3.078998644587272e-16,0.0141557614414068,1.0000000000000115,0.910018655888769,0.01442007515056428,0.04222054984943572,False,True,False,True,False,True,False,True,True,True
qft_6_Mutant_Add_ch_P6_Q5_[].qasm,PureState_27,0.030015946972628944,0.02940032012707141,0.030007789621997457,0.0293906826976068,2.2898349882893854e-16,0.003085913317332151,1.000000000000011,0.9215226175005621,0.006347656249999998,0.025390625,False,False,False,False,False,True,False,True,False,True
qft_6_Mutant_Add_ch_P6_Q5_[].qasm,Quratest_27,0.03327499946022881,0.08680112050751689,0.031585718638988444,0.084813780110508,2.918706129648868e-16,0.037604639061711166,1.0000000000000107,0.8960337302294955,0.0011670567222106104,0.02704596297221061,False,True,False,True,False,True,False,True,False,True
qft_6_Mutant_Add_ch_P6_Q5_[].qasm,PureState_28,0.02883225575933414,0.026841951162629336,0.02882633212384217,0.026837984382477136,2.7755575615628914e-16,0.0031391398718100044,1.000000000000011,0.92247569917564,0.005859374999999991,0.011718750000000009,False,False,False,False,False,True,False,True,False,False
qft_6_Mutant_Add_ch_P6_Q5_[].qasm,Quratest_28,0.033565377313253486,0.06995119938473734,0.03189020276152439,0.06830503133543533,1.769264652385225e-16,0.027969714077916943,1.000000000000011,0.9073397912249405,0.007825610430652039,0.03221345206934796,False,True,False,True,False,True,False,True,False,True
qft_6_Mutant_Add_ch_P6_Q5_[].qasm,PureState_29,0.029747747874952116,0.02739055026086187,0.029743035613296664,0.027384790280526747,2.0469737016526324e-16,0.0031391398718730373,1.000000000000011,0.9252672935612871,0.017578125000000007,0.010253906249999993,False,False,False,False,False,True,False,True,True,False
qft_6_Mutant_Add_ch_P6_Q5_[].qasm,Quratest_29,0.026587348817393594,0.11013871579495392,0.025965267604640952,0.1031965148050378,2.6734961794680566e-16,0.031978839869013176,1.000000000000012,0.9066807768646729,0.02154980185830771,0.05670605185830771,False,True,False,True,False,True,False,True,True,True
qft_6_Mutant_Add_ch_P6_Q5_[].qasm,PureState_30,0.028002791110008727,0.02649520888477411,0.0279967847954376,0.026491329344256822,2.2724877535296173e-16,0.0030859133173320053,1.0000000000000107,0.9234215115842173,0.0034179687499999965,0.019531249999999997,False,False,False,False,False,True,False,True,False,True
qft_6_Mutant_Add_ch_P6_Q5_[].qasm,Quratest_30,0.022556017898756154,0.10678511069349392,0.02218975566322441,0.09916289483349741,2.0719950549145244e-16,0.018473681280857104,1.0000000000000107,0.920795766507428,0.0012138177787798798,0.03394243222122012,False,True,False,True,False,True,False,True,False,True
qft_6_Mutant_Add_ch_P6_Q5_[].qasm,PureState_31,0.03231838344993434,0.02894218414536612,0.03231230631681464,0.028933650512714768,1.9168694409543718e-16,0.003085913317394006,1.000000000000011,0.9238847313451262,0.0107421875,0.01025390625,False,False,False,False,False,True,False,True,False,False
qft_6_Mutant_Add_ch_P6_Q5_[].qasm,Quratest_31,0.029281183258335012,0.07153961163164523,0.028423332265959427,0.07021996122373263,2.907847167265068e-16,0.023253472907309156,1.0000000000000124,0.9034730814711911,0.02033381040542572,0.0032439666554257215,False,True,False,True,False,True,False,True,True,False
qft_6_Mutant_Add_ch_P7_Q4_[].qasm,PureState_0,0.02461645576892981,0.02717728404930687,0.024612917015577884,0.02717061909313786,1.8735013540549517e-16,0.0028352338875228473,1.000000000000011,0.9219599449919422,0.00244140625,0.02099609375,False,False,False,False,False,True,False,True,False,True
qft_6_Mutant_Add_ch_P7_Q4_[].qasm,Quratest_0,0.028653884820929298,0.066851592879907,0.028644035168882226,0.06603060865764143,3.00178312111557e-16,0.011648301537147352,1.000000000000011,0.9148116644795624,0.00108691257993547,0.00743456882993547,False,True,False,True,False,True,False,True,False,False
qft_6_Mutant_Add_ch_P7_Q4_[].qasm,PureState_1,0.0263502456970606,0.02823423335922792,0.026345028208082436,0.0282273311664078,2.3418766925686896e-16,0.002848028281170289,1.000000000000011,0.9153532868270137,0.02197265625,0.011718749999999998,False,False,False,False,False,True,False,True,True,False
qft_6_Mutant_Add_ch_P7_Q4_[].qasm,Quratest_1,0.03672633906009259,0.0805544739188358,0.034552656869411814,0.07884740714230037,2.180855729295647e-16,0.03481959237494661,1.0000000000000107,0.9082079678542239,0.008347450648726475,0.016066611851273525,False,True,False,True,False,True,False,True,False,True
qft_6_Mutant_Add_ch_P7_Q4_[].qasm,PureState_2,0.029975019430415372,0.02726392902210532,0.02996889299379546,0.027259099160978698,2.445960101127298e-16,0.0028352338878935212,1.000000000000011,0.9193521583153699,0.03173828125000001,0.007324218749999993,False,False,False,False,False,True,False,True,True,False
qft_6_Mutant_Add_ch_P7_Q4_[].qasm,Quratest_2,0.03319797368150233,0.1214648361216283,0.031484661880312,0.1154928941857436,3.170241033665505e-16,0.04579469864917678,1.0000000000000102,0.8937740650199292,0.021972656250000437,0.006347656249999563,False,True,False,True,False,True,False,True,True,False
qft_6_Mutant_Add_ch_P7_Q4_[].qasm,PureState_3,0.029250345194540343,0.028639708182546537,0.029244894788215677,0.028634931791332776,2.1684043449710089e-16,0.002848028281170023,1.000000000000011,0.9212075794185838,0.0024414062500000017,0.005371093749999998,False,False,False,False,False,True,False,True,False,False
qft_6_Mutant_Add_ch_P7_Q4_[].qasm,Quratest_3,0.02593096352766895,0.0660957958987627,0.025006830681696582,0.06311222517244666,2.3737886588564953e-16,0.014062413428834042,1.000000000000011,0.9165821907670224,0.023301438034372526,0.0027936255343725264,False,True,False,True,False,True,False,True,True,False
qft_6_Mutant_Add_ch_P7_Q4_[].qasm,PureState_4,0.029022797413702103,0.027328774983942188,0.029014997288832094,0.027323569115267753,2.0122792321330962e-16,0.0028480282811700628,1.000000000000011,0.9208958969957165,0.005859375000000002,0.014648437500000002,False,False,False,False,False,True,False,True,False,True
qft_6_Mutant_Add_ch_P7_Q4_[].qasm,Quratest_4,0.02554391888184354,0.11402070150493462,0.02428657635371879,0.11002669813305581,2.598328622844138e-16,0.03193187454695837,1.0000000000000107,0.9008552593385082,0.00858181670214829,0.01094943329785171,False,True,False,True,False,True,False,True,False,False
qft_6_Mutant_Add_ch_P7_Q4_[].qasm,PureState_5,0.026201948708523836,0.02878589285974014,0.026197592591065917,0.02878104912338883,2.3678975447083417e-16,0.002835233887522935,1.000000000000011,0.9187960025604331,0.027832031249999993,0.0019531249999999913,False,False,False,False,False,True,False,True,True,False
qft_6_Mutant_Add_ch_P7_Q4_[].qasm,Quratest_5,0.03201951655492902,0.08600641407489881,0.030233424590768783,0.08171685706253878,1.6564068096736745e-16,0.02617481036600757,1.000000000000011,0.916226184566827,0.027199035202332772,0.001320128952332772,False,True,False,True,False,True,False,True,True,False
qft_6_Mutant_Add_ch_P7_Q4_[].qasm,PureState_6,0.02778912938646723,0.025398663690595968,0.02778456251748708,0.02539549249623096,2.0469737016526324e-16,0.002848028281112961,1.000000000000011,0.9157022714084887,0.0009765625000000139,0.018554687500000014,False,False,False,False,False,True,False,True,False,True
qft_6_Mutant_Add_ch_P7_Q4_[].qasm,Quratest_6,0.028554593869841553,0.04009057981656026,0.028538788926608084,0.04006747110109255,2.5782327661705295e-16,0.018315559732324675,1.000000000000011,0.9155271340062379,0.0029296875000002845,0.0078124999999997155,False,False,False,False,False,True,False,True,False,False
qft_6_Mutant_Add_ch_P7_Q4_[].qasm,PureState_7,0.02870406860515174,0.02685890464599964,0.02869984947872889,0.026855707987276774,1.97758476261356e-16,0.002848028281112961,1.0000000000000102,0.917217341290572,0.01416015624999999,0.01269531249999999,False,False,False,False,False,True,False,True,True,True
qft_6_Mutant_Add_ch_P7_Q4_[].qasm,Quratest_7,0.029579885922838722,0.06436341413862245,0.02952110348381235,0.06352625678540896,2.66896693548041e-16,0.031566170996945433,1.0000000000000102,0.9021455287325834,0.021223911000898484,0.0012043797508984834,False,True,False,True,False,True,False,True,True,False
qft_6_Mutant_Add_ch_P7_Q4_[].qasm,PureState_8,0.028318253872457625,0.029105202939775573,0.028312133167588686,0.02909969551192371,2.255140518769849e-16,0.002835233887893563,1.000000000000011,0.9183167015380792,0.015624999999999995,0.004394531249999995,False,False,False,False,False,True,False,True,True,False
qft_6_Mutant_Add_ch_P7_Q4_[].qasm,Quratest_8,0.03105153037857335,0.10224228697858743,0.030003741594493566,0.10016523475573312,2.4564971909911415e-16,0.034246619113811834,1.000000000000011,0.9014125286140362,0.026821103929582923,0.019496885179582923,False,True,False,True,False,True,False,True,True,True
qft_6_Mutant_Add_ch_P7_Q4_[].qasm,PureState_9,0.02768749631188389,0.03153084549052012,0.027682482563678064,0.03152401841214316,2.1337098754514727e-16,0.002848028281170056,1.000000000000011,0.9205628207601113,0.003906249999999979,0.02197265624999998,False,False,False,False,False,True,False,True,False,True
qft_6_Mutant_Add_ch_P7_Q4_[].qasm,Quratest_9,0.028337256779036344,0.06318040636006718,0.02777451945630579,0.06276816723664973,3.24313668910621e-16,0.02151351223244667,1.000000000000011,0.9056076124617467,0.0011064468988528052,0.03893261560114719,False,True,False,True,False,True,False,True,False,True
qft_6_Mutant_Add_ch_P7_Q4_[].qasm,PureState_10,0.027301978451901045,0.023283800203111802,0.027296240823976872,0.023280564663030665,2.480654570646834e-16,0.0028480282811699786,1.000000000000011,0.9229920698119387,0.03564453125,0.0224609375,False,False,False,False,False,True,False,True,True,True
qft_6_Mutant_Add_ch_P7_Q4_[].qasm,Quratest_10,0.03652542816666655,0.06709583006737889,0.03563096376986436,0.0653986408597546,2.7431331403419967e-16,0.015830518470400682,1.000000000000011,0.9144079737176365,0.005607030458029599,0.0036539054580295993,False,True,False,True,False,True,False,True,False,False
qft_6_Mutant_Add_ch_P7_Q4_[].qasm,PureState_11,0.028197608844126316,0.027494110714173535,0.02819040332671528,0.027487350709018466,1.8127860323957634e-16,0.0028480282811701486,1.000000000000011,0.9155662361965057,0.009765625000000009,0.022949218750000007,False,False,False,False,False,True,False,True,False,True
qft_6_Mutant_Add_ch_P7_Q4_[].qasm,Quratest_11,0.03349747932441165,0.0997206266007298,0.03336063687524484,0.09587758389892878,1.4168489515312133e-16,0.03546826942132238,1.000000000000011,0.8942107769021124,0.0024414062500030865,0.008300781249996914,False,True,False,True,False,True,False,True,False,False
qft_6_Mutant_Add_ch_P7_Q4_[].qasm,PureState_12,0.027196850775719917,0.024253602364362373,0.027192285495992164,0.024250927524798294,2.3678975447083417e-16,0.0028352338875227362,1.0000000000000107,0.9229948488998956,0.01025390625000003,0.027343749999999972,False,False,False,False,False,True,False,True,False,True
qft_6_Mutant_Add_ch_P7_Q4_[].qasm,Quratest_12,0.02637250649246646,0.08154259366577796,0.02633534902511662,0.0805802792025755,2.5762676497328996e-16,0.029390237779617835,1.0000000000000124,0.9012865562765194,0.01664976502743088,0.006787734972569119,False,True,False,True,False,True,False,True,True,False
qft_6_Mutant_Add_ch_P7_Q4_[].qasm,PureState_13,0.027626514106710128,0.029499179844063906,0.02761944118184608,0.029492411983042467,2.3245294578089215e-16,0.0028480282811699977,1.000000000000011,0.9232498348020864,0.0146484375,0.0107421875,False,False,False,False,False,True,False,True,True,False
qft_6_Mutant_Add_ch_P7_Q4_[].qasm,Quratest_13,0.02830353870438402,0.06474892912318995,0.028227889152978955,0.06451779727837337,1.76087985338802e-16,0.018271685264661074,1.000000000000012,0.8997176871715215,0.018646907105765387,0.014556217894234613,False,True,False,True,False,True,False,True,True,True
qft_6_Mutant_Add_ch_P7_Q4_[].qasm,PureState_14,0.027880147837865507,0.02833680554700529,0.027875129707550277,0.02833193524662662,2.194425197110661e-16,0.0028480282811128256,1.000000000000011,0.9208162828071953,0.014648437499999997,0.018554687500000003,False,False,False,False,False,True,False,True,True,True
qft_6_Mutant_Add_ch_P7_Q4_[].qasm,Quratest_14,0.028894539929273634,0.08503933134713454,0.028031591456377812,0.08447570378234413,9.71648434454353e-17,0.03973411252750233,1.0000000000000093,0.9133507539385203,0.0010168802916397934,0.007852817791639793,False,True,False,True,False,True,False,True,False,False
qft_6_Mutant_Add_ch_P7_Q4_[].qasm,PureState_15,0.028497474909779344,0.024264123007000843,0.028492060702883192,0.024261008918550483,2.645453300864631e-16,0.0028480282811130277,1.0000000000000107,0.9169617738813216,0.009765624999999998,0.0034179687500000017,False,False,False,False,False,True,False,True,False,False
qft_6_Mutant_Add_ch_P7_Q4_[].qasm,Quratest_15,0.033018425194545196,0.06474144253610745,0.03240337611616604,0.06241788840066034,2.2319995786508617e-16,0.017528640165377307,1.0000000000000102,0.9100116186086205,0.004411772091866925,0.021467134158133075,False,True,False,True,False,True,False,True,False,True
qft_6_Mutant_Add_ch_P7_Q4_[].qasm,PureState_16,0.025118992475135948,0.022883953372698152,0.02511576284510944,0.02288090039890273,1.8561541192951836e-16,0.0028352338878935256,1.000000000000011,0.9156977150889971,0.008300781249999998,0.02294921875,False,False,False,False,False,True,False,True,False,True
qft_6_Mutant_Add_ch_P7_Q4_[].qasm,Quratest_16,0.029803660040537576,0.07436907321926535,0.029728658032048976,0.07404497441928383,3.329584871702984e-16,0.027138946698353268,1.000000000000011,0.9123240237902425,0.004371690798833816,0.041969347048833816,False,True,False,True,False,True,False,True,False,True
qft_6_Mutant_Add_ch_P7_Q4_[].qasm,PureState_17,0.027742128523469568,0.02863736932928255,0.027737257114648285,0.028631807752524677,2.1684043449710089e-16,0.0028352338878933556,1.000000000000011,0.9246402391527839,0.015136718749999993,0.011230468749999993,False,False,False,False,False,True,False,True,True,False
qft_6_Mutant_Add_ch_P7_Q4_[].qasm,Quratest_17,0.031519614571948934,0.0833598557381673,0.029715065492550072,0.08137442431114285,2.408487363540768e-16,0.02479893568746277,1.0000000000000107,0.915287134642989,6.895877048444798e-05,0.04206114627048445,False,True,False,True,False,True,False,True,False,True
qft_6_Mutant_Add_ch_P7_Q4_[].qasm,PureState_18,0.027805561432217497,0.029666415707056804,0.027800851897998382,0.02966101914854496,2.6107588313450947e-16,0.002848028281113051,1.000000000000011,0.9151376867664187,0.021484375,0.021484375,False,False,False,False,False,True,False,True,True,True
qft_6_Mutant_Add_ch_P7_Q4_[].qasm,Quratest_18,0.028051274722181167,0.08402755006632513,0.02776352397988031,0.07617178111817105,2.9475899531502397e-16,0.02811839180446986,1.000000000000011,0.9075243123938448,0.005870176902644519,0.00879986440264452,False,True,False,True,False,True,False,True,False,False
qft_6_Mutant_Add_ch_P7_Q4_[].qasm,PureState_19,0.029186873766332732,0.029479044651169354,0.029181636331879583,0.029472191629623116,2.177077962350893e-16,0.0028480282811128403,1.000000000000011,0.920357483751865,0.009277343750000007,0.013183593750000007,False,False,False,False,False,True,False,True,False,True
qft_6_Mutant_Add_ch_P7_Q4_[].qasm,Quratest_19,0.029473070608517383,0.07822155809437872,0.029449650517913064,0.07763657374750262,1.8767878418902983e-16,0.016636466116875772,1.0000000000000093,0.9017203313314708,0.0017768683782760954,0.007012194121723905,False,True,False,True,False,True,False,True,False,False
qft_6_Mutant_Add_ch_P7_Q4_[].qasm,PureState_20,0.026259599245614353,0.026455485407406287,0.026255667123914427,0.02645193496782075,2.498001805406602e-16,0.0028352338878935577,1.000000000000011,0.9179765913146528,0.0068359375,0.0146484375,False,False,False,False,False,True,False,True,False,True
qft_6_Mutant_Add_ch_P7_Q4_[].qasm,Quratest_20,0.03264094090867016,0.07323929413597917,0.031146249006648093,0.07281877456116773,3.384133793506161e-16,0.02832627231812877,1.0000000000000093,0.9024902143371232,0.029778502371746562,0.009283997628253438,False,True,False,True,False,True,False,True,True,False
qft_6_Mutant_Add_ch_P7_Q4_[].qasm,PureState_21,0.032798607446201014,0.026039667092215998,0.032791250409411325,0.026035079086711994,2.0383000842727483e-16,0.0028352338878935533,1.000000000000011,0.916519604178605,0.02246093750000002,0.01708984374999998,False,False,False,False,False,True,False,True,True,True
qft_6_Mutant_Add_ch_P7_Q4_[].qasm,Quratest_21,0.02472722185110858,0.06261807256763638,0.02470428044550877,0.06214713529329374,2.7159264420761886e-16,0.019916376171371528,1.000000000000011,0.8976474435821342,0.022281513472527107,0.016780986527472893,False,True,False,True,False,True,False,True,True,True
qft_6_Mutant_Add_ch_P7_Q4_[].qasm,PureState_22,0.03134865732922446,0.02997848237709468,0.03134253549512694,0.029973177895092167,2.1597307275911248e-16,0.0028480282811127536,1.0000000000000115,0.9211594767374215,0.02490234375,0.01025390625,False,False,False,False,False,True,False,True,True,False
qft_6_Mutant_Add_ch_P7_Q4_[].qasm,Quratest_22,0.031563926727245215,0.12190280825087488,0.0307886197678514,0.11856912132488442,2.096745357633295e-16,0.026536804002510933,1.000000000000011,0.9074105198123505,0.010226560969033321,0.01858203278096668,False,True,False,True,False,True,False,True,False,True
qft_6_Mutant_Add_ch_P7_Q4_[].qasm,PureState_23,0.02859605649873411,0.028288291182143533,0.02859048178021245,0.02828324686147939,2.1684043449710089e-16,0.0028352338875229375,1.0000000000000124,0.9159810140241915,0.004394531249999988,0.020996093749999986,False,False,False,False,False,True,False,True,False,True
qft_6_Mutant_Add_ch_P7_Q4_[].qasm,Quratest_23,0.03184321383896423,0.08921377125099801,0.030178036036344585,0.0863014620546811,2.807948101465896e-16,0.02190791327051411,1.000000000000011,0.910237068240696,0.007812500000002071,0.02050781250000207,False,True,False,True,False,True,False,True,False,True
qft_6_Mutant_Add_ch_P7_Q4_[].qasm,PureState_24,0.028281574074953363,0.02673179005191717,0.028275758418957752,0.0267260652330978,2.220446049250313e-16,0.0028480282811699335,1.000000000000011,0.9233371638084703,0.003417968750000012,0.018066406250000014,False,False,False,False,False,True,False,True,False,True
qft_6_Mutant_Add_ch_P7_Q4_[].qasm,Quratest_24,0.02933241809206234,0.0705748548418006,0.029315318147999113,0.07037514178706834,3.152317816501604e-16,0.018430016955229354,1.0000000000000115,0.9079336890820934,0.01612097994877354,0.001960823698773541,False,True,False,True,False,True,False,True,True,False
qft_6_Mutant_Add_ch_P7_Q4_[].qasm,PureState_25,0.027121534084031805,0.025595726456703313,0.027114563928732793,0.02559226614212759,2.7755575615628914e-16,0.0028352338878935976,1.000000000000011,0.9168209149857744,0.011718749999999988,0.008789062499999988,False,False,False,False,False,True,False,True,False,False
qft_6_Mutant_Add_ch_P7_Q4_[].qasm,Quratest_25,0.026745624143363303,0.1182215511114165,0.025526576438602105,0.11431173642846351,2.704720196184014e-16,0.021086577113811067,1.0000000000000115,0.9105902829783002,0.005562069555965624,0.0007855866940343764,False,True,False,True,False,True,False,True,False,False
qft_6_Mutant_Add_ch_P7_Q4_[].qasm,PureState_26,0.024642249050605632,0.026087185151227404,0.024638211267235623,0.026082791177887334,2.47198095326695e-16,0.002835233887522908,1.0000000000000115,0.9173959933947703,0.002929687499999988,0.017089843750000014,False,False,False,False,False,True,False,True,False,True
qft_6_Mutant_Add_ch_P7_Q4_[].qasm,Quratest_26,0.031152367216355423,0.07520595085952184,0.03088721587958687,0.07309001716020438,2.335303716897996e-16,0.014421500082798484,1.0000000000000115,0.9089255125624266,0.01051382515056428,0.01393179390056428,False,True,False,True,False,True,False,True,False,True
qft_6_Mutant_Add_ch_P7_Q4_[].qasm,PureState_27,0.028260404743305774,0.02730175299328223,0.028256315137499634,0.027296762232470406,2.5153490401663703e-16,0.0028480282811128924,1.000000000000011,0.9206951370121843,0.01611328125,0.015136718749999998,False,False,False,False,False,True,False,True,True,True
qft_6_Mutant_Add_ch_P7_Q4_[].qasm,Quratest_27,0.02990857414776095,0.08984194395557718,0.02960177510413141,0.08736671543401774,2.389039487071809e-16,0.03816408406760522,1.000000000000011,0.8950987919452309,0.01836419327778939,0.02471184952778939,False,True,False,True,False,True,False,True,True,True
qft_6_Mutant_Add_ch_P7_Q4_[].qasm,PureState_28,0.02784873338478048,0.027962470933895468,0.02784404914259895,0.027956598075048116,2.194425197110661e-16,0.0028352338875227874,1.0000000000000107,0.9216476779615864,0.020019531249999993,0.017578124999999993,False,False,False,False,False,True,False,True,True,True
qft_6_Mutant_Add_ch_P7_Q4_[].qasm,Quratest_28,0.02716309299516994,0.06680333322928184,0.026830196024818554,0.06543647021122106,2.0600200273610432e-16,0.028064818369271594,1.000000000000011,0.9061997861999491,0.0034310791806520385,0.04051423331934796,False,True,False,True,False,True,False,True,False,True
qft_6_Mutant_Add_ch_P7_Q4_[].qasm,PureState_29,0.02949686193565099,0.02912178532158359,0.029491455591915686,0.029110533767091964,2.3418766925686896e-16,0.0028352338878933486,1.000000000000011,0.9244360260563846,0.003906250000000007,0.017578124999999993,False,False,False,False,False,True,False,True,False,True
qft_6_Mutant_Add_ch_P7_Q4_[].qasm,Quratest_29,0.024979495630997765,0.1153091081391129,0.024027516867341305,0.10767475086247563,2.434668622544806e-16,0.03286441771636404,1.0000000000000115,0.9056362596946287,0.01422558310830771,0.05572948935830771,False,True,False,True,False,True,False,True,True,True
qft_6_Mutant_Add_ch_P7_Q4_[].qasm,PureState_30,0.026251818409880664,0.029281724064130665,0.026248344990825904,0.02927585711317089,2.5413698923060224e-16,0.0028480282811127015,1.0000000000000102,0.9225927537635381,0.013671875000000003,0.020996093750000003,False,False,False,False,False,True,False,True,True,True
qft_6_Mutant_Add_ch_P7_Q4_[].qasm,Quratest_30,0.030739107087875427,0.11003992949593686,0.02888006400506139,0.10217500722561008,1.526054791838342e-16,0.018567418616060656,1.000000000000011,0.9198026431396346,0.02564165097122012,0.04566118222122012,False,True,False,True,False,True,False,True,True,True
qft_6_Mutant_Add_ch_P7_Q4_[].qasm,PureState_31,0.026506040180252904,0.02536829741184959,0.026502075589632287,0.025364032968743278,2.220446049250313e-16,0.002848028281169976,1.000000000000011,0.9230550414098948,0.02001953125,0.009765625,False,False,False,False,False,True,False,True,True,False
qft_6_Mutant_Add_ch_P7_Q4_[].qasm,Quratest_31,0.026629341074456882,0.07485077504892876,0.025410664287703,0.07375204908081441,2.6625294850812775e-16,0.0231341351334853,1.0000000000000124,0.9023593703850302,0.0051970916554257215,0.0022674041554257215,False,True,False,True,False,True,False,True,False,False
qft_6_Mutant_Add_ch_P8_Q3_[].qasm,PureState_0,0.02753892848518148,0.030346552016632312,0.027534494889216308,0.030339209501049534,2.1163626406917047e-16,0.003201582370022539,1.000000000000011,0.9227681362084623,0.0146484375,0.01416015625,False,False,False,False,False,True,False,True,True,True
qft_6_Mutant_Add_ch_P8_Q3_[].qasm,Quratest_0,0.02768738770173308,0.06657412785099308,0.027118543660978097,0.06547158155041718,2.254293485822595e-16,0.011359597842559865,1.000000000000011,0.9158132348084603,0.01209668117006453,0.01720019382993547,False,True,False,True,False,True,False,True,True,True
qft_6_Mutant_Add_ch_P8_Q3_[].qasm,PureState_1,0.02540235549919186,0.029828641576955812,0.025398689169843596,0.02982279948026415,2.8102520310824275e-16,0.003185454107311041,1.000000000000011,0.916151606865516,0.02734375,0.003906250000000002,False,False,False,False,False,True,False,True,True,False
qft_6_Mutant_Add_ch_P8_Q3_[].qasm,Quratest_1,0.028647689768166357,0.07766479327164993,0.02780778902642816,0.07577786620404241,1.85001313042759e-16,0.034022375189136436,1.0000000000000107,0.909385718504945,0.009812294398726475,0.031691611851273525,False,True,False,True,False,True,False,True,False,True
qft_6_Mutant_Add_ch_P8_Q3_[].qasm,PureState_2,0.030139880844959662,0.026740340415006038,0.03013174043784329,0.02673514026069943,2.2898349882893854e-16,0.0032015823707145907,1.000000000000011,0.9201511192674136,0.025878906250000007,0.010742187499999993,False,False,False,False,False,True,False,True,True,False
qft_6_Mutant_Add_ch_P8_Q3_[].qasm,Quratest_2,0.032274645333569996,0.11325676484645136,0.030018844647184555,0.1075719315737647,2.6090986467684762e-16,0.045145590061683505,1.0000000000000107,0.894921373007321,0.0034179687499995624,4.375297867065253e-16,False,True,False,True,False,True,False,True,False,False
qft_6_Mutant_Add_ch_P8_Q3_[].qasm,PureState_3,0.025520815413469383,0.027736875007300325,0.025517427400792565,0.027731278973542474,2.480654570646834e-16,0.0031854541073109022,1.000000000000011,0.9220169654436423,0.02783203125,0.004394531249999998,False,False,False,False,False,True,False,True,True,False
qft_6_Mutant_Add_ch_P8_Q3_[].qasm,Quratest_3,0.02656404074513442,0.0668316129426593,0.02594987060674681,0.06275625747568023,2.413294275516436e-16,0.0138672332924362,1.000000000000011,0.9174507529161178,0.015000656784372526,0.028456374465627474,False,True,False,True,False,True,False,True,True,True
qft_6_Mutant_Add_ch_P8_Q3_[].qasm,PureState_4,0.02742581656199797,0.02582780444847402,0.02742041503009921,0.02582299341218375,2.662800535624399e-16,0.0031854541073108953,1.000000000000011,0.921705004275085,0.012207031249999998,0.01708984375,False,False,False,False,False,True,False,True,True,True
qft_6_Mutant_Add_ch_P8_Q3_[].qasm,Quratest_4,0.032845519280026825,0.11867424124787021,0.031625659692202046,0.11461287252214258,1.670499320333618e-16,0.03111904673116816,1.0000000000000093,0.9021378478655435,0.00216037079785171,0.00948458954785171,False,True,False,True,False,True,False,True,False,False
qft_6_Mutant_Add_ch_P8_Q3_[].qasm,PureState_5,0.02601120716625584,0.028907753773046913,0.026007828234904797,0.028899577522177776,2.229119666630197e-16,0.003201582370022725,1.000000000000011,0.9195942769559159,0.018066406250000007,0.005371093749999991,False,False,False,False,False,True,False,True,True,False
qft_6_Mutant_Add_ch_P8_Q3_[].qasm,Quratest_5,0.030096943830900037,0.08806273325724001,0.028460863441064674,0.08381640030864534,2.514374952277028e-16,0.02508432884065353,1.0000000000000115,0.9176210248460788,0.005714660202332772,0.001609558547667228,False,True,False,True,False,True,False,True,False,False
qft_6_Mutant_Add_ch_P8_Q3_[].qasm,PureState_6,0.030145136827769828,0.03081329249169025,0.030139214327192642,0.030806273795307836,1.8995222061946038e-16,0.0031854541066197485,1.000000000000011,0.9165001895754028,0.017089843749999986,0.025390624999999986,False,False,False,False,False,True,False,True,True,True
qft_6_Mutant_Add_ch_P8_Q3_[].qasm,Quratest_6,0.03132707541340892,0.037200717431293544,0.031315201685138815,0.037182235349416635,1.9038590148845458e-16,0.018340009491369443,1.000000000000011,0.916384806990616,0.0048828124999997155,0.0029296874999997155,False,False,False,False,False,True,False,True,False,False
qft_6_Mutant_Add_ch_P8_Q3_[].qasm,PureState_7,0.024149187583788544,0.023710785573508825,0.02414615849574766,0.023707646472744173,1.7694179454963432e-16,0.003185454106619667,1.000000000000011,0.9180149160026507,0.00439453124999999,0.00878906250000001,False,False,False,False,False,True,False,True,False,False
qft_6_Mutant_Add_ch_P8_Q3_[].qasm,Quratest_7,0.025304503699492564,0.06525852304323763,0.025284917030336605,0.0645170574412805,2.831597261353236e-16,0.030853402644449628,1.0000000000000107,0.903243355856678,0.014876254750898484,0.013411411000898484,False,True,False,True,False,True,False,True,True,True
qft_6_Mutant_Add_ch_P8_Q3_[].qasm,PureState_8,0.02908435480042302,0.02627583844671229,0.029079843088923377,0.026271534791317875,2.3592239273284576e-16,0.0032015823707146106,1.000000000000011,0.9191152060239111,0.018066406249999993,0.007812499999999995,False,False,False,False,False,True,False,True,True,False
qft_6_Mutant_Add_ch_P8_Q3_[].qasm,Quratest_8,0.026016447160515065,0.0951782105362084,0.02567784538498605,0.09341220193905918,3.1212825293142066e-16,0.03380211373360871,1.000000000000011,0.9023873334218813,0.022495302320417077,0.06734844767958292,False,True,False,True,False,True,False,True,True,True
qft_6_Mutant_Add_ch_P8_Q3_[].qasm,PureState_9,0.02872967206729426,0.031042876823175258,0.028724919587058813,0.031035757786568155,2.671474153004283e-16,0.0031854541073108554,1.000000000000011,0.9213716348060152,0.02832031249999998,0.01269531250000002,False,False,False,False,False,True,False,True,True,True
qft_6_Mutant_Add_ch_P8_Q3_[].qasm,Quratest_9,0.028080059410405044,0.05661153426345627,0.027522406988896783,0.05594037068365424,3.03136151163369e-16,0.02120610717918276,1.000000000000011,0.9063247257914578,0.002311521851147195,0.03209667810114719,False,True,False,True,False,True,False,True,False,True
qft_6_Mutant_Add_ch_P8_Q3_[].qasm,PureState_10,0.02888340570874794,0.0318958017631621,0.028877922865835744,0.031888527481522905,2.203098814490545e-16,0.003185454107310825,1.000000000000011,0.9238016704146027,0.0039062499999999983,0.02001953125,False,False,False,False,False,True,False,True,False,True
qft_6_Mutant_Add_ch_P8_Q3_[].qasm,Quratest_10,0.032225872950563096,0.06898007821297669,0.031187852377642176,0.06740544627057786,2.1491597564093912e-16,0.01576301471891378,1.000000000000011,0.915483018421801,0.0090249992080296,0.0100015617080296,False,True,False,True,False,True,False,True,False,False
qft_6_Mutant_Add_ch_P8_Q3_[].qasm,PureState_11,0.024686990696482197,0.02931874804228235,0.02468363423900914,0.029313164903859632,1.6740081543176188e-16,0.0031854541073110375,1.000000000000011,0.9163645813202823,0.008300781250000009,0.007812500000000009,False,False,False,False,False,True,False,True,False,False
qft_6_Mutant_Add_ch_P8_Q3_[].qasm,Quratest_11,0.034946852344569186,0.09614444067563156,0.03307831643767662,0.09258045335938861,1.926559497870961e-16,0.03433183987837786,1.000000000000012,0.8955754498562243,0.008789062500003086,0.014648437499996914,False,True,False,True,False,True,False,True,False,True
qft_6_Mutant_Add_ch_P8_Q3_[].qasm,PureState_12,0.029720162877932225,0.03218926344131672,0.02971352022740186,0.03218000886386247,2.1684043449710089e-16,0.003201582370022587,1.0000000000000102,0.9238034216357047,0.0034179687499999705,0.01464843750000003,False,False,False,False,False,True,False,True,False,True
qft_6_Mutant_Add_ch_P8_Q3_[].qasm,Quratest_12,0.029282448965528562,0.08178769928925794,0.027928501760087723,0.08111877929601798,2.223156554681527e-16,0.029291416857519813,1.0000000000000129,0.9019355810114005,0.01957945252743088,0.01752992247256912,False,True,False,True,False,True,False,True,True,True
qft_6_Mutant_Add_ch_P8_Q3_[].qasm,PureState_13,0.024297467894405737,0.030748022317009502,0.024294060440322823,0.03074105220961566,1.9081958235744878e-16,0.0031854541073108927,1.000000000000011,0.924059662696372,0.00927734375,0.0068359375,False,False,False,False,False,True,False,True,False,False
qft_6_Mutant_Add_ch_P8_Q3_[].qasm,Quratest_13,0.033809950260106636,0.06325203220342607,0.0325912971547481,0.06306275376611908,1.515104773412712e-16,0.017728109875813115,1.0000000000000124,0.900902043320912,0.011810969605765387,0.023345280394234613,False,True,False,True,False,True,False,True,False,True
qft_6_Mutant_Add_ch_P8_Q3_[].qasm,PureState_14,0.026603091763724624,0.032907882608427697,0.02659933785838514,0.03289894775074094,2.8536201179818477e-16,0.0031854541066195707,1.000000000000011,0.9216248711109795,0.0034179687500000035,0.030273437499999997,False,False,False,False,False,True,False,True,False,True
qft_6_Mutant_Add_ch_P8_Q3_[].qasm,Quratest_14,0.030936073136260473,0.08023781866275383,0.03010957594871506,0.07974410727350664,1.328757525016766e-16,0.03925068067631539,1.0000000000000098,0.9135176690150855,0.00044796345836020657,0.026895786541639793,False,True,False,True,False,True,False,True,False,True
qft_6_Mutant_Add_ch_P8_Q3_[].qasm,PureState_15,0.027430027833427992,0.028310731664813883,0.027423810828276742,0.028306269850614792,2.203098814490545e-16,0.00318545410661968,1.000000000000011,0.9177596404534591,0.006347656250000002,0.0034179687500000017,False,False,False,False,False,True,False,True,False,False
qft_6_Mutant_Add_ch_P8_Q3_[].qasm,Quratest_15,0.02740072015591561,0.06899527420423525,0.027042947985673384,0.06659839521089765,1.8411446954698374e-16,0.017678779531838294,1.0000000000000102,0.9107955475139116,0.014142915408133075,0.007306977908133075,False,True,False,True,False,True,False,True,True,False
qft_6_Mutant_Add_ch_P8_Q3_[].qasm,PureState_16,0.03132721550397932,0.030537996184960975,0.031321178371277014,0.03053296869257039,1.6566609195578508e-16,0.0032015823707146574,1.000000000000011,0.9164953850016582,0.013671874999999998,0.0224609375,False,False,False,False,False,True,False,True,True,True
qft_6_Mutant_Add_ch_P8_Q3_[].qasm,Quratest_16,0.026090050447216823,0.08044801994173777,0.02606060026088031,0.07999293982330581,2.924770885551209e-16,0.026482686706848897,1.000000000000011,0.9133470342299101,0.003883409548833816,0.004371690798833816,False,True,False,True,False,True,False,True,False,False
qft_6_Mutant_Add_ch_P8_Q3_[].qasm,PureState_17,0.025561207304364113,0.027053181460055833,0.02555756292159974,0.02704827060214631,2.2898349882893854e-16,0.003201582370714438,1.0000000000000115,0.9254501387419786,0.007324218749999993,0.009765625000000007,False,False,False,False,False,True,False,True,False,False
qft_6_Mutant_Add_ch_P8_Q3_[].qasm,Quratest_17,0.03360929217397869,0.09203580211772934,0.03147359551628725,0.08977546033502028,1.960440815761133e-16,0.024622028114699882,1.0000000000000102,0.9160227375359998,0.03362244747951555,0.016182240020484448,False,True,False,True,False,True,False,True,True,True
qft_6_Mutant_Add_ch_P8_Q3_[].qasm,PureState_18,0.03467179506574286,0.028733359761213745,0.0346645740684452,0.028727340450062068,2.92300905702092e-16,0.003185454106619779,1.0000000000000107,0.9159354811842407,0.008300781250000002,0.0019531250000000017,False,False,False,False,False,True,False,True,False,False
qft_6_Mutant_Add_ch_P8_Q3_[].qasm,Quratest_18,0.022781536217985628,0.08623552435029054,0.02174271733488702,0.07853640219467935,2.59652020750175e-16,0.027943981382662374,1.000000000000011,0.9080942416110179,1.0801902644519412e-05,0.01417095815264452,False,True,False,True,False,True,False,True,False,True
qft_6_Mutant_Add_ch_P8_Q3_[].qasm,PureState_19,0.03230500030680715,0.028622989708112136,0.032295770936716185,0.02861861592877437,2.749536709423239e-16,0.003185454106619646,1.0000000000000107,0.9211658568268777,0.008300781249999993,0.003906249999999993,False,False,False,False,False,True,False,True,False,False
qft_6_Mutant_Add_ch_P8_Q3_[].qasm,Quratest_19,0.0303191840335843,0.07000562454312283,0.030248382133012834,0.06882559786836544,1.8377904449987104e-16,0.01630001215487263,1.0000000000000098,0.9026816317643911,0.019843274628276095,0.008612805878276095,False,True,False,True,False,True,False,True,True,False
qft_6_Mutant_Add_ch_P8_Q3_[].qasm,PureState_20,0.02956645263446456,0.024956728063584,0.029559610225246596,0.024950760834681025,2.654126918244515e-16,0.003201582370714563,1.000000000000011,0.9187747994875766,0.01708984375,0.0107421875,False,False,False,False,False,True,False,True,True,False
qft_6_Mutant_Add_ch_P8_Q3_[].qasm,Quratest_20,0.027613659947205944,0.07669165547735472,0.025870167544596718,0.07599508882781555,2.8829613392747366e-16,0.027766075324615135,1.0000000000000098,0.9034143248398914,0.016119935128253438,0.023932435128253438,False,True,False,True,False,True,False,True,True,True
qft_6_Mutant_Add_ch_P8_Q3_[].qasm,PureState_21,0.031727860743952396,0.029581262129537652,0.03171749060535249,0.02957092235260272,2.1250362580715887e-16,0.003201582370714616,1.000000000000011,0.9173175583251767,0.007324218750000021,0.0004882812499999792,False,False,False,False,False,True,False,True,False,False
qft_6_Mutant_Add_ch_P8_Q3_[].qasm,Quratest_21,0.028019820685164742,0.06398900475499358,0.02660854017640684,0.06332028439669041,2.320463699662101e-16,0.01979084278221963,1.0000000000000107,0.898819269786673,0.010433330277472893,0.031917705277472896,False,True,False,True,False,True,False,True,False,True
qft_6_Mutant_Add_ch_P8_Q3_[].qasm,PureState_22,0.025729442241895578,0.02858927124449794,0.025726079361186645,0.028581105283328103,2.445960101127298e-16,0.003185454106619489,1.0000000000000115,0.9219683669265394,0.0107421875,0.02783203125,False,False,False,False,False,True,False,True,False,True
qft_6_Mutant_Add_ch_P8_Q3_[].qasm,Quratest_22,0.03761112893998703,0.11976705709609006,0.03588160165232565,0.11624339899739479,2.3629000503195413e-16,0.026170941942593614,1.000000000000011,0.9084002503913091,0.01711718903096668,0.05373828278096668,False,True,False,True,False,True,False,True,True,True
qft_6_Mutant_Add_ch_P8_Q3_[].qasm,PureState_23,0.02677478927458721,0.03074482924795553,0.02677102044865276,0.030738622764735244,2.411265631607762e-16,0.0032015823700226364,1.0000000000000124,0.9167781776648226,0.002441406249999988,0.019042968750000014,False,False,False,False,False,True,False,True,False,True
qft_6_Mutant_Add_ch_P8_Q3_[].qasm,Quratest_23,0.034530096782269745,0.0835846306545511,0.03241792525557862,0.08012578493929912,2.0639143605977184e-16,0.021844064947566907,1.000000000000011,0.9109821511177557,0.009277343749997929,0.01953125000000207,False,True,False,True,False,True,False,True,False,True
qft_6_Mutant_Add_ch_P8_Q3_[].qasm,PureState_24,0.030031358260258063,0.02686803224767956,0.030024031421116003,0.026863447458205358,2.0556473190325164e-16,0.003185454107310897,1.000000000000011,0.924146562518698,0.009765624999999988,0.012207031250000012,False,False,False,False,False,True,False,True,False,True
qft_6_Mutant_Add_ch_P8_Q3_[].qasm,Quratest_24,0.02919151129247149,0.06715427731986955,0.029177370555842214,0.06698046287616351,3.036850285131898e-16,0.018312321679770295,1.0000000000000115,0.9085394864827387,0.01757042630122646,0.011238167448773541,False,True,False,True,False,True,False,True,True,False
qft_6_Mutant_Add_ch_P8_Q3_[].qasm,PureState_25,0.03115424283988724,0.027661827272003392,0.031144389409424343,0.027654017807539243,2.749536709423239e-16,0.0032015823707146167,1.000000000000011,0.9176191323607463,0.019531250000000014,1.214306433183765e-17,False,False,False,False,False,True,False,True,True,False
qft_6_Mutant_Add_ch_P8_Q3_[].qasm,Quratest_25,0.022883920453958196,0.11768762113805344,0.022192728439108394,0.11384281527208744,2.203378335363139e-16,0.02057810602404283,1.000000000000012,0.9115544113944807,0.0017621491940343764,0.019233944555965624,False,True,False,True,False,True,False,True,False,True
qft_6_Mutant_Add_ch_P8_Q3_[].qasm,PureState_26,0.030263021285999593,0.030285173491880518,0.030255889707699934,0.0302787896402742,2.246466901389965e-16,0.0032015823700227257,1.000000000000011,0.9181936538385184,0.007812500000000012,0.002441406250000012,False,False,False,False,False,True,False,True,False,False
qft_6_Mutant_Add_ch_P8_Q3_[].qasm,Quratest_26,0.027291926181000254,0.07300777760970732,0.02670432846648614,0.0712459659204428,2.1347940776239582e-16,0.01419487243651715,1.000000000000011,0.9099484054341624,0.00852914359943572,0.01100210640056428,False,True,False,True,False,True,False,True,False,False
qft_6_Mutant_Add_ch_P8_Q3_[].qasm,PureState_27,0.03026732779610081,0.02898816403234333,0.030261061544878946,0.028980107566397992,2.8449465006019636e-16,0.00318545410661962,1.000000000000011,0.9215038072176556,0.009765624999999998,0.006347656249999998,False,False,False,False,False,True,False,True,False,False
qft_6_Mutant_Add_ch_P8_Q3_[].qasm,Quratest_27,0.03513881436828645,0.08277847514690231,0.0341955484586015,0.08107633393471438,1.7873750439781344e-16,0.03754349369365283,1.000000000000011,0.8960082782114724,0.01435065047221061,0.00653815047221061,False,True,False,True,False,True,False,True,True,False
qft_6_Mutant_Add_ch_P8_Q3_[].qasm,PureState_28,0.027173468235774264,0.02412304516841917,0.027169331521109702,0.024119116394574217,2.255140518769849e-16,0.0032015823700224924,1.0000000000000098,0.922455594675711,0.013183593749999991,0.005859374999999991,False,False,False,False,False,True,False,True,True,False
qft_6_Mutant_Add_ch_P8_Q3_[].qasm,Quratest_28,0.02884097817959192,0.06459489555357248,0.027453505669842303,0.06288453621878279,2.0297269858809017e-16,0.027772005526279783,1.0000000000000115,0.9071611821659028,0.0038931395693479615,0.05467438956934796,False,True,False,True,False,True,False,True,False,True
qft_6_Mutant_Add_ch_P8_Q3_[].qasm,PureState_29,0.023995595091976563,0.023976640369187837,0.023992077222537354,0.023973867545731258,2.3765711620882257e-16,0.0032015823707143964,1.000000000000011,0.925245745154722,0.011230468749999993,0.03222656250000001,False,False,False,False,False,True,False,True,False,True
qft_6_Mutant_Add_ch_P8_Q3_[].qasm,Quratest_29,0.023261619842868994,0.1093192435479033,0.023204113210143814,0.1016167584541391,2.7438146048178424e-16,0.031963083603365174,1.000000000000011,0.9067562537716037,0.00055370810830771,0.03033886435830771,False,True,False,True,False,True,False,True,False,True
qft_6_Mutant_Add_ch_P8_Q3_[].qasm,PureState_30,0.025597908874186965,0.030898543780594465,0.025593992121475253,0.030890779865235883,2.3592239273284576e-16,0.003185454106619457,1.000000000000011,0.9234014252142415,0.016113281250000003,0.0068359374999999965,False,False,False,False,False,True,False,True,True,False
qft_6_Mutant_Add_ch_P8_Q3_[].qasm,Quratest_30,0.030588428182617713,0.10258823159764183,0.029486093037689343,0.09609530122392332,2.1215888339762637e-16,0.01833366282977969,1.000000000000011,0.9207306629750974,0.00512006777877988,0.06275102597122012,False,True,False,True,False,True,False,True,False,True
qft_6_Mutant_Add_ch_P8_Q3_[].qasm,PureState_31,0.024557869439763704,0.03165352090800052,0.024554050120787065,0.03164601272986887,2.5587171270657905e-16,0.0031854541073107973,1.000000000000011,0.9238641918125191,0.00390625,0.01025390625,False,False,False,False,False,True,False,True,False,False
qft_6_Mutant_Add_ch_P8_Q3_[].qasm,Quratest_31,0.030737090686435493,0.07433893800043738,0.030401195943916978,0.0725315837867996,2.755398177418239e-16,0.02308470375413922,1.000000000000012,0.9035568656623805,0.0012908416554257215,0.010079904155425722,False,True,False,True,False,True,False,True,False,False
qft_6_Mutant_Add_cp_P11_Q4_[6.283185307179586].qasm,PureState_0,0.02566600590503954,0.03380243314937312,0.02566198998109449,0.03379327134746119,0.0,0.0028724677859459325,1.000000000000011,0.9223599345120286,0.0078125,0.0,False,False,False,False,False,True,False,True,False,False
qft_6_Mutant_Add_cp_P11_Q4_[6.283185307179586].qasm,Quratest_0,0.02928767074836087,0.06686533219586147,0.029236646966813634,0.0657160362526444,4.895850435129856e-17,0.01122307106481284,1.000000000000011,0.9157927107671574,0.00792285007993547,0.03429003757993547,False,True,False,True,False,True,False,True,False,True
qft_6_Mutant_Add_cp_P11_Q4_[6.283185307179586].qasm,PureState_1,0.026695006113317123,0.03058026290694574,0.026691691278745378,0.030572919941951153,0.0,0.0028724677863178954,1.000000000000011,0.9159283097188451,0.014160156249999998,0.01708984375,False,False,False,False,False,True,False,True,True,True
qft_6_Mutant_Add_cp_P11_Q4_[6.283185307179586].qasm,Quratest_1,0.0240940059711738,0.0795847876850114,0.023744200284229963,0.07773133996212687,3.16722559637328e-17,0.0344466146739956,1.0000000000000098,0.9091604690009786,0.009812294398726475,0.016066611851273525,False,True,False,True,False,True,False,True,False,True
qft_6_Mutant_Add_cp_P11_Q4_[6.283185307179586].qasm,PureState_2,0.02583905610951553,0.029958270885099926,0.02583565826053214,0.029951863543797457,0.0,0.002872467786317426,1.000000000000012,0.919749917426962,0.008300781250000007,0.009765625000000007,False,False,False,False,False,True,False,True,False,False
qft_6_Mutant_Add_cp_P11_Q4_[6.283185307179586].qasm,Quratest_2,0.033991451883312415,0.121513744350352,0.033017989495235746,0.11534536713780005,4.42591655599317e-17,0.04535212499870892,1.000000000000011,0.8947493885599166,0.023437500000000437,0.011230468749999563,False,True,False,True,False,True,False,True,True,False
qft_6_Mutant_Add_cp_P11_Q4_[6.283185307179586].qasm,PureState_3,0.029315253005164178,0.02619795935489066,0.02930424850317383,0.026193352458159767,6.158268339717665e-17,0.0028724677863177723,1.000000000000011,0.9217880981604479,0.0205078125,0.03662109375,False,False,False,False,False,True,False,True,True,True
qft_6_Mutant_Add_cp_P11_Q4_[6.283185307179586].qasm,Quratest_3,0.029785212879698326,0.06596354629182011,0.028720201357428636,0.0627721037672838,7.750012654197946e-17,0.013873653674486739,1.0000000000000129,0.9173271759946476,0.0016009057156274736,0.028456374465627474,False,True,False,True,False,True,False,True,False,True
qft_6_Mutant_Add_cp_P11_Q4_[6.283185307179586].qasm,PureState_4,0.027389874893606475,0.025856266379974253,0.027384958347622734,0.02585184119923155,0.0,0.002872467786317749,1.000000000000011,0.9214754395200351,0.02294921875,0.004394531250000002,False,False,False,False,False,True,False,True,True,False
qft_6_Mutant_Add_cp_P11_Q4_[6.283185307179586].qasm,Quratest_4,0.02682613389984878,0.12135318866776175,0.025645895762621333,0.11662420198449659,8.107142920584041e-17,0.032243440904545326,1.000000000000011,0.901872398150512,0.00516384795214829,0.00809353545214829,False,True,False,True,False,True,False,True,False,False
qft_6_Mutant_Add_cp_P11_Q4_[6.283185307179586].qasm,PureState_5,0.028170512210355634,0.03158235921995789,0.02816553454531487,0.031569639716165554,0.0,0.0028724677859460774,1.000000000000011,0.9191937467428664,0.018066406250000007,0.012695312500000009,False,False,False,False,False,True,False,True,True,True
qft_6_Mutant_Add_cp_P11_Q4_[6.283185307179586].qasm,Quratest_5,0.03239538945817502,0.0915566531854556,0.03136191925326967,0.08721276737583945,8.683442962072185e-17,0.026157990854784232,1.0000000000000115,0.9171371779194849,0.003273253952332772,0.015968566452332772,False,True,False,True,False,True,False,True,False,True
qft_6_Mutant_Add_cp_P11_Q4_[6.283185307179586].qasm,PureState_6,0.026280856319566115,0.024672244023856548,0.026277557267351703,0.024669307090500858,5.811323644522304e-17,0.0028724677859463974,1.000000000000011,0.916278148617879,0.015136718750000014,0.012695312499999986,False,False,False,False,False,True,False,True,True,True
qft_6_Mutant_Add_cp_P11_Q4_[6.283185307179586].qasm,Quratest_6,0.028157477471774467,0.033628308117384056,0.028148482038747438,0.03361073997961331,1.214306433183765e-17,0.018315559732324946,1.000000000000011,0.9160257942401584,0.025390624999999716,0.009765624999999716,False,False,False,False,False,True,False,True,True,False
qft_6_Mutant_Add_cp_P11_Q4_[6.283185307179586].qasm,PureState_7,0.02957138096189214,0.03288533413380469,0.029565166765570396,0.03287695586028949,5.117434254131581e-17,0.0028724677859464738,1.000000000000011,0.9177941299144026,0.01025390624999999,0.0014648437499999896,False,False,False,False,False,True,False,True,False,False
qft_6_Mutant_Add_cp_P11_Q4_[6.283185307179586].qasm,Quratest_7,0.027461660340020486,0.059723623264071324,0.026821857192954657,0.05918117910818866,8.088148206741863e-17,0.03164954368723625,1.0000000000000098,0.9028446163927503,0.014420620249101516,0.016373745249101516,False,True,False,True,False,True,False,True,True,True
qft_6_Mutant_Add_cp_P11_Q4_[6.283185307179586].qasm,PureState_8,0.033014480187007623,0.026857795986062943,0.03300452879388993,0.02685405021993261,5.204170427930421e-17,0.002872467786317511,1.000000000000011,0.9187148223094544,0.004882812500000005,0.0009765625000000052,False,False,False,False,False,True,False,True,False,False
qft_6_Mutant_Add_cp_P11_Q4_[6.283185307179586].qasm,Quratest_8,0.028015364735933843,0.09997782999122545,0.02798412904088289,0.09765217548976818,6.29108310584714e-17,0.033743739303900774,1.000000000000011,0.9023011915199382,0.017055478929582923,0.03951641642958292,False,True,False,True,False,True,False,True,True,True
qft_6_Mutant_Add_cp_P11_Q4_[6.283185307179586].qasm,PureState_9,0.030152250672264826,0.027075139371895506,0.030146558805757263,0.027070298506749066,0.0,0.0028724677863177514,1.000000000000011,0.9211421535646379,0.004882812500000021,0.01025390624999998,False,False,False,False,False,True,False,True,False,False
qft_6_Mutant_Add_cp_P11_Q4_[6.283185307179586].qasm,Quratest_9,0.024601150885999835,0.06023761369754807,0.024578736039387206,0.05919838112351435,3.84281907510331e-17,0.021258630280189622,1.0000000000000115,0.9064005678206182,0.003059571898852805,0.015006834351147195,False,True,False,True,False,True,False,True,False,True
qft_6_Mutant_Add_cp_P11_Q4_[6.283185307179586].qasm,PureState_10,0.0293371399192604,0.028237767324920622,0.029332807836344815,0.02823267936695395,0.0,0.002872467786317609,1.000000000000011,0.9235729140699126,0.005371093750000002,0.014648437499999998,False,False,False,False,False,True,False,True,False,True
qft_6_Mutant_Add_cp_P11_Q4_[6.283185307179586].qasm,Quratest_10,0.032075860982189404,0.06725483334892969,0.03032771773785659,0.06518980000534459,8.187420468160067e-17,0.01534812758314838,1.000000000000011,0.915472483798131,0.0153726554580296,0.0022054695419704007,False,True,False,True,False,True,False,True,True,False
qft_6_Mutant_Add_cp_P11_Q4_[6.283185307179586].qasm,PureState_11,0.028825419217121128,0.026260456944009133,0.028817950456168754,0.026255878428005808,3.903127820947816e-17,0.0028724677863179067,1.000000000000011,0.9161421441140601,0.021972656250000007,0.012207031249999991,False,False,False,False,False,True,False,True,True,True
qft_6_Mutant_Add_cp_P11_Q4_[6.283185307179586].qasm,Quratest_11,0.037951422700341096,0.10677132413464845,0.035833724567592096,0.10225326135304648,2.8866882842426556e-17,0.03530622243974399,1.000000000000011,0.895061386252473,0.009277343750003086,0.0019531249999969137,False,True,False,True,False,True,False,True,False,False
qft_6_Mutant_Add_cp_P11_Q4_[6.283185307179586].qasm,PureState_12,0.02680113380663849,0.023946048185635047,0.026796375466704058,0.023942944975146145,5.898059818321144e-17,0.0028724677859458744,1.000000000000011,0.9233960320002599,0.0048828124999999705,0.026367187500000028,False,False,False,False,False,True,False,True,False,True
qft_6_Mutant_Add_cp_P11_Q4_[6.283185307179586].qasm,Quratest_12,0.025245828448097446,0.08395667088064311,0.025168852134638185,0.08303630561010786,2.7667484189114466e-17,0.029384088255787994,1.0000000000000124,0.9026581953858457,0.03276304627743088,0.01801820372256912,False,True,False,True,False,True,False,True,True,True
qft_6_Mutant_Add_cp_P11_Q4_[6.283185307179586].qasm,PureState_13,0.025891039179545574,0.02715970155021802,0.025887129757939473,0.027155230463885804,0.0,0.0028724677863176777,1.000000000000012,0.9238308414864176,0.01611328125,0.01611328125,False,False,False,False,False,True,False,True,True,True
qft_6_Mutant_Add_cp_P11_Q4_[6.283185307179586].qasm,Quratest_13,0.03118117027920045,0.059201294145332414,0.03091932225343409,0.05896725661533994,7.708677446371937e-17,0.01850284648963302,1.0000000000000133,0.9001531115698083,0.002045344605765387,0.013579655394234613,False,True,False,True,False,True,False,True,False,True
qft_6_Mutant_Add_cp_P11_Q4_[6.283185307179586].qasm,PureState_14,0.026880059682199753,0.030088265342090918,0.02687558692856337,0.03008149335541875,7.19910242530375e-17,0.002872467785946296,1.0000000000000115,0.9213964177706964,0.011718749999999997,0.0024414062500000035,False,False,False,False,False,True,False,True,False,False
qft_6_Mutant_Add_cp_P11_Q4_[6.283185307179586].qasm,Quratest_14,0.025534924746420655,0.0807847309065234,0.02549103231914615,0.08029683146729255,3.97089045672816e-18,0.03973598146799465,1.0000000000000102,0.9138908225508413,0.03511593220836021,0.017618442791639793,False,True,False,True,False,True,False,True,True,True
qft_6_Mutant_Add_cp_P11_Q4_[6.283185307179586].qasm,PureState_15,0.026285216173951707,0.02780996557475141,0.026280257681768997,0.027804602809066208,0.0,0.002872467785946355,1.000000000000011,0.9175379381880037,0.006835937500000002,0.007324218749999998,False,False,False,False,False,True,False,True,False,False
qft_6_Mutant_Add_cp_P11_Q4_[6.283185307179586].qasm,Quratest_15,0.02804888423835584,0.06266437619337835,0.02685928480473308,0.06019268545253702,3.155028321932818e-17,0.0174210938509868,1.000000000000011,0.9107007754204636,0.004377290408133075,0.013166352908133075,False,True,False,True,False,True,False,True,False,True
qft_6_Mutant_Add_cp_P11_Q4_[6.283185307179586].qasm,PureState_16,0.024472523734353834,0.02789467818797433,0.02446947959366107,0.027887445875540078,3.729655473350135e-17,0.0028724677863175467,1.000000000000011,0.916094625937778,0.015625,0.0019531249999999983,False,False,False,False,False,True,False,True,True,False
qft_6_Mutant_Add_cp_P11_Q4_[6.283185307179586].qasm,Quratest_16,0.031639168015154887,0.06826634915744431,0.031067062116483808,0.06799030001647326,5.627009275199768e-17,0.0273190878594344,1.000000000000011,0.9133049441291867,0.010231065798833816,0.030250597048833816,False,True,False,True,False,True,False,True,False,True
qft_6_Mutant_Add_cp_P11_Q4_[6.283185307179586].qasm,PureState_17,0.027673993696925112,0.02448480283353729,0.02766961631031294,0.024480831597508763,0.0,0.0028724677863173264,1.0000000000000124,0.9250413898253788,0.007812500000000007,0.012695312500000007,False,False,False,False,False,True,False,True,False,True
qft_6_Mutant_Add_cp_P11_Q4_[6.283185307179586].qasm,Quratest_17,0.03235990226491028,0.08808975812372051,0.0313681829219251,0.08614622833050306,6.943976101590754e-17,0.024754243456239854,1.0000000000000107,0.9157341613695449,0.002998646270484448,0.003486927520484448,False,True,False,True,False,True,False,True,False,False
qft_6_Mutant_Add_cp_P11_Q4_[6.283185307179586].qasm,PureState_18,0.02777612739400491,0.03266010133157048,0.027770821484894362,0.032651098696529844,0.0,0.0028724677859464313,1.000000000000011,0.9157127683222029,0.0024414062499999983,0.009765624999999998,False,False,False,False,False,True,False,True,False,False
qft_6_Mutant_Add_cp_P11_Q4_[6.283185307179586].qasm,Quratest_18,0.027292990645766152,0.08592514484992361,0.02614025400164464,0.07771290929660528,2.1917824543152276e-17,0.02799356603523844,1.0000000000000124,0.9081027304827023,0.02098529184735548,0.006846739402644519,False,True,False,True,False,True,False,True,True,False
qft_6_Mutant_Add_cp_P11_Q4_[6.283185307179586].qasm,PureState_19,0.030288476192272686,0.026717699567801283,0.030283378334671398,0.026713238686203195,0.0,0.002872467785946308,1.000000000000011,0.9209369302388039,0.003417968749999993,0.018554687499999993,False,False,False,False,False,True,False,True,False,True
qft_6_Mutant_Add_cp_P11_Q4_[6.283185307179586].qasm,Quratest_19,0.03031284742945098,0.07870822022019136,0.03022461096297636,0.07782118450315742,3.629366772395226e-17,0.01670242491871156,1.0000000000000102,0.9022322577564434,0.010565930878276095,0.0026176628717239046,False,True,False,True,False,True,False,True,False,False
qft_6_Mutant_Add_cp_P11_Q4_[6.283185307179586].qasm,PureState_20,0.025621127537904097,0.026918817431898886,0.02561727611966121,0.026912896305022152,4.163336342344337e-17,0.0028724677863174513,1.000000000000011,0.9183745645342712,0.0,0.0166015625,False,False,False,False,False,True,False,True,False,True
qft_6_Mutant_Add_cp_P11_Q4_[6.283185307179586].qasm,Quratest_20,0.027711478011330292,0.08263909512386149,0.02627501445096419,0.08192910214682766,5.0611912664338954e-17,0.028331776149452852,1.0000000000000102,0.9034487802400417,0.0019464711217465633,0.0004816273717465633,False,True,False,True,False,True,False,True,False,False
qft_6_Mutant_Add_cp_P11_Q4_[6.283185307179586].qasm,PureState_21,0.029448118846649968,0.026900967673894875,0.029441905353000248,0.026895926147267837,0.0,0.0028724677863175762,1.000000000000011,0.9169160627724572,0.01611328125000002,0.00976562499999998,False,False,False,False,False,True,False,True,True,False
qft_6_Mutant_Add_cp_P11_Q4_[6.283185307179586].qasm,Quratest_21,0.027576464156764333,0.06711080785489174,0.027544460651702855,0.06635466480881351,2.721347452938616e-17,0.01981786311780278,1.0000000000000107,0.8986659964948333,0.002132549027472893,0.011539325972527107,False,True,False,True,False,True,False,True,False,False
qft_6_Mutant_Add_cp_P11_Q4_[6.283185307179586].qasm,PureState_22,0.03208828158825739,0.030882150322820916,0.032075843962184866,0.030873364180302686,6.418476861114186e-17,0.002872467785946335,1.0000000000000115,0.9217398280078751,0.00048828125,0.01904296875,False,False,False,False,False,True,False,True,False,True
qft_6_Mutant_Add_cp_P11_Q4_[6.283185307179586].qasm,Quratest_22,0.03016585488625968,0.125093989144395,0.02982132764410142,0.12103410160199413,6.053913880615935e-17,0.026380485086065702,1.000000000000011,0.9083203317543507,0.014132810969033321,0.02932422028096668,False,True,False,True,False,True,False,True,True,True
qft_6_Mutant_Add_cp_P11_Q4_[6.283185307179586].qasm,PureState_23,0.024443607322943543,0.02662011803262561,0.024440637777092468,0.0266156786272077,0.0,0.0028724677859461017,1.000000000000012,0.9163773909199575,0.009277343749999988,0.010742187500000012,False,False,False,False,False,True,False,True,False,False
qft_6_Mutant_Add_cp_P11_Q4_[6.283185307179586].qasm,Quratest_23,0.027120598120586824,0.08609224520463281,0.026475280435035276,0.08321916583362307,5.575509672006707e-17,0.021792404349221,1.000000000000011,0.9111276158190225,0.011230468749997929,0.03662109374999793,False,True,False,True,False,True,False,True,False,True
qft_6_Mutant_Add_cp_P11_Q4_[6.283185307179586].qasm,PureState_24,0.03230517664689824,0.03325145155570977,0.03229833583801927,0.03324152979884769,5.117434254131581e-17,0.002872467786317669,1.000000000000011,0.9239189344318207,0.0019531249999999879,0.016601562499999986,False,False,False,False,False,True,False,True,False,True
qft_6_Mutant_Add_cp_P11_Q4_[6.283185307179586].qasm,Quratest_24,0.03087936432080252,0.06620855595035989,0.03086029379496179,0.06598491710191196,2.6075062248276382e-17,0.018358108878892998,1.0000000000000115,0.9087367920257766,0.01905066744877354,0.014167854948773541,False,True,False,True,False,True,False,True,True,True
qft_6_Mutant_Add_cp_P11_Q4_[6.283185307179586].qasm,PureState_25,0.028370528165282613,0.030238165896487146,0.02836558869362271,0.030232361019398617,0.0,0.0028724677863174774,1.000000000000011,0.9172175040797712,0.029296875000000014,0.020996093750000014,False,False,False,False,False,True,False,True,True,True
qft_6_Mutant_Add_cp_P11_Q4_[6.283185307179586].qasm,Quratest_25,0.028999441992824095,0.11378575805230867,0.028411683320118543,0.11007754511937151,7.882149793969617e-17,0.021197442456149487,1.000000000000012,0.9114168301703838,0.008491757055965624,0.025093319555965624,False,True,False,True,False,True,False,True,False,True
qft_6_Mutant_Add_cp_P11_Q4_[6.283185307179586].qasm,PureState_26,0.02768814568411646,0.028756402042730028,0.027683259707106053,0.02874971510434004,4.423544863740858e-17,0.0028724677859460895,1.000000000000011,0.9177936657359136,0.0014648437499999879,0.006835937499999988,False,False,False,False,False,True,False,True,False,False
qft_6_Mutant_Add_cp_P11_Q4_[6.283185307179586].qasm,Quratest_26,0.029763640017958875,0.07870351667983343,0.02948098118367012,0.07692617343883693,6.419832113829793e-17,0.014444025754262138,1.000000000000012,0.9097205082637768,0.00904898140056428,0.0026697685994357193,False,True,False,True,False,True,False,True,False,False
qft_6_Mutant_Add_cp_P11_Q4_[6.283185307179586].qasm,PureState_27,0.0298102918084766,0.025927656808053028,0.02980402092023876,0.025923020617196806,0.0,0.002872467785946283,1.000000000000011,0.9212747961734085,0.033203125,0.007812500000000002,False,False,False,False,False,True,False,True,True,False
qft_6_Mutant_Add_cp_P11_Q4_[6.283185307179586].qasm,Quratest_27,0.03180460913482987,0.09072192903140285,0.031222919121040537,0.08829301229486505,2.041010589703962e-17,0.03702420460209631,1.0000000000000102,0.8961011495837752,0.02313971297221061,0.0021436192222106104,False,True,False,True,False,True,False,True,True,False
qft_6_Mutant_Add_cp_P11_Q4_[6.283185307179586].qasm,PureState_28,0.028743374426357254,0.029854367163435296,0.028738237946209583,0.02984804567480401,0.0,0.0028724677859458814,1.000000000000011,0.9220475318669165,0.0034179687500000087,0.0029296874999999913,False,False,False,False,False,True,False,True,False,False
qft_6_Mutant_Add_cp_P11_Q4_[6.283185307179586].qasm,Quratest_28,0.031746763348711904,0.06792843558797779,0.030691147066024174,0.0663753437747653,7.290243170428312e-17,0.028409847326578523,1.000000000000012,0.906747142551513,0.01854157706934796,0.03026032706934796,False,True,False,True,False,True,False,True,True,True
qft_6_Mutant_Add_cp_P11_Q4_[6.283185307179586].qasm,PureState_29,0.027626187607993537,0.02700832017512692,0.027620253410090362,0.02700427296046718,0.0,0.0028724677863173117,1.000000000000012,0.9248370878384498,0.016113281250000007,0.019042968749999993,False,False,False,False,False,True,False,True,True,True
qft_6_Mutant_Add_cp_P11_Q4_[6.283185307179586].qasm,Quratest_29,0.025336439659950874,0.1158600929824767,0.02406926014649094,0.10817135788295258,9.364118638485741e-17,0.03301140333294716,1.000000000000011,0.9063098854956753,0.00543652060830771,0.04938183310830771,False,True,False,True,False,True,False,True,False,True
qft_6_Mutant_Add_cp_P11_Q4_[6.283185307179586].qasm,PureState_30,0.03154296885341071,0.027758483528878553,0.03153716844896368,0.02775373887337164,0.0,0.002872467785946191,1.0000000000000102,0.9231734651413781,0.023925781249999997,0.011718750000000003,False,False,False,False,False,True,False,True,True,False
qft_6_Mutant_Add_cp_P11_Q4_[6.283185307179586].qasm,Quratest_30,0.030237799771182683,0.10794372671711082,0.030104880084493045,0.10087207875036659,3.271071835706657e-17,0.017994663089927414,1.000000000000011,0.9206227591928478,0.00512006777877988,0.05054399472122012,False,True,False,True,False,True,False,True,False,True
qft_6_Mutant_Add_cp_P11_Q4_[6.283185307179586].qasm,PureState_31,0.02779998635098714,0.029710390779456263,0.027793991010725667,0.02970308392245652,2.862293735361732e-17,0.002872467786317729,1.000000000000011,0.9236366340971313,0.0029296875,0.00732421875,False,False,False,False,False,True,False,True,False,False
qft_6_Mutant_Add_cp_P11_Q4_[6.283185307179586].qasm,Quratest_31,0.03612763155464343,0.07850722973569745,0.03473238668090018,0.07717243517074723,6.956173376031216e-17,0.02300691882347794,1.0000000000000129,0.9034032960002883,0.0055450958445742785,0.010079904155425722,False,True,False,True,False,True,False,True,False,False
qft_6_Mutant_Add_cx_P12_Q3_[].qasm,PureState_0,0.03208774491295589,0.026557516083182738,0.03207769018262904,0.02655330952043029,0.0,0.0032122366802653747,1.000000000000011,0.9232760838189111,0.02197265625,0.0263671875,False,False,False,False,False,True,False,True,True,True
qft_6_Mutant_Add_cx_P12_Q3_[].qasm,Quratest_0,0.030819023645117797,0.06863664769912876,0.030798263302107932,0.06693431826811569,0.0,0.010990577077677423,1.000000000000011,0.9167775386051963,0.00574902492006453,0.01795605617006453,False,True,False,True,False,True,False,True,False,True
qft_6_Mutant_Add_cx_P12_Q3_[].qasm,PureState_1,0.028927349531495405,0.027877887527621645,0.0289199072579839,0.027871701623877105,0.0,0.003212236680644298,1.000000000000011,0.9168341080109528,0.01953125,0.017578125,False,False,False,False,False,True,False,True,True,True
qft_6_Mutant_Add_cx_P12_Q3_[].qasm,Quratest_1,0.028870606479125784,0.07812677481812583,0.028530125293056395,0.07617359233645625,0.0,0.03364272379226864,1.0000000000000093,0.9103132701528889,0.0015115131487264746,0.012648643101273525,False,True,False,True,False,True,False,True,False,True
qft_6_Mutant_Add_cx_P12_Q3_[].qasm,PureState_2,0.029838842832744523,0.03089849730886447,0.02983362620248006,0.030892700790456,0.0,0.003212236680643783,1.000000000000012,0.92065769813266,0.008300781249999993,0.001953124999999993,False,False,False,False,False,True,False,True,False,False
qft_6_Mutant_Add_cx_P12_Q3_[].qasm,Quratest_2,0.0313572559622507,0.10968898795668397,0.029320638999615702,0.10534356416024085,0.0,0.0447141344532545,1.000000000000011,0.8958474353167557,0.019531250000000437,0.018066406249999563,False,True,False,True,False,True,False,True,True,True
qft_6_Mutant_Add_cx_P12_Q3_[].qasm,PureState_3,0.025600982620467668,0.029783234379139486,0.025596226825524936,0.029769955214790724,0.0,0.0032122366806440848,1.000000000000011,0.9227045030723613,0.013671874999999998,0.012695312500000002,False,False,False,False,False,True,False,True,True,True
qft_6_Mutant_Add_cx_P12_Q3_[].qasm,Quratest_3,0.02345871327596852,0.06630818576817521,0.023411331758211265,0.06311569647575854,0.0,0.013656045825794945,1.0000000000000124,0.9182612072708012,0.0006243432156274736,0.0023053442843725264,False,True,False,True,False,True,False,True,False,False
qft_6_Mutant_Add_cx_P12_Q3_[].qasm,PureState_4,0.026972693451704808,0.027172814434679622,0.026968589651101917,0.027167696528791984,0.0,0.003212236680644169,1.000000000000011,0.9223916450030637,0.008789062499999998,0.0244140625,False,False,False,False,False,True,False,True,False,True
qft_6_Mutant_Add_cx_P12_Q3_[].qasm,Quratest_4,0.024942974792621964,0.11896250166279389,0.024246844526456715,0.11404763054925943,0.0,0.031436285302173766,1.0000000000000093,0.9030044215002172,0.00076931670214829,0.00655490204785171,False,True,False,True,False,True,False,True,False,False
qft_6_Mutant_Add_cx_P12_Q3_[].qasm,PureState_5,0.028093134154101838,0.02809172910793492,0.02808763439098727,0.028086907026297722,0.0,0.003212236680265456,1.000000000000011,0.9201008573232847,0.010253906249999991,0.005859374999999991,False,False,False,False,False,True,False,True,False,False
qft_6_Mutant_Add_cx_P12_Q3_[].qasm,Quratest_5,0.025339610686608272,0.09465581390994675,0.025009193659269416,0.09045083877626989,0.0,0.025073993467098814,1.0000000000000115,0.9184208450939352,0.017433410202332772,0.012550597702332772,False,True,False,True,False,True,False,True,True,True
qft_6_Mutant_Add_cx_P12_Q3_[].qasm,PureState_6,0.02902575312222631,0.032244347374574864,0.029018400114412524,0.03223484922741666,0.0,0.0032122366802658908,1.000000000000011,0.9171836385734581,0.020996093749999986,0.021972656250000014,False,False,False,False,False,True,False,True,True,True
qft_6_Mutant_Add_cx_P12_Q3_[].qasm,Quratest_6,0.02871394912188969,0.03457853446416481,0.028693887394083843,0.03455978347442921,0.0,0.018340009491369574,1.000000000000011,0.916913917404443,0.011230468749999716,0.014648437500000284,False,False,False,False,False,True,False,True,False,True
qft_6_Mutant_Add_cx_P12_Q3_[].qasm,PureState_7,0.0273527317774481,0.02559763694998643,0.027347672045862914,0.025594154507420894,0.0,0.003212236680265777,1.000000000000011,0.9186997668360569,0.00585937500000001,0.02392578124999999,False,False,False,False,False,True,False,True,False,True
qft_6_Mutant_Add_cx_P12_Q3_[].qasm,Quratest_7,0.032443058468362616,0.06672771529649718,0.031929241144609516,0.06609806539060634,0.0,0.030946663617067834,1.0000000000000107,0.9039836143911707,0.015397182749101516,0.022233120249101516,False,True,False,True,False,True,False,True,True,True
qft_6_Mutant_Add_cx_P12_Q3_[].qasm,PureState_8,0.026335207061193983,0.036981638679207396,0.026331166062911075,0.036972172935144154,0.0,0.003212236680643783,1.000000000000011,0.9196219359650497,0.004882812500000005,0.014648437500000005,False,False,False,False,False,True,False,True,False,True
qft_6_Mutant_Add_cx_P12_Q3_[].qasm,Quratest_8,0.02801361881634292,0.1069647997899896,0.02742088385772447,0.10451083981662135,0.0,0.033144394941621066,1.0000000000000115,0.90343126744705,0.010219541429582923,0.07809063517958292,False,True,False,True,False,True,False,True,False,True
qft_6_Mutant_Add_cx_P12_Q3_[].qasm,PureState_9,0.03089428274440182,0.025393867264745497,0.030886302668639596,0.02538981654982315,0.0,0.0032122366806441715,1.000000000000011,0.9220580271802805,0.01855468750000002,0.01757812500000002,False,False,False,False,False,True,False,True,True,True
qft_6_Mutant_Add_cx_P12_Q3_[].qasm,Quratest_9,0.02751676945498495,0.06003639759336382,0.026921996898517517,0.05928075865340588,0.0,0.02107507370027152,1.0000000000000124,0.9071383073309187,0.006217771851147195,0.010124021851147195,False,True,False,True,False,True,False,True,False,False
qft_6_Mutant_Add_cx_P12_Q3_[].qasm,PureState_10,0.028341279022049425,0.029046233835369646,0.02833560675756438,0.029040933295898873,0.0,0.003212236680644019,1.000000000000011,0.9244900423572884,0.0034179687499999983,0.02880859375,False,False,False,False,False,True,False,True,False,True
qft_6_Mutant_Add_cx_P12_Q3_[].qasm,Quratest_10,0.03308381920237071,0.06716801152606254,0.03164587056923467,0.06575014481814333,0.0,0.015269641511713197,1.000000000000011,0.9165213909407238,0.005135157041970401,0.0451578117080296,False,True,False,True,False,True,False,True,False,True
qft_6_Mutant_Add_cx_P12_Q3_[].qasm,PureState_11,0.03273568177039555,0.029059645857501242,0.03272545476859471,0.029052481182283454,0.0,0.003212236680644245,1.000000000000011,0.917047901167129,0.025390624999999993,0.03710937500000001,False,False,False,False,False,True,False,True,True,True
qft_6_Mutant_Add_cx_P12_Q3_[].qasm,Quratest_11,0.027689788858692138,0.09306524229178148,0.02683019054385476,0.08973277393426798,0.0,0.03417538870774216,1.000000000000011,0.8962445709210393,0.012207031249996914,0.006347656249996914,False,True,False,True,False,True,False,True,True,False
qft_6_Mutant_Add_cx_P12_Q3_[].qasm,PureState_12,0.02702926227278698,0.03078880258173486,0.027024568873945023,0.030782851505126926,0.0,0.003212236680265276,1.0000000000000115,0.9243127773080531,0.0053710937500000295,0.03759765624999997,False,False,False,False,False,True,False,True,False,True
qft_6_Mutant_Add_cx_P12_Q3_[].qasm,Quratest_12,0.027545077857274308,0.08525081665268229,0.027244654997233345,0.08448481622808753,0.0,0.02931589627413087,1.0000000000000124,0.9032730208136238,0.01606507872256912,0.02778382872256912,False,True,False,True,False,True,False,True,True,True
qft_6_Mutant_Add_cx_P12_Q3_[].qasm,PureState_13,0.030465974814035627,0.030045160749963575,0.030457140061436676,0.03003986499183374,0.0,0.0032122366806441247,1.000000000000012,0.924748226889709,0.0078125,0.00390625,False,False,False,False,False,True,False,True,False,False
qft_6_Mutant_Add_cx_P12_Q3_[].qasm,Quratest_13,0.026939806111801953,0.06498363416592767,0.026619385774179185,0.06469281823018799,0.0,0.017953637868607035,1.0000000000000133,0.90128109546517,0.028716374144234613,0.020415592894234613,False,True,False,True,False,True,False,True,True,True
qft_6_Mutant_Add_cx_P12_Q3_[].qasm,PureState_14,0.031208782856323173,0.026949457701120436,0.0311992474771023,0.026945209497697707,0.0,0.003212236680265714,1.000000000000012,0.9223121129062489,0.030273437500000003,0.009765624999999997,False,False,False,False,False,True,False,True,True,False
qft_6_Mutant_Add_cx_P12_Q3_[].qasm,Quratest_14,0.024809510730934393,0.07887139815658097,0.02477079824147997,0.07847017401837249,0.0,0.039251150693526485,1.0000000000000102,0.914226014833824,0.012247349041639793,0.0024010884583602066,False,True,False,True,False,True,False,True,True,False
qft_6_Mutant_Add_cx_P12_Q3_[].qasm,PureState_15,0.029637047338736747,0.028310955982620137,0.02963087641062847,0.028305348758451646,0.0,0.003212236680265825,1.000000000000011,0.918443776909188,0.02294921875,0.03076171875,False,False,False,False,False,True,False,True,True,True
qft_6_Mutant_Add_cx_P12_Q3_[].qasm,Quratest_15,0.030013347376967165,0.07053167128892432,0.029627675746138903,0.06856816258158545,0.0,0.017551310691736793,1.000000000000011,0.9116100407260294,0.009748384158133075,0.006853178341866925,False,True,False,True,False,True,False,True,False,False
qft_6_Mutant_Add_cx_P12_Q3_[].qasm,PureState_16,0.029230395306265197,0.024614971446938885,0.02922512761404641,0.024610423381012065,0.0,0.003212236680643808,1.000000000000011,0.9170003004106286,0.02197265625,0.0029296874999999983,False,False,False,False,False,True,False,True,True,False
qft_6_Mutant_Add_cx_P12_Q3_[].qasm,Quratest_16,0.027162984975113477,0.06695944254813109,0.027045149675081787,0.06671690644775116,0.0,0.026691139469804046,1.000000000000011,0.9142766377786886,0.016136121701166184,0.012184190798833816,False,True,False,True,False,True,False,True,True,True
qft_6_Mutant_Add_cx_P12_Q3_[].qasm,PureState_17,0.030377799956438287,0.025627933964037914,0.030370403428664036,0.025623980571875624,0.0,0.003212236680643696,1.0000000000000124,0.9259596383203827,0.022949218750000007,0.006347656250000007,False,False,False,False,False,True,False,True,True,False
qft_6_Mutant_Add_cx_P12_Q3_[].qasm,Quratest_17,0.03650140652070287,0.08660084939267708,0.03429092755013959,0.08441943215045566,0.0,0.024583834112256238,1.0000000000000107,0.9167709397885105,0.011299427520484448,0.009696666229515552,False,True,False,True,False,True,False,True,False,False
qft_6_Mutant_Add_cx_P12_Q3_[].qasm,PureState_18,0.03143299946364653,0.030322128329469688,0.031427352566712724,0.03031420787115979,0.0,0.0032122366802658717,1.000000000000011,0.9166180403298301,0.017578125,0.01904296875,False,False,False,False,False,True,False,True,True,True
qft_6_Mutant_Add_cx_P12_Q3_[].qasm,Quratest_18,0.030942278516164438,0.0823850718207966,0.03016919591094877,0.07477358749869605,0.0,0.02784021871313532,1.0000000000000124,0.9087148975284217,0.02537982309735548,0.01075298940264452,False,True,False,True,False,True,False,True,True,False
qft_6_Mutant_Add_cx_P12_Q3_[].qasm,PureState_19,0.02812713537471871,0.029788012476452488,0.028122353445604115,0.02977963077530438,0.0,0.00321223668026579,1.000000000000011,0.9218523442649096,0.014160156250000007,0.024902343750000007,False,False,False,False,False,True,False,True,True,True
qft_6_Mutant_Add_cx_P12_Q3_[].qasm,Quratest_19,0.027630828508566397,0.07418608596296129,0.027331172945253158,0.07349432026106795,0.0,0.016391707284056208,1.0000000000000102,0.9032061951023519,0.0027534308782760954,0.010918444121723905,False,True,False,True,False,True,False,True,False,False
qft_6_Mutant_Add_cx_P12_Q3_[].qasm,PureState_20,0.029526387851580294,0.03326438460552022,0.029521330216982854,0.03325365235037134,0.0,0.0032122366806438037,1.000000000000011,0.9192813417512666,0.00048828125,0.01806640625,False,False,False,False,False,True,False,True,False,True
qft_6_Mutant_Add_cx_P12_Q3_[].qasm,Quratest_20,0.028761332822161135,0.08127923312903886,0.028205158765151235,0.08036275575937553,0.0,0.02780266678000606,1.0000000000000102,0.9043786945489494,0.004387877371746563,0.003912903878253437,False,True,False,True,False,True,False,True,False,False
qft_6_Mutant_Add_cx_P12_Q3_[].qasm,PureState_21,0.027397043613365615,0.02611571275076648,0.02739225362145275,0.026111706208237606,0.0,0.0032122366806438844,1.000000000000011,0.917822273275247,0.007324218750000021,0.02050781249999998,False,False,False,False,False,True,False,True,False,True
qft_6_Mutant_Add_cx_P12_Q3_[].qasm,Quratest_21,0.029003567700205776,0.06893270531753165,0.028643139227617298,0.06817923711070667,0.0,0.019724766513668668,1.0000000000000102,0.8997007472963897,0.006168232222527107,0.017757549027472893,False,True,False,True,False,True,False,True,False,True
qft_6_Mutant_Add_cx_P12_Q3_[].qasm,PureState_22,0.026824093198852515,0.028622473973161776,0.026820071759918167,0.02861373692824797,0.0,0.0032122366802657468,1.0000000000000115,0.9226558648623656,0.03466796875,0.0009765625,False,False,False,False,False,True,False,True,True,False
qft_6_Mutant_Add_cx_P12_Q3_[].qasm,Quratest_22,0.029009190374376655,0.12608089129911287,0.028448465676887153,0.122468696988729,0.0,0.025958715174059708,1.000000000000011,0.9094036277188149,0.01657421721903332,0.05666797028096668,False,True,False,True,False,True,False,True,True,True
qft_6_Mutant_Add_cx_P12_Q3_[].qasm,PureState_23,0.03025975076506083,0.03016260743757883,0.030253738868415675,0.030157381491488482,0.0,0.0032122366802654744,1.000000000000012,0.9172828185100176,0.017089843749999986,0.015624999999999988,False,False,False,False,False,True,False,True,True,True
qft_6_Mutant_Add_cx_P12_Q3_[].qasm,Quratest_23,0.026781949464146502,0.0911130645716288,0.02589592600656895,0.08768120861976235,0.0,0.021597676233116085,1.000000000000011,0.9119823246049877,0.009277343750002071,0.015136718750002071,False,True,False,True,False,True,False,True,False,True
qft_6_Mutant_Add_cx_P12_Q3_[].qasm,PureState_24,0.02693599394962839,0.02693715726109821,0.02693161578671665,0.026932312185856858,0.0,0.00321223668064407,1.000000000000011,0.9248359573517454,0.043457031249999986,0.010253906249999988,False,False,False,False,False,True,False,True,True,False
qft_6_Mutant_Add_cx_P12_Q3_[].qasm,Quratest_24,0.02498837067212111,0.061201733101102954,0.024974257551392133,0.061044792761155285,0.0,0.0183455066943427,1.000000000000012,0.9094581462372348,0.013664176301226459,0.03417198880122646,False,True,False,True,False,True,False,True,True,True
qft_6_Mutant_Add_cx_P12_Q3_[].qasm,PureState_25,0.028036547906052544,0.026653540657896484,0.02803238401931143,0.02664957308696179,0.0,0.0032122366806438644,1.000000000000011,0.918124013246511,0.014648437499999988,0.013183593749999988,False,False,False,False,False,True,False,True,True,True
qft_6_Mutant_Add_cx_P12_Q3_[].qasm,Quratest_25,0.031896080155405446,0.11525925330886774,0.03133848951378264,0.11142253559778162,0.0,0.020623243425750278,1.0000000000000129,0.9124612929609723,0.005668399194034376,0.018257382055965624,False,True,False,True,False,True,False,True,False,True
qft_6_Mutant_Add_cx_P12_Q3_[].qasm,PureState_26,0.025598979313200775,0.026530519718910673,0.025595128568201217,0.026525861405088235,0.0,0.0032122366802655082,1.000000000000011,0.918699885537898,0.029296874999999986,0.007324218750000012,False,False,False,False,False,True,False,True,True,False
qft_6_Mutant_Add_cx_P12_Q3_[].qasm,Quratest_26,0.03223212022891755,0.07644151437179275,0.03195924842927015,0.07453063552130508,0.0,0.014283667402979646,1.000000000000012,0.9106540955295553,0.006119293900564281,0.006119293900564281,False,True,False,True,False,True,False,True,False,False
qft_6_Mutant_Add_cx_P12_Q3_[].qasm,PureState_27,0.02989065543865486,0.02708495740955182,0.029884123832369762,0.02708046818355361,0.0,0.0032122366802658084,1.000000000000011,0.9221905465055993,0.0019531249999999983,0.0009765625000000017,False,False,False,False,False,True,False,True,False,False
qft_6_Mutant_Add_cx_P12_Q3_[].qasm,Quratest_27,0.033565402220907294,0.09416617408068428,0.032554364276607885,0.0921789571109207,0.0,0.0364279241283809,1.0000000000000107,0.8970161206602288,0.02265143172221061,0.00507330672221061,False,True,False,True,False,True,False,True,True,False
qft_6_Mutant_Add_cx_P12_Q3_[].qasm,PureState_28,0.0266677662751312,0.02922650500173296,0.02666382116874597,0.02922174742106066,0.0,0.0032122366802653035,1.000000000000011,0.922963370237886,0.028320312499999993,0.030761718749999993,False,False,False,False,False,True,False,True,True,True
qft_6_Mutant_Add_cx_P12_Q3_[].qasm,Quratest_28,0.030203637793634615,0.06551232456900083,0.02877060680133314,0.06386447809474648,0.0,0.02801636074493627,1.000000000000011,0.9077244816170851,0.0019662354306520385,0.05223298331934796,False,True,False,True,False,True,False,True,False,True
qft_6_Mutant_Add_cx_P12_Q3_[].qasm,PureState_29,0.02588885898147309,0.03071477140202392,0.025883364037157235,0.030707843910513347,0.0,0.0032122366806436433,1.000000000000012,0.9257551321918313,0.008300781249999993,0.010742187500000007,False,False,False,False,False,True,False,True,False,False
qft_6_Mutant_Add_cx_P12_Q3_[].qasm,Quratest_29,0.027626701025079275,0.11295298525924245,0.026646723375065854,0.10528151855080782,0.0,0.0321101563914515,1.000000000000012,0.9074703616706468,0.00299511435830771,0.04156933310830771,False,True,False,True,False,True,False,True,False,True
qft_6_Mutant_Add_cx_P12_Q3_[].qasm,PureState_30,0.03356940761679296,0.029038305489014322,0.033557529956255584,0.029032728115602084,0.0,0.0032122366802657147,1.0000000000000102,0.9240897519055955,0.022460937499999997,0.008789062500000003,False,False,False,False,False,True,False,True,True,False
qft_6_Mutant_Add_cx_P12_Q3_[].qasm,Quratest_30,0.02912301014292162,0.10128496570997433,0.028805792066362818,0.09498148272624989,0.0,0.01776755750504215,1.0000000000000115,0.92153917937964,0.01439741152877988,0.05103227597122012,False,True,False,True,False,True,False,True,True,True
qft_6_Mutant_Add_cx_P12_Q3_[].qasm,PureState_31,0.03002756220276427,0.0301036526074722,0.03002154791943091,0.030096693699398092,0.0,0.003212236680644084,1.000000000000011,0.9245533759967611,0.00244140625,0.00048828125,False,False,False,False,False,True,False,True,False,False
qft_6_Mutant_Add_cx_P12_Q3_[].qasm,Quratest_31,0.029711461303638272,0.07428491060316246,0.02781461595354806,0.07301986022243917,0.0,0.022966812765596818,1.0000000000000124,0.9043650274099782,0.0061736541554257215,0.014474435405425722,False,True,False,True,False,True,False,True,False,True
qft_6_Mutant_Add_cz_P13_Q2_[].qasm,PureState_0,0.03137289891195125,0.03247511119318311,0.03136602197772508,0.03246748663201543,0.0,0.003167737732807003,1.000000000000011,0.9217077293360044,0.0,0.01904296875,False,False,False,False,False,True,False,True,False,True
qft_6_Mutant_Add_cz_P13_Q2_[].qasm,Quratest_0,0.02476726501993569,0.06677776778776257,0.024761100897004045,0.06529942785706547,0.0,0.011004960799694898,1.000000000000011,0.9151900363910939,0.00379589992006453,0.00574902492006453,False,True,False,True,False,True,False,True,False,False
qft_6_Mutant_Add_cz_P13_Q2_[].qasm,PureState_1,0.02912174813777219,0.02876410192829111,0.029115491506135287,0.02875821232324775,0.0,0.0031677377322438093,1.000000000000011,0.9152756985762251,0.011718750000000002,0.0014648437499999983,False,False,False,False,False,True,False,True,False,False
qft_6_Mutant_Add_cz_P13_Q2_[].qasm,Quratest_1,0.02840523369492604,0.07999349017144691,0.027539683212601595,0.07839544066524029,0.0,0.033825662037894,1.0000000000000093,0.9082794322794586,0.029343544398726475,0.019972861851273525,False,True,False,True,False,True,False,True,True,True
qft_6_Mutant_Add_cz_P13_Q2_[].qasm,PureState_2,0.026917348706513078,0.030322831491529173,0.026912037307907786,0.03031719117107566,0.0,0.003167737732243342,1.000000000000012,0.9190949822991793,0.03271484375000001,0.009277343750000007,False,False,False,False,False,True,False,True,True,False
qft_6_Mutant_Add_cz_P13_Q2_[].qasm,Quratest_2,0.02995050624570415,0.1149011602608078,0.028601307158342783,0.11002285911626457,0.0,0.045149357610961005,1.000000000000011,0.893813250287681,0.0004882812500004376,0.006347656250000437,False,True,False,True,False,True,False,True,False,False
qft_6_Mutant_Add_cz_P13_Q2_[].qasm,PureState_3,0.024200225265941983,0.02787275683860474,0.02419753021743576,0.02786729560060311,0.0,0.0031677377322436046,1.000000000000011,0.9209426866740688,0.008789062499999998,0.007812500000000002,False,False,False,False,False,True,False,True,False,False
qft_6_Mutant_Add_cz_P13_Q2_[].qasm,Quratest_3,0.031064521728900406,0.0626344356702449,0.02979586210535028,0.06022444160207149,0.0,0.013878979428091617,1.0000000000000124,0.9157762156272105,0.008436843215627474,0.012559250534372526,False,True,False,True,False,True,False,True,False,True
qft_6_Mutant_Add_cz_P13_Q2_[].qasm,PureState_4,0.029127500277182073,0.025724519346954203,0.029121438835323737,0.025720070659973445,0.0,0.0031677377322435994,1.000000000000011,0.9208237964645368,0.003906250000000002,0.02392578125,False,False,False,False,False,True,False,True,False,True
qft_6_Mutant_Add_cz_P13_Q2_[].qasm,Quratest_4,0.03039247494662353,0.11679900989903776,0.029327838469767074,0.11275398410343918,0.0,0.03199327496914402,1.0000000000000093,0.9005696312395711,0.02950412079785171,0.00020724579785171005,False,True,False,True,False,True,False,True,True,False
qft_6_Mutant_Add_cz_P13_Q2_[].qasm,PureState_5,0.030259462681753092,0.02818915414806605,0.030253442819908404,0.028180161417703707,0.0,0.0031677377328070957,1.000000000000011,0.9185389627557472,0.027832031250000007,0.013671874999999991,False,False,False,False,False,True,False,True,True,True
qft_6_Mutant_Add_cz_P13_Q2_[].qasm,Quratest_5,0.02733692474472357,0.09450508067157622,0.0267141679119635,0.09035437564301478,0.0,0.025713179792994596,1.0000000000000115,0.9159553301320442,0.005027527297667228,0.022804503952332772,False,True,False,True,False,True,False,True,False,True
qft_6_Mutant_Add_cz_P13_Q2_[].qasm,PureState_6,0.027167055209409117,0.0274496256482608,0.02716284871952811,0.027444054656126725,0.0,0.0031677377328075563,1.000000000000011,0.9154330697013503,0.011230468749999986,0.033203124999999986,False,False,False,False,False,True,False,True,False,True
qft_6_Mutant_Add_cz_P13_Q2_[].qasm,Quratest_6,0.024910861484771687,0.033337976908603184,0.024902635922286323,0.03332481265350261,0.0,0.018340009491369567,1.000000000000011,0.9151888158810417,0.015136718750000284,0.029296875000000284,False,False,False,False,False,True,False,True,True,True
qft_6_Mutant_Add_cz_P13_Q2_[].qasm,PureState_7,0.0245683416283024,0.027855763490960188,0.02456503255800226,0.02785189468344296,0.0,0.003167737732807376,1.000000000000011,0.9169469629287045,0.00976562500000001,0.036621093749999986,False,False,False,False,False,True,False,True,False,True
qft_6_Mutant_Add_cz_P13_Q2_[].qasm,Quratest_7,0.027065280409087678,0.0679916936901377,0.027052496795161512,0.06725280275290049,0.0,0.031049706080040596,1.0000000000000107,0.9020027527247633,0.006575473500898483,0.005598911000898483,False,True,False,True,False,True,False,True,False,False
qft_6_Mutant_Add_cz_P13_Q2_[].qasm,PureState_8,0.02577940362353947,0.029995137924069756,0.025775159794927754,0.029989057207368955,0.0,0.003167737732243411,1.000000000000011,0.9178667580531066,0.013671874999999995,0.009277343749999995,False,False,False,False,False,True,False,True,True,False
qft_6_Mutant_Add_cz_P13_Q2_[].qasm,Quratest_8,0.027779280491545356,0.09821077524853164,0.027209828744890585,0.0959726070120782,0.0,0.03389615201333879,1.0000000000000115,0.9008129346765922,0.008823427320417077,0.05221172892958292,False,True,False,True,False,True,False,True,False,True
qft_6_Mutant_Add_cz_P13_Q2_[].qasm,PureState_9,0.028724668688351867,0.026847049505107353,0.02871681233548078,0.02684332280746389,0.0,0.0031677377322434997,1.000000000000011,0.9204907457291546,0.003906250000000021,0.01269531250000002,False,False,False,False,False,True,False,True,False,True
qft_6_Mutant_Add_cz_P13_Q2_[].qasm,Quratest_9,0.023926071784871064,0.055433998395033726,0.023577699898601395,0.05455814554073979,0.0,0.021497237691078915,1.0000000000000124,0.9050303729636566,0.013801759398852805,0.020866209351147195,False,True,False,True,False,True,False,True,True,True
qft_6_Mutant_Add_cz_P13_Q2_[].qasm,PureState_10,0.024000858848248194,0.028389450367867233,0.02399793865865044,0.028384641433639578,0.0,0.003167737732243411,1.000000000000011,0.9229195696714845,0.0034179687499999983,0.03173828125,False,False,False,False,False,True,False,True,False,True
qft_6_Mutant_Add_cz_P13_Q2_[].qasm,Quratest_10,0.031296114946272324,0.06357445603351654,0.030765605545140014,0.06226960803222032,0.0,0.015658864197066198,1.000000000000011,0.9140569883703789,0.005135157041970401,0.0188070320419704,False,True,False,True,False,True,False,True,False,True
qft_6_Mutant_Add_cz_P13_Q2_[].qasm,PureState_11,0.02337146085436538,0.03124407046191597,0.02336887586618636,0.031238536428655653,0.0,0.0031677377322438293,1.000000000000011,0.9152968772178572,0.014648437499999991,0.014648437499999991,False,False,False,False,False,True,False,True,True,True
qft_6_Mutant_Add_cz_P13_Q2_[].qasm,Quratest_11,0.03217952509772645,0.1021334457712674,0.03012688701600957,0.09816587183763267,0.0,0.03426156185550262,1.000000000000011,0.8945900869106896,0.022949218749996912,0.011718750000003086,False,True,False,True,False,True,False,True,True,False
qft_6_Mutant_Add_cz_P13_Q2_[].qasm,PureState_12,0.026944493135000358,0.02995668838724301,0.026940252108310955,0.029950733232133542,0.0,0.003167737732806916,1.0000000000000115,0.9225485589625813,0.01513671875000003,0.04638671874999997,False,False,False,False,False,True,False,True,True,True
qft_6_Mutant_Add_cz_P13_Q2_[].qasm,Quratest_12,0.0312674945844121,0.07928813498075336,0.03019514180312525,0.07865714965924184,0.0,0.02985996631901383,1.0000000000000124,0.9007815210957818,0.002393203722569119,0.02192445372256912,False,True,False,True,False,True,False,True,False,True
qft_6_Mutant_Add_cz_P13_Q2_[].qasm,PureState_13,0.03281797763018699,0.028696211871093457,0.03280642329140135,0.028692284689305993,0.0,0.0031677377322434095,1.000000000000012,0.9231773155810641,0.00048828125,0.00732421875,False,False,False,False,False,True,False,True,False,False
qft_6_Mutant_Add_cz_P13_Q2_[].qasm,Quratest_13,0.029038952673375574,0.05990865277711576,0.029006417590809498,0.05970732302041323,0.0,0.01848101404891723,1.0000000000000133,0.8988493639400612,0.009369563355765387,0.026274967894234613,False,True,False,True,False,True,False,True,False,True
qft_6_Mutant_Add_cz_P13_Q2_[].qasm,PureState_14,0.03077639325333118,0.027516895455492327,0.030769515294531456,0.027512460534711396,0.0,0.0031677377328073386,1.000000000000012,0.9205516647875279,0.03564453125,0.0068359374999999965,False,False,False,False,False,True,False,True,True,False
qft_6_Mutant_Add_cz_P13_Q2_[].qasm,Quratest_14,0.026747812297049884,0.07566453088270454,0.02640536682685628,0.0752167722223652,0.0,0.03923575485847968,1.0000000000000102,0.9126569689413543,0.005819057208360207,0.04545047404163979,False,True,False,True,False,True,False,True,False,True
qft_6_Mutant_Add_cz_P13_Q2_[].qasm,PureState_15,0.026147670309298286,0.027917805975760216,0.02614372602632843,0.0279117753282247,0.0,0.0031677377328073707,1.000000000000011,0.916883864274171,0.011718750000000002,0.03369140625,False,False,False,False,False,True,False,True,False,True
qft_6_Mutant_Add_cz_P13_Q2_[].qasm,Quratest_15,0.030630607936469618,0.06767332221218281,0.02978792726378104,0.06509458693400828,0.0,0.017893808716580945,1.000000000000011,0.9095004150020466,0.034650727908133075,0.019025727908133075,False,True,False,True,False,True,False,True,True,True
qft_6_Mutant_Add_cz_P13_Q2_[].qasm,PureState_16,0.027114708585154277,0.025784642305640933,0.027107317390376195,0.02577860608318009,0.0,0.003167737732243551,1.000000000000011,0.915249086240637,0.009765625000000002,0.009277343749999998,False,False,False,False,False,True,False,True,False,False
qft_6_Mutant_Add_cz_P13_Q2_[].qasm,Quratest_16,0.025673690465689424,0.07294089844338057,0.025624599123861478,0.07256803521654527,0.0,0.02722047416751921,1.000000000000011,0.9119813072919282,0.012229871701166184,0.057106065798833816,False,True,False,True,False,True,False,True,True,True
qft_6_Mutant_Add_cz_P13_Q2_[].qasm,PureState_17,0.03309950131003286,0.03275437768849294,0.03309220379127812,0.03274707843975073,0.0,0.0031677377322431336,1.0000000000000124,0.9243879321608166,0.014160156250000007,0.015136718749999993,False,False,False,False,False,True,False,True,True,True
qft_6_Mutant_Add_cz_P13_Q2_[].qasm,Quratest_17,0.029127838382860254,0.0889890495439878,0.02830075692958921,0.08673579788317552,0.0,0.025389955831034663,1.0000000000000107,0.9146210547569543,0.007743541229515552,0.03131895877048445,False,True,False,True,False,True,False,True,False,True
qft_6_Mutant_Add_cz_P13_Q2_[].qasm,PureState_18,0.023957353043637192,0.02710433626671966,0.02395461887846233,0.0270998758656954,0.0,0.0031677377328074713,1.000000000000011,0.9150603282662909,0.007812499999999998,0.0166015625,False,False,False,False,False,True,False,True,False,True
qft_6_Mutant_Add_cz_P13_Q2_[].qasm,Quratest_18,0.02789232091293029,0.08255210378838189,0.02647273053602941,0.07467803664004816,0.0,0.027745438454194166,1.0000000000000124,0.9070279650497681,0.01073138559735548,0.006336854347355481,False,True,False,True,False,True,False,True,False,False
qft_6_Mutant_Add_cz_P13_Q2_[].qasm,PureState_19,0.025940850524897006,0.024950997763099024,0.02593672005022468,0.024946982344283303,0.0,0.0031677377328073733,1.000000000000011,0.9202858234126503,0.006835937499999993,0.006835937499999993,False,False,False,False,False,True,False,True,False,False
qft_6_Mutant_Add_cz_P13_Q2_[].qasm,Quratest_19,0.029520883453009693,0.07306498727891608,0.029504633287181233,0.07265872473076204,0.0,0.016516880296161364,1.0000000000000102,0.9014749608117023,0.007636243378276095,0.0022651496282760954,False,True,False,True,False,True,False,True,False,False
qft_6_Mutant_Add_cz_P13_Q2_[].qasm,PureState_20,0.02651840464186357,0.03038996395158927,0.026513539781497366,0.03038172157663297,0.0,0.003167737732243373,1.000000000000011,0.9175268139035708,0.0205078125,0.005859375,False,False,False,False,False,True,False,True,True,False
qft_6_Mutant_Add_cz_P13_Q2_[].qasm,Quratest_20,0.028383157280525515,0.07865259666774861,0.027258024881965274,0.0779878955355418,0.0,0.02857684994695616,1.0000000000000102,0.9020507448806028,0.0009699086217465633,0.009772278878253438,False,True,False,True,False,True,False,True,False,False
qft_6_Mutant_Add_cz_P13_Q2_[].qasm,PureState_21,0.02664999898371158,0.03026783790669836,0.026644900138850153,0.030261327539319448,0.0,0.0031677377322435517,1.000000000000011,0.9162631026010261,0.02001953124999998,0.01855468749999998,False,False,False,False,False,True,False,True,True,True
qft_6_Mutant_Add_cz_P13_Q2_[].qasm,Quratest_21,0.029508083561180593,0.0659693110262683,0.029463097248074045,0.06533770342376467,0.0,0.02024571486819883,1.0000000000000102,0.8974691246324968,0.013980732222527107,0.003109111527472893,False,True,False,True,False,True,False,True,True,False
qft_6_Mutant_Add_cz_P13_Q2_[].qasm,PureState_22,0.029517616643793786,0.02818493070850135,0.02951040385811533,0.028178765277881147,0.0,0.003167737732807367,1.0000000000000115,0.9208947606014594,0.0107421875,0.021484375,False,False,False,False,False,True,False,True,False,True
qft_6_Mutant_Add_cz_P13_Q2_[].qasm,Quratest_22,0.029856802601323517,0.12773079975256355,0.028972421222949133,0.12375138892371308,0.0,0.026537589698967915,1.000000000000011,0.9071224027503366,0.0072968734690333215,0.07278125153096668,False,True,False,True,False,True,False,True,False,True
qft_6_Mutant_Add_cz_P13_Q2_[].qasm,PureState_23,0.02502436890920741,0.026160824558244724,0.025020763838000632,0.026156464754777498,0.0,0.003167737732807139,1.000000000000012,0.9157246183150646,0.009277343749999988,0.0009765625000000121,False,False,False,False,False,True,False,True,False,False
qft_6_Mutant_Add_cz_P13_Q2_[].qasm,Quratest_23,0.03029404984075571,0.08544321862920089,0.029742362696957757,0.08248383913678928,0.0,0.022169227078511333,1.000000000000011,0.9096140426845288,0.010742187499997929,0.010253906249997929,False,True,False,True,False,True,False,True,False,False
qft_6_Mutant_Add_cz_P13_Q2_[].qasm,PureState_24,0.02510491414413212,0.028126929142859476,0.02510107751907972,0.028121315086589643,0.0,0.0031677377322434754,1.000000000000011,0.9230707311194,0.002441406250000012,0.00048828124999998786,False,False,False,False,False,True,False,True,False,False
qft_6_Mutant_Add_cz_P13_Q2_[].qasm,Quratest_24,0.02745221752668736,0.07352279105496418,0.02740531823445119,0.07325179025831287,0.0,0.01932671647511907,1.000000000000012,0.9070867815715883,0.012214729948773541,0.011726448698773541,False,True,False,True,False,True,False,True,True,False
qft_6_Mutant_Add_cz_P13_Q2_[].qasm,PureState_25,0.02741094182720009,0.030197012594606713,0.027406540332205673,0.030191696454181658,0.0,0.0031677377322435344,1.000000000000011,0.9165643299623345,0.001953125000000012,0.018554687500000014,False,False,False,False,False,True,False,True,False,True
qft_6_Mutant_Add_cz_P13_Q2_[].qasm,Quratest_25,0.024009217368253753,0.12102428064985747,0.0236653735680933,0.11718915720133467,0.0,0.02162319863147239,1.0000000000000129,0.9100740788297847,0.006538632055965624,0.015434024194034376,False,True,False,True,False,True,False,True,False,True
qft_6_Mutant_Add_cz_P13_Q2_[].qasm,PureState_26,0.02943234040713048,0.02758793286144374,0.0294265733886892,0.027582972624934567,0.0,0.003167737732807114,1.000000000000011,0.916946285531853,0.008300781249999988,0.00048828124999998786,False,False,False,False,False,True,False,True,False,False
qft_6_Mutant_Add_cz_P13_Q2_[].qasm,Quratest_26,0.030410272244466685,0.08392420079801963,0.029606643513875743,0.08176820531773954,0.0,0.014623447750200611,1.000000000000012,0.9079723680095154,0.0012049248494357193,0.02708383109943572,False,True,False,True,False,True,False,True,False,True
qft_6_Mutant_Add_cz_P13_Q2_[].qasm,PureState_27,0.029170972155779934,0.02890275591144306,0.029165700121213486,0.028896285924676676,0.0,0.003167737732807354,1.000000000000011,0.9206234509236341,0.012695312500000002,0.02587890625,False,False,False,False,False,True,False,True,True,True
qft_6_Mutant_Add_cz_P13_Q2_[].qasm,Quratest_27,0.03417980143411394,0.08371752842300648,0.03253169691823474,0.08230991884665001,0.0,0.03671021066885911,1.0000000000000107,0.8948369412711628,0.03203606827778939,0.02471184952778939,False,True,False,True,False,True,False,True,True,True
qft_6_Mutant_Add_cz_P13_Q2_[].qasm,PureState_28,0.028949561841644822,0.029616525387220354,0.02894222455775888,0.0296106288554057,0.0,0.0031677377328069413,1.000000000000011,0.9213955469789666,0.0024414062500000087,0.0004882812499999913,False,False,False,False,False,True,False,True,False,False
qft_6_Mutant_Add_cz_P13_Q2_[].qasm,Quratest_28,0.024968081356656676,0.07056296474130981,0.024307942066959076,0.06886925995263991,0.0,0.028736941606507208,1.000000000000011,0.9052881889483628,0.010729077069347961,0.02586579581934796,False,True,False,True,False,True,False,True,False,True
qft_6_Mutant_Add_cz_P13_Q2_[].qasm,PureState_29,0.024348437673070007,0.02858415753338556,0.02434570449430626,0.028579115123454783,0.0,0.003167737732243132,1.000000000000012,0.9241837732035375,0.026855468749999993,0.014648437499999993,False,False,False,False,False,True,False,True,True,True
qft_6_Mutant_Add_cz_P13_Q2_[].qasm,Quratest_29,0.026600604254347796,0.11758310428521151,0.02597560386668162,0.10961167138022192,0.0,0.032920428258525744,1.000000000000012,0.9048264166961898,0.01409472939169229,0.04156933310830771,False,True,False,True,False,True,False,True,True,True
qft_6_Mutant_Add_cz_P13_Q2_[].qasm,PureState_30,0.02929929159738715,0.02829742959996419,0.0292927184998265,0.02829101913060389,0.0,0.0031677377328071426,1.0000000000000102,0.9225202071680941,0.0078124999999999965,0.011230468749999997,False,False,False,False,False,True,False,True,False,False
qft_6_Mutant_Add_cz_P13_Q2_[].qasm,Quratest_30,0.03257399008711196,0.10678552800033315,0.030603813247020502,0.09973647189614289,0.0,0.017811473984455872,1.0000000000000115,0.920166246953405,0.0017020990287798798,0.05445024472122012,False,True,False,True,False,True,False,True,False,True
qft_6_Mutant_Add_cz_P13_Q2_[].qasm,PureState_31,0.03123717226358542,0.028569290719164718,0.031230672106869896,0.02856408350414546,0.0,0.003167737732243473,1.000000000000011,0.9227886891488646,0.0048828125,0.01318359375,False,False,False,False,False,True,False,True,False,True
qft_6_Mutant_Add_cz_P13_Q2_[].qasm,Quratest_31,0.028689273598537315,0.0721992646154581,0.028003059550495087,0.07141706823084379,0.0,0.02311069767595897,1.0000000000000124,0.9023019658568247,0.0074982208445742785,0.01593927915542572,False,True,False,True,False,True,False,True,False,True
qft_6_Mutant_Add_h_P14_Q1_[].qasm,PureState_0,0.02904579575442869,0.02818426271227206,0.029040892119373978,0.028179304999255746,7.45931094670027e-17,0.0031518028155449133,1.000000000000011,0.9239689522179505,0.0029296875,0.0068359375,False,False,False,False,False,True,False,True,False,False
qft_6_Mutant_Add_h_P14_Q1_[].qasm,Quratest_0,0.03074751324605986,0.07476535320233842,0.030702437309353275,0.07314493058654803,6.004447156496284e-17,0.010890635395392463,1.000000000000011,0.9174818210583134,0.02088574367006453,0.00743456882993547,False,True,False,True,False,True,False,True,True,False
qft_6_Mutant_Add_h_P14_Q1_[].qasm,PureState_1,0.025996360745291453,0.030076756608490535,0.025992335182805578,0.030069386396214613,6.158268339717665e-17,0.0031518028159225244,1.0000000000000115,0.9175216524488257,0.02392578125,0.0302734375,False,False,False,False,False,True,False,True,True,True
qft_6_Mutant_Add_h_P14_Q1_[].qasm,Quratest_1,0.03015834579691058,0.07659272016989355,0.029562020640735213,0.07466133142556818,7.798971158549245e-17,0.03363402340944008,1.0000000000000102,0.9108405114827637,0.020066200648726475,0.007859169398726475,False,True,False,True,False,True,False,True,True,False
qft_6_Mutant_Add_h_P14_Q1_[].qasm,PureState_2,0.025126768329264387,0.027286294535234398,0.02512240902134198,0.027281566464272808,5.204170427930421e-17,0.0031518028159219736,1.0000000000000124,0.9213497272896981,0.009765625000000007,0.014160156250000007,False,False,False,False,False,True,False,True,False,True
qft_6_Mutant_Add_h_P14_Q1_[].qasm,Quratest_2,0.0271804893794083,0.11180473530271481,0.02599474223291244,0.10669269300820158,6.627185779317646e-17,0.04455124521923759,1.000000000000011,0.8964411301097565,0.004394531249999563,0.0004882812500004376,False,True,False,True,False,True,False,True,False,False
qft_6_Mutant_Add_h_P14_Q1_[].qasm,PureState_3,0.028565762557234208,0.030009927889942133,0.028557357663291264,0.030004613913507037,5.898059818321144e-17,0.003151802815922395,1.000000000000011,0.9232991508968126,0.009277343749999998,0.02783203125,False,False,False,False,False,True,False,True,False,True
qft_6_Mutant_Add_h_P14_Q1_[].qasm,Quratest_3,0.027450425346532862,0.06395414332285267,0.0271532781609917,0.06060224349248545,8.86352216665845e-17,0.013510888094374863,1.0000000000000115,0.9187130369332315,0.016953781784372526,0.032362624465627474,False,True,False,True,False,True,False,True,True,True
qft_6_Mutant_Add_h_P14_Q1_[].qasm,PureState_4,0.02714856553807909,0.028595904870630434,0.02714418988193914,0.028588927723915757,6.505213034913027e-17,0.0031518028159224047,1.000000000000011,0.9230833704000055,0.0205078125,0.0024414062500000017,False,False,False,False,False,True,False,True,True,False
qft_6_Mutant_Add_h_P14_Q1_[].qasm,Quratest_4,0.03108930465165361,0.11794231743233105,0.028995667542529507,0.11293893813320384,4.694267181595173e-17,0.031304013611914164,1.0000000000000093,0.9032476550780331,0.01143771454785171,0.02371853545214829,False,True,False,True,False,True,False,True,False,True
qft_6_Mutant_Add_h_P14_Q1_[].qasm,PureState_5,0.023928640730414997,0.03155985349688193,0.023925429990938038,0.03155218140980595,9.020562075079397e-17,0.003151802815544968,1.000000000000011,0.9207924220689105,0.018554687499999993,0.011230468749999991,False,False,False,False,False,True,False,True,True,False
qft_6_Mutant_Add_h_P14_Q1_[].qasm,Quratest_5,0.030116529941271945,0.08326054679913002,0.02880194542372962,0.08021623709474539,7.362664487418555e-17,0.025056613215221957,1.000000000000011,0.9186441548406042,0.001808410202332772,0.016945128952332772,False,True,False,True,False,True,False,True,False,True
qft_6_Mutant_Add_h_P14_Q1_[].qasm,PureState_6,0.03162216976779549,0.03236443014901488,0.03161359310712169,0.03235690897118269,8.413408858487514e-17,0.003151802815545531,1.000000000000011,0.9177751081666724,0.004394531250000014,0.026855468750000014,False,False,False,False,False,True,False,True,False,True
qft_6_Mutant_Add_h_P14_Q1_[].qasm,Quratest_6,0.02986474384651934,0.03337143469204651,0.02984878896015686,0.03336110193823178,5.876375774871434e-17,0.018340009491369574,1.000000000000011,0.9175028490960597,0.028808593750000284,0.0039062500000002845,False,False,False,False,False,True,False,True,True,False
qft_6_Mutant_Add_h_P14_Q1_[].qasm,PureState_7,0.02767127596265946,0.025883727871874186,0.027664234532053692,0.025880010582239498,6.158268339717665e-17,0.0031518028155454363,1.000000000000011,0.9192930903247825,0.035644531250000014,0.01171875000000001,False,False,False,False,False,True,False,True,True,False
qft_6_Mutant_Add_h_P14_Q1_[].qasm,Quratest_7,0.029255234697759626,0.06524014273643261,0.028935938025676722,0.0642512922775707,5.025277069470313e-17,0.030848896561057153,1.0000000000000098,0.9044846209611709,0.011002651499101516,0.0027018702491015166,False,True,False,True,False,True,False,True,False,False
qft_6_Mutant_Add_h_P14_Q1_[].qasm,PureState_8,0.027144228828015128,0.02865909782908334,0.027137852438942556,0.028652518884266037,4.85722573273506e-17,0.0031518028159220318,1.000000000000011,0.9202155329778778,0.014648437499999995,0.014648437500000005,False,False,False,False,False,True,False,True,True,True
qft_6_Mutant_Add_h_P14_Q1_[].qasm,Quratest_8,0.028868170253362305,0.10133531470224467,0.028575458929597338,0.09896349027970876,1.0692266299780484e-16,0.03307125228987104,1.000000000000011,0.9038218939494352,0.0058937398204170766,0.04391094767958292,False,True,False,True,False,True,False,True,False,True
qft_6_Mutant_Add_h_P14_Q1_[].qasm,PureState_9,0.027496688053988732,0.025529628024475514,0.02749201525511771,0.02552592912848336,4.85722573273506e-17,0.0031518028159223327,1.000000000000011,0.9227495023728116,0.006835937499999979,0.006347656249999979,False,False,False,False,False,True,False,True,False,False
qft_6_Mutant_Add_h_P14_Q1_[].qasm,Quratest_9,0.02696387117894631,0.053939001024664125,0.026339906554935753,0.053354160678658766,7.154887305457075e-17,0.021022226453146844,1.000000000000012,0.9075996588020633,0.03844433435114719,0.004524415648852805,False,True,False,True,False,True,False,True,True,False
qft_6_Mutant_Add_h_P14_Q1_[].qasm,PureState_10,0.03213961432737611,0.029034103277385037,0.03213295553620346,0.02902324308654308,4.597017211338539e-17,0.0031518028159223128,1.000000000000011,0.9251842939100586,0.01708984375,0.017578125,False,False,False,False,False,True,False,True,True,True
qft_6_Mutant_Add_h_P14_Q1_[].qasm,Quratest_10,0.02923522270323672,0.06837983176586267,0.028659174446380498,0.06638773108237792,7.962787330548227e-17,0.015190435002112427,1.000000000000011,0.9167593353208465,0.0119546867080296,0.0187906242080296,False,True,False,True,False,True,False,True,False,True
qft_6_Mutant_Add_h_P14_Q1_[].qasm,PureState_11,0.030342144014782926,0.02821690032493873,0.030336140270435828,0.028211552389217142,6.765421556309548e-17,0.003151802815922581,1.000000000000011,0.9176388898116934,0.005371093750000009,0.030761718750000007,False,False,False,False,False,True,False,True,False,True
qft_6_Mutant_Add_h_P14_Q1_[].qasm,Quratest_11,0.028022187101909624,0.09814604978293542,0.027103597953170765,0.09433496113244086,2.310028253751928e-17,0.034135347221339415,1.000000000000011,0.8968341455089306,0.031249999999996912,0.015624999999996914,False,True,False,True,False,True,False,True,True,True
qft_6_Mutant_Add_h_P14_Q1_[].qasm,PureState_12,0.027703403962086908,0.027422367152746867,0.02769866035970259,0.027416757986939502,1.0408340855860843e-16,0.003151802815544851,1.0000000000000115,0.9249093575543339,0.0004882812500000295,0.020996093749999972,False,False,False,False,False,True,False,True,False,True
qft_6_Mutant_Add_h_P14_Q1_[].qasm,Quratest_12,0.02685611886248096,0.07911044436489871,0.026837383387325046,0.07848228815851352,1.2946051565834726e-16,0.029180028920402494,1.0000000000000129,0.9035446303914689,0.006787734972569119,0.002977890027430881,False,True,False,True,False,True,False,True,False,False
qft_6_Mutant_Add_h_P14_Q1_[].qasm,PureState_13,0.028255428128352536,0.028408040676767762,0.028250759760744214,0.028402104376461918,6.852157730108388e-17,0.003151802815922317,1.000000000000011,0.925442672357825,0.001953125,0.00390625,False,False,False,False,False,True,False,True,False,False
qft_6_Mutant_Add_h_P14_Q1_[].qasm,Quratest_13,0.025706276599398142,0.061986997206756905,0.025377623769879714,0.06176064886333373,7.162510601982364e-17,0.01790252878344082,1.0000000000000124,0.9016651148664687,0.014556217894234613,0.03604059289423461,False,True,False,True,False,True,False,True,True,True
qft_6_Mutant_Add_h_P14_Q1_[].qasm,PureState_14,0.024347406201222804,0.02635551620000617,0.024344067287062714,0.02635072970136155,6.938893903907228e-17,0.0031518028155453695,1.0000000000000115,0.9229068502382762,0.010253906250000003,0.010742187500000003,False,False,False,False,False,True,False,True,False,False
qft_6_Mutant_Add_h_P14_Q1_[].qasm,Quratest_14,0.029633998795141555,0.08082772204245052,0.029309147684216167,0.0801926601297678,6.568232286188747e-17,0.0392453780051588,1.0000000000000102,0.9149171626752844,0.0038659322083602066,0.012735630291639793,False,True,False,True,False,True,False,True,False,True
qft_6_Mutant_Add_h_P14_Q1_[].qasm,PureState_15,0.028814609018684222,0.027978125973022804,0.028808485028778693,0.027972400741939376,5.2909066017292616e-17,0.0031518028155453617,1.000000000000011,0.9191335968571399,0.015136718749999998,0.0400390625,False,False,False,False,False,True,False,True,True,True
qft_6_Mutant_Add_h_P14_Q1_[].qasm,Quratest_15,0.04009510152549478,0.06725005607509842,0.038419307981966994,0.06490020785808082,9.525054898464058e-17,0.017383107288581577,1.0000000000000107,0.9122088454283368,0.010724946658133075,0.012224272091866925,False,True,False,True,False,True,False,True,False,True
qft_6_Mutant_Add_h_P14_Q1_[].qasm,PureState_16,0.027428231591397016,0.029061579713891398,0.027423131521555077,0.02905698355160269,5.2909066017292616e-17,0.0031518028159220482,1.000000000000011,0.9175911318628194,0.0014648437499999983,0.012695312499999998,False,False,False,False,False,True,False,True,False,True
qft_6_Mutant_Add_h_P14_Q1_[].qasm,Quratest_16,0.02621408286989057,0.06809458416174038,0.026177761951643678,0.067791923470999,6.201636426617085e-17,0.02649297959419281,1.0000000000000115,0.9146502436101352,0.002464246701166184,0.025367784548833816,False,True,False,True,False,True,False,True,False,True
qft_6_Mutant_Add_h_P14_Q1_[].qasm,PureState_17,0.02915569112425347,0.028283874447032415,0.02914941608716993,0.028279416002725224,5.204170427930421e-17,0.003151802815921853,1.0000000000000115,0.9266556675217014,0.001953124999999993,0.015136718749999993,False,False,False,False,False,True,False,True,False,True
qft_6_Mutant_Add_h_P14_Q1_[].qasm,Quratest_17,0.027342404991881005,0.0922797872364328,0.026141823512792477,0.09029207591723469,6.185034580850901e-17,0.024475661130470158,1.000000000000011,0.917297248194395,0.015693958770484448,0.03264588497951555,False,True,False,True,False,True,False,True,True,True
qft_6_Mutant_Add_h_P14_Q1_[].qasm,PureState_18,0.02722639047171256,0.029409578826398594,0.027221809474810437,0.029403667841121917,9.974659986866641e-17,0.0031518028155454294,1.000000000000011,0.9173055371362433,1.734723475976807e-18,1.734723475976807e-18,False,False,False,False,False,True,False,True,False,False
qft_6_Mutant_Add_h_P14_Q1_[].qasm,Quratest_18,0.031702228988532616,0.08695657981501605,0.03069106405833103,0.07937731824878864,7.77440720307887e-17,0.027724189005090823,1.000000000000012,0.9093587899876198,0.004872010597355481,0.01221783315264452,False,True,False,True,False,True,False,True,False,True
qft_6_Mutant_Add_h_P14_Q1_[].qasm,PureState_19,0.023254352678477936,0.02909176897566981,0.023251747456644496,0.029079124787969528,6.591949208711867e-17,0.0031518028155453574,1.000000000000011,0.9225438189005224,0.008300781250000007,0.026367187499999993,False,False,False,False,False,True,False,True,False,True
qft_6_Mutant_Add_h_P14_Q1_[].qasm,Quratest_19,0.02192111073867098,0.07652339642323315,0.021897604503773958,0.07538585061781353,6.103380604735587e-17,0.016284638721989275,1.0000000000000107,0.9038239216018343,0.023125475371723905,0.015937024628276095,False,True,False,True,False,True,False,True,True,True
qft_6_Mutant_Add_h_P14_Q1_[].qasm,PureState_20,0.02973556905341984,0.028612745944066636,0.029730356472414537,0.02860692283808524,4.5102810375396984e-17,0.0031518028159219606,1.000000000000011,0.9198747189011427,0.01953125,0.01123046875,False,False,False,False,False,True,False,True,True,False
qft_6_Mutant_Add_h_P14_Q1_[].qasm,Quratest_20,0.02637356317559308,0.07791859420458969,0.026042886921104024,0.07714578434706748,6.947703046558673e-17,0.027708325576493602,1.0000000000000098,0.9047063170907822,0.022942564871746562,0.03418634137825344,False,True,False,True,False,True,False,True,True,True
qft_6_Mutant_Add_h_P14_Q1_[].qasm,PureState_21,0.030271743899908887,0.025604047036546042,0.030265376684977773,0.025600095707222426,5.724587470723463e-17,0.003151802815922012,1.000000000000011,0.9185110197997242,0.02099609375000002,0.01269531249999998,False,False,False,False,False,True,False,True,True,True
qft_6_Mutant_Add_h_P14_Q1_[].qasm,Quratest_21,0.02785422473179523,0.06396044160965843,0.027811903801771697,0.06329093372702436,1.0847442735717472e-16,0.019696441768121235,1.0000000000000107,0.9001743225283049,0.008609638472527107,0.012515888472527107,False,True,False,True,False,True,False,True,False,True
qft_6_Mutant_Add_h_P14_Q1_[].qasm,PureState_22,0.031366378874,0.028851175451738216,0.03135987155395211,0.028844415394748132,8.933825901280557e-17,0.003151802815545353,1.000000000000011,0.9232508238736868,0.0166015625,0.037109375,False,False,False,False,False,True,False,True,True,True
qft_6_Mutant_Add_h_P14_Q1_[].qasm,Quratest_22,0.028490197904776384,0.12514393916555225,0.027603973830527886,0.121867394017809,6.58669760443889e-17,0.025827076068753143,1.000000000000011,0.9097916408180434,0.02389843596903332,0.05520312653096668,False,True,False,True,False,True,False,True,True,True
qft_6_Mutant_Add_h_P14_Q1_[].qasm,PureState_23,0.0275903419804195,0.03048777326904932,0.027582409548864664,0.030481103841434445,5.4643789493269423e-17,0.0031518028155449827,1.000000000000011,0.9179711669954421,0.002929687500000012,0.003417968749999988,False,False,False,False,False,True,False,True,False,False
qft_6_Mutant_Add_h_P14_Q1_[].qasm,Quratest_23,0.026840063292598065,0.09137177102150874,0.025650337522516112,0.0878852046726955,3.601922904904187e-17,0.02139763128248035,1.000000000000011,0.9123975499242287,0.02343749999999793,0.015136718749997929,False,True,False,True,False,True,False,True,True,True
qft_6_Mutant_Add_h_P14_Q1_[].qasm,PureState_24,0.02738123737893745,0.028857292093569985,0.027376290861354707,0.028852301862012725,7.37257477290143e-17,0.0031518028159224186,1.000000000000011,0.9254328504776534,0.006835937500000012,0.023925781250000014,False,False,False,False,False,True,False,True,False,True
qft_6_Mutant_Add_h_P14_Q1_[].qasm,Quratest_24,0.02930111643048743,0.06931854934544704,0.029274208762636127,0.06912040472669963,8.950088933867839e-17,0.01821494106472781,1.0000000000000115,0.9097613357586571,0.002433707551226459,0.006843636198773541,False,True,False,True,False,True,False,True,False,False
qft_6_Mutant_Add_h_P14_Q1_[].qasm,PureState_25,0.024406016416518826,0.02820798064511179,0.024401416488351244,0.028202007747005736,8.326672684688674e-17,0.0031518028159220586,1.000000000000011,0.918812986222806,0.015625000000000014,0.001953125000000012,False,False,False,False,False,True,False,True,True,False
qft_6_Mutant_Add_h_P14_Q1_[].qasm,Quratest_25,0.027217437424769734,0.11823012021779924,0.027177052173889268,0.11442287832266568,8.827015046631789e-17,0.020470368945457708,1.000000000000012,0.9129293167282067,0.020698788305965624,0.033394100805965624,False,True,False,True,False,True,False,True,True,True
qft_6_Mutant_Add_h_P14_Q1_[].qasm,PureState_26,0.0297591156671176,0.026924956841095433,0.029749744662998515,0.026918813446534448,1.1015494072452725e-16,0.0031518028155450347,1.000000000000011,0.9192927828558961,0.022949218750000014,0.040039062500000014,False,False,False,False,False,True,False,True,True,True
qft_6_Mutant_Add_h_P14_Q1_[].qasm,Quratest_26,0.032291844216285816,0.07837372121096738,0.0308072853419838,0.07611220662978273,1.0608918257770661e-16,0.01422943067298655,1.0000000000000129,0.9109242654720048,0.007064299849435719,0.02662710640056428,False,True,False,True,False,True,False,True,False,True
qft_6_Mutant_Add_h_P14_Q1_[].qasm,PureState_27,0.024389103165438825,0.028652368969948265,0.02438597677009488,0.028647579470242907,7.28583859910259e-17,0.0031518028155453435,1.000000000000011,0.9228822748381429,0.010742187499999998,0.0029296874999999983,False,False,False,False,False,True,False,True,False,False
qft_6_Mutant_Add_h_P14_Q1_[].qasm,Quratest_27,0.037085539816627905,0.08343066382312472,0.03623061414619347,0.08154692000717137,7.552823384077145e-17,0.03627011779606033,1.0000000000000107,0.897524665091127,0.00762200577778939,0.01630377547221061,False,True,False,True,False,True,False,True,False,True
qft_6_Mutant_Add_h_P14_Q1_[].qasm,PureState_28,0.02948475089743056,0.026696694742165607,0.02947818716336761,0.02669197237721236,7.28583859910259e-17,0.003151802815544915,1.000000000000011,0.923656003942605,0.009277343749999991,0.018554687500000007,False,False,False,False,False,True,False,True,False,True
qft_6_Mutant_Add_h_P14_Q1_[].qasm,Quratest_28,0.03146511225922365,0.07053295200914585,0.0304270324628582,0.06900565925929412,7.70366373924313e-17,0.027882947869114688,1.0000000000000115,0.9081500104787341,0.015149829180652039,0.03660798331934796,False,True,False,True,False,True,False,True,True,True
qft_6_Mutant_Add_h_P14_Q1_[].qasm,PureState_29,0.031014228959480944,0.028498594091283906,0.03100646937110185,0.028494134971997615,5.204170427930421e-17,0.0031518028159218704,1.0000000000000124,0.9264510076304486,0.003417968749999993,0.013671875000000007,False,False,False,False,False,True,False,True,False,True
qft_6_Mutant_Add_h_P14_Q1_[].qasm,Quratest_29,0.030516359829719144,0.11956575830539383,0.029440941795303252,0.11107623482100284,1.2197899127260525e-16,0.0320175278813779,1.0000000000000115,0.9078585993611641,0.03216113564169229,0.04742870810830771,False,True,False,True,False,True,False,True,True,True
qft_6_Mutant_Add_h_P14_Q1_[].qasm,PureState_30,0.028742391236660815,0.03107378839780374,0.028736139856392572,0.031063135575672248,7.025630077706069e-17,0.003151802815545236,1.0000000000000107,0.9247838010760454,0.00048828124999999653,0.0053710937499999965,False,False,False,False,False,True,False,True,False,False
qft_6_Mutant_Add_h_P14_Q1_[].qasm,Quratest_30,0.030119587363721573,0.102830098804833,0.02951454489828231,0.09560709318812523,5.631795011351755e-17,0.01767607857228891,1.0000000000000115,0.9221911870618927,0.01049116152877988,0.04419633847122012,False,True,False,True,False,True,False,True,False,True
qft_6_Mutant_Add_h_P14_Q1_[].qasm,PureState_31,0.030900251795108313,0.029831133269786987,0.030891886949803576,0.029823800708489057,5.724587470723463e-17,0.00315180281592237,1.000000000000011,0.9251500867152511,0.01171875,0.0078125,False,False,False,False,False,True,False,True,False,False
qft_6_Mutant_Add_h_P14_Q1_[].qasm,Quratest_31,0.02949492088040776,0.07376871886344494,0.027843576635460353,0.07198345953345614,1.0930621371137844e-16,0.022807513594966515,1.0000000000000129,0.9048343309125859,0.009939627094574278,0.0022674041554257215,False,True,False,True,False,True,False,True,False,False
qft_6_Mutant_Add_h_P5_Q3_[].qasm,PureState_0,0.030793381391646366,0.027069216337621126,0.030788139321812083,0.02706385594763946,1.1015494072452725e-16,0.0031769325803492655,1.000000000000011,0.9243552670342546,0.00927734375,0.0146484375,False,False,False,False,False,True,False,True,False,True
qft_6_Mutant_Add_h_P5_Q3_[].qasm,Quratest_0,0.03105191213804055,0.06982704744432941,0.031017043406151572,0.06838650614489178,1.3264874767181245e-16,0.010882279083708075,1.000000000000011,0.9178652143473588,0.03065136867006453,0.02550097507993547,False,True,False,True,False,True,False,True,True,True
qft_6_Mutant_Add_h_P5_Q3_[].qasm,PureState_1,0.030638391783917904,0.028822207167738794,0.030631027859310943,0.02881555378363661,1.1188966420050406e-16,0.0031769325810411904,1.000000000000011,0.917905711809532,0.0019531249999999983,0.010742187500000002,False,False,False,False,False,True,False,True,False,False
qft_6_Mutant_Add_h_P5_Q3_[].qasm,Quratest_1,0.029806193988149928,0.08051711202326726,0.029237373691051304,0.0783531970902078,1.276080546027021e-16,0.03357154393628161,1.0000000000000102,0.9113515796828188,0.019089638148726475,0.008254111851273525,False,True,False,True,False,True,False,True,True,False
qft_6_Mutant_Add_h_P5_Q3_[].qasm,PureState_2,0.03057075784664621,0.02919282061841757,0.03056429197681759,0.02918759542054389,3.2959746043559335e-17,0.003176932581040775,1.0000000000000124,0.9219098863359533,0.003906249999999993,0.007324218749999993,False,False,False,False,False,True,False,True,False,False
qft_6_Mutant_Add_h_P5_Q3_[].qasm,Quratest_2,0.037629295090139306,0.11318936846612132,0.03541059851016135,0.10836843576949624,5.1323420340032566e-17,0.04452624088743756,1.000000000000011,0.8969721422077637,0.007324218749999563,0.010742187499999563,False,True,False,True,False,True,False,True,False,False
qft_6_Mutant_Add_h_P5_Q3_[].qasm,PureState_3,0.026225113368363796,0.02905352373565456,0.026220404371827377,0.029047611978611318,1.3183898417423734e-16,0.0031769325810410004,1.000000000000011,0.9237827116441181,0.004882812500000002,0.014648437499999998,False,False,False,False,False,True,False,True,False,True
qft_6_Mutant_Add_h_P5_Q3_[].qasm,Quratest_3,0.025791784282101746,0.06377173414410127,0.025464969748801716,0.05967711297898361,1.1011089501127003e-16,0.013488448388154703,1.0000000000000115,0.9195520723306798,0.014024094284372526,0.0020891869656274736,False,True,False,True,False,True,False,True,True,False
qft_6_Mutant_Add_h_P5_Q3_[].qasm,PureState_4,0.026604935147927583,0.030318341747328968,0.02660000407575118,0.03031133426049149,9.71445146547012e-17,0.0031769325810411383,1.000000000000011,0.9234697565374763,0.004882812500000002,0.010742187500000002,False,False,False,False,False,True,False,True,False,False
qft_6_Mutant_Add_h_P5_Q3_[].qasm,Quratest_4,0.026437806984132048,0.11464912558012934,0.025516939579476032,0.11105811496988202,1.420384255294816e-16,0.031206558879421323,1.000000000000011,0.9038724765684238,0.00509005829785171,0.00948458954785171,False,True,False,True,False,True,False,True,False,False
qft_6_Mutant_Add_h_P5_Q3_[].qasm,PureState_5,0.025014363855921554,0.0192160346945188,0.025009823584348022,0.019213684708826083,6.591949208711867e-17,0.003176932580349374,1.000000000000011,0.9213521317055655,0.0029296875000000087,0.013183593749999991,False,False,False,False,False,True,False,True,False,True
qft_6_Mutant_Add_h_P5_Q3_[].qasm,Quratest_5,0.032280533149998014,0.0862698425001154,0.03097947587808353,0.08248290724939396,5.754403030466815e-17,0.02478608293259785,1.000000000000011,0.919367874909475,0.004249816452332772,0.025734191452332772,False,True,False,True,False,True,False,True,False,True
qft_6_Mutant_Add_h_P5_Q3_[].qasm,PureState_6,0.027945756224685005,0.026124448787684704,0.027941049706309364,0.026120541753110255,1.1188966420050406e-16,0.0031769325803498076,1.000000000000011,0.9182553519344598,0.006347656250000014,0.014160156250000014,False,False,False,False,False,True,False,True,False,True
qft_6_Mutant_Add_h_P5_Q3_[].qasm,Quratest_6,0.033241630336010936,0.035844537874882225,0.03318061730041477,0.03582599116691584,4.119968255444917e-17,0.018340009491369554,1.000000000000012,0.9180923518471623,0.011718749999999716,0.0068359375000002845,False,False,False,False,False,True,False,True,False,False
qft_6_Mutant_Add_h_P5_Q3_[].qasm,PureState_7,0.03163893423592708,0.02497144747970727,0.03163118074314017,0.024967690842197927,8.066464163292153e-17,0.0031769325803495917,1.000000000000011,0.9199489365692372,0.02001953124999999,0.0009765625000000104,False,False,False,False,False,True,False,True,True,False
qft_6_Mutant_Add_h_P5_Q3_[].qasm,Quratest_7,0.024868890984575207,0.05677378158650494,0.024543497494318632,0.056309261421140566,7.94178091345632e-17,0.03083959822879008,1.000000000000011,0.9049930677864203,0.014420620249101516,0.008072963999101516,False,True,False,True,False,True,False,True,True,False
qft_6_Mutant_Add_h_P5_Q3_[].qasm,PureState_8,0.02469821399777084,0.03144815423807802,0.02469530002807472,0.03143943854336992,9.540979117872439e-17,0.0031769325810406916,1.000000000000011,0.9208721925745879,0.007324218749999995,0.002441406250000005,False,False,False,False,False,True,False,True,False,False
qft_6_Mutant_Add_h_P5_Q3_[].qasm,Quratest_8,0.02987458188088303,0.10867145134268946,0.02956982211799298,0.10608041124432206,4.721700461174372e-17,0.03285895330329286,1.000000000000011,0.9046912795577033,0.010288271070417077,0.07857891642958292,False,True,False,True,False,True,False,True,False,True
qft_6_Mutant_Add_h_P5_Q3_[].qasm,PureState_9,0.025640420260421366,0.030967869148281636,0.025636610785054796,0.030959006532276845,6.158268339717665e-17,0.0031769325810410993,1.000000000000011,0.9231357487509623,0.001953125000000021,0.004882812499999979,False,False,False,False,False,True,False,True,False,False
qft_6_Mutant_Add_h_P5_Q3_[].qasm,Quratest_9,0.029863510616165257,0.05726552776292236,0.029834350969232714,0.05664543498829585,7.324632708086837e-17,0.02081031841317448,1.000000000000012,0.9083430596029618,0.017936521851147195,0.005241209351147195,False,True,False,True,False,True,False,True,True,False
qft_6_Mutant_Add_h_P5_Q3_[].qasm,PureState_10,0.027900015616570604,0.033819762526794535,0.02789267064751894,0.03381120463877173,3.729655473350135e-17,0.0031769325810410386,1.000000000000011,0.9257471229402903,0.006835937499999998,0.02392578125,False,False,False,False,False,True,False,True,False,True
qft_6_Mutant_Add_h_P5_Q3_[].qasm,Quratest_10,0.03470292392162443,0.06462486917277079,0.03239791140369538,0.06291023841934461,7.534188659237551e-17,0.015137664636468772,1.000000000000011,0.9173777362929979,0.0026937507919704007,0.0226968742080296,False,True,False,True,False,True,False,True,False,True
qft_6_Mutant_Add_h_P5_Q3_[].qasm,PureState_11,0.024176577710605756,0.026876785856346133,0.024172251818939474,0.026873107805547587,9.80118763926896e-17,0.0031769325810410646,1.000000000000012,0.9181194877754831,0.0034179687499999913,8.673617379884035e-18,False,False,False,False,False,True,False,True,False,False
qft_6_Mutant_Add_h_P5_Q3_[].qasm,Quratest_11,0.028533881991406516,0.09136498084226283,0.027399987112892613,0.08777765250781397,8.02648420818175e-17,0.03410528095062653,1.000000000000011,0.897255479069222,0.013671874999996914,0.004394531249996914,False,True,False,True,False,True,False,True,True,False
qft_6_Mutant_Add_h_P5_Q3_[].qasm,PureState_12,0.027563729089952922,0.03132073802121074,0.027559528614517298,0.03131514854378322,6.245004513516506e-17,0.0031769325803492343,1.000000000000011,0.9255692454182265,0.030761718749999972,0.016113281249999972,False,False,False,False,False,True,False,True,True,True
qft_6_Mutant_Add_h_P5_Q3_[].qasm,Quratest_12,0.03040571530195166,0.0857876043538693,0.030371645208760425,0.08501074124348995,1.2370746788059606e-16,0.0289653320998242,1.0000000000000124,0.9041875819044749,0.014600234972569119,4.820252743088088e-05,False,True,False,True,False,True,False,True,True,False
qft_6_Mutant_Add_h_P5_Q3_[].qasm,PureState_13,0.029565345448485242,0.02880162931037655,0.029560636700476976,0.028796431005701874,4.5102810375396984e-17,0.003176932581041002,1.0000000000000115,0.9260056585839268,0.00830078125,0.00927734375,False,False,False,False,False,True,False,True,False,False
qft_6_Mutant_Add_h_P5_Q3_[].qasm,Quratest_13,0.025331460495948345,0.06314239445252717,0.025321360249931056,0.0629434840595622,1.1963493347019738e-16,0.017686568598947017,1.0000000000000124,0.9024439398991982,0.003814030394234613,0.03457574914423461,False,True,False,True,False,True,False,True,False,True
qft_6_Mutant_Add_h_P5_Q3_[].qasm,PureState_14,0.031376762627221076,0.030832931856897807,0.03137027592177648,0.030825552489154733,1.700029006457271e-16,0.0031769325803495925,1.000000000000011,0.9233898629705111,0.0043945312499999965,0.010742187500000003,False,False,False,False,False,True,False,True,False,False
qft_6_Mutant_Add_h_P5_Q3_[].qasm,Quratest_14,0.036220081325209666,0.08358100934111773,0.03503195251987409,0.08306780533981878,1.3942839938163587e-16,0.03924962524275055,1.0000000000000093,0.9152922104328668,0.009237025958360207,0.029825474041639793,False,True,False,True,False,True,False,True,False,True
qft_6_Mutant_Add_h_P5_Q3_[].qasm,PureState_15,0.028309859210285917,0.02456940565682967,0.02830458404717705,0.024566475157827682,5.811323644522304e-17,0.0031769325803495986,1.000000000000011,0.9196925707385009,0.013183593750000002,0.004394531249999998,False,False,False,False,False,True,False,True,True,False
qft_6_Mutant_Add_h_P5_Q3_[].qasm,Quratest_15,0.028453523455021005,0.0677934464651193,0.027614039341541458,0.06569357692261894,6.573992110230076e-17,0.01728807934427047,1.0000000000000107,0.9129368443593924,0.002946928341866925,0.024396821658133075,False,True,False,True,False,True,False,True,False,True
qft_6_Mutant_Add_h_P5_Q3_[].qasm,PureState_16,0.027841742237145087,0.026549397600865415,0.027837570859233756,0.026545043871875847,5.377642775528102e-17,0.0031769325810407463,1.000000000000011,0.9180718831998979,0.0166015625,0.037109375,False,False,False,False,False,True,False,True,True,True
qft_6_Mutant_Add_h_P5_Q3_[].qasm,Quratest_16,0.029970149403321853,0.07308541094225503,0.029937866381161346,0.07274817141133665,2.2524300133386355e-16,0.026432921420609167,1.000000000000011,0.9152097977558908,0.028831434201166184,0.036109972048833816,False,True,False,True,False,True,False,True,True,True
qft_6_Mutant_Add_h_P5_Q3_[].qasm,PureState_17,0.029870794827866524,0.02586942948081845,0.029860518051177648,0.025864769488268772,3.2959746043559335e-17,0.0031769325810406396,1.0000000000000129,0.9272190444614719,0.028808593750000007,0.012207031250000007,False,False,False,False,False,True,False,True,True,True
qft_6_Mutant_Add_h_P5_Q3_[].qasm,Quratest_17,0.02713763575443638,0.08376609185282119,0.02624610686542991,0.08217538382590013,9.845910978883987e-17,0.024186399877867894,1.000000000000012,0.9178428197809206,0.011649791229515552,0.003975208770484448,False,True,False,True,False,True,False,True,False,False
qft_6_Mutant_Add_h_P5_Q3_[].qasm,PureState_18,0.028200849740847047,0.029636046444161804,0.028196644836073717,0.02963053181286112,1.5352302762394743e-16,0.0031769325803497122,1.000000000000011,0.9176893255385786,0.0029296874999999983,0.00048828124999999827,False,False,False,False,False,True,False,True,False,False
qft_6_Mutant_Add_h_P5_Q3_[].qasm,Quratest_18,0.0293488860779588,0.08011702904023278,0.02827711888837518,0.07207181617779079,1.3140699737113765e-16,0.02782244583770436,1.0000000000000115,0.9098160431202539,0.00877826059735548,0.01368267690264452,False,True,False,True,False,True,False,True,False,True
qft_6_Mutant_Add_h_P5_Q3_[].qasm,PureState_19,0.03186089348489674,0.03015344140045139,0.03185332406102562,0.030146118300220088,9.107298248878237e-17,0.003176932580349609,1.000000000000011,0.9229297309037663,0.009765625000000007,0.019042968749999993,False,False,False,False,False,True,False,True,False,True
qft_6_Mutant_Add_h_P5_Q3_[].qasm,Quratest_19,0.025115211828694042,0.07517375473395077,0.02506602909829616,0.07440692587804275,6.728152106630358e-17,0.016272499315733664,1.0000000000000107,0.9043368120692872,0.020684069121723905,0.004706555878276095,False,True,False,True,False,True,False,True,True,False
qft_6_Mutant_Add_h_P5_Q3_[].qasm,PureState_20,0.030264503568603614,0.02691943529991952,0.03025618745863155,0.026915020201916804,7.112366251504909e-17,0.0031769325810406994,1.000000000000011,0.9205311352907668,0.00439453125,0.005859375,False,False,False,False,False,True,False,True,False,False
qft_6_Mutant_Add_h_P5_Q3_[].qasm,Quratest_20,0.03211850433373981,0.0776994853054117,0.030824100607630536,0.07702522661690292,1.399637242043006e-16,0.027480871330689202,1.0000000000000098,0.9053311724987054,0.010247252371746562,0.013176939871746562,False,True,False,True,False,True,False,True,False,True
qft_6_Mutant_Add_h_P5_Q3_[].qasm,PureState_21,0.033264470512408786,0.02889638669730986,0.033255789531122806,0.028890389067961795,2.6020852139652106e-17,0.0031769325810407315,1.000000000000012,0.9188951885667725,0.02490234374999998,0.01074218750000002,False,False,False,False,False,True,False,True,True,False
qft_6_Mutant_Add_h_P5_Q3_[].qasm,Quratest_21,0.025661543110502595,0.06242775519876876,0.02565160891789959,0.061689800419787416,1.5701957963021318e-16,0.01953585174134733,1.000000000000011,0.9007356854835369,0.018734111527472893,0.002261982222527107,False,True,False,True,False,True,False,True,True,False
qft_6_Mutant_Add_h_P5_Q3_[].qasm,PureState_22,0.03225185023832688,0.030169562599150004,0.03223875268696739,0.030164075028732695,1.0755285551056204e-16,0.0031769325803495865,1.0000000000000115,0.9237340166340642,0.0166015625,0.01708984375,False,False,False,False,False,True,False,True,True,True
qft_6_Mutant_Add_h_P5_Q3_[].qasm,Quratest_22,0.030077618739907438,0.12316721694224465,0.029493647832872713,0.11963014992798304,1.0384623933337722e-16,0.025629109741393947,1.000000000000011,0.910483309066083,0.0029023422190333215,0.02590625153096668,False,True,False,True,False,True,False,True,False,True
qft_6_Mutant_Add_h_P5_Q3_[].qasm,PureState_23,0.027251366120935747,0.029648744493903204,0.027246741911284865,0.02964302647204669,7.892991815694472e-17,0.0031769325803493193,1.000000000000011,0.9183549914962665,0.0014648437500000121,0.042968750000000014,False,False,False,False,False,True,False,True,False,True
qft_6_Mutant_Add_h_P5_Q3_[].qasm,Quratest_23,0.033565804058870614,0.08581548702228099,0.03164752951138434,0.08249917746085936,1.328960812924107e-16,0.021256392186126176,1.0000000000000115,0.9130682795496102,0.0019531250000020704,0.02099609375000207,False,True,False,True,False,True,False,True,False,True
qft_6_Mutant_Add_h_P5_Q3_[].qasm,PureState_24,0.02882465220992117,0.02906705947700882,0.028818826150526704,0.029061797287116397,5.2909066017292616e-17,0.0031769325810410178,1.000000000000011,0.9260933810664677,0.0014648437500000121,0.006835937500000012,False,False,False,False,False,True,False,True,False,False
qft_6_Mutant_Add_h_P5_Q3_[].qasm,Quratest_24,0.030428559903686158,0.0665326153319425,0.030349981207276534,0.06628648828360156,8.136937304503711e-17,0.01778990371522352,1.000000000000012,0.9105955826287404,0.003410270051226459,0.011711051301226459,False,True,False,True,False,True,False,True,False,False
qft_6_Mutant_Add_h_P5_Q3_[].qasm,PureState_25,0.030030530010629414,0.030809377020124363,0.030020218376465867,0.030804302012512406,6.418476861114186e-17,0.0031769325810407697,1.000000000000011,0.919197281299689,0.011718750000000012,0.002929687499999988,False,False,False,False,False,True,False,True,False,False
qft_6_Mutant_Add_h_P5_Q3_[].qasm,Quratest_25,0.03246653544567925,0.12097447861533255,0.03163306685582736,0.11694759781106859,1.1411820788473012e-16,0.020188283249752845,1.0000000000000124,0.9134317974553452,0.018363711694034376,0.015815975805965624,False,True,False,True,False,True,False,True,True,True
qft_6_Mutant_Add_h_P5_Q3_[].qasm,PureState_26,0.024626674704376107,0.026108397535225748,0.02462312893524538,0.026104884706700172,1.0408340855860843e-16,0.0031769325803493688,1.000000000000011,0.9199487451884133,0.002441406250000012,0.003906249999999988,False,False,False,False,False,True,False,True,False,False
qft_6_Mutant_Add_h_P5_Q3_[].qasm,Quratest_26,0.03379156192998208,0.0816947899554186,0.03368452199752154,0.07996974126337135,1.302736672877114e-16,0.014184318804939519,1.000000000000012,0.9117124740572515,0.0036463310994357193,0.007064299849435719,False,True,False,True,False,True,False,True,False,False
qft_6_Mutant_Add_h_P5_Q3_[].qasm,PureState_27,0.029803284856968027,0.03019274797227966,0.02979142655762241,0.030185338795502357,1.0061396160665481e-16,0.003176932580349634,1.0000000000000115,0.9232683284303009,0.0024414062499999983,0.0014648437500000017,False,False,False,False,False,True,False,True,False,False
qft_6_Mutant_Add_h_P5_Q3_[].qasm,Quratest_27,0.032543863537952196,0.08665405416888833,0.03175030532268391,0.08450021867699378,1.148712201748392e-16,0.03637035460966504,1.0000000000000102,0.898091944559059,0.02118658797221061,0.02606940047221061,False,True,False,True,False,True,False,True,True,True
qft_6_Mutant_Add_h_P5_Q3_[].qasm,PureState_28,0.027092781434394288,0.028229412445647046,0.02708763853426633,0.028225017724553783,8.153200337090993e-17,0.00317693258034927,1.0000000000000107,0.9240421879022626,0.017089843750000007,0.004882812500000009,False,False,False,False,False,True,False,True,True,False
qft_6_Mutant_Add_h_P5_Q3_[].qasm,Quratest_28,0.02477696547069414,0.06904021286916982,0.02380538481174901,0.06803703560543863,1.59245049511283e-16,0.02762526250155592,1.0000000000000115,0.908929682260477,0.008313891680652039,0.03660798331934796,False,True,False,True,False,True,False,True,False,True
qft_6_Mutant_Add_h_P5_Q3_[].qasm,PureState_29,0.02960822478963137,0.03172494842418279,0.02959939762306558,0.03171161067712866,3.2959746043559335e-17,0.003176932581040592,1.000000000000012,0.9270142601239445,0.005371093749999993,0.007324218750000007,False,False,False,False,False,True,False,True,False,False
qft_6_Mutant_Add_h_P5_Q3_[].qasm,Quratest_29,0.030861657457546692,0.11341247087825028,0.029806298819053816,0.10507898904397941,1.3291752181388808e-16,0.03175417212443857,1.000000000000011,0.9086485935342717,0.02008495810830771,0.04987011435830771,False,True,False,True,False,True,False,True,True,True
qft_6_Mutant_Add_h_P5_Q3_[].qasm,PureState_30,0.026138017495170727,0.026390194303618632,0.026134433556885578,0.026386272961698643,6.331740687315346e-17,0.003176932580349604,1.0000000000000102,0.9253462471196724,0.015624999999999997,0.018066406249999997,False,False,False,False,False,True,False,True,True,True
qft_6_Mutant_Add_h_P5_Q3_[].qasm,Quratest_30,0.028096282461605393,0.11018509910186702,0.02778381298351345,0.10262999348888473,7.455965166558616e-17,0.017712881321967106,1.000000000000011,0.9227240117918705,0.0017020990287798798,0.03882524472122012,False,True,False,True,False,True,False,True,False,True
qft_6_Mutant_Add_h_P5_Q3_[].qasm,PureState_31,0.024945899991467516,0.03331864281342372,0.024942063487406196,0.03330914711724848,4.7704895589362195e-17,0.003176932581041029,1.000000000000011,0.9258104154710358,0.0078125,0.001953125,False,False,False,False,False,True,False,True,False,False
qft_6_Mutant_Add_h_P5_Q3_[].qasm,Quratest_31,0.032872738359758555,0.07317152898195539,0.031104718936977603,0.07143193494467988,1.042172397642746e-16,0.022778311113182542,1.0000000000000129,0.9053199531843447,0.01642756040542572,0.01642756040542572,False,True,False,True,False,True,False,True,True,True
qft_6_Mutant_Add_h_P9_Q2_[].qasm,PureState_0,0.03374840432678353,0.03347205312412216,0.03374022559161723,0.033464417759551904,7.632783294297951e-17,0.0031517488622513565,1.000000000000011,0.9243781575346597,0.01806640625,0.03369140625,False,False,False,False,False,True,False,True,True,True
qft_6_Mutant_Add_h_P9_Q2_[].qasm,Quratest_0,0.026022950040144835,0.07301928314395781,0.02541901232374296,0.07127214049085408,7.580944877925988e-17,0.010966315011432368,1.000000000000011,0.9176386438641051,0.02528027492006453,0.00401660007993547,False,True,False,True,False,True,False,True,True,False
qft_6_Mutant_Add_h_P9_Q2_[].qasm,PureState_1,0.03138801895869417,0.027219771728595327,0.03138066127934775,0.02721498024516727,5.984795992119984e-17,0.003151748862001453,1.000000000000011,0.9177023914160498,0.04052734375,0.03271484375,False,False,False,False,False,True,False,True,True,True
qft_6_Mutant_Add_h_P9_Q2_[].qasm,Quratest_1,0.030851458591529966,0.0807020014792267,0.02975882236151695,0.07871935868396276,9.507351909866443e-17,0.03366543913716162,1.000000000000011,0.9110127918909112,0.016159950648726475,0.028273643101273525,False,True,False,True,False,True,False,True,True,True
qft_6_Mutant_Add_h_P9_Q2_[].qasm,PureState_2,0.02570821712085273,0.028936444323464847,0.025704716108438018,0.028929171195863523,0.0,0.0031517488620010463,1.000000000000012,0.9217578195097015,0.024902343750000007,0.012695312499999993,False,False,False,False,False,True,False,True,True,True
qft_6_Mutant_Add_h_P9_Q2_[].qasm,Quratest_2,0.030541788872108455,0.11617702972180306,0.0297058973054922,0.11078826505933832,6.232807239076044e-17,0.04454493647093315,1.000000000000011,0.8967434172841153,0.004882812500000437,0.0019531249999995624,False,True,False,True,False,True,False,True,False,False
qft_6_Mutant_Add_h_P9_Q2_[].qasm,PureState_3,0.02540043046908587,0.029828395097420538,0.025394669596627104,0.0298241561409465,8.153200337090993e-17,0.0031517488620012102,1.000000000000011,0.9235784540642976,0.0224609375,0.015625,False,False,False,False,False,True,False,True,True,True
qft_6_Mutant_Add_h_P9_Q2_[].qasm,Quratest_3,0.02900363095066419,0.07056091228088102,0.02845286913271847,0.0666172312150048,1.2870962095060633e-16,0.013481103347095753,1.0000000000000129,0.919093445743675,0.018690749465627474,0.021620436965627474,False,True,False,True,False,True,False,True,True,True
qft_6_Mutant_Add_h_P9_Q2_[].qasm,PureState_4,0.027059216348894258,0.028434419397585606,0.02705451168031476,0.028429154956052072,6.678685382510707e-17,0.0031517488620013065,1.000000000000012,0.9232652086303206,0.015136718749999998,0.004882812499999998,False,False,False,False,False,True,False,True,True,False
qft_6_Mutant_Add_h_P9_Q2_[].qasm,Quratest_4,0.030207817053307266,0.11868477376764017,0.028079370570802346,0.11419411257026738,1.350144048143753e-16,0.031040332866446085,1.000000000000011,0.9035554103054655,0.00753146454785171,0.01143771454785171,False,True,False,True,False,True,False,True,False,False
qft_6_Mutant_Add_h_P9_Q2_[].qasm,PureState_5,0.0253624761431046,0.02796822459302226,0.025358801526345856,0.02796336149712114,4.683753385137379e-17,0.003151748862251457,1.000000000000011,0.9212000043930704,0.023437500000000007,0.0004882812500000087,False,False,False,False,False,True,False,True,True,False
qft_6_Mutant_Add_h_P9_Q2_[].qasm,Quratest_5,0.03262810429581025,0.09311153697375392,0.031611358196485244,0.08824724014414873,8.356234134547849e-17,0.024834861842881632,1.000000000000011,0.9189350195774917,0.017433410202332772,0.009132628952332772,False,True,False,True,False,True,False,True,True,False
qft_6_Mutant_Add_h_P9_Q2_[].qasm,PureState_6,0.030627930523817393,0.035755256517593204,0.030620067484308115,0.03574433902445271,8.239936510889834e-17,0.003151748862251837,1.000000000000011,0.9180526407362795,0.026367187499999986,0.004882812500000014,False,False,False,False,False,True,False,True,True,False
qft_6_Mutant_Add_h_P9_Q2_[].qasm,Quratest_6,0.026732574517196905,0.03194347238506025,0.02672425236716621,0.03192384173751005,2.8514517136368767e-17,0.018340009491369318,1.0000000000000115,0.9179307631229751,0.0014648437499997155,0.011718749999999716,False,False,False,False,False,True,False,True,False,False
qft_6_Mutant_Add_h_P9_Q2_[].qasm,PureState_7,0.027782489683759813,0.03133353004380502,0.027777145073021398,0.03132741930987933,1.1796119636642288e-16,0.003151748862251667,1.000000000000011,0.9195711844567334,0.0019531249999999896,0.00878906250000001,False,False,False,False,False,True,False,True,False,False
qft_6_Mutant_Add_h_P9_Q2_[].qasm,Quratest_7,0.02806365486647038,0.059321559879602546,0.028022529221085394,0.05850797265871439,1.5260823204091278e-16,0.030757144362942367,1.000000000000011,0.9048453479528618,0.021223911000898484,0.009537807749101516,False,True,False,True,False,True,False,True,True,False
qft_6_Mutant_Add_h_P9_Q2_[].qasm,PureState_8,0.023399579452230704,0.023928410697043805,0.023396147900830014,0.023924554646337637,2.949029909160572e-17,0.0031517488620011113,1.000000000000011,0.9207199243836066,0.0004882812499999948,0.009277343750000005,False,False,False,False,False,True,False,True,False,False
qft_6_Mutant_Add_h_P9_Q2_[].qasm,Quratest_8,0.02950537293418513,0.09559961473931149,0.02893143031480166,0.09382566141273196,1.0498126348269798e-16,0.033040444613205315,1.000000000000011,0.9042224643173954,0.0009421976795829234,0.05611797892958292,False,True,False,True,False,True,False,True,False,True
qft_6_Mutant_Add_h_P9_Q2_[].qasm,PureState_9,0.0307635287656726,0.02227426862174645,0.030756249080071806,0.02227135430901855,5.0306980803327406e-17,0.0031517488620012683,1.000000000000011,0.9229312748283428,0.005371093750000021,0.00927734375000002,False,False,False,False,False,True,False,True,False,False
qft_6_Mutant_Add_h_P9_Q2_[].qasm,Quratest_9,0.03010656884795576,0.06223872109873215,0.030094073632135093,0.06182329547950364,1.1104093718735525e-16,0.020901901995982693,1.000000000000011,0.9078901991424674,0.008918946898852805,0.021354490601147195,False,True,False,True,False,True,False,True,False,True
qft_6_Mutant_Add_h_P9_Q2_[].qasm,PureState_10,0.028281231577575117,0.025909950038169514,0.02827297083692842,0.025905563116489377,6.418476861114186e-17,0.003151748862001062,1.000000000000011,0.9253665421850683,0.011718749999999998,0.0034179687500000017,False,False,False,False,False,True,False,True,False,False
qft_6_Mutant_Add_h_P9_Q2_[].qasm,Quratest_10,0.02790711403968084,0.07188519381443406,0.026180014454073485,0.0698318396097892,1.3294012700566793e-16,0.015243246369099645,1.000000000000011,0.9170474790064401,0.0173257804580296,0.0090249992080296,False,True,False,True,False,True,False,True,True,False
qft_6_Mutant_Add_h_P9_Q2_[].qasm,PureState_11,0.027700364169272063,0.030475552583802003,0.027694626052324627,0.030469132940614756,6.071532165918825e-17,0.003151748862001447,1.000000000000011,0.9179164773285926,0.0029296874999999913,0.022460937500000007,False,False,False,False,False,True,False,True,False,True
qft_6_Mutant_Add_h_P9_Q2_[].qasm,Quratest_11,0.03023737302253203,0.09899003310632604,0.02969643782339671,0.09532265710520338,1.0158974356189177e-16,0.034106679842929345,1.0000000000000115,0.8969899827426379,0.011230468750003086,0.012695312499996914,False,True,False,True,False,True,False,True,False,True
qft_6_Mutant_Add_h_P9_Q2_[].qasm,PureState_12,0.032456830456469195,0.03038551665513221,0.03244708576302028,0.030379953315335464,4.163336342344337e-17,0.0031517488622512706,1.000000000000011,0.9254160747783597,0.0068359375000000295,0.020507812499999972,False,False,False,False,False,True,False,True,False,True
qft_6_Mutant_Add_h_P9_Q2_[].qasm,Quratest_12,0.03120338466514152,0.07977449691373033,0.031170457334354373,0.07909806044023411,1.4444283442938133e-16,0.029002301395878064,1.0000000000000115,0.9038069236568351,0.010693984972569119,0.0010247650274308809,False,True,False,True,False,True,False,True,False,False
qft_6_Mutant_Add_h_P9_Q2_[].qasm,PureState_13,0.024471856235490842,0.027150336738025648,0.024467798217022694,0.027146379585775482,6.331740687315346e-17,0.003151748862001126,1.000000000000011,0.92562497154253,0.00537109375,0.005859375,False,False,False,False,False,True,False,True,False,False
qft_6_Mutant_Add_h_P9_Q2_[].qasm,Quratest_13,0.027003382398613114,0.061835651333159415,0.026972512813730046,0.06164006054576722,8.257554796192723e-17,0.017642815640138435,1.0000000000000124,0.9023509983066591,0.014067936644234613,0.012603092894234613,False,True,False,True,False,True,False,True,True,True
qft_6_Mutant_Add_h_P9_Q2_[].qasm,PureState_14,0.028945261481796554,0.0285066925575526,0.02893838652792651,0.028500565688751384,1.2576745200831851e-16,0.003151748862251616,1.0000000000000115,0.9231860233761142,0.026855468750000003,0.011718750000000003,False,False,False,False,False,True,False,True,True,False
qft_6_Mutant_Add_h_P9_Q2_[].qasm,Quratest_14,0.030663563741170123,0.08262731696976493,0.030379102531829363,0.0821611969428865,5.372899391023478e-17,0.03924456686933468,1.0000000000000098,0.9151072736812322,0.010213588458360207,0.0015051615416397934,False,True,False,True,False,True,False,True,False,False
qft_6_Mutant_Add_h_P9_Q2_[].qasm,PureState_15,0.024199303309985074,0.029237342967790975,0.02419347301935921,0.02923148169532319,7.979727989493313e-17,0.0031517488622516314,1.000000000000011,0.9193145271542513,0.03564453125,0.011718750000000002,False,False,False,False,False,True,False,True,True,False
qft_6_Mutant_Add_h_P9_Q2_[].qasm,Quratest_15,0.03289183380930088,0.06594684470140492,0.032389313834570686,0.06361207096025787,5.4836913005243404e-17,0.017288708366461503,1.0000000000000098,0.9124520261634367,0.013654634158133075,0.014631196658133075,False,True,False,True,False,True,False,True,True,True
qft_6_Mutant_Add_h_P9_Q2_[].qasm,PureState_16,0.027326623994558527,0.031985961743105557,0.02732277216051297,0.0319788979162462,4.85722573273506e-17,0.003151748862001125,1.000000000000011,0.9180943107640254,0.0019531249999999983,0.003906250000000002,False,False,False,False,False,True,False,True,False,False
qft_6_Mutant_Add_h_P9_Q2_[].qasm,Quratest_16,0.02949405301130713,0.07153542859281839,0.029351853788287467,0.07122950742305684,6.955156936494511e-17,0.02624280596421144,1.000000000000011,0.9150185541150563,0.008277940798833816,0.035621690798833816,False,True,False,True,False,True,False,True,False,True
qft_6_Mutant_Add_h_P9_Q2_[].qasm,PureState_17,0.02865067800638409,0.02496249060247233,0.02864477040796897,0.024959318861239053,0.0,0.003151748862000845,1.0000000000000115,0.927066112298645,0.028808593749999993,0.03222656250000001,False,False,False,False,False,True,False,True,True,True
qft_6_Mutant_Add_h_P9_Q2_[].qasm,Quratest_17,0.02519769955072324,0.08341058437256005,0.023927157330848072,0.08186283974356497,6.648192196409553e-17,0.024172629898073353,1.0000000000000115,0.9176091853517907,0.025947865020484448,0.001395884979515552,False,True,False,True,False,True,False,True,True,False
qft_6_Mutant_Add_h_P9_Q2_[].qasm,PureState_18,0.02291858519413971,0.025488698879934428,0.02291544580945261,0.025484132008934235,1.0755285551056204e-16,0.0031517488622518127,1.0000000000000107,0.9174861497819897,0.015625,0.02392578125,False,False,False,False,False,True,False,True,True,True
qft_6_Mutant_Add_h_P9_Q2_[].qasm,Quratest_18,0.03207417911735983,0.08499633241581778,0.03106427031819522,0.07809102781960045,6.352831807701978e-17,0.027756334045889813,1.0000000000000124,0.9097586050066869,0.007801698097355481,0.04053814565264452,False,True,False,True,False,True,False,True,False,True
qft_6_Mutant_Add_h_P9_Q2_[].qasm,PureState_19,0.03054811601001629,0.026056895393800815,0.03054250506423619,0.02605270693352902,6.071532165918825e-17,0.003151748862251672,1.000000000000011,0.9227254000153131,0.007812500000000007,0.017578125000000007,False,False,False,False,False,True,False,True,False,True
qft_6_Mutant_Add_h_P9_Q2_[].qasm,Quratest_19,0.03418612441875674,0.07055616125629972,0.03369249943005506,0.06991559992903747,8.06578653693435e-17,0.01616842076653808,1.0000000000000098,0.9043115527650675,0.026543444121723905,0.030449694121723905,False,True,False,True,False,True,False,True,True,True
qft_6_Mutant_Add_h_P9_Q2_[].qasm,PureState_20,0.023307713036031685,0.028695150753118646,0.023305371572313292,0.028689591036553597,2.862293735361732e-17,0.0031517488620009682,1.000000000000011,0.9203789234967447,0.015625,0.01513671875,False,False,False,False,False,True,False,True,True,True
qft_6_Mutant_Add_h_P9_Q2_[].qasm,Quratest_20,0.03206633647380989,0.0771384399711939,0.030829271409738478,0.07658376026460624,1.1144243080435379e-16,0.027557242825982268,1.000000000000011,0.9050385515678984,0.010735533621746562,0.004889466378253437,False,True,False,True,False,True,False,True,False,False
qft_6_Mutant_Add_h_P9_Q2_[].qasm,PureState_21,0.02945851809669578,0.02884526471407928,0.02945335338302711,0.028839854394898962,5.4643789493269423e-17,0.003151748862001171,1.0000000000000115,0.9189180638690851,0.003906250000000021,0.01318359374999998,False,False,False,False,False,True,False,True,False,True
qft_6_Mutant_Add_h_P9_Q2_[].qasm,Quratest_21,0.025958023110727046,0.07055027686717903,0.025932120476428455,0.06971033144379422,1.170396245198102e-16,0.01956478138905513,1.0000000000000107,0.9004091322339379,0.010921611527472893,0.004215107222527107,False,True,False,True,False,True,False,True,False,False
qft_6_Mutant_Add_h_P9_Q2_[].qasm,PureState_22,0.02888632398634473,0.029840706356213723,0.02888040662865609,0.029831873780793765,1.0148132334464322e-16,0.0031517488622516063,1.0000000000000115,0.9235301010655367,0.0078125,0.021484375,False,False,False,False,False,True,False,True,False,True
qft_6_Mutant_Add_h_P9_Q2_[].qasm,Quratest_22,0.03579413639379365,0.12008190646119431,0.03478645859566592,0.11652518035230079,9.810335595099307e-17,0.025699984118253222,1.0000000000000107,0.9101987066803036,0.02389843596903332,0.02688281403096668,False,True,False,True,False,True,False,True,True,True
qft_6_Mutant_Add_h_P9_Q2_[].qasm,PureState_23,0.027240423359975594,0.029136807099118804,0.027235802219797312,0.029127801784913563,7.112366251504909e-17,0.003151748862251562,1.000000000000011,0.9183777290147638,0.002441406250000012,0.003417968750000012,False,False,False,False,False,True,False,True,False,False
qft_6_Mutant_Add_h_P9_Q2_[].qasm,Quratest_23,0.030268548597833397,0.09228144732843487,0.028903251017177212,0.08852512892824883,1.1108328883471796e-16,0.02129076970044639,1.000000000000011,0.912611966020716,0.0034179687500020704,0.02636718749999793,False,True,False,True,False,True,False,True,False,True
qft_6_Mutant_Add_h_P9_Q2_[].qasm,PureState_24,0.02674959933085067,0.03032229040606214,0.026745683620145764,0.030315440063129702,6.678685382510707e-17,0.0031517488620011556,1.000000000000011,0.9257128654802355,0.002441406249999988,0.005371093749999988,False,False,False,False,False,True,False,True,False,False
qft_6_Mutant_Add_h_P9_Q2_[].qasm,Quratest_24,0.028111322713587534,0.06753055198809628,0.028087170714024546,0.06733236194220424,9.73613550891983e-17,0.017918429077557998,1.000000000000012,0.9101470416966085,0.010734488801226459,0.008308479948773541,False,True,False,True,False,True,False,True,False,False
qft_6_Mutant_Add_h_P9_Q2_[].qasm,PureState_25,0.028022917295967908,0.026106823344654913,0.028017645696858197,0.026100204964566536,5.4643789493269423e-17,0.003151748862001257,1.0000000000000115,0.9192201641158216,0.005859375000000012,0.019531250000000014,False,False,False,False,False,True,False,True,False,True
qft_6_Mutant_Add_h_P9_Q2_[].qasm,Quratest_25,0.030778459920836363,0.12077369796583373,0.02995500538453311,0.11677518909445389,1.0273916727131585e-16,0.020119689447658122,1.0000000000000115,0.9131682795405515,0.034370663305965624,0.004097225805965624,False,True,False,True,False,True,False,True,True,False
qft_6_Mutant_Add_h_P9_Q2_[].qasm,PureState_26,0.025812814362145775,0.028355325070112077,0.025808664441241934,0.028349572755327932,4.336808689942018e-17,0.0031517488622514146,1.000000000000011,0.9197964947863948,0.002929687500000012,0.008300781249999988,False,False,False,False,False,True,False,True,False,False
qft_6_Mutant_Add_h_P9_Q2_[].qasm,Quratest_26,0.028911971190948356,0.07362797170761051,0.028349188777155646,0.07214485792717767,9.031404096804252e-17,0.014128443867329407,1.000000000000011,0.9115381651191219,0.02415414359943572,0.01637320015056428,False,True,False,True,False,True,False,True,True,True
qft_6_Mutant_Add_h_P9_Q2_[].qasm,PureState_27,0.029509652821964785,0.027095511334801568,0.02950411375547772,0.027090981740011483,1.3183898417423734e-16,0.0031517488622515985,1.000000000000011,0.9230639225763472,0.005371093750000002,0.0024414062500000017,False,False,False,False,False,True,False,True,False,False
qft_6_Mutant_Add_h_P9_Q2_[].qasm,Quratest_27,0.033526154230485085,0.08528124323328133,0.03250317316231656,0.08315247378516327,1.1437316480185367e-16,0.03661662984716921,1.000000000000011,0.8978209509049676,0.00556158797221061,0.02764153702778939,False,True,False,True,False,True,False,True,False,True
qft_6_Mutant_Add_h_P9_Q2_[].qasm,PureState_28,0.029156681466263143,0.02965978690151242,0.029149602818629335,0.029652142457869356,7.025630077706069e-17,0.0031517488622513365,1.0000000000000107,0.9240650706569329,0.016113281249999993,0.028808593750000007,False,False,False,False,False,True,False,True,True,True
qft_6_Mutant_Add_h_P9_Q2_[].qasm,Quratest_28,0.028786659586091407,0.07061551836031742,0.027055296420764718,0.06861899953509537,7.565919307535085e-17,0.027511031160843642,1.000000000000011,0.9087049348741941,0.03565764168065204,0.01610017081934796,False,True,False,True,False,True,False,True,True,True
qft_6_Mutant_Add_h_P9_Q2_[].qasm,PureState_29,0.02811486242844291,0.02521834196878973,0.02810851637039559,0.025214517111103424,0.0,0.003151748862000865,1.000000000000012,0.9268613617461694,0.002441406250000007,0.017578124999999993,False,False,False,False,False,True,False,True,False,True
qft_6_Mutant_Add_h_P9_Q2_[].qasm,Quratest_29,0.02673544203388692,0.11153502701922953,0.026347996268185018,0.10387763982933601,1.8291810168343604e-16,0.031727019485074004,1.000000000000012,0.9083944469958687,0.01702441689169229,0.04352245810830771,False,True,False,True,False,True,False,True,True,True
qft_6_Mutant_Add_h_P9_Q2_[].qasm,PureState_30,0.02966065537427161,0.03221449335565287,0.029655543395514166,0.032207646928312524,1.214306433183765e-16,0.003151748862251515,1.0000000000000102,0.9249658896251659,0.011230468750000003,0.010742187500000003,False,False,False,False,False,True,False,True,False,False
qft_6_Mutant_Add_h_P9_Q2_[].qasm,Quratest_30,0.027360683356329754,0.1120571390184408,0.02702078361611281,0.10473120124113118,4.37069000783219e-17,0.017737447123163178,1.000000000000011,0.9225099579081794,0.01148149472122012,0.03003618222122012,False,True,False,True,False,True,False,True,False,True
qft_6_Mutant_Add_h_P9_Q2_[].qasm,PureState_31,0.029002038274396708,0.023246984613772382,0.02899675126315629,0.023243311132438587,6.938893903907228e-17,0.00315174886200114,1.000000000000011,0.9254300161504205,0.01220703125,0.001953125,False,False,False,False,False,True,False,True,True,False
qft_6_Mutant_Add_h_P9_Q2_[].qasm,Quratest_31,0.033612031210033755,0.07639193766017714,0.032126575156499894,0.07416795101525424,1.2464852148499558e-16,0.022717128478197755,1.0000000000000129,0.9050833720099074,0.0060333770945742785,0.0022674041554257215,False,True,False,True,False,True,False,True,False,False
qft_6_Mutant_Add_id_P20_Q0_[].qasm,PureState_0,0.02878101233574065,0.028510403707329563,0.028774767706451144,0.028504974320289138,0.0,0.0031501747158412348,1.000000000000011,0.9242383696284739,0.01708984375,0.01318359375,False,False,False,False,False,True,False,True,True,True
qft_6_Mutant_Add_id_P20_Q0_[].qasm,Quratest_0,0.030526650100651948,0.07153783943305682,0.030001186505487675,0.06967712883040314,0.0,0.010985538143593949,1.000000000000011,0.9177700831343716,0.02967480617006453,0.02940722507993547,False,True,False,True,False,True,False,True,True,True
qft_6_Mutant_Add_id_P20_Q0_[].qasm,PureState_1,0.030966130371977898,0.0271421470366502,0.030959979124087298,0.02713733703684264,0.0,0.003150174716218839,1.000000000000011,0.9180360761519617,0.0166015625,0.044921875,False,False,False,False,False,True,False,True,True,True
qft_6_Mutant_Add_id_P20_Q0_[].qasm,Quratest_1,0.03473719404270432,0.08155474221822633,0.0340146995451911,0.07978450320199529,0.0,0.03356844338995719,1.0000000000000093,0.9114506407683659,0.004441200648726475,0.010207236851273525,False,True,False,True,False,True,False,True,False,False
qft_6_Mutant_Add_id_P20_Q0_[].qasm,PureState_2,0.0333135781849205,0.027751896170411433,0.03330321674104771,0.027746253410799088,0.0,0.0031501747162183177,1.000000000000012,0.9218661784975833,0.020996093750000007,0.012695312500000007,False,False,False,False,False,True,False,True,True,True
qft_6_Mutant_Add_id_P20_Q0_[].qasm,Quratest_2,0.0306811441368238,0.10605475071145637,0.02912880857824027,0.1017212454674022,0.0,0.044320650154277275,1.000000000000011,0.8971694647200186,0.020507812500000437,0.028808593750000437,False,True,False,True,False,True,False,True,True,True
qft_6_Mutant_Add_id_P20_Q0_[].qasm,PureState_3,0.022092961853855647,0.029273292268310405,0.02209024115459895,0.029266765318709174,0.0,0.003150174716218741,1.000000000000011,0.9239140395050893,0.0024414062499999983,0.0009765624999999983,False,False,False,False,False,True,False,True,False,False
qft_6_Mutant_Add_id_P20_Q0_[].qasm,Quratest_3,0.026853920787319636,0.06916041532713024,0.02650892925305846,0.06607007090055578,0.0,0.013473399659141398,1.0000000000000124,0.9194181794777402,0.013319655715627474,0.0016009057156274736,False,True,False,True,False,True,False,True,True,False
qft_6_Mutant_Add_id_P20_Q0_[].qasm,PureState_4,0.02857663017890339,0.024626858595815877,0.02857202158520129,0.0246201768543528,0.0,0.003150174716218714,1.000000000000011,0.9236009015037996,0.013183593749999998,0.011718749999999998,False,False,False,False,False,True,False,True,True,False
qft_6_Mutant_Add_id_P20_Q0_[].qasm,Quratest_4,0.02765797222565972,0.11700941300652316,0.026485526933914504,0.11305334885933659,0.0,0.03125837913975425,1.0000000000000093,0.9037519925500851,0.01688259795214829,0.01199978545214829,False,True,False,True,False,True,False,True,True,False
qft_6_Mutant_Add_id_P20_Q0_[].qasm,PureState_5,0.02641888885328563,0.0270980690748765,0.026414063065086514,0.027094032711148606,0.0,0.0031501747158413597,1.000000000000011,0.9210607357782288,0.024902343749999993,0.015625000000000007,False,False,False,False,False,True,False,True,True,True
qft_6_Mutant_Add_id_P20_Q0_[].qasm,Quratest_5,0.028507406892341044,0.09129147334693341,0.02710956283854226,0.0867114021692741,0.0,0.02476435167622848,1.0000000000000115,0.9193154388107977,0.03940606645233277,0.029640441452332772,False,True,False,True,False,True,False,True,True,True
qft_6_Mutant_Add_id_P20_Q0_[].qasm,PureState_6,0.029417188546488407,0.026645481751036107,0.029411924851392653,0.026640732770163118,0.0,0.003150174715841881,1.000000000000011,0.9181392574845189,0.007812499999999986,0.030761718750000014,False,False,False,False,False,True,False,True,False,True
qft_6_Mutant_Add_id_P20_Q0_[].qasm,Quratest_6,0.028310400172114322,0.03377672872764588,0.028270767564120725,0.033763199877311925,0.0,0.018340009494716696,1.000000000000011,0.9180522728908233,0.022949218750000284,0.015136718750000284,False,False,False,False,False,True,False,True,True,True
qft_6_Mutant_Add_id_P20_Q0_[].qasm,PureState_7,0.029803375766652828,0.03142339672451154,0.029797225156609874,0.03141324673560575,0.0,0.0031501747158417205,1.000000000000011,0.919658012439694,0.0034179687499999896,0.00634765624999999,False,False,False,False,False,True,False,True,False,False
qft_6_Mutant_Add_id_P20_Q0_[].qasm,Quratest_7,0.02805745158732177,0.06414151040072284,0.02749331403662262,0.06322404532121946,0.0,0.030758862363041616,1.0000000000000107,0.9051722467429737,0.016862026499101516,0.017838588999101516,False,True,False,True,False,True,False,True,True,True
qft_6_Mutant_Add_id_P20_Q0_[].qasm,PureState_8,0.02853099896349726,0.028482741036281362,0.028525966063565975,0.028476155908497627,0.0,0.003150174716218374,1.000000000000011,0.9208283611450928,0.016113281249999993,0.005371093749999995,False,False,False,False,False,True,False,True,True,False
qft_6_Mutant_Add_id_P20_Q0_[].qasm,Quratest_8,0.03026474286491525,0.10036477424388575,0.0296997053521521,0.0973690671723503,0.0,0.03292347530032906,1.0000000000000115,0.9044353639620671,0.015659364820417077,0.03512188517958292,False,True,False,True,False,True,False,True,True,True
qft_6_Mutant_Add_id_P20_Q0_[].qasm,PureState_9,0.025677960246693415,0.03140913920334133,0.02567390527978068,0.03140221810442309,0.0,0.0031501747162186976,1.000000000000011,0.9232668463015742,0.005859374999999979,0.003417968750000021,False,False,False,False,False,True,False,True,False,False
qft_6_Mutant_Add_id_P20_Q0_[].qasm,Quratest_9,0.028069667632026875,0.049299583653953774,0.02805183183432616,0.048517609728529955,0.0,0.020817408752135353,1.0000000000000124,0.9081406919183427,0.010872071898852805,0.003776365601147195,False,True,False,True,False,True,False,True,False,False
qft_6_Mutant_Add_id_P20_Q0_[].qasm,PureState_10,0.031654580008637155,0.02506415454516128,0.031646628634345725,0.025060816968304336,0.0,0.00315017471621861,1.000000000000011,0.9257030184100817,0.015136718749999998,0.013671874999999998,False,False,False,False,False,True,False,True,True,True
qft_6_Mutant_Add_id_P20_Q0_[].qasm,Quratest_10,0.02752697484359987,0.06630914367858586,0.027226756061844392,0.06445616509320319,0.0,0.015130600766198246,1.000000000000011,0.9173810993109394,0.0124593757919704,0.0158609367080296,False,True,False,True,False,True,False,True,True,True
qft_6_Mutant_Add_id_P20_Q0_[].qasm,PureState_11,0.028009441064910955,0.028106727651369835,0.028004214932612063,0.02810222565888808,0.0,0.0031501747162188684,1.000000000000011,0.9182500244667768,0.019531250000000007,0.004394531249999991,False,False,False,False,False,True,False,True,True,False
qft_6_Mutant_Add_id_P20_Q0_[].qasm,Quratest_11,0.032552600247250256,0.10191163036462564,0.032005828553700995,0.0976510249788842,0.0,0.03406038968099842,1.000000000000011,0.8973712011513384,0.0019531249999969137,0.04199218750000309,False,True,False,True,False,True,False,True,False,True
qft_6_Mutant_Add_id_P20_Q0_[].qasm,PureState_12,0.024537336462889366,0.030619971978747485,0.024533566363729373,0.030611930598502743,0.0,0.003150174715841202,1.0000000000000115,0.9252763834245881,0.01318359375000003,0.04638671874999997,False,False,False,False,False,True,False,True,True,True
qft_6_Mutant_Add_id_P20_Q0_[].qasm,Quratest_12,0.030930635859559123,0.08549896150207895,0.03090185886771356,0.08472139262263234,0.0,0.028987370868063796,1.0000000000000124,0.9040439179466148,0.009813827527430881,0.01948304747256912,False,True,False,True,False,True,False,True,False,True
qft_6_Mutant_Add_id_P20_Q0_[].qasm,PureState_13,0.02878901548155473,0.030932081663511468,0.028781895029529513,0.030925102419618714,0.0,0.0031501747162186663,1.000000000000012,0.9259615417276756,0.00830078125,0.00341796875,False,False,False,False,False,True,False,True,False,False
qft_6_Mutant_Add_id_P20_Q0_[].qasm,Quratest_13,0.025814088527586116,0.0714800539057516,0.025506191404459363,0.07119912539958745,0.0,0.017771962134553156,1.0000000000000133,0.9022970664538709,0.014740657105765387,0.030669499144234613,False,True,False,True,False,True,False,True,True,True
qft_6_Mutant_Add_id_P20_Q0_[].qasm,PureState_14,0.033347822361964326,0.027257458992854623,0.03334058273892841,0.02725371122421107,0.0,0.003150174715841691,1.000000000000012,0.9232730816931869,0.011718750000000003,0.0014648437500000035,False,False,False,False,False,True,False,True,False,False
qft_6_Mutant_Add_id_P20_Q0_[].qasm,Quratest_14,0.028293075602947287,0.07663050808190237,0.027862663090407563,0.07621235022600205,0.0,0.03935568739342217,1.0000000000000102,0.9151934244195004,0.022420619708360207,0.019571567791639793,False,True,False,True,False,True,False,True,True,True
qft_6_Mutant_Add_id_P20_Q0_[].qasm,PureState_15,0.033564805125676556,0.029341460641054105,0.033554706918993,0.02933555858084127,0.0,0.003150174715841699,1.000000000000011,0.9194015391769015,0.02197265625,0.007812500000000002,False,False,False,False,False,True,False,True,True,False
qft_6_Mutant_Add_id_P20_Q0_[].qasm,Quratest_15,0.02763502750371915,0.07050208753064106,0.027028457455772342,0.06811064394250943,0.0,0.017293450190796,1.000000000000011,0.9128221063844449,0.015607759158133075,0.035139009158133075,False,True,False,True,False,True,False,True,True,True
qft_6_Mutant_Add_id_P20_Q0_[].qasm,PureState_16,0.02651463183921443,0.027493910957409357,0.02650994910821992,0.02748912705690636,0.0,0.0031501747162184044,1.000000000000011,0.9182023906603488,0.005859374999999998,0.0019531249999999983,False,False,False,False,False,True,False,True,False,False
qft_6_Mutant_Add_id_P20_Q0_[].qasm,Quratest_16,0.028921659117426134,0.07560617795195612,0.02882241673877724,0.0751513469666966,0.0,0.02624074243999389,1.000000000000011,0.9153653652812175,0.006370496701166184,0.035621690798833816,False,True,False,True,False,True,False,True,False,True
qft_6_Mutant_Add_id_P20_Q0_[].qasm,PureState_17,0.027275905476832275,0.02899391837291508,0.02727143430439441,0.028987243101202837,0.0,0.0031501747162182717,1.0000000000000124,0.9271751171153054,0.027343750000000007,0.04931640625000001,False,False,False,False,False,True,False,True,True,True
qft_6_Mutant_Add_id_P20_Q0_[].qasm,Quratest_17,0.026714219494848822,0.0848166900073335,0.026080445238015556,0.08298297843658396,0.0,0.02408122983812473,1.0000000000000107,0.9180236381387767,0.005440052520484448,0.017158802520484448,False,True,False,True,False,True,False,True,False,True
qft_6_Mutant_Add_id_P20_Q0_[].qasm,PureState_18,0.032317603141623755,0.029709183494557357,0.032304886791122416,0.029703024267940664,0.0,0.0031501747158417803,1.000000000000011,0.917572977788632,0.005859374999999998,0.008300781250000002,False,False,False,False,False,True,False,True,False,False
qft_6_Mutant_Add_id_P20_Q0_[].qasm,Quratest_18,0.033664656071753105,0.0855437744464758,0.032020354261948485,0.07703658808166179,0.0,0.027750085075601647,1.0000000000000124,0.9097059036636881,0.02440326059735548,0.01563580190264452,False,True,False,True,False,True,False,True,True,True
qft_6_Mutant_Add_id_P20_Q0_[].qasm,PureState_19,0.029302715695468193,0.028812531145938878,0.0292970382344777,0.028805756486166623,0.0,0.0031501747158416433,1.000000000000011,0.922812687584154,0.009277343750000007,0.007324218750000007,False,False,False,False,False,True,False,True,False,False
qft_6_Mutant_Add_id_P20_Q0_[].qasm,Quratest_19,0.03086212564347804,0.06880817907523326,0.0303132803005454,0.06792368140975559,0.0,0.01631496428670963,1.0000000000000102,0.9041654318436344,0.00031202462827609537,0.00031202462827609537,False,True,False,True,False,True,False,True,False,False
qft_6_Mutant_Add_id_P20_Q0_[].qasm,PureState_20,0.029096566877783857,0.026802337787284105,0.029091379587941085,0.026798187571627965,0.0,0.003150174716218321,1.000000000000011,0.9204873201115621,0.013671875,0.01220703125,False,False,False,False,False,True,False,True,True,True
qft_6_Mutant_Add_id_P20_Q0_[].qasm,Quratest_20,0.029879596879102462,0.07720273439163167,0.029342373222011015,0.07647061787632123,0.0,0.027467374857597024,1.0000000000000102,0.9054730009486048,0.03417303362174656,0.004876158621746563,False,True,False,True,False,True,False,True,True,False
qft_6_Mutant_Add_id_P20_Q0_[].qasm,PureState_21,0.027589157975626596,0.03160880085682313,0.02758351568943387,0.03159648983354773,0.0,0.0031501747162184113,1.000000000000011,0.9190260965346805,0.0009765625000000208,0.007324218750000021,False,False,False,False,False,True,False,True,False,False
qft_6_Mutant_Add_id_P20_Q0_[].qasm,Quratest_21,0.026163157861018763,0.06460283968885183,0.026142697915036206,0.06407001411065681,0.0,0.01955210945547457,1.0000000000000102,0.9006692061368526,0.007144794722527107,0.002261982222527107,False,True,False,True,False,True,False,True,False,False
qft_6_Mutant_Add_id_P20_Q0_[].qasm,PureState_22,0.02289827015253053,0.024436373896169986,0.022895468680559382,0.024432988540160086,0.0,0.0031501747158417283,1.0000000000000115,0.9236171917863499,0.01171875,0.00830078125,False,False,False,False,False,True,False,True,False,False
qft_6_Mutant_Add_id_P20_Q0_[].qasm,Quratest_22,0.02970100421213767,0.12197777525005282,0.02913513180549686,0.11906469346262959,0.0,0.02575719869144239,1.000000000000011,0.9103538821698873,0.03274218903096668,0.02444140778096668,False,True,False,True,False,True,False,True,True,True
qft_6_Mutant_Add_id_P20_Q0_[].qasm,PureState_23,0.02873394913181734,0.02563884149421695,0.028728054611140016,0.02563377890276403,0.0,0.0031501747158413024,1.000000000000012,0.9182388562277719,0.014648437500000012,0.002441406249999988,False,False,False,False,False,True,False,True,True,False
qft_6_Mutant_Add_id_P20_Q0_[].qasm,Quratest_23,0.02929506270282398,0.08593964134790424,0.028717378839399184,0.08257057166578959,0.0,0.021152854298538706,1.000000000000011,0.9131019570513496,0.0024414062500020704,0.014160156250002071,False,True,False,True,False,True,False,True,False,True
qft_6_Mutant_Add_id_P20_Q0_[].qasm,PureState_24,0.028833535208094743,0.02498102319112642,0.02882821591620316,0.024977816606401835,0.0,0.0031501747162187574,1.000000000000011,0.9260493422031414,0.017089843749999986,0.050292968750000014,False,False,False,False,False,True,False,True,True,True
qft_6_Mutant_Add_id_P20_Q0_[].qasm,Quratest_24,0.022978233044050576,0.06529767073791122,0.022956748172567543,0.06508757474574847,0.0,0.01778750733577126,1.000000000000012,0.9103272086526166,0.003898551301226459,0.011726448698773541,False,True,False,True,False,True,False,True,False,False
qft_6_Mutant_Add_id_P20_Q0_[].qasm,PureState_25,0.02759772152148002,0.025665049751291115,0.027592944072256285,0.02566099205528987,0.0,0.0031501747162184894,1.000000000000011,0.9193282322885332,0.032226562499999986,1.214306433183765e-17,False,False,False,False,False,True,False,True,True,False
qft_6_Mutant_Add_id_P20_Q0_[].qasm,Quratest_25,0.025338858543831246,0.1126884665524979,0.02500398221873722,0.10887094166834144,0.0,0.020025093653591647,1.0000000000000129,0.9134421323966222,0.012504336694034376,0.026664492944034376,False,True,False,True,False,True,False,True,True,True
qft_6_Mutant_Add_id_P20_Q0_[].qasm,PureState_26,0.027246973384458667,0.025983622058529086,0.027241426595586232,0.025979863590213995,0.0,0.003150174715841396,1.000000000000011,0.9196576141487571,0.0004882812500000121,0.005859375000000012,False,False,False,False,False,True,False,True,False,False
qft_6_Mutant_Add_id_P20_Q0_[].qasm,Quratest_26,0.026819385071673488,0.07155300746138185,0.026777277455328485,0.07009355787931679,0.0,0.014147680001383623,1.000000000000012,0.9115386083217383,0.0007482001505642807,0.0026697685994357193,False,True,False,True,False,True,False,True,False,False
qft_6_Mutant_Add_id_P20_Q0_[].qasm,PureState_27,0.028562993670578907,0.02733399500646856,0.028558715191882092,0.027327649559304754,0.0,0.003150174715841652,1.000000000000011,0.9231512421258236,0.003906250000000002,0.010253906249999998,False,False,False,False,False,True,False,True,False,False
qft_6_Mutant_Add_id_P20_Q0_[].qasm,Quratest_27,0.030832683330638,0.08836779445770068,0.03005782377676034,0.08639849003563665,0.0,0.03622848758274438,1.0000000000000107,0.898072957356882,0.0017626307777893896,0.0012743495277893896,False,True,False,True,False,True,False,True,False,False
qft_6_Mutant_Add_id_P20_Q0_[].qasm,PureState_28,0.02815087988446599,0.027342275653462988,0.028146282674225132,0.027337930190077797,0.0,0.003150174715841155,1.000000000000011,0.9239253301288847,0.03613281250000001,0.016601562500000007,False,False,False,False,False,True,False,True,True,True
qft_6_Mutant_Add_id_P20_Q0_[].qasm,Quratest_28,0.03135203055175716,0.06895209679878679,0.029504731672170187,0.0668993112565424,0.0,0.027575505068469876,1.000000000000011,0.9088757534520479,0.013684985430652039,0.03953767081934796,False,True,False,True,False,True,False,True,True,True
qft_6_Mutant_Add_id_P20_Q0_[].qasm,PureState_29,0.02545108891809204,0.031126719790666776,0.02544751656524664,0.031121185861956682,0.0,0.0031501747162182257,1.000000000000012,0.9269703424837016,0.003417968749999993,0.03271484374999999,False,False,False,False,False,True,False,True,False,True
qft_6_Mutant_Add_id_P20_Q0_[].qasm,Quratest_29,0.02607256874444078,0.11039386653423026,0.024844450653648282,0.10275731035333718,0.0,0.031917721541997394,1.000000000000012,0.9086367093459468,0.00042285439169229,0.05084667685830771,False,True,False,True,False,True,False,True,False,True
qft_6_Mutant_Add_id_P20_Q0_[].qasm,PureState_30,0.026405308689662517,0.030597313886742025,0.026401580935104467,0.030589767945139106,0.0,0.003150174715841586,1.0000000000000102,0.9250534616675012,0.0078124999999999965,0.0014648437500000035,False,False,False,False,False,True,False,True,False,False
qft_6_Mutant_Add_id_P20_Q0_[].qasm,Quratest_30,0.030508943720052674,0.09908528542528736,0.029908120159928477,0.09293618658950974,0.0,0.01773808858621813,1.0000000000000115,0.9225433701281843,0.00611040097122012,0.03443071347122012,False,True,False,True,False,True,False,True,False,True
qft_6_Mutant_Add_id_P20_Q0_[].qasm,PureState_31,0.026112694702988094,0.026771225293039734,0.0261080502592707,0.02676707697092614,0.0,0.003150174716218675,1.000000000000011,0.9257663900743244,0.0009765625,0.017578125,False,False,False,False,False,True,False,True,False,True
qft_6_Mutant_Add_id_P20_Q0_[].qasm,Quratest_31,0.030242381984124905,0.06906220955847284,0.028630934246587456,0.06790022413393984,0.0,0.022823735248415487,1.0000000000000124,0.9053137954431837,0.0056853729054257215,0.0006622833445742785,False,True,False,True,False,True,False,True,False,False
qft_6_Mutant_Add_p_P0_Q5_[0.0].qasm,PureState_0,0.030994766921979004,0.028084680440257817,0.03098744248902701,0.028078888394294517,0.0,0.0031501833552485693,1.000000000000011,0.9247108784614416,0.03564453125,0.00634765625,False,False,False,False,False,True,False,True,True,False
qft_6_Mutant_Add_p_P0_Q5_[0.0].qasm,Quratest_0,0.026338445949115948,0.0689940470817409,0.025743840268342304,0.06768847694874575,0.0,0.0108584367624104,1.000000000000011,0.9182333805512526,0.00281933742006453,0.02696581882993547,False,True,False,True,False,True,False,True,False,True
qft_6_Mutant_Add_p_P0_Q5_[0.0].qasm,PureState_1,0.02994482085211383,0.029015587408702026,0.02993872486528286,0.029009155667716655,0.0,0.003150183355626162,1.000000000000011,0.9182585120868669,0.009277343750000002,0.006347656250000002,False,False,False,False,False,True,False,True,False,False
qft_6_Mutant_Add_p_P0_Q5_[0.0].qasm,Quratest_1,0.030424038158291467,0.08317303260099998,0.02983523942519916,0.08101335407392614,0.0,0.033558166607893486,1.0000000000000093,0.9117354186931799,0.013230263148726475,0.0033712993512735254,False,True,False,True,False,True,False,True,True,False
qft_6_Mutant_Add_p_P0_Q5_[0.0].qasm,PureState_2,0.026808451941723002,0.03404014556499987,0.026803468087680502,0.03403124052722899,0.0,0.0031501833556256773,1.000000000000012,0.92208956051089,0.003417968750000007,0.003906250000000007,False,False,False,False,False,True,False,True,False,False
qft_6_Mutant_Add_p_P0_Q5_[0.0].qasm,Quratest_2,0.033327773594429844,0.11346733548047769,0.0316325914135356,0.10811085449338159,0.0,0.044320650143507084,1.000000000000011,0.897386801413782,0.008789062499999563,0.029785156249999563,False,True,False,True,False,True,False,True,False,True
qft_6_Mutant_Add_p_P0_Q5_[0.0].qasm,PureState_3,0.02837377818076877,0.028046412593824333,0.028369837972183336,0.028041692886998894,0.0,0.0031501833556260373,1.000000000000011,0.9241379160581369,0.03466796875,0.0029296875000000017,False,False,False,False,False,True,False,True,True,False
qft_6_Mutant_Add_p_P0_Q5_[0.0].qasm,Quratest_3,0.02761942129877913,0.06295572326359268,0.02704335826860638,0.05884234091603697,0.0,0.013377506091719622,1.0000000000000124,0.919801726933644,0.008653000534372526,0.00035221928437252636,False,True,False,True,False,True,False,True,False,False
qft_6_Mutant_Add_p_P0_Q5_[0.0].qasm,PureState_4,0.023478224912320593,0.03095829094908646,0.023475994477356935,0.030951554783886365,0.0,0.0031501833556260364,1.000000000000011,0.9238247010312581,0.005371093749999998,0.0014648437500000017,False,False,False,False,False,True,False,True,False,False
qft_6_Mutant_Add_p_P0_Q5_[0.0].qasm,Quratest_4,0.03309614884242138,0.11446334093457751,0.03244956138845927,0.11016680087765815,0.0,0.03104065472412243,1.0000000000000093,0.9042213108628477,0.01534396454785171,0.00753146454785171,False,True,False,True,False,True,False,True,True,False
qft_6_Mutant_Add_p_P0_Q5_[0.0].qasm,PureState_5,0.027851207872929325,0.031470719408866574,0.027846463279277523,0.03146471732541705,0.0,0.0031501833552486716,1.000000000000011,0.9215316372343533,0.0024414062500000087,0.0019531249999999913,False,False,False,False,False,True,False,True,False,False
qft_6_Mutant_Add_p_P0_Q5_[0.0].qasm,Quratest_5,0.031441830098826486,0.08915591053918898,0.029648115289962616,0.0849060062235894,0.0,0.024764351666062008,1.0000000000000115,0.919588255206184,0.013328308547667228,0.006492371047667228,False,True,False,True,False,True,False,True,True,False
qft_6_Mutant_Add_p_P0_Q5_[0.0].qasm,PureState_6,0.028740274876275645,0.027658388980161416,0.028735506126756648,0.02765209103021832,0.0,0.003150183355249199,1.000000000000011,0.91860862260232,0.017578125000000014,1.3877787807814457e-17,False,False,False,False,False,True,False,True,True,False
qft_6_Mutant_Add_p_P0_Q5_[0.0].qasm,Quratest_6,0.022582283229471867,0.03485445961278825,0.02257463011597759,0.03483911866438025,0.0,0.018340009491369477,1.000000000000011,0.918274729920869,0.008300781249999716,0.013183593750000284,False,False,False,False,False,True,False,True,False,True
qft_6_Mutant_Add_p_P0_Q5_[0.0].qasm,PureState_7,0.03051615951565175,0.025894735103001453,0.030510253841815847,0.02589072389197794,0.0,0.0031501833552490133,1.000000000000011,0.9201281799751557,0.00927734374999999,0.00390625000000001,False,False,False,False,False,True,False,True,False,False
qft_6_Mutant_Add_p_P0_Q5_[0.0].qasm,Quratest_7,0.032497197878280766,0.06279833588428817,0.03210191461225058,0.06185574755862881,0.0,0.03075886235293703,1.0000000000000107,0.9053924517777876,0.019303432749101516,0.026627651499101516,False,True,False,True,False,True,False,True,True,True
qft_6_Mutant_Add_p_P0_Q5_[0.0].qasm,PureState_8,0.029567910443394397,0.025022995265865534,0.02956198108806824,0.025018918558095193,0.0,0.003150183355625694,1.000000000000011,0.9210514900254418,0.019531249999999993,0.004394531249999995,False,False,False,False,False,True,False,True,True,False
qft_6_Mutant_Add_p_P0_Q5_[0.0].qasm,Quratest_8,0.03066762215033987,0.10314430904034608,0.02986565329439622,0.100806651145242,0.0,0.03277724981476016,1.0000000000000115,0.9049599599093971,0.022914853929582923,0.04488751017958292,False,True,False,True,False,True,False,True,True,True
qft_6_Mutant_Add_p_P0_Q5_[0.0].qasm,PureState_9,0.027448416484977735,0.02792162569897382,0.02744272176210843,0.027917061748641687,0.0,0.0031501833556259887,1.000000000000011,0.9234905648630278,0.00781250000000002,0.0004882812499999792,False,False,False,False,False,True,False,True,False,False
qft_6_Mutant_Add_p_P0_Q5_[0.0].qasm,Quratest_9,0.025555536698338682,0.055659465509565444,0.024913985004861777,0.0547497343913322,0.0,0.020794025522397855,1.0000000000000124,0.908616765129918,0.019889646851147195,0.03990917810114719,False,True,False,True,False,True,False,True,True,True
qft_6_Mutant_Add_p_P0_Q5_[0.0].qasm,PureState_10,0.026132099128171077,0.0322530534872118,0.026128643540972586,0.03224401448990907,0.0,0.0031501833556259974,1.000000000000011,0.9259273125760196,0.011230468749999998,0.011230468750000002,False,False,False,False,False,True,False,True,False,False
qft_6_Mutant_Add_p_P0_Q5_[0.0].qasm,Quratest_10,0.0349818049862295,0.06572203566484731,0.033828592696750155,0.06455249624246816,0.0,0.015064049242709219,1.000000000000011,0.9177469040174577,0.0319742179580296,0.005607030458029599,False,True,False,True,False,True,False,True,True,False
qft_6_Mutant_Add_p_P0_Q5_[0.0].qasm,PureState_11,0.028468750241472163,0.029215228768865575,0.0284624326833373,0.02920891304118109,0.0,0.00315018335562617,1.000000000000011,0.918472508833842,0.023925781250000007,0.019531250000000007,False,False,False,False,False,True,False,True,True,True
qft_6_Mutant_Add_p_P0_Q5_[0.0].qasm,Quratest_11,0.029607234523193658,0.10229518106259478,0.02851376143988784,0.09809517260307661,0.0,0.034060389667907726,1.000000000000011,0.8975886823757707,0.006835937500003086,0.004882812499996914,False,True,False,True,False,True,False,True,False,False
qft_6_Mutant_Add_p_P0_Q5_[0.0].qasm,PureState_12,0.028681641385645888,0.02806953651787911,0.028674915505140296,0.028064430144925854,0.0,0.0031501833552485693,1.0000000000000115,0.925749400608443,0.0058593750000000295,0.0048828125000000295,False,False,False,False,False,True,False,True,False,False
qft_6_Mutant_Add_p_P0_Q5_[0.0].qasm,Quratest_12,0.02679761408077133,0.08465020487670022,0.026769701029398803,0.08369609243862211,0.0,0.028933345894929276,1.0000000000000124,0.9045620150265672,0.011278671277430881,0.005907577527430881,False,True,False,True,False,True,False,True,False,False
qft_6_Mutant_Add_p_P0_Q5_[0.0].qasm,PureState_13,0.025387872572817983,0.026954522978661712,0.025384472003502877,0.026950653060284633,0.0,0.003150183355625987,1.000000000000012,0.9261858985507463,0.0146484375,0.00390625,False,False,False,False,False,True,False,True,True,False
qft_6_Mutant_Add_p_P0_Q5_[0.0].qasm,Quratest_13,0.0258802495262164,0.05935897108994593,0.02584701652304991,0.059164734036211176,0.0,0.017636990547650895,1.0000000000000133,0.9028209421164748,0.026763249144234613,0.015532780394234613,False,True,False,True,False,True,False,True,True,True
qft_6_Mutant_Add_p_P0_Q5_[0.0].qasm,PureState_14,0.024737713028570217,0.027535721086957704,0.024733199250450033,0.027530682347413314,0.0,0.003150183355249001,1.000000000000012,0.9237451149012172,0.0361328125,0.0058593749999999965,False,False,False,False,False,True,False,True,True,False
qft_6_Mutant_Add_p_P0_Q5_[0.0].qasm,Quratest_14,0.030553259775657583,0.07902250601272648,0.02937455664729593,0.07863515471203615,0.0,0.039246355173377837,1.0000000000000102,0.9156613239744852,0.0019128072083602066,0.05082156779163979,False,True,False,True,False,True,False,True,False,True
qft_6_Mutant_Add_p_P0_Q5_[0.0].qasm,PureState_15,0.02880249478810119,0.027263415386858197,0.028796197976962815,0.027258791103788572,0.0,0.0031501833552490584,1.000000000000011,0.9198715830592757,0.0166015625,0.005859375000000002,False,False,False,False,False,True,False,True,True,False
qft_6_Mutant_Add_p_P0_Q5_[0.0].qasm,Quratest_15,0.027986615516008298,0.06722982380328194,0.027402265597213357,0.06441030755923564,0.0,0.01719641115935514,1.000000000000011,0.9131663844646063,0.010236665408133075,0.031232759158133075,False,True,False,True,False,True,False,True,False,True
qft_6_Mutant_Add_p_P0_Q5_[0.0].qasm,PureState_16,0.02542914600484642,0.025889375082804242,0.02542309126247257,0.025885359630148985,0.0,0.0031501833556257094,1.000000000000011,0.9184248695270534,0.008789062500000002,0.007324218750000002,False,False,False,False,False,True,False,True,False,False
qft_6_Mutant_Add_p_P0_Q5_[0.0].qasm,Quratest_16,0.029372044122245693,0.07093620283155486,0.029333578868857818,0.07057677136416018,0.0,0.026229999238503186,1.000000000000011,0.9156323786447292,0.004417371701166184,0.019508409548833816,False,True,False,True,False,True,False,True,False,True
qft_6_Mutant_Add_p_P0_Q5_[0.0].qasm,PureState_17,0.032867235001578676,0.03008851310356464,0.03285653003009445,0.030083044953264606,0.0,0.0031501833556255975,1.0000000000000124,0.927399764973937,0.001953125000000007,0.018554687500000007,False,False,False,False,False,True,False,True,False,True
qft_6_Mutant_Add_p_P0_Q5_[0.0].qasm,Quratest_17,0.030100086824440785,0.08786581286017325,0.028209132353927958,0.08557816332269871,0.0,0.024076655267190966,1.0000000000000107,0.9182641417256976,0.018135365020484448,6.895877048444798e-05,False,True,False,True,False,True,False,True,True,False
qft_6_Mutant_Add_p_P0_Q5_[0.0].qasm,PureState_18,0.029713329933814727,0.02755069691433953,0.029707626228940312,0.027542996550159602,0.0,0.0031501833552491035,1.000000000000011,0.9180420563233722,0.0014648437499999983,0.006347656250000002,False,False,False,False,False,True,False,True,False,False
qft_6_Mutant_Add_p_P0_Q5_[0.0].qasm,Quratest_18,0.030353931586474127,0.08438489730570957,0.029316288999745567,0.07672448711512948,0.0,0.02772441596969804,1.0000000000000124,0.9101854516017999,0.0029404894026445194,0.01368267690264452,False,True,False,True,False,True,False,True,False,True
qft_6_Mutant_Add_p_P0_Q5_[0.0].qasm,PureState_19,0.025178433287201783,0.02708316644615411,0.025174076735621997,0.02707746603888622,0.0,0.0031501833552489943,1.000000000000011,0.9232844816529799,0.013183593749999993,0.018554687500000007,False,False,False,False,False,True,False,True,True,True
qft_6_Mutant_Add_p_P0_Q5_[0.0].qasm,Quratest_19,0.026648820530759145,0.07440359060970533,0.026565860341323425,0.07364125400167364,0.0,0.016169933949900888,1.0000000000000102,0.9046477314099217,0.00031202462827609537,0.0037299933782760954,False,True,False,True,False,True,False,True,False,False
qft_6_Mutant_Add_p_P0_Q5_[0.0].qasm,PureState_20,0.029443403877443524,0.02620312302898797,0.029436928937118537,0.026198676076834602,0.0,0.003150183355625641,1.000000000000011,0.9207103663321162,0.0234375,0.01513671875,False,False,False,False,False,True,False,True,True,True
qft_6_Mutant_Add_p_P0_Q5_[0.0].qasm,Quratest_20,0.032340659072004715,0.07613415220443134,0.031571192873365676,0.0754165659740831,0.0,0.027467374851209543,1.0000000000000102,0.9056927797126005,0.03125665387825344,0.011712096121746562,False,True,False,True,False,True,False,True,True,False
qft_6_Mutant_Add_p_P0_Q5_[0.0].qasm,PureState_21,0.028225340246016847,0.028622109327578627,0.028220095161819805,0.02861646541231709,0.0,0.0031501833556256886,1.000000000000011,0.9192487798776866,0.01416015625000002,0.01611328125000002,False,False,False,False,False,True,False,True,True,True
qft_6_Mutant_Add_p_P0_Q5_[0.0].qasm,Quratest_21,0.02760499738516698,0.06555450815874597,0.027582303186916565,0.06493548457541568,0.0,0.01947659467140813,1.0000000000000102,0.901140770128444,0.011409892777472893,0.014469013472527107,False,True,False,True,False,True,False,True,False,True
qft_6_Mutant_Add_p_P0_Q5_[0.0].qasm,PureState_22,0.02709500815595444,0.027112129218358462,0.02709121000885802,0.027106929442770017,0.0,0.0031501833552490593,1.0000000000000115,0.9240894009723949,0.01220703125,0.01611328125,False,False,False,False,False,True,False,True,True,True
qft_6_Mutant_Add_p_P0_Q5_[0.0].qasm,Quratest_22,0.0306349387907032,0.12472879655647626,0.02980678699786775,0.12114198405197832,0.0,0.025539662745562932,1.000000000000011,0.9107883972941687,0.014621092219033321,0.05520312653096668,False,True,False,True,False,True,False,True,True,True
qft_6_Mutant_Add_p_P0_Q5_[0.0].qasm,PureState_23,0.027655286068344144,0.027278936688305135,0.027649362259176156,0.0272739764199471,0.0,0.0031501833552486412,1.000000000000012,0.9187082890445282,0.007324218749999988,0.006347656250000012,False,False,False,False,False,True,False,True,False,False
qft_6_Mutant_Add_p_P0_Q5_[0.0].qasm,Quratest_23,0.031452005719584675,0.08685323918151228,0.029414607669412944,0.08392246392458251,0.0,0.021152854291837202,1.000000000000011,0.913323051237506,0.01953124999999793,0.0009765624999979296,False,True,False,True,False,True,False,True,True,False
qft_6_Mutant_Add_p_P0_Q5_[0.0].qasm,PureState_24,0.03207106581285825,0.029833725700089464,0.03206451767576121,0.029827503462060017,0.0,0.003150183355626059,1.000000000000011,0.9262737226710124,0.031738281249999986,0.018554687499999986,False,False,False,False,False,True,False,True,True,True
qft_6_Mutant_Add_p_P0_Q5_[0.0].qasm,Quratest_24,0.03219539326017104,0.06701209804933933,0.032022494617136424,0.06684077249597911,0.0,0.01778531547742018,1.000000000000012,0.9107918250068479,0.009773323698773541,0.009757926301226459,False,True,False,True,False,True,False,True,False,False
qft_6_Mutant_Add_p_P0_Q5_[0.0].qasm,PureState_25,0.026505336226118885,0.023743188277033436,0.02650047751117808,0.023739616854306894,0.0,0.0031501833556258005,1.000000000000011,0.9195509888603314,0.014648437499999988,0.004882812500000012,False,False,False,False,False,True,False,True,True,False
qft_6_Mutant_Add_p_P0_Q5_[0.0].qasm,Quratest_25,0.028868349704264093,0.11592203467862738,0.02825717916391746,0.11227502603831974,0.0,0.020012757504334164,1.0000000000000129,0.91382378899607,0.006050350805965624,0.014351132055965624,False,True,False,True,False,True,False,True,False,True
qft_6_Mutant_Add_p_P0_Q5_[0.0].qasm,PureState_26,0.030605721236995957,0.029139271635249948,0.03059552324384465,0.02913246897551237,0.0,0.0031501833552487124,1.000000000000011,0.920127795385412,0.002929687499999988,0.0009765625000000121,False,False,False,False,False,True,False,True,False,False
qft_6_Mutant_Add_p_P0_Q5_[0.0].qasm,Quratest_26,0.026463712711365554,0.07598803067961625,0.026441925052048905,0.07453515509662885,0.0,0.014099305857291144,1.000000000000012,0.9120059218876179,0.005631012650564281,0.0012364814005642807,False,True,False,True,False,True,False,True,False,False
qft_6_Mutant_Add_p_P0_Q5_[0.0].qasm,PureState_27,0.026804660427567278,0.025423974547184716,0.02679924263637114,0.025420192554899235,0.0,0.0031501833552490107,1.000000000000011,0.9236232093303289,0.004882812499999998,0.0039062499999999983,False,False,False,False,False,True,False,True,False,False
qft_6_Mutant_Add_p_P0_Q5_[0.0].qasm,Quratest_27,0.027131099817597988,0.08776545734558068,0.02709750672508946,0.08533017657483337,0.0,0.036219521341172546,1.0000000000000107,0.8985251353497258,0.01006341202778939,0.00420403702778939,False,True,False,True,False,True,False,True,False,False
qft_6_Mutant_Add_p_P0_Q5_[0.0].qasm,PureState_28,0.032298844803541935,0.028291793425564246,0.03229164432969619,0.028285673466108788,0.0,0.0031501833552485085,1.000000000000011,0.9243976788808358,0.022460937500000007,0.025390624999999993,False,False,False,False,False,True,False,True,True,True
qft_6_Mutant_Add_p_P0_Q5_[0.0].qasm,Quratest_28,0.03116543184230257,0.0709422258326087,0.030846692861480448,0.0693104422913315,0.0,0.027480993965602905,1.000000000000011,0.9093374681425425,0.01661467293065204,0.03123688956934796,False,True,False,True,False,True,False,True,True,True
qft_6_Mutant_Add_p_P0_Q5_[0.0].qasm,PureState_29,0.028885154141144637,0.03508792977944305,0.028879934653701582,0.03507974891842587,0.0,0.003150183355625569,1.000000000000012,0.9271949407102769,0.013671875000000007,0.002441406249999993,False,False,False,False,False,True,False,True,True,False
qft_6_Mutant_Add_p_P0_Q5_[0.0].qasm,Quratest_29,0.03092006372771897,0.1127121234458844,0.028309846897067857,0.10475207607452426,0.0,0.03166439332139752,1.000000000000012,0.9089657785965218,0.02923144814169229,0.04498730185830771,False,True,False,True,False,True,False,True,True,True
qft_6_Mutant_Add_p_P0_Q5_[0.0].qasm,PureState_30,0.031065231865548305,0.0267081902987889,0.031058449121325032,0.02670382070065264,0.0,0.0031501833552489474,1.0000000000000102,0.9255263706962626,0.022460937500000003,0.0004882812500000035,False,False,False,False,False,True,False,True,True,False
qft_6_Mutant_Add_p_P0_Q5_[0.0].qasm,Quratest_30,0.02794848301132012,0.09565202708839486,0.027325247050266732,0.08937174203390692,0.0,0.017605847439827522,1.0000000000000115,0.9230069416909402,0.01976850527877988,0.02222368222122012,False,True,False,True,False,True,False,True,True,True
qft_6_Mutant_Add_p_P0_Q5_[0.0].qasm,PureState_31,0.02697121928258818,0.029952588563986894,0.02696631969300627,0.029946545419638197,0.0,0.0031501833556260095,1.000000000000011,0.9259907019645937,0.00341796875,0.00390625,False,False,False,False,False,True,False,True,False,False
qft_6_Mutant_Add_p_P0_Q5_[0.0].qasm,Quratest_31,0.03177765753660137,0.07147693728167882,0.030760185334504912,0.06981527852591629,0.0,0.02267258921918997,1.0000000000000124,0.9057604459867187,0.0032439666554257215,0.011544747905425722,False,True,False,True,False,True,False,True,False,False
qft_6_Mutant_Add_rxx_P15_Q5_[6.283185307179586].qasm,PureState_0,0.02686481966819473,0.028690238587861194,0.02686010155391147,0.028685123542572154,8.153200337090993e-17,0.003133280997025501,1.000000000000011,0.9235297351321943,0.00537109375,0.01953125,False,False,False,False,False,True,False,True,False,True
qft_6_Mutant_Add_rxx_P15_Q5_[6.283185307179586].qasm,Quratest_0,0.0291812883452762,0.0704800624238555,0.029167220413185948,0.06902797926734136,9.437302285128513e-17,0.011251632091174232,1.000000000000011,0.9168313397920608,0.00233105617006453,0.00011035007993547008,False,True,False,True,False,True,False,True,False,False
qft_6_Mutant_Add_rxx_P15_Q5_[6.283185307179586].qasm,PureState_1,0.026907167947574463,0.02665316823710128,0.0269032651430714,0.026647965074171696,8.413408858487514e-17,0.003134055905211896,1.000000000000011,0.9168807060945686,0.02001953125,0.00048828124999999827,False,False,False,False,False,True,False,True,True,False
qft_6_Mutant_Add_rxx_P15_Q5_[6.283185307179586].qasm,Quratest_1,0.0301785761674702,0.08126711393567983,0.028821709420667842,0.07927540878259666,3.9238801281555463e-17,0.03418558218165296,1.000000000000011,0.9101780130581122,0.016554893101273525,0.008835731898726475,False,True,False,True,False,True,False,True,True,False
qft_6_Mutant_Add_rxx_P15_Q5_[6.283185307179586].qasm,PureState_2,0.02743551106429126,0.02955773059850841,0.02743068268730561,0.029552046277553708,7.45931094670027e-17,0.0031321711151659206,1.0000000000000115,0.9208663840925311,0.013671874999999993,0.0009765624999999931,False,False,False,False,False,True,False,True,True,False
qft_6_Mutant_Add_rxx_P15_Q5_[6.283185307179586].qasm,Quratest_2,0.030071900421743614,0.11450544799892415,0.02874204580723192,0.10898874088674229,3.58091648781228e-17,0.044892870517212635,1.000000000000011,0.895937090184003,0.009765625000000437,0.013671875000000437,False,True,False,True,False,True,False,True,False,True
qft_6_Mutant_Add_rxx_P15_Q5_[6.283185307179586].qasm,PureState_3,0.0338122006766518,0.025519501692407014,0.03379779541796566,0.025515718386175563,7.025630077706069e-17,0.0031319237070499594,1.000000000000011,0.9229547061194363,0.011230468749999998,0.014160156250000002,False,False,False,False,False,True,False,True,False,True
qft_6_Mutant_Add_rxx_P15_Q5_[6.283185307179586].qasm,Quratest_3,0.020016949647762256,0.06170461606849718,0.02000114991275022,0.058275561897584226,8.247813917299299e-17,0.013617516681221565,1.0000000000000115,0.9185622777577458,0.0013287817843725264,0.023085280715627474,False,True,False,True,False,True,False,True,False,True
qft_6_Mutant_Add_rxx_P15_Q5_[6.283185307179586].qasm,PureState_4,0.03163362065310516,0.025946944494697675,0.03162205795054568,0.025942794397003224,9.454242944073599e-17,0.003131662122273826,1.000000000000012,0.922685779105085,0.004394531249999998,0.017578125,False,False,False,False,False,True,False,True,False,True
qft_6_Mutant_Add_rxx_P15_Q5_[6.283185307179586].qasm,Quratest_4,0.02788777223299824,0.1131635965628178,0.026150527304783355,0.10941953063291937,4.120232953240934e-17,0.0317377468656559,1.0000000000000093,0.90260219846473,0.00125759795214829,0.00167208954785171,False,True,False,True,False,True,False,True,False,False
qft_6_Mutant_Add_rxx_P15_Q5_[6.283185307179586].qasm,PureState_5,0.027172784891834507,0.02433230644709461,0.027167921520935813,0.02432767651944119,7.112366251504909e-17,0.003134702587262208,1.000000000000011,0.9201859159559053,0.003906250000000009,0.0009765624999999913,False,False,False,False,False,True,False,True,False,False
qft_6_Mutant_Add_rxx_P15_Q5_[6.283185307179586].qasm,Quratest_5,0.029955878489439466,0.08552415256102397,0.029381389125863147,0.08176230250046009,6.394251718822713e-17,0.024911807853472606,1.0000000000000115,0.918168586619237,0.007667785202332772,0.03354669145233277,False,True,False,True,False,True,False,True,False,True
qft_6_Mutant_Add_rxx_P15_Q5_[6.283185307179586].qasm,PureState_6,0.029100330088290903,0.03170410555665334,0.029093366187318392,0.03169701441043229,7.806255641895632e-17,0.0031316067930229324,1.000000000000011,0.9175111578659432,0.009277343749999986,0.005371093750000014,False,False,False,False,False,True,False,True,False,False
qft_6_Mutant_Add_rxx_P15_Q5_[6.283185307179586].qasm,Quratest_6,0.028539072676833616,0.03467795078141591,0.028528872065006743,0.03466222457064328,7.166576360129184e-17,0.018808336383361005,1.000000000000012,0.9168882291667556,0.0053710937499997155,0.0073242187499997155,False,False,False,False,False,True,False,True,False,False
qft_6_Mutant_Add_rxx_P15_Q5_[6.283185307179586].qasm,PureState_7,0.03084029601849096,0.02742953864199744,0.03083349232928725,0.02742298580844413,9.020562075079397e-17,0.0031313996764940474,1.000000000000011,0.9189135612441302,0.00683593750000001,0.01220703124999999,False,False,False,False,False,True,False,True,False,True
qft_6_Mutant_Add_rxx_P15_Q5_[6.283185307179586].qasm,Quratest_7,0.03188016732680659,0.056035667525815444,0.03135568691845111,0.05552674242227741,6.362911499774304e-17,0.031219911726386353,1.0000000000000102,0.9041181914626487,0.005110629750898483,0.005598911000898483,False,True,False,True,False,True,False,True,False,False
qft_6_Mutant_Add_rxx_P15_Q5_[6.283185307179586].qasm,PureState_8,0.027661339880628275,0.025516293379098,0.027656176970996326,0.025512454609163397,8.673617379884035e-17,0.0031323979876455915,1.000000000000011,0.9197901948630665,0.023437500000000007,0.017578124999999993,False,False,False,False,False,True,False,True,True,True
qft_6_Mutant_Add_rxx_P15_Q5_[6.283185307179586].qasm,Quratest_8,0.02838454411804464,0.09655711375944155,0.027810845664867995,0.09459782096663545,6.943298475232951e-17,0.03338266224295243,1.000000000000011,0.9032146551918215,0.0038718851795829234,0.030239072679582923,False,True,False,True,False,True,False,True,False,True
qft_6_Mutant_Add_rxx_P15_Q5_[6.283185307179586].qasm,PureState_9,0.025530268890260745,0.02248695314691087,0.025526590218929262,0.022484461301924153,8.413408858487514e-17,0.003135143209165841,1.000000000000011,0.9221907685007981,0.01171875000000002,0.006347656250000021,False,False,False,False,False,True,False,True,False,False
qft_6_Mutant_Add_rxx_P15_Q5_[6.283185307179586].qasm,Quratest_9,0.027490249156801913,0.05928916495507641,0.027458990494414415,0.058367349827052876,5.917372169518542e-17,0.021044842808273755,1.000000000000012,0.9073175992592755,0.002799803101147195,0.008659178101147195,False,True,False,True,False,True,False,True,False,False
qft_6_Mutant_Add_rxx_P15_Q5_[6.283185307179586].qasm,PureState_10,0.024282589021176144,0.027563111575799864,0.02427954476378469,0.027558771759124606,8.933825901280557e-17,0.00313514788309939,1.0000000000000115,0.924538063166367,0.0029296874999999983,1.734723475976807e-18,False,False,False,False,False,True,False,True,False,False
qft_6_Mutant_Add_rxx_P15_Q5_[6.283185307179586].qasm,Quratest_10,0.030790737526873432,0.07084913148263372,0.029211376192268504,0.06890890718635037,7.601612481838993e-17,0.01541076730080197,1.000000000000011,0.9163703567335846,0.0197835945419704,0.0324624992080296,False,True,False,True,False,True,False,True,True,True
qft_6_Mutant_Add_rxx_P15_Q5_[6.283185307179586].qasm,PureState_11,0.028205949955557495,0.029537848842575466,0.028200869207219172,0.029532628969068875,8.847089727481716e-17,0.0031321668646527483,1.000000000000011,0.91749807685513,0.0019531249999999913,0.019042968750000007,False,False,False,False,False,True,False,True,False,True
qft_6_Mutant_Add_rxx_P15_Q5_[6.283185307179586].qasm,Quratest_11,0.037366758869862716,0.09908246787940102,0.03500263486591897,0.09506850911512836,6.713921953116486e-17,0.034353747988465876,1.000000000000011,0.8962691003595792,0.0029296875000030865,0.0004882812499969136,False,True,False,True,False,True,False,True,False,False
qft_6_Mutant_Add_rxx_P15_Q5_[6.283185307179586].qasm,PureState_12,0.02732682864985002,0.028690354844588983,0.027321133122292608,0.02868399345911852,7.546047120499111e-17,0.003132162856599039,1.000000000000011,0.9246432491648338,0.0048828125000000295,0.016601562499999972,False,False,False,False,False,True,False,True,False,True
qft_6_Mutant_Add_rxx_P15_Q5_[6.283185307179586].qasm,Quratest_12,0.02886358646971166,0.08696324273630605,0.028536375963407735,0.08608799741787862,9.858108253324449e-17,0.029116770715740762,1.0000000000000124,0.9028481931562248,0.02983335877743088,0.01606507872256912,False,True,False,True,False,True,False,True,True,True
qft_6_Mutant_Add_rxx_P15_Q5_[6.283185307179586].qasm,PureState_13,0.026353969036983137,0.028238208778439515,0.02634982577368082,0.028231121276355915,8.586881206085195e-17,0.003131421018925393,1.000000000000011,0.9251867824815269,0.01220703125,0.0,False,False,False,False,False,True,False,True,True,False
qft_6_Mutant_Add_rxx_P15_Q5_[6.283185307179586].qasm,Quratest_13,0.027964506651248756,0.05819682470698544,0.027675204659068427,0.05801156132086526,7.169286865560398e-17,0.018126362087429924,1.0000000000000133,0.9010571159478796,0.014740657105765387,0.04531793664423461,False,True,False,True,False,True,False,True,True,True
qft_6_Mutant_Add_rxx_P15_Q5_[6.283185307179586].qasm,PureState_14,0.03053806770047087,0.029190676410981404,0.030531609683770708,0.029184483725727045,8.326672684688674e-17,0.0031323994790579505,1.000000000000011,0.9223565996634083,0.015136718749999997,0.0019531250000000035,False,False,False,False,False,True,False,True,True,False
qft_6_Mutant_Add_rxx_P15_Q5_[6.283185307179586].qasm,Quratest_14,0.028296282175318804,0.08077604088473582,0.027667466160703612,0.080328368558832,2.0342343261259277e-17,0.040040374292095955,1.000000000000011,0.9143217194607423,0.005330775958360207,0.024942661541639793,False,True,False,True,False,True,False,True,False,True
qft_6_Mutant_Add_rxx_P15_Q5_[6.283185307179586].qasm,PureState_15,0.027609581497153802,0.03068480489233243,0.0276024999241735,0.030679318512922445,7.112366251504909e-17,0.00313166337223437,1.000000000000011,0.9186145355347757,0.02392578125,0.011718750000000002,False,False,False,False,False,True,False,True,True,False
qft_6_Mutant_Add_rxx_P15_Q5_[6.283185307179586].qasm,Quratest_15,0.03175254010766831,0.06663319623406926,0.03073309811292103,0.06384595380564605,6.845042653351452e-17,0.017753079299911958,1.0000000000000102,0.9117621691974517,1.7240841866925094e-05,0.018049165408133075,False,True,False,True,False,True,False,True,False,True
qft_6_Mutant_Add_rxx_P15_Q5_[6.283185307179586].qasm,PureState_16,0.02731353588432251,0.02560818541393936,0.0273086384788037,0.025604356283034226,7.979727989493313e-17,0.0031328914739745823,1.000000000000011,0.9174084132868944,0.012695312499999998,0.0029296874999999983,False,False,False,False,False,True,False,True,True,False
qft_6_Mutant_Add_rxx_P15_Q5_[6.283185307179586].qasm,Quratest_16,0.02766646714866616,0.07263776592700184,0.027618806022095474,0.07221729378206376,5.198749417067994e-17,0.026658479547330048,1.0000000000000115,0.9143865683746742,0.003395128298833816,0.040992784548833816,False,True,False,True,False,True,False,True,False,True
qft_6_Mutant_Add_rxx_P15_Q5_[6.283185307179586].qasm,PureState_17,0.02798665494669664,0.03138811860364091,0.027980197358465495,0.0313741624830957,7.632783294297951e-17,0.0031318551548669034,1.000000000000012,0.9264213053975487,0.003906249999999993,0.003906249999999993,False,False,False,False,False,True,False,True,False,False
qft_6_Mutant_Add_rxx_P15_Q5_[6.283185307179586].qasm,Quratest_17,0.0314884314460766,0.08213310729020998,0.030186490625856776,0.08031124191270106,2.2090619264392153e-17,0.024596959411446073,1.0000000000000107,0.9171740855186258,0.001395884979515552,0.009208384979515552,False,True,False,True,False,True,False,True,False,False
qft_6_Mutant_Add_rxx_P15_Q5_[6.283185307179586].qasm,PureState_18,0.030173040727356108,0.029667490097250837,0.030167837741589425,0.029660119427219495,8.500145032286355e-17,0.0031351477408079267,1.000000000000011,0.91654181509354,0.0004882812500000017,0.005371093749999998,False,False,False,False,False,True,False,True,False,False
qft_6_Mutant_Add_rxx_P15_Q5_[6.283185307179586].qasm,Quratest_18,0.031060631808494565,0.08629751616099354,0.030023153482606965,0.0777978661075803,6.806587357546107e-17,0.028007280316079755,1.0000000000000129,0.9086034418141551,0.03028423940264452,0.01512591684735548,False,True,False,True,False,True,False,True,True,True
qft_6_Mutant_Add_rxx_P15_Q5_[6.283185307179586].qasm,PureState_19,0.023864046620385743,0.023375648629774485,0.02386094400838213,0.023373507305906868,7.19910242530375e-17,0.0031325955667970582,1.000000000000011,0.9218614552154516,0.029785156249999993,0.009277343750000007,False,False,False,False,False,True,False,True,True,False
qft_6_Mutant_Add_rxx_P15_Q5_[6.283185307179586].qasm,Quratest_19,0.026632310748295075,0.07832903730934483,0.026610106924672836,0.07767385304599346,6.433384640985862e-17,0.016728837184487283,1.0000000000000107,0.9033773760782068,0.04900438162172391,0.005683118378276095,False,True,False,True,False,True,False,True,True,False
qft_6_Mutant_Add_rxx_P15_Q5_[6.283185307179586].qasm,PureState_20,0.031047130738931034,0.031000494632316127,0.031040194713216535,0.030992830863096666,7.979727989493313e-17,0.003134401354070831,1.000000000000012,0.9195315831968915,0.025390625,0.00341796875,False,False,False,False,False,True,False,True,True,False
qft_6_Mutant_Add_rxx_P15_Q5_[6.283185307179586].qasm,Quratest_20,0.02565073956187338,0.08049020176172168,0.02532561031597065,0.07961763933247666,5.060513640076092e-17,0.027833188906505657,1.0000000000000107,0.9042577137795751,0.0038995961217465633,0.003912903878253437,False,True,False,True,False,True,False,True,False,False
qft_6_Mutant_Add_rxx_P15_Q5_[6.283185307179586].qasm,PureState_21,0.030471993865346284,0.02728201916650828,0.030465249617638822,0.027277430181035803,7.37257477290143e-17,0.003133283424318182,1.000000000000011,0.9181976974624905,0.0009765624999999792,0.0019531249999999792,False,False,False,False,False,True,False,True,False,False
qft_6_Mutant_Add_rxx_P15_Q5_[6.283185307179586].qasm,Quratest_21,0.023676455358461516,0.06577658342992719,0.02366228361041344,0.06523655612055201,6.358845741627484e-17,0.019971786116315747,1.0000000000000102,0.8996638551435695,0.010921611527472893,0.003238544722527107,False,True,False,True,False,True,False,True,False,False
qft_6_Mutant_Add_rxx_P15_Q5_[6.283185307179586].qasm,PureState_22,0.029914794681844745,0.02842211457630993,0.02990833169493412,0.028416545130099172,7.719519468096792e-17,0.0031343995549611885,1.000000000000011,0.9227826104501998,0.01953125,0.00927734375,False,False,False,False,False,True,False,True,True,False
qft_6_Mutant_Add_rxx_P15_Q5_[6.283185307179586].qasm,Quratest_22,0.027509679933899835,0.1249227147887306,0.027466719905966244,0.12153248716631834,6.717479491494954e-17,0.026265738015506298,1.000000000000011,0.9094837632638099,0.014621092219033321,0.02200000153096668,False,True,False,True,False,True,False,True,True,True
qft_6_Mutant_Add_rxx_P15_Q5_[6.283185307179586].qasm,PureState_23,0.02725716045851608,0.027148005338618334,0.027252215738927155,0.027141317871046587,9.454242944073599e-17,0.0031312732223012785,1.000000000000011,0.9175349391497556,1.214306433183765e-17,0.001953125000000012,False,False,False,False,False,True,False,True,False,False
qft_6_Mutant_Add_rxx_P15_Q5_[6.283185307179586].qasm,Quratest_23,0.030495591745683573,0.08673907402075276,0.029904593721611025,0.083418590554658,4.5705897833842046e-17,0.021573747141773576,1.000000000000011,0.9122971307735113,0.014160156249997929,0.013671874999997929,False,True,False,True,False,True,False,True,True,True
qft_6_Mutant_Add_rxx_P15_Q5_[6.283185307179586].qasm,PureState_24,0.027944259539541418,0.03278287060985793,0.027939332351521236,0.03277296334192585,8.153200337090993e-17,0.0031313077022523056,1.000000000000011,0.9252484851161097,0.003417968750000012,0.003417968750000012,False,False,False,False,False,True,False,True,False,False
qft_6_Mutant_Add_rxx_P15_Q5_[6.283185307179586].qasm,Quratest_24,0.032135441598391185,0.0651844243584314,0.0321182472571317,0.06495384585914105,6.814210654071395e-17,0.017908289309177698,1.0000000000000129,0.9095021204261696,0.008781363801226459,0.010246207551226459,False,True,False,True,False,True,False,True,False,False
qft_6_Mutant_Add_rxx_P15_Q5_[6.283185307179586].qasm,PureState_25,0.024440259063701827,0.02964809074580783,0.024435095108600965,0.029640390671385602,7.806255641895632e-17,0.0031332863092037085,1.000000000000011,0.9182026692549561,0.008300781250000012,0.012207031250000012,False,False,False,False,False,True,False,True,False,True
qft_6_Mutant_Add_rxx_P15_Q5_[6.283185307179586].qasm,Quratest_25,0.03453297672279379,0.11729281375735434,0.03314567632276253,0.11345111128613146,4.4149898309735897e-17,0.020044392565759614,1.0000000000000115,0.9123735744920477,0.006050350805965624,0.017387149194034376,False,True,False,True,False,True,False,True,False,True
qft_6_Mutant_Add_rxx_P15_Q5_[6.283185307179586].qasm,PureState_26,0.027715810474592685,0.02757496277188875,0.02771198445100314,0.02756875743353558,8.239936510889834e-17,0.0031349537148500405,1.0000000000000115,0.9187446821603369,0.015136718749999988,0.004882812500000012,False,False,False,False,False,True,False,True,True,False
qft_6_Mutant_Add_rxx_P15_Q5_[6.283185307179586].qasm,Quratest_26,0.03098094786531953,0.07407954661080035,0.030957144948995027,0.07225203695725568,7.858432871446497e-17,0.014314549369231119,1.0000000000000124,0.9107254970491385,0.0036778876505642807,0.0036778876505642807,False,True,False,True,False,True,False,True,False,False
qft_6_Mutant_Add_rxx_P15_Q5_[6.283185307179586].qasm,PureState_27,0.02988989604818673,0.029482145892945448,0.029884493348752157,0.029477488633475473,8.673617379884035e-17,0.003134051414739523,1.000000000000011,0.9223609472264149,0.0019531250000000017,0.005859375000000002,False,False,False,False,False,True,False,True,False,False
qft_6_Mutant_Add_rxx_P15_Q5_[6.283185307179586].qasm,Quratest_27,0.03165710647076796,0.08229943465552413,0.030402172601638314,0.0805050323465326,4.1823098803628334e-17,0.0366160580345996,1.0000000000000107,0.8969310920866912,0.01543450577778939,0.01738763077778939,False,True,False,True,False,True,False,True,True,True
qft_6_Mutant_Add_rxx_P15_Q5_[6.283185307179586].qasm,PureState_28,0.024600329597987605,0.02461830705345006,0.024597046347422543,0.024614543389717275,8.413408858487514e-17,0.003133288733374877,1.0000000000000107,0.9229186438142475,0.0004882812500000087,0.028808593749999993,False,False,False,False,False,True,False,True,False,True
qft_6_Mutant_Add_rxx_P15_Q5_[6.283185307179586].qasm,Quratest_28,0.029313666628586883,0.06430405481458314,0.02844532077777367,0.0628970390797458,1.0853086092728554e-17,0.028362526198417247,1.0000000000000115,0.9075825487410509,0.02684235831934796,0.03953767081934796,False,True,False,True,False,True,False,True,True,True
qft_6_Mutant_Add_rxx_P15_Q5_[6.283185307179586].qasm,PureState_29,0.02945463705208072,0.029052919387183664,0.029448414324021358,0.02904766079484677,6.938893903907228e-17,0.0031347139406835717,1.000000000000011,0.9257935686559949,0.018066406249999993,0.026367187500000007,False,False,False,False,False,True,False,True,True,True
qft_6_Mutant_Add_rxx_P15_Q5_[6.283185307179586].qasm,Quratest_29,0.025185337705592347,0.11289843903460099,0.023913593811547437,0.10570009837710746,6.330922771125653e-17,0.032524001115215403,1.000000000000012,0.9073534532660157,0.01751269814169229,0.01373730185830771,False,True,False,True,False,True,False,True,True,True
qft_6_Mutant_Add_rxx_P15_Q5_[6.283185307179586].qasm,PureState_30,0.026150139775828432,0.028558145972347303,0.026146190680069487,0.028552204282217313,9.194034422677078e-17,0.003134058714430365,1.0000000000000102,0.9240139281714511,0.00048828124999999653,0.0058593749999999965,False,False,False,False,False,True,False,True,False,False
qft_6_Mutant_Add_rxx_P15_Q5_[6.283185307179586].qasm,Quratest_30,0.031335196135317614,0.1059829745882065,0.030031217628282373,0.09868087366392539,3.2080949360783e-17,0.01838335408135397,1.000000000000011,0.9213861869857277,0.01489946347122012,0.03931352597122012,False,True,False,True,False,True,False,True,True,True
qft_6_Mutant_Add_rxx_P15_Q5_[6.283185307179586].qasm,PureState_31,0.030101778224671923,0.02793127291477842,0.03009536605409781,0.02792572362594398,8.760353553682876e-17,0.003135261149258904,1.000000000000011,0.9246143826077964,0.00927734375,0.0048828125,False,False,False,False,False,True,False,True,False,False
qft_6_Mutant_Add_rxx_P15_Q5_[6.283185307179586].qasm,Quratest_31,0.025107870799736438,0.0800238924122459,0.02444707258880699,0.07809859523349665,1.3829506929820962e-17,0.02362820074254946,1.0000000000000129,0.9042036168717117,0.0032439666554257215,0.0047088104054257215,False,True,False,True,False,True,False,True,False,False
qft_6_Mutant_Add_rx_P16_Q4_[0.0].qasm,PureState_0,0.028653899894928496,0.026690650651275287,0.02864785574312163,0.026685742348626383,0.0,0.0029960451417919004,1.000000000000011,0.9236830191234919,0.00732421875,0.0048828125,False,False,False,False,False,True,False,True,False,False
qft_6_Mutant_Add_rx_P16_Q4_[0.0].qasm,Quratest_0,0.02598133151117467,0.06066528700240412,0.025959437679806536,0.05959061437894882,0.0,0.011139738978607249,1.000000000000011,0.9169748200083039,0.00548144382993547,0.0008662124200645299,False,True,False,True,False,True,False,True,False,False
qft_6_Mutant_Add_rx_P16_Q4_[0.0].qasm,PureState_1,0.027092666982206755,0.029637969897310414,0.02708890818987205,0.02963229827661135,0.0,0.0029960451421664237,1.000000000000011,0.9173840141177182,0.010253906249999998,0.017578125,False,False,False,False,False,True,False,True,False,True
qft_6_Mutant_Add_rx_P16_Q4_[0.0].qasm,Quratest_1,0.03272499994256996,0.08307633365805196,0.030967595441014316,0.08045516848789644,0.0,0.03439592805247104,1.0000000000000093,0.910271909576027,0.020554481898726475,0.004441200648726475,False,True,False,True,False,True,False,True,True,False
qft_6_Mutant_Add_rx_P16_Q4_[0.0].qasm,PureState_2,0.026055309127426922,0.030272904631464044,0.026050852500205567,0.03026727943445387,0.0,0.0029960451421659987,1.000000000000012,0.9208513115873884,0.00048828124999999306,0.016113281250000007,False,False,False,False,False,True,False,True,False,True
qft_6_Mutant_Add_rx_P16_Q4_[0.0].qasm,Quratest_2,0.0347050686440084,0.12252987348333927,0.03258318261333491,0.11661498043438355,0.0,0.04513682644261956,1.000000000000011,0.8958476114814067,0.009277343749999563,0.004882812499999563,False,True,False,True,False,True,False,True,False,False
qft_6_Mutant_Add_rx_P16_Q4_[0.0].qasm,PureState_3,0.02982213221856523,0.028940686574792096,0.029816182361220182,0.028934986674982278,0.0,0.002996045142166279,1.000000000000011,0.9229096603960159,0.0283203125,0.007324218749999998,False,False,False,False,False,True,False,True,True,False
qft_6_Mutant_Add_rx_P16_Q4_[0.0].qasm,Quratest_3,0.029015639282790568,0.06750547343842717,0.027076792601366605,0.06393696258083546,0.0,0.013718738074034393,1.0000000000000124,0.9187121955640728,0.016953781784372526,0.017225905715627474,False,True,False,True,False,True,False,True,True,True
qft_6_Mutant_Add_rx_P16_Q4_[0.0].qasm,PureState_4,0.029621040683451953,0.025891388876636723,0.029614088228816934,0.02588750449981886,0.0,0.0029960451421662737,1.000000000000011,0.9226455821283346,0.006835937500000002,0.005371093749999998,False,False,False,False,False,True,False,True,False,False
qft_6_Mutant_Add_rx_P16_Q4_[0.0].qasm,Quratest_4,0.028318704730415645,0.11835428330427918,0.027420650159551092,0.11447074896067887,0.0,0.03186704809436468,1.0000000000000093,0.9028125865979469,0.00509005829785171,0.02371853545214829,False,True,False,True,False,True,False,True,False,True
qft_6_Mutant_Add_rx_P16_Q4_[0.0].qasm,PureState_5,0.026238487719596096,0.0272133659192019,0.026235067590669094,0.02720765677153733,0.0,0.002996045141791975,1.000000000000011,0.9202944973226049,0.03271484375000001,8.673617379884035e-18,False,False,False,False,False,True,False,True,True,False
qft_6_Mutant_Add_rx_P16_Q4_[0.0].qasm,Quratest_5,0.02813478710815289,0.09081364352012748,0.027556177119036053,0.08722684308650135,0.0,0.02562909209080414,1.0000000000000115,0.9182126567690425,0.002784972702332772,0.008156066452332772,False,True,False,True,False,True,False,True,False,False
qft_6_Mutant_Add_rx_P16_Q4_[0.0].qasm,PureState_6,0.025717885856388668,0.028249325979998026,0.025714366264288416,0.028243658186251856,0.0,0.0029960451417923835,1.000000000000011,0.9177752802637495,0.005371093750000014,0.005371093749999986,False,False,False,False,False,True,False,True,False,False
qft_6_Mutant_Add_rx_P16_Q4_[0.0].qasm,Quratest_6,0.029018164071993965,0.03188625881227078,0.028995203466552898,0.03187010608192132,0.0,0.01850109450108425,1.000000000000011,0.9170482839705516,0.012207031249999716,0.010742187499999716,False,False,False,False,False,True,False,True,True,False
qft_6_Mutant_Add_rx_P16_Q4_[0.0].qasm,PureState_7,0.027445560134561803,0.02855893607134624,0.027440476024504695,0.028554779452135182,0.0,0.0029960451417923844,1.000000000000011,0.9190297257766854,0.00585937500000001,0.01269531250000001,False,False,False,False,False,True,False,True,False,True
qft_6_Mutant_Add_rx_P16_Q4_[0.0].qasm,Quratest_7,0.03242136081896892,0.060202591513824975,0.03210804045706067,0.05954575325839612,0.0,0.0315102384048985,1.0000000000000107,0.9038757276136132,0.0026692235008984834,0.012434848500898484,False,True,False,True,False,True,False,True,False,True
qft_6_Mutant_Add_rx_P16_Q4_[0.0].qasm,PureState_8,0.02517261409231602,0.030082659892756602,0.02516943678307694,0.03007568525585808,0.0,0.002996045142166087,1.000000000000011,0.9198318687550888,0.020507812500000007,0.007812500000000005,False,False,False,False,False,True,False,True,True,False
qft_6_Mutant_Add_rx_P16_Q4_[0.0].qasm,Quratest_8,0.03192994946095266,0.100696924180969,0.031117926642997992,0.09797526324032899,0.0,0.03347483164487566,1.0000000000000115,0.9034562282703671,0.024936708570417077,0.06100079142958292,False,True,False,True,False,True,False,True,True,True
qft_6_Mutant_Add_rx_P16_Q4_[0.0].qasm,PureState_9,0.027839991155884796,0.02784573962911585,0.027835093787122046,0.027839899456184532,0.0,0.0029960451421662485,1.000000000000011,0.9223118728915192,0.0009765625000000208,0.002441406249999979,False,False,False,False,False,True,False,True,False,False
qft_6_Mutant_Add_rx_P16_Q4_[0.0].qasm,Quratest_9,0.030582744301242366,0.05803288897273653,0.030304399284178645,0.05735833718015005,0.0,0.021100758258668858,1.0000000000000124,0.907519817082915,0.005989259398852805,0.05602245935114719,False,True,False,True,False,True,False,True,False,True
qft_6_Mutant_Add_rx_P16_Q4_[0.0].qasm,PureState_10,0.02959826907320071,0.032649251424299607,0.02959262447403015,0.03264167738988651,0.0,0.0029960451421661297,1.000000000000011,0.9250392473443662,0.0034179687499999983,0.013671875000000002,False,False,False,False,False,True,False,True,False,True
qft_6_Mutant_Add_rx_P16_Q4_[0.0].qasm,Quratest_10,0.03148211048972062,0.0696791667453675,0.02942971225233147,0.06790159263896015,0.0,0.015222660937539918,1.000000000000011,0.9163430361971395,0.0090414070419704,0.0300210929580296,False,True,False,True,False,True,False,True,False,True
qft_6_Mutant_Add_rx_P16_Q4_[0.0].qasm,PureState_11,0.03426447919196279,0.031603828422209684,0.03425272434752332,0.03159511045628443,0.0,0.0029960451421664107,1.000000000000011,0.917639085364115,0.0024414062499999913,0.0014648437499999913,False,False,False,False,False,True,False,True,False,False
qft_6_Mutant_Add_rx_P16_Q4_[0.0].qasm,Quratest_11,0.03757605375332601,0.1039454867783032,0.036276202532409894,0.09939255958060539,0.0,0.03507402715234429,1.000000000000011,0.8961540135375954,0.007324218749996914,0.004394531250003086,False,True,False,True,False,True,False,True,False,False
qft_6_Mutant_Add_rx_P16_Q4_[0.0].qasm,PureState_12,0.023426723343560024,0.02682453874777521,0.023421190401429485,0.026820343531223662,0.0,0.00299604514179187,1.0000000000000115,0.9249030046894132,0.016601562500000028,0.01171875000000003,False,False,False,False,False,True,False,True,True,False
qft_6_Mutant_Add_rx_P16_Q4_[0.0].qasm,Quratest_12,0.02762062748858484,0.07650133876351425,0.027313832370076153,0.0757365353301294,0.0,0.029300545305719163,1.0000000000000124,0.903445063630958,0.02143617247256912,0.008837265027430881,False,True,False,True,False,True,False,True,True,False
qft_6_Mutant_Add_rx_P16_Q4_[0.0].qasm,PureState_13,0.03008059717388805,0.031332428479844056,0.030073733018604196,0.03132300766201181,0.0,0.0029960451421662086,1.000000000000012,0.9252975840757904,0.025390625,0.00390625,False,False,False,False,False,True,False,True,True,False
qft_6_Mutant_Add_rx_P16_Q4_[0.0].qasm,Quratest_13,0.02904366837192096,0.06353856514349943,0.02793741924497383,0.06326873974743202,0.0,0.018129676668995447,1.0000000000000133,0.9015018391305325,0.008208561644234613,0.03408746789423461,False,True,False,True,False,True,False,True,False,True
qft_6_Mutant_Add_rx_P16_Q4_[0.0].qasm,PureState_14,0.02316357669758582,0.024373327629470136,0.023160617243931144,0.02437024664449362,0.0,0.002996045141792276,1.000000000000012,0.9225176079209949,0.020996093750000003,0.0009765625000000035,False,False,False,False,False,True,False,True,True,False
qft_6_Mutant_Add_rx_P16_Q4_[0.0].qasm,Quratest_14,0.028453064060809854,0.0824722246736283,0.027819179782277343,0.08198535232179066,0.0,0.03992545205056332,1.0000000000000102,0.9147325449879797,0.011190150958360207,0.012735630291639793,False,True,False,True,False,True,False,True,False,True
qft_6_Mutant_Add_rx_P16_Q4_[0.0].qasm,PureState_15,0.02981397262655707,0.0272813805408864,0.029806871522175586,0.02727714278406367,0.0,0.0029960451417922803,1.000000000000011,0.9187025485437795,0.01708984375,0.007812499999999998,False,False,False,False,False,True,False,True,True,False
qft_6_Mutant_Add_rx_P16_Q4_[0.0].qasm,Quratest_15,0.028835155895825894,0.065039089917524,0.028792417020189223,0.06274635887538768,0.0,0.017229603508233274,1.000000000000011,0.9118646923640968,0.022478178341866925,0.003923490841866925,False,True,False,True,False,True,False,True,True,False
qft_6_Mutant_Add_rx_P16_Q4_[0.0].qasm,PureState_16,0.026465425579698096,0.029437428894685133,0.02645947596712667,0.029427398460201815,0.0,0.0029960451421660447,1.000000000000011,0.9174866385744607,0.003906250000000002,0.013183593750000002,False,False,False,False,False,True,False,True,False,True
qft_6_Mutant_Add_rx_P16_Q4_[0.0].qasm,Quratest_16,0.02910845327061883,0.07813775910120446,0.02906671396526391,0.0777629139175504,0.0,0.027000494553405897,1.000000000000011,0.9143719869905784,0.008323621701166184,0.040016222048833816,False,True,False,True,False,True,False,True,False,True
qft_6_Mutant_Add_rx_P16_Q4_[0.0].qasm,PureState_17,0.03064285334072165,0.03120902263577056,0.030637020398482415,0.03120225819372678,0.0,0.002996045142165832,1.0000000000000124,0.9265657657444227,0.015136718749999993,0.004394531250000007,False,False,False,False,False,True,False,True,True,False
qft_6_Mutant_Add_rx_P16_Q4_[0.0].qasm,Quratest_17,0.03387943009134022,0.08606469823635961,0.03198369958716552,0.08409140702539877,0.0,0.024270374282254474,1.0000000000000107,0.9170293565206673,0.020088490020484448,0.010322865020484448,False,True,False,True,False,True,False,True,True,False
qft_6_Mutant_Add_rx_P16_Q4_[0.0].qasm,PureState_18,0.02460412332800813,0.027841231599723744,0.024599217663734664,0.027836626454503237,0.0,0.002996045141792327,1.000000000000011,0.9171680881137865,0.0019531250000000017,0.0224609375,False,False,False,False,False,True,False,True,False,True
qft_6_Mutant_Add_rx_P16_Q4_[0.0].qasm,Quratest_18,0.030459381038673176,0.08232273507149904,0.02932836245129476,0.07464197726255396,0.0,0.028168103082783322,1.0000000000000124,0.909009350099573,0.01075298940264452,0.01805560434735548,False,True,False,True,False,True,False,True,False,True
qft_6_Mutant_Add_rx_P16_Q4_[0.0].qasm,PureState_19,0.028627853848991143,0.02998237479090929,0.028622234244768632,0.029975648899447076,0.0,0.0029960451417922022,1.000000000000011,0.9221063659134968,0.004394531249999993,0.026367187499999993,False,False,False,False,False,True,False,True,False,True
qft_6_Mutant_Add_rx_P16_Q4_[0.0].qasm,Quratest_19,0.02933250518468946,0.07272705147772311,0.028786148828073874,0.07215641963442863,0.0,0.016607408546460145,1.0000000000000102,0.9032453196533778,0.006035631621723905,0.004218274628276095,False,True,False,True,False,True,False,True,False,False
qft_6_Mutant_Add_rx_P16_Q4_[0.0].qasm,PureState_20,0.02386719976522112,0.03457714790483055,0.02386387148219095,0.034567793106546195,0.0,0.0029960451421659614,1.000000000000011,0.9194911971960942,0.0087890625,0.02587890625,False,False,False,False,False,True,False,True,False,True
qft_6_Mutant_Add_rx_P16_Q4_[0.0].qasm,Quratest_20,0.03215204195211052,0.07664730554544781,0.03086985331082174,0.07589260115497037,0.0,0.02806972013314441,1.0000000000000102,0.904445694543548,0.006354310128253437,0.022454283621746562,False,True,False,True,False,True,False,True,False,True
qft_6_Mutant_Add_rx_P16_Q4_[0.0].qasm,PureState_21,0.03166326114801646,0.027947963328426466,0.03165538706081143,0.027943433965707067,0.0,0.002996045142165977,1.000000000000011,0.9182318449866349,0.0004882812499999792,0.006347656250000021,False,False,False,False,False,True,False,True,False,False
qft_6_Mutant_Add_rx_P16_Q4_[0.0].qasm,Quratest_21,0.024666674753994658,0.0672616806426821,0.02463819780490724,0.0666570033873318,0.0,0.019622359211463457,1.0000000000000102,0.8998401539323373,0.013851299027472893,0.019840107222527107,False,True,False,True,False,True,False,True,True,True
qft_6_Mutant_Add_rx_P16_Q4_[0.0].qasm,PureState_22,0.026794272144888137,0.024761818901924387,0.0267894973515449,0.02475882614985701,0.0,0.0029960451417922907,1.0000000000000115,0.9228614360991064,0.0205078125,0.00537109375,False,False,False,False,False,True,False,True,True,False
qft_6_Mutant_Add_rx_P16_Q4_[0.0].qasm,Quratest_22,0.030482916648450178,0.1284443753254542,0.029412552019713937,0.12484323324933404,0.0,0.026009963317506275,1.000000000000011,0.9094064987727142,0.0014374984690333215,0.03518359528096668,False,True,False,True,False,True,False,True,False,True
qft_6_Mutant_Add_rx_P16_Q4_[0.0].qasm,PureState_23,0.030378932708424265,0.028332133361012257,0.030372441361747292,0.0283272592638535,0.0,0.002996045141791876,1.000000000000012,0.9176923957502174,0.026855468749999986,0.0014648437499999879,False,False,False,False,False,True,False,True,True,False
qft_6_Mutant_Add_rx_P16_Q4_[0.0].qasm,Quratest_23,0.02927594262201533,0.08465112015418381,0.028716602765108373,0.08161461363044366,0.0,0.021392690590240578,1.000000000000011,0.9123235151641638,0.008789062500002071,0.008789062499997929,False,True,False,True,False,True,False,True,False,False
qft_6_Mutant_Add_rx_P16_Q4_[0.0].qasm,PureState_24,0.025435208199090092,0.030864420449976053,0.025431613783473802,0.03085684027591235,0.0,0.0029960451421663665,1.000000000000011,0.9253216995264862,0.011230468750000012,0.014648437500000012,False,False,False,False,False,True,False,True,False,True
qft_6_Mutant_Add_rx_P16_Q4_[0.0].qasm,Quratest_24,0.030698678035545622,0.07085299287034802,0.03059304715001805,0.07059422100771678,0.0,0.017950709684798706,1.000000000000012,0.9098570418545052,0.011238167448773541,0.01659386380122646,False,True,False,True,False,True,False,True,False,True
qft_6_Mutant_Add_rx_P16_Q4_[0.0].qasm,PureState_25,0.02864593044110259,0.026926912801793906,0.028641158407295465,0.02692213475522591,0.0,0.0029960451421659866,1.000000000000011,0.918533718834235,0.013671875000000012,0.007324218749999988,False,False,False,False,False,True,False,True,True,False
qft_6_Mutant_Add_rx_P16_Q4_[0.0].qasm,Quratest_25,0.02787428258905608,0.121906200366239,0.027539659721442303,0.11768710331335541,0.0,0.020687483379650408,1.0000000000000129,0.9124918109133074,0.0032269929440343764,0.029487850805965624,False,True,False,True,False,True,False,True,False,True
qft_6_Mutant_Add_rx_P16_Q4_[0.0].qasm,PureState_26,0.03079079486039567,0.02684428381276224,0.03078500589312695,0.02683972346518545,0.0,0.002996045141791967,1.000000000000011,0.9189097212122237,1.214306433183765e-17,0.020019531249999986,False,False,False,False,False,True,False,True,False,True
qft_6_Mutant_Add_rx_P16_Q4_[0.0].qasm,Quratest_26,0.025663829910147557,0.06947095213421882,0.02533970217908655,0.06772150284912104,0.0,0.014262113058353537,1.000000000000012,0.9106993361209529,0.004134612349435719,0.0031580498494357193,False,True,False,True,False,True,False,True,False,False
qft_6_Mutant_Add_rx_P16_Q4_[0.0].qasm,PureState_27,0.033129167445435224,0.03187222842287282,0.03312028061982641,0.03186630424348428,0.0,0.0029960451417922066,1.000000000000011,0.9224446609315988,0.008789062500000002,0.006835937500000002,False,False,False,False,False,True,False,True,False,False
qft_6_Mutant_Add_rx_P16_Q4_[0.0].qasm,Quratest_27,0.0282981934340164,0.08977340937258527,0.027432293695348966,0.08763484059489049,0.0,0.03697984772672448,1.0000000000000107,0.8972220456239591,0.01288580672221061,0.0017626307777893896,False,True,False,True,False,True,False,True,True,False
qft_6_Mutant_Add_rx_P16_Q4_[0.0].qasm,PureState_28,0.02687663828961617,0.02681297335449926,0.026870015133051733,0.026808476703324834,0.0,0.002996045141791786,1.000000000000011,0.923370168372588,0.0034179687500000087,0.004882812499999991,False,False,False,False,False,True,False,True,False,False
qft_6_Mutant_Add_rx_P16_Q4_[0.0].qasm,Quratest_28,0.032887985875971096,0.06638103807445102,0.031406519621681415,0.0649988746810008,0.0,0.027969100990349206,1.000000000000011,0.9080010053503853,0.0048959229306520385,0.04051423331934796,False,True,False,True,False,True,False,True,False,True
qft_6_Mutant_Add_rx_P16_Q4_[0.0].qasm,PureState_29,0.029493353403356636,0.030577278450702614,0.029486492928548914,0.03057193633098645,0.0,0.0029960451421657576,1.000000000000012,0.9263611274356927,0.002441406249999993,0.005859374999999993,False,False,False,False,False,True,False,True,False,False
qft_6_Mutant_Add_rx_P16_Q4_[0.0].qasm,Quratest_29,0.02787436557318666,0.11307031782414835,0.027279194395798154,0.10527051941328003,0.0,0.03256455566903917,1.000000000000012,0.9074780125216608,0.00690136435830771,0.04108105185830771,False,True,False,True,False,True,False,True,False,True
qft_6_Mutant_Add_rx_P16_Q4_[0.0].qasm,PureState_30,0.026184475297483936,0.027895138851049207,0.02618098601127702,0.027889027336644924,0.0,0.0029960451417921355,1.0000000000000102,0.9246391120648045,0.011230468749999997,0.0009765625000000035,False,False,False,False,False,True,False,True,False,False
qft_6_Mutant_Add_rx_P16_Q4_[0.0].qasm,Quratest_30,0.029335978784410216,0.10573625355748173,0.028734437501245606,0.09860556655728503,0.0,0.017912451481623896,1.0000000000000115,0.9219328042115648,0.01097944277877988,0.06372758847122012,False,True,False,True,False,True,False,True,False,True
qft_6_Mutant_Add_rx_P16_Q4_[0.0].qasm,PureState_31,0.026435231849242968,0.02598231929204766,0.026430273704067267,0.02597746710174658,0.0,0.002996045142166304,1.000000000000011,0.9250389706800355,0.02001953125,0.0029296875,False,False,False,False,False,True,False,True,True,False
qft_6_Mutant_Add_rx_P16_Q4_[0.0].qasm,Quratest_31,0.03207007227579652,0.07226894809979047,0.030919497660734648,0.07061408167741923,0.0,0.022812447412813505,1.0000000000000124,0.904564855981698,0.011892752094574278,0.012033029155425722,False,True,False,True,False,True,False,True,False,False
qft_6_Mutant_Add_ry_P17_Q3_[0.0].qasm,PureState_0,0.026592574433583607,0.02955646463957354,0.02658798798862535,0.029549295719031282,0.0,0.0031768844593794508,1.000000000000011,0.924382076119759,0.03125,0.0048828125,False,False,False,False,False,True,False,True,True,False
qft_6_Mutant_Add_ry_P17_Q3_[0.0].qasm,Quratest_0,0.026200275082270366,0.07043625977985889,0.026188215516612604,0.06899645597043481,0.0,0.010947609829274283,1.000000000000011,0.9178427292770641,0.01622363132993547,0.05870410007993547,False,True,False,True,False,True,False,True,True,True
qft_6_Mutant_Add_ry_P17_Q3_[0.0].qasm,PureState_1,0.02992067972011478,0.024909094439339433,0.029915714997554948,0.024903661203247458,0.0,0.003176884460071372,1.000000000000011,0.9179055418361852,0.014160156250000002,0.005371093749999998,False,False,False,False,False,True,False,True,True,False
qft_6_Mutant_Add_ry_P17_Q3_[0.0].qasm,Quratest_1,0.02626479770076106,0.08735618960900236,0.025627671152642226,0.08525674571345343,0.0,0.033618936701812284,1.0000000000000093,0.9113527622907901,0.007370888148726475,0.016554893101273525,False,True,False,True,False,True,False,True,False,True
qft_6_Mutant_Add_ry_P17_Q3_[0.0].qasm,PureState_2,0.029014005502064046,0.02559872845243808,0.02900873365051004,0.025595600992272417,0.0,0.0031768844600709324,1.000000000000012,0.9217607809500042,0.003417968750000007,0.016601562500000007,False,False,False,False,False,True,False,True,False,True
qft_6_Mutant_Add_ry_P17_Q3_[0.0].qasm,Quratest_2,0.028079663367875107,0.11390976691015788,0.026618402068312574,0.10810032591259669,0.0,0.04453275516837731,1.000000000000011,0.8969872450062034,0.03564453124999956,0.005371093750000437,False,True,False,True,False,True,False,True,True,False
qft_6_Mutant_Add_ry_P17_Q3_[0.0].qasm,PureState_3,0.027036132046370554,0.031970081048403355,0.027032088836203557,0.0319599721208136,0.0,0.003176884460071248,1.000000000000011,0.9237777605449314,0.015624999999999998,0.0302734375,False,False,False,False,False,True,False,True,True,True
qft_6_Mutant_Add_ry_P17_Q3_[0.0].qasm,Quratest_3,0.03058953590879697,0.07041497757939945,0.029533046919865285,0.06748903636090561,0.0,0.013537754093613578,1.0000000000000124,0.9194674988295009,0.020155593215627474,0.030897780715627474,False,True,False,True,False,True,False,True,True,True
qft_6_Mutant_Add_ry_P17_Q3_[0.0].qasm,PureState_4,0.030514277358039334,0.03240097993677596,0.030504757182710725,0.032394759977453114,0.0,0.00317688446007132,1.000000000000011,0.9234695855412033,0.01708984375,0.01904296875,False,False,False,False,False,True,False,True,True,True
qft_6_Mutant_Add_ry_P17_Q3_[0.0].qasm,Quratest_4,0.03603693057835889,0.11508828175009735,0.03376093699433959,0.11048669478509018,0.0,0.031209572302365218,1.0000000000000093,0.9038580357713489,0.03780490204785171,0.01639431670214829,False,True,False,True,False,True,False,True,True,True
qft_6_Mutant_Add_ry_P17_Q3_[0.0].qasm,PureState_5,0.024992299624651017,0.029441508729136513,0.02498779856194385,0.02943352406793263,0.0,0.003176884459379561,1.000000000000011,0.9212030804919659,0.007812500000000009,0.011230468749999991,False,False,False,False,False,True,False,True,False,False
qft_6_Mutant_Add_ry_P17_Q3_[0.0].qasm,Quratest_5,0.03272525886546101,0.08772453865649515,0.031712796522084336,0.08440945766058774,0.0,0.02483219902605214,1.0000000000000115,0.9192871471715768,0.03403497270233277,0.014015441452332772,False,True,False,True,False,True,False,True,True,True
qft_6_Mutant_Add_ry_P17_Q3_[0.0].qasm,PureState_6,0.031137324451964075,0.02833934083773562,0.03112971458262247,0.0283342553523576,0.0,0.003176884459379972,1.000000000000011,0.9182504120550331,0.021484374999999986,0.009277343750000014,False,False,False,False,False,True,False,True,True,False
qft_6_Mutant_Add_ry_P17_Q3_[0.0].qasm,Quratest_6,0.030955051923880563,0.04137017715611241,0.030927209844000964,0.04132145592791013,0.0,0.018340009491369595,1.000000000000011,0.9179733456935901,0.0014648437499997155,0.0063476562500002845,False,False,False,True,False,True,False,True,False,False
qft_6_Mutant_Add_ry_P17_Q3_[0.0].qasm,PureState_7,0.027983643026465804,0.03037141755824891,0.027978363421778157,0.03036627590839727,0.0,0.0031768844593798385,1.000000000000011,0.9198926980142643,0.00439453125000001,0.00537109375000001,False,False,False,False,False,True,False,True,False,False
qft_6_Mutant_Add_ry_P17_Q3_[0.0].qasm,Quratest_7,0.028419023623053957,0.06111545234852835,0.028382682897207415,0.06046894561663572,0.0,0.030841978326092902,1.0000000000000107,0.9049910079413619,0.011490932749101516,0.0016926610008984834,False,True,False,True,False,True,False,True,False,False
qft_6_Mutant_Add_ry_P17_Q3_[0.0].qasm,PureState_8,0.025591266189359592,0.03087917417992897,0.025587571800102744,0.03087181431814013,0.0,0.0031768844600709063,1.000000000000011,0.920815899754415,0.005371093749999995,0.013183593750000005,False,False,False,False,False,True,False,True,False,True
qft_6_Mutant_Add_ry_P17_Q3_[0.0].qasm,Quratest_8,0.0366556518204794,0.09989674405385504,0.03595315383230408,0.0976799275293331,0.0,0.03291683061003745,1.0000000000000115,0.9046250571063698,0.0068703023204170766,0.03707501017958292,False,True,False,True,False,True,False,True,False,True
qft_6_Mutant_Add_ry_P17_Q3_[0.0].qasm,PureState_9,0.03212734431689843,0.029755510948793272,0.032117412806635506,0.029747841878675397,0.0,0.003176884460071178,1.000000000000011,0.9231355778165194,0.005371093750000021,0.00878906249999998,False,False,False,False,False,True,False,True,False,False
qft_6_Mutant_Add_ry_P17_Q3_[0.0].qasm,Quratest_9,0.032053094995677746,0.0597695229452153,0.03177230121124054,0.05881252409173788,0.0,0.020873810819372333,1.0000000000000124,0.9082201235748748,0.0015947281488528052,0.006965821898852805,False,True,False,True,False,True,False,True,False,False
qft_6_Mutant_Add_ry_P17_Q3_[0.0].qasm,PureState_10,0.029533970461152203,0.023747641018706245,0.02952797161466359,0.02374377995373968,0.0,0.003176884460071136,1.000000000000011,0.925747260271295,0.01708984375,0.0205078125,False,False,False,False,False,True,False,True,True,True
qft_6_Mutant_Add_ry_P17_Q3_[0.0].qasm,Quratest_10,0.028351600813177565,0.0669455762525803,0.026950981550554656,0.06498816631667034,0.0,0.01516992915958807,1.000000000000011,0.9173762534425812,0.0241781257919704,0.007560155458029599,False,True,False,True,False,True,False,True,True,False
qft_6_Mutant_Add_ry_P17_Q3_[0.0].qasm,PureState_11,0.029632328876247775,0.028114649779888663,0.029624448283546413,0.02810926733704555,0.0,0.003176884460071313,1.000000000000011,0.9181145687885802,0.011718749999999991,0.013183593749999991,False,False,False,False,False,True,False,True,False,True
qft_6_Mutant_Add_ry_P17_Q3_[0.0].qasm,Quratest_11,0.03379117446921077,0.10139217515635242,0.03301818355731911,0.09730623066963401,0.0,0.034120338580471574,1.000000000000011,0.8972500452338961,0.0024414062499969135,0.0019531250000030865,False,True,False,True,False,True,False,True,False,False
qft_6_Mutant_Add_ry_P17_Q3_[0.0].qasm,PureState_12,0.031538252799173515,0.02950032865391907,0.03153067412224422,0.02949411203635193,0.0,0.003176884459379398,1.0000000000000115,0.9255127329931855,0.01171875000000003,0.0073242187499999705,False,False,False,False,False,True,False,True,False,False
qft_6_Mutant_Add_ry_P17_Q3_[0.0].qasm,Quratest_12,0.029470213339264927,0.08238159019163796,0.02917194400262954,0.08157499498549592,0.0,0.029058906458349812,1.0000000000000124,0.9041387757433786,0.006884140027430881,0.009717422472569119,False,True,False,True,False,True,False,True,False,False
qft_6_Mutant_Add_ry_P17_Q3_[0.0].qasm,PureState_13,0.029023829584664342,0.025970087997157814,0.029017961774894924,0.025966751862202004,0.0,0.0031768844600712186,1.000000000000012,0.9260057959532496,0.00830078125,0.017578125,False,False,False,False,False,True,False,True,False,True
qft_6_Mutant_Add_ry_P17_Q3_[0.0].qasm,Quratest_13,0.027637774199547327,0.06503632231464249,0.02730504498347957,0.06479732100404231,0.0,0.01769588576035898,1.0000000000000133,0.9024210842253609,0.0015570633557653868,0.05020074914423461,False,True,False,True,False,True,False,True,False,True
qft_6_Mutant_Add_ry_P17_Q3_[0.0].qasm,PureState_14,0.026438713202655197,0.028842597407166028,0.026432569087543666,0.02883764588263559,0.0,0.0031768844593798237,1.000000000000012,0.9233848936731613,0.0063476562500000035,0.0024414062499999965,False,False,False,False,False,True,False,True,False,False
qft_6_Mutant_Add_ry_P17_Q3_[0.0].qasm,Quratest_14,0.025597112425425568,0.07744342197815968,0.02524196764553028,0.07707018094489192,0.0,0.03925023627944726,1.0000000000000102,0.9152915718792474,0.009317661541639793,0.024454380291639793,False,True,False,True,False,True,False,True,False,True
qft_6_Mutant_Add_ry_P17_Q3_[0.0].qasm,PureState_15,0.027535485509224692,0.030240136103801923,0.02753047915710289,0.030233638549918333,0.0,0.0031768844593798784,1.000000000000011,0.9196927073376282,0.0029296875000000017,0.0019531249999999983,False,False,False,False,False,True,False,True,False,False
qft_6_Mutant_Add_ry_P17_Q3_[0.0].qasm,Quratest_15,0.028714602474189197,0.071723744327943,0.0281524116457182,0.06956919105366888,0.0,0.017328601558390402,1.000000000000011,0.912816489619903,0.033185884158133075,0.010759428341866925,False,True,False,True,False,True,False,True,True,False
qft_6_Mutant_Add_ry_P17_Q3_[0.0].qasm,PureState_16,0.028959800597025253,0.030136469694098715,0.02895416066528469,0.03013039228433404,0.0,0.0031768844600709107,1.000000000000011,0.918066955687977,0.015624999999999998,0.010253906249999998,False,False,False,False,False,True,False,True,True,False
qft_6_Mutant_Add_ry_P17_Q3_[0.0].qasm,Quratest_16,0.028738544024513847,0.07080545950380102,0.027627510374877973,0.07047190455009797,0.0,0.026440589516976094,1.000000000000011,0.915205430636619,0.002464246701166184,0.018531847048833816,False,True,False,True,False,True,False,True,False,True
qft_6_Mutant_Add_ry_P17_Q3_[0.0].qasm,PureState_17,0.026752904104952284,0.030765840962507982,0.026748583537568305,0.030760095734787055,0.0,0.0031768844600709063,1.0000000000000124,0.9270690811927655,0.00048828124999999306,0.009277343750000007,False,False,False,False,False,True,False,True,False,False
qft_6_Mutant_Add_ry_P17_Q3_[0.0].qasm,Quratest_17,0.0303880958527236,0.08764532953389219,0.029567659342196115,0.08565150644441835,0.0,0.02423607863397626,1.0000000000000107,0.9178388386507673,0.003349009979515552,0.001395884979515552,False,True,False,True,False,True,False,True,False,False
qft_6_Mutant_Add_ry_P17_Q3_[0.0].qasm,PureState_18,0.024402722704368912,0.02398131545140074,0.024399194479816106,0.023978110356888696,0.0,0.003176884459379986,1.000000000000011,0.9176891555199771,0.017578125,0.02490234375,False,False,False,False,False,True,False,True,True,True
qft_6_Mutant_Add_ry_P17_Q3_[0.0].qasm,Quratest_18,0.03308416926438639,0.08728951943350192,0.031875688465391065,0.07967401850749116,0.0,0.02783591948136564,1.0000000000000124,0.9097790793179973,0.0019423230973554806,0.00928814565264452,False,True,False,True,False,True,False,True,False,False
qft_6_Mutant_Add_ry_P17_Q3_[0.0].qasm,PureState_19,0.024117094695127676,0.030652977004123762,0.024113645172649502,0.030642914296124608,0.0,0.003176884459379901,1.000000000000011,0.9229295599169464,0.000976562500000007,0.024902343749999993,False,False,False,False,False,True,False,True,False,True
qft_6_Mutant_Add_ry_P17_Q3_[0.0].qasm,Quratest_19,0.025877625783525118,0.0739068614055511,0.025856699036153268,0.07338582597218281,0.0,0.016261485548130665,1.0000000000000102,0.9042568024852463,0.018866712128276095,0.007988756621723905,False,True,False,True,False,True,False,True,True,False
qft_6_Mutant_Add_ry_P17_Q3_[0.0].qasm,PureState_20,0.025678837629020006,0.024409683568418165,0.02567539112510337,0.02440600312715694,0.0,0.0031768844600708317,1.000000000000011,0.9204748633194207,0.0009765625,0.013671875,False,False,False,False,False,True,False,True,False,True
qft_6_Mutant_Add_ry_P17_Q3_[0.0].qasm,Quratest_20,0.029619578867099008,0.0807934214319599,0.029073677583793246,0.08005792516078056,0.0,0.027562168718088597,1.0000000000000102,0.9053107993114831,0.010735533621746562,0.018548033621746562,False,True,False,True,False,True,False,True,False,True
qft_6_Mutant_Add_ry_P17_Q3_[0.0].qasm,PureState_21,0.027312844593878897,0.029496396621069235,0.02730873492827218,0.029490544941788883,0.0,0.0031768844600709176,1.000000000000011,0.9189217631674615,0.00976562499999998,0.00781250000000002,False,False,False,False,False,True,False,True,False,False
qft_6_Mutant_Add_ry_P17_Q3_[0.0].qasm,Quratest_21,0.02642397572015179,0.05849873363900094,0.02641064013025649,0.05793809530885448,0.0,0.019525058261153153,1.0000000000000102,0.900725858000266,0.018245830277472893,0.035465107222527104,False,True,False,True,False,True,False,True,True,True
qft_6_Mutant_Add_ry_P17_Q3_[0.0].qasm,PureState_22,0.02468812185015185,0.025774403981901797,0.024684906241209205,0.025771424177341434,0.0,0.003176884459379856,1.0000000000000115,0.9237290454839627,0.009765625,0.001953125,False,False,False,False,False,True,False,True,False,False
qft_6_Mutant_Add_ry_P17_Q3_[0.0].qasm,Quratest_22,0.030014713894503445,0.12415759295953942,0.029441170997929856,0.1206345658899559,0.0,0.025675701173559714,1.000000000000011,0.9104781365994868,0.014132810969033321,0.04348437653096668,False,True,False,True,False,True,False,True,True,True
qft_6_Mutant_Add_ry_P17_Q3_[0.0].qasm,PureState_23,0.028536318628303442,0.03244413488952174,0.028527823215940565,0.03243703989511726,0.0,0.00317688445937954,1.000000000000012,0.9183816309975168,0.019531249999999986,0.025390625000000014,False,False,False,False,False,True,False,True,True,True
qft_6_Mutant_Add_ry_P17_Q3_[0.0].qasm,Quratest_23,0.028452638887615164,0.0831842260489689,0.028390829938282812,0.08001130212979243,0.0,0.02133505935093738,1.000000000000011,0.9130056654672238,0.0024414062500020704,0.02636718749999793,False,True,False,True,False,True,False,True,False,True
qft_6_Mutant_Add_ry_P17_Q3_[0.0].qasm,PureState_24,0.027037693338679097,0.02418205969773157,0.027029495069926347,0.02417825448753071,0.0,0.0031768844600711136,1.000000000000011,0.9260367606312776,0.005859374999999988,0.006835937500000012,False,False,False,False,False,True,False,True,False,False
qft_6_Mutant_Add_ry_P17_Q3_[0.0].qasm,Quratest_24,0.031393248518466636,0.06456437271874087,0.03137469675944043,0.0643924413909371,0.0,0.017882371656082238,1.000000000000012,0.9104644178690438,0.02344519869877354,0.02587120755122646,False,True,False,True,False,True,False,True,True,True
qft_6_Mutant_Add_ry_P17_Q3_[0.0].qasm,PureState_25,0.03001766687952607,0.029230518802171573,0.03001142375661511,0.02922497603192541,0.0,0.003176884460070967,1.000000000000011,0.9192238646339901,0.006347656249999988,0.011718749999999988,False,False,False,False,False,True,False,True,False,False
qft_6_Mutant_Add_ry_P17_Q3_[0.0].qasm,Quratest_25,0.03255745029795099,0.11432288353476078,0.03077702243310944,0.11100164820692086,0.0,0.02020464122892287,1.0000000000000129,0.9134316171822974,0.014945742944034376,0.0022504304440343764,False,True,False,True,False,True,False,True,True,False
qft_6_Mutant_Add_ry_P17_Q3_[0.0].qasm,PureState_26,0.028146406464217306,0.027374454506374473,0.028140788029957266,0.027369894896857067,0.0,0.0031768844593795644,1.000000000000011,0.9198925761050437,0.013671875000000012,0.024414062500000014,False,False,False,False,False,True,False,True,True,True
qft_6_Mutant_Add_ry_P17_Q3_[0.0].qasm,Quratest_26,0.029704276301870763,0.07875343177036098,0.0296850642415961,0.07699627323430613,0.0,0.014181546213382433,1.000000000000012,0.911648826340139,0.01344351265056428,0.01194711234943572,False,True,False,True,False,True,False,True,True,False
qft_6_Mutant_Add_ry_P17_Q3_[0.0].qasm,PureState_27,0.02816954813486555,0.028427890907886794,0.028164453321011917,0.028422723231531534,0.0,0.003176884459379875,1.000000000000011,0.9232681573807707,0.004882812500000002,0.007324218750000002,False,False,False,False,False,True,False,True,False,False
qft_6_Mutant_Add_ry_P17_Q3_[0.0].qasm,Quratest_27,0.02830104613804927,0.0846092720379481,0.027998598987581284,0.08263287196176547,0.0,0.03642458197452101,1.0000000000000107,0.8980825020348469,0.02275872452778939,0.00604986922221061,False,True,False,True,False,True,False,True,True,False
qft_6_Mutant_Add_ry_P17_Q3_[0.0].qasm,PureState_28,0.025184303614130002,0.026081811732765334,0.025178765668520894,0.02607657311282858,0.0,0.003176884459379455,1.000000000000011,0.9240689879102745,0.012207031250000009,0.014160156250000009,False,False,False,False,False,True,False,True,True,True
qft_6_Mutant_Add_ry_P17_Q3_[0.0].qasm,Quratest_28,0.024611305611825507,0.0659325866978665,0.024484504181006603,0.06390046445459008,0.0,0.027653332755020986,1.000000000000011,0.9089047112012258,0.0048697020693479615,0.05027985831934796,False,True,False,True,False,True,False,True,False,True
qft_6_Mutant_Add_ry_P17_Q3_[0.0].qasm,PureState_29,0.027017610319562353,0.02541167809050064,0.027012200605771558,0.025407366321601656,0.0,0.0031768844600708534,1.000000000000012,0.9268643299754181,0.016113281249999993,0.0009765624999999931,False,False,False,False,False,True,False,True,True,False
qft_6_Mutant_Add_ry_P17_Q3_[0.0].qasm,Quratest_29,0.02841667353443381,0.11242835598804325,0.02727819127877124,0.10496073941383716,0.0,0.03180602270665851,1.000000000000012,0.9085639245626718,6.542685830771e-05,0.04742870810830771,False,True,False,True,False,True,False,True,False,True
qft_6_Mutant_Add_ry_P17_Q3_[0.0].qasm,PureState_30,0.02963090585371067,0.02761800902358128,0.029626085981478992,0.027612395712115267,0.0,0.0031768844593798177,1.0000000000000102,0.9253463845485407,0.019042968749999997,0.030273437499999997,False,False,False,False,False,True,False,True,True,True
qft_6_Mutant_Add_ry_P17_Q3_[0.0].qasm,Quratest_30,0.027659132731874234,0.10421536905312308,0.02649829892296421,0.09723294595116559,0.0,0.017723932983484153,1.0000000000000115,0.9226507224824477,0.00707319277877988,0.01587602597122012,False,True,False,True,False,True,False,True,False,True
qft_6_Mutant_Add_ry_P17_Q3_[0.0].qasm,PureState_31,0.028974642323730954,0.02743497592444308,0.028969191014443514,0.027429407202414248,0.0,0.0031768844600712177,1.000000000000011,0.9257538123364903,0.01416015625,0.021484375,False,False,False,False,False,True,False,True,True,True
qft_6_Mutant_Add_ry_P17_Q3_[0.0].qasm,Quratest_31,0.02754902327681006,0.07308788705726386,0.026396233707577096,0.07221722125808493,0.0,0.02281492013648821,1.0000000000000124,0.9053403741845084,0.008963064594574278,0.0016388458445742785,False,True,False,True,False,True,False,True,False,False
qft_6_Mutant_Add_rzz_P18_Q2_[6.283185307179586].qasm,PureState_0,0.026301348790192896,0.02819844990347041,0.026295643817997705,0.028193015017219596,4.336808689942018e-17,0.0031691966851134954,1.000000000000011,0.9235712701664471,0.01318359375,0.0029296875,False,False,False,False,False,True,False,True,True,False
qft_6_Mutant_Add_rzz_P18_Q2_[6.283185307179586].qasm,Quratest_0,0.026595794407737742,0.07193878460692893,0.026007169334753506,0.07028198493994367,6.504196595376321e-17,0.011034442376102875,1.000000000000011,0.9170764426272451,0.04481152492006453,0.00281933742006453,False,True,False,True,False,True,False,True,True,False
qft_6_Mutant_Add_rzz_P18_Q2_[6.283185307179586].qasm,PureState_1,0.023785578103067074,0.02993725720542226,0.023781776133934812,0.029931493551707208,3.903127820947816e-17,0.003169196684863868,1.000000000000011,0.9171263989316499,0.02685546875,0.01953125,False,False,False,False,False,True,False,True,True,True
qft_6_Mutant_Add_rzz_P18_Q2_[6.283185307179586].qasm,Quratest_1,0.030572984124798096,0.0777531704953469,0.029748079346577198,0.07565861640375465,8.441530352336357e-17,0.03360610434163896,1.000000000000011,0.9106350486455773,0.013230263148726475,0.023484169398726475,False,True,False,True,False,True,False,True,True,True
qft_6_Mutant_Add_rzz_P18_Q2_[6.283185307179586].qasm,PureState_2,0.02609261665047994,0.03127059804108991,0.026086708665411396,0.03126142584993093,0.0,0.0031691966848634385,1.000000000000012,0.9209531605458897,0.002441406250000007,0.005371093749999993,False,False,False,False,False,True,False,True,False,False
qft_6_Mutant_Add_rzz_P18_Q2_[6.283185307179586].qasm,Quratest_2,0.028794893041530097,0.11641321929543058,0.027332575644357968,0.11067175245121394,4.80403206364749e-17,0.04445938483815233,1.000000000000011,0.896232843459834,0.0014648437499995624,0.018066406249999563,False,True,False,True,False,True,False,True,False,True
qft_6_Mutant_Add_rzz_P18_Q2_[6.283185307179586].qasm,PureState_3,0.03328982540596346,0.032712781547277955,0.03328100119780637,0.032704032393822524,2.949029909160572e-17,0.0031691966848636935,1.000000000000011,0.9229988270759282,0.0034179687500000017,0.009765625000000002,False,False,False,False,False,True,False,True,False,False
qft_6_Mutant_Add_rzz_P18_Q2_[6.283185307179586].qasm,Quratest_3,0.026858953761623495,0.06012483101030018,0.025977663220114012,0.05679386944711126,9.048641217280877e-17,0.013588898877045848,1.0000000000000124,0.9185976185260292,0.0037701880343725264,0.028944655715627474,False,True,False,True,False,True,False,True,False,True
qft_6_Mutant_Add_rzz_P18_Q2_[6.283185307179586].qasm,PureState_4,0.028674797192931745,0.02871100217936455,0.028669277183075784,0.028706028637883622,3.642919299551295e-17,0.0031691966848636025,1.000000000000011,0.9226857133748169,0.007324218750000002,0.005371093750000002,False,False,False,False,False,True,False,True,False,False
qft_6_Mutant_Add_rzz_P18_Q2_[6.283185307179586].qasm,Quratest_4,0.028157706607881482,0.12017183125327609,0.026686295745027122,0.11553394451337855,5.3056767387470085e-17,0.03139240525829202,1.0000000000000098,0.9031789928878255,0.01102322295214829,0.02518337920214829,False,True,False,True,False,True,False,True,False,True
qft_6_Mutant_Add_rzz_P18_Q2_[6.283185307179586].qasm,PureState_5,0.02232558735491351,0.026835787809349598,0.022323030980682647,0.026831082809085496,4.423544863740858e-17,0.003169196685113571,1.000000000000011,0.9203958306851164,0.0004882812499999913,0.019042968750000007,False,False,False,False,False,True,False,True,False,True
qft_6_Mutant_Add_rzz_P18_Q2_[6.283185307179586].qasm,Quratest_5,0.02592908436600066,0.08433650119034204,0.025280102302892554,0.08030698327584525,4.7465608781762855e-17,0.024832443574909217,1.000000000000011,0.9185732477989843,0.010109191452332772,0.003273253952332772,False,True,False,True,False,True,False,True,False,False
qft_6_Mutant_Add_rzz_P18_Q2_[6.283185307179586].qasm,PureState_6,0.025334899095336892,0.021694296619046843,0.025331748610176782,0.02169241330321216,4.9439619065339e-17,0.003169196685114002,1.0000000000000115,0.9174766171128166,0.019042968750000014,0.015625000000000014,False,False,False,False,False,True,False,True,True,True
qft_6_Mutant_Add_rzz_P18_Q2_[6.283185307179586].qasm,Quratest_6,0.026338814328144552,0.0349864457855896,0.026325458839426188,0.03494923737218264,2.5695591487906455e-17,0.01834000949471676,1.0000000000000115,0.9171294985382495,0.007812500000000284,0.011718749999999716,False,False,False,False,False,True,False,True,False,False
qft_6_Mutant_Add_rzz_P18_Q2_[6.283185307179586].qasm,PureState_7,0.029536896989308913,0.030437908331826115,0.029531507540870555,0.03043174714935507,3.642919299551295e-17,0.003169196685113857,1.000000000000011,0.9189941811814735,0.00585937499999999,0.00488281249999999,False,False,False,False,False,True,False,True,False,False
qft_6_Mutant_Add_rzz_P18_Q2_[6.283185307179586].qasm,Quratest_7,0.024968539714213034,0.06639584991884492,0.024652022395290102,0.0647634693214292,2.2775021885773628e-17,0.030788966021057244,1.0000000000000102,0.9042695472874628,0.0007160985008984834,0.0012370264991015166,False,True,False,True,False,True,False,True,False,False
qft_6_Mutant_Add_rzz_P18_Q2_[6.283185307179586].qasm,PureState_8,0.026768058640488663,0.026973683032849697,0.026764153743807365,0.026969127366080533,4.0766001685454967e-17,0.0031691966848635678,1.000000000000011,0.9199160125924519,0.026855468750000007,0.016113281249999993,False,False,False,False,False,True,False,True,True,True
qft_6_Mutant_Add_rzz_P18_Q2_[6.283185307179586].qasm,Quratest_8,0.026948248531184854,0.09477256395833836,0.026349821472607376,0.09227454105492751,7.14218181124826e-17,0.03311743836236564,1.000000000000011,0.9037075337872007,0.018589052320417077,0.07223126017958292,False,True,False,True,False,True,False,True,True,True
qft_6_Mutant_Add_rzz_P18_Q2_[6.283185307179586].qasm,PureState_9,0.025484752561393608,0.02781986295625252,0.02548084067459482,0.027813406861005082,3.0357660829594124e-17,0.0031691966848635816,1.000000000000011,0.9223519891960034,0.00927734374999998,0.005371093750000021,False,False,False,False,False,True,False,True,False,False
qft_6_Mutant_Add_rzz_P18_Q2_[6.283185307179586].qasm,Quratest_9,0.030360714134310244,0.05819894296208664,0.030085905027524427,0.057472423843536166,4.8346946563380955e-17,0.020854237036627782,1.000000000000012,0.907461024634813,0.002799803101147195,0.002311521851147195,False,True,False,True,False,True,False,True,False,False
qft_6_Mutant_Add_rzz_P18_Q2_[6.283185307179586].qasm,PureState_10,0.028549004177210627,0.028087316887096092,0.028543595190382933,0.02808195793567078,2.862293735361732e-17,0.00316919668486343,1.000000000000011,0.9247857362961059,0.017578125,0.02734375,False,False,False,False,False,True,False,True,True,True
qft_6_Mutant_Add_rzz_P18_Q2_[6.283185307179586].qasm,Quratest_10,0.031111293546827724,0.06637056709002641,0.030812057331964716,0.06458975076570236,1.0257568991249577e-16,0.01535616813494608,1.000000000000011,0.9165650560381244,0.0129476570419704,0.0285562492080296,False,True,False,True,False,True,False,True,True,True
qft_6_Mutant_Add_rzz_P18_Q2_[6.283185307179586].qasm,PureState_11,0.02810613821027914,0.02547623689356509,0.028101625399364324,0.025472146499589118,2.3418766925686896e-17,0.0031691966848639242,1.000000000000011,0.9173404180680249,0.004394531249999991,0.0009765625000000087,False,False,False,False,False,True,False,True,False,False
qft_6_Mutant_Add_rzz_P18_Q2_[6.283185307179586].qasm,Quratest_11,0.028464705446308684,0.10380229153071131,0.02788423589709313,0.09918068383754536,5.149960319306146e-17,0.034058612262483946,1.000000000000011,0.8964849811133416,0.009765624999996914,0.026367187500003088,False,True,False,True,False,True,False,True,False,True
qft_6_Mutant_Add_rzz_P18_Q2_[6.283185307179586].qasm,PureState_12,0.03348699867369456,0.02719532980672613,0.03347921585529268,0.027190302378067077,6.158268339717665e-17,0.0031691966851133723,1.000000000000011,0.9246081135029534,0.00976562500000003,0.0024414062499999705,False,False,False,False,False,True,False,True,False,False
qft_6_Mutant_Add_rzz_P18_Q2_[6.283185307179586].qasm,Quratest_12,0.02790463008664136,0.08424821825334802,0.027603237634202898,0.0834653135116557,6.684106393373135e-17,0.029010885042092257,1.0000000000000124,0.9033555624463181,0.01616148377743088,0.011670547472569119,False,True,False,True,False,True,False,True,True,False
qft_6_Mutant_Add_rzz_P18_Q2_[6.283185307179586].qasm,PureState_13,0.025939203042768387,0.026482897111879695,0.025934270376378295,0.02647765578888441,3.382710778154774e-17,0.0031691966848634593,1.000000000000011,0.925044003421459,0.009765625,0.00634765625,False,False,False,False,False,True,False,True,False,False
qft_6_Mutant_Add_rzz_P18_Q2_[6.283185307179586].qasm,Quratest_13,0.02775489790648574,0.05925325842688109,0.02746668587797802,0.05904224817699884,7.848268476079445e-17,0.01778471140786019,1.0000000000000124,0.9018197036699451,0.017485905394234613,0.009673405394234613,False,True,False,True,False,True,False,True,True,False
qft_6_Mutant_Add_rzz_P18_Q2_[6.283185307179586].qasm,PureState_14,0.030376250523319517,0.028909633220311624,0.030368266036058064,0.02890399956966121,4.336808689942018e-17,0.0031691966851137574,1.000000000000012,0.9226067636280536,0.0073242187500000035,0.010253906249999997,False,False,False,False,False,True,False,True,False,False
qft_6_Mutant_Add_rzz_P18_Q2_[6.283185307179586].qasm,Quratest_14,0.02666323621472245,0.08581654658763284,0.026339916989469296,0.08516858047654578,5.840461577907852e-17,0.039385790147728375,1.0000000000000102,0.9145117842668015,0.018514369708360207,0.03568484904163979,False,True,False,True,False,True,False,True,True,True
qft_6_Mutant_Add_rzz_P18_Q2_[6.283185307179586].qasm,PureState_15,0.02788101887085548,0.030868809875296648,0.02787601564221997,0.030861935340897206,4.9439619065339e-17,0.003169196685113766,1.000000000000011,0.918737606983007,0.0039062499999999983,0.013671874999999998,False,False,False,False,False,True,False,True,False,True
qft_6_Mutant_Add_rzz_P18_Q2_[6.283185307179586].qasm,Quratest_15,0.030188488137249975,0.0701186057187787,0.0285790980594924,0.06723596699308347,4.084731684839138e-17,0.017355745023924743,1.000000000000011,0.9119677782869287,0.022443696658133075,0.000993803341866925,False,True,False,True,False,True,False,True,True,False
qft_6_Mutant_Add_rzz_P18_Q2_[6.283185307179586].qasm,PureState_16,0.0231064886787553,0.0291137773796674,0.023102626944753884,0.029106676209315025,3.209238430557093e-17,0.0031691966848636536,1.0000000000000115,0.9172927608841612,0.03466796875,0.006347656250000002,False,False,False,False,False,True,False,True,True,False
qft_6_Mutant_Add_rzz_P18_Q2_[6.283185307179586].qasm,Quratest_16,0.03249273245270011,0.07126370038609886,0.03237608600247895,0.07092305093258847,6.407634839389331e-17,0.02626069073714523,1.000000000000011,0.9144917501706303,0.042945909548833816,0.022926378298833816,False,True,False,True,False,True,False,True,True,True
qft_6_Mutant_Add_rzz_P18_Q2_[6.283185307179586].qasm,PureState_17,0.026939104279556897,0.031057631345419265,0.02693497464986907,0.031051110338722942,0.0,0.0031691966848632425,1.0000000000000124,0.9262568325695709,0.007812499999999993,0.003417968750000007,False,False,False,False,False,True,False,True,False,False
qft_6_Mutant_Add_rzz_P18_Q2_[6.283185307179586].qasm,Quratest_17,0.032918456857254315,0.08103913744272312,0.031208632772162334,0.07918246412671183,3.499940138054769e-17,0.024135808721124183,1.0000000000000107,0.9171745702840226,0.003837291229515552,0.03864317752048445,False,True,False,True,False,True,False,True,False,True
qft_6_Mutant_Add_rzz_P18_Q2_[6.283185307179586].qasm,PureState_18,0.022945164210263568,0.030917392771698183,0.022942636628063826,0.030910654637972854,5.811323644522304e-17,0.0031691966851138866,1.000000000000011,0.9169103953066727,0.0263671875,0.052734375,False,False,False,False,False,True,False,True,True,True
qft_6_Mutant_Add_rzz_P18_Q2_[6.283185307179586].qasm,Quratest_18,0.030064691008897863,0.08618505098858938,0.029721680562101806,0.07873927112684531,6.207057437479513e-17,0.027771118221262596,1.0000000000000124,0.9090807391973946,0.006846739402644519,0.0034287706526445194,False,True,False,True,False,True,False,True,False,False
qft_6_Mutant_Add_rzz_P18_Q2_[6.283185307179586].qasm,PureState_19,0.028236084309570968,0.0247764653287081,0.028229491089544506,0.02477217531893164,3.729655473350135e-17,0.003169196685113643,1.000000000000011,0.9221463447316761,0.021484374999999993,6.938893903907228e-18,False,False,False,False,False,True,False,True,True,False
qft_6_Mutant_Add_rzz_P18_Q2_[6.283185307179586].qasm,Quratest_19,0.0266712812629092,0.07278548989646358,0.026652258628667703,0.07206735589097654,7.972612912736377e-17,0.016326380420981057,1.0000000000000107,0.9036206251848665,0.007500475371723905,0.006523912871723905,False,True,False,True,False,True,False,True,False,False
qft_6_Mutant_Add_rzz_P18_Q2_[6.283185307179586].qasm,PureState_20,0.02485539799667711,0.02730186336576198,0.024851815038611006,0.027297547141528482,2.949029909160572e-17,0.0031691966848634645,1.000000000000011,0.919575309446823,0.00244140625,0.041015625,False,False,False,False,False,True,False,True,False,True
qft_6_Mutant_Add_rzz_P18_Q2_[6.283185307179586].qasm,Quratest_20,0.02991815956525489,0.07927255019457197,0.02910450000481302,0.07841344030906895,4.734575361972637e-17,0.027631560911131975,1.0000000000000102,0.9045234453720052,0.004387877371746563,0.03368475237174656,False,True,False,True,False,True,False,True,False,True
qft_6_Mutant_Add_rzz_P18_Q2_[6.283185307179586].qasm,PureState_21,0.02678190544780505,0.024367301652807562,0.026778456766239633,0.024364618665242487,3.469446951953614e-17,0.003169196684863605,1.000000000000012,0.9181158928035563,0.01220703125000002,0.02001953124999998,False,False,False,False,False,True,False,True,True,True
qft_6_Mutant_Add_rzz_P18_Q2_[6.283185307179586].qasm,Quratest_21,0.027877937822671207,0.06602085437008214,0.02784255796697881,0.06551110471653729,5.800481622797449e-17,0.019615034786063905,1.0000000000000102,0.899944078745012,0.013363017777472893,0.031917705277472896,False,True,False,True,False,True,False,True,True,True
qft_6_Mutant_Add_rzz_P18_Q2_[6.283185307179586].qasm,PureState_22,0.027145189405509473,0.027997608801088637,0.027140866725723932,0.027993960134423554,4.683753385137379e-17,0.0031691966851137843,1.000000000000011,0.9229506254046835,0.00048828125,0.015625,False,False,False,False,False,True,False,True,False,True
qft_6_Mutant_Add_rzz_P18_Q2_[6.283185307179586].qasm,Quratest_22,0.029588517059970204,0.12251589889156549,0.029030754063055123,0.11906637091597931,5.614473187580404e-17,0.025921102996997472,1.000000000000011,0.9096502100618928,0.0053437484690333215,0.03371875153096668,False,True,False,True,False,True,False,True,False,True
qft_6_Mutant_Add_rzz_P18_Q2_[6.283185307179586].qasm,PureState_23,0.02713356955842372,0.028484299857199333,0.027129847602958796,0.028479778100122484,4.7704895589362195e-17,0.0031691966851135917,1.000000000000011,0.9175760830366976,0.006835937499999988,0.025878906250000014,False,False,False,False,False,True,False,True,False,True
qft_6_Mutant_Add_rzz_P18_Q2_[6.283185307179586].qasm,Quratest_23,0.033560193334931,0.0857874141758855,0.03236531625139639,0.08251985034705245,2.7013574753834146e-17,0.021262167695204365,1.000000000000011,0.9121370488310904,0.03515625000000207,0.010253906250002071,False,True,False,True,False,True,False,True,True,False
qft_6_Mutant_Add_rzz_P18_Q2_[6.283185307179586].qasm,PureState_24,0.026307731452631867,0.029659736013908665,0.026302724105145343,0.02965344909083943,3.729655473350135e-17,0.0031691966848636415,1.000000000000011,0.9251318880014311,0.0014648437499999879,0.002929687499999988,False,False,False,False,False,True,False,True,False,False
qft_6_Mutant_Add_rzz_P18_Q2_[6.283185307179586].qasm,Quratest_24,0.028063409884242666,0.06727031106266154,0.02804491363958521,0.06703809776792866,6.472686969738461e-17,0.017951823937166638,1.000000000000011,0.9096129886198921,0.002921988801226459,0.006843636198773541,False,True,False,True,False,True,False,True,False,False
qft_6_Mutant_Add_rzz_P18_Q2_[6.283185307179586].qasm,PureState_25,0.02572119976428841,0.02623745821052304,0.025717571813579747,0.026232474070243293,3.122502256758253e-17,0.0031691966848636432,1.0000000000000115,0.918417729323499,0.025878906249999986,0.016113281250000014,False,False,False,False,False,True,False,True,True,True
qft_6_Mutant_Add_rzz_P18_Q2_[6.283185307179586].qasm,Quratest_25,0.028430395054474446,0.12352061448891366,0.028027399022164407,0.11962555367889262,5.886624873533211e-17,0.02016648291401629,1.0000000000000129,0.9126851868460932,0.012398007055965624,0.0031206633059656236,False,True,False,True,False,True,False,True,True,False
qft_6_Mutant_Add_rzz_P18_Q2_[6.283185307179586].qasm,PureState_26,0.025005742723251248,0.025629415126210444,0.025002621008730526,0.025624325678704436,4.85722573273506e-17,0.003169196685113552,1.000000000000011,0.9189934290118764,0.003906249999999988,0.037597656250000014,False,False,False,False,False,True,False,True,False,True
qft_6_Mutant_Add_rzz_P18_Q2_[6.283185307179586].qasm,Quratest_26,0.02862434784426056,0.07429756770459313,0.028562061863965486,0.07253413433394916,5.4338857632257875e-17,0.014259731979410752,1.000000000000012,0.9108346321182176,0.004654450150564281,0.01246695015056428,False,True,False,True,False,True,False,True,False,True
qft_6_Mutant_Add_rzz_P18_Q2_[6.283185307179586].qasm,PureState_27,0.025982676882253884,0.02318218864813315,0.025978330660280238,0.02317909771410028,3.9898639947466563e-17,0.003169196685113688,1.0000000000000115,0.9224846548344112,0.012695312499999998,0.005371093750000002,False,False,False,False,False,True,False,True,True,False
qft_6_Mutant_Add_rzz_P18_Q2_[6.283185307179586].qasm,Quratest_27,0.03156522875729868,0.08364704354269424,0.03099232343576436,0.08201965142175276,6.832506565732088e-17,0.036560794595172,1.000000000000011,0.8974156685525868,0.02069830672221061,0.01190924422221061,False,True,False,True,False,True,False,True,True,False
qft_6_Mutant_Add_rzz_P18_Q2_[6.283185307179586].qasm,PureState_28,0.027749654465222658,0.02748166774020677,0.02774508145247098,0.02747600446934001,4.5102810375396984e-17,0.003169196685113323,1.0000000000000107,0.9232584565991061,0.013183593749999991,0.008789062499999991,False,False,False,False,False,True,False,True,True,False
qft_6_Mutant_Add_rzz_P18_Q2_[6.283185307179586].qasm,Quratest_28,0.03079229638803177,0.06797080185878268,0.029998733986592103,0.06625007939087332,9.286662769415256e-17,0.027572582160281436,1.000000000000011,0.9083173555342896,0.0068228270693479615,0.03807282706934796,False,True,False,True,False,True,False,True,False,True
qft_6_Mutant_Add_rzz_P18_Q2_[6.283185307179586].qasm,PureState_29,0.025397111727764935,0.027214250151030232,0.025392232401485047,0.027210577473983602,0.0,0.0031691966848632546,1.0000000000000115,0.9260522607760384,0.022949218749999993,0.006835937500000007,False,False,False,False,False,True,False,True,True,False
qft_6_Mutant_Add_rzz_P18_Q2_[6.283185307179586].qasm,Quratest_29,0.027400577348555742,0.11053967241314819,0.026486906603765372,0.10317452666854905,6.496021403946337e-17,0.03204409723555838,1.000000000000012,0.9077790902177496,0.01897754189169229,0.01324902060830771,False,True,False,True,False,True,False,True,True,True
qft_6_Mutant_Add_rzz_P18_Q2_[6.283185307179586].qasm,PureState_30,0.033938233185064406,0.02604150436787286,0.03392808864946218,0.026034658411407646,5.0306980803327406e-17,0.0031691966851135527,1.0000000000000102,0.9243854294308665,0.0034179687500000035,0.0073242187500000035,False,False,False,False,False,True,False,True,False,False
qft_6_Mutant_Add_rzz_P18_Q2_[6.283185307179586].qasm,Quratest_30,0.031214795207834913,0.1124116964251778,0.030577319695101853,0.1058874090205422,4.480529005267391e-17,0.01773023308432386,1.000000000000011,0.9223019768251771,0.01195600527877988,0.04907915097122012,False,True,False,True,False,True,False,True,False,True
qft_6_Mutant_Add_rzz_P18_Q2_[6.283185307179586].qasm,PureState_31,0.025138205848814696,0.02739037934737442,0.02513499650139078,0.0273840210290877,2.862293735361732e-17,0.0031691966848635704,1.000000000000011,0.9248492162162395,0.02294921875,0.00537109375,False,False,False,False,False,True,False,True,True,False
qft_6_Mutant_Add_rzz_P18_Q2_[6.283185307179586].qasm,Quratest_31,0.03210846463394135,0.07415247260494492,0.030584480078578023,0.07303004671224445,8.832351354199491e-17,0.022807239936245734,1.0000000000000129,0.9047474653574834,0.015310720844574278,0.01886896665542572,False,True,False,True,False,True,False,True,True,True
qft_6_Mutant_Add_rz_P19_Q1_[6.283185307179586].qasm,PureState_0,0.03217243044421229,0.02572815892169496,0.032165141168507494,0.02572414699391283,8.847089727481716e-17,0.003150183355248589,1.000000000000012,0.9247108784614416,0.03466796875,0.00537109375,False,False,False,False,False,True,False,True,True,False
qft_6_Mutant_Add_rz_P19_Q1_[6.283185307179586].qasm,Quratest_0,0.02769575906992017,0.06299671085200634,0.027124578371152248,0.06205974792294626,6.139294801699169e-17,0.010858436762410363,1.000000000000011,0.9182333805512526,0.00352831882993547,0.00011035007993547008,False,True,False,True,False,True,False,True,False,False
qft_6_Mutant_Add_rz_P19_Q1_[6.283185307179586].qasm,PureState_1,0.02546461326473999,0.032262467559014324,0.02546162958816363,0.03225601047415761,3.122502256758253e-17,0.0031501833556261856,1.000000000000011,0.9182585120868674,0.0029296874999999983,0.011230468749999998,False,False,False,False,False,True,False,True,False,False
qft_6_Mutant_Add_rz_P19_Q1_[6.283185307179586].qasm,Quratest_1,0.030931502957524833,0.07454522911156088,0.03012830822566236,0.07218649988985076,6.058741968415285e-17,0.033558166607893465,1.000000000000011,0.9117354186931792,0.0038595806012735254,0.012253700648726475,False,True,False,True,False,True,False,True,False,True
qft_6_Mutant_Add_rz_P19_Q1_[6.283185307179586].qasm,PureState_2,0.02586608124543549,0.026393781886707768,0.025859896085010405,0.026390143006052125,0.0,0.003150183355625628,1.000000000000012,0.9220895605108902,0.028808593750000007,0.008300781249999993,False,False,False,False,False,True,False,True,True,False
qft_6_Mutant_Add_rz_P19_Q1_[6.283185307179586].qasm,Quratest_2,0.03383974307526225,0.10873870399205272,0.03190801771145815,0.10414931376624985,4.067791025894052e-17,0.044320650143507084,1.000000000000011,0.897386801413782,0.023437500000000437,0.013183593750000437,False,True,False,True,False,True,False,True,True,True
qft_6_Mutant_Add_rz_P19_Q1_[6.283185307179586].qasm,PureState_3,0.026583704595938618,0.02473517606999073,0.026578287092880088,0.02473192535349609,2.5153490401663703e-17,0.003150183355626052,1.000000000000011,0.9241379160581358,0.004394531250000002,0.01904296875,False,False,False,False,False,True,False,True,False,True
qft_6_Mutant_Add_rz_P19_Q1_[6.283185307179586].qasm,Quratest_3,0.03273869778306388,0.06513573358555537,0.03153715871569032,0.06220824363561997,6.322508028190274e-17,0.013377506091719617,1.0000000000000124,0.9198017269336443,0.007948561965627474,0.033339186965627474,False,True,False,True,False,True,False,True,False,True
qft_6_Mutant_Add_rz_P19_Q1_[6.283185307179586].qasm,PureState_4,0.02968029274051077,0.029395036294496857,0.02967444220695737,0.029389496206224018,2.688821387764051e-17,0.003150183355626058,1.000000000000011,0.9238247010312577,1.734723475976807e-18,0.014160156250000002,False,False,False,False,False,True,False,True,False,True
qft_6_Mutant_Add_rz_P19_Q1_[6.283185307179586].qasm,Quratest_4,0.031727381471509206,0.11394152303346475,0.030472751638520316,0.10998683076768175,5.277671711928413e-17,0.031040654724122353,1.0000000000000115,0.904221310862848,0.03438693329785171,0.02908962920214829,False,True,False,True,False,True,False,True,True,True
qft_6_Mutant_Add_rz_P19_Q1_[6.283185307179586].qasm,PureState_5,0.026432417926485645,0.02972058655302794,0.026428036593977643,0.02971383576251536,6.158268339717665e-17,0.0031501833552486733,1.000000000000011,0.9215316372343533,0.008789062499999991,0.004394531249999991,False,False,False,False,False,True,False,True,False,False
qft_6_Mutant_Add_rz_P19_Q1_[6.283185307179586].qasm,Quratest_5,0.02561092112348213,0.09454567428841018,0.024362811488584546,0.09039232835324344,5.56432883710295e-17,0.024764351666062046,1.000000000000011,0.919588255206185,0.006202941452332772,0.03208184770233277,False,True,False,True,False,True,False,True,False,True
qft_6_Mutant_Add_rz_P19_Q1_[6.283185307179586].qasm,PureState_6,0.029640722264052007,0.028024851451379097,0.02963545148829123,0.028019468936931528,5.377642775528102e-17,0.0031501833552492232,1.0000000000000115,0.9186086226023193,0.002441406250000014,0.002929687499999986,False,False,False,False,False,True,False,True,False,False
qft_6_Mutant_Add_rz_P19_Q1_[6.283185307179586].qasm,Quratest_6,0.028648035650108497,0.034126577442672036,0.02862840655923668,0.034113076205349785,3.0574501264091225e-17,0.018340009491369443,1.000000000000011,0.9182747299208694,0.018554687500000284,0.0019531249999997155,False,False,False,False,False,True,False,True,True,False
qft_6_Mutant_Add_rz_P19_Q1_[6.283185307179586].qasm,PureState_7,0.03191793370084293,0.029722788572898288,0.03191148465422241,0.029714712690309293,4.597017211338539e-17,0.003150183355249022,1.000000000000011,0.920128179975156,0.00878906250000001,0.00830078125000001,False,False,False,False,False,True,False,True,False,False
qft_6_Mutant_Add_rz_P19_Q1_[6.283185307179586].qasm,Quratest_7,0.030213972535314722,0.05974375110064316,0.02991631999618937,0.05908390460747532,2.478079590487181e-17,0.030758862352937046,1.0000000000000098,0.9053924517777876,0.004654995249101517,0.008040317250898484,False,True,False,True,False,True,False,True,False,False
qft_6_Mutant_Add_rz_P19_Q1_[6.283185307179586].qasm,PureState_8,0.028483982613609612,0.023366095912547673,0.02847918322918187,0.02336324741000516,2.7755575615628914e-17,0.0031501833556257207,1.000000000000011,0.921051490025442,0.017089843750000007,0.017089843750000007,False,False,False,False,False,True,False,True,True,True
qft_6_Mutant_Add_rz_P19_Q1_[6.283185307179586].qasm,Quratest_8,0.0298220335337478,0.10355097216970942,0.029017292676269544,0.1010889049675725,7.260427610684961e-17,0.03277724981476016,1.000000000000011,0.9049599599093971,0.0019187601795829234,0.06344219767958292,False,True,False,True,False,True,False,True,False,True
qft_6_Mutant_Add_rz_P19_Q1_[6.283185307179586].qasm,PureState_9,0.031303871201454385,0.028541281984688936,0.03129874032053816,0.028535837792602766,2.862293735361732e-17,0.003150183355626008,1.000000000000011,0.923490564863028,0.0019531249999999792,0.01220703125000002,False,False,False,False,False,True,False,True,False,True
qft_6_Mutant_Add_rz_P19_Q1_[6.283185307179586].qasm,Quratest_9,0.02906042079693322,0.05764017245502264,0.029016755709980368,0.05702513294381969,7.361563344587124e-17,0.020794025522397896,1.000000000000012,0.9086167651299176,0.008170896851147195,0.011588865601147195,False,True,False,True,False,True,False,True,False,False
qft_6_Mutant_Add_rz_P19_Q1_[6.283185307179586].qasm,PureState_10,0.027342566439466108,0.031359959581839535,0.02733781934891597,0.031353791428867954,3.469446951953614e-17,0.0031501833556259705,1.000000000000011,0.9259273125760196,0.007812500000000002,0.0029296874999999983,False,False,False,False,False,True,False,True,False,False
qft_6_Mutant_Add_rz_P19_Q1_[6.283185307179586].qasm,Quratest_10,0.029539815517858805,0.07091531905406483,0.028728336671342256,0.0685644945622617,8.652272149613227e-17,0.015064049242709187,1.000000000000011,0.917746904017458,0.0129476570419704,0.0490640617080296,False,True,False,True,False,True,False,True,True,True
qft_6_Mutant_Add_rz_P19_Q1_[6.283185307179586].qasm,PureState_11,0.025863894569655967,0.024360298315534178,0.025860166065445465,0.02435742657367216,3.469446951953614e-17,0.003150183355626156,1.000000000000011,0.918472508833842,0.011230468750000009,0.0009765625000000087,False,False,False,False,False,True,False,True,False,False
qft_6_Mutant_Add_rz_P19_Q1_[6.283185307179586].qasm,Quratest_11,0.0325694138276656,0.09740789430946767,0.03134123153486377,0.09353863161602807,4.937185642955866e-17,0.03406038966790774,1.000000000000011,0.8975886823757707,0.0009765625000030863,0.017089843750003088,False,True,False,True,False,True,False,True,False,True
qft_6_Mutant_Add_rz_P19_Q1_[6.283185307179586].qasm,PureState_12,0.03180548471759992,0.031873451324694275,0.03179918778234879,0.03186559337875747,6.331740687315346e-17,0.0031501833552485693,1.000000000000011,0.9257494006084422,0.0053710937499999705,0.0019531250000000295,False,False,False,False,False,True,False,True,False,False
qft_6_Mutant_Add_rz_P19_Q1_[6.283185307179586].qasm,Quratest_12,0.03025395543300366,0.08325850027997057,0.029933711884047715,0.08234412052353644,5.601259473603237e-17,0.02893334589492926,1.000000000000012,0.9045620150265666,0.002393203722569119,0.02436585997256912,False,True,False,True,False,True,False,True,False,True
qft_6_Mutant_Add_rz_P19_Q1_[6.283185307179586].qasm,PureState_13,0.031172464080870564,0.027271888441950748,0.031165460308473926,0.027267548365374508,3.209238430557093e-17,0.0031501833556259826,1.0000000000000124,0.926185898550747,0.01171875,0.0087890625,False,False,False,False,False,True,False,True,False,False
qft_6_Mutant_Add_rz_P19_Q1_[6.283185307179586].qasm,Quratest_13,0.029360309515719153,0.059425986607541344,0.029334464121316444,0.059264804034512626,5.4304976314367703e-17,0.01763699054765088,1.0000000000000129,0.9028209421164737,0.005951594605765387,0.027251530394234613,False,True,False,True,False,True,False,True,False,True
qft_6_Mutant_Add_rz_P19_Q1_[6.283185307179586].qasm,PureState_14,0.03458919005554761,0.02805383838322233,0.034575237605237966,0.028049207783696056,7.632783294297951e-17,0.003150183355249041,1.000000000000012,0.9237451149012168,0.008300781249999997,0.0043945312500000035,False,False,False,False,False,True,False,True,False,False
qft_6_Mutant_Add_rz_P19_Q1_[6.283185307179586].qasm,Quratest_14,0.026868265066479748,0.07703471239007446,0.026270897210625557,0.07655066112131784,5.933296388926923e-17,0.03924635517337785,1.0000000000000102,0.9156613239744852,0.013712192791639793,0.007772182208360207,False,True,False,True,False,True,False,True,True,False
qft_6_Mutant_Add_rz_P19_Q1_[6.283185307179586].qasm,PureState_15,0.02763728571837042,0.023392314951683067,0.027633141423032827,0.023390096880670952,5.2909066017292616e-17,0.003150183355249047,1.000000000000011,0.9198715830592757,0.0034179687499999983,0.014648437499999998,False,False,False,False,False,True,False,True,False,True
qft_6_Mutant_Add_rz_P19_Q1_[6.283185307179586].qasm,Quratest_15,0.025239545944584822,0.06363339057870626,0.02484815086323971,0.06141534733266992,5.73576830562722e-17,0.017196411159355135,1.000000000000011,0.9131663844646067,0.020036772091866925,0.002912446658133075,False,True,False,True,False,True,False,True,True,False
qft_6_Mutant_Add_rz_P19_Q1_[6.283185307179586].qasm,PureState_16,0.023186918259629367,0.02803364554498638,0.023184194388553573,0.028028216041804086,3.0357660829594124e-17,0.003150183355625718,1.000000000000011,0.918424869527054,0.005859374999999998,0.0263671875,False,False,False,False,False,True,False,True,False,True
qft_6_Mutant_Add_rz_P19_Q1_[6.283185307179586].qasm,Quratest_16,0.03403162746634382,0.07585481525257205,0.03282011310275222,0.07548980495207529,3.767602549387128e-17,0.02622999923850314,1.0000000000000115,0.9156323786447297,0.004417371701166184,0.039527940798833816,False,True,False,True,False,True,False,True,False,True
qft_6_Mutant_Add_rz_P19_Q1_[6.283185307179586].qasm,PureState_17,0.026157085984295662,0.02870337258199836,0.02615322843972644,0.028698856608248297,0.0,0.003150183355625606,1.0000000000000124,0.9273997649739372,0.014648437499999993,0.0009765624999999931,False,False,False,False,False,True,False,True,True,False
qft_6_Mutant_Add_rz_P19_Q1_[6.283185307179586].qasm,Quratest_17,0.03168935719256767,0.07972853500543181,0.03016969502175187,0.07807085307986183,3.5090880938851154e-17,0.02407665526719096,1.0000000000000107,0.918264141725698,0.008231822479515552,0.017158802520484448,False,True,False,True,False,True,False,True,False,True
qft_6_Mutant_Add_rz_P19_Q1_[6.283185307179586].qasm,PureState_18,0.02787433548001629,0.02922209964519246,0.02786976975174886,0.029215005083363357,8.760353553682876e-17,0.003150183355249102,1.000000000000011,0.9180420563233718,0.004394531250000002,0.0244140625,False,False,False,False,False,True,False,True,False,True
qft_6_Mutant_Add_rz_P19_Q1_[6.283185307179586].qasm,Quratest_18,0.025617948496590527,0.09261843270208171,0.025309586433970185,0.0838207091696006,7.743575203798814e-17,0.027724415969698057,1.000000000000012,0.9101854516017999,0.01512591684735548,0.005360291847355481,False,True,False,True,False,True,False,True,True,False
qft_6_Mutant_Add_rz_P19_Q1_[6.283185307179586].qasm,PureState_19,0.026097124207752374,0.0294232475973679,0.02609327996110397,0.02941745098773243,7.37257477290143e-17,0.003150183355249015,1.000000000000011,0.9232844816529805,0.002441406250000007,0.005371093750000007,False,False,False,False,False,True,False,True,False,False
qft_6_Mutant_Add_rz_P19_Q1_[6.283185307179586].qasm,Quratest_19,0.03050381395602134,0.07551543533589905,0.030230651059812933,0.07513704550592888,7.611438064027143e-17,0.016169933949900885,1.0000000000000107,0.9046477314099219,0.0021293816217239046,0.0037299933782760954,False,True,False,True,False,True,False,True,False,False
qft_6_Mutant_Add_rz_P19_Q1_[6.283185307179586].qasm,PureState_20,0.028018528968235156,0.027738787738555804,0.028011475348990754,0.027732469514084056,2.688821387764051e-17,0.0031501833556256097,1.000000000000011,0.9207103663321156,0.03125,0.00048828125,False,False,False,False,False,True,False,True,True,False
qft_6_Mutant_Add_rz_P19_Q1_[6.283185307179586].qasm,Quratest_20,0.029256333287877374,0.08019128136498815,0.028114816067830273,0.07949480014851823,4.6180236284304454e-17,0.02746737485120953,1.0000000000000102,0.9056927797126012,6.653878253436683e-06,0.0009832163782534367,False,True,False,True,False,True,False,True,False,False
qft_6_Mutant_Add_rz_P19_Q1_[6.283185307179586].qasm,PureState_21,0.02380222232072454,0.026401966063634867,0.02379909664880495,0.02639776011927253,3.469446951953614e-17,0.0031501833556257007,1.0000000000000115,0.9192487798776859,0.01513671874999998,0.01611328124999998,False,False,False,False,False,True,False,True,True,True
qft_6_Mutant_Add_rz_P19_Q1_[6.283185307179586].qasm,Quratest_21,0.02881328974049917,0.06329054082281367,0.028800503856325637,0.06252908389424881,7.784571598445922e-17,0.01947659467140815,1.0000000000000107,0.9011407701284437,0.015445575972527107,0.006038799027472893,False,True,False,True,False,True,False,True,True,False
qft_6_Mutant_Add_rz_P19_Q1_[6.283185307179586].qasm,PureState_22,0.03064631898038839,0.029532081507807294,0.030636458772186983,0.02952610204886983,6.331740687315346e-17,0.003150183355249067,1.0000000000000115,0.9240894009723949,0.02685546875,0.01513671875,False,False,False,False,False,True,False,True,True,True
qft_6_Mutant_Add_rz_P19_Q1_[6.283185307179586].qasm,Quratest_22,0.02962886954339284,0.12261781285899732,0.028777931193445634,0.11920125066102381,7.029526429263439e-17,0.025539662745562935,1.000000000000011,0.9107883972941683,0.01901562346903332,0.04201953278096668,False,True,False,True,False,True,False,True,True,True
qft_6_Mutant_Add_rz_P19_Q1_[6.283185307179586].qasm,PureState_23,0.026637118772639412,0.028895155986863173,0.026632136175071902,0.028890579516023484,7.025630077706069e-17,0.0031501833552486534,1.000000000000012,0.9187082890445292,0.032714843749999986,0.006347656250000012,False,False,False,False,False,True,False,True,True,False
qft_6_Mutant_Add_rz_P19_Q1_[6.283185307179586].qasm,Quratest_23,0.029171776073611936,0.0867487721051271,0.028065859263900775,0.08341629057488026,3.520268928788872e-17,0.02115285429183716,1.000000000000011,0.9133230512375053,0.008789062499997929,0.00390625000000207,False,True,False,True,False,True,False,True,False,False
qft_6_Mutant_Add_rz_P19_Q1_[6.283185307179586].qasm,PureState_24,0.023875376182944753,0.03015884818062174,0.02387264888832881,0.030154235950008008,3.729655473350135e-17,0.0031501833556260546,1.000000000000011,0.9262737226710126,0.010742187500000012,0.006347656249999988,False,False,False,False,False,True,False,True,False,False
qft_6_Mutant_Add_rz_P19_Q1_[6.283185307179586].qasm,Quratest_24,0.024407993641870164,0.06734060443241598,0.024382313847237082,0.06714519993334767,5.686640394686471e-17,0.017785315477420224,1.000000000000011,0.9107918250068485,0.003410270051226459,0.03563683255122646,False,True,False,True,False,True,False,True,False,True
qft_6_Mutant_Add_rz_P19_Q1_[6.283185307179586].qasm,PureState_25,0.031215457898868947,0.02865757464410703,0.031208005439577715,0.028650996833978003,3.122502256758253e-17,0.0031501833556257953,1.000000000000012,0.9195509888603308,0.015136718750000012,0.028808593750000014,False,False,False,False,False,True,False,True,True,True
qft_6_Mutant_Add_rz_P19_Q1_[6.283185307179586].qasm,Quratest_25,0.03155416244234476,0.11918421224584562,0.030938419298619606,0.11503545074452477,6.311411896581243e-17,0.020012757504334126,1.0000000000000124,0.91382378899607,0.038765194555965624,0.017280819555965624,False,True,False,True,False,True,False,True,True,True
qft_6_Mutant_Add_rz_P19_Q1_[6.283185307179586].qasm,PureState_26,0.02844017970287614,0.028800342774775365,0.02843449512219691,0.028795016408348535,6.418476861114186e-17,0.003150183355248733,1.000000000000011,0.9201277953854116,0.010742187500000012,0.001953125000000012,False,False,False,False,False,True,False,True,False,False
qft_6_Mutant_Add_rz_P19_Q1_[6.283185307179586].qasm,Quratest_26,0.028614678818879642,0.07201619375158147,0.028320571793917736,0.07007509960969827,6.789138478832668e-17,0.014099305857291137,1.000000000000012,0.9120059218876181,0.01878304984943572,0.0021814873494357193,False,True,False,True,False,True,False,True,True,False
qft_6_Mutant_Add_rz_P19_Q1_[6.283185307179586].qasm,PureState_27,0.028019057287172296,0.02764039713875537,0.028013984175427907,0.027635669466671686,6.938893903907228e-17,0.003150183355249017,1.000000000000011,0.9236232093303287,0.014160156250000002,0.02099609375,False,False,False,False,False,True,False,True,True,True
qft_6_Mutant_Add_rz_P19_Q1_[6.283185307179586].qasm,Quratest_27,0.0311637932788013,0.08721835075588369,0.030123062651194226,0.08540706319854328,3.165870343657673e-17,0.03621952134117257,1.0000000000000107,0.8985251353497251,0.04228997452778939,0.00762200577778939,False,True,False,True,False,True,False,True,True,False
qft_6_Mutant_Add_rz_P19_Q1_[6.283185307179586].qasm,PureState_28,0.029888898288380466,0.02789460481892386,0.029883734944920654,0.027890083508126107,6.418476861114186e-17,0.003150183355248507,1.0000000000000107,0.9243976788808358,0.03466796874999999,0.003906250000000009,False,False,False,False,False,True,False,True,True,False
qft_6_Mutant_Add_rz_P19_Q1_[6.283185307179586].qasm,Quratest_28,0.028500744146274865,0.06703342734434303,0.02753742765247757,0.06537856951249184,8.172506732587981e-17,0.027480993965602836,1.0000000000000115,0.9093374681425416,0.0014517333193479615,0.04393220206934796,False,True,False,True,False,True,False,True,False,True
qft_6_Mutant_Add_rz_P19_Q1_[6.283185307179586].qasm,PureState_29,0.02633705386052425,0.029688874199187667,0.02633261259538691,0.02968164523081563,0.0,0.0031501833556255975,1.000000000000012,0.9271949407102766,0.012695312500000007,0.016601562500000007,False,False,False,False,False,True,False,True,True,True
qft_6_Mutant_Add_rz_P19_Q1_[6.283185307179586].qasm,Quratest_29,0.026483983206719013,0.11485648214122061,0.024941154445193726,0.1075680832730791,7.819505090075261e-17,0.03166439332139751,1.0000000000000115,0.9089657785965221,0.01604785439169229,0.03912792685830771,False,True,False,True,False,True,False,True,True,True
qft_6_Mutant_Add_rz_P19_Q1_[6.283185307179586].qasm,PureState_30,0.02516645967698969,0.030530091286066735,0.025162233613963723,0.03052477101526253,5.724587470723463e-17,0.0031501833552489457,1.0000000000000107,0.9255263706962629,0.017578125000000003,0.011718749999999997,False,False,False,False,False,True,False,True,True,False
qft_6_Mutant_Add_rz_P19_Q1_[6.283185307179586].qasm,Quratest_30,0.029330910993807923,0.10667423011032218,0.029012355062512353,0.09953154160646704,3.691030770955339e-17,0.017605847439827536,1.000000000000011,0.9230069416909402,0.00609663027877988,0.03736040097122012,False,True,False,True,False,True,False,True,False,True
qft_6_Mutant_Add_rz_P19_Q1_[6.283185307179586].qasm,PureState_31,0.02396399101538477,0.025921032300003224,0.023959987744881336,0.025917681518738616,3.2959746043559335e-17,0.003150183355626032,1.000000000000011,0.9259907019645942,0.00390625,0.01123046875,False,False,False,False,False,True,False,True,False,False
qft_6_Mutant_Add_rz_P19_Q1_[6.283185307179586].qasm,Quratest_31,0.030219766243187614,0.07317480413171362,0.029085495709079128,0.07222310871105522,7.048076450808308e-17,0.022672589219190013,1.0000000000000124,0.9057604459867182,0.0074982208445742785,0.009103341655425722,False,True,False,True,False,True,False,True,False,False
qft_6_Mutant_Add_swap_P1_Q5_[].qasm,PureState_0,0.030746365444091768,0.026293817705538503,0.030739763111810335,0.026288210934626723,0.0,0.0031065831892589787,1.000000000000011,0.8899694223499512,0.01171875,0.01513671875,False,False,False,False,False,True,False,True,False,True
qft_6_Mutant_Add_swap_P1_Q5_[].qasm,Quratest_0,0.026489082907401894,0.07118760516599931,0.025897265183818383,0.06962260278350633,0.0,0.015606967397101903,1.000000000000011,0.8839186850042692,0.00574902492006453,0.02354785007993547,False,True,False,True,False,True,False,True,False,True
qft_6_Mutant_Add_swap_P1_Q5_[].qasm,PureState_1,0.030766404640288434,0.030956484790930845,0.030757102993177122,0.030950636161106063,0.0,0.004484939456771741,1.000000000000011,0.8793093133847534,0.004882812500000002,0.01611328125,False,False,False,False,False,True,False,True,False,True
qft_6_Mutant_Add_swap_P1_Q5_[].qasm,Quratest_1,0.033893019861447625,0.09540262338454002,0.03196792237944194,0.09345462141359047,0.0,0.0545135668385621,1.0000000000000093,0.8746361000448648,0.005812705601273525,0.015183388148726475,False,True,False,True,False,True,False,True,False,True
qft_6_Mutant_Add_swap_P1_Q5_[].qasm,PureState_2,0.028542309510092248,0.025355810458259638,0.028535034654365278,0.02535162828564327,0.0,0.004484939456771607,1.000000000000012,0.8829802406744834,0.03417968750000001,0.001464843749999993,False,False,False,False,False,True,False,True,True,False
qft_6_Mutant_Add_swap_P1_Q5_[].qasm,Quratest_2,0.02966808950369763,0.12401511066081924,0.028046332322999305,0.11796500178457578,0.0,0.06303156262479588,1.000000000000011,0.8598324740674164,0.0019531250000004376,0.007812499999999563,False,True,False,True,False,True,False,True,False,False
qft_6_Mutant_Add_swap_P1_Q5_[].qasm,PureState_3,0.026183939310503737,0.03191474081690618,0.026179581538790284,0.03190434403811596,0.0,0.003106583189321943,1.000000000000011,0.8894119732710768,0.007812499999999998,0.021484375,False,False,False,False,False,True,False,True,False,True
qft_6_Mutant_Add_swap_P1_Q5_[].qasm,Quratest_3,0.02343673686588222,0.06899542621852453,0.023405811557311664,0.06620178081991518,0.0,0.016172804727791645,1.0000000000000124,0.8846137554841091,0.026719406784372526,0.018202468215627474,False,True,False,True,False,True,False,True,True,True
qft_6_Mutant_Add_swap_P1_Q5_[].qasm,PureState_4,0.030691221797835247,0.02979553028088001,0.030683233688574067,0.029789713665668228,0.0,0.003106583189321878,1.000000000000011,0.8891117835784221,0.0224609375,0.005859375000000002,False,False,False,False,False,True,False,True,True,False
qft_6_Mutant_Add_swap_P1_Q5_[].qasm,Quratest_4,0.029761195322484668,0.11731317522406415,0.029155009594435313,0.1137487936916629,0.0,0.0388377112491924,1.0000000000000093,0.867374034604608,0.01004666045214829,0.03153103545214829,False,True,False,True,False,True,False,True,False,True
qft_6_Mutant_Add_swap_P1_Q5_[].qasm,PureState_5,0.02825554523520702,0.02589508563159652,0.028250102881663863,0.025890950251081436,0.0,0.004484939456054223,1.000000000000011,0.8824490545228083,0.012207031250000009,0.024902343750000007,False,False,False,False,False,True,False,True,True,True
qft_6_Mutant_Add_swap_P1_Q5_[].qasm,Quratest_5,0.027326393481073873,0.10036833750371588,0.02642198936527412,0.09662784923520754,0.0,0.04366872410813938,1.0000000000000115,0.8782170105040082,0.009422058547667228,0.04233575395233277,False,True,False,True,False,True,False,True,False,True
qft_6_Mutant_Add_swap_P1_Q5_[].qasm,PureState_6,0.026860368849405836,0.0266955257855535,0.026854721225800383,0.02668995870269605,0.0,0.004514214334424121,1.000000000000011,0.8796509651149653,0.020019531250000014,0.026855468750000014,False,False,False,False,False,True,False,True,True,True
qft_6_Mutant_Add_swap_P1_Q5_[].qasm,Quratest_6,0.02644822814115181,0.049651580800219725,0.026438356875015424,0.04960099200684693,0.0,0.03742875635859636,1.000000000000011,0.8779003743415867,0.011718750000000284,0.0004882812499997155,False,True,False,True,False,True,False,True,False,False
qft_6_Mutant_Add_swap_P1_Q5_[].qasm,PureState_7,0.027323773002403323,0.028184144491167386,0.027318916845324417,0.028179028026350857,0.0,0.004514214334424282,1.000000000000011,0.8811072439281016,0.01074218750000001,0.00634765624999999,False,False,False,False,False,True,False,True,False,False
qft_6_Mutant_Add_swap_P1_Q5_[].qasm,Quratest_7,0.026423664507273834,0.07313042500232272,0.026119536979208255,0.07220843420541025,0.0,0.04620136123820381,1.0000000000000107,0.8712599786216182,0.0021809422508984834,0.022200473500898484,False,True,False,True,False,True,False,True,False,True
qft_6_Mutant_Add_swap_P1_Q5_[].qasm,PureState_8,0.025413543487061513,0.02680078853741917,0.025409524686838023,0.02679636777022006,0.0,0.004484939456771491,1.000000000000011,0.8819854986099429,0.009277343750000005,0.002929687500000005,False,False,False,False,False,True,False,True,False,False
qft_6_Mutant_Add_swap_P1_Q5_[].qasm,Quratest_8,0.02746817899496768,0.11287389851534409,0.027437203309967306,0.1101760400370679,0.0,0.04663105930613104,1.0000000000000115,0.8626594245173753,3.436482041707656e-05,0.07174297892958292,False,True,False,True,False,True,False,True,False,True
qft_6_Mutant_Add_swap_P1_Q5_[].qasm,PureState_9,0.029884661055829678,0.024932859678852337,0.029878656732923843,0.024929156100508085,0.0,0.003155294289300322,1.000000000000011,0.8887917890138013,0.00781250000000002,0.003906250000000021,False,False,False,False,False,True,False,True,False,False
qft_6_Mutant_Add_swap_P1_Q5_[].qasm,Quratest_9,0.025883284528027548,0.06175212051639631,0.025572698114485815,0.061200344483812535,0.0,0.029065858995636188,1.0000000000000124,0.8746157054588739,0.002571290648852805,0.017936521851147195,False,True,False,True,False,True,False,True,False,True
qft_6_Mutant_Add_swap_P1_Q5_[].qasm,PureState_10,0.028618859352854104,0.03164298240768777,0.028613874054555937,0.031636943079070584,0.0,0.003155294289300211,1.000000000000011,0.8911366849018368,0.0024414062499999983,0.004882812499999998,False,False,False,False,False,True,False,True,False,False
qft_6_Mutant_Add_swap_P1_Q5_[].qasm,Quratest_10,0.0282469702069572,0.07767933895304747,0.02767602157909142,0.07559512693405682,0.0,0.023229487654768906,1.000000000000011,0.878922808663843,0.005118749208029599,0.0183023429580296,False,True,False,True,False,True,False,True,False,True
qft_6_Mutant_Add_swap_P1_Q5_[].qasm,PureState_11,0.025908418553114015,0.027301143030686953,0.025904654390738913,0.02729269322273927,0.0,0.0045142143351420624,1.000000000000011,0.8795168032561134,0.0014648437499999913,0.008300781250000009,False,False,False,False,False,True,False,True,False,False
qft_6_Mutant_Add_swap_P1_Q5_[].qasm,Quratest_11,0.03614207220664519,0.12469125199168771,0.03394000060241682,0.11785255013003466,0.0,0.050831695112299846,1.000000000000011,0.8637713619028219,0.010253906250003086,0.0004882812500030864,False,True,False,True,False,True,False,True,False,False
qft_6_Mutant_Add_swap_P1_Q5_[].qasm,PureState_12,0.03147317458181886,0.03338133530502218,0.03146470645127913,0.03337290646071209,0.0,0.003106583189259015,1.0000000000000115,0.8909650216095213,0.0073242187499999705,0.025390625000000028,False,False,False,False,False,True,False,True,False,True
qft_6_Mutant_Add_swap_P1_Q5_[].qasm,Quratest_12,0.03068556194101403,0.09193748914760835,0.03039732139335536,0.09093722423310244,0.0,0.04218845397245565,1.0000000000000124,0.867921595221414,0.01899476622256912,0.005811172472569119,False,True,False,True,False,True,False,True,True,False
qft_6_Mutant_Add_swap_P1_Q5_[].qasm,PureState_13,0.03674540265397554,0.029389496300058004,0.03673246822132069,0.02938254516123623,0.0,0.0031065831893217757,1.000000000000012,0.891382894977039,0.00634765625,0.001953125,False,False,False,False,False,True,False,True,False,False
qft_6_Mutant_Add_swap_P1_Q5_[].qasm,Quratest_13,0.0344472361557817,0.06868391989517067,0.03349083890113109,0.06844432227450885,0.0,0.024265543431591326,1.0000000000000133,0.8663609766269095,0.017182063355765387,0.04336481164423461,False,True,False,True,False,True,False,True,True,True
qft_6_Mutant_Add_swap_P1_Q5_[].qasm,PureState_14,0.030171356067825127,0.03367426856648044,0.030163738683077947,0.03366603558558608,0.0,0.0031552942892370157,1.000000000000012,0.889037590133563,0.012207031250000003,0.027343750000000003,False,False,False,False,False,True,False,True,True,True
qft_6_Mutant_Add_swap_P1_Q5_[].qasm,Quratest_14,0.02584514051458042,0.1007372245048466,0.025511476293210846,0.10009785602653852,0.0,0.0690453236127466,1.0000000000000102,0.8810274292705992,0.024862025958360207,0.024454380291639793,False,True,False,True,False,True,False,True,True,True
qft_6_Mutant_Add_swap_P1_Q5_[].qasm,PureState_15,0.026598258458654784,0.029269089906236122,0.026593776715032352,0.029262841888333748,0.0,0.004514214334424331,1.000000000000011,0.8808610075805966,0.0029296874999999983,0.0024414062499999983,False,False,False,False,False,True,False,True,False,False
qft_6_Mutant_Add_swap_P1_Q5_[].qasm,Quratest_15,0.028752595178112423,0.06993809321824114,0.028453830279648876,0.06780836713933307,0.0,0.02510937832108453,1.000000000000011,0.8793061509036386,0.015119477908133075,0.024885102908133075,False,True,False,True,False,True,False,True,True,True
qft_6_Mutant_Add_swap_P1_Q5_[].qasm,PureState_16,0.029513593110953466,0.030777180914754985,0.029505681787685374,0.03076934113728923,0.0,0.0045142143351420095,1.000000000000011,0.8794713892471699,0.013183593750000002,0.007812500000000002,False,False,False,False,False,True,False,True,True,False
qft_6_Mutant_Add_swap_P1_Q5_[].qasm,Quratest_16,0.026287860900234657,0.08064726703355647,0.026259887433292075,0.08026420572711669,0.0,0.0389921522791256,1.000000000000011,0.8793969745494193,0.026832628298833816,0.036598253298833816,False,True,False,True,False,True,False,True,True,True
qft_6_Mutant_Add_swap_P1_Q5_[].qasm,PureState_17,0.032007198626932645,0.029949904331743896,0.03199970645026275,0.029943915281722674,0.0,0.003106583189321308,1.0000000000000124,0.8925478023853184,0.011230468749999993,0.006835937500000007,False,False,False,False,False,True,False,True,False,False
qft_6_Mutant_Add_swap_P1_Q5_[].qasm,Quratest_17,0.03205862928787459,0.09764103284206184,0.029766152671315913,0.09572388333097465,0.0,0.042854016336523124,1.0000000000000107,0.883067061713839,0.011649791229515552,0.014717396270484448,False,True,False,True,False,True,False,True,False,True
qft_6_Mutant_Add_swap_P1_Q5_[].qasm,PureState_18,0.02984855925958854,0.028672634114154407,0.029843358440219972,0.02866588267473064,0.0,0.004484939456054234,1.000000000000011,0.879105628744086,0.021484375,0.02490234375,False,False,False,False,False,True,False,True,True,True
qft_6_Mutant_Add_swap_P1_Q5_[].qasm,Quratest_18,0.03377378536675478,0.09836813514184421,0.03259079166815251,0.08973604064224555,0.0,0.046725714747890335,1.0000000000000124,0.8684575705926633,0.02879779184735548,0.01417095815264452,False,True,False,True,False,True,False,True,True,True
qft_6_Mutant_Add_swap_P1_Q5_[].qasm,PureState_19,0.02468812094050557,0.031595607487093065,0.024683759015465895,0.03158610738798186,0.0,0.003155294289237053,1.000000000000011,0.8885958217703974,0.009765624999999993,0.007812499999999993,False,False,False,False,False,True,False,True,False,False
qft_6_Mutant_Add_swap_P1_Q5_[].qasm,Quratest_19,0.030537880540198094,0.07286571091852302,0.03048455061023325,0.0724247396767305,0.0,0.023749332654678275,1.0000000000000102,0.8650770913968486,0.009101087128276095,0.004218274628276095,False,True,False,True,False,True,False,True,False,False
qft_6_Mutant_Add_swap_P1_Q5_[].qasm,PureState_20,0.02572287230365195,0.030725868925913943,0.025717889256311372,0.030718644158838106,0.0,0.004514214335142127,1.000000000000011,0.8816598851831713,0.009765625,0.001953125,False,False,False,False,False,True,False,True,False,False
qft_6_Mutant_Add_swap_P1_Q5_[].qasm,Quratest_20,0.027203317606209178,0.0837668413479795,0.026873313521077562,0.08302053856088612,0.0,0.04108679399343483,1.0000000000000102,0.8682226529299614,0.0009832163782534367,0.0009699086217465633,False,True,False,True,False,True,False,True,False,False
qft_6_Mutant_Add_swap_P1_Q5_[].qasm,PureState_21,0.027785233457865925,0.025624051614069682,0.02778067485033003,0.02562037622071797,0.0,0.004514214335142145,1.000000000000011,0.8802604823006337,0.005859375000000021,0.00976562500000002,False,False,False,False,False,True,False,True,False,False
qft_6_Mutant_Add_swap_P1_Q5_[].qasm,Quratest_21,0.02562431601451473,0.06500357049108388,0.02560784246829268,0.06463904201390679,0.0,0.033708939265702044,1.0000000000000102,0.866502051598082,0.028011455277472893,0.034488544722527104,False,True,False,True,False,True,False,True,True,True
qft_6_Mutant_Add_swap_P1_Q5_[].qasm,PureState_22,0.030274704309215333,0.028115147034344746,0.03026742941615782,0.02811003706512272,0.0,0.0031065831892595624,1.0000000000000115,0.8893675262095667,0.00341796875,0.021484375,False,False,False,False,False,True,False,True,False,True
qft_6_Mutant_Add_swap_P1_Q5_[].qasm,Quratest_22,0.027125935040309863,0.12730752170697515,0.02595675229200487,0.12403579216094872,0.0,0.03718800981025022,1.000000000000011,0.8715380544987462,0.0044218765309666785,0.02932422028096668,False,True,False,True,False,True,False,True,False,True
qft_6_Mutant_Add_swap_P1_Q5_[].qasm,PureState_23,0.02732309127748072,0.02583221783857377,0.02731835222396736,0.025828163365836907,0.0,0.004514214334424145,1.000000000000012,0.8797474877818054,0.011230468749999988,0.008789062500000012,False,False,False,False,False,True,False,True,False,False
qft_6_Mutant_Add_swap_P1_Q5_[].qasm,Quratest_23,0.03258705400590735,0.09109165107952706,0.031676240843341814,0.08893899196329787,0.0,0.03729582046121166,1.000000000000011,0.8781657770992634,0.00683593750000207,0.02685546874999793,False,True,False,True,False,True,False,True,False,True
qft_6_Mutant_Add_swap_P1_Q5_[].qasm,PureState_24,0.02684877574944294,0.028089372604968074,0.026843750598454102,0.028082609813628766,0.0,0.0031065831893218676,1.000000000000011,0.8914689999496426,0.009765625000000012,0.019531249999999986,False,False,False,False,False,True,False,True,False,True
qft_6_Mutant_Add_swap_P1_Q5_[].qasm,Quratest_24,0.02929177666012284,0.06748500761910714,0.02927381391268508,0.06725229748434658,0.0,0.022010743058836133,1.000000000000012,0.8771698107265345,0.009773323698773541,0.01903527005122646,False,True,False,True,False,True,False,True,False,True
qft_6_Mutant_Add_swap_P1_Q5_[].qasm,PureState_25,0.027451166946349147,0.027638351543502606,0.027445744086570002,0.027633063386219753,0.0,0.004484939456771567,1.000000000000011,0.8805481167185784,0.031249999999999986,0.003417968750000012,False,False,False,False,False,True,False,True,True,False
qft_6_Mutant_Add_swap_P1_Q5_[].qasm,Quratest_25,0.028932228297689752,0.11747532503050782,0.028585148177748453,0.11365035016657409,0.0,0.02191771165683069,1.0000000000000129,0.8755218976948785,0.0006792570559656236,0.020698788305965624,False,True,False,True,False,True,False,True,False,True
qft_6_Mutant_Add_swap_P1_Q5_[].qasm,PureState_26,0.025410801931917148,0.02780834264908729,0.025406908982053524,0.027804105489408315,0.0,0.0044849394560541045,1.000000000000011,0.8811047236934321,0.008789062500000012,0.012207031249999988,False,False,False,False,False,True,False,True,False,True
qft_6_Mutant_Add_swap_P1_Q5_[].qasm,Quratest_26,0.02396282672498827,0.07057451828117806,0.023624773584790804,0.06906067399479851,0.0,0.016722574085025477,1.000000000000012,0.8760802789544112,0.006607575150564281,0.0036463310994357193,False,True,False,True,False,True,False,True,False,False
qft_6_Mutant_Add_swap_P1_Q5_[].qasm,PureState_27,0.029802957008475916,0.034092508541614594,0.029795887375547836,0.034082650573027944,0.0,0.0031065831892594254,1.000000000000011,0.8889203479640319,0.0039062499999999983,0.007812500000000002,False,False,False,False,False,True,False,True,False,False
qft_6_Mutant_Add_swap_P1_Q5_[].qasm,Quratest_27,0.025420677491314714,0.09470710635545998,0.025082402042587788,0.09234818146062683,0.0,0.04933662556203492,1.0000000000000107,0.8642365100205721,0.00469231827778939,0.00908684952778939,False,True,False,True,False,True,False,True,False,False
qft_6_Mutant_Add_swap_P1_Q5_[].qasm,PureState_28,0.02717837960868165,0.02848285130808847,0.027171408355280313,0.028475987569098266,0.0,0.003155294289236629,1.000000000000011,0.8896699289081098,0.012207031250000009,0.009277343750000009,False,False,False,False,False,True,False,True,True,False
qft_6_Mutant_Add_swap_P1_Q5_[].qasm,Quratest_28,0.03007836449410205,0.085595430347382,0.029240878832277786,0.08361861994647378,0.0,0.04621539616223272,1.000000000000011,0.8786060423829678,0.013658764569347961,0.05320954581934796,False,True,False,True,False,True,False,True,True,True
qft_6_Mutant_Add_swap_P1_Q5_[].qasm,PureState_29,0.035730878839362774,0.02980750181014498,0.03571923399961339,0.0298017586269454,0.0,0.0031552942892998275,1.000000000000012,0.8923541839140992,0.019531249999999993,0.004394531250000007,False,False,False,False,False,True,False,True,True,False
qft_6_Mutant_Add_swap_P1_Q5_[].qasm,Quratest_29,0.02733457107663116,0.1385643546325442,0.026429914680081653,0.13024752495652467,0.0,0.04170676320450168,1.000000000000012,0.8744472499387801,0.02044238564169229,0.04645214560830771,False,True,False,True,False,True,False,True,True,True
qft_6_Mutant_Add_swap_P1_Q5_[].qasm,PureState_30,0.026229519150525033,0.02687487905440279,0.02622504869088159,0.02687005817135317,0.0,0.003155294289236897,1.0000000000000102,0.8907549529332789,0.0029296875000000035,0.0024414062500000035,False,False,False,False,False,True,False,True,False,False
qft_6_Mutant_Add_swap_P1_Q5_[].qasm,Quratest_30,0.028935189477684187,0.10484494063715538,0.02803563600499099,0.09811988301695268,0.0,0.031684346831104174,1.0000000000000115,0.889949804840779,0.01635053652877988,0.04663774472122012,False,True,False,True,False,True,False,True,True,True
qft_6_Mutant_Add_swap_P1_Q5_[].qasm,PureState_31,0.026526472786282243,0.026821231194412348,0.026521380166363857,0.026813768685494975,0.0,0.0031552942893002516,1.000000000000011,0.8911988800780942,0.00244140625,0.00146484375,False,False,False,False,False,True,False,True,False,False
qft_6_Mutant_Add_swap_P1_Q5_[].qasm,Quratest_31,0.030699086461411704,0.09055406221845451,0.02857572427976995,0.088869917357539,0.0,0.042529328224560646,1.0000000000000124,0.8715588087304286,0.02375177915542572,0.015450997905425722,False,True,False,True,False,True,False,True,True,True
qft_6_Mutant_Add_s_P22_Q1_[].qasm,PureState_0,0.021233681764860814,0.02601454467870482,0.021231813031432824,0.026010754522079262,0.0,0.0031501833552485753,1.000000000000011,0.9247108784614416,0.0166015625,0.0185546875,False,False,False,False,False,True,False,True,True,True
qft_6_Mutant_Add_s_P22_Q1_[].qasm,Quratest_0,0.026793701923683695,0.061354536762599984,0.026777365843315748,0.06013555482334925,0.0,0.010858436762410339,1.000000000000011,0.9182333805512517,0.00135449367006453,0.02354785007993547,False,True,False,True,False,True,False,True,False,True
qft_6_Mutant_Add_s_P22_Q1_[].qasm,PureState_1,0.0250054655015869,0.028820830707578945,0.02500183087326517,0.028815954805354704,0.0,0.0031501833556261656,1.000000000000011,0.9182585120868672,0.0034179687500000017,0.01953125,False,False,False,False,False,True,False,True,False,True
qft_6_Mutant_Add_s_P22_Q1_[].qasm,Quratest_1,0.029186997336145624,0.08058340035793113,0.027818109210650633,0.07885137272139682,0.0,0.033558166607893486,1.0000000000000093,0.9117354186931792,0.0015115131487264746,0.006789268101273525,False,True,False,True,False,True,False,True,False,False
qft_6_Mutant_Add_s_P22_Q1_[].qasm,PureState_2,0.027000876525377533,0.03052665614438781,0.026996538491790168,0.03051993915426593,0.0,0.003150183355625641,1.000000000000012,0.9220895605108907,0.004882812500000007,0.023925781249999993,False,False,False,False,False,True,False,True,False,True
qft_6_Mutant_Add_s_P22_Q1_[].qasm,Quratest_2,0.03250768597625165,0.11293285595201512,0.03026774015222808,0.10768058174248489,0.0,0.04432065014350706,1.000000000000011,0.8973868014137822,0.009277343750000437,0.04736328124999956,False,True,False,True,False,True,False,True,False,True
qft_6_Mutant_Add_s_P22_Q1_[].qasm,PureState_3,0.02494771047492306,0.027350565340367675,0.024944108344762447,0.02734613629954257,0.0,0.003150183355626033,1.000000000000011,0.9241379160581362,0.008300781249999998,0.0029296874999999983,False,False,False,False,False,True,False,True,False,False
qft_6_Mutant_Add_s_P22_Q1_[].qasm,Quratest_3,0.030811378175165806,0.06499062719432226,0.03050415201995094,0.06214891542964878,0.0,0.01337750609171965,1.0000000000000124,0.9198017269336444,0.012343093215627474,0.017714186965627474,False,True,False,True,False,True,False,True,True,True
qft_6_Mutant_Add_s_P22_Q1_[].qasm,PureState_4,0.029019501800908495,0.02603421238228847,0.029014152786019435,0.026029958457074693,0.0,0.003150183355626052,1.000000000000011,0.9238247010312581,0.02099609375,0.010742187500000002,False,False,False,False,False,True,False,True,True,False
qft_6_Mutant_Add_s_P22_Q1_[].qasm,Quratest_4,0.022450044280197708,0.11999420499487227,0.021388112558569664,0.11625757983422184,0.0,0.031040654724122423,1.0000000000000093,0.904221310862848,0.01151150420214829,0.00411349579785171,False,True,False,True,False,True,False,True,False,False
qft_6_Mutant_Add_s_P22_Q1_[].qasm,PureState_5,0.027762867124892798,0.02304263360275866,0.027758323068746177,0.02303871618107761,0.0,0.003150183355248677,1.000000000000011,0.9215316372343533,0.0019531249999999913,0.0014648437499999913,False,False,False,False,False,True,False,True,False,False
qft_6_Mutant_Add_s_P22_Q1_[].qasm,Quratest_5,0.0288784747590146,0.0862679000577747,0.02829625917668989,0.08244225846220807,0.0,0.02476435166606199,1.0000000000000115,0.9195882552061843,0.010398621047667228,0.012550597702332772,False,True,False,True,False,True,False,True,False,True
qft_6_Mutant_Add_s_P22_Q1_[].qasm,PureState_6,0.027445673882885498,0.03314692684282567,0.0274400281002106,0.0331379253792525,0.0,0.003150183355249184,1.000000000000011,0.9186086226023198,1.3877787807814457e-17,0.016113281250000014,False,False,False,False,False,True,False,True,False,True
qft_6_Mutant_Add_s_P22_Q1_[].qasm,Quratest_6,0.028119334546836797,0.037113941457194335,0.028109756276528966,0.037091629109901506,0.0,0.018340009491369456,1.000000000000011,0.91827472992087,0.0009765624999997155,0.014160156249999716,False,False,False,False,False,True,False,True,False,True
qft_6_Mutant_Add_s_P22_Q1_[].qasm,PureState_7,0.02871166289949086,0.03093513061819227,0.028706421787408117,0.03092882684826448,0.0,0.0031501833552490073,1.000000000000011,0.9201281799751573,0.0024414062499999896,0.00927734375000001,False,False,False,False,False,True,False,True,False,False
qft_6_Mutant_Add_s_P22_Q1_[].qasm,Quratest_7,0.031788238188338314,0.06712501367904605,0.03151638530735824,0.0666089606344007,0.0,0.030758862352937018,1.0000000000000107,0.9053924517777878,0.008528598500898484,0.012434848500898484,False,True,False,True,False,True,False,True,False,True
qft_6_Mutant_Add_s_P22_Q1_[].qasm,PureState_8,0.03147875542613894,0.025030776248248166,0.0314716030959065,0.025026794407120575,0.0,0.003150183355625698,1.000000000000011,0.921051490025442,0.003906249999999995,0.006835937500000005,False,False,False,False,False,True,False,True,False,False
qft_6_Mutant_Add_s_P22_Q1_[].qasm,Quratest_8,0.03243337403482837,0.0979641612988257,0.03216768443545789,0.09583678084810834,0.0,0.03277724981476015,1.0000000000000115,0.9049599599093971,0.010707822679582923,0.04098126017958292,False,True,False,True,False,True,False,True,False,True
qft_6_Mutant_Add_s_P22_Q1_[].qasm,PureState_9,0.027843475528935725,0.025321892296695653,0.02783852914439026,0.025317388918335158,0.0,0.0031501833556259956,1.000000000000011,0.9234905648630278,0.01757812499999998,0.003906249999999979,False,False,False,False,False,True,False,True,True,False
qft_6_Mutant_Add_s_P22_Q1_[].qasm,Quratest_9,0.02969977555582096,0.05694729294465708,0.028880478452834084,0.05595439695855873,0.0,0.02079402552239787,1.0000000000000124,0.9086167651299182,0.003059571898852805,0.027213865601147195,False,True,False,True,False,True,False,True,False,True
qft_6_Mutant_Add_s_P22_Q1_[].qasm,PureState_10,0.027216580422949097,0.029656674757413796,0.027211173955548063,0.029650025431999023,0.0,0.0031501833556259688,1.000000000000011,0.9259273125760191,0.011718750000000002,0.014160156250000002,False,False,False,False,False,True,False,True,False,True
qft_6_Mutant_Add_s_P22_Q1_[].qasm,Quratest_10,0.031031166177022385,0.06978600948139171,0.030394669628436052,0.06787763183177244,0.0,0.015064049242709206,1.000000000000011,0.917746904017458,0.0080648445419704,0.0270914054580296,False,True,False,True,False,True,False,True,False,True
qft_6_Mutant_Add_s_P22_Q1_[].qasm,PureState_11,0.029441631487000436,0.026309435831509034,0.029436962971818106,0.026305145907198225,0.0,0.0031501833556261665,1.000000000000011,0.918472508833842,0.0009765625000000087,0.028320312499999993,False,False,False,False,False,True,False,True,False,True
qft_6_Mutant_Add_s_P22_Q1_[].qasm,Quratest_11,0.03224972556695068,0.09678079640012548,0.030970734434675597,0.09288619351766944,0.0,0.03406038966790775,1.000000000000011,0.8975886823757707,0.013671875000003086,0.013671874999996914,False,True,False,True,False,True,False,True,True,True
qft_6_Mutant_Add_s_P22_Q1_[].qasm,PureState_12,0.024662184378982557,0.025759714678367386,0.02465803676745181,0.025753907385558064,0.0,0.003150183355248545,1.0000000000000115,0.9257494006084432,0.0014648437500000295,0.0043945312500000295,False,False,False,False,False,True,False,True,False,False
qft_6_Mutant_Add_s_P22_Q1_[].qasm,Quratest_12,0.028720684269165308,0.08260785734248725,0.02758799089959585,0.08181634351206232,0.0,0.02893334589492929,1.0000000000000124,0.9045620150265672,0.003858047472569119,0.015184921277430881,False,True,False,True,False,True,False,True,False,True
qft_6_Mutant_Add_s_P22_Q1_[].qasm,PureState_13,0.028934136376385422,0.024994195461091613,0.028928328950368218,0.024990377410749866,0.0,0.0031501833556259627,1.000000000000012,0.9261858985507472,0.01220703125,0.0087890625,False,False,False,False,False,True,False,True,True,False
qft_6_Mutant_Add_s_P22_Q1_[].qasm,Quratest_13,0.028638374028492387,0.05996892712557787,0.028611648510039195,0.0598172547890171,0.0,0.01763699054765091,1.0000000000000133,0.902820942116475,0.014556217894234613,0.04434137414423461,False,True,False,True,False,True,False,True,True,True
qft_6_Mutant_Add_s_P22_Q1_[].qasm,PureState_14,0.03270221881676704,0.027875791243793042,0.032694986916630864,0.027869694919696732,0.0,0.0031501833552490272,1.000000000000012,0.9237451149012179,0.011230468749999997,0.00048828124999999653,False,False,False,False,False,True,False,True,False,False
qft_6_Mutant_Add_s_P22_Q1_[].qasm,Quratest_14,0.025869190936474763,0.07587458244137049,0.025239431463052603,0.0755204856702068,0.0,0.039246355173377837,1.0000000000000102,0.915661323974485,0.0019128072083602066,0.013712192791639793,False,True,False,True,False,True,False,True,False,True
qft_6_Mutant_Add_s_P22_Q1_[].qasm,PureState_15,0.024680329385043005,0.02737516213043566,0.02467652383953342,0.02737091098512159,0.0,0.003150183355249021,1.000000000000011,0.9198715830592764,0.021484375,0.0224609375,False,False,False,False,False,True,False,True,True,True
qft_6_Mutant_Add_s_P22_Q1_[].qasm,Quratest_15,0.030671002390734513,0.06585329416708544,0.03012824031463989,0.06348854046307707,0.0,0.017196411159355093,1.000000000000011,0.9131663844646063,0.008283540408133075,0.023420259158133075,False,True,False,True,False,True,False,True,False,True
qft_6_Mutant_Add_s_P22_Q1_[].qasm,PureState_16,0.026483917659210682,0.029945735693741395,0.026479735724995707,0.029939278454478812,0.0,0.0031501833556256973,1.000000000000011,0.9184248695270536,0.0244140625,0.02587890625,False,False,False,False,False,True,False,True,True,True
qft_6_Mutant_Add_s_P22_Q1_[].qasm,Quratest_16,0.03058616330786178,0.0708714243804411,0.030554490252439743,0.07051000599644959,0.0,0.02622999923850313,1.000000000000011,0.915632378644729,0.005393934201166184,0.028297472048833816,False,True,False,True,False,True,False,True,False,True
qft_6_Mutant_Add_s_P22_Q1_[].qasm,PureState_17,0.02628304176768323,0.025293925233021926,0.026277583683401995,0.025289935998540857,0.0,0.0031501833556255698,1.0000000000000124,0.9273997649739376,0.029785156249999993,0.002441406250000007,False,False,False,False,False,True,False,True,True,False
qft_6_Mutant_Add_s_P22_Q1_[].qasm,Quratest_17,0.03295887299736861,0.08776621259208084,0.03195614637461559,0.08564611378207371,0.0,0.02407665526719096,1.0000000000000107,0.9182641417256978,0.003486927520484448,0.003837291229515552,False,True,False,True,False,True,False,True,False,False
qft_6_Mutant_Add_s_P22_Q1_[].qasm,PureState_18,0.024101253118652462,0.025306477465291608,0.024097900517126812,0.025302752336078226,0.0,0.003150183355249093,1.000000000000011,0.918042056323372,0.005371093749999998,0.0400390625,False,False,False,False,False,True,False,True,False,True
qft_6_Mutant_Add_s_P22_Q1_[].qasm,Quratest_18,0.030089245085274406,0.08928844615750837,0.02930095424231784,0.08034713828136614,0.0,0.027724415969698116,1.0000000000000124,0.9101854516017996,0.0019639269026445194,0.0019423230973554806,False,True,False,True,False,True,False,True,False,False
qft_6_Mutant_Add_s_P22_Q1_[].qasm,PureState_19,0.029849486342941853,0.02861486496795196,0.029842668742301976,0.028609770551544945,0.0,0.003150183355249008,1.000000000000011,0.9232844816529795,0.002441406249999993,0.005371093750000007,False,False,False,False,False,True,False,True,False,False
qft_6_Mutant_Add_s_P22_Q1_[].qasm,Quratest_19,0.028654493642941314,0.07287558208717088,0.028577007084824843,0.07213141672703628,0.0,0.01616993394990092,1.0000000000000102,0.9046477314099219,0.018730944121723905,0.00031202462827609537,False,True,False,True,False,True,False,True,True,False
qft_6_Mutant_Add_s_P22_Q1_[].qasm,PureState_20,0.028929411748347157,0.025476851689160227,0.028924310981051707,0.02547329396059857,0.0,0.0031501833556256157,1.000000000000011,0.9207103663321156,0.0048828125,0.01416015625,False,False,False,False,False,True,False,True,False,True
qft_6_Mutant_Add_s_P22_Q1_[].qasm,Quratest_20,0.028062500952770967,0.08026834999679971,0.027488323010498004,0.07953033866920668,0.0,0.027467374851209488,1.0000000000000102,0.9056927797126012,0.023430846121746562,0.03173162737174656,False,True,False,True,False,True,False,True,True,True
qft_6_Mutant_Add_s_P22_Q1_[].qasm,PureState_21,0.027946377385504994,0.028552722703252504,0.027938929632635227,0.02854807567088481,0.0,0.0031501833556256947,1.000000000000011,0.9192487798776866,0.007324218749999979,0.01416015624999998,False,False,False,False,False,True,False,True,False,True
qft_6_Mutant_Add_s_P22_Q1_[].qasm,Quratest_21,0.030433785499159784,0.06627137127999351,0.03024911426071258,0.06556375724949602,0.0,0.019476594671408144,1.0000000000000102,0.9011407701284437,0.006527080277472893,0.001644267777472893,False,True,False,True,False,True,False,True,False,False
qft_6_Mutant_Add_s_P22_Q1_[].qasm,PureState_22,0.02947939910664591,0.02406787075304499,0.029472606785996038,0.024064779033267893,0.0,0.003150183355249043,1.0000000000000115,0.9240894009723951,0.01806640625,0.0126953125,False,False,False,False,False,True,False,True,True,True
qft_6_Mutant_Add_s_P22_Q1_[].qasm,Quratest_22,0.030213030889577816,0.11960417360167955,0.028571008072640975,0.11641977093953339,0.0,0.025539662745562967,1.000000000000011,0.9107883972941687,0.0068085922190333215,0.04397265778096668,False,True,False,True,False,True,False,True,False,True
qft_6_Mutant_Add_s_P22_Q1_[].qasm,PureState_23,0.02625681230356821,0.025241857727468453,0.026250384769817846,0.025236049517152182,0.0,0.003150183355248648,1.000000000000012,0.918708289044529,0.030761718750000014,0.003906249999999988,False,False,False,False,False,True,False,True,True,False
qft_6_Mutant_Add_s_P22_Q1_[].qasm,Quratest_23,0.027763358720945357,0.08962462231112195,0.026616132092582203,0.08637517572675511,0.0,0.021152854291837216,1.000000000000011,0.9133230512375056,0.008789062500002071,0.02685546875000207,False,True,False,True,False,True,False,True,False,True
qft_6_Mutant_Add_s_P22_Q1_[].qasm,PureState_24,0.027195017688764846,0.02394950268853268,0.02718947799278065,0.02394574319821352,0.0,0.003150183355626084,1.000000000000011,0.9262737226710117,0.002929687499999988,0.010253906250000012,False,False,False,False,False,True,False,True,False,False
qft_6_Mutant_Add_s_P22_Q1_[].qasm,Quratest_24,0.025908223911723746,0.06646059295880558,0.02588828804587833,0.06625646995426088,0.0,0.017785315477420172,1.000000000000012,0.9107918250068485,0.02538292630122646,0.013679573698773541,False,True,False,True,False,True,False,True,True,True
qft_6_Mutant_Add_s_P22_Q1_[].qasm,PureState_25,0.02716671452500926,0.029255207889097863,0.02715930835961482,0.02924826668153571,0.0,0.0031501833556258074,1.000000000000011,0.9195509888603314,0.021972656250000014,0.007324218749999988,False,False,False,False,False,True,False,True,True,False
qft_6_Mutant_Add_s_P22_Q1_[].qasm,Quratest_25,0.032515641130448567,0.11893610235966053,0.03140799456163891,0.11514077385162153,0.0,0.02001275750433415,1.0000000000000129,0.91382378899607,0.008980038305965624,0.015815975805965624,False,True,False,True,False,True,False,True,False,True
qft_6_Mutant_Add_s_P22_Q1_[].qasm,PureState_26,0.02843577192936459,0.027156692793153286,0.028429749509637586,0.02715257414203452,0.0,0.0031501833552486976,1.000000000000011,0.9201277953854128,0.003906250000000012,0.017089843749999986,False,False,False,False,False,True,False,True,False,True
qft_6_Mutant_Add_s_P22_Q1_[].qasm,Quratest_26,0.031040970635557615,0.07493348364774186,0.030963886767926375,0.07347044048595978,0.0,0.014099305857291113,1.000000000000012,0.9120059218876181,0.0022130439005642807,0.0022130439005642807,False,True,False,True,False,True,False,True,False,False
qft_6_Mutant_Add_s_P22_Q1_[].qasm,PureState_27,0.026322931422413556,0.0333395924315642,0.026318202241484227,0.03332904005080963,0.0,0.003150183355249004,1.000000000000011,0.9236232093303287,0.0019531249999999983,0.010742187500000002,False,False,False,False,False,True,False,True,False,False
qft_6_Mutant_Add_s_P22_Q1_[].qasm,Quratest_27,0.0319875809554149,0.08185921100692659,0.0313572159803947,0.08039896618103484,0.0,0.03621952134117254,1.0000000000000107,0.8985251353497262,0.00897955672221061,0.02568841202778939,False,True,False,True,False,True,False,True,False,True
qft_6_Mutant_Add_s_P22_Q1_[].qasm,PureState_28,0.029526127495598426,0.029526708004104885,0.02952040482546995,0.029520119325188526,0.0,0.003150183355248504,1.000000000000011,0.924397678880836,0.012207031250000009,0.018554687499999993,False,False,False,False,False,True,False,True,True,True
qft_6_Mutant_Add_s_P22_Q1_[].qasm,Quratest_28,0.03283589023944295,0.06896902320374933,0.03202955438258517,0.06720640461442705,0.0,0.027480993965602926,1.000000000000011,0.9093374681425416,0.02052092293065204,0.03074860831934796,False,True,False,True,False,True,False,True,True,True
qft_6_Mutant_Add_s_P22_Q1_[].qasm,PureState_29,0.026422129724175333,0.02371986317888158,0.026418654002882555,0.023716807295008076,0.0,0.003150183355625576,1.000000000000012,0.9271949407102769,0.005859375000000007,0.05468750000000001,False,False,False,False,False,True,False,True,False,True
qft_6_Mutant_Add_s_P22_Q1_[].qasm,Quratest_29,0.031068333452955697,0.12082843333396247,0.03028901717797946,0.11232998036632062,0.0,0.03166439332139755,1.000000000000012,0.9089657785965218,0.01848926064169229,0.05279980185830771,False,True,False,True,False,True,False,True,True,True
qft_6_Mutant_Add_s_P22_Q1_[].qasm,PureState_30,0.02916116849671557,0.03243793436856966,0.029155920173635712,0.0324282991767757,0.0,0.0031501833552489466,1.0000000000000102,0.9255263706962624,0.016113281249999997,0.03125,False,False,False,False,False,True,False,True,True,True
qft_6_Mutant_Add_s_P22_Q1_[].qasm,Quratest_30,0.03058697749160576,0.10069465357092064,0.03018131371688095,0.09479900297112986,0.0,0.017605847439827536,1.0000000000000115,0.9230069416909404,0.00609663027877988,0.04859086972122012,False,True,False,True,False,True,False,True,False,True
qft_6_Mutant_Add_s_P22_Q1_[].qasm,PureState_31,0.027606202133487658,0.029236135606700533,0.02759765460980805,0.029230620697869025,0.0,0.0031501833556260225,1.000000000000011,0.9259907019645934,0.00830078125,0.01611328125,False,False,False,False,False,True,False,True,False,True
qft_6_Mutant_Add_s_P22_Q1_[].qasm,Quratest_31,0.02960421247176192,0.07965925846807409,0.029014188584453232,0.0777804380841017,0.0,0.02267258921919005,1.0000000000000124,0.9057604459867189,0.00031427915542572155,0.0071502166554257215,False,True,False,True,False,True,False,True,False,False
qft_6_Mutant_Add_x_P2_Q4_[].qasm,PureState_0,0.02323681326104946,0.025843216998966214,0.02323395318174433,0.025839922835711755,0.0,0.003150348843031135,1.000000000000011,0.9236625521576366,0.01611328125,0.00341796875,False,False,False,False,False,True,False,True,True,False
qft_6_Mutant_Add_x_P2_Q4_[].qasm,Quratest_0,0.03205570939292364,0.07285726855325918,0.031556871744354856,0.07109310743430328,0.0,0.01105367492040237,1.000000000000011,0.9171446017747306,0.00526074367006453,0.02208300632993547,False,True,False,True,False,True,False,True,False,True
qft_6_Mutant_Add_x_P2_Q4_[].qasm,PureState_1,0.028819824327173456,0.027508872657698673,0.028815229559221136,0.027504564740581872,0.0,0.0031503488434087637,1.000000000000011,0.9172219588016983,0.02880859375,0.0034179687499999983,False,False,False,False,False,True,False,True,True,False
qft_6_Mutant_Add_x_P2_Q4_[].qasm,Quratest_1,0.026613115733839048,0.08301659562054128,0.025396843711092434,0.080212463654033,0.0,0.03441043525087856,1.0000000000000093,0.9102886386990146,0.021042763148726475,0.004347861851273525,False,True,False,True,False,True,False,True,True,False
qft_6_Mutant_Add_x_P2_Q4_[].qasm,PureState_2,0.026761118843216438,0.02374232196639946,0.02675612806874939,0.02373964958285966,0.0,0.003150348843408277,1.000000000000012,0.9210487419534402,0.006835937500000007,0.003417968750000007,False,False,False,False,False,True,False,True,False,False
qft_6_Mutant_Add_x_P2_Q4_[].qasm,Quratest_2,0.03549090468585972,0.117353502329428,0.032549329346606155,0.11133641401510191,0.0,0.04507180204226237,1.000000000000011,0.895967508489524,0.0029296874999995624,0.0034179687499995624,False,True,False,True,False,True,False,True,False,False
qft_6_Mutant_Add_x_P2_Q4_[].qasm,PureState_3,0.02773285689844797,0.02927394814792352,0.027728158277503086,0.029268458027412226,0.0,0.003150348843408617,1.000000000000011,0.9230895310138773,0.004882812499999998,0.008300781249999998,False,False,False,False,False,True,False,True,False,False
qft_6_Mutant_Add_x_P2_Q4_[].qasm,Quratest_3,0.03462660921243763,0.06125888257238833,0.03367366854443273,0.05858349321653675,0.0,0.013377530667245494,1.0000000000000124,0.9187583494141193,0.022108718215627474,0.059218093215627474,False,True,False,True,False,True,False,True,True,True
qft_6_Mutant_Add_x_P2_Q4_[].qasm,PureState_4,0.028152132411415356,0.023993031803073103,0.028147321798017155,0.02398952303541974,0.0,0.0031503488434086032,1.000000000000011,0.9227768263401794,0.0014648437499999983,0.02197265625,False,False,False,False,False,True,False,True,False,True
qft_6_Mutant_Add_x_P2_Q4_[].qasm,Quratest_4,0.025126128779871085,0.12256034539915119,0.023847109436677682,0.11778445510207153,0.0,0.03132185252633922,1.0000000000000093,0.902995301112687,0.00460177704785171,0.00509005829785171,False,True,False,True,False,True,False,True,False,False
qft_6_Mutant_Add_x_P2_Q4_[].qasm,PureState_5,0.028965600901886126,0.02977936115415697,0.028959888401611587,0.029771136424155617,0.0,0.003150348843031216,1.000000000000011,0.9204917118601147,0.0029296875000000087,0.009765624999999991,False,False,False,False,False,True,False,True,False,False
qft_6_Mutant_Add_x_P2_Q4_[].qasm,Quratest_5,0.028784804573433208,0.08769396563468156,0.028217070640435857,0.0844152363813956,0.0,0.025401856487413846,1.0000000000000115,0.9183932606607986,0.004539246047667228,0.010109191452332772,False,True,False,True,False,True,False,True,False,False
qft_6_Mutant_Add_x_P2_Q4_[].qasm,PureState_6,0.02746216906443345,0.030555664161995615,0.027457551544431736,0.03054813615793134,0.0,0.0031503488430316834,1.000000000000011,0.9175719901215008,0.006347656250000014,0.034667968750000014,False,False,False,False,False,True,False,True,False,True
qft_6_Mutant_Add_x_P2_Q4_[].qasm,Quratest_6,0.027508513385752022,0.02884797520841031,0.027480435189834625,0.028841942074036557,0.0,0.018693420594760864,1.000000000000011,0.9170328004047885,0.0004882812500002845,0.0073242187500002845,False,False,False,False,False,True,False,True,False,False
qft_6_Mutant_Add_x_P2_Q4_[].qasm,PureState_7,0.023884753922984718,0.02585900456190887,0.023880205978231584,0.025855486974660252,0.0,0.003150348843031628,1.000000000000011,0.9190899498959504,0.0014648437500000104,0.0024414062500000104,False,False,False,False,False,True,False,True,False,False
qft_6_Mutant_Add_x_P2_Q4_[].qasm,Quratest_7,0.03583699919846017,0.06661561841759778,0.034276034555067086,0.06565430930923871,0.0,0.03141493070932412,1.0000000000000107,0.9040978544596558,0.005143276499101517,0.010026088999101516,False,True,False,True,False,True,False,True,False,False
qft_6_Mutant_Add_x_P2_Q4_[].qasm,PureState_8,0.030525819337226628,0.029774757970226277,0.030519709169985438,0.029767678366049957,0.0,0.003150348843408259,1.000000000000011,0.9200117906120363,0.027832031250000007,0.019531249999999993,False,False,False,False,False,True,False,True,True,True
qft_6_Mutant_Add_x_P2_Q4_[].qasm,Quratest_8,0.028245059328951074,0.09789460527780945,0.028203481320529442,0.09546684540189491,0.0,0.03334444483808188,1.0000000000000115,0.9034411597429926,0.0077781351795829234,0.07955547892958292,False,True,False,True,False,True,False,True,False,True
qft_6_Mutant_Add_x_P2_Q4_[].qasm,PureState_9,0.03329411226156159,0.028111021969799532,0.03328518154892424,0.028105517358392878,0.0,0.0031503488434086084,1.000000000000011,0.9224430697181153,0.00927734375000002,0.007324218750000021,False,False,False,False,False,True,False,True,False,False
qft_6_Mutant_Add_x_P2_Q4_[].qasm,Quratest_9,0.027017162028332434,0.05872704077436169,0.027004016385636157,0.05794164905084432,0.0,0.021158666049517987,1.0000000000000124,0.9074421574539601,0.016471678101147195,0.03600292810114719,False,True,False,True,False,True,False,True,True,True
qft_6_Mutant_Add_x_P2_Q4_[].qasm,PureState_10,0.026730162554108924,0.02845318556851534,0.026726409981745376,0.02844526454066954,0.0,0.0031503488434085486,1.000000000000011,0.9248770621199888,0.008789062499999998,0.015625,False,False,False,False,False,True,False,True,False,True
qft_6_Mutant_Add_x_P2_Q4_[].qasm,Quratest_10,0.028137618745299877,0.06672081818748148,0.027559961383023624,0.06436770380493666,0.0,0.015083977117461796,1.000000000000011,0.9166937493499248,0.0153726554580296,0.0168374992080296,False,True,False,True,False,True,False,True,True,True
qft_6_Mutant_Add_x_P2_Q4_[].qasm,PureState_11,0.027041743680141554,0.031307555620863264,0.027035760136936853,0.03129955838827246,0.0,0.003150348843408736,1.000000000000011,0.9174357132416606,0.005859374999999991,0.011230468749999991,False,False,False,False,False,True,False,True,False,False
qft_6_Mutant_Add_x_P2_Q4_[].qasm,Quratest_11,0.0290083817726593,0.09878926077183389,0.027840442954175405,0.09490391763156081,0.0,0.034768213957066314,1.000000000000011,0.8963725534253723,0.03613281249999691,0.005859374999996914,False,True,False,True,False,True,False,True,True,False
qft_6_Mutant_Add_x_P2_Q4_[].qasm,PureState_12,0.027461242979186968,0.026776959032103684,0.02745576726156515,0.026772473392347642,0.0,0.0031503488430311708,1.0000000000000115,0.924699602484801,0.01367187500000003,0.0019531250000000295,False,False,False,False,False,True,False,True,True,False
qft_6_Mutant_Add_x_P2_Q4_[].qasm,Quratest_12,0.03347662127840865,0.07776711507749892,0.03317047945794364,0.07711398493906838,0.0,0.02944426893857955,1.0000000000000124,0.903349712624761,0.02387757872256912,0.003466171277430881,False,True,False,True,False,True,False,True,True,False
qft_6_Mutant_Add_x_P2_Q4_[].qasm,PureState_13,0.027950453139852963,0.023921645441512127,0.027946026995011083,0.023918883216822433,0.0,0.0031503488434085763,1.000000000000012,0.9251353536897136,0.0048828125,0.005859375,False,False,False,False,False,True,False,True,False,False
qft_6_Mutant_Add_x_P2_Q4_[].qasm,Quratest_13,0.025136291336688422,0.06376749399752212,0.02504008781808008,0.0635703909765229,0.0,0.017811117770433513,1.0000000000000133,0.9017684412808276,0.012603092894234613,0.04580621789423461,False,True,False,True,False,True,False,True,True,True
qft_6_Mutant_Add_x_P2_Q4_[].qasm,PureState_14,0.029358224017870572,0.028352580858633646,0.02935224139917969,0.028347026323532552,0.0,0.0031503488430315698,1.000000000000012,0.9226974057901822,0.014648437500000003,0.0063476562499999965,False,False,False,False,False,True,False,True,True,False
qft_6_Mutant_Add_x_P2_Q4_[].qasm,Quratest_14,0.030664371221623365,0.0807432138478235,0.02981593633897704,0.08030460730602158,0.0,0.040119728829390064,1.0000000000000102,0.9145573103674625,0.005330775958360207,0.008341099041639793,False,True,False,True,False,True,False,True,False,False
qft_6_Mutant_Add_x_P2_Q4_[].qasm,PureState_15,0.027636111954881703,0.02926673076110754,0.027632519471165705,0.029260580477232977,0.0,0.003150348843031496,1.000000000000011,0.9188335965746571,0.010742187499999998,0.0024414062499999983,False,False,False,False,False,True,False,True,False,False
qft_6_Mutant_Add_x_P2_Q4_[].qasm,Quratest_15,0.030294930019715244,0.06667415712644331,0.029741265027723184,0.06425818212810994,0.0,0.017193725165522276,1.000000000000011,0.9121389934993839,0.016130522091866925,0.035139009158133075,False,True,False,True,False,True,False,True,True,True
qft_6_Mutant_Add_x_P2_Q4_[].qasm,PureState_16,0.02510877217117436,0.02555688878305928,0.02510353469547872,0.02555347392606334,0.0,0.003150348843408394,1.000000000000011,0.9173881524613798,0.0004882812500000017,0.02978515625,False,False,False,False,False,True,False,True,False,True
qft_6_Mutant_Add_x_P2_Q4_[].qasm,Quratest_16,0.03013769756788066,0.06874200952001941,0.030113347403691558,0.06843688779531097,0.0,0.026445793755516686,1.000000000000011,0.9145354938495694,0.010276746701166184,0.020484972048833816,False,True,False,True,False,True,False,True,False,True
qft_6_Mutant_Add_x_P2_Q4_[].qasm,PureState_17,0.026944239315286556,0.02600711554824197,0.02693694276024792,0.026003650802846872,0.0,0.003150348843408187,1.0000000000000124,0.9263475580332802,0.015625000000000007,0.008789062499999993,False,False,False,False,False,True,False,True,True,False
qft_6_Mutant_Add_x_P2_Q4_[].qasm,Quratest_17,0.030716306530678486,0.08867721997715734,0.02931557964561965,0.08674948685873653,0.0,0.024069929056504957,1.0000000000000107,0.9172204804697575,0.007255259979515552,0.007881458770484448,False,True,False,True,False,True,False,True,False,False
qft_6_Mutant_Add_x_P2_Q4_[].qasm,PureState_18,0.031924426894417234,0.026307586433878965,0.03191378414618968,0.026303366307664534,0.0,0.003150348843031679,1.000000000000011,0.9170060673231625,0.0234375,0.013183593750000002,False,False,False,False,False,True,False,True,True,True
qft_6_Mutant_Add_x_P2_Q4_[].qasm,Quratest_18,0.031901236743179164,0.08208932779811226,0.03091318916175154,0.07483758905868676,0.0,0.028280114814104515,1.0000000000000124,0.9089171817524762,0.0034071668473554806,0.0024306043473554806,False,True,False,True,False,True,False,True,False,False
qft_6_Mutant_Add_x_P2_Q4_[].qasm,PureState_19,0.0287233856099447,0.026580866450074164,0.028717278519385818,0.0265770696820094,0.0,0.0031503488430314726,1.000000000000011,0.9222374703492197,0.024902343749999993,0.028808593749999993,False,False,False,False,False,True,False,True,True,True
qft_6_Mutant_Add_x_P2_Q4_[].qasm,Quratest_19,0.03199877046291156,0.07713910934546964,0.031699512647852666,0.07628488946971103,0.0,0.016283162908741617,1.0000000000000102,0.9036032107774744,0.015312975371723905,0.03546827462827609,False,True,False,True,False,True,False,True,True,True
qft_6_Mutant_Add_x_P2_Q4_[].qasm,PureState_20,0.025150882414593977,0.0261404923971371,0.025146374931988482,0.026135555571416936,0.0,0.003150348843408239,1.000000000000011,0.9196710525163452,0.02490234375,0.0126953125,False,False,False,False,False,True,False,True,True,True
qft_6_Mutant_Add_x_P2_Q4_[].qasm,Quratest_20,0.03409432940840506,0.08440738337168889,0.0335608343339242,0.08357431760138051,0.0,0.02797608517451461,1.0000000000000102,0.9045108687398038,0.0014581898717465633,0.012213685128253438,False,True,False,True,False,True,False,True,False,True
qft_6_Mutant_Add_x_P2_Q4_[].qasm,PureState_21,0.031645152426549944,0.027717873807499713,0.03163681655079677,0.027711393188708987,0.0,0.0031503488434083083,1.000000000000011,0.9182111411638425,0.01367187500000002,0.02685546875000002,False,False,False,False,False,True,False,True,True,True
qft_6_Mutant_Add_x_P2_Q4_[].qasm,Quratest_21,0.024684649420622554,0.06533626556912503,0.024672140026165457,0.06483947321337151,0.0,0.019476662733157252,1.0000000000000102,0.9001148788101836,0.006038799027472893,0.024722919722527107,False,True,False,True,False,True,False,True,False,True
qft_6_Mutant_Add_x_P2_Q4_[].qasm,PureState_22,0.02688201811588168,0.027475559110696452,0.026878067748952045,0.027470366972111148,0.0,0.0031503488430315585,1.0000000000000115,0.923041300889829,0.01513671875,0.02490234375,False,False,False,False,False,True,False,True,True,True
qft_6_Mutant_Add_x_P2_Q4_[].qasm,Quratest_22,0.02835700935666979,0.11693232348237392,0.027770462667333257,0.11401746919965372,0.0,0.02593379443928214,1.000000000000011,0.9093792828357314,0.0058867202809666785,0.04836718903096668,False,True,False,True,False,True,False,True,False,True
qft_6_Mutant_Add_x_P2_Q4_[].qasm,PureState_23,0.028220297746001592,0.030753061786107736,0.02821567159717367,0.03074519101635422,0.0,0.003150348843031124,1.000000000000012,0.917671651363192,0.014648437499999988,0.014648437500000012,False,False,False,False,False,True,False,True,True,True
qft_6_Mutant_Add_x_P2_Q4_[].qasm,Quratest_23,0.027321587712922344,0.08786876232745731,0.027265086543131013,0.08427281189213139,0.0,0.021146937186476714,1.000000000000011,0.9122892864553243,0.02832031249999793,0.009765624999997929,False,True,False,True,False,True,False,True,True,False
qft_6_Mutant_Add_x_P2_Q4_[].qasm,PureState_24,0.026725219838368716,0.03106556115893316,0.026720085797653097,0.03105603926512159,0.0,0.0031503488434086223,1.000000000000011,0.9252232039353008,0.002441406249999988,0.023925781249999986,False,False,False,False,False,True,False,True,False,True
qft_6_Mutant_Add_x_P2_Q4_[].qasm,Quratest_24,0.028558818924091917,0.06264638408896511,0.02848925637410405,0.062492580376513784,0.0,0.017924793209247697,1.000000000000012,0.9097375839162355,0.0009688638012264588,0.004386832551226459,False,True,False,True,False,True,False,True,False,False
qft_6_Mutant_Add_x_P2_Q4_[].qasm,PureState_25,0.028413127664081064,0.027184660283654547,0.028407447715172004,0.02717871021642411,0.0,0.003150348843408311,1.000000000000011,0.9185130081887218,0.007324218749999988,0.011230468750000012,False,False,False,False,False,True,False,True,False,False
qft_6_Mutant_Add_x_P2_Q4_[].qasm,Quratest_25,0.03536396869519406,0.12325724195002434,0.03409963199231489,0.11905341260485539,0.0,0.020008123113838983,1.0000000000000129,0.9127701558685707,0.0031206633059656236,0.021675350805965624,False,True,False,True,False,True,False,True,False,True
qft_6_Mutant_Add_x_P2_Q4_[].qasm,PureState_26,0.02965262171770174,0.029087788982214386,0.02964631188631084,0.029083412580208478,0.0,0.0031503488430312003,1.000000000000011,0.9190894630221157,0.033203125000000014,0.021484374999999986,False,False,False,False,False,True,False,True,True,True
qft_6_Mutant_Add_x_P2_Q4_[].qasm,Quratest_26,0.028437758007186044,0.08230429019909773,0.02785304598275387,0.08043613926128368,0.0,0.014125270047279277,1.000000000000012,0.9109758982596246,0.0007482001505642807,0.0036463310994357193,False,True,False,True,False,True,False,True,False,False
qft_6_Mutant_Add_x_P2_Q4_[].qasm,PureState_27,0.026863597700358892,0.02233737952776753,0.02685902056390694,0.02233550703703502,0.0,0.0031503488430314804,1.000000000000011,0.9225758133879878,0.011230468749999998,0.003906250000000002,False,False,False,False,False,True,False,True,False,False
qft_6_Mutant_Add_x_P2_Q4_[].qasm,Quratest_27,0.030927579788003586,0.0876890704159551,0.02989694885691267,0.0854262490284027,0.0,0.03676647069920094,1.0000000000000107,0.897275572998293,0.00556158797221061,0.0012743495277893896,False,True,False,True,False,True,False,True,False,False
qft_6_Mutant_Add_x_P2_Q4_[].qasm,PureState_28,0.030590191574657456,0.024870267129068965,0.030583291683689045,0.02486656885766373,0.0,0.0031503488430310676,1.000000000000011,0.9233497083527881,0.0019531250000000087,0.027343749999999993,False,False,False,False,False,True,False,True,False,True
qft_6_Mutant_Add_x_P2_Q4_[].qasm,Quratest_28,0.03218139255610255,0.06438223267914964,0.030428805184365616,0.0628118966377051,0.0,0.027480188980270534,1.000000000000011,0.9083106252456592,0.0053579833193479615,0.03221345206934796,False,True,False,True,False,True,False,True,False,True
qft_6_Mutant_Add_x_P2_Q4_[].qasm,PureState_29,0.027790619259241995,0.03275494117228375,0.02778650385604342,0.0327457711976482,0.0,0.0031503488434081184,1.000000000000012,0.9261429676497426,0.019042968749999993,0.024902343749999993,False,False,False,False,False,True,False,True,True,True
qft_6_Mutant_Add_x_P2_Q4_[].qasm,Quratest_29,0.027928737723575892,0.11606139653255988,0.02707120808003115,0.10874411254537902,0.0,0.032108177462641774,1.000000000000012,0.9077042435345747,0.01800097939169229,0.04156933310830771,False,True,False,True,False,True,False,True,True,True
qft_6_Mutant_Add_x_P2_Q4_[].qasm,PureState_30,0.02740995516992379,0.030427948523163086,0.02740344324336128,0.030421879440784064,0.0,0.003150348843031496,1.0000000000000102,0.9244770136266914,0.011718750000000003,0.013183593749999997,False,False,False,False,False,True,False,True,False,True
qft_6_Mutant_Add_x_P2_Q4_[].qasm,Quratest_30,0.030297945237953434,0.1090616987122002,0.029659878394798878,0.10117414056307239,0.0,0.017605810275437346,1.0000000000000115,0.921963203248422,0.01976850527877988,0.04224321347122012,False,True,False,True,False,True,False,True,True,True
qft_6_Mutant_Add_x_P2_Q4_[].qasm,PureState_31,0.03038408722838214,0.02920272504167244,0.03037791713187563,0.02919454119546725,0.0,0.0031503488434085243,1.000000000000011,0.9249405051329367,0.00634765625,0.03955078125,False,False,False,False,False,True,False,True,False,True
qft_6_Mutant_Add_x_P2_Q4_[].qasm,Quratest_31,0.032262944719860076,0.07840793934312414,0.031143918860612813,0.0769565708533156,0.0,0.02265453386720343,1.0000000000000124,0.904709798638522,0.0071502166554257215,0.014822439594574278,False,True,False,True,False,True,False,True,False,True
qft_6_Mutant_Add_y_P3_Q5_[].qasm,PureState_0,0.02703346633938176,0.029575797782040565,0.02702869152580983,0.02957053251142929,0.0,0.0031499889839433576,1.000000000000011,0.9244145119421885,0.00048828125,0.01416015625,False,False,False,False,False,True,False,True,False,True
qft_6_Mutant_Add_y_P3_Q5_[].qasm,Quratest_0,0.032613013570100394,0.07395529474490481,0.03210244554929242,0.07184554601740555,0.0,0.010901898537387286,1.000000000000011,0.9179254889435412,0.00672558742006453,0.00157519382993547,False,True,False,True,False,True,False,True,False,False
qft_6_Mutant_Add_y_P3_Q5_[].qasm,PureState_1,0.0275387493929697,0.026937167358136182,0.027533381413689356,0.026933213044632944,0.0,0.0031499889843208733,1.000000000000011,0.9179641878191661,0.021484375,0.007812499999999998,False,False,False,False,False,True,False,True,True,False
qft_6_Mutant_Add_y_P3_Q5_[].qasm,Quratest_1,0.029064053191564087,0.07743886216477103,0.028487043286878254,0.07549723065721274,0.0,0.03377805572268955,1.0000000000000093,0.9113370990628171,0.020461143101273525,0.015183388148726475,False,True,False,True,False,True,False,True,True,True
qft_6_Mutant_Add_y_P3_Q5_[].qasm,PureState_2,0.025870284936963785,0.028056788979808386,0.025866075487802474,0.02805072971809344,0.0,0.0031499889843205073,1.000000000000012,0.9217940425503932,0.005371093749999993,0.024414062499999993,False,False,False,False,False,True,False,True,False,True
qft_6_Mutant_Add_y_P3_Q5_[].qasm,Quratest_2,0.031142958015515948,0.11107232314586392,0.029350609118101008,0.10527168254529426,0.0,0.044516177064359105,1.000000000000011,0.8969949335223677,0.012695312500000437,0.00048828124999956247,False,True,False,True,False,True,False,True,True,False
qft_6_Mutant_Add_y_P3_Q5_[].qasm,PureState_3,0.02806177873496954,0.0245463628368105,0.028057658142993058,0.024543189906321747,0.0,0.0031499889843208126,1.000000000000011,0.9238417454194443,0.0034179687500000017,0.0185546875,False,False,False,False,False,True,False,True,False,True
qft_6_Mutant_Add_y_P3_Q5_[].qasm,Quratest_3,0.032533002772568216,0.0673297888597609,0.03131436445528593,0.06445341227286762,0.0,0.013387924617520877,1.0000000000000124,0.9195091184342697,0.010606125534372526,0.024061843215627474,False,True,False,True,False,True,False,True,False,True
qft_6_Mutant_Add_y_P3_Q5_[].qasm,PureState_4,0.027703445528317397,0.030313836418627695,0.027697758098044135,0.030305414263526377,0.0,0.0031499889843208196,1.000000000000011,0.9235286271735901,0.0024414062499999983,0.0034179687499999983,False,False,False,False,False,True,False,True,False,False
qft_6_Mutant_Add_y_P3_Q5_[].qasm,Quratest_4,0.02814819283881224,0.12082935729504835,0.027256718656181914,0.11550878798952692,0.0,0.031093602023722574,1.0000000000000093,0.9038790331373755,0.02420681670214829,0.02274197295214829,False,True,False,True,False,True,False,True,True,True
qft_6_Mutant_Add_y_P3_Q5_[].qasm,PureState_5,0.029143565203511957,0.028693369921442058,0.029137455385545383,0.02868869265322258,0.0,0.003149988983943401,1.000000000000011,0.921236298259286,0.005859374999999991,0.006835937500000009,False,False,False,False,False,True,False,True,False,False
qft_6_Mutant_Add_y_P3_Q5_[].qasm,Quratest_5,0.027811728166224476,0.08937982926812499,0.026641007773349875,0.08545042084723876,0.0,0.024776478158579123,1.0000000000000115,0.9192586482616998,0.013038878952332772,0.030128722702332772,False,True,False,True,False,True,False,True,True,True
qft_6_Mutant_Add_y_P3_Q5_[].qasm,PureState_6,0.027753430333834345,0.030737717815891675,0.02774892871703995,0.030729525413383568,0.0,0.0031499889839439786,1.000000000000011,0.918314238909657,0.020507812500000014,0.002441406250000014,False,False,False,False,False,True,False,True,True,False
qft_6_Mutant_Add_y_P3_Q5_[].qasm,Quratest_6,0.031240323741381727,0.031894449521994106,0.031233944190917264,0.03187979560597725,0.0,0.018490504633387868,1.000000000000011,0.9179388062029225,0.011230468750000284,0.009277343750000284,False,False,False,False,False,True,False,True,False,False
qft_6_Mutant_Add_y_P3_Q5_[].qasm,PureState_7,0.028465141393637396,0.03125636213201255,0.028459936928574472,0.031249101064337745,0.0,0.0031499889839438173,1.000000000000011,0.9198333083206733,0.02587890624999999,0.00830078124999999,False,False,False,False,False,True,False,True,True,False
qft_6_Mutant_Add_y_P3_Q5_[].qasm,Quratest_7,0.02984926803486071,0.06801634592625991,0.029805484244219603,0.06743892625194389,0.0,0.030928520759796303,1.0000000000000107,0.9050330728997845,0.0016926610008984834,0.011979213999101516,False,True,False,True,False,True,False,True,False,False
qft_6_Mutant_Add_y_P3_Q5_[].qasm,PureState_8,0.02511453220871075,0.02587230346071916,0.02511176355670865,0.02586756430355995,0.0,0.003149988984320445,1.000000000000011,0.9207563033742296,0.005371093750000005,0.021484374999999993,False,False,False,False,False,True,False,True,False,True
qft_6_Mutant_Add_y_P3_Q5_[].qasm,Quratest_8,0.02982621546447313,0.09907175853951833,0.029530039882241683,0.09682024506283528,0.0,0.03288217750846477,1.0000000000000115,0.9046044128059632,0.0010109273204170766,0.022914853929582923,False,True,False,True,False,True,False,True,False,True
qft_6_Mutant_Add_y_P3_Q5_[].qasm,PureState_9,0.02993384435865878,0.028591372834609583,0.029927843460396845,0.0285849808946661,0.0,0.003149988984320765,1.000000000000011,0.9231946229903599,0.003417968749999979,0.00878906250000002,False,False,False,False,False,True,False,True,False,False
qft_6_Mutant_Add_y_P3_Q5_[].qasm,Quratest_9,0.02538235760438998,0.06006116238074575,0.02504198342885456,0.059210314880614075,0.0,0.020842386281791962,1.0000000000000124,0.9082872417130312,0.014518553101147195,0.013541990601147195,False,True,False,True,False,True,False,True,True,True
qft_6_Mutant_Add_y_P3_Q5_[].qasm,PureState_10,0.026940747477124553,0.027974242219470948,0.026935663536463025,0.027969526044330433,0.0,0.003149988984320699,1.000000000000011,0.9256305851227424,0.02587890625,0.014160156249999998,False,False,False,False,False,True,False,True,True,True
qft_6_Mutant_Add_y_P3_Q5_[].qasm,Quratest_10,0.029922081445272246,0.06788339452994097,0.028848869820163926,0.06554584337588741,0.0,0.015154032252002406,1.000000000000011,0.9173750459551357,0.0251546882919704,0.0256265617080296,False,True,False,True,False,True,False,True,True,True
qft_6_Mutant_Add_y_P3_Q5_[].qasm,PureState_11,0.028593798110242496,0.03178196774327477,0.02858719046122597,0.03177340198435982,0.0,0.0031499889843208725,1.000000000000011,0.9181781666488992,0.0004882812499999913,0.003906250000000009,False,False,False,False,False,True,False,True,False,False
qft_6_Mutant_Add_y_P3_Q5_[].qasm,Quratest_11,0.03586985857529395,0.09506272237247841,0.03401035267800846,0.09159525373246849,0.0,0.03414738447294597,1.000000000000011,0.8972507433893774,0.025878906250003088,0.0034179687500030865,False,True,False,True,False,True,False,True,True,False
qft_6_Mutant_Add_y_P3_Q5_[].qasm,PureState_12,0.025809277150885396,0.02935657860667704,0.02580395714611761,0.029348306148343006,0.0,0.00314998898394338,1.0000000000000115,0.9254526775943086,0.03320312499999997,0.01123046875000003,False,False,False,False,False,True,False,True,True,False
qft_6_Mutant_Add_y_P3_Q5_[].qasm,Quratest_12,0.030461801427147082,0.08534482890955085,0.030157238739688043,0.08428966549884341,0.0,0.028941146082211565,1.0000000000000124,0.904224206464169,0.004834609972569119,0.009813827527430881,False,True,False,True,False,True,False,True,False,False
qft_6_Mutant_Add_y_P3_Q5_[].qasm,PureState_13,0.021626573536502075,0.02752682686518352,0.02162434924345651,0.027521124619148785,0.0,0.003149988984320739,1.000000000000012,0.925889038762222,0.00537109375,0.01708984375,False,False,False,False,False,True,False,True,False,True
qft_6_Mutant_Add_y_P3_Q5_[].qasm,Quratest_13,0.02945287079276867,0.06350041643768789,0.029331381107549126,0.06331967789835713,0.0,0.01767809848698876,1.0000000000000133,0.9024995502267671,0.008393000855765387,0.04775934289423461,False,True,False,True,False,True,False,True,False,True
qft_6_Mutant_Add_y_P3_Q5_[].qasm,PureState_14,0.025063512499798803,0.027049368187848952,0.02505872642661583,0.02704417428277129,0.0,0.003149988983943831,1.000000000000012,0.9234490932523566,0.0043945312500000035,0.010742187500000003,False,False,False,False,False,True,False,True,False,False
qft_6_Mutant_Add_y_P3_Q5_[].qasm,Quratest_14,0.02994555813237191,0.08110407562520601,0.029391331696998375,0.08062496876002125,0.0,0.03948197094896082,1.0000000000000102,0.9153658684207464,0.004923130291639793,0.029825474041639793,False,True,False,True,False,True,False,True,False,True
qft_6_Mutant_Add_y_P3_Q5_[].qasm,PureState_15,0.026462159521324066,0.029054695467673225,0.02645691544156428,0.0290485774865834,0.0,0.003149988983943759,1.000000000000011,0.919576795381426,0.007324218749999998,0.012207031249999998,False,False,False,False,False,True,False,True,False,True
qft_6_Mutant_Add_y_P3_Q5_[].qasm,Quratest_15,0.020849484533760138,0.06762787416930599,0.020469684649310396,0.06509678368680018,0.0,0.017337868233764753,1.000000000000011,0.9128844248043996,0.013200834591866925,0.012678071658133075,False,True,False,True,False,True,False,True,True,True
qft_6_Mutant_Add_y_P3_Q5_[].qasm,PureState_16,0.028722627803117313,0.02633267405820009,0.028717559447682468,0.026329040958104784,0.0,0.003149988984320452,1.000000000000011,0.918130540945049,0.0029296874999999983,0.02880859375,False,False,False,False,False,True,False,True,False,True
qft_6_Mutant_Add_y_P3_Q5_[].qasm,Quratest_16,0.03129144798365697,0.07497465817001289,0.030280528506308316,0.07466929453677215,0.0,0.026348667615364037,1.000000000000011,0.9153304682486529,0.012184190798833816,0.018531847048833816,False,True,False,True,False,True,False,True,True,True
qft_6_Mutant_Add_y_P3_Q5_[].qasm,PureState_17,0.03024010221455361,0.026651611399003242,0.03023303688192688,0.026647640854029795,0.0,0.0031499889843203278,1.0000000000000124,0.9271025033373252,0.015136718749999993,0.002929687500000007,False,False,False,False,False,True,False,True,True,False
qft_6_Mutant_Add_y_P3_Q5_[].qasm,Quratest_17,0.029375375973795758,0.08717250692587482,0.028277343502637345,0.08500103488452128,0.0,0.02427962883265065,1.0000000000000107,0.917990828084815,0.011161509979515552,0.008720103729515552,False,True,False,True,False,True,False,True,False,False
qft_6_Mutant_Add_y_P3_Q5_[].qasm,PureState_18,0.027105677896364772,0.026909156057203634,0.027100793205911754,0.026903949854966084,0.0,0.003149988983943919,1.000000000000011,0.9177477984702684,0.006347656250000002,0.01611328125,False,False,False,False,False,True,False,True,False,True
qft_6_Mutant_Add_y_P3_Q5_[].qasm,Quratest_18,0.03302842082551618,0.08891974029037433,0.03201567274480545,0.0792440585544572,0.0,0.02782494534045449,1.0000000000000124,0.9097764545818053,0.01268451059735548,0.02393658315264452,False,True,False,True,False,True,False,True,True,True
qft_6_Mutant_Add_y_P3_Q5_[].qasm,PureState_19,0.02661723172884369,0.0282125803811516,0.026611604133535593,0.028206615483848976,0.0,0.0031499889839438277,1.000000000000011,0.9229886069869522,0.009765625000000007,0.011230468750000007,False,False,False,False,False,True,False,True,False,False
qft_6_Mutant_Add_y_P3_Q5_[].qasm,Quratest_19,0.029148321174969904,0.07337457217473917,0.029126496921043167,0.07287604744989085,0.0,0.016226221451969766,1.0000000000000102,0.9043525871251674,0.012030774628276095,0.008124524628276095,False,True,False,True,False,True,False,True,False,False
qft_6_Mutant_Add_y_P3_Q5_[].qasm,PureState_20,0.03193097324968756,0.029247823012157056,0.031922347131245754,0.029242030065525077,0.0,0.0031499889843203625,1.000000000000011,0.9204153112676176,0.013671875,0.01025390625,False,False,False,False,False,True,False,True,True,False
qft_6_Mutant_Add_y_P3_Q5_[].qasm,Quratest_20,0.030885810207872746,0.07428729096419528,0.030353286214103683,0.07374246497473382,0.0,0.027598659778493816,1.0000000000000102,0.9053614683575305,0.016119935128253438,0.03856756487174656,False,True,False,True,False,True,False,True,True,True
qft_6_Mutant_Add_y_P3_Q5_[].qasm,PureState_21,0.02349192351339636,0.029374735167840515,0.023489497289842724,0.02936856666219976,0.0,0.0031499889843204284,1.000000000000011,0.9189541883712766,0.01074218749999998,0.01074218749999998,False,False,False,False,False,True,False,True,False,False
qft_6_Mutant_Add_y_P3_Q5_[].qasm,Quratest_21,0.02702103816621849,0.06293836948304027,0.027009462573715202,0.06237154261326596,0.0,0.019621683754299096,1.0000000000000102,0.9008640152760087,0.012874736527472893,0.004573955277472893,False,True,False,True,False,True,False,True,True,False
qft_6_Mutant_Add_y_P3_Q5_[].qasm,PureState_22,0.027708823631118887,0.030604071167111977,0.027703575417006257,0.03059634704340145,0.0,0.00314998898394378,1.0000000000000115,0.9237932473064082,0.009765625,0.00244140625,False,False,False,False,False,True,False,True,False,False
qft_6_Mutant_Add_y_P3_Q5_[].qasm,Quratest_22,0.029250394556466892,0.12017697004912342,0.02815058334624406,0.11699546131287113,0.0,0.02560266504522079,1.000000000000011,0.9104479934515902,0.02737109528096668,0.02590625153096668,False,True,False,True,False,True,False,True,True,True
qft_6_Mutant_Add_y_P3_Q5_[].qasm,PureState_23,0.029560519060627028,0.03342229987423911,0.029554125445430873,0.03341537031938295,0.0,0.0031499889839433854,1.000000000000012,0.9184138708075165,0.00048828124999998786,0.002441406250000012,False,False,False,False,False,True,False,True,False,False
qft_6_Mutant_Add_y_P3_Q5_[].qasm,Quratest_23,0.031567144419939124,0.08768910344971363,0.03051256785259708,0.08470871754306106,0.0,0.02132169837154784,1.000000000000011,0.9130458197119915,0.00634765624999793,0.015624999999997929,False,True,False,True,False,True,False,True,False,True
qft_6_Mutant_Add_y_P3_Q5_[].qasm,PureState_24,0.029650385468275434,0.030431872853881114,0.029644305950270088,0.03042490492751465,0.0,0.0031499889843208256,1.000000000000011,0.9259768427445421,0.008300781249999988,0.012207031250000012,False,False,False,False,False,True,False,True,False,True
qft_6_Mutant_Add_y_P3_Q5_[].qasm,Quratest_24,0.024337984300680782,0.0688905455106386,0.024318883243417688,0.06867999492030752,0.0,0.017818968912762502,1.000000000000012,0.9104944981977998,0.01709754244877354,7.698698773541193e-06,False,True,False,True,False,True,False,True,True,False
qft_6_Mutant_Add_y_P3_Q5_[].qasm,PureState_25,0.02688887508356129,0.030924628006786737,0.026885212420219417,0.0309136350459389,0.0,0.0031499889843204032,1.000000000000011,0.9192562659791594,0.026367187499999986,0.004882812499999988,False,False,False,False,False,True,False,True,True,False
qft_6_Mutant_Add_y_P3_Q5_[].qasm,Quratest_25,0.0337146791559811,0.11594667204971727,0.03349824847097054,0.11225504754270148,0.0,0.020005361128039585,1.0000000000000129,0.9135247935366706,0.022163632055965624,0.015434024194034376,False,True,False,True,False,True,False,True,True,True
qft_6_Mutant_Add_y_P3_Q5_[].qasm,PureState_26,0.029845210715214673,0.02662978587744709,0.02983981049295189,0.026626023984457684,0.0,0.0031499889839435033,1.000000000000011,0.9198329037879058,0.028808593750000014,0.006835937499999988,False,False,False,False,False,True,False,True,True,False
qft_6_Mutant_Add_y_P3_Q5_[].qasm,Quratest_26,0.02848193982068938,0.0766145370534919,0.02818445015423987,0.07507184632017505,0.0,0.014145394198205968,1.000000000000012,0.911717247354057,0.01100210640056428,0.01145883109943572,False,True,False,True,False,True,False,True,False,False
qft_6_Mutant_Add_y_P3_Q5_[].qasm,PureState_27,0.02937324837753149,0.02998592439509669,0.02936703328742363,0.0299782688011242,0.0,0.003149988983943709,1.000000000000011,0.9233272027131133,0.015624999999999998,1.734723475976807e-18,False,False,False,False,False,True,False,True,True,False
qft_6_Mutant_Add_y_P3_Q5_[].qasm,Quratest_27,0.029895909145672986,0.08970297458634788,0.028551324174752594,0.08789209943411552,0.0,0.03635708525501062,1.0000000000000107,0.8981752685813419,0.01386236922221061,0.01055169327778939,False,True,False,True,False,True,False,True,True,False
qft_6_Mutant_Add_y_P3_Q5_[].qasm,PureState_28,0.028847430169261865,0.02603852604339196,0.028841584436286254,0.02603417041291379,0.0,0.0031499889839432804,1.000000000000011,0.9241014444719483,0.009277343750000009,0.03662109374999999,False,False,False,False,False,True,False,True,False,True
qft_6_Mutant_Add_y_P3_Q5_[].qasm,Quratest_28,0.027621572599504977,0.0655039295033192,0.02728605100339005,0.06403543881765644,0.0,0.0277016334979958,1.000000000000011,0.9090662291526217,0.010755297930652039,0.06297517081934796,False,True,False,True,False,True,False,True,False,True
qft_6_Mutant_Add_y_P3_Q5_[].qasm,PureState_29,0.029373519526156303,0.026873718176101256,0.029368941414903125,0.026869997246139206,0.0,0.0031499889843202705,1.000000000000012,0.9268978115851951,0.000976562500000007,0.026367187500000007,False,False,False,False,False,True,False,True,False,True
qft_6_Mutant_Add_y_P3_Q5_[].qasm,Quratest_29,0.03219891226916498,0.10880079502620132,0.030698278616690517,0.10185188876189055,0.0,0.031724304761268744,1.000000000000012,0.9086117925684376,0.00494823935830771,0.05035839560830771,False,True,False,True,False,True,False,True,False,True
qft_6_Mutant_Add_y_P3_Q5_[].qasm,PureState_30,0.026818873288313835,0.02557271840521812,0.026813827745991555,0.025568615705122234,0.0,0.00314998898394369,1.0000000000000102,0.9252297722901047,0.015625000000000003,0.020996093749999997,False,False,False,False,False,True,False,True,True,True
qft_6_Mutant_Add_y_P3_Q5_[].qasm,Quratest_30,0.030619970912393345,0.10404339601967741,0.02957199256334868,0.09688140322316499,0.0,0.017749816087044443,1.0000000000000115,0.9227097739050851,0.00219038027877988,0.03052446347122012,False,True,False,True,False,True,False,True,False,True
qft_6_Mutant_Add_y_P3_Q5_[].qasm,PureState_31,0.02461623887749334,0.022023423909104518,0.024608753542192583,0.02202131473744188,0.0,0.003149988984320765,1.000000000000011,0.9256939543791576,0.0263671875,0.01025390625,False,False,False,False,False,True,False,True,True,False
qft_6_Mutant_Add_y_P3_Q5_[].qasm,Quratest_31,0.02842228385233939,0.06945998813141568,0.02781256554964642,0.06823098187851966,0.0,0.02287437565411875,1.0000000000000124,0.905479376170346,0.00017400209457427845,0.008963064594574278,False,True,False,True,False,True,False,True,False,False
qft_6_Mutant_Add_z_P4_Q4_[].qasm,PureState_0,0.03068869262832837,0.028090040834472755,0.030679940209900433,0.028084783097611084,0.0,0.003150183355248585,1.000000000000011,0.9247108784614416,0.01220703125,0.001953125,False,False,False,False,False,True,False,True,True,False
qft_6_Mutant_Add_z_P4_Q4_[].qasm,Quratest_0,0.02928774543844143,0.06909633834145099,0.028750681057874504,0.06732512414842944,0.0,0.010858436762410367,1.000000000000011,0.9182333805512526,0.00889941257993547,0.01964160007993547,False,True,False,True,False,True,False,True,False,True
qft_6_Mutant_Add_z_P4_Q4_[].qasm,PureState_1,0.02638203027529625,0.03273947722622301,0.026378790171590998,0.03272771555228263,0.0,0.003150183355626189,1.000000000000011,0.9182585120868672,0.0024414062499999983,0.00048828124999999827,False,False,False,False,False,True,False,True,False,False
qft_6_Mutant_Add_z_P4_Q4_[].qasm,Quratest_1,0.032759338719396305,0.0784386599012043,0.032632277089282374,0.07679447703543095,0.0,0.033558166607893486,1.0000000000000093,0.911735418693179,0.023484169398726475,0.018601356898726475,False,True,False,True,False,True,False,True,True,True
qft_6_Mutant_Add_z_P4_Q4_[].qasm,PureState_2,0.02833903267968153,0.0255389508312673,0.02833222736698824,0.025535220164363295,0.0,0.003150183355625635,1.000000000000012,0.9220895605108902,0.008300781249999993,0.016113281250000007,False,False,False,False,False,True,False,True,False,True
qft_6_Mutant_Add_z_P4_Q4_[].qasm,Quratest_2,0.03254846210109201,0.10994321187996856,0.031302487081879965,0.10467654167558543,0.0,0.04432065014350705,1.000000000000011,0.8973868014137814,0.010742187500000437,0.0034179687499995624,False,True,False,True,False,True,False,True,False,False
qft_6_Mutant_Add_z_P4_Q4_[].qasm,PureState_3,0.02852656223685298,0.026354733898978872,0.028521363385382557,0.026350466716367666,0.0,0.0031501833556260702,1.000000000000011,0.9241379160581356,0.01904296875,0.004394531250000002,False,False,False,False,False,True,False,True,True,False
qft_6_Mutant_Add_z_P4_Q4_[].qasm,Quratest_3,0.027848225812820777,0.05987794057432218,0.027814932658376344,0.05714762999649194,0.0,0.013377506091719674,1.0000000000000124,0.9198017269336434,0.014024094284372526,0.008925124465627474,False,True,False,True,False,True,False,True,True,False
qft_6_Mutant_Add_z_P4_Q4_[].qasm,PureState_4,0.02842296369133479,0.03132401700070235,0.028416347504829496,0.03131863644531674,0.0,0.0031501833556260347,1.000000000000011,0.9238247010312581,0.010742187499999998,1.734723475976807e-18,False,False,False,False,False,True,False,True,False,False
qft_6_Mutant_Add_z_P4_Q4_[].qasm,Quratest_4,0.03378016950526493,0.11722284141944485,0.03140697989334689,0.1131288202385472,0.0,0.031040654724122405,1.0000000000000093,0.9042213108628488,0.00216037079785171,0.00411349579785171,False,True,False,True,False,True,False,True,False,False
qft_6_Mutant_Add_z_P4_Q4_[].qasm,PureState_5,0.02894853328541913,0.026632490274227694,0.028943275500443073,0.026627276058871458,0.0,0.0031501833552486803,1.000000000000011,0.9215316372343535,0.015625000000000007,0.014648437500000009,False,False,False,False,False,True,False,True,True,True
qft_6_Mutant_Add_z_P4_Q4_[].qasm,Quratest_5,0.027410465072931975,0.08506383952974945,0.026821943227135943,0.08124705346391534,0.0,0.024764351666062043,1.0000000000000115,0.9195882552061838,0.026023621047667228,0.008445496047667228,False,True,False,True,False,True,False,True,True,False
qft_6_Mutant_Add_z_P4_Q4_[].qasm,PureState_6,0.027027826609307738,0.031418340351890235,0.027023105138319493,0.031412339445788334,0.0,0.003150183355249187,1.000000000000011,0.91860862260232,0.012207031249999986,0.011718749999999986,False,False,False,False,False,True,False,True,True,False
qft_6_Mutant_Add_z_P4_Q4_[].qasm,Quratest_6,0.02377428057205309,0.03654828185417985,0.023766442263775306,0.03652743633217643,0.0,0.018340009491369436,1.000000000000011,0.9182747299208694,0.018554687499999716,0.010742187500000284,False,False,False,False,False,True,False,True,True,False
qft_6_Mutant_Add_z_P4_Q4_[].qasm,PureState_7,0.027910857223039858,0.03267008555298486,0.027906149431378872,0.03265372023009669,0.0,0.003150183355249036,1.000000000000011,0.9201281799751566,0.00390625000000001,0.0004882812499999896,False,False,False,False,False,True,False,True,False,False
qft_6_Mutant_Add_z_P4_Q4_[].qasm,Quratest_7,0.028376016786978077,0.06783015343901258,0.027809903210610637,0.06677771990702179,0.0,0.030758862352937025,1.0000000000000107,0.9053924517777874,0.005631557749101517,0.021712192250898484,False,True,False,True,False,True,False,True,False,True
qft_6_Mutant_Add_z_P4_Q4_[].qasm,PureState_8,0.02687796549213217,0.031369335879867066,0.026872156507048307,0.031363818303167035,0.0,0.0031501833556256973,1.000000000000011,0.9210514900254422,0.016601562500000007,0.018554687500000007,False,False,False,False,False,True,False,True,True,True
qft_6_Mutant_Add_z_P4_Q4_[].qasm,Quratest_8,0.027746568157301445,0.1007086445630937,0.026600172490913208,0.0983582737950559,0.0,0.03277724981476014,1.0000000000000115,0.9049599599093978,0.027378114820417077,0.05855938517958292,False,True,False,True,False,True,False,True,True,True
qft_6_Mutant_Add_z_P4_Q4_[].qasm,PureState_9,0.026512191498072525,0.03163094340051173,0.026507344085540584,0.031622347150137786,0.0,0.0031501833556259826,1.000000000000011,0.9234905648630278,0.01171875000000002,0.002929687500000021,False,False,False,False,False,True,False,True,False,False
qft_6_Mutant_Add_z_P4_Q4_[].qasm,Quratest_9,0.02990423565474649,0.056228538362597044,0.029308739634375545,0.0553748504199507,0.0,0.02079402552239791,1.0000000000000124,0.9086167651299182,0.003547853148852805,0.04723339685114719,False,True,False,True,False,True,False,True,False,True
qft_6_Mutant_Add_z_P4_Q4_[].qasm,PureState_10,0.028355550522798225,0.033278055978506096,0.0283509490285835,0.0332703954020602,0.0,0.0031501833556259427,1.000000000000011,0.9259273125760193,0.015136718750000002,0.0004882812500000017,False,False,False,False,False,True,False,True,True,False
qft_6_Mutant_Add_z_P4_Q4_[].qasm,Quratest_10,0.023405572287085015,0.06836820532201651,0.0227223168551362,0.06626311190128596,0.0,0.015064049242709203,1.000000000000011,0.917746904017458,0.0314859367080296,0.0270914054580296,False,True,False,True,False,True,False,True,True,True
qft_6_Mutant_Add_z_P4_Q4_[].qasm,PureState_11,0.02395731704403793,0.02706084190457123,0.023953770401882967,0.027054572625048522,0.0,0.003150183355626175,1.000000000000011,0.918472508833842,0.005371093750000009,0.009765625000000009,False,False,False,False,False,True,False,True,False,False
qft_6_Mutant_Add_z_P4_Q4_[].qasm,Quratest_11,0.034817004772867026,0.09655863492199115,0.03342344464553057,0.09281164180163302,0.0,0.03406038966790774,1.000000000000011,0.8975886823757707,0.007324218749996914,0.018066406250003088,False,True,False,True,False,True,False,True,False,True
qft_6_Mutant_Add_z_P4_Q4_[].qasm,PureState_12,0.027231022466560804,0.03154605578591037,0.027226244747911466,0.031540831792877505,0.0,0.0031501833552485476,1.0000000000000115,0.9257494006084425,0.0039062499999999705,0.0048828124999999705,False,False,False,False,False,True,False,True,False,False
qft_6_Mutant_Add_z_P4_Q4_[].qasm,Quratest_12,0.027133570643128577,0.07741017689019088,0.027084734978602067,0.07688080553279956,0.0,0.02893334589492931,1.0000000000000124,0.9045620150265674,0.01713804627743088,0.012158828722569119,False,True,False,True,False,True,False,True,True,True
qft_6_Mutant_Add_z_P4_Q4_[].qasm,PureState_13,0.030176819358384628,0.02611092828543237,0.030171715212097532,0.026104268628697923,0.0,0.0031501833556259523,1.000000000000012,0.9261858985507476,0.005859375,0.01708984375,False,False,False,False,False,True,False,True,False,True
qft_6_Mutant_Add_z_P4_Q4_[].qasm,Quratest_13,0.02439945517038196,0.06346272525789995,0.024376558381630567,0.06327540652460613,0.0,0.01763699054765089,1.0000000000000133,0.9028209421164748,0.014556217894234613,0.03994684289423461,False,True,False,True,False,True,False,True,True,True
qft_6_Mutant_Add_z_P4_Q4_[].qasm,PureState_14,0.0333663438970602,0.028276725381937214,0.03335849121407002,0.02827282977608409,0.0,0.0031501833552490498,1.000000000000012,0.9237451149012172,0.011718750000000003,0.025390624999999997,False,False,False,False,False,True,False,True,False,True
qft_6_Mutant_Add_z_P4_Q4_[].qasm,Quratest_14,0.03194371739496909,0.08481218910188547,0.030921190776234665,0.08425993701890132,0.0,0.03924635517337781,1.0000000000000102,0.9156613239744853,0.004434849041639793,0.05082156779163979,False,True,False,True,False,True,False,True,False,True
qft_6_Mutant_Add_z_P4_Q4_[].qasm,PureState_15,0.02383029497389221,0.027223511877312295,0.023827773620971087,0.02721719816981184,0.0,0.0031501833552490567,1.000000000000011,0.9198715830592762,0.0224609375,0.01806640625,False,False,False,False,False,True,False,True,True,True
qft_6_Mutant_Add_z_P4_Q4_[].qasm,Quratest_15,0.026339359641760093,0.07194857905466044,0.02570778021855405,0.06949945511344936,0.0,0.017196411159355128,1.000000000000011,0.9131663844646065,0.001935884158133075,1.7240841866925094e-05,False,True,False,True,False,True,False,True,False,False
qft_6_Mutant_Add_z_P4_Q4_[].qasm,PureState_16,0.023833597278565107,0.030022847683671087,0.023830339872326373,0.030016385827066033,0.0,0.0031501833556257164,1.000000000000011,0.9184248695270536,0.0014648437500000017,0.0014648437500000017,False,False,False,False,False,True,False,True,False,False
qft_6_Mutant_Add_z_P4_Q4_[].qasm,Quratest_16,0.030257295171808925,0.07296804406439665,0.029696755638964855,0.07271866641664752,0.0,0.02622999923850318,1.000000000000011,0.915632378644729,0.002952527951166184,0.028297472048833816,False,True,False,True,False,True,False,True,False,True
qft_6_Mutant_Add_z_P4_Q4_[].qasm,PureState_17,0.02645159662285508,0.025363760098103816,0.026446760671878188,0.02535895724465962,0.0,0.003150183355625602,1.0000000000000124,0.9273997649739378,0.029785156249999993,0.03173828124999999,False,False,False,False,False,True,False,True,True,True
qft_6_Mutant_Add_z_P4_Q4_[].qasm,Quratest_17,0.028117902413011413,0.08590455530270065,0.026407435734000468,0.0840262824199418,0.0,0.024076655267190942,1.0000000000000107,0.9182641417256985,0.010322865020484448,0.010673228729515552,False,True,False,True,False,True,False,True,False,False
qft_6_Mutant_Add_z_P4_Q4_[].qasm,PureState_18,0.03012173258419905,0.029048464221507503,0.030115250349424513,0.029042529674548206,0.0,0.0031501833552491044,1.000000000000011,0.9180420563233718,0.011718749999999998,0.015136718749999998,False,False,False,False,False,True,False,True,False,True
qft_6_Mutant_Add_z_P4_Q4_[].qasm,Quratest_18,0.029637251262004463,0.08849360367702548,0.028307301237910573,0.08038794067551619,0.0,0.027724415969698088,1.0000000000000124,0.9101854516017992,0.0009657605973554806,0.00831158315264452,False,True,False,True,False,True,False,True,False,False
qft_6_Mutant_Add_z_P4_Q4_[].qasm,PureState_19,0.0287188225280037,0.029920830671268286,0.028712301524071743,0.029913770052509652,0.0,0.0031501833552490368,1.000000000000011,0.9232844816529804,0.015136718750000007,0.020019531250000007,False,False,False,False,False,True,False,True,True,True
qft_6_Mutant_Add_z_P4_Q4_[].qasm,Quratest_19,0.02996530020505812,0.08119452201179736,0.029689931459812146,0.08032367857542443,0.0,0.016169933949900926,1.0000000000000102,0.9046477314099215,0.014336412871723905,0.019354993378276095,False,True,False,True,False,True,False,True,True,True
qft_6_Mutant_Add_z_P4_Q4_[].qasm,PureState_20,0.030383588183947575,0.02662108585459205,0.030374709420164854,0.026616645226177894,0.0,0.003150183355625614,1.000000000000011,0.9207103663321156,0.0166015625,0.0205078125,False,False,False,False,False,True,False,True,True,True
qft_6_Mutant_Add_z_P4_Q4_[].qasm,Quratest_20,0.02796267876066037,0.07948310957581656,0.027876110425809564,0.07868672572207276,0.0,0.027467374851209536,1.0000000000000102,0.905692779712601,0.006829283621746563,0.012213685128253438,False,True,False,True,False,True,False,True,False,True
qft_6_Mutant_Add_z_P4_Q4_[].qasm,PureState_21,0.026264992592602468,0.028643699536009835,0.02625954344748884,0.02863731241765012,0.0,0.003150183355625698,1.000000000000011,0.9192487798776855,0.00878906250000002,0.01171875000000002,False,False,False,False,False,True,False,True,False,False
qft_6_Mutant_Add_z_P4_Q4_[].qasm,Quratest_21,0.030187321627216015,0.06523533472196513,0.03014690513727171,0.0645451772916792,0.0,0.019476594671408137,1.0000000000000102,0.901140770128444,0.000667705277472893,0.041683330277472896,False,True,False,True,False,True,False,True,False,True
qft_6_Mutant_Add_z_P4_Q4_[].qasm,PureState_22,0.03096329727077707,0.025288293411131316,0.03095664347483703,0.025285055710499466,0.0,0.0031501833552490593,1.0000000000000115,0.9240894009723951,0.02490234375,0.0068359375,False,False,False,False,False,True,False,True,True,False
qft_6_Mutant_Add_z_P4_Q4_[].qasm,Quratest_22,0.037114801511709844,0.12213389705713347,0.03556406877970359,0.11894782631854993,0.0,0.025539662745562915,1.000000000000011,0.9107883972941687,0.02048046721903332,0.05276172028096668,False,True,False,True,False,True,False,True,True,True
qft_6_Mutant_Add_z_P4_Q4_[].qasm,PureState_23,0.027259896272494772,0.03395903913193607,0.027255352102555794,0.03395055647506133,0.0,0.0031501833552486326,1.000000000000012,0.9187082890445296,0.007324218749999988,0.013671875000000012,False,False,False,False,False,True,False,True,False,True
qft_6_Mutant_Add_z_P4_Q4_[].qasm,Quratest_23,0.03192539286260955,0.08878861483599039,0.030628288981019054,0.0856572718673428,0.0,0.021152854291837164,1.000000000000011,0.9133230512375061,0.02783203124999793,0.012207031249997929,False,True,False,True,False,True,False,True,True,True
qft_6_Mutant_Add_z_P4_Q4_[].qasm,PureState_24,0.032354845775464366,0.0312725335761632,0.032347312392325134,0.03126482044714552,0.0,0.0031501833556260963,1.000000000000011,0.9262737226710128,0.003906249999999988,0.034179687499999986,False,False,False,False,False,True,False,True,False,True
qft_6_Mutant_Add_z_P4_Q4_[].qasm,Quratest_24,0.025034026867892637,0.06848062275763732,0.02500164414636394,0.06825788256237947,0.0,0.017785315477420197,1.000000000000012,0.9107918250068485,0.005363395051226459,0.02686316744877354,False,True,False,True,False,True,False,True,False,True
qft_6_Mutant_Add_z_P4_Q4_[].qasm,PureState_25,0.028790776733941658,0.02817104404018336,0.02878379513993486,0.028166515704539697,0.0,0.0031501833556257927,1.000000000000011,0.9195509888603306,0.049804687500000014,0.013671874999999988,False,False,False,False,False,True,False,True,True,True
qft_6_Mutant_Add_z_P4_Q4_[].qasm,Quratest_25,0.025807782187185057,0.116238010346491,0.02576596391574051,0.11244201870852513,0.0,0.020012757504334157,1.0000000000000129,0.9138237889960693,0.016410586694034376,0.019828555444034376,False,True,False,True,False,True,False,True,True,True
qft_6_Mutant_Add_z_P4_Q4_[].qasm,PureState_26,0.031172837774128877,0.02820506548384383,0.031165869650275662,0.028200445953563486,0.0,0.003150183355248696,1.000000000000011,0.9201277953854134,0.022949218750000014,0.017578125000000014,False,False,False,False,False,True,False,True,True,True
qft_6_Mutant_Add_z_P4_Q4_[].qasm,Quratest_26,0.026287932679231647,0.08131122099997218,0.025978896791479234,0.0795324244889044,0.0,0.014099305857291158,1.000000000000012,0.9120059218876174,0.01487679984943572,0.02903695609943572,False,True,False,True,False,True,False,True,True,True
qft_6_Mutant_Add_z_P4_Q4_[].qasm,PureState_27,0.029604024557770392,0.03320420048845328,0.029598901614742976,0.03319740006293069,0.0,0.003150183355249003,1.000000000000011,0.9236232093303285,0.0004882812500000017,0.01904296875,False,False,False,False,False,True,False,True,False,True
qft_6_Mutant_Add_z_P4_Q4_[].qasm,Quratest_27,0.032172992234812875,0.08388355579675304,0.031132568031442525,0.08175344527182768,0.0,0.03621952134117257,1.0000000000000107,0.8985251353497264,0.01337408797221061,0.0026319004722106104,False,True,False,True,False,True,False,True,True,False
qft_6_Mutant_Add_z_P4_Q4_[].qasm,PureState_28,0.027567257760063735,0.026481669665470126,0.027561682706862236,0.026478120736445624,0.0,0.0031501833552485137,1.000000000000011,0.9243976788808365,0.0024414062500000087,0.0024414062500000087,False,False,False,False,False,True,False,True,False,False
qft_6_Mutant_Add_z_P4_Q4_[].qasm,Quratest_28,0.027292245627426853,0.06029444675488061,0.025828248998872778,0.05921854264448954,0.0,0.027480993965602926,1.000000000000011,0.9093374681425416,0.0053842041806520385,0.03563142081934796,False,True,False,True,False,True,False,True,False,True
qft_6_Mutant_Add_z_P4_Q4_[].qasm,PureState_29,0.0268527832370878,0.02768066759873273,0.026847830441598795,0.02767558635212935,0.0,0.003150183355625567,1.000000000000012,0.9271949407102766,0.012207031250000007,0.015624999999999993,False,False,False,False,False,True,False,True,True,True
qft_6_Mutant_Add_z_P4_Q4_[].qasm,Quratest_29,0.026237605155527477,0.11428176126332397,0.025625818539163493,0.10686198330702971,0.0,0.03166439332139753,1.000000000000012,0.9089657785965218,0.00494823935830771,0.04108105185830771,False,True,False,True,False,True,False,True,False,True
qft_6_Mutant_Add_z_P4_Q4_[].qasm,PureState_30,0.025980474716558694,0.025424430398039988,0.02597691688976684,0.025421159701186406,0.0,0.003150183355248944,1.0000000000000102,0.9255263706962626,0.010742187500000003,0.0019531250000000035,False,False,False,False,False,True,False,True,False,False
qft_6_Mutant_Add_z_P4_Q4_[].qasm,Quratest_30,0.030753785352013174,0.10828929739323956,0.030394103119711195,0.1009572325992097,0.0,0.017605847439827547,1.0000000000000115,0.92300694169094,0.00219038027877988,0.02368852597122012,False,True,False,True,False,True,False,True,False,True
qft_6_Mutant_Add_z_P4_Q4_[].qasm,PureState_31,0.02831341806669672,0.02779984785636132,0.02830845987903357,0.027793585071585962,0.0,0.0031501833556260026,1.000000000000011,0.9259907019645941,0.03271484375,0.01416015625,False,False,False,False,False,True,False,True,True,True
qft_6_Mutant_Add_z_P4_Q4_[].qasm,Quratest_31,0.03157986985941791,0.07222201956571922,0.03024629968809515,0.07104522553501241,0.0,0.022672589219190006,1.0000000000000124,0.9057604459867189,0.0016388458445742785,0.0008025604054257215,False,True,False,True,False,True,False,True,False,False
