Name,Input,Ideal_output_distribution,Ideal_density_matrix,Noisy_output_distribution,Noisy_density_matrix
data/selected_mutant_qc/mutants_ae_10/ae_10_Mutant_Replace_cx_P70_Q4_[].qasm,PureState_0,"{'1101100101': 1, '0101111011': 1, '1001001001': 1, '0110110110': 1, '0011101001': 1, '0011110101': 1, '1010001110': 1, '1101111110': 1, '0000101010': 1, '1111010011': 1, '1001001000': 1, '0011011101': 1, '1101001011': 1, '0111001100': 1, '0001111010': 1, '1110010011': 1, '1011010010': 1, '0101001001': 1, '0011101110': 1, '1110000010': 1, '1001011111': 3, '1100001011': 1, '0100001011': 1, '1101100000': 1, '1110101100': 3, '0001010011': 3, '1101111100': 1, '1101110101': 2, '1111000001': 1, '0010110011': 1, '1011100110': 1, '0110000011': 1, '1001111100': 1, '0010001100': 1, '1001111111': 3, '1001000100': 1, '1011001110': 1, '0111100010': 1, '0110010101': 1, '1010001010': 1, '0011010001': 1, '0000000001': 2, '1101100110': 1, '0101110101': 2, '0001101000': 1, '0001100100': 6, '0001101011': 11, '1111101111': 1, '0110001110': 2, '1101010000': 1, '0001100000': 3, '1101110001': 2, '1011100001': 1, '0111110110': 1, '0110101011': 4, '1100110011': 1, '1101110000': 1, '0110111001': 1, '0000111111': 1, '0110110000': 1, '1011111100': 1, '1111001011': 1, '0001111101': 1, '1001110011': 5, '1001010010': 1, '0110001101': 4, '0001000011': 1, '0011010101': 1, '1011000100': 1, '0010000001': 1, '0011000000': 1, '0101010101': 2, '1110010111': 1, '1001010101': 6, '0101110100': 2, '0110111011': 1, '0110001111': 3, '0111010001': 1, '0010010100': 1, '1001100001': 5, '1110111100': 1, '0010111110': 2, '1010001100': 1, '0110100010': 1, '0101110111': 1, '0010001011': 2, '1011000110': 1, '1000110001': 1, '0011101011': 2, '0101111111': 1, '1001100100': 4, '1010111101': 3, '0101010100': 4, '0110011100': 1, '1110101101': 2, '0110101001': 2, '0001001001': 4, '1110110011': 7, '0001010100': 16, '1110011111': 4, '1101111111': 1, '0001110110': 5, '1111011111': 1, '1110101010': 3, '1010101110': 2, '0011100001': 1, '1101100100': 2, '0101001110': 1, '0001010101': 9, '1001001110': 1, '0101101100': 2, '1110011010': 2, '1001010000': 2, '0001010111': 3, '0001110111': 1, '0111001010': 1, '0010100010': 1, '0101100010': 6, '0101011011': 1, '0001011010': 2, '0001100101': 5, '1111100101': 1, '0000110001': 1, '1000000011': 1, '0111100001': 1, '1001101001': 2, '0101111110': 6, '1110110101': 1, '1110100001': 1, '1011010100': 2, '0001110011': 7, '1100111111': 2, '1110110111': 1, '0101101110': 2, '1101000100': 2, '0001010001': 2, '0110010011': 3, '0001101101': 2, '1101111101': 1, '0110101110': 10, '0110111101': 1, '0111010011': 1, '1101110110': 1, '0001000001': 4, '0110101111': 2, '0110100100': 1, '1001000000': 1, '0110011001': 1, '1101010001': 3, '0111011110': 1, '1101011101': 1, '0101101111': 1, '1001101110': 12, '0110110001': 5, '1110110010': 4, '0010110101': 1, '0101000000': 1, '0001110001': 11, '1001110111': 3, '1101100010': 1, '1011110101': 1, '1000001001': 2, '1110000011': 2, '0010111101': 2, '0001101110': 7, '0001001101': 1, '0101100000': 1, '0100110011': 1, '1011010000': 1, '0101011110': 3, '0101001111': 1, '1110111111': 3, '1001100110': 2, '1110001010': 2, '0110010001': 4, '0101001011': 2, '1101101010': 1, '0010110001': 2, '0010010001': 1, '1110101011': 1, '1001000011': 1, '0111110101': 1, '1001100101': 4, '0101000001': 5, '0001011101': 6, '1101110100': 1, '1110000001': 1, '1001101101': 3, '1001011010': 3, '1000001011': 1, '0110000001': 2, '1001101100': 3, '1101101011': 1, '0001000101': 3, '1110110100': 2, '0000001110': 1, '0001000000': 4, '1001100000': 2, '1001001011': 7, '1010111110': 2, '1010110100': 2, '0001100010': 3, '0110110011': 5, '0011010011': 1, '0100001110': 1, '0010001110': 1, '1110011110': 4, '0001111110': 8, '0101000010': 4, '1001111110': 11, '1001001100': 10, '0100110110': 2, '1110101111': 3, '0110011101': 1, '0111101010': 2, '1001110000': 4, '1001111010': 3, '1001011011': 5, '1101010010': 1, '0110001000': 1, '0011000001': 1, '1001110101': 3, '1011100100': 3, '0010101011': 1, '0001100001': 7, '0110000100': 1, '1101101101': 3, '1001010001': 16, '0111010110': 1, '0001000110': 1, '0001001111': 2, '1111011011': 1, '1101001100': 8, '1110110001': 2, '1111101010': 2, '0110110100': 2, '0101100001': 6, '0011011110': 2, '0101010010': 1, '0101110001': 3, '0001101111': 6, '0001110100': 7, '0111000010': 1, '0001001011': 8, '1101001110': 6, '0110011111': 1, '1001110110': 4, '0101011101': 1, '0001000010': 8, '0011011111': 1, '1001001111': 9, '1110101110': 6, '1110001110': 4, '1000110011': 1, '0110111111': 1, '0001000100': 1, '0000001100': 3, '1001010110': 6, '1100001001': 2, '0001011111': 5, '0100001100': 1, '0101010001': 5, '0110011010': 1, '0001110101': 5, '0100001001': 1, '1001110100': 9, '1001101111': 7, '1101000010': 3, '0110011110': 4, '0000001111': 1, '0001010010': 5, '0001001100': 5, '1110011011': 1, '1110111101': 3, '0001001110': 17, '1101000000': 6, '0001001010': 1, '0001011011': 7, '0110101101': 4, '0000111101': 1, '1001110001': 7, '0001110010': 2, '1001000001': 18, '1001000010': 4, '1101000001': 2, '1100111110': 3, '0101000100': 3, '1101011011': 1, '1001011110': 21, '1001010100': 5, '0101001010': 1, '0101110110': 1, '1010110001': 2, '0010111100': 1, '0101001100': 8, '0101011010': 2, '0101011001': 1, '1011010101': 1, '0011001000': 1, '0101110000': 3, '0001110000': 5, '1011110110': 1, '1001001101': 7, '1110010000': 1, '0111001110': 1, '1110001011': 12, '1110111110': 3, '0001101010': 11, '0110001011': 7, '1011101011': 1, '0101101011': 3, '1001101011': 11, '1010110010': 1, '1010001001': 2, '1001001010': 7, '0111000001': 2, '1001110010': 5, '0101010000': 3, '0001010000': 6, '0001111100': 1, '1101101111': 1, '0110110111': 1, '0101100101': 4, '0111001011': 2, '1110001001': 7, '1101011110': 1, '0010011110': 2, '1010001011': 3, '1000000010': 1, '0101100100': 6, '0110111110': 6, '1000001110': 1, '0101010110': 3, '1011000010': 2, '0001011110': 10, '1101001001': 4, '1001100010': 4, '1001101010': 2, '0110001010': 2, '1000111010': 1, '0100101100': 1, '1101010100': 7, '1001011101': 4, '1101100001': 10, '0110100001': 2, '0100111010': 1, '0110101010': 3, '0001101001': 1, '1001011001': 2, '1001111101': 4, '0110000110': 1}","DensityMatrix([[ 7.79839622e-05+0.00000000e+00j,
                -2.18725710e-04-1.13479943e-19j,
                -9.94990423e-05+1.74769010e-05j, ...,
                -7.28726974e-05+2.43741276e-06j,
                 9.48876541e-05-5.32519154e-09j,
                 4.71880398e-05-7.23450153e-05j],
               [-2.18725710e-04+1.13479943e-19j,
                 6.13471476e-04+0.00000000e+00j,
                 2.79070184e-04-4.90183811e-05j, ...,
                 2.04389878e-04-6.83633944e-06j,
                -2.66136382e-04+1.49358441e-08j,
                -1.32350771e-04+2.02909860e-04j],
               [-9.94990423e-05-1.74769010e-05j,
                 2.79070184e-04+4.90183811e-05j,
                 1.30866671e-04+0.00000000e+00j, ...,
                 9.35238710e-05+1.32215477e-05j,
                -1.21067506e-04-2.12583746e-05j,
                -7.64199622e-05+8.17291000e-05j],
               ...,
               [-7.28726974e-05-2.43741276e-06j,
                 2.04389878e-04+6.83633944e-06j,
                 9.35238710e-05-1.32215477e-05j, ...,
                 6.81726198e-05+0.00000000e+00j,
                -8.86686453e-05-2.96076669e-06j,
                -4.63563829e-05+6.61284646e-05j],
               [ 9.48876541e-05+5.32519154e-09j,
                -2.66136382e-04-1.49358441e-08j,
                -1.21067506e-04+2.12583746e-05j, ...,
                -8.86686453e-05+2.96076669e-06j,
                 1.15455366e-04+0.00000000e+00j,
                 5.74213919e-05-8.80231949e-05j],
               [ 4.71880398e-05+7.23450153e-05j,
                -1.32350771e-04-2.02909860e-04j,
                -7.64199622e-05-8.17291000e-05j, ...,
                -4.63563829e-05-6.61284646e-05j,
                 5.74213919e-05+8.80231949e-05j,
                 9.56672646e-05+0.00000000e+00j]],
              dims=(2, 2, 2, 2, 2, 2, 2, 2, 2, 2))","{'0011010000': 1, '0101100010': 1, '1011110000': 1, '0101101001': 1, '0011101110': 1, '1000001111': 1, '1001011100': 1, '0011111101': 2, '0010001110': 1, '0011110111': 1, '1011001010': 1, '1110001101': 1, '0100010110': 1, '1001010111': 1, '1010101111': 1, '1110100010': 1, '0011011010': 1, '1111110011': 1, '0000110001': 1, '0100011010': 1, '1111001110': 1, '1110110101': 1, '0101111110': 2, '1001001001': 2, '0101011100': 1, '0000010011': 1, '0000100101': 1, '0111011011': 1, '1010001011': 1, '1001010110': 1, '0100111111': 1, '0001001011': 8, '1001001000': 1, '0110101010': 3, '0101001001': 1, '0110011111': 1, '0100001001': 1, '1100011110': 1, '1011010101': 1, '1110110100': 1, '1001101100': 3, '1011100010': 1, '0110110110': 2, '0010110000': 1, '0011100100': 1, '0100100111': 1, '0111000001': 2, '0011110000': 1, '0000011011': 2, '0000010001': 1, '1001010001': 14, '1010110100': 1, '1110110110': 1, '0011101001': 1, '0001010101': 6, '0000001011': 1, '0001000100': 1, '0001010011': 1, '0001101110': 4, '1011111011': 1, '0001010100': 6, '0110010001': 1, '1101000111': 1, '0011001001': 1, '1000001010': 1, '1000000011': 1, '1111100101': 1, '1001100010': 2, '0101101011': 2, '1100001011': 3, '0001101000': 1, '0011100011': 1, '1111100000': 1, '1010000010': 1, '1101000000': 2, '1001111111': 1, '0110011101': 2, '1101010101': 1, '1001101101': 1, '1100100101': 1, '0011101111': 5, '1010000101': 1, '1011010001': 3, '1000101111': 1, '0101100011': 1, '0101110011': 1, '0011011101': 1, '0011010010': 1, '0110100010': 1, '0001001111': 4, '0100001010': 1, '1110111110': 4, '0110111101': 2, '0011111110': 2, '0011000011': 1, '1101100101': 2, '1101001001': 5, '0001010000': 2, '1111001010': 1, '0010110001': 1, '0001011010': 2, '1110010000': 1, '1001110101': 3, '1110001100': 1, '1101110101': 2, '0110101100': 1, '1111101101': 1, '1001010010': 2, '0011001011': 1, '1110101101': 2, '0101100001': 4, '0110101001': 1, '1100111101': 2, '0000010101': 1, '1110000001': 1, '0100111011': 2, '0110011011': 1, '0100101011': 1, '1111011101': 1, '1000110100': 3, '1110100001': 2, '1011000010': 1, '1010100110': 1, '1110000010': 1, '1001011010': 4, '0011110110': 1, '0001111100': 1, '1001101010': 2, '0001011011': 11, '0100101001': 1, '1101010000': 2, '1010110110': 1, '1001001010': 2, '1100111011': 1, '1111010100': 1, '1001110001': 7, '0010001001': 1, '0100101110': 1, '1101101010': 2, '1110011100': 1, '1011110100': 2, '0000111110': 3, '1010001110': 1, '1100111000': 1, '1110111011': 1, '0101110001': 1, '0010001010': 1, '0101010100': 3, '0110000001': 2, '1001101001': 3, '1011001011': 1, '0110110100': 1, '0001000110': 1, '0000001010': 1, '0001000010': 5, '1011011110': 3, '0010110101': 1, '0110001110': 3, '1010100010': 2, '0001011111': 5, '1100001001': 1, '1110000110': 1, '1011101010': 2, '1001110010': 4, '0010000000': 1, '1001000010': 2, '1100001111': 1, '1001011001': 1, '0010111101': 1, '0010110111': 2, '1101110100': 10, '1011110011': 2, '0010111110': 3, '1011000011': 2, '1110010011': 1, '0000101100': 1, '0101101101': 2, '1011000100': 1, '0010011011': 1, '0110001010': 1, '0000011111': 2, '1101010100': 6, '0000110110': 1, '1011010100': 2, '0011101011': 2, '1001010101': 2, '0011110011': 1, '1101100000': 1, '1001101000': 1, '0101001100': 5, '1000001100': 1, '0001110011': 4, '0011110001': 2, '1001001110': 1, '0101001110': 2, '1110000000': 2, '0011010001': 2, '0101111100': 1, '0001010111': 1, '1101111101': 1, '0111001001': 1, '1010001001': 1, '1100111010': 1, '0110001011': 5, '1101001011': 2, '1100101011': 2, '1101111011': 1, '0011001100': 1, '0001101100': 3, '0111010001': 1, '1100011010': 1, '0100101010': 1, '1111001101': 1, '1011100001': 5, '0001100000': 6, '0001101010': 5, '1101110001': 4, '1101001100': 3, '1001011011': 2, '1100010101': 1, '1110110010': 2, '0110010101': 1, '1000011101': 1, '0100111001': 1, '0000001101': 1, '1110111010': 1, '1101110010': 1, '0110110011': 4, '0001100010': 5, '0110001111': 4, '1011110110': 3, '1001100001': 7, '0110111010': 2, '0110111110': 5, '1000001001': 1, '0101101110': 3, '0011100000': 1, '1110100111': 1, '1011000001': 6, '0110100100': 1, '1011001100': 1, '0001000001': 4, '0010101110': 1, '0101011110': 4, '0011110100': 3, '1101111100': 2, '1110101011': 5, '0011000100': 1, '1110110001': 8, '0101010011': 2, '0101010000': 4, '1101011101': 1, '1001101110': 6, '1011100000': 1, '1011011111': 1, '0110110001': 4, '1000111110': 2, '1001110011': 4, '1111100001': 2, '0001111101': 3, '1011001111': 1, '1011111110': 1, '0100001011': 2, '0110011001': 1, '1010000011': 1, '1101010001': 5, '1010001010': 1, '0001010010': 4, '1011000110': 1, '0110110010': 2, '1000110001': 2, '1000100110': 2, '1101001110': 7, '0001011101': 7, '0101000001': 3, '1011110001': 4, '0001001000': 1, '0110001001': 1, '0110100001': 3, '1110010101': 2, '1111110101': 1, '0001100100': 8, '1111000111': 1, '1000101110': 1, '0110101110': 7, '1101110110': 3, '1011011101': 1, '0011010011': 2, '0100001110': 2, '0001101101': 2, '1001011111': 5, '0110001100': 3, '0011111010': 1, '0001010001': 7, '1001110000': 4, '0011111001': 1, '1001101111': 2, '0001111110': 5, '1101000010': 3, '1011011011': 1, '0101100000': 5, '0001001101': 2, '0100110011': 2, '1001001101': 2, '0101110010': 2, '0101101100': 1, '0110101111': 1, '1110011010': 1, '0011101100': 1, '1001010000': 3, '0001000101': 1, '0000001110': 1, '0001000000': 3, '0110111111': 2, '0000001100': 2, '1110011110': 3, '0001110010': 1, '1001000001': 4, '0111010101': 1, '0101011010': 1, '0001110110': 3, '1110010110': 1, '0001111010': 3, '1011101011': 3, '1111100010': 1, '1101101110': 4, '1001100100': 1, '0111110001': 1, '1010101011': 3, '1001111101': 6, '0011011100': 1, '0101000000': 1, '0001110001': 6, '1001000100': 3, '0011011011': 1, '0000011110': 1, '1000010100': 1, '0001000011': 3, '0000101010': 1, '0001011001': 2, '1010001100': 2, '1110111101': 3, '0101111000': 1, '0001001110': 9, '0001001100': 2, '1001100101': 2, '1101100100': 2, '0011100001': 1, '0001110100': 15, '0001101111': 4, '0001101001': 2, '1001011101': 1, '1101010011': 1, '1011111101': 1, '1110001011': 5, '0111001110': 2, '0101000010': 3, '0001111111': 2, '1001111110': 7, '1000111101': 1, '1101100010': 2, '0000101011': 1, '1101000100': 1, '0111000010': 1, '1011010011': 2, '1100000001': 1, '0001101011': 4, '1100101110': 1, '0110010100': 1, '0100001100': 2, '0101010001': 6, '1111000010': 1, '1111001100': 1, '1110101110': 1, '1001001111': 1, '0100111110': 2, '1111110001': 1, '1100110100': 2, '0111101011': 3, '0011011110': 2, '1001101011': 8, '1011101110': 4, '1101110000': 2, '1101000001': 7, '0000101110': 1, '1001111011': 2, '1111000001': 1, '0010110011': 2, '0101100100': 8, '1000000010': 1, '0110101011': 4, '1111000100': 3, '0010111011': 1, '1111100100': 1, '0110001000': 2, '1011011001': 1, '1101000101': 1, '0101100110': 1, '1101011110': 3, '0001100110': 1, '1001100110': 2, '1001110100': 7, '1101100110': 1, '0010001011': 2, '0010001000': 1, '0001001001': 4, '1110110011': 4, '1111001011': 1, '0101110100': 7, '1001011110': 8, '1001010100': 7, '0110101101': 1, '0100000001': 1, '1101111110': 1, '0001110101': 2, '1111101011': 2, '1001100011': 1, '1110001110': 2, '1101001101': 1, '0101001000': 1, '1001001100': 4, '0110011110': 5, '0100001000': 1, '1001010011': 2, '0011010100': 3, '0101001010': 1, '0101110110': 4, '0110110111': 2, '0101100101': 3, '1101001000': 2, '0001011110': 11, '1101101111': 1, '0001001010': 4, '0011001110': 4, '1010110000': 1, '1011111010': 2, '1010001111': 2, '1011001101': 2, '0001110000': 4, '1110001001': 2, '1101100001': 6, '0110110000': 1, '0010011101': 1, '1010111110': 2, '1001100000': 3, '1001001011': 4, '1001110110': 4, '0001100001': 7, '1110011101': 1, '0001111011': 1, '1000100010': 1, '1110001111': 1}","DensityMatrix([[ 1.23482037e-04+0.00000000e+00j,
                -1.48772269e-04-5.48238535e-06j,
                -1.13680962e-04+4.95650991e-05j, ...,
                -5.83570746e-05-6.04067508e-06j,
                 7.46467847e-05+6.56634897e-06j,
                 4.89138882e-05-5.49861824e-05j],
               [-1.48772269e-04+5.48238535e-06j,
                 7.14709634e-04+0.00000000e+00j,
                 2.47433427e-04+3.26261229e-06j, ...,
                 1.74045245e-04-1.36276066e-05j,
                -2.22697950e-04-3.23094332e-05j,
                -1.11752343e-04+1.77880710e-04j],
               [-1.13680962e-04-4.95650991e-05j,
                 2.47433427e-04-3.26261229e-06j,
                 1.80995297e-04+0.00000000e+00j, ...,
                 7.01719347e-05+1.55416670e-05j,
                -1.01242596e-04-2.97746578e-05j,
                -6.60306426e-05+6.34623408e-05j],
               ...,
               [-5.83570746e-05+6.04067508e-06j,
                 1.74045245e-04+1.36276066e-05j,
                 7.01719347e-05-1.55416670e-05j, ...,
                 9.30740594e-05+0.00000000e+00j,
                -7.76106167e-05-1.00324014e-05j,
                -6.16327072e-05+7.84336204e-05j],
               [ 7.46467847e-05-6.56634897e-06j,
                -2.22697950e-04+3.23094332e-05j,
                -1.01242596e-04+2.97746578e-05j, ...,
                -7.76106167e-05+1.00324014e-05j,
                 2.34220070e-04+0.00000000e+00j,
                 4.35029650e-05-1.12747386e-04j],
               [ 4.89138882e-05+5.49861824e-05j,
                -1.11752343e-04-1.77880710e-04j,
                -6.60306426e-05-6.34623408e-05j, ...,
                -6.16327072e-05-7.84336204e-05j,
                 4.35029650e-05+1.12747386e-04j,
                 1.29065765e-04+0.00000000e+00j]],
              dims=(2, 2, 2, 2, 2, 2, 2, 2, 2, 2))"
data/selected_mutant_qc/mutants_ae_10/ae_10_Mutant_Replace_cx_P70_Q4_[].qasm,PureState_1,"{'0001110010': 1, '1111011100': 1, '1010101111': 1, '1110000110': 1, '0001010011': 1, '0010001000': 1, '0101010000': 2, '0110010010': 1, '1111001111': 1, '0101110011': 1, '1101010010': 1, '0111101100': 1, '1111001110': 1, '0100011001': 1, '0010101100': 3, '0000011100': 1, '0111101110': 1, '1101000000': 1, '1010110100': 1, '1011000110': 1, '1110010000': 1, '0110111111': 1, '1110010001': 1, '0100110101': 1, '1001101101': 1, '0000000110': 1, '0011000000': 2, '1010100010': 2, '0110110000': 1, '0011110110': 2, '1100110011': 2, '0110101100': 2, '0001010000': 1, '0001101111': 1, '0110001110': 4, '1010000101': 2, '0011001111': 2, '1001111100': 3, '1010011001': 1, '1101010101': 1, '1010110110': 2, '1110001101': 1, '1110011101': 1, '1001010011': 1, '0110110101': 1, '0001111100': 1, '0100000010': 1, '0100111111': 2, '1001101100': 2, '0010001101': 2, '1110110010': 1, '1011110101': 1, '1001000010': 1, '1011110011': 1, '1100110010': 1, '0110001111': 1, '0110010011': 1, '1101000100': 1, '0001010001': 2, '1110011100': 3, '0111000001': 2, '0111001111': 1, '0010111001': 2, '1110100001': 2, '1011100000': 1, '1001100001': 3, '0110111101': 1, '0110110010': 2, '0111011101': 1, '1001001100': 1, '0110101110': 4, '0101110110': 2, '0101111010': 1, '0010001100': 1, '1010010001': 6, '1001111101': 3, '1101101100': 1, '1011000001': 2, '0101101100': 1, '0111100010': 1, '1101111100': 3, '1110000000': 1, '0001100011': 2, '1010100110': 1, '0010010001': 5, '0010000101': 1, '1110111010': 1, '0110110011': 2, '0001100010': 3, '1101000011': 2, '1001011110': 1, '0010010010': 1, '1110110001': 4, '0101010011': 2, '1101011101': 1, '0111011110': 2, '1001101110': 4, '0101101111': 1, '1110101100': 4, '0010000010': 2, '1100000011': 3, '1010110000': 1, '0011001110': 10, '0111110110': 1, '0101001101': 1, '1011011001': 1, '0011100110': 1, '1100111110': 1, '1100010011': 3, '0101101101': 1, '0111111100': 7, '0100110001': 3, '1101100011': 12, '0100010001': 1, '0110000101': 2, '1110000011': 2, '0101110101': 1, '1011011100': 7, '0110011101': 2, '0010110000': 1, '1011100010': 6, '0110011110': 4, '0011001010': 3, '1011100001': 7, '0001100000': 1, '1101110001': 4, '0011011001': 2, '0011101110': 6, '0010011110': 4, '1101011110': 2, '1001110001': 3, '0110101101': 3, '1011100011': 8, '1101101110': 2, '1011111110': 6, '1001010001': 1, '1101100001': 12, '0011000110': 2, '1010110011': 7, '0101000011': 3, '0101001110': 1, '1001001110': 2, '1100000101': 1, '0111001110': 4, '1100001110': 1, '0100111110': 2, '1110001100': 1, '1011001110': 4, '0011000011': 4, '1010001000': 1, '0111000010': 1, '0101011100': 3, '0010001001': 6, '1001001101': 1, '1011110110': 1, '1011110001': 1, '0110010001': 2, '0011111111': 1, '1010001110': 1, '1101100000': 1, '0101110010': 2, '1011001101': 1, '1111111100': 2, '0101011111': 1, '0010111110': 5, '1010110010': 3, '1010001001': 4, '1100010010': 1, '0110100011': 1, '0001101100': 1, '1001111111': 1, '1010101110': 4, '0011100001': 7, '1010100000': 4, '1010011100': 2, '1110111110': 2, '0001011100': 4, '0010001110': 2, '1101111010': 1, '0110000011': 6, '1100000010': 1, '1110001111': 2, '0001000001': 4, '0011001100': 3, '0011100011': 3, '0101100011': 10, '1011110010': 4, '0011111110': 2, '0010000001': 15, '1111101110': 2, '0101100000': 2, '0100110011': 1, '0010011100': 1, '1010111101': 5, '0100111100': 1, '0001000000': 1, '1011011110': 10, '0101010101': 1, '1100111101': 3, '1111011110': 2, '1010110001': 10, '0010111100': 10, '0011010010': 1, '0010100011': 2, '1110111001': 1, '0010110011': 5, '1010010011': 3, '0110111110': 9, '1011111100': 7, '1011111010': 1, '1011011111': 3, '0010111111': 1, '0010100110': 1, '0110000010': 11, '0110011100': 8, '0010110010': 1, '1010111100': 6, '1010111111': 1, '1101111101': 6, '0010100000': 1, '0001001110': 2, '1110111101': 6, '1011101111': 1, '0101000001': 9, '0001011101': 1, '1011110100': 1, '0000110011': 1, '1101110101': 2, '0010010000': 1, '1101111111': 1, '0001110110': 1, '1110111100': 11, '0010100001': 7, '0111010011': 1, '0010000000': 3, '0011010001': 9, '0111110010': 1, '0011011110': 10, '0101010010': 6, '0101110001': 5, '0011101100': 2, '1010011110': 1, '1010000010': 13, '1100000001': 1, '1110001110': 4, '1010001101': 4, '0101100001': 15, '0011000010': 9, '1010111001': 2, '1101011001': 2, '0101111110': 3, '0001011110': 1, '1011000010': 3, '0001100001': 3, '0010001010': 1, '0110000001': 9, '1111101101': 2, '1010110101': 4, '1110000001': 5, '0110001010': 2, '0010101111': 2, '1010100011': 7, '0110001100': 2, '1110000010': 2, '1001011100': 3, '1011100110': 1, '1011010000': 1, '0010101110': 6, '1011001100': 6, '0011111100': 17, '0110100010': 4, '0011111101': 3, '1101000001': 3, '1011101110': 7, '0001110011': 1, '1011010001': 10, '1010000110': 2, '0100001110': 1, '0011010011': 5, '0010110101': 1, '0011011100': 7, '0001101110': 1, '0010111101': 10, '1101010011': 7, '0010000011': 13, '0011100000': 1, '1010000000': 8, '1010111010': 1, '0101011101': 6, '0001111110': 1, '1110011110': 9, '0001011111': 1, '1100001001': 2, '0111111101': 1, '1001110110': 1, '0100000011': 3, '0001000011': 2, '1011010011': 1, '0111001010': 2, '1010000001': 9, '1011101100': 5, '0111111111': 1, '0110111100': 7, '1001001010': 1, '1001100011': 6, '0110110110': 1, '0011010000': 1, '0010110001': 11, '1111000010': 1, '0101010001': 9, '1101001001': 2, '1010000011': 20, '0100100010': 1, '1100110001': 3, '1010010000': 1, '0101100010': 3, '1111001100': 3, '1110010011': 1, '0010010011': 2, '1101010001': 10, '0110000000': 1, '1011001010': 3, '1011011101': 3, '1010101100': 3, '1111000110': 3, '1001000011': 2, '1010111110': 14, '0110110001': 1, '1110101110': 3, '0011011111': 3}","DensityMatrix([[ 1.14248052e-05+0.00000000e+00j,
                -3.67153457e-05-5.24678297e-20j,
                 2.74715222e-05-2.99462506e-06j, ...,
                 3.90207823e-05-5.64280358e-05j,
                 1.39902957e-04+1.47276140e-05j,
                -2.71312873e-06-7.00336929e-05j],
               [-3.67153457e-05+5.24678297e-20j,
                 1.17990336e-04+0.00000000e+00j,
                -8.82839064e-05+9.62368217e-06j, ...,
                -1.25399207e-04+1.81340058e-04j,
                -4.49599387e-04-4.73294230e-05j,
                 8.71905099e-06+2.25063902e-04j],
               [ 2.74715222e-05+2.99462506e-06j,
                -8.82839064e-05-9.62368217e-06j,
                 6.68416044e-05+0.00000000e+00j, ...,
                 1.08618140e-04-1.25456093e-04j,
                 3.32543393e-04+7.20841063e-05j,
                 1.18331011e-05-1.69110713e-04j],
               ...,
               [ 3.90207823e-05+5.64280358e-05j,
                -1.25399207e-04-1.81340058e-04j,
                 1.08618140e-04+1.25456093e-04j, ...,
                 4.11975923e-04+0.00000000e+00j,
                 4.05089837e-04+7.41293344e-04j,
                 3.36635527e-04-2.52596517e-04j],
               [ 1.39902957e-04-1.47276140e-05j,
                -4.49599387e-04+4.73294230e-05j,
                 3.32543393e-04-7.20841063e-05j, ...,
                 4.05089837e-04-7.41293344e-04j,
                 1.73217307e-03+0.00000000e+00j,
                -1.23503543e-04-8.54103208e-04j],
               [-2.71312873e-06+7.00336929e-05j,
                 8.71905099e-06-2.25063902e-04j,
                 1.18331011e-05+1.69110713e-04j, ...,
                 3.36635527e-04+2.52596517e-04j,
                -1.23503543e-04+8.54103208e-04j,
                 4.29948617e-04+0.00000000e+00j]],
              dims=(2, 2, 2, 2, 2, 2, 2, 2, 2, 2))","{'1001111101': 1, '0000011101': 1, '1010010010': 1, '1011000101': 1, '1111001110': 1, '1111100001': 1, '1001011110': 1, '1000000101': 1, '1100110011': 1, '1101111000': 1, '1110110101': 1, '0010110111': 1, '1110001001': 1, '1000000011': 1, '0101101101': 1, '0101101110': 1, '1000111101': 1, '0111001111': 1, '0000111101': 1, '1110101101': 1, '0000000001': 1, '1111101010': 1, '1110110110': 1, '1010100000': 1, '1100001001': 1, '0110001100': 1, '0101010010': 2, '0110110011': 1, '1111000100': 1, '0010101111': 1, '1000100000': 1, '1101011100': 1, '1111111010': 1, '0010100000': 2, '1110001110': 5, '0000100000': 1, '0111010011': 2, '0111100111': 1, '0001110100': 1, '0101110110': 1, '0011100000': 1, '1000111100': 1, '1011001001': 1, '1001100010': 1, '1100000010': 2, '1111110011': 1, '1010000000': 2, '0001111100': 3, '1111001100': 2, '0110001111': 1, '0011001100': 4, '0001101100': 1, '1010110010': 3, '1101010000': 2, '0001111110': 1, '1101000010': 3, '0111011111': 1, '0011000111': 1, '0111000001': 1, '0110010001': 1, '1101111111': 1, '1110001010': 2, '1111100011': 2, '0011110010': 2, '0011010101': 1, '0001010001': 3, '0111100001': 1, '0100010111': 1, '1111110110': 2, '0111100110': 1, '0111100011': 2, '1001000110': 3, '0011001011': 1, '1001010010': 1, '1011110100': 1, '0000111110': 1, '0010001101': 3, '1100111111': 1, '1011100000': 3, '0110110001': 2, '1100101100': 1, '0111001100': 3, '0011000011': 4, '1100011100': 1, '0011111110': 5, '1001011100': 2, '1101000011': 2, '0101000001': 3, '1010001110': 2, '1100010011': 1, '0111001110': 4, '0010100001': 3, '1101100011': 8, '0110101111': 2, '1001100001': 2, '1011110110': 2, '0010101101': 1, '0010010101': 1, '0111101010': 1, '1100011011': 1, '1010001010': 4, '0000101110': 1, '0011101110': 6, '0110110010': 1, '1011000110': 1, '0000101100': 1, '1010011001': 1, '0000010011': 1, '0101000110': 1, '1001011000': 1, '1010101100': 1, '1101101100': 1, '1111000110': 1, '1001011101': 1, '0100001101': 1, '0100011100': 1, '1011110011': 1, '1110111111': 2, '0110001001': 2, '0110100001': 1, '1110010101': 2, '1110111110': 3, '0110111101': 3, '0010110110': 2, '0011101111': 2, '1100100101': 1, '1110011110': 3, '0011100011': 1, '0110000000': 1, '0011010001': 3, '0011110110': 2, '0010000011': 5, '1100101110': 1, '1100001101': 1, '1011110010': 1, '0110000001': 5, '0111001101': 1, '0001100001': 1, '1010010001': 3, '1011001010': 3, '0001100011': 2, '1011000010': 6, '1010100110': 1, '0101011110': 1, '0010101110': 2, '1101000001': 1, '1011101110': 7, '0110011111': 1, '0100100001': 3, '0011101010': 1, '1010111001': 1, '0010011101': 3, '0101110101': 1, '1011000011': 3, '1010110101': 1, '0010110011': 3, '1100001110': 1, '0110101010': 2, '0010000101': 1, '1000000001': 3, '1001111100': 3, '0101100010': 4, '0110010011': 2, '0011111010': 2, '0010101100': 2, '0011101100': 4, '1111011101': 5, '0110001101': 2, '1100110001': 1, '0101110001': 3, '0101111101': 1, '0110101110': 3, '0111111110': 1, '1101101010': 1, '0100101110': 1, '1110011100': 5, '1000000010': 1, '0010010011': 1, '0000011100': 1, '1111011100': 4, '0000001011': 1, '1011011101': 2, '1101110110': 1, '1110001111': 1, '0100010000': 1, '0011001010': 4, '1010111101': 6, '0111101100': 2, '1101010010': 2, '0111001010': 1, '1101101001': 3, '1011010011': 2, '1001110001': 2, '0010001001': 1, '0011011001': 1, '0010000010': 5, '0000110001': 3, '1001001100': 1, '0001100101': 1, '1110100010': 2, '1111001101': 1, '1011100001': 8, '1101110001': 5, '1001101100': 1, '1011100010': 3, '0101011011': 1, '1011100011': 2, '1110100000': 1, '0011000001': 3, '0011010011': 4, '1001000000': 2, '0110000010': 5, '0010100110': 3, '1001011111': 1, '0011001000': 1, '0111111100': 1, '1010101000': 1, '0100110001': 1, '1100010001': 3, '1001010110': 1, '0110111111': 1, '0100011110': 1, '0101100111': 1, '1001100101': 3, '1010101110': 1, '0010011100': 3, '0011100001': 14, '0110111100': 6, '0110100110': 1, '1011100100': 1, '1011011110': 10, '1010001001': 2, '0011111111': 3, '1001010011': 1, '1000110001': 1, '1111010011': 2, '0011000000': 1, '0110100101': 2, '0010110100': 1, '0011110011': 1, '0100111101': 4, '1001010101': 2, '0011100110': 1, '1011011001': 2, '0100111110': 3, '1010011111': 1, '1011001110': 4, '0111110010': 1, '0011011110': 5, '0110000011': 5, '0000111100': 3, '1110000011': 3, '0010111101': 18, '0001101110': 4, '0100111011': 1, '1110000001': 2, '1010110011': 3, '0010000110': 1, '1100000011': 5, '1011110001': 3, '1010001111': 1, '1011111010': 1, '1101001110': 2, '0011001101': 2, '0010110101': 1, '0110001110': 1, '1010100010': 4, '1110000110': 1, '1111000011': 1, '0100010011': 1, '0001111111': 1, '0101000010': 2, '1001111110': 1, '1011010010': 1, '1110010011': 1, '0111101110': 2, '0010111100': 11, '0110101100': 3, '0111100000': 1, '1100100001': 4, '1110101100': 1, '0010111001': 3, '0001110101': 1, '1000100001': 2, '0110011101': 1, '1010000010': 7, '1010011110': 2, '1010111110': 7, '0010111010': 1, '1011110101': 1, '1101100010': 2, '1100011111': 1, '1111010110': 1, '0010000111': 1, '1111100010': 1, '0001111010': 2, '1011101011': 1, '1101101110': 4, '0001001110': 1, '1010100001': 2, '0101100011': 10, '1100111110': 1, '0101011000': 1, '1110111101': 4, '1010001100': 2, '1011010101': 1, '1101001010': 2, '1110010001': 1, '1110010010': 1, '0000101010': 1, '0001000011': 2, '1001000001': 3, '1010110001': 10, '0001110010': 2, '0011100010': 2, '1100000000': 1, '0011111001': 1, '0010010000': 2, '0011001110': 5, '0111110110': 3, '0001011110': 4, '1100111100': 1, '1001001111': 1, '0011011111': 1, '1110101110': 6, '1100000001': 2, '0101100001': 5, '0000001111': 1, '1111111100': 3, '1011001101': 3, '1011000100': 1, '1111101110': 1, '0010000001': 10, '0010000000': 1, '1001000010': 4, '1100010010': 1, '0110100011': 2, '0010010001': 4, '0101101001': 1, '0001011001': 1, '1000010011': 2, '0001011100': 3, '1000101010': 1, '0101010101': 1, '1100111101': 4, '1010100011': 4, '0110011100': 1, '0001001011': 1, '0101011100': 1, '1101010011': 4, '1011111110': 10, '1001010001': 3, '1010000111': 1, '1001001110': 1, '1100000101': 2, '0101000011': 2, '1111101100': 3, '0010111110': 3, '0011011100': 4, '1011111111': 1, '0001111101': 3, '0101111100': 2, '0011111101': 5, '0101011101': 2, '0001000010': 3, '1110110001': 4, '0101010011': 9, '1010101111': 1, '1010010101': 2, '1110111100': 10, '1110000010': 5, '1011101100': 4, '1010000001': 6, '0111011101': 2, '0100110011': 2, '1111000010': 4, '0101010001': 6, '0010011110': 5, '1010011101': 1, '1101011110': 4, '0110100010': 1, '0011111100': 5, '0011000110': 1, '1101100001': 6, '1110100001': 5, '0011110001': 1, '0001110011': 1, '1111110001': 1, '1010000011': 10, '1101010001': 7, '1010111111': 1, '1010111100': 2, '1010010011': 1, '0110111110': 4, '1101100101': 1, '1011111100': 10, '0111110001': 1, '0100000001': 3, '0011011101': 1, '1100010101': 1, '0100000010': 3, '1011000001': 6, '1101111101': 5, '0001001010': 1, '0000000110': 1, '1011101101': 1, '0110011110': 8, '1101111010': 2, '1011101000': 1, '0010001110': 4, '1110001011': 1, '0010100011': 2, '1000110000': 1, '1011010001': 9, '1111011110': 1, '1101010101': 3, '1010010000': 1, '1001100011': 3, '0110110110': 1, '0011010000': 1, '1111001010': 1, '0010110001': 6, '0011101101': 2, '1101111001': 1, '1011011100': 6, '0111111111': 1, '0101101100': 2, '1110100011': 2, '1010011100': 5, '1101111100': 4, '0010011000': 2, '1000101100': 1, '1001101110': 1, '0101101111': 1, '1101011101': 1, '0111011110': 1}","DensityMatrix([[ 7.57890620e-05+0.00000000e+00j,
                -1.17088193e-04-5.83748111e-05j,
                 1.19111116e-04-3.79855994e-05j, ...,
                 6.18839285e-05-5.75531640e-05j,
                 1.06917399e-04-5.41089439e-06j,
                 1.16101405e-06-7.39315041e-05j],
               [-1.17088193e-04+5.83748111e-05j,
                 5.18301347e-04+0.00000000e+00j,
                -2.54011033e-04+6.00539270e-05j, ...,
                -1.56774734e-04+2.09552085e-04j,
                -3.42112719e-04-3.64233771e-05j,
                 8.27849033e-06+2.27327279e-04j],
               [ 1.19111116e-04+3.79855994e-05j,
                -2.54011033e-04-6.00539270e-05j,
                 2.79245178e-04+0.00000000e+00j, ...,
                 1.45118755e-04-1.18318605e-04j,
                 2.74275221e-04+3.04224949e-05j,
                 1.92547566e-05-1.66962977e-04j],
               ...,
               [ 6.18839285e-05+5.75531640e-05j,
                -1.56774734e-04-2.09552085e-04j,
                 1.45118755e-04+1.18318605e-04j, ...,
                 5.21925902e-04+0.00000000e+00j,
                 3.52207836e-04+6.26063985e-04j,
                 3.28404325e-04-2.55149226e-04j],
               [ 1.06917399e-04+5.41089439e-06j,
                -3.42112719e-04+3.64233771e-05j,
                 2.74275221e-04-3.04224949e-05j, ...,
                 3.52207836e-04-6.26063985e-04j,
                 1.66012746e-03+0.00000000e+00j,
                -9.46692560e-05-7.78676641e-04j],
               [ 1.16101405e-06+7.39315041e-05j,
                 8.27849033e-06-2.27327279e-04j,
                 1.92547566e-05+1.66962977e-04j, ...,
                 3.28404325e-04+2.55149226e-04j,
                -9.46692560e-05+7.78676641e-04j,
                 4.41412892e-04+0.00000000e+00j]],
              dims=(2, 2, 2, 2, 2, 2, 2, 2, 2, 2))"
data/selected_mutant_qc/mutants_ae_10/ae_10_Mutant_Replace_cx_P70_Q4_[].qasm,PureState_2,"{'1001011000': 1, '0001000101': 2, '0110011011': 1, '0100011001': 1, '1011110010': 1, '1110001001': 1, '1000001001': 1, '0110000101': 1, '0101010101': 1, '0101101101': 1, '0110011000': 2, '1101000111': 1, '0111010100': 1, '0110111110': 1, '0100010010': 1, '0001000000': 1, '1010110010': 1, '0011101010': 1, '1101000001': 1, '0110110001': 1, '0001100111': 1, '0011000110': 1, '1101100001': 1, '0111110001': 1, '1010110101': 1, '1111101001': 1, '1110101011': 1, '0110101111': 3, '0111100110': 1, '1110111001': 3, '1001101011': 2, '0001011011': 1, '0001000111': 2, '1010101001': 2, '0010101110': 1, '1111010010': 1, '1010010110': 1, '1011111001': 1, '0010011101': 1, '1101010100': 1, '0110001010': 1, '0011110010': 1, '1110001010': 1, '0010011010': 1, '0101100100': 2, '1101001101': 2, '1001011011': 3, '0011111001': 1, '0010101000': 1, '0000101001': 1, '0110001110': 1, '0101001101': 2, '1100100110': 2, '1110001111': 1, '1101110110': 1, '0110000110': 1, '0001111101': 2, '0111100010': 2, '0110100110': 2, '1011111010': 2, '0110110100': 1, '1001010001': 1, '1010011001': 1, '1110000101': 4, '0010101101': 5, '0111100101': 1, '0001011100': 1, '0001101010': 9, '0000100110': 1, '1110111110': 1, '0010111001': 1, '0001110101': 22, '0101111001': 1, '0110101000': 1, '1101000010': 1, '1001101111': 1, '0001001001': 3, '0001010100': 3, '0001111100': 2, '0100010110': 2, '1000011001': 1, '1010011111': 1, '0110011001': 16, '1101010001': 2, '0001101011': 1, '1010010010': 1, '1110101010': 3, '0011001110': 1, '1010101110': 1, '1101100100': 3, '1001010110': 15, '1100010110': 1, '1111111001': 2, '0001100011': 1, '1010100110': 1, '0011010101': 1, '0110011101': 4, '1001100100': 2, '0010011011': 1, '0100100000': 1, '0001111010': 3, '1110011101': 5, '0011100100': 1, '0001010101': 3, '1001001110': 2, '0000010010': 1, '0101111010': 3, '0110100001': 1, '1110010101': 2, '0101010100': 1, '0101101010': 2, '0101110010': 12, '1111101010': 1, '0001001010': 15, '0011010110': 1, '1011100010': 1, '1000011010': 2, '1110110000': 1, '1110011001': 13, '1110001000': 1, '0011010111': 1, '0101101001': 1, '1101101110': 2, '1111100010': 2, '1111010110': 3, '1101110100': 3, '0100100110': 1, '1110110101': 8, '1001101001': 5, '1101011001': 2, '0001110110': 6, '1101111001': 2, '0101000010': 2, '1001111110': 2, '0001100101': 1, '0001101110': 2, '1110100110': 1, '1110111111': 2, '0110101010': 2, '0001101111': 1, '0001110100': 2, '1001100010': 8, '0001011110': 2, '1000010010': 1, '1101001001': 2, '0101001001': 3, '1101100011': 1, '1101101010': 5, '1100010010': 1, '1001101010': 7, '0100101010': 1, '0001011101': 7, '0001101101': 14, '1100010101': 2, '0001001110': 5, '1001010111': 2, '1110111101': 1, '1100101101': 1, '1001101101': 11, '0001011111': 2, '0101010001': 1, '0110101011': 1, '1000010110': 3, '1001110101': 12, '1011100100': 1, '0110110101': 4, '1011010110': 1, '1001111101': 2, '1110001101': 7, '1001011001': 11, '1110100010': 1, '1110101001': 7, '1011110101': 1, '1101100010': 3, '1010001000': 1, '1001000010': 2, '0001001100': 1, '0110110010': 1, '0001010010': 14, '1100101001': 1, '1101101001': 4, '0001011010': 1, '0101100010': 7, '1011001101': 2, '0010010110': 1, '0110110110': 3, '1001001001': 11, '1110000110': 2, '0111000100': 1, '1111100110': 2, '1110011110': 2, '0110101101': 9, '1001110001': 6, '0001000010': 1, '0101011101': 2, '0110001001': 2, '1001110100': 4, '1101100110': 5, '0101000110': 9, '0101110110': 6, '0101001010': 4, '0001100010': 8, '0001101001': 11, '0111001110': 1, '1110001011': 1, '0011110001': 1, '1001101000': 2, '0110010101': 4, '1110010010': 1, '1101001010': 9, '0110001011': 2, '1101010010': 9, '0110111010': 2, '1001100001': 3, '1110101101': 11, '0110101001': 9, '1001101100': 1, '1101110010': 11, '0101100110': 15, '0001100110': 16, '1010011101': 1, '0010011001': 3, '1010001101': 1, '1101010110': 16, '0001110111': 2, '1000101101': 2, '1001011101': 8, '1111001010': 1, '1101110101': 8, '0010110110': 2, '1001100110': 21, '0011001010': 1, '0110011110': 1, '0011001101': 2, '1001010101': 6, '0110111001': 6, '1100011001': 1, '0011100011': 1, '1001111010': 3, '1001000110': 14, '0011010010': 1, '1001110010': 18, '0101010000': 1, '0101110001': 1, '0101010010': 9, '0100001001': 1, '1111110101': 2, '1011101001': 1, '0110001101': 7, '1011010010': 2, '1001011111': 1, '1100000100': 1, '1101000110': 8, '1001010100': 2, '1001011110': 3, '0001000110': 15, '0101100000': 1, '0001001101': 19, '1001010010': 13, '0001011001': 15, '1111001101': 1, '1100000110': 1, '1101111010': 5, '0101010110': 10, '1001111001': 15, '1101001011': 1, '1001110110': 6, '0001010110': 9, '0001111001': 15, '1110010110': 1, '0001010001': 3, '0101100001': 1, '0000011001': 2, '0010101001': 7, '1010101101': 3, '0001110010': 14, '1001001101': 19, '1001001010': 14, '0001100001': 2}","DensityMatrix([[ 7.23455355e-07+0.00000000e+00j,
                 1.54985960e-06-9.96419090e-23j,
                 4.47987273e-07-1.48122701e-06j, ...,
                -2.42110576e-06+4.82217647e-06j,
                 2.17710305e-06+5.57370219e-07j,
                 1.02135039e-06+2.11660326e-06j],
               [ 1.54985960e-06+9.96419090e-23j,
                 3.32026678e-06+0.00000000e+00j,
                 9.59723874e-07-3.17323506e-06j, ...,
                -5.18673887e-06+1.03305566e-05j,
                 4.66401146e-06+1.19405514e-06j,
                 2.18804062e-06+4.53440265e-06j],
               [ 4.47987273e-07+1.48122701e-06j,
                 9.59723874e-07+3.17323506e-06j,
                 3.31012277e-06+0.00000000e+00j, ...,
                -1.13723155e-05-1.97100422e-06j,
                 2.06954911e-07+4.80261647e-06j,
                -3.70115158e-06+3.40181751e-06j],
               ...,
               [-2.42110576e-06-4.82217647e-06j,
                -5.18673887e-06-1.03305566e-05j,
                -1.13723155e-05+1.97100422e-06j, ...,
                 4.02445552e-05+0.00000000e+00j,
                -3.57072371e-06-1.63767222e-05j,
                 1.06901373e-05-1.38911849e-05j],
               [ 2.17710305e-06-5.57370219e-07j,
                 4.66401146e-06-1.19405514e-06j,
                 2.06954911e-07-4.80261647e-06j, ...,
                -3.57072371e-06+1.63767222e-05j,
                 6.98099645e-06+0.00000000e+00j,
                 4.70425250e-06+5.58264321e-06j],
               [ 1.02135039e-06-2.11660326e-06j,
                 2.18804062e-06-4.53440265e-06j,
                -3.70115158e-06-3.40181751e-06j, ...,
                 1.06901373e-05+1.38911849e-05j,
                 4.70425250e-06-5.58264321e-06j,
                 7.63442542e-06+0.00000000e+00j]],
              dims=(2, 2, 2, 2, 2, 2, 2, 2, 2, 2))","{'1111001010': 1, '1100001111': 1, '1110001100': 1, '1011011101': 1, '1110011100': 1, '0001100101': 1, '1101010100': 1, '0111100000': 1, '0011110001': 1, '1110000110': 1, '1001010011': 1, '1010100010': 1, '0101010000': 1, '1110101111': 2, '1110100110': 2, '1001011011': 1, '0110101110': 1, '0011000010': 1, '0010111000': 1, '1110000010': 1, '0110001100': 1, '0101001101': 1, '0010101110': 1, '1011000010': 2, '1010110101': 1, '1001011010': 3, '1111111001': 2, '0101101001': 1, '0101010100': 1, '0011101101': 1, '0110111101': 1, '1010001100': 1, '0001010000': 1, '1010111001': 2, '1001101110': 2, '1100101100': 1, '1011101100': 1, '0011010010': 4, '0101110001': 1, '1101001011': 1, '1000011001': 2, '0011000110': 1, '1101100001': 2, '1000001001': 1, '0110000101': 5, '1000001111': 1, '0101010110': 2, '0011011101': 1, '0010101101': 3, '1000011011': 1, '0011111100': 1, '0110100010': 1, '0100010101': 1, '1010001110': 1, '0110101111': 1, '1001001000': 1, '0101101101': 2, '1111001110': 1, '0101010011': 1, '1111101010': 1, '1110110001': 1, '1100011110': 1, '1011111000': 1, '1100011101': 1, '1001000010': 1, '0010110111': 1, '0101000101': 1, '0101111000': 1, '0111011001': 1, '1001111010': 4, '0001111010': 2, '1001101011': 3, '1100101010': 1, '1011010111': 1, '0000101101': 1, '1011000001': 1, '1001001100': 1, '1010110001': 1, '1011111001': 3, '1001011000': 1, '0001001100': 1, '0000100101': 1, '1111100110': 1, '0010010010': 1, '1001011110': 2, '1001010100': 2, '1000010100': 1, '0101111010': 2, '0011100001': 2, '1101100100': 1, '1010101110': 2, '1111010100': 1, '1110010010': 2, '1110010001': 1, '0111010010': 2, '1000010010': 2, '1011101001': 1, '1011101010': 2, '1011100010': 1, '1110000101': 1, '0010100010': 1, '1010100110': 1, '0001100011': 2, '1100101110': 2, '1011111010': 2, '1101010110': 7, '0001100010': 2, '1000001010': 1, '1011101101': 1, '1010101101': 3, '1000000101': 1, '1000000000': 1, '1110011101': 6, '0011111010': 1, '1100100110': 2, '1010010101': 1, '1101110100': 1, '0001000001': 3, '1101110110': 2, '0011011001': 2, '1010010010': 2, '1110101010': 3, '0001101010': 1, '0000100110': 2, '1110111110': 1, '0100111000': 1, '1110011000': 1, '0001010011': 1, '0001110111': 4, '1101101001': 4, '1011010011': 1, '1100101001': 5, '0011110101': 2, '0011001001': 2, '0110010101': 2, '1100011001': 3, '0100100100': 1, '0000010101': 2, '1111000110': 1, '0101000110': 3, '1011001101': 4, '0001110100': 2, '0001101111': 1, '0111111010': 3, '1001111101': 1, '1010101011': 1, '1011010110': 3, '0110010110': 2, '1101010010': 8, '1010011001': 4, '1011011011': 1, '1101000010': 2, '1001101111': 1, '1010011101': 1, '1001000101': 6, '0101100110': 7, '0001100110': 14, '1101110010': 10, '1101110011': 2, '1111110101': 2, '0010101010': 1, '0110110110': 4, '1001001001': 9, '0001111110': 1, '1110011110': 3, '0000000001': 1, '0001011011': 1, '1110101110': 1, '1001001111': 1, '0001101001': 12, '0001111000': 2, '0101001010': 2, '0101110110': 4, '0100001110': 1, '0101010010': 4, '1011111110': 1, '1101101101': 2, '1011110101': 3, '1101100010': 2, '1100001010': 1, '1100111001': 1, '0011100110': 4, '1001010101': 2, '1001111011': 2, '0101011001': 2, '0000001000': 1, '0011001111': 1, '1111010010': 2, '0100001101': 3, '1001011101': 3, '0011110111': 2, '1100101101': 2, '1001101101': 6, '0001110110': 5, '1101111001': 5, '1001011100': 1, '0111110000': 1, '1011100110': 5, '0001110001': 2, '0010110101': 1, '1001110111': 2, '0001010010': 6, '1001110010': 11, '0001100001': 2, '0001001001': 5, '1111110001': 1, '1001100001': 1, '1011001010': 1, '0110000000': 1, '1100001011': 1, '0010110110': 2, '0110100110': 1, '1110101101': 9, '0110101001': 9, '0001011101': 5, '1000010110': 1, '1010001011': 1, '0101100010': 2, '1000101101': 1, '0111110101': 1, '1101000110': 6, '1001100101': 2, '1101110001': 2, '1001110110': 5, '0001010110': 14, '0100110101': 1, '1001111001': 11, '1110110110': 3, '0011101011': 1, '1000100110': 1, '0110100101': 2, '1101011001': 2, '1001101001': 4, '1110110101': 3, '0001111001': 10, '0010011001': 7, '0001001111': 2, '0000111001': 2, '0101100100': 2, '1000000010': 1, '1001100010': 7, '0101010101': 2, '1000101010': 1, '1110010111': 1, '1100000101': 1, '1001001110': 5, '0001010101': 5, '0010110010': 1, '0111101001': 1, '1101001000': 1, '0001101101': 7, '1101011010': 2, '0011010101': 2, '0101110111': 1, '0011010110': 7, '0001001010': 13, '0000011001': 3, '1010101010': 1, '0010101001': 4, '1000101110': 1, '0110101010': 1, '0100101101': 3, '0100100010': 2, '0110010010': 2, '0110011111': 2, '0001000010': 2, '0110001101': 7, '0011000101': 1, '1001111110': 1, '0101000111': 1, '0100101010': 1, '1100010010': 1, '1001101010': 5, '0100110010': 1, '1111100001': 1, '0001111101': 1, '1001110011': 1, '1110111001': 5, '1110110000': 1, '1110011001': 12, '0001000110': 7, '0000001010': 1, '0111010110': 2, '0110011110': 1, '0011001010': 3, '0011001101': 2, '1001100110': 16, '1111010110': 3, '1110011010': 1, '1001010000': 1, '1110001010': 5, '0011110010': 4, '0001000100': 1, '1100010110': 2, '1001010110': 11, '1001100100': 4, '0111110001': 1, '0111101101': 3, '1011000110': 2, '0110111001': 8, '0010111001': 1, '0001110101': 14, '0101111001': 5, '1110111101': 1, '0001001110': 3, '1001010111': 1, '1011101110': 1, '1101000001': 1, '1010010110': 2, '0001001101': 13, '0110011001': 8, '0100101001': 3, '1100110010': 1, '0011111111': 1, '0011001000': 1, '1101100110': 16, '0101110101': 4, '1011110110': 3, '1011110001': 1, '1001001101': 7, '0110110101': 2, '1001110101': 12, '1101111000': 1, '0001110000': 1, '1001000001': 1, '0001110010': 11, '0101110010': 6, '1101111010': 3, '0011101001': 2, '0100111001': 1, '1000011101': 2, '0110011101': 6, '1001000110': 6, '1101001110': 2, '0001001011': 4, '1110101001': 5, '1110100010': 1, '0001011001': 11, '1110001001': 2, '1001010010': 7, '1010011011': 1, '1001001010': 14, '1001011001': 7, '1110001101': 8, '1101101010': 2, '1111001000': 1, '0011111001': 3, '1011110010': 2, '0010100101': 1, '0000110101': 1, '0111000101': 1, '1001110001': 4, '0110101101': 14, '0100010110': 2, '1100001001': 2, '0000010110': 2, '1101000100': 1, '1010101001': 1, '1111011001': 1, '0001000111': 1, '1001100111': 2, '1101001101': 4, '1001110100': 1, '0110001001': 4, '0001000101': 2, '1001000000': 1, '0010100110': 1, '1110010110': 3, '1111001101': 1, '1011000101': 1, '0011100101': 1, '1111110010': 2, '1101100101': 1, '0010000110': 1, '1101110101': 3, '0100011001': 3, '1101001010': 6, '0010001101': 2}","DensityMatrix([[ 1.65162166e-06+0.00000000e+00j,
                 1.26233509e-06+5.97983914e-07j,
                 1.58876931e-06-2.34770192e-06j, ...,
                -1.62828478e-06+4.67304424e-06j,
                 1.59029447e-06+1.45482587e-07j,
                 1.16632470e-06+1.62224611e-06j],
               [ 1.26233509e-06-5.97983914e-07j,
                 7.66417328e-06+0.00000000e+00j,
                -1.59873534e-06-4.44047950e-06j, ...,
                -3.92985991e-06+9.06963662e-06j,
                 3.21937419e-06+5.20027690e-07j,
                 1.82810544e-06+3.91178938e-06j],
               [ 1.58876931e-06+2.34770192e-06j,
                -1.59873534e-06+4.44047950e-06j,
                 8.73692812e-06+0.00000000e+00j, ...,
                -9.63835619e-06-3.54468784e-07j,
                 7.71376112e-07+3.60131739e-06j,
                -3.01647336e-06+3.12372288e-06j],
               ...,
               [-1.62828478e-06-4.67304424e-06j,
                -3.92985991e-06-9.06963662e-06j,
                -9.63835619e-06+3.54468784e-07j, ...,
                 4.98779615e-05+0.00000000e+00j,
                -6.92241613e-06-1.82274248e-05j,
                 1.27988630e-05-1.41679637e-05j],
               [ 1.59029447e-06-1.45482587e-07j,
                 3.21937419e-06-5.20027690e-07j,
                 7.71376112e-07-3.60131739e-06j, ...,
                -6.92241613e-06+1.82274248e-05j,
                 1.93345175e-05+0.00000000e+00j,
                 3.49003059e-06+5.71087243e-06j],
               [ 1.16632470e-06-1.62224611e-06j,
                 1.82810544e-06-3.91178938e-06j,
                -3.01647336e-06-3.12372288e-06j, ...,
                 1.27988630e-05+1.41679637e-05j,
                 3.49003059e-06-5.71087243e-06j,
                 9.86861937e-06+0.00000000e+00j]],
              dims=(2, 2, 2, 2, 2, 2, 2, 2, 2, 2))"
data/selected_mutant_qc/mutants_ae_10/ae_10_Mutant_Replace_cx_P70_Q4_[].qasm,PureState_3,"{'0111110100': 1, '0111101101': 1, '1000100100': 1, '0010010011': 1, '0111001101': 1, '0000011110': 1, '1110101011': 1, '0111001100': 1, '1111001110': 1, '0101011110': 1, '0111101000': 2, '1111010100': 2, '0100111001': 1, '1110001101': 1, '1000010000': 1, '1100010100': 1, '0000011011': 1, '1111001010': 3, '1000110100': 1, '0011010111': 2, '0000100000': 1, '1110111001': 1, '1100111000': 1, '0111001111': 1, '0100101001': 1, '0100001010': 1, '0110101111': 1, '1000110011': 3, '0111111011': 3, '0111110011': 1, '1100010111': 1, '0000111000': 3, '0001110101': 1, '0101111001': 1, '0010010101': 1, '1011010110': 1, '0100111100': 1, '1100000001': 1, '1100110110': 2, '1110000000': 1, '1001010000': 1, '1011101010': 2, '0000101011': 1, '0100000110': 2, '0110001110': 1, '1000011011': 1, '0000111110': 1, '1000101001': 3, '0100010000': 4, '0011010110': 1, '0100101010': 1, '1101101010': 1, '0100010001': 1, '0110001000': 1, '0111101100': 4, '0010010000': 1, '1100000000': 2, '1111011011': 14, '1010001111': 2, '0000000010': 1, '1101011011': 2, '0101000100': 2, '0000110100': 4, '0000010101': 3, '1100001100': 1, '1000000100': 5, '0011010000': 1, '1111111010': 1, '1100101000': 3, '0000001001': 14, '1000001110': 12, '0000011010': 1, '0111001001': 1, '0111001110': 1, '1000100101': 4, '0001011100': 1, '1100100000': 1, '0000001110': 8, '1110110100': 1, '1100001011': 1, '0100000000': 1, '1110000100': 3, '1100001111': 4, '1111110111': 4, '1000010111': 1, '1111100101': 2, '0111101111': 11, '1111011000': 1, '0000110001': 8, '0111011100': 3, '0001100101': 1, '1000011111': 2, '0000101000': 3, '1111010001': 1, '0111110001': 3, '0101100101': 1, '1101101111': 2, '0000100101': 1, '1100010011': 1, '1010001000': 3, '0000001011': 3, '0000000100': 3, '1100110100': 3, '0011001001': 1, '0100010111': 1, '0111010000': 1, '0110010101': 2, '0111000111': 1, '0110111111': 1, '0000001100': 1, '0100001111': 4, '0010110101': 1, '0011011100': 1, '1100100011': 1, '0110010111': 1, '0100100101': 3, '0010001110': 1, '0100001110': 3, '1111011110': 2, '1100100100': 2, '1100111110': 1, '1100001010': 3, '1000000111': 5, '1100011111': 2, '1111010110': 8, '0100101000': 3, '1011011110': 1, '1110111011': 1, '1111101011': 5, '0111000100': 1, '1000000110': 4, '1111000101': 1, '0000110000': 10, '1000110111': 16, '1000110010': 1, '1011011100': 2, '0100000010': 1, '0000111001': 1, '1110101010': 1, '1111011111': 3, '0000011111': 3, '1101011010': 2, '0010000111': 1, '1011001000': 1, '1000110101': 12, '1100100101': 5, '0000000101': 4, '0011101100': 1, '1000001010': 2, '0100010011': 1, '0000110111': 5, '0100110111': 6, '1100010101': 3, '0000110011': 4, '0111111000': 3, '1000000001': 1, '1010100101': 1, '0111110110': 1, '1111010111': 7, '0100001001': 12, '1111101110': 5, '1010101000': 1, '0001110000': 1, '0100111011': 1, '1111101100': 5, '0111110111': 2, '1000101100': 1, '0000000111': 3, '0010001011': 3, '1111101000': 6, '1101100000': 1, '0111110000': 1, '0111101110': 2, '0000000110': 4, '1111001001': 2, '1111000111': 1, '0110101010': 1, '1100110001': 17, '1000101110': 1, '1101001111': 1, '1100001001': 8, '0010101011': 1, '0000010001': 2, '0111010111': 14, '0100110000': 13, '0000101110': 1, '0000111100': 1, '0000110010': 1, '0100001000': 12, '0100100111': 1, '1111010011': 1, '1111110001': 1, '0110111010': 2, '0000111011': 6, '0000110110': 5, '1100110011': 5, '1100101001': 2, '1111101010': 27, '1110110001': 1, '0110010000': 1, '0101010100': 1, '0011011111': 1, '1100111100': 1, '1110110000': 1, '0001100000': 1, '1011010001': 1, '1100000100': 6, '0111101010': 21, '0111100000': 2, '1100100001': 1, '1000001001': 6, '1000001100': 4, '0100000100': 7, '1100010001': 1, '0100110001': 12, '0010100101': 1, '0000110101': 7, '1010110100': 1, '1111110110': 1, '1100111011': 3, '1000001111': 15, '0110000010': 1, '0100110101': 7, '1000011110': 1, '0110110010': 1, '0000001111': 15, '0110000100': 2, '0100111010': 2, '1000111111': 4, '0010110111': 2, '1010110000': 1, '1000001101': 1, '0101101111': 1, '1000110000': 16, '1100111010': 2, '0110011111': 1, '1010100011': 1, '0100010100': 1, '1000010101': 3, '0100100100': 2, '0001010101': 1, '1100000101': 11, '1111011100': 8, '1100100111': 1, '0111110101': 2, '0100110011': 3, '1100110000': 20, '1000110110': 4, '1100010000': 2, '1000111010': 17, '1101011000': 1, '0100000101': 7, '1000010011': 1, '0111011010': 19, '0010010111': 1, '0110100101': 1, '1000110001': 8, '1100001101': 4, '0111101011': 7, '1000001000': 5, '1100111001': 1, '1111010010': 1, '0000111111': 1, '0000001010': 4, '0111010110': 4, '0100010101': 4, '0101001010': 1, '0100110100': 6, '1011011011': 1, '0111011111': 10, '1111110010': 1, '1000101111': 2, '1000111011': 4, '1000000101': 4, '0010110001': 3, '0111011011': 11, '0000010100': 1, '0000111010': 12, '0000001000': 16, '0110001111': 2, '0101011010': 1, '1100001000': 21, '0100011000': 1, '0100001101': 3, '1000011100': 1, '0000101111': 3, '1100011011': 1, '1111101111': 11, '1000011010': 2, '0010110000': 3, '1111100100': 2, '1101001000': 1, '1111110000': 5, '1101110000': 1, '1100110101': 7, '1000111100': 3, '1111011010': 18, '0000001101': 3, '1110011011': 1, '0101000101': 1}","DensityMatrix([[ 1.16680081e-03+0.00000000e+00j,
                -4.16008480e-04-3.95667208e-19j,
                 5.30781512e-04+9.32312080e-05j, ...,
                 1.09155415e-04+1.02659595e-04j,
                -1.14304742e-04-3.02712124e-05j,
                 4.09579812e-04+4.08847358e-04j],
               [-4.16008480e-04+3.95667208e-19j,
                 1.48322707e-04+0.00000000e+00j,
                -1.89243621e-04-3.32404407e-05j, ...,
                -3.89180207e-05-3.66020162e-05j,
                 4.07539501e-05+1.07928285e-05j,
                -1.46030645e-04-1.45769498e-04j],
               [ 5.30781512e-04-9.32312080e-05j,
                -1.89243621e-04+3.32404407e-05j,
                 2.48903728e-04+0.00000000e+00j, ...,
                 5.78579939e-05+3.79783109e-05j,
                -5.44163708e-05-4.63715028e-06j,
                 2.18987442e-04+1.53259234e-04j],
               ...,
               [ 1.09155415e-04-1.02659595e-04j,
                -3.89180207e-05+3.66020162e-05j,
                 5.78579939e-05-3.79783109e-05j, ...,
                 1.92439848e-05+0.00000000e+00j,
                -1.33567031e-05+7.22506510e-06j,
                 7.42885656e-05+2.21169304e-06j],
               [-1.14304742e-04+3.02712124e-05j,
                 4.07539501e-05-1.07928285e-05j,
                -5.44163708e-05+4.63715028e-06j, ...,
                -1.33567031e-05-7.22506510e-06j,
                 1.19831254e-05+0.00000000e+00j,
                -5.07312126e-05-2.94263717e-05j],
               [ 4.09579812e-04-4.08847358e-04j,
                -1.46030645e-04+1.45769498e-04j,
                 2.18987442e-04-1.53259234e-04j, ...,
                 7.42885656e-05-2.21169304e-06j,
                -5.07312126e-05+2.94263717e-05j,
                 2.87034240e-04+0.00000000e+00j]],
              dims=(2, 2, 2, 2, 2, 2, 2, 2, 2, 2))","{'1001010110': 1, '1110101000': 1, '0111010100': 1, '0100010110': 1, '0100101000': 1, '0111111010': 2, '1001001011': 1, '0000111110': 1, '0110001001': 1, '1100011110': 1, '1100011011': 1, '1100000001': 1, '0111110011': 1, '0101011000': 1, '0101001001': 1, '0010110100': 1, '1011110000': 1, '1000001101': 2, '1100111010': 1, '1101101000': 1, '1100110011': 1, '1111000010': 1, '0010111111': 1, '1110100100': 1, '1110100110': 1, '0111101101': 1, '1001001001': 1, '1111011100': 1, '1111010100': 1, '0110001101': 1, '0100001110': 2, '0110001000': 2, '1111100100': 1, '1011101011': 2, '0001111010': 1, '1110101110': 1, '0000100010': 1, '0000000100': 4, '0111110001': 1, '0100011010': 1, '1111001110': 1, '1100110001': 7, '0000110100': 4, '1111110101': 1, '1011001010': 1, '1000100100': 1, '1100100011': 1, '0100111100': 1, '1001011010': 1, '1000010001': 1, '0100100000': 1, '1100000000': 1, '1101100000': 1, '0111110000': 1, '1000101011': 1, '1101000111': 1, '1111101001': 1, '0111011000': 2, '0000001101': 4, '1110111010': 1, '0101110111': 1, '1111000000': 1, '0000110010': 3, '1010110000': 4, '1111000100': 1, '0100110100': 1, '0000101010': 1, '1000010100': 1, '1100110110': 1, '0000100101': 2, '0010000011': 1, '1000111110': 2, '1000010111': 1, '0100111111': 1, '1110001001': 2, '1010011000': 1, '1101010001': 1, '1001110100': 2, '0110011011': 1, '0000101100': 1, '1101111001': 1, '0010011000': 1, '1000000110': 6, '0011110001': 1, '1000001100': 4, '0101110101': 1, '1010110101': 1, '1110110000': 2, '0100001011': 2, '0000110110': 3, '0110001111': 3, '0000011111': 1, '0110111011': 1, '0100001001': 6, '1000011111': 4, '0110110000': 1, '0000101001': 1, '0110110111': 2, '1101101111': 1, '1110001000': 2, '0111000110': 1, '1010111001': 1, '0111110010': 2, '0100101001': 1, '1101010000': 1, '0111111101': 2, '0101011101': 1, '0111100101': 2, '1011101110': 1, '1100001010': 4, '0000000110': 3, '1111111111': 1, '0010100100': 1, '1111101010': 11, '0000100100': 1, '1000001011': 2, '0010001010': 1, '1100000100': 5, '1010101011': 1, '0010010101': 1, '0110000000': 2, '0101101011': 2, '1100001011': 1, '1111111110': 1, '1101011111': 1, '1101000101': 1, '1000101111': 3, '0100100001': 1, '1110110111': 2, '0011101010': 1, '0110010111': 3, '0000101111': 4, '1010010111': 1, '0001111100': 1, '0110010000': 1, '1111100101': 1, '1111101110': 1, '0000001001': 3, '1000001110': 8, '1111110100': 2, '1100011010': 1, '0111110100': 2, '1110101101': 1, '0000011000': 2, '0110000101': 2, '1111011011': 5, '1000001001': 3, '0011000111': 4, '1101101100': 1, '1111000110': 1, '0000000111': 3, '0000010101': 3, '0000111001': 1, '1101011010': 2, '0000101110': 3, '1001110000': 1, '0111010111': 4, '1101011011': 1, '1100111111': 1, '0101101110': 2, '0111001111': 3, '0000111111': 2, '1000111011': 7, '1111010000': 2, '0000101101': 1, '1000000001': 1, '0000000101': 2, '1001001000': 3, '0101001010': 1, '1010111010': 1, '0010110011': 2, '0101100100': 1, '0101101010': 3, '1111101011': 7, '0111010010': 1, '1000101110': 1, '1111010010': 1, '0011001111': 1, '1111110000': 3, '1101001000': 4, '0010110000': 1, '0110110101': 4, '1100010101': 2, '0010001111': 4, '1100000110': 2, '1000011010': 2, '0100111010': 3, '0100000100': 2, '1100111100': 1, '1101101010': 3, '0100101110': 1, '1100010001': 2, '0100110001': 6, '1101000100': 1, '0110010011': 1, '1111111011': 2, '1111111010': 3, '1100101000': 2, '1100110101': 10, '0010110110': 1, '1100100101': 1, '1000110101': 7, '1111100110': 2, '0111000100': 2, '0001000101': 2, '0101011011': 1, '1110110100': 1, '1101101011': 3, '0000001110': 4, '1100101111': 1, '1010110001': 1, '1000110000': 17, '1111011110': 1, '1010000001': 1, '1110000100': 1, '1011101100': 1, '1011001111': 1, '0100011000': 2, '0110101001': 1, '1000010000': 1, '1000111001': 2, '0000110111': 3, '0100010011': 2, '0001111111': 2, '0111011010': 9, '1000101001': 1, '0100110010': 2, '0111000101': 2, '0010001001': 1, '1001110001': 1, '0110101110': 1, '0010110101': 2, '1110100011': 1, '1010111110': 1, '0111001010': 3, '1100101001': 3, '1100100001': 1, '0011011010': 3, '0111011110': 1, '0101101111': 3, '0001101111': 1, '0101111001': 1, '1100111011': 4, '1000001111': 5, '0111111011': 1, '1100111001': 2, '0111101000': 3, '0010001000': 2, '1110110011': 1, '1010001110': 2, '1011110111': 2, '0101111110': 1, '1111001111': 3, '0100000110': 1, '1101110000': 1, '1111001000': 4, '0101110000': 2, '0100111000': 2, '1100001101': 1, '1011011010': 4, '0001101010': 2, '0000100110': 1, '1011011111': 2, '0110110001': 3, '0111101111': 4, '1110100101': 1, '1000000111': 4, '0011110110': 1, '0000110011': 6, '0100101111': 1, '1110101011': 1, '0000000000': 1, '0100110111': 6, '1111110110': 3, '1010110100': 1, '0100110101': 6, '1000011110': 1, '0000001111': 8, '0000001100': 1, '1000111100': 3, '1100010110': 1, '0100001111': 4, '0110111111': 2, '1000100111': 3, '1000110100': 2, '0010001011': 1, '0101010001': 1, '1111101000': 6, '1000010101': 2, '0100010100': 4, '0100100100': 3, '0110100101': 1, '0011000000': 1, '1000110011': 4, '0100111110': 1, '1111110001': 3, '1100110100': 3, '0110101011': 1, '0111110110': 3, '1000010110': 2, '1111010111': 3, '0000001010': 3, '0111010110': 7, '0000001000': 12, '1001111010': 1, '0010111010': 1, '0100100111': 2, '0110001011': 1, '1101001011': 2, '1100010100': 2, '1011101111': 3, '1000011001': 1, '1111011000': 2, '1000100011': 1, '1101001111': 1, '1100001001': 7, '0000010110': 1, '0100001101': 2, '1111011111': 3, '0000110101': 14, '1000111000': 1, '1101001010': 1, '0111101010': 12, '1111000101': 2, '0011100011': 1, '1000111010': 6, '1100010000': 2, '0000001011': 1, '0110000110': 1, '0101010111': 2, '1101011100': 1, '1110110001': 2, '1111101111': 13, '0101010101': 2, '1110000101': 4, '1010011100': 1, '0001011010': 1, '0011010111': 1, '0010000111': 2, '1001010000': 2, '0011101100': 1, '1000001010': 4, '0100001100': 3, '0100000111': 1, '1000010011': 1, '0110101000': 2, '0100000101': 11, '0111011011': 9, '1111101100': 3, '1100010111': 2, '0111110111': 2, '0111011100': 1, '1000001000': 10, '0000110001': 6, '0100001010': 1, '0100010101': 1, '1110001111': 3, '0000111000': 2, '0111001101': 1, '1011110001': 3, '0001001000': 1, '1001010101': 1, '0010000100': 1, '0010001110': 1, '1011101000': 1, '0100100101': 4, '0000110000': 7, '0101010000': 1, '1000110111': 4, '1110100000': 1, '1001110101': 1, '1011100100': 1, '0000111100': 1, '0100001000': 10, '0001001110': 1, '1100110000': 11, '1001010111': 1, '1000000101': 2, '1110000110': 1, '0100110011': 1, '0010011100': 2, '1100100100': 5, '0101011010': 1, '1100001000': 10, '0111010101': 1, '0111011111': 3, '1011011011': 2, '0010101000': 1, '1111001010': 2, '1100000101': 10, '1000100101': 3, '0111001110': 2, '0010010111': 1, '0000010001': 1, '0111010011': 1, '0100110000': 16, '1000110110': 2, '0010111011': 1, '0111101100': 3, '1110011010': 1, '0110100100': 2, '1101110111': 4, '0000111011': 9, '1000100110': 1, '1000110001': 6, '1110010100': 1, '0111111001': 1, '1100001111': 6, '0001111101': 1, '0000101011': 2, '1011101010': 1, '1111011010': 8, '1000111111': 3, '1111001100': 1, '0001101001': 1, '0000010100': 2, '0000111010': 5, '1101100101': 1, '1000000100': 8, '1110010001': 1, '0111010000': 1, '0111101011': 3, '0111101110': 1, '1101001001': 1, '0100010000': 4, '1111010110': 3, '1000101010': 2, '1010001111': 3, '1011111010': 1, '0101110001': 1, '0111001000': 1, '1101001110': 3}","DensityMatrix([[ 1.23410542e-03+0.00000000e+00j,
                -2.84132786e-04-1.91692488e-05j,
                 4.42939730e-04+4.67340010e-05j, ...,
                 8.62144347e-05+9.16077506e-05j,
                -8.83794388e-05-2.62664048e-05j,
                 3.16957155e-04+3.28689633e-04j],
               [-2.84132786e-04+1.91692488e-05j,
                 2.26088462e-04+0.00000000e+00j,
                -1.54087838e-04-8.32714025e-05j, ...,
                -3.95627307e-05-2.88302847e-05j,
                 4.33252745e-05+7.65601742e-06j,
                -1.09060750e-04-1.08851650e-04j],
               [ 4.42939730e-04-4.67340010e-05j,
                -1.54087838e-04+8.32714025e-05j,
                 3.62168593e-04+0.00000000e+00j, ...,
                 5.16899818e-05+3.22183131e-05j,
                -4.61224065e-05+1.55384518e-06j,
                 1.84580573e-04+1.25348193e-04j],
               ...,
               [ 8.62144347e-05-9.16077506e-05j,
                -3.95627307e-05+2.88302847e-05j,
                 5.16899818e-05-3.22183131e-05j, ...,
                 4.10638293e-05+0.00000000e+00j,
                -2.16970781e-05-6.45093203e-06j,
                 4.75359758e-05-2.79463291e-06j],
               [-8.83794388e-05+2.62664048e-05j,
                 4.33252745e-05-7.65601742e-06j,
                -4.61224065e-05-1.55384518e-06j, ...,
                -2.16970781e-05+6.45093203e-06j,
                 4.40703930e-05+0.00000000e+00j,
                -3.24993948e-05-5.14743324e-05j],
               [ 3.16957155e-04-3.28689633e-04j,
                -1.09060750e-04+1.08851650e-04j,
                 1.84580573e-04-1.25348193e-04j, ...,
                 4.75359758e-05+2.79463291e-06j,
                -3.24993948e-05+5.14743324e-05j,
                 3.28663504e-04+0.00000000e+00j]],
              dims=(2, 2, 2, 2, 2, 2, 2, 2, 2, 2))"
data/selected_mutant_qc/mutants_ae_10/ae_10_Mutant_Replace_cx_P70_Q4_[].qasm,PureState_4,"{'1011111101': 1, '0110100101': 1, '1101100101': 1, '1000101101': 1, '0001000101': 3, '0000101001': 1, '1000010110': 2, '0101111001': 1, '0011011110': 1, '1100111100': 1, '1101011001': 1, '0100101001': 1, '0000001110': 1, '0001000000': 1, '1011111010': 2, '0100101110': 2, '0110010101': 1, '0010000110': 3, '0010111010': 3, '0100000011': 1, '1011110101': 1, '1000011101': 2, '1101110101': 1, '0000011011': 1, '1100001010': 2, '0111001010': 1, '0011111001': 3, '1110111010': 1, '0011110111': 1, '1111111101': 1, '0100000101': 1, '1010100111': 1, '1101101010': 1, '1000011110': 2, '0011001010': 1, '1000010001': 2, '1000001100': 1, '0100010110': 1, '0001011010': 1, '1111001100': 1, '1111101010': 2, '0011110101': 4, '0000110101': 1, '1100101000': 1, '1010101010': 2, '1010001001': 1, '0010100110': 1, '0011101010': 2, '1110000101': 1, '0110000101': 1, '1101010101': 1, '0001010101': 2, '1101001001': 1, '1011001110': 1, '1000111001': 3, '1100010110': 1, '0000000110': 4, '1010010101': 2, '0010100111': 1, '1000011001': 2, '1000111010': 8, '0000001010': 1, '1101111010': 2, '1111011010': 2, '1011101010': 3, '1110110010': 1, '0000101110': 2, '1000110101': 6, '1100110101': 3, '1111010101': 1, '0001000110': 1, '0010111101': 1, '1110101100': 1, '0010011010': 4, '0001110101': 1, '0100111010': 8, '0110101010': 1, '0000010110': 2, '1010101100': 1, '0011011010': 2, '0010110010': 1, '0010010000': 1, '0001110011': 1, '0000011001': 1, '0111000110': 1, '0011111101': 1, '0111110001': 2, '1000100001': 2, '0111100101': 2, '1011100101': 1, '0101000101': 3, '0101111010': 1, '1001011010': 1, '0010101010': 2, '1111000010': 1, '1100000110': 7, '1000101001': 3, '1000010101': 51, '1000001101': 1, '0111010101': 5, '1100100110': 3, '1011010101': 1, '1111111010': 3, '1001111010': 2, '1010011010': 3, '1001000101': 2, '1000000110': 5, '1101001010': 2, '0111101010': 5, '0011100101': 2, '0000001011': 1, '0100100011': 1, '1100011010': 34, '1001101010': 2, '0100101010': 20, '1100101100': 1, '0000000011': 1, '0111111101': 2, '0000100101': 56, '0101011010': 1, '0000110001': 1, '0111011100': 1, '0010010101': 2, '1000101010': 33, '0100010001': 1, '1111110101': 10, '1010100101': 2, '0100000110': 6, '0000100001': 1, '0111111001': 15, '0100111001': 1, '0110001010': 1, '0000111010': 9, '0100100010': 2, '0111111010': 1, '1111110001': 4, '1000011010': 56, '0000101100': 3, '1000100010': 2, '1010100110': 2, '0000000101': 3, '1001111001': 2, '0110011010': 1, '0100011010': 35, '1000001001': 1, '1101000101': 2, '1100100001': 3, '1000000101': 2, '0011000101': 7, '1010001010': 1, '1011000110': 1, '0000011010': 65, '1110100101': 1, '0100101100': 1, '0011010101': 1, '1100000010': 1, '0000100010': 3, '0000010101': 58, '0000111001': 1, '0111111100': 1, '0111000101': 36, '1100100101': 6, '0100100101': 8, '1100100010': 2, '0000110110': 1, '1000100110': 19, '1100000001': 1, '0100010101': 3, '1111111001': 19, '1000010011': 1, '0000100110': 16, '0111011010': 4, '1000100101': 48, '0111111110': 1, '1111001101': 1, '1011000101': 5, '1100010101': 6, '1110101010': 1, '0111110101': 4, '1101000110': 2, '1000101110': 3, '0100100110': 6, '1100101101': 1, '0110100110': 1, '1111000101': 37, '1111100101': 6, '1111000001': 1, '0000101010': 32, '1100010010': 1, '1100111010': 6, '1100101010': 25, '0100110101': 1, '1011001101': 1, '0000001111': 1}","DensityMatrix([[ 5.91977959e-05+0.00000000e+00j,
                 1.26819536e-04+5.53124455e-20j,
                 3.66572159e-05-1.21203573e-04j, ...,
                 1.45409240e-04-2.11343346e-04j,
                -2.06396532e-04+7.50795871e-05j,
                -5.45348762e-06-7.94603500e-05j],
               [ 1.26819536e-04-5.53124455e-20j,
                 2.71685701e-04+0.00000000e+00j,
                 7.85308141e-05-2.59654615e-04j, ...,
                 3.11510454e-04-4.52761199e-04j,
                -4.42163632e-04+1.60843123e-04j,
                -1.16830155e-05-1.70228039e-04j],
               [ 3.66572159e-05+1.21203573e-04j,
                 7.85308141e-05+2.59654615e-04j,
                 2.70855652e-04+0.00000000e+00j, ...,
                 5.22753696e-04+1.66845076e-04j,
                -2.81527990e-04-3.76091512e-04j,
                 1.59312835e-04-6.03701090e-05j],
               ...,
               [ 1.45409240e-04+2.11343346e-04j,
                 3.11510454e-04+4.52761199e-04j,
                 5.22753696e-04-1.66845076e-04j, ...,
                 1.11169438e-03+0.00000000e+00j,
                -7.75020983e-04-5.52440638e-04j,
                 2.70287576e-04-2.14650346e-04j],
               [-2.06396532e-04-7.50795871e-05j,
                -4.42163632e-04-1.60843123e-04j,
                -2.81527990e-04+3.76091512e-04j, ...,
                -7.75020983e-04+5.52440638e-04j,
                 8.14835624e-04+0.00000000e+00j,
                -8.17643505e-05+2.83959665e-04j],
               [-5.45348762e-06+7.94603500e-05j,
                -1.16830155e-05+1.70228039e-04j,
                 1.59312835e-04+6.03701090e-05j, ...,
                 2.70287576e-04+2.14650346e-04j,
                -8.17643505e-05-2.83959665e-04j,
                 1.07160877e-04+0.00000000e+00j]],
              dims=(2, 2, 2, 2, 2, 2, 2, 2, 2, 2))","{'1000111001': 1, '1101111000': 1, '0000101111': 1, '0000111001': 1, '0101011101': 1, '1101011001': 1, '0101100010': 1, '0100111001': 1, '0000001010': 2, '1000001010': 1, '1111111101': 1, '1001101010': 1, '0100010110': 1, '1000010100': 1, '1110100100': 1, '0000000010': 1, '1100010111': 1, '0001111001': 1, '1110100110': 1, '0101011110': 1, '0010101110': 1, '0000101000': 1, '0111110000': 1, '1111001011': 1, '0101001010': 1, '1100101011': 1, '1000000010': 1, '1111010100': 1, '0000111111': 1, '0110010110': 2, '1100011000': 1, '1101100101': 2, '1100010101': 4, '1111110011': 1, '1111000100': 1, '1110110001': 1, '1111101010': 3, '0000101110': 3, '1001000101': 3, '1011000110': 2, '0111111101': 2, '1101001101': 1, '1000000101': 4, '1000101111': 2, '1010110111': 1, '1110111001': 1, '1111000001': 1, '0000100010': 2, '0100010010': 1, '1101011010': 2, '1110100000': 1, '1001110101': 1, '1000000111': 1, '1000101110': 1, '0100100010': 3, '0110101010': 4, '1001010101': 3, '0010000100': 1, '0010010101': 6, '0001011010': 2, '0110001011': 1, '1001010110': 1, '0100011110': 2, '1100010110': 2, '0111110011': 1, '0100011101': 1, '0011111010': 1, '1010100001': 2, '0100101000': 1, '0000100100': 4, '1100011110': 1, '0000111010': 6, '0000010100': 3, '0000011001': 1, '0101100001': 1, '1010011010': 10, '1100001010': 4, '1011110101': 1, '1101000111': 1, '1110111010': 3, '0011001011': 1, '1011111010': 3, '0101111010': 1, '0111100001': 1, '0011101010': 3, '1001100110': 1, '1101000101': 2, '1100001110': 1, '0100100110': 4, '0111001010': 2, '0111111010': 2, '1111011001': 2, '0111001001': 1, '1101111101': 1, '0010101000': 1, '0010100111': 2, '1110011110': 2, '1010111010': 5, '1010101010': 1, '0100000110': 2, '0011000101': 1, '0110100010': 1, '1000100001': 2, '0100011001': 1, '0010000110': 2, '1101110101': 1, '1000111010': 5, '1011000101': 3, '1111100010': 1, '1111000101': 22, '1100011001': 1, '0100011100': 1, '1010010110': 1, '1010100110': 1, '1111011010': 3, '1010000101': 1, '1111001001': 2, '0000000110': 3, '1100101101': 2, '1011011110': 1, '0110100110': 1, '0011010101': 2, '1101000010': 1, '0110010010': 1, '0001111010': 2, '0000011101': 1, '0001111011': 1, '1000100010': 3, '1010001010': 1, '1010000110': 3, '1011100101': 1, '0101000101': 3, '0000000111': 1, '1000101100': 1, '0000100001': 3, '0111111001': 16, '1010101100': 1, '1111000110': 2, '0000010101': 35, '1000010110': 2, '0110101011': 1, '0011110001': 3, '0101101010': 4, '1010100101': 7, '1111110101': 6, '0010101101': 2, '0111100101': 10, '0100110010': 1, '1100101110': 1, '0100001100': 1, '1111000010': 1, '1100000110': 8, '0110011001': 1, '1100100010': 2, '0010011010': 10, '0010111001': 1, '0101111001': 1, '0001110101': 1, '0001100101': 3, '0000110001': 1, '1111100101': 10, '0010000010': 1, '0010000011': 1, '0100100101': 7, '0010010110': 1, '1011001101': 1, '1111111100': 1, '0100010001': 1, '1101101010': 3, '0100000101': 3, '0001010010': 1, '1000011110': 3, '0101100101': 4, '1111111001': 14, '0100010101': 7, '0000011000': 1, '0011111001': 4, '1100000000': 1, '0111000110': 1, '0000110101': 9, '0010100101': 8, '1111110111': 1, '0101001001': 1, '0011001101': 1, '0000000101': 8, '1000110101': 10, '1100100101': 11, '0000010011': 1, '1111010101': 2, '1100101010': 8, '0010011000': 2, '1111111010': 1, '1101001010': 2, '1011010101': 1, '0011011011': 1, '0011110101': 2, '1100011100': 2, '0000001101': 3, '1110010110': 1, '0010100110': 2, '0110000010': 1, '0110100100': 1, '1110011010': 3, '0100111010': 4, '1110010101': 2, '0111010011': 1, '1000010001': 2, '0011000110': 2, '0110111010': 2, '1111110001': 3, '1000011010': 33, '0010110101': 2, '1010011001': 1, '0000011010': 31, '0000001001': 3, '1011101010': 4, '1100100110': 3, '0101011010': 1, '0101011001': 2, '0111010101': 5, '0110100101': 2, '1000100110': 7, '1000110001': 1, '0000111101': 1, '0111000101': 25, '1011001001': 1, '1101111001': 2, '1000100100': 2, '0001001010': 1, '1110111100': 1, '1010010101': 10, '0110000110': 1, '1000100000': 1, '0000010110': 1, '0000010001': 6, '1111111110': 1, '0010100010': 1, '1110000101': 5, '1000011001': 2, '1000101010': 14, '0100110101': 2, '1001111001': 1, '0110011010': 4, '1010011110': 1, '0100011010': 18, '1110101010': 3, '0111011010': 7, '0001101010': 1, '1011011010': 4, '1110111110': 1, '0000100110': 14, '0100101010': 15, '1011111001': 3, '0000011110': 1, '0000101010': 32, '1110100101': 3, '0011011010': 4, '1111001010': 3, '1001011101': 1, '0001010101': 4, '1100000101': 2, '0010101111': 1, '1100111010': 4, '1100001011': 1, '1011001010': 1, '1100000010': 1, '0100001010': 3, '0111101010': 5, '0001000101': 1, '0000001110': 2, '1000100101': 27, '1010100100': 1, '0001110010': 1, '0011001001': 1, '0100011011': 1, '0110010101': 1, '1111011101': 2, '0000100101': 35, '0010101010': 7, '1001011010': 2, '1001011110': 1, '0001001101': 1, '0000110110': 2, '0111011110': 1, '1000001101': 1, '0100100100': 1, '1000010101': 41, '1000101101': 2, '0111110101': 6, '1001100101': 2, '1000000001': 1, '0110111110': 1, '1100011010': 28, '0000100111': 2, '1110000001': 1}","DensityMatrix([[ 8.43557390e-05+0.00000000e+00j,
                 1.04121824e-04-1.12425665e-05j,
                 6.65467924e-05-1.18546509e-04j, ...,
                 1.11100917e-04-1.82513626e-04j,
                -1.56384874e-04+6.18710727e-05j,
                -8.78437816e-06-6.28797490e-05j],
               [ 1.04121824e-04+1.12425665e-05j,
                 3.46669069e-04+0.00000000e+00j,
                 4.28713169e-05-2.14142921e-04j, ...,
                 2.51422458e-04-3.55869907e-04j,
                -3.46713759e-04+1.24061560e-04j,
                -7.58441538e-06-1.33491937e-04j],
               [ 6.65467924e-05+1.18546509e-04j,
                 4.28713169e-05+2.14142921e-04j,
                 3.39197516e-04+0.00000000e+00j, ...,
                 4.12504843e-04+1.22396186e-04j,
                -2.17309371e-04-2.94689975e-04j,
                 1.24277997e-04-5.00767133e-05j],
               ...,
               [ 1.11100917e-04+1.82513626e-04j,
                 2.51422458e-04+3.55869907e-04j,
                 4.12504843e-04-1.22396186e-04j, ...,
                 1.16475326e-03+0.00000000e+00j,
                -7.22929860e-04-5.36093557e-04j,
                 2.71602715e-04-2.42480474e-04j],
               [-1.56384874e-04-6.18710727e-05j,
                -3.46713759e-04-1.24061560e-04j,
                -2.17309371e-04+2.94689975e-04j, ...,
                -7.22929860e-04+5.36093557e-04j,
                 7.89126012e-04+0.00000000e+00j,
                -6.25982111e-05+2.86170373e-04j],
               [-8.78437816e-06+6.28797490e-05j,
                -7.58441538e-06+1.33491937e-04j,
                 1.24277997e-04+5.00767133e-05j, ...,
                 2.71602715e-04+2.42480474e-04j,
                -6.25982111e-05-2.86170373e-04j,
                 1.30845723e-04+0.00000000e+00j]],
              dims=(2, 2, 2, 2, 2, 2, 2, 2, 2, 2))"
data/selected_mutant_qc/mutants_ae_10/ae_10_Mutant_Replace_cx_P70_Q4_[].qasm,PureState_5,"{'0011000100': 1, '0101111010': 1, '1100000101': 1, '0111100100': 1, '1110001010': 1, '0011000111': 1, '0010110111': 1, '0110001010': 1, '1100100111': 2, '0111111110': 1, '1010000011': 1, '0101101000': 1, '0100001001': 1, '0111011110': 1, '0100100100': 1, '0000111010': 1, '0010110001': 1, '1010100111': 2, '1000000101': 1, '1101110110': 1, '1101011001': 1, '0000001000': 1, '0000111001': 3, '1011111000': 2, '0010000111': 4, '1101101000': 1, '0111110100': 1, '1101011010': 1, '1011110101': 1, '1110100100': 1, '1011011110': 1, '0010001111': 1, '0011111110': 1, '1111110101': 2, '1010110000': 1, '0000101100': 1, '1110101100': 1, '1101111011': 2, '1100110011': 1, '0011110110': 2, '1010000010': 1, '0100100101': 1, '1011101000': 2, '0000001110': 2, '0000000111': 2, '1000011000': 1, '0011010101': 1, '1010101000': 3, '1110101001': 1, '0011011010': 2, '0000111000': 2, '0011101110': 1, '1010100101': 1, '0100111100': 1, '1101110111': 3, '0100110101': 3, '1110000111': 1, '1010100100': 1, '1000111000': 2, '0010000000': 1, '0100001110': 2, '1100010111': 1, '0100110001': 2, '0111111100': 1, '1100000100': 3, '1100001011': 1, '0011101000': 2, '1110001001': 4, '1100011000': 1, '1010000001': 2, '1010011000': 1, '0011111001': 1, '1110101000': 3, '0100101000': 2, '0010100100': 2, '1111101000': 6, '0101110111': 1, '0010100111': 1, '1000000100': 2, '0101000111': 3, '0110011001': 4, '1110111001': 2, '0111100101': 1, '0011111100': 1, '1011001100': 1, '0101011110': 1, '1010011001': 4, '1111100111': 6, '1101010101': 1, '1111000110': 1, '1100001100': 1, '1110000100': 3, '0100000110': 16, '0011000101': 1, '1100111001': 5, '1111001101': 2, '1100000110': 9, '1010111110': 3, '0010000110': 4, '0000110011': 1, '1000111001': 4, '0000110111': 3, '0110110001': 1, '0110100101': 1, '1101000111': 2, '1101100111': 2, '0100100111': 3, '0101010111': 3, '0110000110': 1, '0100101001': 2, '1011011011': 2, '1010000100': 7, '1000110011': 1, '0111000010': 3, '0100000111': 9, '1010001000': 2, '1100101001': 1, '0000110110': 1, '1111111001': 4, '0111111001': 14, '1101010110': 6, '1100000001': 4, '0011111000': 8, '1111000101': 4, '1100011001': 1, '1000000110': 5, '0010011000': 8, '0100111011': 3, '0010101000': 2, '0110101001': 4, '1110100000': 1, '1000000111': 5, '0011000001': 2, '0110000010': 1, '0101000110': 2, '0111100110': 2, '0111000100': 5, '1111100110': 5, '0111111010': 2, '0011101011': 1, '1101010111': 8, '0011011110': 2, '0100001000': 1, '0111110010': 1, '0011011011': 3, '0111000111': 1, '1100010110': 6, '0100001111': 4, '0010110110': 7, '1011001000': 1, '0000000101': 2, '1100101000': 1, '1111111011': 2, '0101010110': 8, '1010001001': 3, '0011011000': 2, '1101011011': 3, '0110111000': 7, '0111001100': 2, '0100100110': 3, '1100001110': 5, '0100111110': 3, '1011100001': 1, '1101111101': 1, '0111001001': 5, '1111011001': 6, '1111011000': 8, '0011101001': 6, '1000110111': 1, '1010111000': 12, '1101100110': 8, '1011011101': 1, '1010000000': 1, '1100111011': 3, '1000001111': 1, '0111101000': 8, '1111110100': 3, '0100110011': 1, '1011000110': 3, '1010010111': 1, '0110111001': 8, '1111000111': 1, '0111110001': 2, '0011010111': 7, '1010111001': 14, '1110111000': 5, '0011100111': 8, '1110111110': 1, '0100111000': 5, '1111011010': 3, '1010000101': 5, '1111101001': 6, '0101001000': 1, '0111011000': 7, '0010000101': 4, '0111111000': 10, '0100110111': 6, '1011000111': 3, '1100111010': 5, '0110001000': 2, '0010111011': 6, '0010111110': 1, '0010110101': 1, '0110011000': 3, '1100001111': 2, '0111111111': 1, '1011000101': 2, '1010001111': 1, '1011111010': 3, '1111011011': 2, '0011110001': 2, '0011110011': 1, '1001101000': 1, '0010001000': 2, '1010010110': 3, '1100001001': 4, '0011011001': 5, '0100000011': 2, '1000100100': 1, '0101110011': 1, '0100110110': 14, '0111000101': 6, '1011001001': 4, '1011110001': 1, '1011110110': 1, '0010010111': 3, '1111001000': 4, '1100110110': 9, '1010110110': 6, '0001100110': 1, '0101100110': 7, '0000010111': 1, '1011011000': 3, '0100000101': 5, '0110101000': 5, '0010101001': 2, '0101100111': 6, '0111011001': 6, '0111101001': 8, '0110000101': 4, '1010001010': 1, '1010000110': 3, '0100001100': 1, '1111000010': 1, '1000010110': 1, '1111010111': 1, '1011101001': 4, '1110011000': 1, '0010011001': 9, '0101011010': 1, '1111111000': 20, '1011010111': 8, '1111000100': 5, '0010111010': 2, '0010001001': 4, '0011001001': 3, '0111010110': 7, '0100111001': 2, '0111001000': 6, '0000100111': 1, '0111011011': 1, '0011100100': 1, '0111010111': 5, '1111110110': 1, '1010111011': 3, '0000011001': 1, '1010101001': 3, '0111100111': 7, '0101111011': 1, '0010111000': 9, '0110001100': 2, '0000000110': 1, '1111001001': 11, '1011111001': 10, '0010111001': 8, '1010000111': 6, '0110000100': 2, '0011100110': 17, '0010000100': 9, '0100111010': 4, '0011000110': 1, '1000010001': 1, '0010000001': 1, '1100100110': 2, '1011000100': 4, '1111010110': 4, '1011101011': 1, '0010100101': 1, '1100000111': 9, '0010010110': 3, '0110001001': 1, '1100111000': 2, '1011010110': 13, '1011100111': 13, '1110011001': 6, '1111110001': 9, '0100000100': 4, '0011010110': 13, '0111110000': 1, '1011100110': 19, '1100111110': 2, '0100010110': 8, '1100110111': 4, '1110110111': 1, '1111111110': 1, '1110000101': 1}","DensityMatrix([[ 9.17280677e-05+0.00000000e+00j,
                 1.30818058e-04+2.55781532e-20j,
                -4.42676649e-05+9.33244367e-05j, ...,
                -4.42642529e-05-1.69782830e-05j,
                -1.55908315e-04+2.79411907e-04j,
                 1.05488397e-04+1.76860471e-05j],
               [ 1.30818058e-04-2.55781532e-20j,
                 1.86566279e-04+0.00000000e+00j,
                -6.31323661e-05+1.33094721e-04j, ...,
                -6.31275000e-05-2.42135920e-05j,
                -2.22348770e-04+3.98483517e-04j,
                 1.50442362e-04+2.52229703e-05j],
               [-4.42676649e-05-9.33244367e-05j,
                -6.31323661e-05-1.33094721e-04j,
                 1.16312018e-04+0.00000000e+00j, ...,
                 4.08802265e-06+5.32282596e-05j,
                 3.59515432e-04+2.37783602e-05j,
                -3.29145123e-05-1.15859469e-04j],
               ...,
               [-4.42642529e-05+1.69782830e-05j,
                -6.31275000e-05+2.42135920e-05j,
                 4.08802265e-06-5.32282596e-05j, ...,
                 2.45027093e-05+0.00000000e+00j,
                 2.35176727e-05-1.63690517e-04j,
                -5.41780057e-05+1.09906620e-05j],
               [-1.55908315e-04-2.79411907e-04j,
                -2.22348770e-04-3.98483517e-04j,
                 3.59515432e-04-2.37783602e-05j, ...,
                 2.35176727e-05+1.63690517e-04j,
                 1.11610785e-03+0.00000000e+00j,
                -1.25423181e-04-3.51387712e-04j],
               [ 1.05488397e-04-1.76860471e-05j,
                 1.50442362e-04-2.52229703e-05j,
                -3.29145123e-05+1.15859469e-04j, ...,
                -5.41780057e-05-1.09906620e-05j,
                -1.25423181e-04+3.51387712e-04j,
                 1.24722981e-04+0.00000000e+00j]],
              dims=(2, 2, 2, 2, 2, 2, 2, 2, 2, 2))","{'1110110000': 1, '1011110111': 1, '1010000001': 1, '0000100110': 1, '0110111110': 1, '0010000110': 1, '0001001100': 1, '0111110110': 1, '0010000010': 1, '1110100100': 1, '1100111001': 7, '0111101000': 1, '0110011001': 1, '0101111010': 1, '0011010101': 1, '0100101001': 2, '0001011011': 1, '1100011000': 2, '1010100110': 1, '1111010100': 1, '0000110100': 1, '1010100111': 2, '1111110101': 1, '1100110001': 1, '0100000010': 1, '0111000101': 1, '1101010011': 1, '0000111001': 2, '1101111001': 1, '1011100000': 1, '0110110001': 2, '0010110100': 1, '0011000100': 1, '0010100001': 1, '0111111010': 2, '0000101000': 1, '0000100100': 2, '1111101010': 1, '0101110001': 2, '1110111011': 1, '0101111101': 1, '0011001001': 6, '1101000111': 1, '1110011100': 2, '0100101110': 1, '0100000100': 1, '0100111010': 1, '1000011000': 1, '1010011001': 2, '0000010011': 1, '0010010001': 1, '0101101001': 1, '0010101000': 4, '1101000110': 1, '0010011100': 1, '0100011001': 3, '1001101001': 1, '1100001111': 2, '0010000000': 1, '0101011000': 1, '1010001100': 1, '0010110101': 1, '0110001110': 1, '0011001101': 1, '0001111001': 1, '0101100010': 1, '1110010111': 1, '1010010000': 1, '1111001110': 2, '0100011010': 1, '1010011110': 1, '1000111010': 1, '0111100011': 1, '0111000001': 1, '0111011011': 2, '1111011010': 4, '0101010110': 4, '0111101110': 1, '0100011000': 1, '0110011100': 1, '0111111101': 1, '0101011101': 1, '0111100100': 1, '1111111011': 2, '0100100110': 5, '1100101000': 2, '0111011000': 7, '0100101011': 1, '1010111101': 1, '1100000010': 1, '1101000100': 1, '0100111101': 3, '0011110011': 1, '1000000110': 2, '0011110001': 1, '1100011110': 1, '1011010101': 1, '0110111001': 3, '1111001000': 8, '1101000001': 1, '1101110000': 1, '1010010111': 1, '1000000111': 4, '0011110110': 2, '1000000100': 2, '0111001000': 3, '1011110101': 1, '0010111010': 1, '0011011001': 7, '0010001001': 3, '1100110000': 1, '1001010111': 1, '1010110001': 3, '0111000000': 1, '0000001000': 1, '0000111111': 1, '1011111010': 1, '1110011000': 1, '0011100101': 1, '1110000000': 1, '1100010111': 3, '0000110111': 2, '1101100110': 12, '1000111001': 3, '0010001000': 1, '0001001001': 1, '0100001110': 1, '1010000000': 2, '1100111011': 3, '0110011010': 1, '1110101000': 2, '0000111110': 1, '1011110100': 1, '1011011000': 3, '1000110110': 3, '0111111110': 2, '0111001110': 1, '1000100101': 2, '0011100111': 7, '1011111001': 3, '0011010110': 8, '1011010010': 1, '1101001011': 2, '1101100011': 1, '0110101111': 1, '0111110001': 2, '0000000100': 3, '0111011010': 2, '1000101001': 1, '0100110010': 1, '0111100111': 4, '1111000100': 3, '1110001001': 2, '0011101000': 2, '0101000111': 3, '0101110110': 3, '0101101101': 1, '1010101000': 2, '0100110001': 2, '1011011010': 3, '1100101110': 1, '1000100011': 1, '1111011000': 1, '1111100101': 1, '1001100110': 2, '0011011011': 2, '0000000010': 1, '0100001010': 1, '0011011000': 6, '0001011001': 1, '1010110111': 3, '0001111000': 2, '0110100000': 1, '1101111000': 1, '0001000100': 1, '0010100100': 1, '0001011101': 1, '0100001000': 6, '0011011110': 2, '0010101001': 2, '1011001000': 3, '0010110110': 3, '1000110101': 2, '1001001110': 1, '1100000101': 2, '0100111001': 4, '0000010110': 3, '1101100100': 1, '0111001101': 1, '0010101010': 2, '0110100111': 3, '1011000101': 1, '1011111011': 3, '0100100101': 1, '0011000010': 1, '0010011000': 4, '1010000111': 4, '0110000100': 3, '1011111110': 1, '0000101001': 1, '1110001000': 1, '1110101001': 2, '0011011010': 2, '1001111000': 1, '1000001001': 1, '1011101001': 2, '1111011011': 2, '1010001111': 2, '0101101000': 1, '1110110110': 2, '1101010111': 4, '0000111010': 3, '0111011001': 8, '1010010110': 1, '0100110111': 2, '1100000110': 6, '1100010101': 1, '0000110011': 1, '1011100111': 8, '0111010111': 2, '0101011110': 1, '0001000111': 1, '1111110000': 2, '0111001001': 5, '1111011001': 8, '0100010110': 1, '1100110111': 8, '0110011000': 4, '1100000100': 3, '0100111000': 2, '0101001000': 1, '1111101001': 1, '1110000001': 1, '0011000101': 1, '0100111011': 3, '1101111010': 1, '1011010110': 7, '0101110111': 2, '1111101000': 3, '1101001000': 1, '0010100111': 3, '0111010101': 1, '1100001000': 1, '1111111000': 10, '1010110100': 2, '0101011001': 2, '1100001011': 1, '1011010111': 4, '1111001011': 2, '0011010011': 1, '0010111001': 8, '0101111001': 2, '0000111000': 7, '0000001010': 1, '0111010110': 4, '1110011001': 2, '0100001011': 6, '0110010110': 2, '0100100111': 5, '1101100111': 8, '1100010110': 4, '1011001001': 4, '1111001001': 3, '0000000110': 3, '0011100011': 1, '1111000101': 5, '0001010111': 1, '0111110100': 2, '0011111000': 3, '1100011001': 1, '0101000100': 1, '0010111101': 1, '1101011011': 1, '1010011000': 6, '0011111001': 5, '1001011110': 1, '1000000101': 2, '0010100101': 1, '1100000111': 12, '0010111000': 6, '1110000010': 1, '0111111001': 13, '1101010110': 6, '0011000001': 2, '0100000001': 1, '1011011001': 1, '0010000100': 4, '0011100110': 11, '0000110110': 4, '0100110110': 7, '1011100110': 11, '0111110000': 1, '0100011011': 2, '0100010111': 1, '1111000001': 2, '0010110001': 2, '1110111001': 7, '0100000110': 8, '0101001001': 1, '1100001110': 6, '0010000101': 2, '0111111000': 8, '0110000110': 2, '0101010111': 2, '0010011011': 2, '1010000100': 7, '0010110111': 3, '1001110111': 1, '1011101010': 1, '1111010111': 3, '0100001001': 4, '0110111000': 7, '0111001100': 1, '0011010111': 4, '0010000111': 2, '1011000001': 1, '0110100100': 1, '0010100110': 4, '0110101001': 7, '1011111000': 2, '1101011000': 3, '0100000101': 2, '0100000111': 14, '1000010011': 1, '0010101100': 1, '0110101000': 2, '0011000110': 2, '0010001110': 1, '1011101000': 3, '1011000000': 1, '1111111001': 4, '0110110111': 1, '1101110111': 2, '1001010010': 1, '1001011101': 1, '0100001101': 2, '1101110110': 4, '0100111110': 2, '0011111111': 1, '1010001001': 2, '1111010110': 7, '1010000101': 2, '0110111010': 2, '0000111011': 3, '1111100111': 2, '1010111000': 5, '1000110111': 1, '0011101001': 1, '1010111001': 8, '1110111000': 8, '1011110110': 1, '0010010111': 1, '1000110001': 1, '0010011001': 1, '0010111110': 2, '0011000111': 2, '1010000110': 2, '1111001101': 1, '1111100110': 3, '0110000111': 2, '1100111110': 2, '1011000100': 2, '0010000001': 2, '1100100110': 1, '1110110111': 1, '0011001110': 1, '1000001000': 1, '1011011110': 1, '1010110110': 7, '1100110110': 7, '0111110011': 1, '1110000110': 4, '0111000100': 4, '0111100110': 3, '0101000110': 3, '0000001110': 1, '1110000111': 3, '1101111011': 2, '1010101001': 7, '1000110000': 1, '1100111000': 6, '0101101111': 1, '0111101001': 7, '0110000101': 3, '0011001000': 2, '0010011110': 1, '1010011101': 1, '0101100110': 6, '0001100110': 3, '1111110111': 1, '1000010111': 1, '1011000110': 3, '1011101100': 1, '1110000100': 6, '1001110110': 1, '0110001001': 7, '0000000111': 2, '1010001000': 1, '1100100111': 5, '0011111011': 2, '0110001000': 1, '1000000010': 1, '1100101001': 3, '0111001010': 1, '1011011011': 1, '1111111110': 1, '0110111100': 2, '1100100011': 1, '0110111111': 1, '0000001100': 1, '0100001111': 3, '0111000111': 2, '1010111011': 4, '0101100111': 7}","DensityMatrix([[ 1.25332975e-04+0.00000000e+00j,
                 9.32564737e-05+2.69796133e-06j,
                -7.14142696e-05+1.02716070e-04j, ...,
                -3.28814072e-05-1.49216653e-05j,
                -1.25200404e-04+2.14618993e-04j,
                 8.37806292e-05+1.61578851e-05j],
               [ 9.32564737e-05-2.69796133e-06j,
                 3.65280913e-04+0.00000000e+00j,
                -1.01484671e-05+1.36860697e-04j, ...,
                -4.78653399e-05-2.25124228e-05j,
                -1.76331662e-04+3.16828920e-04j,
                 1.17273154e-04+1.83024078e-05j],
               [-7.14142696e-05-1.02716070e-04j,
                -1.01484671e-05-1.36860697e-04j,
                 1.75668896e-04+0.00000000e+00j, ...,
                -1.32058681e-06+4.80590709e-05j,
                 2.78533332e-04+2.20347434e-05j,
                -2.41809434e-05-8.95940011e-05j],
               ...,
               [-3.28814072e-05+1.49216653e-05j,
                -4.78653399e-05+2.25124228e-05j,
                -1.32058681e-06-4.80590709e-05j, ...,
                 7.16835609e-05+0.00000000e+00j,
                -2.36446531e-05-1.41386158e-04j,
                -6.16828450e-05+3.88417197e-05j],
               [-1.25200404e-04-2.14618993e-04j,
                -1.76331662e-04-3.16828920e-04j,
                 2.78533332e-04-2.20347434e-05j, ...,
                -2.36446531e-05+1.41386158e-04j,
                 1.14396002e-03+0.00000000e+00j,
                -8.59406760e-05-3.78507882e-04j],
               [ 8.37806292e-05-1.61578851e-05j,
                 1.17273154e-04-1.83024078e-05j,
                -2.41809434e-05+8.95940011e-05j, ...,
                -6.16828450e-05-3.88417197e-05j,
                -8.59406760e-05+3.78507882e-04j,
                 1.80873738e-04+0.00000000e+00j]],
              dims=(2, 2, 2, 2, 2, 2, 2, 2, 2, 2))"
data/selected_mutant_qc/mutants_ae_10/ae_10_Mutant_Replace_cx_P70_Q4_[].qasm,PureState_6,"{'1101111000': 1, '1011001000': 1, '1001100001': 1, '1001111100': 1, '1011100011': 1, '0010101001': 1, '0111101101': 1, '0100001011': 1, '0010011111': 1, '1111110100': 1, '1101111011': 1, '1100000111': 1, '0010100101': 1, '0001000011': 1, '1001101101': 1, '0101001001': 1, '1010001011': 1, '1010101100': 2, '1001101100': 1, '1111011101': 2, '1110100001': 2, '1100101000': 1, '0011010001': 1, '0101101100': 2, '0111000000': 1, '0101001100': 1, '0011011011': 1, '0110110100': 1, '0011001110': 1, '1001110010': 1, '1011011111': 1, '1010111101': 1, '0110010001': 2, '0011110010': 1, '1010011011': 1, '1010100000': 2, '0110100010': 1, '0011111100': 3, '0011101001': 1, '1101100001': 5, '0111001110': 2, '1101001101': 1, '1111011100': 4, '1010011100': 2, '1101100010': 1, '0110110110': 1, '1111000010': 1, '0101010001': 4, '1011110010': 3, '0100111111': 1, '1001110011': 1, '0101111100': 2, '0001111101': 1, '1011111111': 5, '0011000000': 1, '1011111001': 1, '1010001110': 2, '1010111011': 2, '0110100000': 1, '1010000100': 1, '0100100000': 2, '0001010000': 1, '1010101111': 1, '1011000000': 5, '0101011111': 1, '0010111110': 1, '1110110100': 1, '0011110100': 1, '1001011111': 1, '1110000010': 1, '0110001100': 4, '1001100011': 1, '1101010111': 1, '1001110001': 1, '0111000101': 1, '0110101101': 2, '0110000001': 2, '1111001101': 1, '0101111010': 1, '0111100001': 1, '1111101101': 1, '1110000011': 1, '0110000101': 1, '0001011111': 1, '0111001010': 1, '1011010011': 2, '0010010001': 6, '0111011100': 2, '1111111100': 1, '1101101100': 1, '1011000001': 3, '1010010010': 1, '1111011111': 1, '1001010001': 1, '0110000100': 1, '1011111110': 4, '1110111001': 1, '0010110011': 1, '1111000001': 1, '1011110110': 1, '0100100001': 4, '1011110001': 4, '0111110000': 1, '1001011100': 4, '1100010010': 2, '0110100011': 2, '1101000000': 2, '0111001101': 1, '1010101110': 2, '0010100011': 7, '0101110111': 1, '1110000100': 3, '1010110011': 3, '0010101100': 6, '0001100011': 3, '0011110001': 2, '0011110011': 3, '1100011101': 1, '1110101101': 7, '1001000001': 3, '0001111110': 1, '1110011110': 9, '1111001100': 2, '0011101100': 4, '0100101011': 1, '1111101100': 10, '0010011110': 5, '1110010011': 5, '1011000011': 3, '0101001110': 4, '0101000011': 13, '0000100001': 1, '1101000110': 1, '0010100000': 1, '1010100001': 13, '1100111110': 2, '1010001100': 1, '1101010011': 4, '1110001110': 2, '0111111001': 1, '0001011110': 1, '1011000010': 3, '0001100001': 2, '0001010011': 1, '1011011100': 9, '1101010001': 4, '0010010011': 9, '0011101111': 1, '1110111111': 1, '1101011111': 2, '0111011111': 1, '0001111111': 2, '1001111110': 7, '0101000010': 3, '0100010011': 6, '1110111100': 1, '1011101001': 2, '0010100001': 19, '1100101100': 1, '1011101100': 12, '0100010000': 1, '1010000011': 2, '1011001100': 3, '0101011110': 7, '0100110001': 1, '1100010001': 9, '0101101101': 2, '0011100000': 2, '0110110001': 2, '0110111111': 4, '0101100001': 4, '0110001001': 1, '0011101110': 5, '0011111111': 1, '0101110000': 1, '0110000011': 2, '1110101110': 9, '1101000001': 16, '1011101110': 8, '1110000001': 11, '0100110111': 1, '0011011101': 2, '1001011110': 1, '0010010010': 2, '1101000011': 9, '1110010110': 1, '0110000010': 9, '0110100100': 1, '0100100011': 5, '0011011110': 3, '1101111111': 4, '0011001010': 1, '0011001101': 1, '0110011110': 17, '1010010001': 7, '1100010011': 7, '0001001100': 1, '0011100100': 1, '0010001100': 1, '0111111110': 2, '0100010001': 8, '0101001011': 1, '1101100011': 2, '0010111101': 2, '0001101110': 1, '1011010001': 1, '1110100100': 4, '1101001100': 3, '1110010001': 3, '0110001110': 6, '1101011101': 2, '0111011110': 5, '0101110001': 8, '0010000001': 8, '1111101110': 4, '0101100000': 1, '0010011100': 4, '0110101110': 6, '0101111101': 10, '1110100011': 4, '0011000011': 5, '0101100011': 6, '0011111000': 1, '0011100011': 1, '1100010000': 1, '1011111100': 7, '1110100101': 1, '1100110011': 2, '0011110110': 1, '1010010011': 16, '0011011100': 7, '0101000000': 7, '0110111110': 8, '0111100100': 1, '1111101111': 1, '1110100010': 1, '1110101001': 2, '0101101110': 2, '1110001101': 1, '1010000000': 7, '0100011100': 2, '0101000001': 9, '0101111111': 1, '1010100011': 12, '1110001000': 1, '0110111101': 2, '0110111100': 9, '0010100010': 3, '1011110011': 3, '0101111110': 8, '1100001011': 1, '0110000000': 5, '1101110011': 3, '0110011111': 1, '1110011101': 1, '0111001100': 3, '0010111011': 1, '1101010010': 1, '0111101100': 7, '1110101100': 13, '0100000001': 1, '1101111110': 5, '1100100001': 6, '0100111110': 1, '1011001110': 1, '1110001100': 4, '1010011110': 5, '0100011010': 1, '1011111101': 3, '1111011110': 7, '1110110011': 1, '1110011111': 4, '0110010010': 1, '1101001000': 2, '1010101101': 2, '0011111101': 2, '0011001100': 2, '1110011100': 8, '1101011100': 6, '0011000100': 2, '0101010011': 4, '1001001100': 3, '0001010001': 1, '0110010011': 5, '1101111101': 6, '1010111111': 2, '0010110010': 1, '1101100000': 1, '0101110010': 1, '0111101110': 6, '0110101100': 11, '0101110110': 1, '1011100001': 5, '1101110001': 2, '0100101001': 1, '1011011110': 11, '0110011100': 8, '1101110111': 3, '1100100011': 8, '1011100100': 2, '1110100000': 1, '0011000001': 16, '0011111110': 15, '0110100001': 11, '0010011101': 2, '0011101101': 3, '0010110001': 2, '0011100010': 1, '0101110011': 7, '1001111111': 2, '1100110001': 2, '0100100010': 1, '0111000010': 1, '0101011100': 5, '0001011100': 1, '1110111110': 11, '0101111001': 1}","DensityMatrix([[ 8.35347644e-07+0.00000000e+00j,
                -4.48755211e-06-3.80286929e-21j,
                -1.46792675e-06-2.14905289e-07j, ...,
                -1.32393008e-05+3.66421557e-06j,
                 3.61450675e-05-2.19757577e-05j,
                 1.34536346e-06-1.96631476e-05j],
               [-4.48755211e-06+3.80286929e-21j,
                 2.41074768e-05+0.00000000e+00j,
                 7.88581599e-06+1.15448782e-06j, ...,
                 7.11225475e-05-1.96844493e-05j,
                -1.94174097e-04+1.18055469e-04j,
                -7.22739648e-06+1.05631949e-04j],
               [-1.46792675e-06+2.14905289e-07j,
                 7.88581599e-06-1.15448782e-06j,
                 2.63482306e-06+0.00000000e+00j, ...,
                 2.23222807e-05-9.84499794e-06j,
                -5.78628616e-05+4.79160612e-05j,
                 2.69447028e-06+3.48994653e-05j],
               ...,
               [-1.32393008e-05-3.66421557e-06j,
                 7.11225475e-05+1.96844493e-05j,
                 2.23222807e-05+9.84499794e-06j, ...,
                 2.25900634e-04+0.00000000e+00j,
                -6.69253502e-04+1.89741779e-04j,
                -1.07573995e-04+3.05736931e-04j],
               [ 3.61450675e-05+2.19757577e-05j,
                -1.94174097e-04-1.18055469e-04j,
                -5.78628616e-05-4.79160612e-05j, ...,
                -6.69253502e-04-1.89741779e-04j,
                 2.14210197e-03+0.00000000e+00j,
                 5.75497906e-04-8.15421484e-04j],
               [ 1.34536346e-06+1.96631476e-05j,
                -7.22739648e-06-1.05631949e-04j,
                 2.69447028e-06-3.48994653e-05j, ...,
                -1.07573995e-04-3.05736931e-04j,
                 5.75497906e-04+8.15421484e-04j,
                 4.65015229e-04+0.00000000e+00j]],
              dims=(2, 2, 2, 2, 2, 2, 2, 2, 2, 2))","{'1110000101': 1, '1010101100': 1, '1111111111': 1, '1111000100': 1, '1000101110': 1, '0010001011': 1, '1111001100': 1, '0000010010': 1, '1000010011': 1, '1001000000': 1, '1101001010': 1, '1111010001': 1, '0001100100': 1, '1001001011': 1, '1101001110': 2, '0100000000': 2, '1100101000': 1, '1010011010': 1, '1100001001': 1, '1011000000': 2, '0001111100': 2, '1101010101': 1, '1000110001': 1, '0110000000': 1, '1011110000': 1, '0110110001': 2, '1111000101': 1, '1001110100': 1, '0011011110': 3, '0100001001': 1, '1111011100': 2, '0001100011': 2, '0000010011': 3, '1010011001': 1, '0111101110': 2, '0111011010': 1, '0000100111': 1, '1000011110': 2, '0101001000': 1, '0111010011': 1, '1010000010': 1, '1000011100': 1, '1001111111': 2, '1101000000': 1, '0100101001': 1, '1011110100': 1, '1011101100': 4, '1110000100': 1, '1010001001': 3, '0011111111': 2, '1100111010': 1, '1010000000': 2, '1011101000': 1, '1001000001': 2, '1110000011': 2, '1000011101': 1, '0101101110': 2, '0010100001': 4, '0111111010': 1, '1100110111': 1, '1110000010': 2, '1001011010': 1, '1101110011': 5, '1001111110': 1, '0111000011': 3, '0010010011': 5, '0000011100': 1, '1111011110': 3, '1011010001': 1, '0011001011': 1, '1010111001': 1, '0111000110': 1, '0010011101': 3, '1000010001': 1, '0100100000': 1, '0010011011': 1, '0001110011': 2, '0101000111': 2, '1101001101': 1, '1011000011': 5, '1110100100': 1, '1001111011': 1, '1111000001': 5, '0000101110': 1, '1100100010': 1, '0110000011': 1, '0010011010': 2, '0101000011': 4, '0111110101': 1, '0011010011': 3, '0011101000': 1, '1110001001': 2, '0010110001': 1, '0011110110': 1, '1101000001': 23, '0101110000': 1, '1010100101': 2, '0110011010': 2, '0110010010': 1, '1101000111': 1, '0011001001': 1, '0000000111': 1, '0101111101': 6, '0101110001': 1, '1100101110': 1, '1011011010': 1, '1011110010': 2, '0101111011': 2, '0000010001': 2, '0000100001': 3, '0010100000': 2, '1101000110': 1, '1011011100': 4, '0111011101': 1, '1100011101': 1, '0110111111': 2, '0100011110': 5, '0011010110': 1, '0011011101': 3, '1010110011': 1, '1110001000': 1, '1100100011': 1, '1110100101': 1, '1100111101': 1, '0010101101': 2, '1011110110': 1, '1001100001': 1, '0100100001': 3, '1011110001': 1, '1110100001': 6, '0000000010': 2, '0101110010': 2, '0111101010': 1, '1010000110': 1, '1110100010': 5, '0111100011': 2, '0111111011': 1, '0011111100': 2, '0111101000': 1, '0100000011': 5, '1111110100': 1, '0111000001': 3, '0110100011': 2, '1100010010': 4, '0110001100': 4, '0111100001': 1, '0101111010': 2, '0110001001': 1, '0110100001': 2, '0110000101': 1, '1001010110': 1, '1010001011': 1, '0111100101': 1, '1101110001': 3, '1011100001': 5, '0010101100': 5, '0011101100': 5, '0100001011': 1, '1010001100': 3, '0101001011': 5, '1110111101': 2, '1010100001': 5, '0001001110': 1, '0010101011': 1, '0001100001': 2, '1001011100': 3, '1111111100': 1, '0010010110': 2, '1110111100': 6, '0011101110': 2, '0111010010': 1, '1101111011': 1, '1100111100': 2, '0011011111': 1, '1110101110': 4, '1100110110': 1, '1011001110': 3, '0110101010': 1, '1100001110': 2, '1110001100': 4, '0100111110': 1, '0110011000': 1, '1110010010': 1, '1000110011': 2, '0101100000': 2, '1110010001': 2, '1100100100': 1, '1011010011': 3, '0111000010': 2, '0101011100': 3, '0110111001': 1, '0110011110': 9, '1010010001': 6, '0100001100': 1, '0110010100': 1, '1011001000': 2, '1100100101': 1, '1110001010': 1, '1101111111': 4, '0001110110': 2, '1100100000': 3, '0110111101': 1, '1010101001': 1, '1110111110': 11, '0011110010': 1, '0001000111': 1, '1101111101': 4, '1101000011': 3, '0101000001': 1, '0001011101': 1, '0100110011': 2, '0001001101': 1, '0011100001': 1, '0010011100': 2, '0100101110': 2, '1110011100': 6, '0000011101': 1, '1011111101': 3, '1101010011': 3, '1111100010': 2, '1011010111': 1, '0101101011': 1, '1101101110': 2, '1111010110': 2, '1101010001': 3, '1010000011': 5, '0100010000': 1, '0111011110': 2, '1001101110': 2, '0111001100': 3, '1100101100': 2, '1010000001': 2, '0101101100': 4, '1101100011': 2, '1110011010': 2, '1001000011': 1, '0010110011': 1, '1011001011': 1, '0110010011': 5, '1101101101': 1, '1001010001': 1, '0110011100': 10, '1011001111': 1, '1011111110': 3, '0001111111': 1, '1111000011': 2, '0100010011': 6, '1010011110': 2, '0100011010': 1, '1001100010': 1, '1011001001': 1, '0001000011': 3, '1010101110': 2, '0011001100': 5, '0001101100': 2, '1100100001': 6, '1001100110': 1, '0101100110': 1, '1101000101': 1, '0011001101': 1, '0110001110': 4, '1000100010': 2, '0010101110': 2, '0001000001': 2, '0111110001': 1, '0101111111': 4, '0100010001': 2, '0110000001': 2, '1011100111': 1, '1000010111': 1, '1110010100': 1, '1100000001': 1, '1111001011': 1, '1001100011': 3, '0011100011': 1, '0010110111': 1, '0000100011': 2, '0001011110': 1, '1011000010': 1, '0001101110': 2, '1011111011': 1, '0111111111': 4, '1011000101': 1, '1010010010': 1, '1000101000': 1, '1110011111': 7, '1110110011': 3, '0111000000': 2, '0101111110': 5, '0111110011': 2, '0110111000': 1, '0100011101': 1, '0011100100': 2, '0111111110': 3, '0101011010': 2, '0101011011': 1, '1110110100': 1, '1001101100': 2, '1011100011': 1, '1001110001': 1, '0100000001': 1, '0110101101': 3, '0000110001': 1, '1000100011': 3, '1111011000': 2, '0111011100': 7, '0010000010': 1, '1111101100': 6, '0010111110': 7, '0101011111': 1, '1110101100': 4, '1101111110': 10, '0110101110': 2, '1100100110': 1, '0010000001': 5, '1111101110': 5, '1101101100': 5, '0110100100': 2, '1011001100': 4, '1011000001': 2, '1010101111': 1, '0101010110': 1, '1100000010': 1, '0110100010': 1, '0100001010': 2, '1011110011': 3, '1110111111': 2, '1111111110': 8, '1101011111': 2, '1010001110': 3, '1000011111': 1, '0010011111': 2, '1010110001': 1, '0110101100': 6, '0010111100': 2, '0010111101': 3, '0010100011': 3, '1111000000': 1, '0101110111': 3, '1011010000': 1, '0101011110': 7, '0101001111': 1, '1110011110': 3, '0001111110': 7, '1111001111': 1, '0011000101': 2, '0010010001': 7, '0010000011': 1, '1000111110': 3, '0100100010': 1, '1000100001': 1, '0011011100': 2, '1010010011': 8, '0101000000': 4, '0001110001': 1, '1010111110': 2, '0110001011': 1, '0100100011': 2, '1110000001': 10, '0111111101': 1, '0011111101': 1, '0101011101': 2, '0001000010': 1, '0110011111': 3, '0110010001': 3, '1111000010': 1, '0101010001': 3, '1010100011': 4, '1010111100': 4, '1010111111': 4, '0110100101': 2, '1111010011': 1, '0000000011': 1, '1001100100': 1, '0101010011': 1, '1110110001': 2, '0010010101': 1, '0001010011': 2, '0110111110': 11, '1011011110': 4, '0001000000': 2, '0110000010': 4, '0010111111': 1, '1001000101': 1, '0110110011': 3, '1101110010': 4, '1101011110': 1, '0010011110': 2, '1010011101': 1, '1110100000': 2, '0011000001': 11, '1100010101': 1, '0110110101': 1, '1100110010': 1, '1111011111': 1, '0101110011': 5, '0011100010': 1, '1101011100': 4, '1010110110': 1, '0101100011': 5, '1100111110': 2, '0101110110': 4, '1110100011': 6, '0010010010': 3, '1111011101': 2, '0110100000': 1, '0100001101': 1, '1111100100': 1, '1001010011': 1, '1010100010': 4, '0101111100': 1, '0111110100': 1, '1100010001': 2, '0111111100': 2, '0110111100': 2, '1100010011': 5, '0111001110': 1, '1010100100': 1, '1011101101': 1, '1010101101': 4, '0001111101': 3, '1011111111': 1, '1111100001': 1, '0011000011': 1, '1100011100': 1, '0011111110': 8, '0011001110': 2, '1011011001': 1, '1101100001': 4, '1110011101': 1, '1101111100': 1, '1100011011': 1, '1111101111': 1, '1010011100': 7, '1010100000': 3, '1011011101': 2, '0101100001': 9, '0100011100': 2, '1011101110': 3, '1111111101': 1, '1000111111': 1, '0010111011': 1, '0111101100': 4, '1110111010': 1, '0111111000': 2, '1100000011': 2}","DensityMatrix([[ 2.66408967e-05+0.00000000e+00j,
                -2.53633384e-05-1.72008407e-05j,
                -1.67401643e-06+1.11971427e-05j, ...,
                -5.81293787e-07+2.55089912e-06j,
                 3.53205570e-05-5.77262536e-06j,
                 3.23054192e-06-1.17312127e-05j],
               [-2.53633384e-05+1.72008407e-05j,
                 2.27910097e-04+0.00000000e+00j,
                 3.18335673e-05+6.26888028e-06j, ...,
                 4.39532799e-05-3.49439583e-06j,
                -1.84271665e-04+9.68122233e-05j,
                -1.81169523e-06+7.46182506e-05j],
               [-1.67401643e-06-1.11971427e-05j,
                 3.18335673e-05-6.26888028e-06j,
                 4.48376819e-05+0.00000000e+00j, ...,
                 1.56247230e-05-1.92799570e-07j,
                -5.37850231e-05+2.55770320e-05j,
                 4.18466659e-06+2.59974247e-05j],
               ...,
               [-5.81293787e-07-2.55089912e-06j,
                 4.39532799e-05+3.49439583e-06j,
                 1.56247230e-05+1.92799570e-07j, ...,
                 4.24156366e-04+0.00000000e+00j,
                -4.86924093e-04+3.69503806e-04j,
                -1.69409186e-04+3.69904819e-04j],
               [ 3.53205570e-05+5.77262536e-06j,
                -1.84271665e-04-9.68122233e-05j,
                -5.37850231e-05-2.55770320e-05j, ...,
                -4.86924093e-04-3.69503806e-04j,
                 2.48837122e-03+0.00000000e+00j,
                 5.62627765e-04-6.41056694e-04j],
               [ 3.23054192e-06+1.17312127e-05j,
                -1.81169523e-06-7.46182506e-05j,
                 4.18466659e-06-2.59974247e-05j, ...,
                -1.69409186e-04-3.69904819e-04j,
                 5.62627765e-04+6.41056694e-04j,
                 5.41668628e-04+0.00000000e+00j]],
              dims=(2, 2, 2, 2, 2, 2, 2, 2, 2, 2))"
data/selected_mutant_qc/mutants_ae_10/ae_10_Mutant_Replace_cx_P70_Q4_[].qasm,PureState_7,"{'0111100111': 1, '0110001011': 1, '0100110111': 1, '1100111001': 1, '0111001101': 1, '1011110000': 1, '0001111000': 2, '0011001010': 1, '0101110001': 2, '0110010111': 2, '0001011001': 1, '0011001000': 4, '0010101000': 1, '0111110001': 1, '1101001100': 1, '1110100110': 2, '0001111011': 1, '0101011101': 2, '0010011000': 2, '1001011000': 1, '1010100110': 4, '1100001001': 1, '0110110100': 1, '0101111011': 2, '0101001001': 1, '1011110100': 1, '1110000000': 2, '0010101110': 1, '0011100101': 1, '0110011011': 2, '1111010111': 1, '1110000110': 2, '0011101100': 1, '1101111010': 3, '1001011010': 1, '0110001110': 2, '1111100110': 1, '0111000100': 1, '0100000111': 4, '0110110001': 2, '1101101000': 3, '1001111000': 1, '1100110110': 6, '1111110000': 1, '1101001000': 2, '1010011110': 1, '1001000110': 1, '1110000111': 3, '0011000110': 3, '1010000001': 2, '0001111001': 1, '1100010111': 1, '0101111010': 2, '0001100111': 3, '0000110111': 1, '1110011001': 8, '0100001011': 1, '1101011000': 4, '0110101000': 6, '1011010110': 6, '1001111001': 3, '1110110110': 2, '0110100010': 1, '0011011000': 7, '0101000100': 2, '1101011011': 2, '0011011011': 1, '0011110101': 2, '0001010111': 1, '0001110111': 1, '1010110111': 5, '0010100100': 2, '1110000101': 9, '1110111010': 2, '0011000001': 2, '1101111001': 4, '0001110110': 3, '1110111011': 2, '0110100110': 2, '0110100101': 1, '1001111010': 1, '0010111010': 5, '0010001001': 2, '1011010001': 1, '1110111000': 13, '0011100111': 5, '1010111010': 4, '1010010011': 1, '1111110001': 1, '0110111010': 1, '1010010110': 3, '1110010101': 1, '0110100001': 1, '0101011010': 1, '1111111000': 5, '0101011001': 3, '0011001001': 4, '0100010111': 2, '1110111001': 13, '1110100111': 4, '1011000111': 2, '1001001001': 1, '0110110110': 2, '1011100111': 11, '1010001110': 4, '1100111011': 3, '1101011110': 2, '0101100110': 19, '0001100110': 5, '1001000101': 3, '1100001011': 2, '0011110000': 1, '0101111001': 2, '0010111001': 5, '0011000101': 4, '0100000110': 5, '0010110110': 4, '1011001000': 3, '0111111000': 3, '0010000101': 1, '0101010110': 10, '0111100101': 1, '1101111000': 1, '0101111000': 6, '0111011001': 2, '1101000111': 3, '0101000000': 1, '0001110001': 1, '1001110111': 1, '1001000100': 1, '1101000110': 4, '1011100110': 8, '0111110000': 1, '0011101000': 7, '1110001001': 4, '0010000001': 1, '1100100110': 1, '1011000100': 3, '0100110110': 3, '1110101000': 11, '1010100100': 1, '1101011111': 1, '0101101000': 7, '1010000101': 5, '1111101001': 2, '0111011000': 3, '0101011000': 5, '1111111001': 3, '0110110111': 2, '1110100101': 2, '1010111001': 5, '0011010111': 10, '1110001000': 3, '1111001000': 2, '0101001011': 1, '1111001001': 5, '1101000101': 4, '1001100110': 2, '1011010011': 1, '1101101001': 1, '1011111001': 2, '0010100111': 2, '1111101000': 2, '0101110111': 1, '1100100111': 3, '1110001110': 1, '1101010110': 10, '0111111001': 4, '0011010110': 7, '0101110110': 7, '1110000011': 1, '0110000101': 5, '0110111001': 13, '1010010111': 5, '1110011010': 1, '0101101001': 5, '1010000100': 2, '0001000101': 1, '1110110100': 2, '1100000111': 4, '0111000110': 2, '1010111011': 4, '1111000101': 1, '0011111000': 12, '1001000111': 2, '0010000110': 9, '1101110101': 1, '1100001110': 4, '1110001100': 1, '1111011000': 4, '0111001001': 2, '0001000111': 2, '1111011001': 3, '0110001001': 8, '1110000100': 7, '0101011011': 4, '0010000111': 13, '1101011010': 1, '1010110110': 4, '0110001100': 3, '0010111000': 4, '1011011000': 6, '1010110001': 3, '0101111110': 1, '1001101001': 1, '1101011001': 5, '1101100111': 12, '1011100001': 2, '0110010110': 1, '0011111011': 1, '0110001000': 5, '0010111011': 7, '0010111110': 1, '1110101001': 9, '0101000111': 7, '0110011001': 9, '0111101000': 3, '1101111011': 5, '1011010111': 8, '0010011001': 4, '0010000100': 2, '1001111011': 2, '0011100110': 5, '1011011001': 9, '0010010110': 5, '0011000111': 2, '1010001010': 2, '1010000110': 5, '1010111110': 1, '1100000110': 8, '1111000100': 2, '1100111010': 1, '0011111001': 5, '1010011000': 3, '1001110110': 1, '1101110011': 1, '1101110111': 1, '0101001110': 2, '0010010111': 2, '1011110110': 5, '0010111111': 1, '0010100110': 3, '0110011000': 12, '1100001111': 1, '1101010111': 18, '1110011000': 8, '0010100001': 1, '1011101001': 11, '0111110100': 1, '0110000100': 7, '1010000111': 15, '1101000100': 4, '0101010111': 9, '0110000110': 4, '0110000111': 4, '0010001110': 3, '1011101000': 10, '1100110111': 1, '0100010110': 2, '0010101001': 4, '0101100111': 14, '0001000100': 1, '0011110011': 1, '1001101000': 1, '1110110001': 1, '0011000100': 5, '0101010011': 1, '1011001001': 3, '0110100111': 1, '1011000101': 3, '1011111011': 1, '1010101000': 2, '0110001111': 1, '0110111011': 2, '1101001001': 1, '1101001110': 1, '0111001000': 1, '0100111011': 2, '1110000001': 2, '0010110111': 4, '1011111000': 8, '0110101001': 9, '0110111000': 18, '1010100111': 3, '1010111000': 2, '1101100110': 14, '0011101001': 7, '1011011011': 1, '1101000010': 1, '0011011001': 4, '0110110000': 2, '0101000110': 4}","DensityMatrix([[ 1.16138844e-06+0.00000000e+00j,
                -3.73229804e-06-1.91092732e-21j,
                -1.57084721e-06+1.71235449e-07j, ...,
                 2.99468474e-06-4.60592921e-06j,
                -1.87148514e-05-2.32689792e-06j,
                 5.42683882e-07+9.40951305e-06j],
               [-3.73229804e-06+1.91092732e-21j,
                 1.19943063e-05+0.00000000e+00j,
                 5.04815596e-06-5.50291106e-07j, ...,
                -9.62387396e-06+1.48018526e-05j,
                 6.01430156e-05+7.47783966e-06j,
                -1.74399703e-06-3.02388984e-05j],
               [-1.57084721e-06-1.71235449e-07j,
                 5.04815596e-06+5.50291106e-07j,
                 2.14991166e-06+0.00000000e+00j, ...,
                -4.72958946e-06+5.78825709e-06j,
                 2.49698755e-05+5.90659150e-06j,
                 6.53328980e-07-1.28069417e-05j],
               ...,
               [ 2.99468474e-06+4.60592921e-06j,
                -9.62387396e-06-1.48018526e-05j,
                -4.72958946e-06-5.78825709e-06j, ...,
                 2.59884802e-05+0.00000000e+00j,
                -3.90287617e-05-8.02208830e-05j,
                -3.59176847e-05+2.64150112e-05j],
               [-1.87148514e-05+2.32689792e-06j,
                 6.01430156e-05-7.47783966e-06j,
                 2.49698755e-05-5.90659150e-06j, ...,
                -3.90287617e-05+8.02208830e-05j,
                 3.06237003e-04+0.00000000e+00j,
                -2.75973338e-05-1.50539528e-04j],
               [ 5.42683882e-07-9.40951305e-06j,
                -1.74399703e-06+3.02388984e-05j,
                 6.53328980e-07+1.28069417e-05j, ...,
                -3.59176847e-05-2.64150112e-05j,
                -2.75973338e-05+1.50539528e-04j,
                 7.64890009e-05+0.00000000e+00j]],
              dims=(2, 2, 2, 2, 2, 2, 2, 2, 2, 2))","{'0011000110': 1, '1001001011': 1, '1110000111': 1, '1011111101': 1, '1110001011': 1, '1110100110': 1, '1110000001': 1, '0110001111': 1, '1101000100': 1, '1000101001': 1, '1000011000': 1, '0111011101': 1, '1110001110': 1, '0001011110': 1, '1001010011': 1, '1000100110': 1, '0100111110': 1, '1100111111': 1, '1111010001': 1, '1111110110': 1, '1101101110': 2, '1111001101': 1, '0101010000': 1, '1010001100': 1, '1110100000': 1, '1101000000': 1, '0000111001': 1, '0100000011': 2, '1011000101': 1, '0111111100': 1, '0110001100': 1, '0110011001': 10, '0101111010': 1, '0001000101': 1, '1011001110': 1, '1010011111': 1, '1100110110': 2, '1100001011': 2, '1011010111': 4, '0001101000': 1, '0101101011': 1, '0000000100': 2, '0111110001': 1, '1011010101': 1, '1110111100': 1, '1011011101': 1, '0100011001': 1, '1111000110': 1, '0011011110': 1, '1101011101': 1, '1100010100': 1, '1001011010': 1, '0100010010': 1, '0110001101': 1, '0101000110': 4, '1001011000': 1, '1101011001': 1, '0011000100': 4, '0111111010': 1, '0100101001': 1, '1111011110': 1, '1000111101': 1, '1010111001': 7, '0111000110': 2, '0010011101': 1, '1101000011': 1, '1101000010': 1, '0001111110': 1, '1001011011': 2, '0010101000': 2, '1101000110': 6, '1101100011': 1, '1110011010': 2, '0011100101': 2, '1010111110': 2, '1110110010': 1, '0110110101': 2, '1100000110': 2, '0000001010': 1, '0111010110': 2, '0010111010': 1, '1011110101': 1, '1010011010': 1, '1011000000': 1, '1111111001': 6, '1101100010': 2, '1110111001': 6, '0010110001': 1, '1110111010': 2, '0101100100': 1, '1000000111': 2, '0011110110': 2, '1001000110': 1, '1000110110': 1, '0110110010': 1, '0111100110': 4, '1010001001': 1, '0011011111': 1, '1100111011': 1, '0001001111': 2, '1101111010': 1, '0100100101': 1, '0011000010': 1, '0010011000': 4, '0101111011': 2, '1111000111': 1, '0100101101': 1, '1111100110': 2, '0110000111': 3, '0111000001': 1, '0100011000': 1, '0110011100': 1, '1101010110': 15, '1011000111': 1, '0011010110': 4, '0001111010': 1, '0111000101': 1, '1100100110': 1, '1000010110': 1, '0111110110': 1, '1111010111': 3, '1011100111': 2, '1011000001': 2, '1100011000': 2, '1010100110': 4, '0101101001': 3, '1011110111': 1, '1010001110': 2, '1001010111': 3, '1101011011': 1, '0010111101': 1, '0111111000': 6, '0101001001': 2, '1100001110': 1, '0010000101': 2, '0110011011': 1, '1101101001': 2, '1010101010': 1, '1010111000': 4, '0001001000': 1, '1011110001': 1, '1110110111': 1, '0100100001': 1, '0010010111': 1, '1110001111': 1, '1000001011': 1, '0110000001': 2, '0010011011': 1, '1010000100': 3, '0011001001': 5, '1101000111': 5, '0000101100': 1, '0011100100': 2, '1101110111': 7, '0101101000': 3, '0011110111': 1, '0000000101': 1, '0010110110': 5, '0100001100': 1, '0010101001': 4, '1011001000': 4, '0011100010': 2, '1001101000': 2, '1001110110': 1, '0001010110': 3, '1010100100': 1, '0101011000': 3, '0111000100': 1, '0011000111': 1, '0011110101': 1, '0011011011': 3, '1010010010': 1, '0010001001': 3, '0011011001': 6, '1110011000': 5, '1010100111': 3, '1110010000': 1, '0010001000': 1, '1110110011': 1, '0001001001': 1, '1001110011': 1, '0011111000': 4, '0101111100': 1, '0010111000': 2, '0100000110': 6, '0100111011': 1, '0011000101': 1, '0000010110': 1, '1100001001': 2, '1001111100': 1, '1101001100': 1, '1110110110': 1, '1001111001': 3, '0100110101': 1, '0000100110': 1, '1100101110': 1, '1011011010': 1, '0100111000': 1, '1011111000': 2, '1010101000': 2, '0100110001': 1, '1000001000': 1, '0111101000': 3, '0011111100': 2, '0111111011': 1, '1100111001': 1, '0101000101': 2, '1100110111': 4, '0100010110': 2, '0101001111': 1, '0101011110': 1, '0001111000': 3, '1010110111': 4, '1100000100': 1, '1010101011': 1, '1011010110': 2, '1101110000': 1, '1111001000': 1, '0010010110': 3, '1110000110': 2, '0000000111': 1, '1110111011': 3, '0101110001': 1, '0011010000': 1, '0110110110': 3, '0100110110': 2, '1011100110': 7, '0010111011': 3, '0100100111': 1, '0110010110': 2, '0110001000': 5, '0111101111': 1, '1100111101': 2, '1110010111': 3, '0011101001': 3, '1010011001': 4, '0110110111': 3, '0010110101': 2, '0110001110': 2, '0011001101': 1, '0101000111': 9, '1001000111': 3, '1011101110': 2, '1001111000': 3, '0101010001': 2, '1111101000': 2, '1101001000': 3, '0010100111': 3, '0010001011': 2, '0101110111': 3, '0101001000': 2, '0111011000': 3, '1111101001': 5, '1100011001': 1, '1001000100': 1, '1111000101': 2, '1000000110': 1, '1000111001': 1, '1101100110': 4, '0001111001': 3, '1111001100': 1, '1010010110': 1, '1110010110': 2, '0010100110': 2, '0110000010': 2, '0101100011': 2, '1101101000': 2, '0100100110': 1, '1110001100': 2, '1011100101': 1, '1110100010': 1, '1010000110': 3, '1101001011': 1, '0110001011': 1, '0100100011': 1, '0110101001': 10, '0111011011': 1, '1001100110': 3, '0101100110': 12, '1101000101': 1, '1011101000': 1, '0010001110': 2, '0110100111': 2, '1011111011': 2, '0110111100': 1, '0110100110': 2, '0011011000': 5, '0001011001': 2, '0000111011': 1, '1011100000': 1, '0110111010': 1, '1111001011': 1, '1001100011': 1, '1100000001': 2, '0111111001': 1, '0010011001': 5, '0110110000': 2, '1000100100': 1, '0101110011': 1, '1101100001': 2, '0010000110': 4, '0001110110': 2, '1101111001': 3, '0010000100': 5, '1110000011': 1, '0110000101': 7, '0110111001': 5, '1010010111': 2, '1111111000': 4, '0111010101': 2, '1010110100': 1, '0101011001': 4, '1011011000': 4, '0100010111': 3, '0100011011': 1, '1111010101': 2, '1110110101': 1, '1001101001': 3, '1111001110': 1, '1110000100': 6, '1101011000': 3, '0110101000': 4, '1000010111': 1, '0100111111': 1, '0111001110': 1, '1110100100': 2, '1011101001': 5, '1111011011': 1, '0011010111': 7, '0010000111': 5, '1011100010': 1, '0101011011': 1, '0110011000': 10, '0001011000': 3, '1101100101': 1, '1011111100': 1, '1110101000': 4, '1110000101': 3, '1100010111': 1, '1001111010': 2, '1110001000': 7, '1110101001': 5, '0011011010': 1, '0110101110': 1, '0100100100': 1, '1011010100': 1, '1010100011': 1, '0100101110': 2, '1011110000': 1, '0001100111': 4, '0011101000': 4, '1110001001': 5, '1000001110': 2, '1111011010': 2, '0101010110': 9, '1011011011': 3, '1010101001': 3, '0111001001': 5, '1111011001': 5, '0001000111': 4, '1001111011': 1, '1111000001': 1, '1110111000': 5, '1011111001': 6, '0011100111': 7, '1010111011': 2, '0101011100': 1, '1010001000': 2, '0100000111': 5, '0110000100': 6, '0111110101': 1, '1100100111': 4, '1010000101': 3, '1111110111': 2, '1100100010': 1, '0000110110': 3, '1011011001': 6, '0011100110': 8, '0010110111': 4, '1010000111': 5, '1010100001': 1, '0101111000': 6, '0111001000': 3, '0101111001': 2, '0010111001': 8, '0000110111': 1, '1101010001': 2, '1010000011': 1, '1010011000': 1, '0011111001': 4, '0101000100': 1, '0001101001': 2, '0101010111': 11, '0110000110': 2, '1101001001': 4, '0110111011': 2, '1001000101': 2, '0001100110': 1, '0110110011': 1, '1101110010': 2, '1101011110': 2, '1010011011': 1, '1101010111': 9, '1011100100': 1, '0011000001': 1, '1101111110': 1, '1100111000': 1, '0110001001': 2, '0111011100': 2, '1111011000': 2, '0011111010': 2, '0111001100': 1, '0110111000': 4, '1111111100': 2, '0011010011': 1, '1101111011': 2, '0110010111': 1, '1001100111': 5, '0000000001': 1, '0101011101': 1, '1010111010': 3, '1101100111': 11, '1100010110': 2, '1011001001': 9, '1111001001': 2, '1110001101': 2, '1001011001': 1, '1110010011': 1, '1011000100': 4, '1100101010': 1, '0101010011': 1, '0101100111': 8, '1101111000': 3, '0100101000': 2, '1010110110': 1, '0100001111': 1, '1001010110': 4, '0001000100': 2, '0111000111': 1, '0101110110': 1, '0100000100': 1, '1110011001': 5}","DensityMatrix([[ 1.20807321e-05+0.00000000e+00j,
                -3.55651275e-06-6.79856389e-06j,
                -6.87237452e-06+6.24546616e-06j, ...,
                 3.23049819e-06-4.46068935e-06j,
                -1.65727170e-05-6.71287252e-06j,
                -7.10968696e-07+8.87298069e-06j],
               [-3.55651275e-06+6.79856389e-06j,
                 5.02620329e-05+0.00000000e+00j,
                 5.69973522e-06+1.08487124e-06j, ...,
                -1.21685458e-05+1.57510806e-05j,
                 4.86759987e-05+1.31134674e-06j,
                -2.76923661e-06-2.96756292e-05j],
               [-6.87237452e-06-6.24546616e-06j,
                 5.69973522e-06-1.08487124e-06j,
                 1.18044851e-05+0.00000000e+00j, ...,
                -4.44815307e-06+6.41119203e-06j,
                 1.65001720e-05+8.23695599e-06j,
                 7.76403372e-07-1.08748663e-05j],
               ...,
               [ 3.23049819e-06+4.46068935e-06j,
                -1.21685458e-05-1.57510806e-05j,
                -4.44815307e-06-6.41119203e-06j, ...,
                 4.67553352e-05+0.00000000e+00j,
                -3.50771666e-05-6.68274050e-05j,
                -3.81185907e-05+3.17974539e-05j],
               [-1.65727170e-05+6.71287252e-06j,
                 4.86759987e-05-1.31134674e-06j,
                 1.65001720e-05-8.23695599e-06j, ...,
                -3.50771666e-05+6.68274050e-05j,
                 3.62084880e-04+0.00000000e+00j,
                -2.20393162e-05-1.50987487e-04j],
               [-7.10968696e-07-8.87298069e-06j,
                -2.76923661e-06+2.96756292e-05j,
                 7.76403372e-07+1.08748663e-05j, ...,
                -3.81185907e-05-3.17974539e-05j,
                -2.20393162e-05+1.50987487e-04j,
                 9.04517834e-05+0.00000000e+00j]],
              dims=(2, 2, 2, 2, 2, 2, 2, 2, 2, 2))"
data/selected_mutant_qc/mutants_ae_10/ae_10_Mutant_Replace_cx_P70_Q4_[].qasm,PureState_8,"{'0011110101': 1, '0100010110': 1, '1000011101': 1, '0001000011': 1, '0111011101': 1, '0110010000': 1, '1110011110': 1, '1110000001': 1, '0110110011': 1, '1011001101': 1, '1010010010': 1, '0010011101': 1, '0100101011': 2, '1111101011': 1, '1000011001': 1, '0111010101': 1, '1100110110': 1, '1000110110': 1, '0000111110': 2, '0111101100': 1, '0100000001': 1, '0111000010': 2, '0000111111': 1, '0101010000': 2, '0111110100': 1, '0111010111': 1, '0100011100': 1, '1111111111': 1, '0111101110': 1, '0111101101': 2, '1000011111': 2, '1010010000': 1, '0000001101': 2, '0011111111': 1, '0101100100': 1, '1000010011': 1, '1000110010': 1, '1110011010': 1, '0101101100': 1, '1111000001': 2, '1100101010': 3, '1111010110': 1, '1111100010': 2, '1101101110': 1, '1111111011': 1, '1111111010': 2, '1010101011': 2, '0011110010': 1, '1110001100': 1, '1100110100': 1, '1100001110': 3, '0010010000': 1, '1111011011': 1, '1100010101': 4, '1001101011': 1, '0111101011': 4, '1000010110': 2, '0111110110': 3, '0100101001': 2, '1000101101': 6, '0011111110': 1, '0111010100': 2, '0000000001': 3, '0010011110': 1, '0111110111': 1, '1010011010': 1, '1011110101': 1, '1011001010': 2, '0110000000': 1, '0011110000': 1, '1100001011': 1, '1010010001': 2, '1100111100': 1, '1000001011': 2, '0010001110': 1, '0100100101': 6, '1111011110': 2, '1011111101': 1, '1100101111': 1, '1000101010': 4, '0101010101': 1, '0111111011': 1, '1110010100': 1, '1100000001': 2, '1010001101': 1, '0111111111': 3, '1101100100': 1, '0111001101': 1, '0000010101': 1, '1100001100': 2, '0100011111': 3, '1111001111': 4, '0000011001': 1, '0101100001': 1, '1100011011': 4, '1111101111': 2, '0100110100': 3, '0101000110': 1, '0100110101': 4, '0000101001': 1, '0010101010': 1, '0101001011': 2, '0100010001': 19, '1111001000': 1, '1100010010': 1, '0101001110': 2, '0111100011': 2, '1001110000': 1, '0111100110': 2, '0000010010': 6, '1000000101': 1, '0011111100': 1, '0110100010': 1, '0100010010': 3, '1100100011': 2, '0111100001': 5, '0100101111': 1, '1000000011': 2, '0000110001': 1, '1111100101': 1, '0111101111': 1, '0011001011': 1, '0000011111': 5, '1011101110': 1, '0101110110': 1, '1000101011': 10, '1111000011': 1, '1001111110': 1, '0100010011': 1, '1001110011': 1, '0000000100': 1, '1111100001': 4, '1000001000': 1, '0111110011': 13, '0100011101': 4, '0111000000': 2, '1100101001': 1, '0111001010': 7, '1000101000': 1, '1111010100': 3, '1101001010': 1, '1011000100': 1, '1100100110': 1, '1111101110': 2, '0000101101': 8, '1000100100': 5, '0111001110': 11, '1000100101': 2, '1000111101': 1, '0000100101': 1, '0100000011': 3, '0111111101': 4, '0111100101': 1, '1000100001': 13, '1101110101': 1, '0000110011': 2, '1010011110': 1, '1100010100': 9, '0100011010': 2, '1000110100': 3, '0110011010': 1, '0100100001': 17, '1000010101': 5, '0100010100': 12, '0100100100': 8, '1111111110': 10, '0011001001': 2, '0100011011': 4, '0000110010': 1, '0111110010': 4, '0101010010': 1, '0111011110': 5, '0000011011': 13, '1010110100': 1, '1111110110': 5, '0000011110': 15, '0000101010': 5, '1111111101': 6, '1001000010': 1, '1000111110': 4, '1100100000': 5, '1110011001': 1, '1000011010': 8, '0000101100': 4, '1111110001': 4, '0100101110': 4, '1110000011': 1, '1000001001': 4, '0111100000': 1, '0110010100': 1, '1100100001': 26, '0010100100': 1, '1100011110': 2, '0000100100': 4, '1111001011': 16, '1000010001': 11, '0011110001': 1, '1000001100': 2, '0001100001': 1, '0010101011': 1, '1000101001': 4, '1111110010': 4, '1111001101': 3, '0100010000': 6, '1000010010': 7, '1111110000': 1, '0000100010': 7, '0100000000': 1, '1111001110': 13, '1000010100': 9, '0111010010': 3, '1000100000': 6, '0000010110': 3, '0100001101': 1, '1010000001': 1, '1100101100': 7, '0111000011': 1, '0101011110': 2, '0010101110': 3, '0100010101': 7, '1101110011': 2, '1111110101': 1, '0100001001': 2, '0100101100': 9, '1100010000': 10, '1101010100': 2, '1111001010': 6, '1010001010': 1, '0100100000': 5, '1100011101': 2, '0100011110': 3, '0000001100': 3, '1100010110': 6, '0100110000': 1, '0000100001': 13, '0011001110': 5, '1100110001': 2, '1000101110': 14, '0100100010': 5, '1100100101': 3, '0000100000': 2, '0000101110': 4, '0100001110': 1, '0000111010': 1, '0000010100': 7, '0101101001': 1, '1001100000': 1, '0010110100': 1, '1111001001': 5, '1100101110': 3, '0100001100': 2, '0000001111': 1, '1000011110': 14, '1111011101': 1, '1110100001': 2, '0000101111': 7, '0000001011': 2, '0111001111': 4, '1110010001': 2, '1000110011': 3, '1100110101': 3, '1111010101': 3, '0000011101': 2, '0100000010': 4, '1111110011': 9, '1100101011': 4, '1111101010': 2, '1000101100': 10, '1000110001': 1, '1000100110': 1, '0000101011': 7, '0010100001': 2, '1000011011': 7, '0101001001': 1, '1111110111': 3, '0010010100': 1, '1000100010': 8, '0000010011': 1, '1100100100': 5, '1010100001': 1, '1100111110': 2, '0111110001': 10, '1111010001': 3, '1110010110': 1, '0010111111': 1, '0110100100': 1, '0000010000': 5, '1111001100': 1, '0110110000': 1, '1000010000': 4, '1011110010': 1, '0000010001': 21, '0111111110': 15, '1100001111': 1, '0111001011': 22, '0110100001': 2, '1111110100': 1, '1000001110': 2, '0000011010': 3, '0111010001': 1, '1100100010': 7, '0111001001': 9, '0100110001': 1, '1100010001': 16, '0100111100': 1, '1100011100': 1}","DensityMatrix([[ 8.83594213e-05+0.00000000e+00j,
                -4.74673641e-04+6.01677439e-19j,
                -1.55270874e-04-2.27317418e-05j, ...,
                -5.54314664e-04-3.48111736e-04j,
                 3.87504815e-05-8.77099920e-04j,
                 4.02255770e-04-1.47088424e-04j],
               [-4.74673641e-04-6.01677439e-19j,
                 2.54998349e-03+0.00000000e+00j,
                 8.34127136e-04+1.22116674e-04j, ...,
                 2.97782122e-03+1.87008315e-03j,
                -2.08170582e-04+4.71184857e-03j,
                -2.16094909e-03+7.90170385e-04j],
               [-1.55270874e-04+2.27317418e-05j,
                 8.34127136e-04-1.22116674e-04j,
                 2.78700063e-04+0.00000000e+00j, ...,
                 1.06363427e-03+4.69118912e-04j,
                 1.57551822e-04+1.55126567e-03j,
                -6.69029153e-04+3.61959392e-04j],
               ...,
               [-5.54314664e-04+3.48111736e-04j,
                 2.97782122e-03-1.87008315e-03j,
                 1.06363427e-03-4.69118912e-04j, ...,
                 4.84890599e-03+0.00000000e+00j,
                 3.21243407e-03+5.65507149e-03j,
                -1.94402660e-03+2.50752236e-03j],
               [ 3.87504815e-05+8.77099920e-04j,
                -2.08170582e-04-4.71184857e-03j,
                 1.57551822e-04-1.55126567e-03j, ...,
                 3.21243407e-03-5.65507149e-03j,
                 8.72352781e-03+0.00000000e+00j,
                 1.63648480e-03+3.92848607e-03j],
               [ 4.02255770e-04+1.47088424e-04j,
                -2.16094909e-03-7.90170385e-04j,
                -6.69029153e-04-3.61959392e-04j, ...,
                -1.94402660e-03-2.50752236e-03j,
                 1.63648480e-03-3.92848607e-03j,
                 2.07611940e-03+0.00000000e+00j]],
              dims=(2, 2, 2, 2, 2, 2, 2, 2, 2, 2))","{'1010010011': 1, '0111110101': 1, '0111111111': 1, '1000001100': 1, '1011011011': 1, '0011001011': 1, '1010100000': 1, '1111100010': 1, '0001011100': 1, '1110100111': 1, '1110111111': 1, '0100111010': 1, '0100101000': 2, '0011110111': 1, '1010011011': 1, '1110010110': 2, '1111011110': 3, '1011010001': 1, '1110100010': 1, '1101011011': 1, '0010001011': 1, '0010111110': 1, '1101110110': 1, '1011011101': 1, '0011100100': 2, '1101110111': 1, '1110111110': 2, '0110111101': 1, '1101110011': 4, '1001011110': 2, '0010100101': 1, '1001011011': 1, '0101100001': 1, '0000011001': 2, '1010101011': 1, '0100110100': 3, '1111000100': 1, '0000110000': 1, '1000110010': 2, '0010101010': 1, '1000011101': 5, '0010000100': 1, '1111000001': 4, '0000101110': 11, '1001111011': 1, '1000010000': 3, '0010010000': 1, '0111001011': 7, '1100110000': 1, '1111100000': 2, '1110101100': 1, '0100110011': 1, '1100010000': 6, '0100101100': 2, '1100110111': 1, '0101100011': 1, '1100110001': 2, '1111110101': 1, '0000110100': 1, '1011011110': 2, '0001111010': 1, '1110110000': 1, '0100100101': 2, '0011000010': 1, '1011000101': 1, '0111101110': 1, '0110001101': 1, '1011010111': 1, '1100001011': 3, '0101101011': 1, '1100011111': 1, '0101100010': 1, '0110010011': 1, '0111100001': 4, '0001010001': 1, '1001001010': 1, '0100110101': 3, '0111110010': 5, '0100101001': 1, '0001011011': 1, '0110000001': 2, '1000001011': 3, '1111111001': 1, '1101100010': 1, '0011001100': 1, '1010101101': 2, '0111000100': 1, '0111010010': 1, '1111101011': 1, '1111010100': 2, '0100110001': 7, '1010101000': 1, '0101010011': 1, '0100011100': 1, '1100101100': 4, '0111001100': 1, '1000101110': 10, '1111010101': 2, '0101001010': 3, '0110101111': 1, '1000100001': 8, '0011111101': 1, '0111111101': 3, '1111110010': 3, '1011010100': 1, '0001110011': 1, '0101010000': 1, '0111001101': 1, '0001100001': 1, '0110101110': 1, '0100011010': 1, '1111001110': 3, '1100011000': 1, '0110100001': 3, '0110001001': 1, '1101100000': 1, '0101110010': 2, '0111010110': 1, '1001111110': 1, '0100010011': 1, '1111000011': 1, '0001110100': 1, '1110101110': 4, '0000100010': 4, '1010110001': 2, '0001110010': 1, '1111011011': 1, '1011011111': 1, '1010001111': 1, '0101010101': 2, '1000101010': 4, '0111100011': 1, '1101001110': 1, '0101110001': 2, '1000101100': 2, '1100110110': 1, '1011001110': 1, '0000100101': 4, '1010011111': 1, '0111001111': 3, '1110101010': 1, '0001011101': 1, '0000011111': 2, '1111001000': 2, '1101000001': 1, '0100111000': 1, '1100100000': 3, '0111010111': 1, '1000001010': 1, '0110011110': 2, '0110100010': 1, '1111010011': 3, '0110100101': 1, '1000110001': 4, '1100010100': 11, '1010011110': 2, '0001110001': 1, '0110001110': 2, '0010110101': 1, '1000011010': 5, '1110110010': 1, '1100010101': 5, '1101000101': 1, '0000011011': 6, '0111000001': 3, '0100111101': 1, '1110010101': 2, '1111010000': 2, '0110010000': 2, '1110001010': 1, '0001010100': 2, '0111101001': 4, '0110010001': 3, '1000000010': 1, '0010010011': 1, '0000001110': 2, '0000011100': 1, '1111111110': 5, '1110101011': 2, '0100101111': 3, '1110110100': 1, '0101011011': 2, '1000011001': 2, '1001101110': 1, '1000001101': 1, '0111011110': 2, '0101101111': 1, '0000110001': 2, '1000001000': 1, '1111010001': 2, '0111110001': 4, '1110000001': 4, '1000010110': 2, '1100100110': 1, '1111101110': 2, '0110010010': 2, '0011001001': 3, '0100010100': 6, '0100011011': 3, '1110010001': 2, '0111010000': 1, '0000101001': 4, '1000111110': 4, '0000010110': 2, '1100001001': 1, '1000100000': 5, '1100100010': 1, '0111010001': 2, '0010011010': 1, '1010101110': 3, '1101100100': 4, '0011100001': 1, '1101001011': 3, '1110000000': 1, '0011001010': 1, '0100010000': 4, '1000010010': 2, '0100100010': 3, '1101001001': 1, '0000100011': 1, '1001000100': 1, '1111000101': 2, '0111011111': 1, '1101000010': 2, '1000011011': 9, '0000011110': 10, '1110100000': 1, '0111010011': 1, '1111100001': 1, '0010010001': 2, '1110100101': 1, '1100110011': 1, '0011110110': 1, '0100100100': 3, '1000010101': 4, '1000011110': 11, '0110110010': 2, '0010010100': 3, '0111001001': 4, '1111110000': 2, '1100110100': 6, '1111110001': 3, '1001100001': 2, '1101100001': 1, '0100100000': 1, '1000010001': 8, '1111101001': 2, '1010010001': 7, '1010111110': 1, '0100101010': 2, '1011100001': 2, '1111001101': 1, '1111110110': 2, '1010110100': 3, '1110001101': 3, '0011111110': 1, '0111010100': 1, '0000000001': 3, '0101111001': 1, '0110110000': 1, '1101110101': 1, '1110001100': 1, '0101001001': 2, '1100001110': 1, '0100111110': 2, '1001100010': 2, '1100010110': 2, '1111001001': 3, '1111111010': 1, '1100101101': 1, '1101111101': 1, '1110110101': 2, '1111110011': 9, '1000110011': 2, '0101010010': 1, '1101001100': 3, '0110101011': 2, '0111110110': 1, '0000100000': 1, '1110001110': 1, '0010100000': 2, '1111001011': 9, '0101110100': 1, '0100110000': 2, '0000100001': 10, '0100011110': 1, '0000001100': 1, '1001001111': 2, '1100100001': 14, '0111100000': 2, '0100001100': 1, '0110010100': 5, '1100011101': 2, '0101011110': 1, '0001000001': 1, '0010101110': 2, '0100110010': 3, '0111011010': 3, '1000101001': 7, '0010010010': 1, '1001010100': 1, '1101000011': 2, '0000011010': 2, '0000001001': 1, '1010101111': 1, '1100010001': 18, '1111111101': 2, '1000111111': 1, '0010100001': 2, '0000101000': 1, '1010010100': 1, '1000011111': 1, '1111001010': 9, '1110001011': 2, '1000100101': 4, '0111001110': 8, '0100010010': 6, '1011110100': 2, '0000111110': 3, '0100101110': 6, '1110011100': 1, '0100011111': 2, '1111001111': 5, '1010101010': 4, '1000101011': 12, '0111110000': 1, '0101010001': 2, '1011110010': 1, '1100101110': 6, '0001001110': 1, '1010100001': 3, '1110101111': 1, '1100101011': 2, '1000010011': 3, '0010101100': 3, '1000100010': 1, '1110001111': 1, '0110101101': 1, '0000010000': 5, '0000111101': 1, '0011011110': 1, '0000110010': 1, '0111010101': 1, '0000101011': 8, '1010011001': 1, '0000010011': 1, '0101100101': 1, '1100100100': 4, '0100001110': 2, '0001011110': 1, '0000010100': 8, '1010001110': 1, '0100010101': 6, '1000000011': 1, '0111011100': 1, '0000010001': 8, '1000101101': 7, '1101010101': 1, '1110110011': 1, '0001111001': 1, '0110001100': 3, '0100101011': 6, '0001101110': 1, '1010001011': 2, '1111001100': 1, '0111011011': 2, '1000010100': 4, '0000101010': 6, '1011001011': 2, '0001010101': 2, '0000001011': 3, '1100011010': 3, '0000010010': 3, '1100000001': 3, '1110010100': 3, '0111110011': 13, '0100001101': 1, '1001101111': 1, '0110100000': 3, '0111000000': 1, '0100001001': 2, '0100101101': 1, '1100110010': 1, '1111110111': 1, '0101001110': 1, '0101001011': 1, '0100010001': 13, '1100110101': 3, '1100100101': 2, '0000000101': 3, '1000110101': 2, '0000101100': 8, '0101110011': 1, '0100110110': 1, '1000100100': 3, '0000101101': 3, '0011101110': 1, '0100000000': 2, '1100001100': 3, '0000010101': 2, '0011001110': 2, '1100010010': 5, '0010011110': 2, '1101011110': 3, '0111110111': 3, '0000101111': 3, '0000000010': 1, '1110100001': 1, '0111111110': 5, '0111001010': 3, '1100011011': 1, '1111101111': 1, '0111100100': 1, '0011001111': 2, '1001010011': 1, '0001011001': 1, '1000011100': 1, '1101000000': 1, '0111011101': 2, '1100011110': 4, '1111101010': 1, '0000100100': 2, '0100100001': 10, '1100101000': 1}","DensityMatrix([[ 1.88453919e-04+0.00000000e+00j,
                -3.69255842e-04+1.32435360e-05j,
                -1.92757169e-04+5.39148636e-05j, ...,
                -4.16184129e-04-2.88079000e-04j,
                 6.58036885e-05-6.83284701e-04j,
                 3.15005182e-04-8.15068131e-05j],
               [-3.69255842e-04-1.32435360e-05j,
                 2.47650416e-03+0.00000000e+00j,
                 7.39757454e-04+1.82468459e-04j, ...,
                 2.36217538e-03+1.45423748e-03j,
                -1.11271143e-04+3.72469825e-03j,
                -1.67872299e-03+6.46362185e-04j],
               [-1.92757169e-04-5.39148636e-05j,
                 7.39757454e-04-1.82468459e-04j,
                 3.86366785e-04+0.00000000e+00j, ...,
                 7.89882110e-04+3.53321643e-04j,
                 1.19924166e-04+1.21014681e-03j,
                -5.14028548e-04+2.78705940e-04j],
               ...,
               [-4.16184129e-04+2.88079000e-04j,
                 2.36217538e-03-1.45423748e-03j,
                 7.89882110e-04-3.53321643e-04j, ...,
                 4.45105450e-03+0.00000000e+00j,
                 2.82883436e-03+4.86797662e-03j,
                -1.75766361e-03+2.17288165e-03j],
               [ 6.58036885e-05+6.83284701e-04j,
                -1.11271143e-04-3.72469825e-03j,
                 1.19924166e-04-1.21014681e-03j, ...,
                 2.82883436e-03-4.86797662e-03j,
                 7.86601892e-03+0.00000000e+00j,
                 1.33516609e-03+3.46811881e-03j],
               [ 3.15005182e-04+8.15068131e-05j,
                -1.67872299e-03-6.46362185e-04j,
                -5.14028548e-04-2.78705940e-04j, ...,
                -1.75766361e-03-2.17288165e-03j,
                 1.33516609e-03-3.46811881e-03j,
                 1.94575122e-03+0.00000000e+00j]],
              dims=(2, 2, 2, 2, 2, 2, 2, 2, 2, 2))"
data/selected_mutant_qc/mutants_ae_10/ae_10_Mutant_Replace_cx_P70_Q4_[].qasm,PureState_9,"{'1011100101': 1, '1000011011': 1, '0010001101': 1, '0000100111': 1, '1110111010': 1, '1100001101': 1, '0110110111': 1, '1111011100': 1, '1011001100': 1, '1100000010': 1, '0100111111': 1, '0100110011': 1, '1110110011': 1, '0110100011': 1, '1100001011': 3, '1011001010': 1, '0011110100': 1, '0010101111': 1, '0011111000': 5, '0010000101': 1, '0011010100': 9, '1101110100': 1, '1110000100': 1, '1000000000': 2, '1000111011': 5, '0100000011': 2, '1010111000': 3, '0110101111': 1, '1011000100': 2, '0110111100': 1, '1111111110': 1, '1110001011': 5, '1010100100': 3, '1011011011': 4, '1010001000': 2, '0100000111': 9, '0101011100': 2, '1100110011': 1, '0000111100': 2, '0100001000': 2, '0000111011': 2, '1011010100': 18, '1000001100': 3, '0111001011': 17, '1100001111': 2, '0110100111': 1, '1011111011': 6, '1010110101': 1, '0111000111': 9, '0000001100': 1, '0001000100': 1, '1100111111': 1, '0111010100': 6, '1110000111': 4, '0011001000': 1, '1000111100': 1, '0010001011': 4, '0010100111': 1, '0101110100': 1, '0000001011': 1, '1100111000': 11, '0111001111': 2, '1111001101': 1, '1100000110': 2, '0011000111': 3, '0100010100': 9, '0100100100': 5, '0010000000': 2, '0111110011': 5, '1110000110': 1, '0111111010': 1, '0010011011': 8, '1010000100': 7, '1101011111': 1, '0110000011': 1, '1011000010': 1, '0000010100': 2, '0100001110': 1, '1111110111': 2, '1000110100': 5, '1101000111': 1, '1101111000': 2, '0100110010': 2, '1011111100': 1, '1100000011': 2, '1010001011': 2, '0101100100': 17, '0010000111': 18, '0101011011': 2, '1010001111': 1, '1111011011': 10, '0110001111': 1, '0110111011': 7, '0011000100': 1, '0011010010': 1, '1011111101': 1, '0010111100': 1, '1111000001': 1, '0010110011': 2, '1011001011': 5, '1000111000': 1, '0100011100': 1, '1000001011': 1, '0010000011': 1, '1101101011': 1, '1010110100': 3, '1010111011': 17, '1110101011': 4, '0100101111': 1, '0011011011': 6, '1111111011': 24, '1011000111': 6, '0101000100': 6, '0011011000': 2, '1100000111': 7, '0010100100': 8, '0010010100': 3, '0100111100': 2, '1111101011': 12, '0111000100': 3, '1100110100': 16, '0100110111': 2, '0100111000': 6, '0111011000': 4, '1011011000': 3, '1010010100': 2, '1111100100': 13, '0010110000': 1, '1111110000': 1, '1100001000': 3, '1111111000': 1, '0010110100': 7, '0011101011': 7, '1011110100': 2, '1110011011': 7, '1010101011': 11, '0011001011': 4, '1100110110': 1, '1110111011': 11, '0111101011': 11, '1100101011': 1, '0100000101': 1, '1101011000': 3, '0010000100': 7, '1111110011': 8, '0100000100': 28, '0010101011': 3, '1010011011': 7, '0111011011': 21, '0011100100': 24, '1111000011': 3, '1010001100': 1, '0101011000': 3, '1100111100': 1, '1000000100': 3, '0100001011': 1, '0000110100': 6, '0011011100': 1, '0011000000': 1, '0010001111': 1, '1010110011': 3, '0111101100': 1, '0010111011': 18, '0011111011': 10, '1111000111': 8, '1100010100': 7, '1100100100': 6, '0111110111': 3, '0100111011': 19, '1111111101': 1, '1011110011': 2, '1100111011': 9, '1100111001': 1, '1000001000': 1, '0111000011': 4, '0100001100': 6, '1111110100': 2, '0010111000': 4, '1010101111': 1, '1011101011': 9, '0110111101': 1, '1101000100': 2, '1100000100': 26, '1111001111': 1, '0100100111': 1, '0111100100': 12, '0101111000': 5, '1110111000': 1, '0100110000': 1, '0111010111': 1, '1011000011': 1, '0100110100': 26, '1010000111': 16, '1111001011': 13, '0111100111': 2, '0000000111': 4, '0010001100': 1, '1101010100': 9, '1000000111': 1, '1011100100': 35, '1111000100': 1, '0111111011': 20, '0011011010': 2, '0110011011': 9, '1101011100': 1, '1110110101': 1, '0000000100': 1, '1100110000': 3, '1100001100': 5, '0100011011': 3, '0111001100': 1, '1010111111': 1, '1010111100': 1, '1111010100': 8, '0110101011': 3, '1111011000': 2, '0101010100': 9, '1011111000': 3, '1101100100': 9, '0110000111': 7, '0010101101': 1}","DensityMatrix([[ 1.04943532e-04+0.00000000e+00j,
                 7.35851576e-05+5.47017169e-21j,
                 6.31323661e-05+1.33094721e-04j, ...,
                 2.50687667e-04-1.27222052e-04j,
                 8.74757104e-05+1.57844165e-05j,
                -1.25875206e-04+2.28615073e-04j],
               [ 7.35851576e-05-5.47017169e-21j,
                 5.15970381e-05+0.00000000e+00j,
                 4.42676649e-05+9.33244367e-05j, ...,
                 1.75779213e-04-8.92065910e-05j,
                 6.13369286e-05+1.10678452e-05j,
                -8.82621984e-05+1.60302172e-04j],
               [ 6.31323661e-05-1.33094721e-04j,
                 4.42676649e-05-9.33244367e-05j,
                 2.06776920e-04+0.00000000e+00j, ...,
                -1.05397437e-05-3.94469610e-04j,
                 7.26426005e-05-1.01445487e-04j,
                 2.14216725e-04+2.97172539e-04j],
               ...,
               [ 2.50687667e-04+1.27222052e-04j,
                 1.75779213e-04+8.92065910e-05j,
                -1.05397437e-05+3.94469610e-04j, ...,
                 7.53069343e-04+0.00000000e+00j,
                 1.89825476e-04+1.43751574e-04j,
                -5.77836852e-04+3.93515221e-04j],
               [ 8.74757104e-05-1.57844165e-05j,
                 6.13369286e-05-1.10678452e-05j,
                 7.26426005e-05+1.01445487e-04j, ...,
                 1.89825476e-04-1.43751574e-04j,
                 7.52895158e-05+0.00000000e+00j,
                -7.05376251e-05+2.09494879e-04j],
               [-1.25875206e-04-2.28615073e-04j,
                -8.82621984e-05-1.60302172e-04j,
                 2.14216725e-04-2.97172539e-04j, ...,
                -5.77836852e-04-3.93515221e-04j,
                -7.05376251e-05-2.09494879e-04j,
                 6.49010164e-04+0.00000000e+00j]],
              dims=(2, 2, 2, 2, 2, 2, 2, 2, 2, 2))","{'1001111000': 1, '1000111101': 1, '1111011001': 1, '0010000000': 1, '0100001010': 1, '0111101010': 1, '0101001001': 1, '1101001111': 1, '0011011011': 1, '1000101001': 1, '0110101111': 1, '1101111000': 2, '1101100000': 1, '0101110010': 1, '1111001001': 1, '0100010011': 1, '1100101111': 1, '0010001100': 1, '1110110100': 2, '1010001001': 1, '0101100011': 1, '1010000011': 1, '0110101100': 1, '0100110011': 3, '0100000000': 1, '0000101011': 3, '1111100000': 1, '1011100111': 1, '1010000010': 1, '1100010100': 2, '0000111000': 2, '0010101111': 1, '0100000001': 1, '1111001101': 1, '1100000110': 1, '1101000000': 1, '1010010000': 1, '0011011100': 2, '1000110000': 1, '0111111101': 1, '1000010100': 1, '1110100100': 2, '1001010000': 1, '1110011010': 1, '1001110100': 2, '0100110111': 1, '1100110011': 1, '0110111101': 1, '0011100000': 2, '0001100100': 3, '0010000011': 2, '0010001111': 1, '0010010111': 2, '1101100011': 1, '0101001011': 3, '0110000110': 1, '0101101010': 1, '0111010010': 1, '1000110011': 1, '1010001100': 1, '0011000111': 2, '1010101111': 1, '0011011111': 1, '1100111100': 2, '1001010100': 2, '0110100101': 1, '1101111010': 2, '1101101000': 2, '0000111101': 1, '0010010100': 2, '0010001000': 2, '1110101100': 1, '1110000101': 1, '0110110000': 1, '1110111101': 1, '1110011011': 3, '1010000101': 1, '1010101100': 1, '1100001100': 1, '1100011100': 1, '0100111100': 2, '0111000011': 2, '1010110111': 1, '1111000010': 1, '0100001100': 4, '1011111100': 1, '1010110000': 2, '0011001110': 1, '0000111011': 10, '0110111010': 1, '1110111010': 1, '0110110011': 1, '0010111010': 1, '1101000010': 1, '0111011111': 1, '1011011011': 4, '0000011011': 4, '0000111010': 2, '0000010100': 2, '0100001110': 2, '1000011011': 2, '0110110100': 2, '0011100111': 1, '1100101011': 5, '1101111011': 7, '1011011100': 2, '1010111000': 2, '1110000111': 3, '1100011000': 3, '0100111111': 2, '0000001000': 1, '0001111000': 2, '1101010000': 2, '1110001100': 3, '1100110100': 9, '1100001110': 2, '1000101011': 1, '0010111000': 2, '1111100110': 1, '0111000100': 2, '1000001011': 2, '0101101011': 3, '1011101011': 5, '1111111000': 4, '1100001000': 1, '1111111101': 1, '0000000100': 6, '0110111000': 1, '0111001100': 1, '1010111100': 1, '0011000100': 3, '1111010000': 2, '1010001010': 1, '0110001110': 1, '0010000001': 1, '1011000100': 3, '0100011011': 1, '0011010100': 17, '1101110100': 5, '1000000001': 1, '0111111000': 1, '0010000101': 1, '0010010000': 1, '0000011000': 2, '1100000000': 4, '1000111000': 4, '0110001011': 5, '0010111011': 11, '0011111011': 8, '1101010010': 1, '0000001111': 1, '0100101100': 1, '1101010100': 3, '1100010000': 2, '0001010100': 3, '1111101000': 2, '0010001011': 3, '1001110000': 1, '0111100011': 1, '1000001111': 1, '1100111011': 11, '1010000000': 2, '0100010110': 1, '1011110100': 2, '1000110110': 1, '1000111011': 7, '1000000000': 1, '0001000100': 1, '1000100111': 2, '0111000111': 4, '0101011011': 2, '0010000111': 12, '1001011011': 1, '1110000100': 3, '1100111111': 3, '1011000111': 2, '1111001011': 15, '0001111011': 1, '0111110100': 2, '0100110000': 1, '0010100000': 1, '1011001111': 1, '0110000100': 2, '1010000111': 8, '1010011011': 7, '0010101011': 5, '1111100100': 6, '1010010100': 1, '1101011011': 1, '0011011000': 1, '0101000100': 2, '1011000101': 1, '0110100111': 3, '1011111011': 7, '0111111111': 1, '1111010011': 1, '0100100111': 1, '0000011101': 1, '0100000110': 1, '0100011111': 1, '1111001111': 2, '1100001111': 1, '0111001011': 12, '1010101000': 1, '0110011011': 7, '0100101011': 3, '0110010100': 3, '1110101001': 1, '1110100010': 1, '0100001011': 3, '1101100101': 1, '1000000100': 8, '1011010000': 1, '0101001111': 1, '0010101000': 1, '1100110000': 3, '1000001100': 1, '0011110011': 1, '1011010100': 15, '1011001010': 1, '1100001011': 2, '0110011111': 1, '1110111011': 11, '0110000111': 9, '1010100001': 1, '0101010000': 1, '0101010100': 4, '1010100111': 2, '0011100100': 10, '0111011011': 10, '1101011000': 1, '0100000101': 2, '1101000100': 6, '1001101011': 1, '0111101011': 13, '1111110100': 4, '0111101000': 1, '1011011111': 1, '1111011011': 7, '1011111010': 1, '0011001011': 2, '0100100000': 1, '1010000100': 5, '0010011011': 9, '0000000111': 2, '1111000111': 5, '1001100100': 6, '1011001011': 4, '0011100010': 1, '1000100100': 2, '1111000100': 2, '1010100000': 3, '1111110110': 1, '1010110100': 5, '1010111011': 12, '0000000000': 1, '1110101011': 7, '1001001011': 1, '0010110000': 1, '1011011000': 6, '0010000100': 5, '1011011001': 1, '0010110100': 6, '1011100100': 14, '1000000111': 9, '1000001000': 1, '1000000110': 1, '0011111000': 3, '0000100100': 1, '0010100100': 3, '1111100011': 2, '0000110101': 1, '1100000111': 7, '0111001111': 1, '1100111000': 4, '0111110011': 1, '1010101011': 4, '1100100111': 1, '0101011100': 2, '0100000111': 7, '1010100011': 1, '0100100100': 11, '0100010100': 4, '1100000100': 27, '1000000011': 2, '0111011100': 1, '0111101111': 3, '1011010010': 1, '1011000011': 1, '1110010011': 2, '0100110100': 15, '0111010100': 8, '0101000101': 1, '0101111000': 3, '0011001111': 3, '1100011011': 3, '0111100100': 8, '0010111001': 3, '0100111000': 9, '0111011000': 3, '1111010100': 9, '1111010111': 1, '0110101011': 5, '1010100100': 3, '1110001011': 5, '1010111101': 1, '0011000000': 3, '0101010101': 1, '0111111011': 12, '1100101000': 1, '1111111011': 19, '0111101001': 1, '1101001000': 2, '0110111011': 5, '0101010010': 1, '0000111100': 1, '0111110010': 1, '0100001000': 1, '1010001011': 2, '1000000010': 2, '0101100100': 14, '1111110011': 2, '0100000100': 11, '0000110100': 5, '0011010000': 1, '1011111000': 2, '1101100100': 13, '0111110000': 1, '1011100110': 1, '0011110100': 4, '1100100100': 4, '1111000000': 1, '0011111101': 1, '1010101101': 1, '0100111011': 6, '0110110111': 1, '0111011101': 1, '1100100101': 1, '1011001000': 1, '0011100101': 1, '1000110100': 4, '0011101011': 11}","DensityMatrix([[ 2.25171086e-04+0.00000000e+00j,
                 4.20463591e-05+4.63997924e-06j,
                -1.27201768e-05+1.32999544e-04j, ...,
                 1.96406674e-04-1.00741500e-04j,
                 6.71110936e-05+1.56021291e-05j,
                -8.91112246e-05+1.76542185e-04j],
               [ 4.20463591e-05-4.63997924e-06j,
                 6.97631144e-05+0.00000000e+00j,
                 7.19366558e-05+1.02008794e-04j, ...,
                 1.32434011e-04-6.75102058e-05j,
                 5.04999633e-05+7.75614027e-06j,
                -6.78573178e-05+1.23458208e-04j],
               [-1.27201768e-05-1.32999544e-04j,
                 7.19366558e-05-1.02008794e-04j,
                 2.91855408e-04+0.00000000e+00j, ...,
                 2.28403101e-06-2.98973866e-04j,
                 5.74790330e-05-7.66548655e-05j,
                 1.50273612e-04+2.18327055e-04j],
               ...,
               [ 1.96406674e-04+1.00741500e-04j,
                 1.32434011e-04+6.75102058e-05j,
                 2.28403101e-06+2.98973866e-04j, ...,
                 8.64645433e-04+0.00000000e+00j,
                 1.95542459e-04+1.79528614e-04j,
                -5.67523021e-04+3.96517248e-04j],
               [ 6.71110936e-05-1.56021291e-05j,
                 5.04999633e-05-7.75614027e-06j,
                 5.74790330e-05+7.66548655e-05j, ...,
                 1.95542459e-04-1.79528614e-04j,
                 1.07276978e-04+0.00000000e+00j,
                -4.90736444e-05+2.33649481e-04j],
               [-8.91112246e-05-1.76542185e-04j,
                -6.78573178e-05-1.23458208e-04j,
                 1.50273612e-04-2.18327055e-04j, ...,
                -5.67523021e-04-3.96517248e-04j,
                -4.90736444e-05-2.33649481e-04j,
                 6.99192242e-04+0.00000000e+00j]],
              dims=(2, 2, 2, 2, 2, 2, 2, 2, 2, 2))"
data/selected_mutant_qc/mutants_ae_10/ae_10_Mutant_Replace_cx_P70_Q4_[].qasm,Quratest_0,"{'0110100110': 1, '0100000100': 1, '1001010111': 1, '1110111100': 1, '1011111111': 1, '0111000100': 1, '0101110001': 4, '1110111011': 1, '0110011000': 1, '1110111000': 1, '1100111000': 1, '1101111000': 1, '1001101111': 1, '1011100101': 1, '0111100001': 2, '1110001110': 1, '0010100000': 1, '0000100000': 1, '0000000001': 1, '0101001010': 2, '1010111010': 2, '1011101001': 1, '1000001001': 1, '1101110001': 1, '1001101110': 1, '0011001011': 1, '1000101111': 2, '0100100001': 1, '0011101010': 2, '0010001101': 1, '1010111001': 1, '0010000111': 15, '1111100010': 2, '0011010111': 4, '0100010110': 1, '1100110010': 1, '0011010110': 1, '0101100100': 3, '0110001010': 1, '0010011011': 1, '1000010101': 2, '1010000100': 2, '0010100111': 4, '1101001000': 3, '0111101001': 2, '1010100101': 2, '0110011010': 1, '0100011001': 1, '0010000101': 12, '1100001110': 1, '0110101010': 3, '0101001001': 3, '0111110001': 1, '0000000100': 1, '0001010111': 3, '0011111000': 2, '0111110100': 1, '0101111100': 1, '0111100101': 1, '1111000110': 1, '1101101100': 1, '1100010110': 1, '1011001001': 1, '0100000001': 1, '1001100001': 1, '1011110110': 2, '0010010111': 1, '1010111000': 2, '1011110001': 2, '0100110100': 2, '1111000100': 1, '1101100111': 1, '0110001011': 2, '1110000111': 1, '0110100001': 3, '0110001001': 2, '0110100010': 3, '0100001010': 2, '0001001111': 1, '0000101001': 2, '1001011011': 1, '0010101000': 1, '1110111010': 1, '1010101001': 4, '1000001110': 3, '0000011010': 2, '0000001001': 2, '1010110001': 1, '0000101011': 1, '0010001000': 3, '1110110011': 2, '0001001001': 3, '1010000101': 10, '1100100101': 1, '1001001000': 1, '0000000101': 5, '0010110110': 1, '1001111000': 1, '0111100000': 1, '1111010010': 1, '1000101110': 1, '0100101101': 1, '1010100111': 1, '1100110001': 1, '0110110001': 3, '1011100000': 1, '0110111010': 3, '0100001100': 1, '0010101001': 2, '0000110110': 1, '1000101010': 2, '1001001011': 1, '0010100001': 1, '0111111010': 1, '1101011001': 1, '0101111110': 1, '1100010001': 1, '0001011011': 5, '0100101001': 7, '0010010001': 2, '0101101001': 5, '1000011001': 3, '0100001101': 1, '0001010101': 1, '0000001011': 1, '1110001010': 3, '1010101000': 2, '0110001100': 2, '1110101010': 2, '0000100001': 1, '0100110000': 1, '1010000000': 1, '0100001110': 2, '1011000111': 2, '1101010110': 1, '1100110011': 2, '1000000111': 6, '0011110110': 1, '1110100101': 2, '0110110000': 1, '0001000111': 2, '1111100011': 1, '0001011000': 3, '1110110001': 2, '1100000111': 3, '1000100100': 1, '0100110110': 1, '0101110011': 1, '0010011010': 2, '1100100010': 1, '0000010000': 1, '0111000101': 2, '0011101000': 1, '1110001001': 4, '0001111000': 1, '0111010010': 1, '1111100101': 1, '0100110010': 1, '1000101001': 4, '0000100111': 2, '1000000101': 3, '1001011110': 3, '1110110000': 1, '0011001010': 1, '0010110001': 1, '1110111001': 1, '1111001010': 2, '0011011110': 3, '0101010010': 2, '0001000100': 1, '1001010110': 1, '1011010110': 2, '1000100111': 2, '1100000110': 1, '1110110010': 3, '0010001111': 4, '0110110101': 2, '1000011010': 2, '0111001000': 4, '0101011001': 2, '0010011001': 10, '0011110111': 1, '0101101000': 9, '1010011010': 3, '1010011001': 7, '1100001010': 5, '1011000000': 1, '1111111001': 1, '1101100010': 3, '1100100110': 2, '1000010110': 4, '0111110110': 1, '0110101011': 1, '1110000100': 2, '0001110101': 1, '0010111001': 1, '0110111001': 2, '1010010111': 3, '0101001000': 3, '1000011110': 2, '0000001111': 3, '1010001010': 4, '0001010010': 1, '1011000110': 3, '0110110010': 3, '1001111010': 4, '0011011001': 1, '0010001001': 7, '0010111010': 1, '1000101000': 1, '1000101011': 2, '0111110000': 1, '1101101001': 2, '0111001010': 2, '0000001010': 2, '0001000110': 6, '1010001001': 9, '0011111111': 1, '1111001000': 2, '0101110000': 2, '0101100011': 1, '0011010100': 1, '1101110100': 1, '1001000101': 2, '0101100110': 1, '0010011110': 5, '1101110010': 4, '0110100100': 8, '0010100110': 2, '1000011011': 1, '1110001100': 1, '0111100010': 1, '1010001000': 1, '0100000111': 3, '0011001110': 2, '1001010101': 1, '0010000100': 5, '0000101110': 6, '1001111011': 2, '1011100100': 1, '0000101010': 2, '0000011110': 1, '0010101011': 2, '1010011011': 3, '0101111000': 3, '0001001110': 6, '1101000000': 1, '0001011001': 5, '0110001101': 1, '0100101000': 3, '1111101010': 2, '0000100100': 2, '1000100110': 3, '0110100101': 3, '1011001011': 1, '0110110100': 1, '0100100110': 1, '1100101000': 4, '1110101011': 3, '0000011001': 3, '0001110001': 1, '1010111011': 1, '0111101000': 3, '1001001110': 9, '0011010001': 1, '1010010110': 11, '1001011010': 4, '1100101010': 6, '0111100100': 5, '0011001111': 1, '0111101011': 1, '0100100101': 1, '0010001110': 7, '0000011000': 3, '0011111001': 9, '1010011000': 1, '1100010010': 1, '0010111011': 1, '0011111011': 3, '0110001000': 4, '0100011000': 1, '1011001111': 3, '0110000100': 3, '1011111110': 1, '1010000111': 7, '0110000001': 1, '0010001010': 2, '1100110100': 3, '0000100101': 1, '1010011111': 2, '1011001110': 3, '0001110110': 1, '1101111001': 3, '1000000100': 1, '1010000001': 2, '0111100011': 1, '1001000110': 4, '0100101010': 3, '0110101001': 6, '1011111011': 4, '0001101110': 1, '1010010001': 3, '1011111001': 5, '0100011010': 1, '1010011110': 13, '1100010100': 1, '0110111000': 3, '0001111010': 2, '1100100100': 5, '0101000101': 3, '0111011001': 3, '1101111011': 4, '1010010101': 2, '0000000110': 1, '1100100000': 1, '1011011010': 1, '0000100110': 3, '0100111000': 1, '1010100110': 3, '1111101001': 1, '0111011000': 1, '1000000001': 1, '0001011110': 6, '0000111010': 2, '1001001111': 3, '0010010101': 2, '1010101011': 1, '1110100010': 2, '1010000110': 5, '0011000111': 4, '0011011010': 3, '1110101001': 5, '1001011001': 5, '1111000101': 1, '1100011001': 3, '0011110001': 2, '1000000110': 7, '1001000111': 8, '0010101110': 5, '1101001010': 6, '0111101010': 6, '1101101011': 1, '0001000101': 2, '0000001110': 5, '1001110111': 2, '1110110100': 4, '0111111001': 1, '1100000001': 1, '0010010110': 5, '1110000110': 1, '1101101010': 2, '1101100011': 2, '0111010011': 1, '0010000000': 1, '0000011011': 3, '0010011000': 1, '0011111010': 2, '1001110110': 1, '0001010110': 3, '1101101000': 10, '0011000101': 1, '1001111110': 2, '0001111110': 2, '1111100000': 1, '1111101000': 2, '1001000001': 1, '0010000001': 2, '1011000100': 2, '0100000101': 2, '1101011000': 1, '0110101000': 9, '0010011111': 5, '1010001110': 4, '1001101000': 1, '1101100000': 1, '0101110010': 3, '1010101110': 3, '1101100100': 5, '0101000100': 3, '0010101010': 1, '1001001001': 3, '0001110111': 2, '0011011011': 3, '0111001001': 2, '1111011001': 1, '1101111101': 1, '0011000110': 5, '1110100100': 6, '0011010101': 1, '1010111110': 2, '1001111001': 2, '1011111010': 4, '1010001111': 5, '0100100100': 7, '1000100101': 2, '1110001011': 1, '0111010000': 1, '0100011011': 2, '0000010101': 1, '0000000111': 7, '0001011010': 1, '0101100010': 4, '0000010110': 6, '0100111001': 1, '1110101000': 7, '0100001001': 6, '0000010001': 1, '0101011000': 1, '0000010111': 3, '1101000100': 1, '1000100000': 1, '0010000110': 11, '1001100100': 1}","DensityMatrix([[ 3.29980906e-04+0.00000000e+00j,
                -5.53696423e-04-2.33772300e-04j,
                 1.90664449e-05+8.25034691e-05j, ...,
                -8.76578374e-05+2.41445073e-05j,
                -7.80032244e-05+4.72529934e-05j,
                 1.36501955e-05-7.64990015e-05j],
               [-5.53696423e-04+2.33772300e-04j,
                 1.09469733e-03+0.00000000e+00j,
                -9.04417422e-05-1.24930468e-04j, ...,
                 1.29981805e-04-1.02614124e-04j,
                 9.74106827e-05-1.34549623e-04j,
                 3.12905472e-05+1.38033020e-04j],
               [ 1.90664449e-05-8.25034691e-05j,
                -9.04417422e-05+1.24930468e-04j,
                 2.17295959e-05+0.00000000e+00j, ...,
                 9.71820731e-07+2.33117294e-05j,
                 7.30736736e-06+2.22330537e-05j,
                -1.83379468e-05-7.83303648e-06j],
               ...,
               [-8.76578374e-05-2.41445073e-05j,
                 1.29981805e-04+1.02614124e-04j,
                 9.71820731e-07-2.33117294e-05j, ...,
                 2.50525213e-05+0.00000000e+00j,
                 2.41786541e-05-6.84508027e-06j,
                -9.22349523e-06+1.93228144e-05j],
               [-7.80032244e-05-4.72529934e-05j,
                 9.74106827e-05+1.34549623e-04j,
                 7.30736736e-06-2.22330537e-05j, ...,
                 2.41786541e-05+6.84508027e-06j,
                 2.52055445e-05+0.00000000e+00j,
                -1.41813238e-05+1.61286792e-05j],
               [ 1.36501955e-05+7.64990015e-05j,
                 3.12905472e-05-1.38033020e-04j,
                -1.83379468e-05+7.83303648e-06j, ...,
                -9.22349523e-06-1.93228144e-05j,
                -1.41813238e-05-1.61286792e-05j,
                 1.82993166e-05+0.00000000e+00j]],
              dims=(2, 2, 2, 2, 2, 2, 2, 2, 2, 2))","{'1110011011': 1, '1000111010': 1, '1100111011': 1, '0011100110': 1, '0101011001': 1, '1001010001': 1, '0010011111': 1, '1011000111': 1, '0111001010': 1, '1100010010': 1, '1001101001': 1, '1000110110': 1, '1110101100': 1, '1110110000': 1, '1110110110': 1, '1010110001': 1, '0110100101': 1, '0011000000': 1, '1001001101': 1, '0010010001': 1, '0111001100': 1, '1011010001': 1, '1111110011': 1, '0000110110': 1, '0100011001': 1, '0010111101': 1, '1010010010': 1, '0010100010': 1, '0010111111': 1, '0001000100': 1, '1101110010': 1, '0110110011': 1, '0101011010': 1, '0101111001': 3, '0010101110': 1, '0001000001': 2, '1101001111': 1, '0011110101': 2, '0101110010': 1, '0010111001': 1, '0001111000': 2, '1010110111': 1, '0010011010': 1, '1000100100': 1, '1101100100': 2, '0101100010': 3, '0010101010': 1, '0110100111': 1, '0111010001': 1, '1010110110': 2, '0100001101': 1, '0000111001': 1, '0100110011': 2, '1100111000': 1, '0000001000': 1, '1110001011': 1, '0110001011': 1, '1101001011': 1, '0011000111': 1, '1101001001': 2, '1000101110': 1, '1011110110': 2, '0001010111': 3, '1101101000': 2, '0110101111': 1, '0111100100': 1, '1100101010': 3, '0010111110': 1, '0110110000': 2, '0000010001': 2, '0110001000': 5, '1111100100': 3, '0110111000': 3, '1001101110': 3, '1101000111': 1, '0110010010': 2, '0011001001': 2, '1101110100': 1, '1110000001': 1, '1100000110': 1, '1110110010': 3, '1000011010': 2, '0110110101': 1, '0010001111': 1, '0010000000': 1, '1100001111': 1, '1100110010': 3, '0010000011': 1, '1000111110': 1, '0001011110': 1, '1100110111': 1, '0101000101': 1, '0100111001': 1, '0010000100': 2, '1000011101': 1, '0100010000': 2, '1010111011': 2, '0000111000': 1, '0110100100': 2, '1110100111': 2, '0111111010': 1, '0000101000': 1, '1010000111': 3, '1000011111': 2, '1000001001': 3, '1011101001': 3, '0000010011': 1, '1010011001': 9, '0100101010': 2, '0100001001': 4, '0011011011': 2, '1010001001': 2, '0011111111': 1, '1101101001': 1, '0111000101': 2, '0110101101': 1, '1010010001': 2, '1011011110': 2, '1011100100': 1, '0011000001': 2, '1011100111': 1, '1010111010': 2, '0010001101': 1, '1011100101': 3, '0111100001': 2, '0010011000': 1, '1011000011': 1, '0100110100': 1, '1011010010': 2, '0010010100': 1, '1010011111': 1, '0000100101': 4, '0100111100': 1, '0100010010': 1, '1010001101': 1, '0000101001': 3, '1001101010': 1, '0010010110': 7, '1110000110': 2, '0110001100': 2, '0111100101': 1, '0111010101': 1, '0110100110': 1, '1010111110': 1, '1000011001': 2, '0001101111': 1, '0000111011': 2, '0110111010': 1, '0101101100': 2, '0010110111': 2, '0110001101': 2, '1010100001': 1, '0001001110': 3, '0111101001': 4, '0110010001': 1, '1110001010': 1, '0001000111': 3, '0011110010': 1, '1111001011': 1, '0001010101': 1, '0000001011': 1, '0110000110': 2, '1011010111': 1, '0001101000': 2, '1100001011': 2, '0110000000': 1, '1101001110': 2, '0111001000': 3, '0100110010': 2, '0000100111': 1, '1000101001': 3, '1110000111': 2, '1111100001': 1, '1000000100': 1, '0011001110': 8, '1100111001': 1, '0111101000': 4, '1010101011': 2, '1100000100': 1, '0101010010': 1, '1101001100': 1, '1110011001': 2, '1110001111': 1, '0001111011': 2, '0101010000': 1, '0100101000': 9, '0001100000': 1, '1101110001': 1, '1100000010': 2, '1101000100': 2, '1100100100': 3, '0101100101': 3, '1101100010': 1, '1111111001': 1, '0110110100': 3, '0001000010': 1, '0100000010': 4, '1011101011': 1, '0001111010': 2, '1011011011': 1, '0001111110': 4, '1101000010': 1, '0111011111': 1, '1011000100': 1, '1000010110': 7, '1100100110': 2, '0110001001': 5, '1100100101': 1, '1010000101': 3, '0101010100': 1, '0110000001': 1, '0010001010': 2, '1000001100': 1, '1001101000': 1, '1000000110': 3, '0011110001': 1, '0110111110': 1, '0011001111': 1, '0011111110': 2, '0011000011': 1, '1100011100': 1, '1100110001': 1, '1010100111': 3, '1000101010': 2, '1010101000': 4, '1010100000': 1, '1110001101': 1, '1010101110': 2, '0011101000': 1, '1110001001': 3, '1001100110': 1, '1110100011': 2, '1011011111': 1, '0110110001': 1, '0010100111': 2, '0101010001': 1, '1111101000': 2, '0010001011': 4, '1010100100': 1, '0111001110': 1, '1000100101': 3, '1000000001': 4, '0000101101': 1, '1101101100': 1, '0011110011': 1, '1001010101': 3, '1011011001': 4, '0000101110': 5, '1001111011': 3, '1010111000': 2, '1000010000': 1, '0010010000': 2, '1101100110': 1, '0010111011': 1, '0011111011': 2, '1100011001': 2, '0111101100': 1, '0101100001': 1, '0110101001': 4, '1001001001': 3, '0011010000': 1, '1001111001': 2, '1001110110': 4, '1001001110': 5, '0101001110': 1, '1100011111': 1, '0101111110': 1, '1101111010': 1, '1011101110': 1, '1001000111': 8, '0000100100': 1, '1111101010': 1, '0101100011': 1, '0101001111': 1, '1010001010': 3, '1010000110': 7, '0101001001': 3, '0010000101': 9, '0110101010': 8, '1100001110': 3, '1111110001': 1, '1100110100': 1, '1110001100': 1, '1111011001': 1, '1111100101': 1, '1111011000': 1, '0000000110': 3, '0100101101': 1, '1011111011': 2, '0001101110': 1, '1110100101': 2, '1000000111': 3, '0011110110': 3, '0101101001': 2, '0110010111': 1, '0111111000': 2, '0001001011': 1, '0000000101': 6, '1001001000': 2, '0010000110': 6, '1101110011': 1, '1000000101': 5, '1001011110': 3, '0010100101': 2, '1100000111': 2, '0011111001': 3, '1111001010': 2, '1110111001': 2, '1110100100': 5, '0011010010': 1, '1100011110': 2, '0110000111': 1, '1010001111': 5, '1011111010': 3, '1010000100': 1, '0110001010': 2, '0010011011': 5, '1000011011': 2, '1000100110': 3, '0000000111': 1, '0101110001': 1, '0010001001': 9, '0011011001': 2, '1110101010': 5, '1100100000': 1, '0100111000': 1, '1011110010': 1, '1100101110': 2, '1011011010': 4, '0000100110': 2, '1101000011': 1, '0110000010': 1, '1110010110': 1, '1001000000': 1, '0010100110': 5, '1110101011': 1, '1010001000': 1, '0000000000': 2, '0100100111': 1, '0111000111': 1, '1001010110': 4, '0100011110': 1, '1011000101': 3, '0100000110': 3, '1111001111': 1, '0100011111': 3, '1100101000': 4, '1111111011': 1, '1111111010': 2, '0000010111': 3, '0100100001': 2, '0011101010': 1, '1011011000': 2, '0001100001': 1, '0010101011': 2, '1010011011': 6, '1000011000': 1, '0100100101': 3, '0010001110': 5, '1011101000': 2, '0110100010': 4, '0100001010': 1, '0100000111': 1, '1100101011': 2, '1000010011': 1, '1101011000': 3, '0110101000': 8, '0100000101': 2, '0010101001': 1, '0100001100': 2, '0100101110': 1, '1101101010': 1, '0000001111': 1, '1000011110': 2, '0000010010': 2, '1000111011': 1, '0010001100': 1, '1110101000': 6, '1101111011': 2, '0100011000': 3, '1011001111': 4, '0111110101': 1, '0110000100': 4, '0011111010': 1, '1010100110': 3, '1111101001': 3, '0111011000': 3, '1000100111': 2, '1011010110': 3, '0010010101': 2, '1101100001': 2, '0011000110': 7, '0111010110': 3, '0001000110': 5, '0100010101': 3, '1011110111': 1, '1010001110': 2, '0000000001': 1, '0111010100': 2, '1011100110': 1, '1001011011': 1, '1010011010': 3, '0111000100': 1, '0101000100': 2, '1100100111': 3, '1011111001': 3, '0100001000': 1, '0011011110': 1, '0000110111': 1, '1001111110': 1, '0001011111': 1, '0010110110': 1, '0001011011': 1, '0100101001': 6, '0001000101': 3, '0000011100': 1, '0000001110': 6, '1010011110': 4, '1100010100': 1, '0001110110': 2, '1101111001': 1, '1001111000': 1, '1101110000': 1, '1101000001': 1, '0110111011': 1, '0000011111': 1, '0100110111': 1, '0001000011': 1, '0000101010': 1, '0000011110': 6, '0010011001': 5, '0001111001': 2, '1110110101': 3, '0101101010': 2, '1010100101': 6, '1000010111': 3, '0000100000': 1, '1010010111': 4, '0110011110': 1, '0110111001': 3, '1011000110': 5, '1010010110': 5, '0111000110': 1, '1010111001': 2, '1110101001': 2, '1110001000': 2, '1000101111': 2, '1001000100': 1, '1111000101': 2, '1001111010': 2, '0010111010': 1, '0011011010': 1, '0000011010': 2, '1000001110': 3, '0100101100': 1, '0001101011': 1, '0000101111': 1, '0000011001': 2, '0000100010': 1, '1110101110': 1, '1001001111': 3, '0111111001': 4, '1110010100': 1, '0100010100': 1, '0100100100': 4, '0101101000': 3, '1110011110': 1, '1001011001': 2, '1110111000': 5, '0110000101': 4, '0010000111': 7, '1001000110': 6, '1010000001': 1, '0101100000': 2, '1110010001': 1, '1010101001': 5, '1010011101': 1, '0010011110': 4, '1001000101': 2, '0111101010': 6, '1101001010': 3, '1000001111': 1, '0001011001': 5, '1011001001': 3, '1101111000': 1, '0110100000': 1, '1001010010': 1, '0101100100': 3, '1000000010': 1, '0110101011': 1, '0111110110': 1, '0011010110': 2, '0100000100': 3, '0001001101': 2, '0011010011': 3}","DensityMatrix([[ 3.84163952e-04+0.00000000e+00j,
                -6.35864766e-04-2.63151260e-04j,
                 3.20210016e-05+7.42175504e-05j, ...,
                -6.89926923e-05+1.99296880e-05j,
                -6.57563005e-05+3.45976245e-05j,
                 1.27356356e-05-5.81779532e-05j],
               [-6.35864766e-04+2.63151260e-04j,
                 1.25549656e-03+0.00000000e+00j,
                -1.04303127e-04-9.55676428e-05j, ...,
                 1.01087906e-04-8.16926365e-05j,
                 8.71696883e-05-1.06887904e-04j,
                 1.96213555e-05+1.07514492e-04j],
               [ 3.20210016e-05-7.42175504e-05j,
                -1.04303127e-04+9.55676428e-05j,
                 7.14657444e-05+0.00000000e+00j, ...,
                 7.44770111e-07+1.88278770e-05j,
                 2.42816982e-07+1.73170037e-05j,
                -1.22568347e-05-7.60703732e-06j],
               ...,
               [-6.89926923e-05-1.99296880e-05j,
                 1.01087906e-04+8.16926365e-05j,
                 7.44770111e-07-1.88278770e-05j, ...,
                 3.18291664e-05+0.00000000e+00j,
                 2.14624699e-05-6.87835825e-06j,
                -7.83270021e-06+2.05808341e-05j],
               [-6.57563005e-05-3.45976245e-05j,
                 8.71696883e-05+1.06887904e-04j,
                 2.42816982e-07-1.73170037e-05j, ...,
                 2.14624699e-05+6.87835825e-06j,
                 7.36813318e-05+0.00000000e+00j,
                -3.82073707e-05+2.05758106e-05j],
               [ 1.27356356e-05+5.81779532e-05j,
                 1.96213555e-05-1.07514492e-04j,
                -1.22568347e-05+7.60703732e-06j, ...,
                -7.83270021e-06-2.05808341e-05j,
                -3.82073707e-05-2.05758106e-05j,
                 3.36589417e-05+0.00000000e+00j]],
              dims=(2, 2, 2, 2, 2, 2, 2, 2, 2, 2))"
data/selected_mutant_qc/mutants_ae_10/ae_10_Mutant_Replace_cx_P70_Q4_[].qasm,Quratest_1,"{'0110011111': 1, '0110101001': 1, '0011010011': 1, '0011011011': 1, '0100100011': 1, '1110100011': 1, '1100101101': 1, '1010000100': 2, '1110000001': 1, '1110100100': 1, '1001011011': 2, '1110000000': 1, '1101111010': 1, '0010010100': 1, '0100000100': 1, '1100011101': 1, '0011101001': 1, '0110101111': 1, '1010101111': 3, '1010110010': 1, '1010001001': 2, '1001001100': 1, '1100100010': 2, '0001011000': 1, '0111111111': 2, '1100100011': 2, '1101000110': 1, '1011111000': 1, '0011010010': 2, '1010100000': 1, '1010111100': 1, '0100011101': 1, '0111110011': 1, '1100000010': 1, '0100001010': 1, '0011101011': 2, '0101011101': 2, '0001000010': 1, '0101001001': 1, '1001111010': 1, '1110011101': 1, '0010100001': 1, '0110101100': 2, '0011100011': 1, '0101011001': 3, '1000111100': 1, '0001001111': 5, '0011001110': 2, '0010001111': 1, '0110100001': 2, '1101000111': 3, '1011100010': 1, '0011001100': 1, '0101001101': 3, '1001110100': 2, '0011010000': 2, '1010101110': 2, '1101100100': 1, '0011100001': 2, '1010000011': 1, '0100010000': 1, '1100011110': 1, '0011111110': 1, '1110101100': 1, '1100000011': 2, '0001100111': 2, '0100010110': 1, '0011000100': 1, '0101010011': 3, '1110111001': 1, '1011001011': 4, '0010000110': 1, '0000110011': 1, '0111010111': 1, '0011101101': 2, '1010001100': 1, '0100000010': 1, '1101111000': 1, '0001110000': 2, '0000101111': 1, '1101010011': 1, '1110100111': 2, '0000010001': 1, '1111000010': 1, '1011000001': 2, '0010110111': 1, '1111111101': 1, '1101100000': 1, '1001110001': 1, '0000010000': 2, '0001000001': 1, '0101000111': 1, '1111101101': 1, '1101011010': 1, '0100010010': 2, '1011011110': 2, '0110100110': 1, '0001000011': 1, '1011111100': 1, '1110011000': 1, '0001010011': 1, '0111111100': 1, '0010011000': 1, '1110110100': 2, '0101110000': 2, '0011111111': 1, '1100010011': 1, '0110000000': 1, '0011100010': 3, '1110101111': 4, '1101100010': 6, '0101000100': 1, '0011011000': 2, '0010000101': 2, '0011001111': 10, '0110101110': 1, '0101111101': 8, '0001100000': 9, '1101110001': 3, '0001001011': 3, '0111000010': 1, '0101011100': 1, '1010001000': 3, '1011000000': 4, '1011101110': 1, '0000011111': 1, '1001111000': 10, '1101000001': 1, '1101110100': 2, '1110110011': 1, '0101100011': 3, '0010000100': 1, '1001010101': 2, '1001111011': 2, '1001110010': 2, '0111000001': 1, '0001000000': 2, '0010111001': 1, '1110111111': 2, '1101011111': 11, '0101101000': 1, '1011000111': 2, '1010011111': 3, '0010101001': 1, '1010101010': 1, '0101100111': 3, '1111011011': 1, '1010001111': 1, '1011011111': 3, '1101101010': 2, '1101100011': 4, '0101001011': 1, '0001010001': 4, '0010101111': 4, '0001111101': 7, '1011111111': 1, '1001110011': 2, '0101111100': 13, '0110010010': 1, '0001011101': 3, '1001000111': 3, '1001111111': 5, '1001010001': 3, '1010000111': 1, '1011001111': 9, '0001011001': 3, '1101000000': 4, '1101011001': 1, '1011110111': 1, '0101111110': 1, '1001011111': 12, '0010111000': 1, '1110000010': 4, '0101101100': 2, '1001010000': 4, '0000100010': 1, '0111101110': 1, '1110100010': 3, '1110010111': 1, '0111111011': 1, '1110010100': 1, '1100000001': 1, '1010001101': 1, '1010000010': 2, '0001010000': 5, '0011000111': 3, '0001011011': 3, '1101101111': 3, '1111111001': 1, '1101111011': 1, '0011010111': 1, '1110001000': 1, '0001010111': 1, '0111000011': 1, '0001110111': 3, '1001110111': 1, '0101000000': 2, '0001110001': 1, '0011011100': 3, '0110100000': 2, '1001011101': 14, '0101110101': 1, '1101100110': 1, '1011011100': 2, '1001100100': 3, '0110001101': 1, '0110010100': 1, '0111100000': 1, '1100100001': 1, '0100100111': 1, '0011000101': 1, '1111001111': 2, '0010111101': 1, '0001101110': 2, '1110000011': 1, '1001000011': 2, '0100101111': 1, '1110101011': 1, '1001011100': 7, '0001110011': 3, '1110100110': 3, '1011010000': 2, '0101011110': 1, '0010101110': 1, '0101001111': 10, '0101000011': 10, '0101001110': 4, '0101001010': 2, '0101110110': 1, '0010001011': 1, '0010100011': 5, '0011101110': 1, '0110010000': 6, '0110100011': 7, '1100010010': 4, '0001100100': 1, '1101110011': 2, '1110100000': 6, '0011000001': 1, '0001011111': 11, '1101001111': 7, '1010111101': 4, '1001010010': 2, '0011001011': 1, '1101110111': 1, '0001110010': 3, '0010010000': 3, '0010100010': 1, '0110111100': 2, '1111111110': 1, '1010101100': 2, '0010101100': 1, '1101011000': 3, '0010011100': 1, '0101100000': 4, '1101110000': 5, '1010010111': 1, '1001100001': 3, '1011100000': 2, '0010111111': 1, '0110100100': 1, '1110010110': 1, '1101001011': 2, '1001111001': 4, '1001100011': 7, '1010010100': 1, '1001010011': 2, '1110110111': 2, '0111011110': 1, '0101101111': 5, '1101011101': 10, '1110111100': 7, '1101011110': 2, '0001100110': 2, '1010011101': 1, '1001000101': 1, '1110010001': 1, '1110010010': 3, '1011100101': 1, '1010001010': 1, '0001100010': 23, '0101111000': 4, '0101010010': 3, '0011011110': 2, '0001010010': 3, '1011000011': 7, '1010100011': 1, '0100010100': 1, '0001011110': 4, '1011000010': 2, '0010101011': 1, '0001100001': 3, '0011001101': 2, '0011001010': 2, '1001001011': 2, '1001100000': 17, '1110110000': 4, '0001111110': 6, '0110100010': 7, '0010011111': 1, '0001110110': 1, '1101111111': 3, '1101111001': 1, '1010101011': 1, '1001111101': 8, '1110111000': 3, '0010010011': 1, '1101010001': 3, '0011101111': 9, '1001111100': 9, '0001101111': 2, '0001110100': 1, '0010000011': 5, '0001111100': 11, '0110010111': 1, '1001100111': 2, '0011011111': 4, '1001001111': 3, '1110101110': 2, '1101001101': 2, '0101000010': 3, '0100010011': 2, '0001111111': 18, '1001011010': 1, '0001100011': 10, '1011011011': 1, '1001101111': 1, '1101000010': 7, '0011111101': 2, '1110010000': 6, '1101001110': 5, '0100100010': 2, '1100110001': 1, '1010010000': 4, '0101100010': 6, '1110111101': 1, '1011101111': 7, '0110001000': 1, '1101010010': 3, '1101011100': 4, '1010000000': 5, '0100100110': 1, '1011001110': 3, '1001100010': 14, '1101000011': 3, '1001011110': 6, '1001010100': 2, '0010010010': 5, '0010010111': 2, '0101010000': 3, '0110111110': 4, '1010010011': 3, '1001110000': 6, '0010101101': 1, '1111011111': 1, '1010010010': 4, '0010111110': 1, '0101011111': 7, '0111101111': 2, '0000110001': 1, '0001100101': 1, '0010000010': 9, '0110111101': 2, '1100011111': 1, '1101101110': 1, '1011101011': 2, '1001011000': 5, '1100101111': 1, '0101111111': 1, '0101100100': 2, '1010001011': 2, '1101010000': 3, '1110110010': 3, '0101110100': 1, '0011011101': 5, '0110110100': 1, '1001010110': 1, '0110111111': 3, '0010000111': 1, '0101011011': 2, '0110000110': 1, '0101010111': 2, '0010001110': 1, '1010101001': 1, '0001000111': 2, '0001010110': 2, '0100000011': 1}","DensityMatrix([[ 9.37263189e-06+0.00000000e+00j,
                -5.86159029e-06+8.12730600e-06j,
                -4.01802335e-05-1.94020752e-05j, ...,
                -1.62388448e-05-6.00080776e-05j,
                 1.14679260e-05-3.84734077e-05j,
                 2.63487724e-05+6.29177635e-05j],
               [-5.86159029e-06-8.12730600e-06j,
                 1.07132495e-05+0.00000000e+00j,
                 8.30433384e-06+4.69754999e-05j, ...,
                -4.18792244e-05+5.16099247e-05j,
                -4.05334858e-05+1.41168469e-05j,
                 3.80796144e-05-6.21962641e-05j],
               [-4.01802335e-05+1.94020752e-05j,
                 8.30433384e-06-4.69754999e-05j,
                 2.12415436e-04+0.00000000e+00j, ...,
                 1.93836889e-04+2.23637427e-04j,
                 3.04802331e-05+1.88674013e-04j,
                -2.43201166e-04-2.15182842e-04j],
               ...,
               [-1.62388448e-05+6.00080776e-05j,
                -4.18792244e-05-5.16099247e-05j,
                 1.93836889e-04-2.23637427e-04j, ...,
                 4.12335565e-04+0.00000000e+00j,
                 2.26456068e-04+1.40081453e-04j,
                -4.48481036e-04+5.96873309e-05j],
               [ 1.14679260e-05+3.84734077e-05j,
                -4.05334858e-05-1.41168469e-05j,
                 3.04802331e-05-1.88674013e-04j, ...,
                 2.26456068e-04-1.40081453e-04j,
                 1.71959856e-04+0.00000000e+00j,
                -2.26029894e-04+1.85141521e-04j],
               [ 2.63487724e-05-6.29177635e-05j,
                 3.80796144e-05+6.21962641e-05j,
                -2.43201166e-04+2.15182842e-04j, ...,
                -4.48481036e-04-5.96873309e-05j,
                -2.26029894e-04-1.85141521e-04j,
                 4.96435028e-04+0.00000000e+00j]],
              dims=(2, 2, 2, 2, 2, 2, 2, 2, 2, 2))","{'1111001011': 1, '1011101110': 1, '1000001100': 1, '1001101101': 2, '1010010100': 1, '0110110010': 1, '1110010000': 1, '0010111111': 1, '0000010011': 1, '0101010001': 1, '1101001010': 1, '0110000011': 2, '1110111000': 1, '0100101100': 1, '0011100111': 1, '1011111001': 1, '0101100100': 1, '0000111011': 2, '0111000000': 1, '0110101101': 1, '1101010010': 1, '0111111111': 1, '0110000000': 2, '0101011000': 1, '0011010000': 1, '1001000010': 1, '1110111100': 1, '1101001011': 1, '1000110001': 2, '0000100011': 1, '1111110100': 1, '0100000011': 1, '0111111001': 1, '0010001101': 1, '1001001100': 1, '0001100101': 1, '1110101111': 1, '1111100000': 1, '0100100010': 2, '1001100100': 1, '0101010100': 1, '0110000001': 1, '0111000010': 2, '0001011000': 1, '0100011111': 1, '1011000111': 1, '0101101110': 1, '0000101111': 1, '1110100110': 1, '0000100111': 1, '0000010110': 2, '0000010111': 1, '1011100110': 1, '1001100111': 4, '0110111110': 1, '0011001111': 2, '0101011101': 7, '0011111101': 1, '0101011100': 2, '1101001101': 1, '1000011101': 1, '0010000100': 1, '0110010101': 1, '1110000011': 1, '1001110100': 2, '0010110110': 1, '0100000010': 1, '0101000010': 4, '1111101111': 1, '1100011100': 1, '0011000011': 1, '0100110010': 1, '1010001011': 1, '0100100111': 2, '0110010110': 1, '0011001010': 2, '1010111101': 1, '0001010000': 1, '0001000011': 3, '1001100001': 2, '0010101101': 1, '1101111111': 3, '0000110011': 1, '0111100010': 1, '1101110101': 1, '1111000011': 1, '1001110010': 1, '1101001110': 2, '0100001000': 1, '1010010001': 1, '0010100101': 1, '1001011110': 4, '1101110011': 2, '0011010111': 1, '1111100010': 1, '0010000111': 2, '1011001101': 1, '1011011000': 2, '1011100000': 3, '1011011111': 3, '1010001111': 1, '1011011110': 2, '0110111100': 6, '0110100110': 2, '0000111111': 2, '1101101001': 1, '0011100000': 4, '1110100100': 1, '1110101011': 2, '0000000011': 1, '1101101110': 1, '0001101000': 3, '0101101011': 1, '1101000010': 1, '0001111110': 2, '0000110000': 1, '1001110110': 1, '0001011011': 3, '1110111001': 1, '1111001010': 1, '0110111000': 1, '0001110011': 1, '1011010100': 1, '0011100010': 4, '1101100000': 3, '1001101000': 1, '1010000010': 5, '1001111111': 2, '1101000000': 4, '0110011101': 2, '1101011111': 4, '1110111111': 2, '0101001010': 2, '0101000000': 3, '1010010011': 2, '1001011100': 2, '1011111100': 3, '1110101000': 1, '1111000100': 2, '1010100000': 1, '1110000001': 3, '1111101110': 1, '1000111110': 1, '0010000011': 6, '0111001110': 1, '1000100101': 1, '0100100000': 4, '1001011001': 1, '0010001000': 1, '0001101110': 2, '0001001000': 2, '0101010000': 2, '1001010111': 1, '0111001011': 1, '1101110000': 3, '1101000001': 2, '0101110000': 3, '1010001001': 1, '0011111111': 3, '1110010100': 1, '1010001101': 1, '0011111000': 1, '0101111100': 4, '0001010111': 2, '1010011101': 1, '0001110111': 1, '1001111110': 4, '0111000011': 2, '1011100001': 1, '0001100000': 1, '0111001101': 1, '0001100001': 5, '0011000010': 5, '0010011000': 1, '1111010100': 1, '0011101000': 1, '0110101110': 1, '0101111101': 7, '1101000111': 1, '0110010010': 3, '0101100011': 3, '1001011000': 3, '0101000110': 2, '0110010000': 3, '0101100111': 1, '0110010100': 1, '0010101001': 3, '0010000101': 3, '0110101010': 1, '1101100001': 2, '0000010000': 1, '1001110001': 1, '1100010111': 1, '1010100010': 2, '0010010000': 2, '1000010000': 2, '0100111100': 3, '0100010010': 2, '1001011010': 1, '1111101101': 1, '1100000010': 3, '0100011000': 1, '1011001111': 4, '1011111110': 1, '0101011001': 1, '1001010001': 4, '0101111110': 1, '1110110101': 1, '1011110111': 1, '1101011100': 7, '1010110110': 1, '0001101111': 2, '0100110101': 1, '1001001010': 3, '0001111111': 8, '0100010011': 1, '1110011010': 1, '1101100011': 2, '0110101111': 3, '1001011111': 11, '0001101101': 2, '0010010010': 3, '1001010100': 3, '1101000011': 5, '0001000000': 2, '0010010100': 1, '1010000001': 1, '0010011111': 2, '0100011010': 1, '1111001110': 2, '1101100010': 4, '1011000000': 5, '1111111001': 1, '0111011101': 2, '0110110111': 3, '1101101111': 5, '1010000000': 4, '0100001110': 1, '0101101101': 1, '1100010001': 1, '1010111001': 1, '0100001111': 1, '0110111111': 3, '0001111001': 2, '0101001011': 3, '1001100000': 2, '1001001011': 4, '1101011000': 6, '0011100110': 2, '1001111011': 2, '0111011100': 1, '0111101111': 2, '1000100011': 1, '1111011000': 2, '0010000010': 7, '1000000011': 1, '0101011011': 1, '1110110100': 2, '1011100010': 4, '1011100011': 1, '1001110111': 1, '1010111011': 2, '0001110001': 1, '0011011100': 3, '1001000000': 2, '1110100111': 3, '0110100100': 2, '0110000010': 2, '1110010110': 1, '0111010101': 1, '0101011010': 1, '1101111101': 3, '0111001001': 1, '0011110010': 1, '1111100011': 2, '0001000111': 2, '0110111101': 5, '1110111110': 3, '1010101001': 1, '0011001110': 2, '1010110000': 2, '0010110000': 1, '1011001010': 1, '0001100011': 3, '1010010010': 5, '1001100011': 7, '1101101011': 1, '0001001110': 1, '0101111000': 4, '0101000101': 1, '0100110111': 1, '0011011101': 2, '0000100000': 2, '1001011101': 8, '1101111000': 2, '1001101111': 2, '0110100000': 4, '0011100100': 1, '1101110111': 2, '0011001011': 3, '1001010010': 2, '0011100011': 2, '0000100010': 6, '1110101110': 1, '0011011111': 2, '1001001111': 7, '0111110110': 1, '1111010111': 1, '1010101111': 4, '0000011010': 1, '1111000010': 1, '1110010011': 4, '1011000011': 2, '0000011111': 2, '1001111000': 7, '0101111111': 2, '0010100111': 1, '0010001011': 1, '0101110111': 1, '0010100011': 4, '0011010010': 1, '1110110000': 2, '1110011001': 1, '1100001100': 1, '0011000100': 1, '0101010011': 1, '0010011001': 1, '0011101011': 3, '0100111101': 1, '1001111001': 1, '0001101010': 1, '1100100000': 3, '0001011100': 3, '1001001000': 1, '0101110011': 1, '0110110000': 4, '0001111101': 9, '1001110011': 3, '1110011000': 4, '0001010011': 2, '1001111101': 5, '0110001101': 1, '1111011101': 1, '0000000010': 3, '1110100001': 1, '1111011010': 1, '1011110010': 1, '0111100001': 1, '1001110000': 3, '1101011011': 1, '0001011001': 1, '0011011000': 1, '0110100010': 7, '0001001111': 3, '0010111000': 1, '0110001100': 3, '0011100001': 1, '1101100100': 2, '0101100000': 1, '1110010001': 1, '1000110011': 1, '1110010010': 6, '0101100010': 3, '0110010011': 2, '1000011110': 2, '0101001111': 3, '1011101111': 3, '0001010010': 4, '0001001100': 1, '1101111001': 1, '0001110110': 1, '1110000100': 1, '1001011011': 2, '0101110010': 1, '1101001111': 8, '0001011111': 8, '0000011100': 1, '0010010011': 1, '0011101111': 5, '1011000010': 3, '0001011110': 3, '1001100010': 8, '0100111110': 1, '1010011111': 1, '1011001110': 2, '1111110011': 2, '0110110100': 1, '1111111111': 2, '1001111100': 5, '0100111111': 1, '1000010111': 1, '1111110111': 3, '0010101110': 2, '0001000001': 1, '0001111011': 1, '1101110010': 1, '1101000101': 1, '0101100110': 3, '0001100110': 2, '1101011110': 6, '0010011011': 1, '1101110110': 2, '1011011101': 3, '1000011000': 1, '1001000001': 1, '0001110010': 4, '0010010111': 1, '1001001101': 2, '1011111101': 1, '1101010011': 2, '0001000010': 5, '1010010000': 3, '1110010111': 2, '0001101011': 1, '0101011110': 2, '1011010000': 3, '0111011111': 1, '0010101111': 4, '0101101010': 2, '0011101110': 2, '1100110010': 2, '0001111100': 5, '1010010111': 1, '0001110101': 1, '0101011111': 12, '0001011101': 4, '1111001111': 1, '1110011100': 2, '1100110101': 2, '1100100010': 3, '1001101110': 2, '0101101111': 5, '1101011101': 6, '0011111100': 1, '1100111001': 1, '0110000100': 1, '0101000011': 1, '1001001110': 3, '0101001110': 1, '0111001000': 1, '0001110000': 2, '1001110101': 2, '1000000111': 1, '1110100000': 3, '1111011100': 3, '0011001100': 1, '0001101100': 1, '0011101010': 1, '1110110111': 3, '1100111111': 2, '1110011111': 2, '0011010101': 1, '1101010000': 3, '1001100110': 4, '1001010011': 4, '1100010010': 1, '0110100011': 7, '0101101001': 1, '0011101101': 2, '0010111100': 1, '1001010000': 2, '1100000011': 1, '1011110000': 2, '1001000110': 1, '0001100111': 5, '0111101011': 1, '0011011010': 1, '1110100010': 7, '0101000111': 4, '1011011100': 2, '0001100010': 18, '1010011010': 1, '1011110101': 1, '0100100011': 3, '0111001111': 1}","DensityMatrix([[ 6.76079167e-05+0.00000000e+00j,
                -4.81184876e-05+8.19810141e-06j,
                -4.46119778e-05-6.61894641e-05j, ...,
                -1.94476938e-05-5.40320671e-05j,
                 5.45929482e-06-3.34204047e-05j,
                 3.30981372e-05+6.10626129e-05j],
               [-4.81184876e-05-8.19810141e-06j,
                 4.96267563e-05+0.00000000e+00j,
                 9.01975913e-06+9.91161375e-05j, ...,
                -2.75216068e-05+4.81546532e-05j,
                -2.39200942e-05+1.32795921e-05j,
                 1.07805978e-05-5.49590161e-05j],
               [-4.46119778e-05+6.61894641e-05j,
                 9.01975913e-06-9.91161375e-05j,
                 3.53300947e-04+0.00000000e+00j, ...,
                 1.54652062e-04+1.68062324e-04j,
                 3.45078930e-05+1.32426493e-04j,
                -1.93804344e-04-1.26261743e-04j],
               ...,
               [-1.94476938e-05+5.40320671e-05j,
                -2.75216068e-05-4.81546532e-05j,
                 1.54652062e-04-1.68062324e-04j, ...,
                 4.80427937e-04+0.00000000e+00j,
                 2.15585848e-04+1.67608140e-04j,
                -4.30728952e-04+1.05693824e-05j],
               [ 5.45929482e-06+3.34204047e-05j,
                -2.39200942e-05-1.32795921e-05j,
                 3.45078930e-05-1.32426493e-04j, ...,
                 2.15585848e-04-1.67608140e-04j,
                 2.06263963e-04+0.00000000e+00j,
                -2.57905319e-04+1.77000013e-04j],
               [ 3.30981372e-05-6.10626129e-05j,
                 1.07805978e-05+5.49590161e-05j,
                -1.93804344e-04+1.26261743e-04j, ...,
                -4.30728952e-04-1.05693824e-05j,
                -2.57905319e-04-1.77000013e-04j,
                 5.43695336e-04+0.00000000e+00j]],
              dims=(2, 2, 2, 2, 2, 2, 2, 2, 2, 2))"
data/selected_mutant_qc/mutants_ae_10/ae_10_Mutant_Replace_cx_P70_Q4_[].qasm,Quratest_2,"{'1000001100': 2, '1100000100': 1, '1000011110': 1, '1010000110': 1, '1010101100': 1, '1100101001': 1, '0001011010': 1, '1101011011': 1, '0110100111': 1, '1010101001': 1, '0101101001': 1, '0111100101': 1, '0110100001': 1, '1010101111': 2, '1101110101': 1, '1011011110': 1, '1111001110': 2, '0011110010': 1, '0011010010': 1, '0110101110': 1, '1100001111': 2, '0010000000': 1, '0101010100': 1, '0010001101': 1, '1011110100': 1, '0000111110': 1, '0110101101': 1, '0100000001': 1, '1111100000': 2, '1110101100': 1, '1100100111': 3, '0000110101': 2, '1100011100': 1, '0110010111': 2, '1000010101': 3, '0011111101': 2, '0000101111': 1, '0010100100': 2, '0110000100': 1, '1011001111': 1, '1000110100': 4, '0000000010': 2, '0000101110': 1, '1100111001': 8, '0111111011': 2, '1000101010': 1, '1001111100': 1, '0111011001': 1, '1000101011': 2, '0111110000': 1, '0010110010': 1, '1111010000': 1, '1000111011': 1, '0010100101': 2, '1001011110': 1, '1000000101': 2, '0000111011': 7, '0111100111': 2, '1100111100': 1, '1011101110': 1, '1001000111': 1, '1000011111': 1, '0100111001': 1, '1011111000': 1, '0000011000': 1, '1110101101': 1, '0110101001': 1, '1110000111': 1, '0100110101': 5, '1001001010': 4, '0011011000': 1, '1001010100': 1, '0111010111': 8, '1011100111': 2, '0011001010': 1, '0011001101': 1, '1011101100': 1, '0110110000': 1, '0101011111': 1, '1101110000': 2, '0011011100': 2, '0101011011': 1, '1001110111': 1, '1110000101': 1, '1100110110': 4, '1011001110': 2, '0000100101': 1, '1010001010': 2, '1011101111': 1, '0001010010': 1, '0000001111': 1, '0000110110': 2, '1001110001': 1, '0011011001': 1, '0010001001': 1, '0010111010': 1, '1101111010': 2, '0101010001': 1, '0010101001': 2, '0100001100': 1, '1111000010': 1, '0001101110': 2, '1001010110': 1, '1010001011': 1, '0011110100': 1, '0011001110': 1, '0000111000': 3, '0010001100': 2, '1110101000': 1, '0001101010': 2, '1101110001': 1, '0101110111': 2, '1110010101': 1, '1111011110': 1, '1000110000': 4, '1011010001': 2, '1011011011': 2, '1101111000': 1, '1110101010': 1, '1010010010': 1, '1100110000': 1, '0111001011': 1, '0001110100': 1, '0010100001': 3, '0111111010': 1, '0101000110': 1, '0111001111': 3, '0101101010': 2, '0001100100': 1, '0010000110': 3, '1111100101': 6, '1111101110': 2, '1011000100': 1, '1001010001': 1, '1010110100': 1, '1111110110': 1, '0111100100': 1, '1100101010': 1, '0100101010': 2, '1111001101': 1, '1011010010': 2, '0100110100': 1, '0101001011': 1, '1000000100': 3, '0110001101': 1, '1111011101': 2, '1000111110': 2, '0011000111': 1, '1111101001': 6, '0001010000': 1, '1010001101': 2, '0000101001': 1, '0100001010': 8, '0001001111': 1, '1010011010': 2, '1010011001': 2, '1100001010': 3, '0111101010': 3, '1111100100': 1, '0000110100': 1, '1100110001': 5, '1010100111': 1, '1100011010': 1, '1111110100': 1, '1000001110': 2, '0000001001': 8, '1111011001': 15, '1111110000': 3, '0111001001': 3, '1110001001': 3, '1100110100': 3, '1101011010': 4, '0000111001': 3, '0100000010': 3, '1110011001': 3, '1110110000': 3, '1011110000': 1, '1000001101': 4, '1011010111': 1, '0101101011': 1, '0001101000': 1, '1001000100': 1, '1111000101': 1, '0011110001': 2, '1000000110': 2, '0111101100': 2, '1100011001': 1, '0100000100': 2, '1011111001': 1, '0100110111': 4, '1100010101': 2, '1101100110': 1, '1000111001': 6, '0000110111': 11, '1011010000': 2, '0101010010': 2, '1101001100': 3, '1110011110': 1, '0001111110': 2, '1101110010': 5, '0001100110': 2, '1101011110': 1, '1111101100': 2, '1110101011': 2, '1001111001': 3, '1010001111': 2, '1010110001': 1, '1100101111': 1, '1100001000': 1, '1111111000': 1, '0111010101': 3, '1100111110': 1, '1011101011': 1, '0010000111': 1, '0011010111': 2, '1111100010': 2, '1111010110': 6, '1100011111': 1, '0100110001': 4, '0101010111': 1, '0011101001': 3, '0000001011': 3, '0110000110': 2, '1110100000': 1, '1000000111': 12, '1001110101': 1, '1000001011': 3, '0010001010': 4, '1100010111': 1, '1101010100': 1, '0000011111': 1, '1110011010': 1, '0101101100': 2, '0011111010': 1, '1011010100': 1, '1111010010': 5, '1111010101': 10, '1000101110': 1, '0010000101': 4, '0110101010': 3, '1000101100': 2, '1111101010': 4, '0110011011': 1, '1001110010': 3, '1011101010': 3, '0110011111': 1, '1101001011': 1, '1010001001': 1, '1100111010': 4, '1001011010': 4, '0100010010': 2, '0110100101': 2, '1111101101': 1, '0100001101': 2, '0001101001': 2, '1001011101': 1, '1000010110': 1, '1111010111': 1, '0111110110': 1, '0001101100': 2, '1010101010': 4, '0110101100': 1, '0111101110': 5, '1000001111': 9, '1100111011': 1, '1110101001': 2, '1110001000': 1, '1010111001': 1, '1001101011': 1, '0111101011': 4, '1101110100': 1, '0011010100': 1, '0010110110': 1, '1000110101': 11, '0000000101': 14, '0000001100': 6, '1111001001': 1, '1100010110': 2, '1101010010': 1, '0111000111': 3, '0011101100': 2, '1000001010': 8, '1100000111': 3, '1000111000': 1, '0100111000': 1, '1100100000': 1, '1011110010': 1, '1100001101': 3, '1011011010': 3, '1100000011': 1, '0100101110': 3, '0000111010': 2, '1101010111': 1, '1100110101': 3, '0100111101': 1, '1001010101': 3, '0011101011': 2, '1111111001': 1, '0101100101': 1, '1000110001': 1, '1000010001': 1, '0011000110': 1, '1111101011': 5, '0111010010': 1, '1010100101': 1, '0100001001': 4, '1111010100': 5, '0010111011': 2, '0111001100': 1, '0111011010': 1, '1000101001': 2, '0100110010': 7, '1111011000': 1, '1000000011': 1, '1000001000': 6, '0000110001': 3, '1000110110': 3, '1001000110': 1, '0111010000': 2, '0011001001': 3, '1011010110': 5, '1111111010': 2, '1011010101': 4, '0111100110': 1, '1011001010': 1, '0000011011': 2, '0011110000': 2, '0000001101': 6, '0000010111': 2, '0001101101': 2, '0111101001': 5, '1101001001': 2, '1011111010': 1, '1000010010': 5, '1111110010': 4, '0100110000': 3, '1111001011': 1, '0101110100': 1, '0110110110': 3, '1111011100': 1, '1001001001': 2, '1100001001': 6, '1111001100': 2, '1010010110': 1, '0110001010': 1, '1100010000': 3, '0100101100': 1, '1000111010': 10, '0101110010': 1, '0011110101': 1, '0011011011': 6, '0000110000': 6, '1000110010': 17, '0111010110': 2, '0000001010': 4, '0010101000': 2, '1000011001': 2, '0111111000': 2, '1011100101': 4, '0010010111': 1, '1001001101': 1, '0010101101': 1, '1011110110': 2, '1010110010': 4, '1010110110': 2, '1101010110': 1, '0111111001': 5, '0100001000': 1, '0100101001': 6, '0111110010': 2, '0000110010': 7, '0010000100': 1, '1011011001': 10, '0010011001': 1, '0010100111': 1, '0000000110': 12, '0000111101': 3, '0111001010': 6, '1001101001': 3, '1100000101': 3, '1001001110': 2, '0111001000': 3, '0001010111': 1, '0111110100': 2, '1110010010': 1, '1000110011': 1, '0100000111': 1, '1010001000': 5, '0000010001': 1, '0010100000': 1, '0100000110': 5, '0010111001': 1, '0010001110': 3, '0100100101': 2, '0010101110': 1, '1110010110': 2, '0000000100': 5, '0111110001': 1, '1111010001': 1, '1101101100': 1, '0000101101': 2, '1101111001': 2, '0010110111': 3, '0100000101': 10, '1101011000': 1, '1000011000': 1, '0010111000': 1, '0110001100': 1, '1001110100': 1, '1001100101': 1, '1101010101': 4, '1111100111': 6, '0100001110': 3, '1111011010': 8, '1111001010': 1, '0010110001': 2, '0111011011': 5, '0000000001': 3, '1010111010': 2, '0111001101': 3, '1010100110': 1, '1011000010': 1, '0110011001': 1, '1101010001': 4, '0011101111': 1, '1100110010': 4, '0000001110': 6, '1101000101': 3, '1000001001': 9, '1111100110': 4, '0011001111': 2}","DensityMatrix([[ 1.08230809e-03+0.00000000e+00j,
                 1.02380277e-03-4.37768751e-04j,
                 1.12110544e-03-7.57012484e-04j, ...,
                 8.20536079e-05-2.79278576e-04j,
                -3.35347411e-04-2.67432461e-04j,
                -4.21506090e-04-8.58366608e-05j],
               [ 1.02380277e-03+4.37768751e-04j,
                 1.14552742e-03+0.00000000e+00j,
                 1.36669704e-03-2.62629979e-04j, ...,
                 1.90579879e-04-2.30993075e-04j,
                -2.09049564e-04-3.88616435e-04j,
                -3.64002172e-04-2.51686196e-04j],
               [ 1.12110544e-03+7.57012484e-04j,
                 1.36669704e-03+2.62629979e-04j,
                 1.69078040e-03+0.00000000e+00j, ...,
                 2.80334331e-04-2.31898039e-04j,
                -1.60314883e-04-5.11575371e-04j,
                -3.76577935e-04-3.83732990e-04j],
               ...,
               [ 8.20536079e-05+2.79278576e-04j,
                 1.90579879e-04+2.30993075e-04j,
                 2.80334331e-04+2.31898039e-04j, ...,
                 7.82857655e-05+0.00000000e+00j,
                 4.35843473e-05-1.06807984e-04j,
                -9.80659312e-06-1.15272933e-04j],
               [-3.35347411e-04+2.67432461e-04j,
                -2.09049564e-04+3.88616435e-04j,
                -1.60314883e-04+5.11575371e-04j, ...,
                 4.35843473e-05+1.06807984e-04j,
                 1.69986725e-04+0.00000000e+00j,
                 1.51811196e-04-7.75558361e-05j],
               [-4.21506090e-04+8.58366608e-05j,
                -3.64002172e-04+2.51686196e-04j,
                -3.76577935e-04+3.83732990e-04j, ...,
                -9.80659312e-06+1.15272933e-04j,
                 1.51811196e-04+7.75558361e-05j,
                 1.70963627e-04+0.00000000e+00j]],
              dims=(2, 2, 2, 2, 2, 2, 2, 2, 2, 2))","{'1110000001': 1, '0010000010': 1, '1001000101': 1, '1001101001': 1, '1001010010': 1, '1111101100': 1, '0011010100': 1, '0110001001': 2, '0110100001': 1, '0000101111': 1, '0101100111': 1, '0111011001': 1, '1111100100': 1, '0110011110': 1, '0011100000': 1, '1110010010': 1, '1010111101': 1, '0011001010': 2, '0100101110': 1, '1101100111': 1, '0010110000': 1, '0101100100': 1, '1010100101': 1, '1110100100': 1, '0111111110': 1, '1100101010': 1, '1010011010': 1, '1100101111': 1, '1011101011': 1, '0000010010': 3, '0011001000': 1, '0011110100': 1, '0100001101': 2, '1101010001': 1, '1111010100': 1, '0111100101': 1, '0000101101': 1, '1101110000': 1, '1111111100': 1, '0111111001': 1, '1111111110': 1, '1100111100': 1, '0111001101': 2, '0110100011': 1, '0101111010': 1, '0011111001': 1, '0100111001': 3, '0111011100': 1, '1100010111': 1, '0001000101': 1, '1111111011': 1, '0011010000': 2, '1000100110': 1, '1100000010': 2, '0010001100': 1, '0101101001': 1, '1010011011': 1, '1010010111': 1, '0111111111': 1, '0000011101': 1, '0001011010': 1, '0101100001': 1, '0101111001': 1, '1110001111': 1, '1110110101': 1, '1110011010': 1, '1111111010': 1, '1001010100': 1, '1000000011': 1, '0100001000': 1, '0110000010': 1, '0100101100': 1, '1000000010': 1, '0100100100': 2, '1111010001': 3, '1001111110': 1, '1000110010': 2, '1110010101': 2, '0001001111': 1, '0110100010': 1, '0100001010': 2, '1010110110': 2, '0101110010': 2, '0011110101': 1, '1111001001': 3, '1011001001': 3, '1100010110': 2, '1001100010': 1, '1000111100': 2, '0000100111': 1, '1000101001': 2, '0111011010': 1, '0000110100': 2, '1100110001': 4, '0101111011': 1, '1111000111': 2, '0010110001': 2, '1111001010': 1, '1110111001': 3, '1101001101': 1, '0011000111': 1, '1000111000': 3, '1111111001': 2, '0110110101': 1, '1100010101': 1, '1000011010': 1, '0000110000': 5, '1001110110': 1, '1111011110': 3, '1000110000': 4, '1011010001': 1, '0001101100': 2, '0100011001': 1, '0111000001': 1, '0000011011': 2, '0011110000': 1, '0000110110': 3, '0100100101': 1, '1011001100': 1, '0110100100': 3, '1110100111': 1, '1010011101': 1, '0001110111': 2, '0001101010': 3, '1101110001': 2, '0010001101': 1, '0000111110': 2, '1011110100': 1, '0001101011': 1, '0010100111': 2, '1100011101': 1, '0111001000': 2, '0001110000': 1, '0000111111': 2, '1011100111': 2, '0111010111': 4, '1100100010': 3, '1011111100': 1, '1101100101': 1, '0010110010': 3, '0111011011': 3, '1010111100': 1, '0010011000': 1, '0100101001': 2, '0110000110': 3, '1011000101': 1, '1111001110': 2, '1101010111': 1, '0000111010': 1, '0010010001': 1, '1101110010': 2, '1111011010': 5, '1000110110': 2, '0110011011': 1, '0100100000': 1, '1001011001': 3, '1000010001': 3, '0011000110': 1, '0000111001': 3, '1101011010': 2, '0110100101': 6, '1111101101': 3, '1000000000': 1, '0110000100': 1, '1000011111': 1, '1010000111': 3, '0000101010': 3, '1000010100': 3, '0111011110': 1, '0011011010': 1, '1110101001': 2, '0000000110': 5, '1001100000': 2, '0101111000': 1, '0001001110': 1, '1010001100': 4, '0101001011': 2, '1110111101': 1, '1101100100': 1, '0000001110': 2, '0001000100': 1, '0010100100': 2, '0100000111': 1, '1010001000': 1, '0011011100': 1, '1100100111': 2, '0000000001': 2, '0110111011': 1, '1101010100': 1, '0000011111': 2, '1001000111': 2, '1011101110': 1, '0000000011': 1, '0110101100': 1, '0010101011': 1, '0010000110': 1, '1100001001': 3, '1001110111': 1, '0101011011': 1, '1100100101': 1, '0011101111': 1, '1111101010': 1, '1100000111': 2, '1110110001': 1, '1101000101': 1, '1111110100': 1, '1100011010': 1, '0101101111': 1, '1100111000': 3, '0110110010': 2, '1011000110': 2, '0100100001': 1, '0011101010': 3, '0000001101': 3, '1110111010': 2, '0001100010': 2, '0110010011': 1, '1000100101': 1, '0111001110': 1, '1010100100': 1, '0011101001': 2, '0101110001': 2, '0101111101': 1, '0010111111': 2, '1110010110': 2, '1010111010': 2, '0101001010': 1, '0100000100': 1, '0100111010': 1, '0100001001': 6, '1100010010': 2, '0011010001': 2, '1110000000': 2, '0100010111': 1, '1111111111': 1, '1100110110': 3, '1011001110': 1, '1010011111': 1, '0111101011': 2, '1011101010': 1, '1001110010': 4, '1100011001': 1, '0111101100': 1, '0011111011': 1, '0111000111': 1, '1101010010': 3, '0010111011': 2, '1010010001': 1, '0111100110': 1, '1111100010': 1, '0011010111': 2, '1010111001': 2, '0011001101': 2, '1111010110': 1, '1011010111': 1, '0001101000': 1, '0101101011': 1, '1111010010': 4, '1111010101': 3, '1101111000': 1, '0110100000': 2, '1010010110': 1, '1111001100': 1, '0111111011': 1, '1100111001': 3, '1000001000': 4, '1111011001': 4, '1111110000': 3, '0111001001': 2, '1110100010': 1, '1010000110': 1, '1000111011': 1, '1111010000': 1, '0110001100': 2, '0010111000': 3, '0001110011': 1, '1011010110': 4, '1000100111': 2, '0000001100': 2, '1010001011': 2, '1101001010': 2, '1011010101': 4, '1100101000': 2, '0100100110': 2, '1111110001': 3, '1100110100': 4, '0010000101': 3, '1100001110': 3, '0101010000': 1, '1000110111': 2, '1011110001': 1, '1010111000': 2, '0100011011': 1, '0111010000': 3, '0010000100': 2, '0110010101': 1, '1000111110': 1, '1101011011': 1, '0111111010': 2, '0010100001': 2, '0000101000': 1, '1101011001': 4, '1000010000': 1, '0010010000': 1, '1000111001': 3, '0000110111': 7, '0001001100': 2, '1001100101': 2, '0100001110': 1, '0100011111': 1, '0100111011': 5, '0011000101': 1, '0100000110': 5, '0110111100': 1, '0110100110': 2, '1011011110': 1, '1111011111': 1, '1100110010': 5, '1100100100': 1, '1000011000': 1, '0010110111': 3, '1011100110': 2, '0100110110': 2, '0011001111': 1, '1001100111': 3, '0110000101': 2, '0000011000': 1, '0000111011': 5, '1011100000': 1, '1110011001': 3, '1111110011': 1, '0111101010': 3, '0111110000': 3, '0011100111': 1, '1011111001': 2, '1010011001': 1, '1100001010': 3, '1110000101': 2, '0101010101': 1, '1110010111': 2, '1110100101': 1, '0111101111': 2, '1100111101': 1, '0010010111': 1, '1011110110': 3, '1110101010': 2, '1100010001': 2, '1010101000': 3, '0100110001': 2, '1001001001': 1, '0011101110': 3, '0001100100': 2, '0101101010': 2, '0100110010': 3, '1100011011': 2, '1111101111': 4, '1000010010': 4, '1011111010': 3, '1011101001': 2, '1000001001': 6, '1111011011': 6, '1010001111': 5, '1000001101': 2, '1101011101': 1, '1001010101': 3, '0011101011': 3, '1100110101': 5, '1001001000': 1, '0001001011': 1, '0000000101': 7, '1000110101': 3, '1101001110': 1, '1010110101': 1, '1001111001': 2, '1001001010': 3, '0100110101': 5, '1110110110': 2, '1001011011': 1, '1110000100': 2, '1000010111': 3, '1100111111': 1, '1000000100': 1, '0001100101': 2, '1111011000': 1, '0011110010': 1, '1101111111': 1, '1110001010': 3, '1100000100': 2, '1001110001': 1, '0010001001': 1, '1001111010': 3, '1011101111': 1, '1011110010': 1, '1100101110': 1, '1011011010': 3, '1100001101': 3, '1000011001': 3, '0111111000': 1, '1000110001': 5, '0100000001': 3, '0110101101': 2, '0111000101': 4, '0010100101': 2, '1000000101': 3, '0111100001': 1, '0100110111': 3, '0010011011': 1, '0110001010': 3, '1100010000': 1, '1000111010': 5, '1110101100': 1, '1111001101': 1, '0011100101': 1, '1111110010': 3, '1010010101': 2, '1000010110': 3, '1100100110': 1, '1100010100': 3, '0000010111': 3, '0010101100': 1, '0011101100': 1, '1000001010': 8, '1100111011': 1, '1000001111': 10, '0111101001': 1, '1010110001': 1, '1100000011': 1, '1111100110': 1, '0110000111': 1, '1100011100': 1, '0000110101': 7, '0001011000': 2, '0011011111': 1, '0110001101': 4, '1111000100': 2, '0100110100': 3, '1011010010': 2, '1001111011': 1, '0011100110': 1, '1011011001': 8, '1101101100': 2, '1111000110': 2, '1100001100': 3, '1000001011': 4, '0010001010': 6, '1100101001': 2, '1000101000': 1, '0111001010': 2, '1101000010': 1, '1011011011': 1, '1000011110': 1, '0101001000': 1, '0111011000': 1, '0001010000': 1, '1111101001': 5, '1000000110': 3, '0011110001': 1, '1011010100': 4, '0101001100': 2, '1000001100': 3, '1110111110': 1, '0000100110': 2, '0101010001': 1, '0010101001': 3, '0100001100': 4, '0110101000': 2, '0100000101': 4, '0001000110': 1, '0000001010': 5, '1101111010': 3, '1101010101': 2, '1111100111': 4, '1010001001': 4, '1100111010': 5, '1000010101': 4, '1110000111': 2, '0000011001': 2, '1010111011': 2, '0000001111': 4, '0000000100': 6, '1111101011': 4, '1100001000': 3, '1010110100': 1, '0101011001': 2, '1010110000': 2, '0000110010': 5, '0000111100': 2, '0101011110': 1, '1011010000': 1, '1000110100': 6, '1101000111': 1, '1111001011': 1, '0100110000': 4, '0111010011': 1, '0000001000': 1, '1111000101': 2, '0111110110': 2, '1111010111': 4, '0110101011': 1, '1010001101': 1, '1101010110': 3, '0000011110': 1, '1110100000': 1, '1000000111': 4, '1101111001': 1, '0111110011': 1, '1110000110': 1, '1001100011': 1, '0101001110': 1, '1001001110': 1, '0000010101': 1, '0000000111': 2, '1000101100': 1, '0000001001': 2, '1000001110': 2, '0000011010': 2, '0010000000': 2, '1100001111': 7, '1010111111': 1, '1100110000': 1, '0111001011': 1, '1010100000': 1}","DensityMatrix([[ 9.90248306e-04+0.00000000e+00j,
                 9.11594159e-04-3.43815556e-04j,
                 9.91972593e-04-6.29532921e-04j, ...,
                 5.51330796e-05-2.09602833e-04j,
                -2.49910262e-04-1.93520404e-04j,
                -3.13476473e-04-7.31629382e-05j],
               [ 9.11594159e-04+3.43815556e-04j,
                 1.16235792e-03+0.00000000e+00j,
                 1.25735446e-03-2.59743787e-04j, ...,
                 1.44719786e-04-1.86131866e-04j,
                -1.62820075e-04-2.83875430e-04j,
                -2.69870562e-04-1.73072969e-04j],
               [ 9.91972593e-04+6.29532921e-04j,
                 1.25735446e-03+2.59743787e-04j,
                 1.64387041e-03+0.00000000e+00j, ...,
                 2.10928940e-04-1.79985266e-04j,
                -1.22702669e-04-3.78243616e-04j,
                -2.91981729e-04-2.86163868e-04j],
               ...,
               [ 5.51330796e-05+2.09602833e-04j,
                 1.44719786e-04+1.86131866e-04j,
                 2.10928940e-04+1.79985266e-04j, ...,
                 1.02654048e-04+0.00000000e+00j,
                 5.86406680e-05-1.09286676e-04j,
                 4.56189374e-06-1.01686794e-04j],
               [-2.49910262e-04+1.93520404e-04j,
                -1.62820075e-04+2.83875430e-04j,
                -1.22702669e-04+3.78243616e-04j, ...,
                 5.86406680e-05+1.09286676e-04j,
                 1.97894019e-04+0.00000000e+00j,
                 1.59896640e-04-6.05178356e-05j],
               [-3.13476473e-04+7.31629382e-05j,
                -2.69870562e-04+1.73072969e-04j,
                -2.91981729e-04+2.86163868e-04j, ...,
                 4.56189374e-06+1.01686794e-04j,
                 1.59896640e-04+6.05178356e-05j,
                 2.09976897e-04+0.00000000e+00j]],
              dims=(2, 2, 2, 2, 2, 2, 2, 2, 2, 2))"
data/selected_mutant_qc/mutants_ae_10/ae_10_Mutant_Replace_cx_P70_Q4_[].qasm,Quratest_3,"{'1110010000': 1, '0010000011': 1, '0011110010': 2, '1111100111': 1, '0101010111': 1, '0111111000': 1, '1110011000': 1, '1011000110': 1, '0110010101': 1, '1110100101': 1, '0010101010': 1, '1010011011': 1, '0111101001': 1, '1111101011': 2, '0110111101': 1, '1101111011': 1, '0001011011': 1, '1101101000': 1, '0110110100': 1, '0110100011': 2, '1110010100': 1, '1011111111': 1, '1011010110': 1, '1110011001': 1, '1001110110': 1, '0010101000': 2, '0010001001': 1, '0101101101': 1, '0010010110': 2, '0011010001': 1, '1110011011': 2, '1101110001': 1, '0001100000': 1, '1110110101': 1, '1101111001': 1, '0011010010': 1, '1001001110': 1, '0101001110': 1, '1011101011': 1, '1000011111': 1, '0110000011': 1, '0110001011': 1, '0111100111': 1, '0010100101': 1, '0001101100': 2, '0011011101': 3, '0100110111': 1, '1110111111': 1, '0001111011': 1, '1110001111': 1, '0110100000': 4, '0101011101': 1, '0101001010': 1, '1010010011': 1, '0011000110': 1, '1101000100': 2, '0110010011': 1, '0011101001': 1, '1111101001': 1, '1110000101': 1, '0010100010': 4, '1011000010': 5, '1010001110': 3, '1001011001': 1, '0010000010': 1, '0001100101': 1, '1001001100': 3, '0011000100': 3, '0101100011': 1, '0001100010': 2, '1011011100': 1, '1001011011': 1, '1010010101': 1, '0111101011': 1, '1001101011': 1, '0001001100': 3, '1011001110': 1, '1100110100': 2, '1110111000': 1, '0011100111': 4, '1011010001': 3, '0010111111': 2, '1010111101': 1, '1011010101': 1, '1101001010': 2, '0011101101': 2, '0010000110': 3, '0110101101': 1, '1001100011': 1, '1011010111': 6, '0100010000': 1, '1010000011': 1, '0110011011': 2, '1101001100': 3, '0011011110': 3, '0011001111': 2, '1011110110': 1, '1011110001': 1, '0110110010': 1, '0110111111': 2, '0001000100': 5, '0011111000': 9, '0001011101': 1, '1001000111': 2, '0001000000': 1, '0010111000': 4, '0101111001': 2, '0010111001': 2, '0110011111': 1, '0101100101': 1, '0111011101': 1, '1111111001': 1, '1101110000': 2, '0110111001': 3, '1010010111': 4, '0010011100': 2, '0101100000': 2, '1110000011': 1, '0110000101': 2, '0110111011': 5, '1101001111': 1, '1010001111': 6, '1011011111': 3, '0110010100': 2, '1010111111': 2, '0010110010': 2, '0101110010': 1, '1101101011': 3, '0001000101': 1, '0010100100': 2, '1011100000': 7, '1010000101': 4, '1011000000': 6, '0010111101': 2, '0100110100': 1, '1011000011': 9, '0100010010': 1, '1011110000': 7, '1001001111': 1, '0011011111': 1, '0001010111': 4, '1010110111': 7, '0111000011': 2, '0001110111': 1, '1101010100': 2, '0100101100': 1, '1001110100': 2, '1101101001': 1, '1011010011': 1, '0111111011': 2, '1110010111': 4, '0010101011': 3, '1011101100': 1, '1100101100': 2, '0010010100': 1, '1001110010': 5, '0111000001': 1, '0101010100': 3, '0110011001': 3, '1110101100': 1, '0010000111': 1, '0101011011': 1, '0110011000': 1, '1011011000': 1, '0011101010': 2, '0110010111': 2, '1001100111': 2, '1011010000': 1, '0010101110': 2, '0101001111': 1, '1011001100': 3, '0110001000': 1, '0011111011': 20, '0010111011': 8, '1101010010': 1, '1011000111': 3, '1010011111': 4, '0010000001': 2, '1011000100': 6, '0001101111': 1, '0001110100': 1, '0011010100': 9, '0001100011': 1, '0011011011': 3, '1010110100': 14, '1010111011': 3, '0100100111': 1, '1010010100': 14, '1001010011': 2, '1010111001': 2, '0011010111': 5, '0010000000': 2, '0110000000': 1, '0011110000': 5, '1011100101': 6, '1010000110': 2, '1010001010': 7, '0011000011': 8, '0001001111': 3, '0001100111': 1, '0010110100': 18, '1110011101': 1, '0011110011': 3, '1001101000': 4, '1011010100': 11, '0111000000': 1, '1010110010': 3, '0100110110': 1, '0011100010': 2, '1010000100': 16, '0100100000': 1, '1100001100': 4, '1010101100': 7, '0011010011': 3, '1001010010': 1, '0010110000': 8, '1011100010': 2, '0011001110': 2, '1010110000': 9, '0011100001': 2, '1010101110': 3, '1010010001': 2, '0011000000': 3, '1011111001': 7, '0110011110': 1, '1011101000': 1, '0010001110': 2, '1001010000': 6, '1101100010': 1, '1011110101': 2, '0110000111': 3, '1010100001': 1, '1010110110': 3, '1011011110': 1, '1110111011': 6, '1110111001': 3, '0010110011': 3, '0011000111': 3, '1011100100': 7, '0011000001': 7, '0011011000': 1, '0101000100': 2, '1101011110': 1, '1101110010': 2, '1010011101': 1, '0110100101': 2, '0011101011': 8, '0010101111': 5, '1010100011': 8, '1011011011': 5, '1001101111': 1, '0111011111': 2, '0010100011': 5, '1111101000': 1, '0010001011': 4, '0010100111': 5, '0101111011': 2, '1011110010': 3, '1001110000': 5, '0010010000': 13, '0011111001': 12, '1110000111': 2, '1011011101': 3, '1010010110': 2, '0010001000': 5, '1010010010': 8, '0011011001': 1, '0001111001': 3, '0101110100': 1, '0001010100': 6, '0010010010': 13, '1001010100': 2, '0010101101': 1, '0101001100': 3, '0010010001': 1, '1011111011': 9, '1011000101': 2, '1111011101': 1, '0010001111': 7, '1010110011': 4, '0010001100': 11, '0011100101': 7, '0010001010': 4, '1110000000': 3, '1010110001': 1, '1010001100': 14, '0000010111': 1, '1011001000': 1, '0010110110': 11, '0001110010': 2, '1110110111': 5, '1011011001': 2, '0011100110': 2, '0010000100': 2, '1001111011': 1, '0101111111': 1, '1011111000': 5, '0011001100': 6, '1010001011': 2, '1011100111': 12, '1101000110': 2, '0010100000': 4, '1011101111': 1, '0110000100': 2, '1011001111': 3, '1001010001': 1, '1010000111': 12, '0011010110': 3, '1010101101': 1, '1011101101': 2, '1011100011': 2, '1010010000': 12, '1001100101': 2, '1001000011': 1, '1010011100': 3, '1010100000': 11, '0101011100': 1, '0100000111': 1, '1010001000': 10, '1010011110': 1, '0001000111': 4, '1101111000': 1, '0001110000': 2, '0011101000': 7, '1010100010': 9, '0011100000': 1, '0010111110': 1, '0101000000': 1, '0010110101': 1, '1001110111': 1, '1011101001': 1, '0010100001': 3, '0101100111': 2, '1011110011': 1, '0010110111': 16, '1101011000': 1, '0010101100': 4, '1010101111': 1, '0101010110': 3, '1011000001': 1, '0010011000': 2, '0011000010': 2}","DensityMatrix([[ 4.84976820e-06+0.00000000e+00j,
                -4.69232459e-07+7.06108794e-08j,
                 2.12489813e-06+2.94978005e-06j, ...,
                 1.02995904e-05+2.88120817e-06j,
                 5.90669268e-06-2.46797032e-06j,
                 2.67416673e-06+7.73139568e-06j],
               [-4.69232459e-07-7.06108794e-08j,
                 4.64279916e-08+0.00000000e+00j,
                -1.62643776e-07-3.16339547e-07j, ...,
                -9.54572945e-07-4.28725549e-07j,
                -6.07426451e-07+1.52785657e-07j,
                -1.46168879e-07-7.86975153e-07j],
               [ 2.12489813e-06-2.94978005e-06j,
                -1.62643776e-07+3.16339547e-07j,
                 2.72516003e-06+0.00000000e+00j, ...,
                 6.26514705e-06-5.00214682e-06j,
                 1.08688713e-06-4.67396149e-06j,
                 5.87414645e-06+1.76095521e-06j],
               ...,
               [ 1.02995904e-05-2.88120817e-06j,
                -9.54572945e-07+4.28725549e-07j,
                 6.26514705e-06+5.00214682e-06j, ...,
                 2.35852352e-05+0.00000000e+00j,
                 1.10780097e-05-8.75041714e-06j,
                 1.02723636e-05+1.48306837e-05j],
               [ 5.90669268e-06+2.46797032e-06j,
                -6.07426451e-07-1.52785657e-07j,
                 1.08688713e-06+4.67396149e-06j, ...,
                 1.10780097e-05+8.75041714e-06j,
                 8.44986693e-06+0.00000000e+00j,
                -6.77429088e-07+1.07771630e-05j],
               [ 2.67416673e-06-7.73139568e-06j,
                -1.46168879e-07+7.86975153e-07j,
                 5.87414645e-06-1.76095521e-06j, ...,
                 1.02723636e-05-1.48306837e-05j,
                -6.77429088e-07-1.07771630e-05j,
                 1.37997620e-05+0.00000000e+00j]],
              dims=(2, 2, 2, 2, 2, 2, 2, 2, 2, 2))","{'0010100011': 1, '1010101011': 1, '0100001000': 1, '1001100110': 1, '1011010010': 1, '0111011111': 1, '0001101011': 1, '1000000110': 1, '0101110011': 1, '1011110110': 1, '0000010111': 1, '1011111000': 1, '0110110111': 1, '0101100110': 1, '0010011011': 1, '1001000110': 1, '0100010010': 1, '0100000110': 1, '0011000010': 1, '1110100000': 1, '1111110011': 1, '1010011010': 1, '1010011011': 1, '1110100011': 2, '1110001100': 1, '0001010101': 1, '1001000011': 1, '0111111001': 1, '0011011010': 1, '0111011100': 1, '0101001000': 1, '0011010101': 1, '0010101011': 1, '0000010011': 1, '0000111011': 1, '1101011000': 1, '0100001111': 1, '1001001000': 1, '1100010001': 1, '1110010101': 2, '0011000110': 1, '0000100010': 1, '0100011100': 1, '0010101110': 1, '1010100000': 3, '0000000011': 1, '0000001111': 1, '0000100111': 1, '0010100000': 3, '0000100000': 1, '1010010000': 2, '1110010111': 2, '1111010011': 2, '0011000000': 6, '0110100101': 3, '1111101101': 1, '0110111101': 1, '0110010010': 1, '0011001001': 3, '1101000111': 1, '1010001100': 7, '1110111101': 1, '0101001011': 1, '1000110100': 1, '0010001100': 6, '0100000000': 1, '1010101111': 3, '1010010101': 1, '0110011111': 1, '1010010111': 3, '0001111100': 1, '1000110111': 1, '0101010000': 1, '1001000100': 3, '0001001100': 3, '1001100101': 1, '1101111011': 3, '0000010100': 1, '1010100110': 1, '1011000010': 1, '1010100111': 3, '0000110100': 1, '1011100111': 11, '0111010111': 1, '1110110100': 3, '1011100010': 2, '1011100011': 1, '0101011011': 1, '1001110111': 1, '1011110100': 1, '1111011101': 2, '1010110110': 5, '0010010101': 2, '0001110011': 1, '1000100111': 1, '1011010110': 2, '1101000100': 1, '0010100010': 3, '0001100010': 1, '0000111001': 1, '0000010110': 1, '1001111111': 1, '1010000010': 1, '1011011000': 1, '1011100101': 2, '1001110000': 1, '1010111010': 1, '0101001010': 1, '1011001011': 2, '0110110100': 1, '1011011101': 2, '1000110000': 1, '0111010000': 1, '0010111101': 4, '1101011011': 1, '0011010111': 5, '0010000111': 3, '0101001100': 3, '0011101000': 4, '0010011000': 1, '0101100101': 1, '1100100100': 1, '1001000001': 1, '1000011000': 1, '0111000000': 1, '0111100000': 1, '1100100001': 1, '0100100001': 1, '1110110111': 1, '0110001111': 2, '1011000000': 6, '1111111001': 1, '1101100010': 1, '0010111010': 2, '1011110101': 1, '1110110000': 2, '1111000011': 2, '1011101010': 1, '1001110010': 2, '0011001100': 7, '0011101101': 1, '0110000011': 1, '0010101111': 1, '1010101000': 3, '0011001010': 3, '1010111101': 1, '1111011100': 1, '1110100100': 2, '1000001000': 2, '1110101011': 2, '0100101111': 1, '0101111001': 1, '0000110111': 2, '1000100010': 1, '1111111100': 1, '0001111011': 3, '1100011101': 1, '0011010000': 4, '0010101010': 1, '0010100100': 1, '0001000100': 3, '0001010011': 2, '1010101010': 2, '1010111000': 1, '0001001000': 1, '1011110001': 2, '0100000010': 1, '0011001011': 1, '1011100110': 1, '1010101101': 1, '1011101101': 4, '0111111101': 1, '0011111101': 1, '1100010000': 2, '0110111011': 1, '1101010100': 3, '1011110000': 4, '0101111011': 1, '1111000111': 1, '0001010100': 2, '0110010001': 1, '0001000111': 3, '0011110010': 1, '1110001010': 1, '1111100111': 4, '1001010001': 1, '1010110100': 8, '0101011001': 3, '0010010100': 5, '0001100000': 3, '0110100000': 3, '1001101111': 1, '1011011011': 3, '1110011101': 2, '1100101100': 1, '0111001100': 1, '1010100101': 4, '1000001111': 1, '0100001110': 1, '1010000000': 2, '1011000110': 3, '1001101001': 1, '1011001100': 7, '0110100100': 1, '1011000001': 1, '1000000011': 1, '1111100101': 2, '0110010111': 1, '0010011111': 1, '0000000000': 1, '1010001000': 6, '1001100000': 3, '1010101100': 3, '1100110100': 1, '1010011111': 1, '1100110110': 1, '0000100101': 1, '1011001110': 3, '0010001010': 6, '0101010100': 4, '0110000001': 1, '1100000101': 1, '1001001110': 1, '0010111111': 1, '1110010110': 1, '1001000000': 1, '1111001111': 1, '0011000101': 2, '1011111010': 2, '1000010010': 1, '0010110010': 5, '1011111100': 2, '1010011100': 2, '0100110111': 1, '0011010110': 3, '0011011101': 2, '1001001111': 1, '0011011111': 3, '0111101000': 1, '1101001010': 1, '1011010101': 1, '0101110010': 1, '0011100010': 1, '1001101000': 1, '1101100000': 1, '0000001000': 1, '0111011011': 1, '1101110111': 1, '0011100100': 2, '0011011011': 5, '0011000100': 1, '0010100001': 1, '0111111010': 1, '0001110100': 2, '0010011101': 3, '1010111001': 1, '0111000110': 1, '0001011000': 1, '1101110011': 2, '0010100101': 1, '0011000011': 6, '0000110101': 1, '0011110011': 1, '0011101011': 6, '1101010111': 4, '1000111111': 1, '1110000111': 2, '1001001010': 1, '0010110000': 7, '1111011011': 1, '1011101001': 2, '0111011101': 1, '0101010111': 2, '0110000110': 1, '1010000111': 7, '1010010100': 8, '1001010011': 1, '1010110111': 6, '0001111000': 2, '1110000000': 1, '0011010001': 1, '0000010010': 2, '1000111011': 1, '0100010100': 2, '1010110000': 7, '0000110010': 2, '0110011011': 2, '0111000101': 1, '0000010000': 2, '1110111111': 1, '1101011111': 1, '0011110111': 1, '1010100001': 2, '0001001110': 1, '0011100101': 4, '0101100010': 1, '1000111001': 1, '0010010000': 5, '1000010000': 1, '1001000010': 1, '0010000000': 1, '0111100111': 3, '0111010011': 1, '0011101111': 1, '1010000101': 3, '0000001010': 1, '0001000110': 2, '1010111111': 5, '1010001011': 2, '1001010110': 1, '0000001100': 2, '0110011000': 1, '1011100000': 6, '1011011111': 2, '1010001111': 2, '1010100011': 1, '1011010100': 7, '0010000110': 1, '1011100100': 4, '0011000001': 3, '1011001010': 1, '1000100100': 1, '0001100011': 2, '1011101100': 1, '0101000011': 2, '0111110101': 1, '0110000100': 1, '1011001111': 2, '1001001100': 7, '1000000100': 1, '1101101011': 1, '1001111000': 1, '1011101110': 1, '1101000011': 1, '1001101010': 1, '0010010010': 5, '1001010100': 2, '1000110110': 3, '1101111001': 2, '0010001001': 1, '0011011001': 2, '1010010010': 4, '1111011111': 2, '1000010011': 1, '1110101111': 1, '0011110100': 3, '0111101110': 1, '1111011001': 1, '1011011100': 1, '1000110010': 3, '0110000101': 1, '0101110000': 1, '1111001000': 1, '1101110000': 3, '0110111001': 1, '0011010100': 12, '1111111011': 1, '1001010000': 1, '0010101100': 8, '0111000001': 1, '0011110000': 8, '1001110110': 1, '1100111010': 1, '0001011011': 2, '0100101001': 1, '0001000000': 4, '1001011111': 1, '0011001000': 3, '1011111011': 7, '0001110000': 4, '1010100100': 2, '0011111001': 5, '0001110010': 1, '1011010000': 2, '1011101111': 1, '1010001010': 5, '0101001111': 1, '0001001111': 3, '0001100111': 6, '0010110100': 22, '1110010100': 1, '1011000111': 3, '1101010110': 2, '0001000011': 3, '1111010100': 2, '1010000100': 9, '0010000001': 1, '1011000100': 6, '0101100111': 3, '0101101001': 1, '0110100011': 1, '0111110111': 1, '1100010111': 1, '1010100010': 7, '0010101000': 3, '1001011011': 3, '0110111010': 1, '0011000111': 2, '0001010000': 1, '0010001110': 3, '0011010010': 1, '0011100111': 4, '1011111001': 3, '1111100000': 1, '1101100111': 2, '0100100111': 1, '0101101011': 1, '1011010111': 5, '0001101000': 2, '0001010111': 1, '0011111000': 5, '1011110010': 4, '0011001101': 2, '0001001001': 4, '0010001000': 7, '1010010110': 4, '1001100011': 1, '0110110000': 3, '0010001111': 5, '1010110011': 4, '1110111000': 1, '0010010110': 2, '1100111000': 2, '1110011111': 2, '0111100100': 2, '1001100111': 1, '0011001111': 4, '1101010000': 1, '1010110010': 3, '1010101110': 3, '0010011100': 1, '0011100001': 4, '1001101011': 2, '0111101011': 4, '1011010011': 2, '0000100011': 1, '0010110111': 11, '1001111011': 1, '1011011001': 3, '1000011101': 1, '0110010101': 1, '0010000100': 5, '0111111000': 1, '1011001000': 3, '0010110110': 5, '1101010001': 1, '0010010011': 6, '0000000111': 1, '1001100100': 1, '1011101011': 1, '0010111011': 3, '0011111011': 7, '0011010011': 7, '0101011111': 1, '0010111110': 1, '1001011001': 3, '1010000110': 3, '1000010111': 2, '0100100011': 2, '0010001011': 1, '0010100111': 4, '1110010011': 1, '1011000011': 4, '0011001110': 1, '0110001100': 1, '0010111000': 5, '0001100100': 1, '0110000111': 2, '1110111011': 3, '1110111001': 2, '0010110011': 2}","DensityMatrix([[ 3.57418509e-05+0.00000000e+00j,
                -4.57455362e-06-8.33182713e-06j,
                 1.07920894e-05+1.50582388e-05j, ...,
                 7.74261317e-06+1.94699396e-06j,
                 6.16273908e-06-2.02883269e-06j,
                 2.91551533e-07+7.84138586e-06j],
               [-4.57455362e-06+8.33182713e-06j,
                 4.97137082e-06+0.00000000e+00j,
                -3.28113920e-06-2.33754565e-07j, ...,
                -2.05486036e-06-9.50619879e-07j,
                -1.19799385e-06+7.49695032e-07j,
                -1.03730687e-06-1.99216173e-06j],
               [ 1.07920894e-05-1.50582388e-05j,
                -3.28113920e-06+2.33754565e-07j,
                 1.27097290e-05+0.00000000e+00j, ...,
                 5.51309764e-06-3.96570433e-06j,
                 2.46544857e-07-4.10073481e-06j,
                 4.18483589e-06+5.38552521e-07j],
               ...,
               [ 7.74261317e-06-1.94699396e-06j,
                -2.05486036e-06+9.50619879e-07j,
                 5.51309764e-06+3.96570433e-06j, ...,
                 7.07068334e-05+0.00000000e+00j,
                 1.90586094e-05-1.69739846e-05j,
                 2.61286018e-05+3.78524012e-05j],
               [ 6.16273908e-06+2.02883269e-06j,
                -1.19799385e-06-7.49695032e-07j,
                 2.46544857e-07+4.10073481e-06j, ...,
                 1.90586094e-05+1.69739846e-05j,
                 1.99322658e-05+0.00000000e+00j,
                -4.87881564e-06+2.64598953e-05j],
               [ 2.91551533e-07-7.84138586e-06j,
                -1.03730687e-06+1.99216173e-06j,
                 4.18483589e-06-5.38552521e-07j, ...,
                 2.61286018e-05-3.78524012e-05j,
                -4.87881564e-06-2.64598953e-05j,
                 6.09549454e-05+0.00000000e+00j]],
              dims=(2, 2, 2, 2, 2, 2, 2, 2, 2, 2))"
data/selected_mutant_qc/mutants_ae_10/ae_10_Mutant_Replace_cx_P70_Q4_[].qasm,Quratest_4,"{'1001111100': 1, '0011110100': 1, '1100100011': 1, '0011101011': 1, '0010100101': 1, '1000110011': 1, '1001101111': 1, '0110110000': 1, '1100111010': 1, '1110100011': 1, '0011000011': 1, '1100000001': 2, '0100111111': 1, '0001110100': 1, '0011111001': 1, '0101100101': 1, '1100110001': 1, '0100100010': 1, '0000011100': 1, '0100011001': 1, '1010101001': 1, '0010001011': 2, '1101101100': 1, '1000110001': 4, '0000111111': 1, '0000100010': 1, '0100111100': 1, '1100011100': 3, '0001000000': 2, '0001011010': 1, '0101011011': 2, '1000100101': 1, '0000100101': 1, '1101010011': 2, '1110101101': 1, '0101101100': 2, '0101000100': 1, '0011011000': 1, '1101001010': 1, '0000010011': 2, '0101110010': 2, '0001001110': 1, '1110011011': 1, '1001010111': 1, '1010011001': 1, '0111100111': 1, '1110111100': 1, '0010011011': 2, '1101101001': 1, '1011010011': 3, '1111011100': 1, '1101010000': 1, '0011100101': 1, '1110000001': 4, '1010010011': 1, '1010011111': 2, '1001101110': 2, '1010110101': 1, '1000010001': 1, '1101100001': 2, '0101001001': 1, '1001011101': 1, '1100011001': 1, '0011100011': 2, '0101110001': 1, '1101100101': 2, '0101000101': 4, '0101111111': 1, '0100100101': 2, '0110010010': 2, '1101111010': 2, '0011000010': 2, '0100100011': 3, '0010111110': 4, '0101011111': 1, '1001011111': 3, '1110000010': 2, '0101011000': 2, '0110111101': 2, '1010101110': 1, '1010111101': 2, '0101101001': 2, '1011100010': 2, '1101111110': 6, '1010010001': 2, '1100011101': 2, '1101001110': 1, '1001000000': 1, '0010111111': 3, '1101101000': 1, '1001001000': 1, '1010111010': 2, '1010010010': 5, '1100110010': 3, '1001001001': 5, '0011010000': 1, '1000011111': 1, '0010011111': 3, '0001110000': 1, '0010111101': 3, '1100011111': 1, '1011101011': 1, '1101101110': 1, '0101101011': 1, '1011111110': 3, '1001010001': 7, '1110111000': 1, '1100010010': 5, '0110100011': 2, '0010101001': 1, '1010101010': 1, '1011100001': 1, '0001100000': 2, '1101110001': 2, '0010111001': 3, '0101111001': 3, '0000010010': 1, '1100111111': 1, '0101101110': 1, '1111101100': 1, '1101110010': 13, '1001000101': 5, '0010011110': 11, '1010011101': 4, '1101011110': 7, '0010000000': 1, '1101110000': 2, '0110111001': 2, '1011101010': 1, '0011101111': 2, '1101010001': 1, '0010010011': 2, '1110000011': 1, '1001110010': 4, '1110110001': 4, '0101010011': 1, '1001011110': 7, '1101000011': 1, '0010010010': 7, '0001000011': 3, '1011001001': 1, '1110111010': 1, '0001100010': 5, '0100010101': 1, '1011011110': 5, '1001111111': 2, '0101000000': 2, '0011011100': 11, '0001110001': 2, '0010011101': 1, '0001111011': 1, '1101110110': 1, '0001000001': 4, '1010100001': 1, '0110000111': 1, '1100111110': 1, '1100001010': 1, '1101100010': 3, '1010011010': 5, '1011110101': 1, '0101110101': 1, '1000110010': 2, '1011011100': 8, '1010111000': 1, '0001010011': 5, '0101011110': 4, '1010111111': 1, '1010111100': 6, '0010110010': 7, '0001000101': 3, '0101000010': 4, '1001111110': 17, '0001111111': 3, '1000011001': 2, '1011101111': 2, '1100000101': 2, '0101000011': 5, '1010110111': 1, '1011101100': 2, '1010000001': 5, '0110110001': 3, '1011110011': 3, '1000111111': 2, '1001000010': 3, '1011111111': 2, '0101111100': 9, '0001111101': 5, '0110111010': 3, '1001100001': 2, '0001001001': 4, '0110011010': 4, '1001111001': 6, '0010001111': 2, '0010001010': 7, '1010011100': 5, '1101111100': 11, '0011111100': 12, '0100011010': 1, '1010011110': 6, '1010000010': 4, '1110011100': 2, '1001110100': 1, '0110001001': 2, '0001010010': 3, '0110110010': 3, '1100111100': 1, '0011011111': 3, '1010001111': 1, '1011011111': 5, '1011111010': 6, '0011100010': 5, '1010110010': 4, '0010011100': 4, '0100110011': 1, '1011110110': 1, '1001000011': 4, '1001100011': 2, '1100101000': 2, '0101011010': 6, '1101111111': 5, '1101111001': 2, '0001110110': 2, '0001001010': 3, '0011001110': 2, '1010110000': 1, '0010100010': 3, '0101111110': 8, '1101011001': 2, '1011110111': 2, '0101100001': 3, '1101110011': 2, '0001100100': 2, '0101000001': 1, '0001011101': 3, '1011111101': 5, '0010111100': 8, '1010110001': 4, '0011000000': 1, '0001101010': 2, '0001011100': 8, '1011011010': 6, '0110011100': 2, '1001010010': 2, '1101110111': 1, '1100101010': 3, '0011110110': 3, '1100110011': 2, '0100000111': 1, '0001001011': 2, '0101011100': 9, '0011110001': 1, '0011110011': 2, '1001101000': 1, '0001110011': 7, '1001011100': 7, '0100000010': 2, '0000111001': 1, '1101011100': 11, '0110001000': 1, '1101010010': 10, '0000111101': 1, '1001110001': 7, '0001110010': 4, '1001000001': 6, '0100111001': 1, '0011011101': 3, '1101100011': 1, '1101101010': 3, '0100010001': 1, '0011111010': 4, '1001110000': 3, '1011110010': 8, '0011111110': 7, '0010111010': 5, '0100001001': 3, '0100111110': 1, '1110001100': 1, '0101100010': 2, '1010010000': 3, '0011011011': 1, '1101111101': 5, '1101011010': 7, '0001101101': 3, '1011111100': 10, '0001000010': 3, '1001110110': 3, '1001111101': 2, '1011010110': 1, '0111010010': 1, '0011101110': 1, '1101011111': 6, '1101000000': 1, '0001011001': 2, '0010110011': 3, '1110111001': 1, '0011010010': 6, '0101001010': 1, '0101110110': 1, '1001010110': 2, '0001000100': 2, '0100001111': 1, '0001111110': 1, '0100011111': 3, '0011000101': 2, '1010001010': 1, '1011100101': 1, '0101100011': 2, '0100011100': 2, '1011101110': 1, '1001111000': 2, '1101000001': 7, '0011101010': 4, '0001100001': 4, '0110011110': 3, '0011001101': 1, '0011001010': 2, '1011110100': 4, '1011001000': 1, '1100100101': 2, '0011111111': 4, '1001010101': 1, '0000111100': 1, '0101010010': 5, '0011011110': 7, '0010001000': 3, '0001111001': 3, '0001101001': 2, '1100100001': 1, '0111100000': 1, '0010000011': 2, '1110010011': 1, '0100110100': 1, '1011010010': 1, '1101000101': 3, '1100001001': 1, '1000100011': 1, '0001011111': 6, '0110010001': 2, '0011110010': 8, '1011000101': 3, '1011111011': 1, '1001110101': 1, '1011101101': 1, '0011111101': 7, '1010110100': 1, '1010111110': 7, '0001011110': 4, '1010000011': 1, '1101001001': 3, '0100110001': 2, '0110000000': 1, '1010011011': 2, '0001111100': 20, '1110101001': 2, '0011011010': 6, '1110100010': 4, '1100110110': 1, '0000110001': 1, '1000000011': 1, '0001100101': 2, '0010000010': 2, '0010011010': 11, '1100111001': 6}","DensityMatrix([[ 8.62489584e-05+0.00000000e+00j,
                -7.32363900e-05-7.00365593e-06j,
                 5.37953219e-05-1.51568284e-04j, ...,
                -1.23313080e-06-8.38048323e-05j,
                -3.70706720e-05-7.44669603e-05j,
                -3.73699448e-05+4.94478447e-05j],
               [-7.32363900e-05+7.00365593e-06j,
                 6.27557725e-05+0.00000000e+00j,
                -3.33713370e-05+1.33069177e-04j, ...,
                 7.85227175e-06+7.10608809e-05j,
                 3.75246637e-05+6.02217257e-05j,
                 2.77165569e-05-4.50220842e-05j],
               [ 5.37953219e-05+1.51568284e-04j,
                -3.33713370e-05-1.33069177e-04j,
                 2.99909495e-04+0.00000000e+00j, ...,
                 1.46504007e-04-5.44378917e-05j,
                 1.07741599e-04-1.11592214e-04j,
                -1.10204846e-04-3.48298200e-05j],
               ...,
               [-1.23313080e-06+8.38048323e-05j,
                 7.85227175e-06-7.10608809e-05j,
                 1.46504007e-04+5.44378917e-05j, ...,
                 8.14475985e-05+0.00000000e+00j,
                 7.28867249e-05-3.49554824e-05j,
                -4.75122990e-05-3.70179267e-05j],
               [-3.70706720e-05+7.44669603e-05j,
                 3.75246637e-05-6.02217257e-05j,
                 1.07741599e-04+1.11592214e-04j, ...,
                 7.28867249e-05+3.49554824e-05j,
                 8.02277851e-05+0.00000000e+00j,
                -2.66310662e-05-5.35182234e-05j],
               [-3.73699448e-05-4.94478447e-05j,
                 2.77165569e-05+4.50220842e-05j,
                -1.10204846e-04+3.48298200e-05j, ...,
                -4.75122990e-05+3.70179267e-05j,
                -2.66310662e-05+5.35182234e-05j,
                 4.45408523e-05+0.00000000e+00j]],
              dims=(2, 2, 2, 2, 2, 2, 2, 2, 2, 2))","{'0000100011': 1, '1111110111': 1, '1101100010': 1, '0010110000': 1, '1001110110': 1, '0001001111': 1, '1001010100': 1, '0111000010': 1, '0011000010': 2, '0010000001': 1, '0011001110': 1, '1101100001': 2, '1101110111': 1, '0001011101': 3, '0110011001': 1, '0101111010': 1, '0011001011': 1, '0011100110': 1, '1110100011': 1, '1000100001': 2, '0001110000': 1, '1111011010': 1, '0000101100': 1, '0101100110': 1, '1111011001': 1, '0100011110': 1, '0101101110': 2, '1000010011': 1, '0010001110': 1, '1111100010': 2, '0011010111': 1, '1000111110': 1, '0010000011': 1, '1001001110': 1, '1110110001': 1, '0010111000': 1, '1100010100': 1, '0001110101': 1, '1010111101': 2, '0001101100': 1, '1011101000': 1, '0001001101': 1, '1011110011': 2, '1110111111': 1, '1000011101': 1, '1110000011': 1, '0000101011': 1, '1100100010': 1, '1010010110': 1, '0100110011': 1, '1101101011': 1, '1101110110': 2, '1011011101': 1, '1011001011': 1, '1111101001': 1, '0010111010': 2, '1010010011': 2, '0100100111': 1, '0000011111': 1, '0110111011': 1, '0001011111': 2, '0010001010': 2, '0001110111': 1, '1100011110': 1, '1010110011': 2, '0010011001': 1, '1110111100': 1, '0010110011': 1, '1000011110': 1, '0101001000': 1, '0100011101': 2, '0000101001': 1, '1001010110': 1, '1010001011': 1, '0110011100': 1, '1001011110': 6, '1101110011': 2, '0001001110': 1, '1010100001': 2, '0101111000': 1, '1001011010': 3, '0100010010': 2, '1110000010': 3, '1000010100': 1, '0001000011': 2, '1001100010': 1, '1000111100': 3, '1011001001': 1, '0110111110': 1, '1001100111': 1, '0011101110': 3, '1101010000': 3, '1010110010': 3, '1001000011': 1, '1111111010': 1, '0110001001': 1, '1101010111': 1, '1001111001': 1, '0100100011': 3, '1000010111': 1, '0011111111': 4, '1100111010': 1, '1100010011': 2, '0111001110': 1, '0001001100': 1, '1001100101': 1, '1101011001': 3, '0111111010': 1, '0001110100': 1, '1010101101': 1, '0101011101': 3, '0011111101': 3, '0001011010': 3, '1011011011': 2, '1001001011': 2, '1101000001': 3, '1101110000': 1, '1101100101': 1, '0010110010': 9, '1011111100': 7, '1001001100': 2, '1001000010': 4, '0010000000': 2, '0110010010': 2, '1000010001': 4, '1001011001': 2, '0100100000': 1, '1101101001': 1, '1100101001': 1, '1010010001': 1, '0010010011': 1, '0000011100': 1, '0101111110': 4, '1101111010': 1, '0010011010': 7, '0000111100': 2, '0110000011': 1, '1110110000': 1, '1100011111': 1, '0100001011': 1, '0100001001': 1, '0101011010': 1, '1001010001': 3, '0101011001': 2, '0000000010': 1, '0000100101': 1, '1010011111': 1, '1111011111': 1, '1100110010': 3, '1101101010': 1, '1110011100': 1, '1001010011': 1, '1010010100': 1, '0111110110': 2, '1001110111': 1, '1011100010': 3, '1110110010': 2, '1100010101': 2, '1000011010': 1, '0110011000': 1, '0101111100': 9, '0011111000': 1, '0111110100': 1, '1111110100': 1, '1100011010': 1, '1111110010': 1, '0110011010': 2, '0111011010': 2, '1011011010': 3, '1011110010': 3, '1101001000': 2, '1011000011': 1, '1011010010': 7, '1100100011': 1, '0100011111': 1, '1100011100': 2, '0011111110': 6, '0011000011': 1, '0010000101': 1, '1001110011': 1, '1000000001': 2, '1001100100': 1, '1011111101': 3, '1101010011': 1, '1100011000': 1, '0111001100': 1, '1100101100': 1, '1010000001': 1, '1001100011': 3, '0011101010': 3, '1001010111': 1, '1010111111': 3, '1100110000': 2, '1100100001': 3, '0001100011': 9, '1011001010': 1, '1001000110': 1, '0010111011': 1, '0011111011': 1, '1101010010': 6, '1000111001': 1, '0010010000': 2, '1101010001': 2, '1010000011': 2, '1010011000': 1, '0001010011': 3, '0000111111': 2, '0010011100': 6, '0011100001': 1, '0000111101': 1, '0011011001': 2, '1001110001': 4, '0111000101': 2, '1111000010': 1, '0101010001': 1, '0010000010': 2, '0001011110': 3, '0001010001': 2, '1001110000': 3, '0011111010': 4, '0101101001': 1, '0111111111': 1, '1011000101': 1, '1100010010': 2, '0010010010': 5, '1001101010': 2, '0101010010': 2, '1011010000': 1, '1101001100': 2, '0001100110': 1, '1001000101': 3, '0010111110': 2, '1111101100': 2, '1101110010': 8, '0010011110': 3, '1101011110': 4, '0101100101': 1, '0111011101': 2, '0001001010': 1, '1101101111': 1, '0011010110': 1, '0011011101': 2, '0100110111': 1, '1111000101': 1, '1001000100': 1, '0001010110': 3, '1101101100': 1, '0000010111': 1, '0101011000': 2, '1001000001': 2, '1010110001': 4, '0001110010': 5, '1100010001': 2, '0101101101': 2, '0100110001': 3, '1001011111': 1, '0111111100': 1, '0000011010': 2, '1110011101': 2, '1100111100': 4, '0011011111': 4, '1011101010': 1, '1001110010': 3, '0011110000': 1, '0000011011': 1, '0111000001': 1, '0000011110': 1, '0111011110': 2, '0011011010': 8, '0010111100': 7, '0011101101': 1, '1101111101': 1, '0111001001': 1, '0101011110': 7, '0001000110': 1, '0000001010': 3, '0101101000': 1, '0011100011': 2, '1100011001': 1, '0001000010': 4, '1000010010': 1, '1011111010': 2, '1011100000': 1, '0110110001': 1, '1011011111': 5, '1010001111': 2, '0000110010': 2, '0011011110': 4, '0100101001': 1, '0001011011': 1, '0111110010': 2, '0111110001': 3, '0011110001': 4, '0101111111': 1, '1010111100': 7, '0010111101': 3, '1101011011': 1, '0001101010': 3, '1101110001': 5, '0000110011': 1, '1101111111': 2, '0001110110': 3, '1101111001': 2, '0101100010': 1, '1101101101': 1, '1011111110': 4, '1011110001': 2, '0001001000': 3, '1010111000': 1, '1011011100': 5, '1100111001': 4, '0011111100': 9, '1101111110': 5, '0100000001': 1, '1101011010': 3, '0011000000': 3, '1111101101': 2, '0100010011': 2, '1001111110': 8, '0101000010': 5, '0001111111': 5, '0101011111': 2, '1010011011': 2, '1001111101': 2, '0000100010': 1, '0100010001': 1, '1110011010': 1, '1101100011': 1, '0111100110': 1, '0010011101': 2, '1010111001': 5, '0100111010': 1, '1110111011': 1, '0101110001': 7, '0101111101': 2, '1010111110': 6, '0100011010': 1, '1101000000': 1, '1001111111': 5, '1010000010': 2, '1010011110': 7, '1111100001': 2, '0001111101': 5, '1101011100': 10, '1000101110': 2, '1111010010': 3, '0100100010': 1, '1101001001': 2, '1100111101': 1, '1000101010': 1, '1001111100': 7, '0010100010': 1, '0001100010': 4, '1011001101': 1, '0001111011': 1, '1111111100': 2, '0010010110': 1, '1111011100': 3, '1001001001': 4, '0111101010': 1, '1110010001': 1, '1110010010': 3, '0011010011': 4, '0010111001': 2, '0101111001': 1, '1001100001': 5, '1011110110': 2, '0001010101': 1, '1100000101': 2, '0101000011': 3, '0101001110': 1, '0011100010': 4, '0100111110': 2, '0011010100': 1, '0110111111': 1, '0001010100': 2, '0110010001': 2, '0011110010': 4, '1100010111': 1, '1010100010': 2, '0001001001': 4, '1100010000': 1, '1010000101': 1, '1100100101': 1, '1011000110': 1, '0001010010': 6, '1010001010': 4, '0111010001': 1, '1000110001': 2, '1111101010': 1, '0101010011': 3, '1110000000': 1, '0011010001': 1, '0001111000': 2, '0110111100': 2, '1100110011': 2, '0011110110': 3, '0100000010': 1, '1011101011': 1, '0001111010': 1, '1100111110': 2, '1001010000': 2, '0011101100': 1, '1111111101': 1, '1000111111': 1, '0001111001': 4, '0000100001': 2, '0011010010': 3, '0101001010': 2, '0101110110': 1, '1011111001': 3, '0101110010': 4, '0010011111': 2, '1111100000': 1, '0101101111': 2, '1101011101': 2, '1000001101': 1, '1110000001': 1, '0000010110': 1, '0100111001': 3, '1100110001': 3, '1101000110': 1, '0111100010': 1, '1101110101': 1, '0010000110': 1, '0010110101': 2, '0011011100': 4, '0001110001': 4, '1101101110': 2, '0001111110': 2, '1110111101': 1, '0001111100': 8, '0101101100': 1, '0010100000': 1, '1110001110': 2, '1100000001': 1, '1010001110': 1, '0100010101': 1, '0010101001': 1, '1001011100': 6, '0000101110': 1, '0001100001': 4, '0010101011': 1, '1001101001': 5, '0001110011': 2, '0100111101': 2, '0011110011': 1, '1011010100': 1, '1011101001': 2, '0010111111': 2, '1001000000': 3, '1110010110': 1, '1101111100': 2, '1010011100': 3, '1110111110': 2, '0001011100': 10, '0001001011': 3, '0101011100': 9, '1110101010': 1, '1010010010': 5, '0100100100': 1, '0100011011': 2, '1011011110': 9, '1010011010': 11, '0001000101': 4, '1011010001': 2, '0001101001': 2, '0010101110': 1, '0001000001': 4, '1101000100': 1, '1100000010': 2, '0001011000': 2}","DensityMatrix([[ 1.27048642e-04+0.00000000e+00j,
                -1.13695773e-04+1.84304145e-05j,
                 9.95003651e-05-1.95331664e-04j, ...,
                -1.10563523e-05-4.69728559e-05j,
                -4.38943669e-05-5.83367976e-05j,
                -1.58777468e-05+4.88638976e-05j],
               [-1.13695773e-04-1.84304145e-05j,
                 1.31662883e-04+0.00000000e+00j,
                -1.04493866e-04+1.39831906e-04j, ...,
                 2.52071447e-05+5.28984260e-05j,
                 3.78485201e-05+5.95336415e-05j,
                 1.88948521e-05-5.55599293e-05j],
               [ 9.95003651e-05+1.95331664e-04j,
                -1.04493866e-04-1.39831906e-04j,
                 4.25853817e-04+0.00000000e+00j, ...,
                 7.29174035e-05-3.15170002e-05j,
                 5.07169468e-05-1.10123900e-04j,
                -7.38805054e-05+1.31825116e-05j],
               ...,
               [-1.10563523e-05+4.69728559e-05j,
                 2.52071447e-05-5.28984260e-05j,
                 7.29174035e-05+3.15170002e-05j, ...,
                 1.84758517e-04+0.00000000e+00j,
                 1.49800059e-04+5.81715929e-05j,
                -6.81333816e-05-1.40541670e-04j],
               [-4.38943669e-05+5.83367976e-05j,
                 3.78485201e-05-5.95336415e-05j,
                 5.07169468e-05+1.10123900e-04j, ...,
                 1.49800059e-04-5.81715929e-05j,
                 2.60591961e-04+0.00000000e+00j,
                -1.56209477e-04-1.34537248e-04j],
               [-1.58777468e-05-4.88638976e-05j,
                 1.88948521e-05+5.55599293e-05j,
                -7.38805054e-05-1.31825116e-05j, ...,
                -6.81333816e-05+1.40541670e-04j,
                -1.56209477e-04+1.34537248e-04j,
                 1.83347825e-04+0.00000000e+00j]],
              dims=(2, 2, 2, 2, 2, 2, 2, 2, 2, 2))"
data/selected_mutant_qc/mutants_ae_10/ae_10_Mutant_Replace_cx_P70_Q4_[].qasm,Quratest_5,"{'1100000011': 1, '1100101011': 1, '0100010110': 1, '1101000011': 1, '1101101100': 1, '1101001011': 1, '0000000100': 1, '0101000011': 1, '1001110001': 1, '0001101010': 1, '1101010100': 1, '0011101100': 2, '1101101111': 1, '1000110011': 2, '0101101101': 1, '1101100100': 1, '0100111111': 1, '1101000110': 2, '1011000111': 1, '1000000100': 1, '1101100011': 2, '1100001011': 2, '1011010100': 1, '0001001000': 1, '0001000111': 1, '1011000100': 1, '0101010101': 2, '0100001111': 2, '0110001100': 1, '1101011101': 1, '0101000001': 1, '0000101110': 2, '1101110101': 1, '1111001100': 1, '0011000001': 1, '0101111001': 1, '1001110110': 1, '0001000010': 1, '0000110111': 1, '1100010101': 4, '1001010111': 1, '1001000010': 2, '1101100000': 1, '0101100011': 1, '1100111011': 2, '1001101111': 4, '1100000111': 6, '1111100100': 1, '0000010111': 1, '0100010000': 1, '1001100000': 1, '0000100111': 4, '0001000100': 5, '0001100000': 1, '0100010111': 8, '1101011111': 2, '1101101011': 2, '0100101011': 2, '0101000110': 5, '0100110101': 2, '0000001111': 4, '1101100110': 5, '1001110100': 11, '1001101000': 4, '0001011000': 1, '1001011111': 3, '0100100111': 11, '0101101111': 3, '0000101100': 25, '0100000100': 1, '0101110111': 7, '0001001010': 2, '1101000000': 3, '1000101110': 1, '0001100100': 23, '1001001101': 3, '1000100100': 3, '0000101101': 1, '1000001100': 23, '1100011111': 1, '0001001101': 1, '0100110011': 1, '0101101110': 1, '1011001100': 2, '1111000101': 1, '1101000101': 7, '0000100100': 4, '0101111011': 9, '1001000000': 2, '1101010101': 1, '1001001110': 2, '0001101101': 2, '1110010100': 1, '1001001111': 7, '0001101110': 2, '1001100010': 4, '0100100110': 1, '1101110100': 2, '1101010111': 7, '1001101100': 34, '1100101101': 1, '0100111101': 1, '0101010011': 1, '1101100101': 5, '1000010111': 4, '0001101111': 5, '1011100101': 1, '0101000101': 4, '1101111111': 1, '0101111000': 1, '0001010010': 1, '0001001100': 67, '0001100001': 1, '0100010100': 1, '0100000111': 3, '1100100111': 14, '0101010111': 7, '1001101011': 1, '0100110111': 6, '0001001110': 2, '1000001111': 3, '0011100101': 1, '0101011011': 6, '1001010110': 1, '0011010100': 1, '0100100101': 1, '0001110100': 9, '1011100111': 1, '0101100100': 4, '0100011011': 2, '0011100111': 5, '0000101111': 5, '0001000000': 1, '0000001100': 26, '1000100000': 2, '0011001100': 3, '0001100010': 4, '1001101110': 1, '0001100111': 4, '1100011101': 2, '0001101000': 2, '0101100101': 3, '1101011011': 2, '0101101011': 6, '1001100100': 32, '0101000111': 70, '0100000011': 1, '1101000100': 2, '0011001110': 1, '0100010101': 1, '1101111011': 12, '1001001000': 1, '0001101100': 40, '1101000111': 61, '0001001111': 1, '1101010110': 2, '1001001100': 60, '1000001101': 1, '1101101010': 1, '1100110111': 4, '0001010100': 5, '1001010100': 7, '1011100100': 1, '1100010111': 8, '0011000111': 4, '0001110111': 1, '1100011011': 2, '1000101111': 4, '1101100111': 59, '0100111011': 6, '1001000111': 1, '1000101100': 24, '1001000100': 7, '1100100101': 1, '0001100110': 1, '0101100111': 52}","DensityMatrix([[ 3.51679207e-04+0.00000000e+00j,
                -1.28259259e-04-2.08446462e-05j,
                -4.11400395e-04+1.62119310e-04j, ...,
                 6.08109817e-06-2.66076479e-06j,
                 4.25469137e-06+7.07634447e-07j,
                -3.08408070e-05+4.49934866e-06j],
               [-1.28259259e-04+2.08446462e-05j,
                 4.80123263e-05+0.00000000e+00j,
                 1.40430794e-04-8.35101924e-05j, ...,
                -2.06010032e-06+1.33083234e-06j,
                -1.59365109e-06-5.89495684e-09j,
                 1.09811204e-05-3.46892512e-06j],
               [-4.11400395e-04-1.62119310e-04j,
                 1.40430794e-04+8.35101924e-05j,
                 5.55998056e-04+0.00000000e+00j, ...,
                -8.34034962e-06+3.09305319e-07j,
                -4.65100145e-06-2.78915756e-06j,
                 3.81522456e-05+8.95377512e-06j],
               ...,
               [ 6.08109817e-06+2.66076479e-06j,
                -2.06010032e-06-1.33083234e-06j,
                -8.34034962e-06-3.09305319e-07j, ...,
                 1.25282995e-07+0.00000000e+00j,
                 6.82165639e-08+4.44266458e-08j,
                -5.67328633e-07-1.55537068e-07j],
               [ 4.25469137e-06-7.07634447e-07j,
                -1.59365109e-06+5.89495684e-09j,
                -4.65100145e-06+2.78915756e-06j, ...,
                 6.82165639e-08-4.44266458e-08j,
                 5.28980525e-08+0.00000000e+00j,
                -3.64065372e-07+1.16490701e-07j],
               [-3.08408070e-05-4.49934866e-06j,
                 1.09811204e-05+3.46892512e-06j,
                 3.81522456e-05-8.95377512e-06j, ...,
                -5.67328633e-07+1.55537068e-07j,
                -3.64065372e-07-1.16490701e-07j,
                 2.76217501e-06+0.00000000e+00j]],
              dims=(2, 2, 2, 2, 2, 2, 2, 2, 2, 2))","{'1011001101': 1, '0011110101': 1, '1001000110': 1, '1001111010': 1, '1001101010': 1, '1010000010': 1, '0000001111': 2, '1011100000': 1, '0101111101': 1, '0111110000': 1, '1001011100': 2, '1101110101': 1, '1010110100': 1, '1011111100': 1, '1111111111': 1, '0001000010': 2, '1100001111': 1, '0001001101': 2, '0100110011': 1, '0000101110': 1, '0001100011': 1, '1101001011': 1, '1001000011': 1, '0101101101': 1, '1000110011': 1, '1101100100': 2, '0110111011': 1, '1011000010': 1, '1001011011': 1, '0110100111': 1, '1101000100': 1, '1001101011': 1, '0100001100': 2, '0011110000': 1, '1100001011': 1, '1111100100': 1, '0010101111': 1, '1001000100': 3, '0100010000': 1, '1110000111': 3, '0010010101': 1, '1000011100': 1, '0101011111': 1, '0011111100': 1, '0111010100': 1, '0111101111': 2, '0110000111': 2, '0001000000': 3, '1001000010': 2, '0100011111': 1, '0011000101': 1, '1011101101': 2, '1101101100': 3, '0000101000': 3, '0001001100': 44, '1100010011': 2, '0000000010': 1, '1011000111': 3, '0001110000': 2, '1100101111': 1, '0000101111': 3, '1101011111': 1, '0000011011': 1, '0101000100': 2, '1101011011': 4, '1001010111': 1, '0001001110': 3, '1101010001': 1, '0011101111': 2, '1100111011': 2, '1000001111': 3, '0010101110': 1, '0101001111': 1, '1011001100': 9, '1111100110': 2, '0111000100': 1, '1000000110': 1, '0001101000': 5, '1111000101': 1, '0010100010': 1, '1100110000': 1, '0111111011': 1, '1100111101': 2, '0101010101': 2, '0011101011': 1, '1101010111': 6, '1100110101': 1, '0101001100': 2, '0000101100': 15, '0101101111': 4, '1101011101': 2, '0111010111': 1, '0100101011': 4, '0110011011': 1, '1000100010': 3, '0111110111': 1, '0101100110': 2, '0111010000': 1, '0100010111': 2, '0100011011': 2, '0111000111': 8, '0100001111': 1, '0001000100': 2, '0000001100': 16, '1000100111': 2, '0000101011': 1, '1100100100': 2, '0000010111': 1, '0101011000': 1, '0000001101': 1, '1010001100': 2, '1111000011': 2, '1111110100': 1, '0001101110': 2, '1001010101': 1, '0011100110': 1, '1111001100': 5, '1111010010': 1, '0011001111': 3, '0001100000': 3, '1101110111': 7, '1001010010': 1, '0000100100': 1, '0010100100': 1, '1001010000': 2, '0101101100': 4, '0011100111': 4, '0110100100': 1, '1001000000': 3, '0000110100': 2, '1001001111': 2, '1101110100': 1, '0011010100': 1, '1011101000': 1, '0100100101': 2, '0111111010': 1, '0001101111': 3, '0001110100': 3, '0101010100': 1, '0011001101': 2, '1100100101': 1, '1100010101': 1, '0100110111': 5, '0100111011': 5, '0000001010': 3, '1101101000': 1, '1010010111': 2, '1000111011': 3, '0010010111': 1, '1001001101': 1, '1111000111': 5, '1000101110': 1, '0001100100': 9, '1110110100': 1, '1101101011': 2, '0000001110': 1, '0011001100': 10, '0101000111': 44, '1000011011': 1, '0000100111': 2, '0000000110': 1, '1001101101': 5, '1011011100': 1, '1101100110': 3, '1000110111': 1, '1111010100': 1, '1001001100': 48, '1000000100': 1, '1101100101': 6, '1011000100': 2, '1111011011': 2, '1010001111': 2, '1001100000': 4, '0010101011': 1, '0101110011': 1, '0011100010': 1, '1000100100': 4, '1101000001': 1, '0000011111': 1, '1101111111': 1, '1101111001': 1, '1100110011': 1, '1110100101': 1, '1111101111': 1, '1100011011': 3, '0001001000': 3, '1101111101': 2, '0001000111': 4, '0111100111': 14, '0011000110': 1, '1011110010': 1, '0101111011': 8, '1100110111': 3, '1101000011': 3, '1001010100': 5, '1110011111': 1, '0001010100': 5, '1100110110': 1, '0011110100': 1, '0100110100': 1, '1111100111': 4, '1101010101': 2, '0101001110': 1, '0101000011': 4, '1001001110': 2, '1001100111': 4, '0110010111': 1, '1100010111': 8, '1000000111': 1, '1011100100': 3, '1000101000': 4, '0000100010': 2, '0101100100': 2, '1000000010': 3, '0101010110': 1, '0100110000': 1, '1101000110': 2, '1111011100': 1, '0101001000': 2, '1010101100': 4, '0101110000': 1, '0011000111': 4, '1100001110': 1, '1000001000': 2, '0101000101': 1, '1000010111': 4, '1111010011': 1, '1101100111': 33, '0100100111': 7, '0000000100': 3, '0001111100': 1, '0101100101': 5, '0001100111': 5, '0101111010': 2, '1000101100': 11, '1001000111': 3, '0011101100': 6, '1001100010': 3, '1101000101': 4, '0010000111': 2, '0101011011': 2, '1101001100': 5, '1001110100': 5, '1011001111': 1, '1010000111': 1, '0010101100': 2, '1000010011': 1, '0001011100': 2, '0000100110': 2, '1001101100': 36, '0111110100': 2, '1011101111': 2, '1001101000': 1, '1011010100': 1, '1000001100': 15, '1101101110': 1, '0101101011': 2, '1100011111': 1, '1011100111': 3, '0100111101': 1, '0111000101': 1, '0100010100': 1, '1100100111': 8, '0100000111': 9, '0011101000': 1, '1100101011': 1, '1101111011': 6, '0111111000': 1, '1001001000': 5, '0001101100': 26, '0101000110': 2, '0101100011': 2, '1101100000': 2, '1101001000': 1, '0001101101': 2, '1001100100': 18, '0101110111': 7, '0010001100': 1, '1101010100': 3, '1001101111': 4, '1110100111': 2, '1101001111': 3, '0111000110': 2, '1100000111': 6, '1101100011': 2, '0001001111': 10, '0100011000': 1, '1011101100': 2, '0101100111': 31, '0000001011': 1, '0101010111': 5, '1001110111': 2, '1101000111': 46, '1111010111': 2}","DensityMatrix([[ 3.81466646e-04+0.00000000e+00j,
                -1.26915378e-04-1.20095369e-05j,
                -4.22759693e-04+1.86488862e-04j, ...,
                 3.84527914e-06-3.44549393e-06j,
                 3.86160309e-06+2.04556012e-07j,
                -2.42405705e-05+3.10858414e-06j],
               [-1.26915378e-04+1.20095369e-05j,
                 6.18563742e-05+0.00000000e+00j,
                 1.56809320e-04-7.51744026e-05j, ...,
                -1.77665142e-06+2.28553391e-06j,
                -2.14634087e-06-7.20528173e-08j,
                 9.40243780e-06-1.38714738e-06j],
               [-4.22759693e-04-1.86488862e-04j,
                 1.56809320e-04+7.51744026e-05j,
                 6.27233473e-04+0.00000000e+00j, ...,
                -6.79621258e-06+2.92440538e-06j,
                -5.56663047e-06-2.36052668e-06j,
                 3.16887301e-05+9.23404857e-06j],
               ...,
               [ 3.84527914e-06+3.44549393e-06j,
                -1.77665142e-06-2.28553391e-06j,
                -6.79621258e-06-2.92440538e-06j, ...,
                 4.59952911e-05+0.00000000e+00j,
                -1.38259155e-06+1.95841407e-05j,
                -2.53459397e-05+1.09487743e-05j],
               [ 3.86160309e-06-2.04556012e-07j,
                -2.14634087e-06+7.20528173e-08j,
                -5.56663047e-06+2.36052668e-06j, ...,
                -1.38259155e-06-1.95841407e-05j,
                 1.20759557e-05+0.00000000e+00j,
                 4.41915838e-06+1.33038352e-05j],
               [-2.42405705e-05-3.10858414e-06j,
                 9.40243780e-06+1.38714738e-06j,
                 3.16887301e-05-9.23404857e-06j, ...,
                -2.53459397e-05-1.09487743e-05j,
                 4.41915838e-06-1.33038352e-05j,
                 3.84380861e-05+0.00000000e+00j]],
              dims=(2, 2, 2, 2, 2, 2, 2, 2, 2, 2))"
data/selected_mutant_qc/mutants_ae_10/ae_10_Mutant_Replace_cx_P70_Q4_[].qasm,Quratest_6,"{'0001111100': 1, '1001001011': 1, '1101000001': 1, '1111010100': 2, '0011111100': 1, '0001011001': 1, '0101100001': 1, '0000011001': 1, '0000101011': 1, '0100101010': 1, '1011010011': 1, '0011011100': 1, '1111101011': 1, '0100010110': 1, '1100110111': 1, '0010100110': 1, '0100100000': 1, '1001010101': 1, '0111001011': 2, '0101000001': 1, '1001001110': 1, '1100010000': 1, '0100101100': 1, '0000011000': 1, '0011111001': 1, '0111100001': 3, '0010110000': 1, '1011110101': 1, '1000011100': 1, '1111011101': 2, '0101100011': 1, '0101000110': 1, '0110110011': 2, '1010010000': 1, '0011101110': 1, '1000000101': 1, '0000010010': 1, '1000000000': 1, '1000101100': 3, '0000001000': 1, '1001100110': 1, '0110010001': 1, '0001100011': 1, '1001111100': 1, '1000001010': 1, '0011101100': 1, '1011110110': 1, '1011110001': 2, '1010100010': 1, '0011001011': 1, '0000001110': 3, '1100111000': 1, '0111001111': 1, '1101011100': 1, '1010010110': 1, '0101001101': 2, '1100110000': 2, '1110000010': 1, '0010111000': 1, '1001011111': 1, '0010100010': 1, '1111111110': 5, '1110011101': 2, '0011001110': 2, '1100110010': 1, '1111010101': 1, '0000011010': 1, '0000001001': 3, '0110110001': 2, '0011101101': 2, '1110011001': 1, '1010011110': 1, '0101111101': 1, '1100010010': 1, '0110100011': 1, '0110111101': 4, '1111000001': 3, '0010110011': 2, '0011100010': 1, '0101110011': 3, '0100110110': 2, '0011010101': 1, '0100111101': 9, '1110001000': 1, '0011010111': 1, '0111011001': 1, '0101111000': 1, '0010000011': 1, '1101001110': 1, '0111001000': 3, '1111110111': 1, '1111010000': 4, '0111101001': 4, '1111110000': 3, '0101101011': 2, '1111010110': 1, '1100011111': 2, '0001110101': 1, '0101111001': 1, '1000001001': 1, '1101111100': 1, '0011011101': 1, '1111100011': 3, '0000110101': 1, '1100000111': 1, '1110010000': 2, '0100000010': 1, '0000011101': 1, '1100000010': 1, '0100001010': 1, '1111110011': 3, '1010110011': 1, '0110011111': 1, '1111110001': 2, '1001100001': 1, '0000010110': 1, '1000100011': 5, '1100001001': 2, '1101000110': 1, '0100110000': 2, '0000100001': 4, '0000000010': 4, '1111101110': 2, '1000100111': 1, '1001010110': 1, '0000001100': 2, '0110111111': 1, '1101010000': 2, '1110111101': 1, '0001001110': 2, '0101010011': 2, '0101010000': 2, '1100111100': 2, '1110101110': 1, '0010101110': 3, '1011010000': 2, '1000110110': 5, '1110100010': 1, '1000000001': 6, '0111111000': 2, '0010001110': 2, '1011101000': 1, '1111000000': 2, '0100011000': 1, '1100101100': 4, '1100011000': 2, '1111001101': 1, '1010111110': 1, '0100110001': 2, '1100010001': 3, '0111101000': 3, '0000110111': 1, '1111000011': 4, '1000111001': 3, '0100010011': 2, '0111110101': 9, '1000101101': 4, '0011010110': 2, '0000100110': 3, '0100111000': 1, '0001011100': 1, '0000001111': 1, '1000011110': 6, '0001010010': 2, '0011001101': 1, '0110011110': 1, '0111010110': 1, '0000001010': 1, '0010001100': 1, '0111111110': 2, '1011111110': 2, '1001010001': 5, '0011000011': 7, '1000011111': 3, '1001000010': 1, '1011110011': 1, '1111111101': 12, '1000111111': 3, '0111001110': 1, '1110001011': 1, '1000010000': 6, '0111010011': 7, '0010010011': 1, '0110011001': 1, '1101111110': 1, '1000010001': 8, '1101100001': 1, '0001000011': 3, '1000001000': 3, '0001010000': 2, '0010111101': 5, '0001101110': 2, '0100001101': 3, '0110100000': 1, '0111011101': 11, '1111111001': 3, '1101010110': 1, '0111111001': 1, '1100000001': 4, '0111010000': 6, '0001010111': 1, '0111000011': 9, '0101011000': 1, '0000001101': 1, '1001011110': 1, '1101000011': 3, '1100011001': 1, '0011100011': 2, '0000100011': 6, '0000111101': 10, '1001110001': 1, '0000010000': 9, '1001000011': 1, '0000000110': 1, '1111001001': 4, '1100110001': 1, '1000101110': 16, '1011101111': 1, '1000011001': 4, '1000100010': 3, '0110010000': 2, '1010100001': 1, '1100111110': 6, '1011100011': 1, '0111010101': 2, '0100011101': 6, '0111110011': 1, '1100100001': 2, '0111100000': 5, '1111111100': 2, '1100011101': 1, '1100110110': 1, '1100100010': 2, '0111010001': 4, '1010110110': 2, '0101001011': 1, '0100010001': 3, '1111001000': 5, '0010011100': 1, '0100110011': 4, '0101100000': 3, '1010001111': 1, '0000111001': 1, '0000011100': 1, '1000000010': 1, '1111001110': 2, '1001000001': 1, '0101011101': 4, '0000000001': 2, '0011111111': 1, '0101110101': 1, '1011011100': 1, '1000110010': 3, '0000110000': 2, '0010110110': 1, '1000110101': 4, '1001101001': 1, '0110101111': 1, '1011110000': 3, '0100101110': 6, '1001101110': 1, '1000001101': 4, '1000110000': 7, '1111101001': 6, '0111011000': 2, '1010000101': 1, '1101110000': 2, '0000010100': 1, '1011000010': 3, '0100010000': 4, '1000010010': 2, '1011111101': 1, '1111011110': 9, '0010111100': 2, '1010110001': 1, '0000100010': 6, '1110010010': 2, '1000110011': 9, '0100100011': 2, '0000001011': 1, '0010101100': 1, '0100000101': 1, '1000010011': 11, '0100110101': 1, '0010010101': 1, '1001111101': 1, '1011010110': 1, '1010111111': 1, '0100100111': 1, '1111010011': 4, '0000101110': 7, '0001010001': 1, '0110010011': 4, '1011000001': 2, '1101101100': 1, '0000101101': 6, '0011011001': 3, '1111011111': 3, '1111101100': 2, '1100111101': 1, '1000101010': 3, '1111111111': 7, '1101110101': 1, '0000110011': 4, '1010101110': 1, '0011100001': 1, '0111001101': 9, '0011110000': 2, '0110000000': 1, '0111000000': 6, '0000101010': 2, '0000011110': 5, '0001110100': 1, '0010001010': 1, '1000001011': 10, '1111101000': 3, '1110011100': 1, '0000111110': 10, '1011100001': 1, '1111001011': 1, '1001100011': 1, '1000111110': 10, '1011000110': 1, '0111101101': 11, '0001111101': 2, '1111100001': 14, '0011010010': 2, '1000101011': 1, '0000110110': 3, '1000011011': 1, '1001110000': 1, '0111100011': 11, '1000110001': 1, '1000100110': 4, '1000111100': 2, '0010011101': 2, '1000011101': 3, '0110011101': 3, '1111100000': 7, '0011000000': 2, '1011011110': 6, '1001010011': 1, '0100100110': 1, '1011001110': 4, '1100001110': 2, '0111110000': 6, '1111000010': 1, '1100101110': 5, '0010111110': 1, '1000100001': 4, '0100110010': 1, '1010001110': 2, '1111110101': 2, '0001110011': 2, '0011110001': 5, '1110011000': 1, '0001010011': 3, '1010101010': 1, '0011110101': 1, '0111101011': 2, '1101111111': 1, '0001110110': 1, '0000010001': 7, '1000000011': 1, '0111011100': 1, '0111101111': 2, '0000110001': 9, '0100001000': 1, '0000111100': 7, '1001110101': 1, '1001110110': 1, '0100000011': 5, '0111111101': 19, '0000000011': 10, '0111111111': 3, '1111010001': 1, '0111110001': 11, '1000011000': 1, '0000010011': 10, '1111011100': 3, '0001001100': 1, '1100010011': 1, '1000111101': 14, '1110111111': 2, '1101011111': 1, '1010101101': 1, '0011111101': 8, '0111011111': 2, '1101000010': 2, '1111101101': 3}","DensityMatrix([[ 0.00099909+0.j        , -0.00140507-0.0012469j ,
                 0.00037372+0.0019068j , ..., -0.00270785+0.00127298j,
                 0.00179899+0.00096889j, -0.00047561+0.00223476j],
               [-0.00140507+0.0012469j ,  0.00353217+0.j        ,
                -0.00290531-0.0022152j , ...,  0.00221944-0.00516972j,
                -0.00373919+0.0008826j , -0.00212017-0.00373641j],
               [ 0.00037372-0.0019068j , -0.00290531+0.0022152j ,
                 0.00377897+0.j        , ...,  0.00141664+0.00564418j,
                 0.00252207-0.003071j  ,  0.00408719+0.00174365j],
               ...,
               [-0.00270785-0.00127298j,  0.00221944+0.00516972j,
                 0.00141664-0.00564418j, ...,  0.00896106+0.j        ,
                -0.00364131-0.00491814j,  0.00413645-0.00545088j],
               [ 0.00179899-0.00096889j, -0.00373919-0.0008826j ,
                 0.00252207+0.003071j  , ..., -0.00364131+0.00491814j,
                 0.00417889+0.j        ,  0.00131079+0.00448518j],
               [-0.00047561-0.00223476j, -0.00212017+0.00373641j,
                 0.00408719-0.00174365j, ...,  0.00413645+0.00545088j,
                 0.00131079-0.00448518j,  0.00522508+0.j        ]],
              dims=(2, 2, 2, 2, 2, 2, 2, 2, 2, 2))","{'1100100001': 1, '1100101001': 1, '1001010010': 1, '0101001110': 1, '1011100000': 1, '1111000010': 1, '0001111111': 1, '1011110001': 1, '0100011000': 1, '1101110100': 1, '1101100111': 1, '1011000001': 1, '0001011000': 1, '0110101001': 1, '1010100000': 1, '0101101110': 2, '0000001111': 2, '1001011000': 1, '0100110011': 1, '1100001100': 1, '1110110000': 2, '0010100000': 1, '1100111101': 1, '1101111100': 1, '1000001011': 1, '0100110001': 1, '0101110110': 1, '0000001010': 1, '0010000000': 1, '1011000110': 1, '1111110110': 2, '0110111110': 1, '0111011100': 2, '1110001101': 1, '0111111111': 3, '1001001010': 1, '1100110101': 1, '0111011011': 1, '1000110101': 1, '1001110101': 2, '1000111010': 1, '1001110100': 1, '0100011110': 1, '1100111011': 1, '1110111100': 1, '1010011101': 2, '1011001011': 1, '1110010000': 2, '0010101111': 1, '1000011011': 1, '0000110110': 2, '1111001111': 1, '0100101000': 1, '0111010001': 2, '0101011001': 1, '1001010001': 3, '1010110100': 1, '0100011011': 1, '0110000000': 2, '0110001110': 2, '0011001101': 1, '0111101101': 6, '0011001100': 1, '1100010010': 3, '0101110100': 1, '1010110010': 1, '0110110000': 2, '0111011111': 1, '0011101110': 1, '0000111010': 1, '1101010111': 1, '0110010010': 1, '1101100011': 2, '1110011010': 1, '1001010000': 2, '1010101100': 1, '0000011110': 3, '1110100000': 1, '1100000110': 1, '0110110101': 2, '0010101101': 1, '1001100001': 1, '1011110110': 1, '1001001101': 1, '1100111111': 1, '1110000001': 1, '0000111000': 2, '1010101111': 1, '1010010101': 1, '0000100101': 1, '1011001110': 1, '1100110110': 1, '0110111101': 1, '1010101001': 1, '1101111110': 1, '0110101101': 1, '0100000001': 1, '1010100110': 2, '0010011011': 1, '1010000100': 1, '1111001000': 1, '0101110000': 4, '0011111111': 1, '0111111100': 1, '0001101101': 1, '0011001000': 1, '0101010111': 1, '0010101010': 1, '0011010000': 3, '1111011100': 2, '1001001001': 1, '0000101010': 1, '0001000011': 1, '0010111001': 1, '1101010110': 1, '1100110011': 1, '0011110110': 1, '1000011110': 4, '0101001000': 1, '0111011000': 1, '1111101001': 3, '1110001000': 1, '1010110011': 1, '1001100101': 1, '0010001110': 2, '0000110001': 1, '1000001000': 1, '1101111101': 2, '0110011000': 2, '1001010111': 1, '1100110000': 2, '0111001011': 2, '0011101000': 1, '1000001010': 1, '0101110101': 2, '1011000011': 1, '0111011001': 3, '0001101110': 2, '0010111101': 2, '0111111011': 1, '0011111100': 1, '0111101000': 1, '0100000011': 2, '1111110100': 1, '1110100001': 1, '0000000010': 2, '1101001111': 1, '0101110010': 1, '0011110101': 2, '0011011011': 2, '1101100000': 1, '0111000100': 1, '1010110111': 1, '1111101011': 2, '0000011111': 1, '1011101110': 2, '1001111000': 1, '1101011100': 2, '0100001010': 1, '1101000100': 1, '1100000010': 1, '1001011110': 2, '1101110011': 1, '0000110100': 5, '1111110101': 1, '0001010001': 2, '0111100001': 2, '1000011111': 4, '1101011001': 1, '0010100001': 1, '0000101000': 1, '0001001010': 3, '0111000001': 1, '0000011011': 1, '0001011101': 3, '1101000011': 1, '0101000001': 1, '1001111110': 1, '0111000011': 4, '0110000001': 1, '1111111000': 1, '1011100011': 5, '1000011000': 4, '1001000001': 2, '1011110111': 1, '1010001110': 4, '1110001011': 1, '0010100011': 5, '1101000110': 1, '0000100001': 3, '0000101001': 1, '1001111010': 1, '1011100001': 3, '1111001101': 1, '1010111110': 2, '1111010110': 1, '1101101110': 2, '0111010000': 2, '1110010001': 1, '0101100000': 2, '0111111110': 1, '1101111001': 1, '0000110011': 2, '1110001010': 1, '1101111111': 2, '0001110110': 1, '0011110011': 2, '0100111101': 6, '0111110110': 1, '1100100110': 1, '1000010110': 1, '0000100010': 3, '1000100001': 1, '0100011001': 2, '1000000011': 2, '0101010011': 3, '1110110001': 1, '0100010011': 4, '1000010000': 1, '0010010000': 2, '1000111001': 2, '1111000011': 4, '0001110011': 3, '1011000000': 2, '1111111001': 3, '0111011101': 4, '0000011101': 5, '0100000010': 3, '0000111001': 6, '0010110110': 1, '1111110011': 2, '0101110001': 2, '0101111101': 5, '0110101110': 3, '0000001000': 3, '0100010001': 1, '0111111000': 1, '0000101101': 4, '1000000001': 2, '1010001011': 1, '1100000001': 5, '0111111001': 2, '1010011000': 1, '1101010001': 1, '0011101111': 1, '0000011100': 5, '0000001110': 2, '0010010011': 1, '0110010011': 4, '1101101101': 2, '1011111110': 5, '1111011101': 2, '0011100011': 3, '1100011001': 3, '0000100011': 5, '1100010000': 5, '0000110010': 4, '1010110000': 1, '1100111100': 3, '1000011100': 2, '1101000000': 1, '0110011101': 5, '1010000010': 3, '1010011110': 1, '1111101100': 1, '0010111110': 2, '1010101011': 1, '1001111101': 2, '0100111100': 1, '1110000010': 1, '0111000110': 3, '0010011101': 2, '1011001001': 2, '1111001001': 4, '1000111100': 2, '0111110001': 4, '1111010001': 5, '0101111111': 2, '0111001010': 1, '1000101000': 1, '1000101110': 7, '1111010101': 2, '0101010000': 3, '1000110111': 1, '0000110000': 4, '1010111101': 7, '0100010000': 2, '1000010010': 1, '0100100010': 2, '1101001001': 1, '0010100010': 2, '0001100010': 1, '1101110010': 1, '0110110011': 1, '0011011110': 1, '1101001100': 1, '1011010000': 2, '0101010010': 2, '0000111100': 3, '1111110001': 3, '1000110000': 4, '1111011110': 1, '1010110001': 2, '1101010011': 1, '1011111101': 5, '0010111100': 2, '0111001100': 1, '0000011010': 1, '1110011101': 1, '0110100000': 2, '1101111000': 1, '0000001001': 1, '0101010110': 1, '1000001110': 4, '1000011101': 14, '1110000011': 1, '0010011110': 1, '1101011110': 2, '1001000101': 1, '0000111110': 9, '0010001101': 2, '0001110001': 2, '1000100000': 1, '1111011000': 1, '1000100011': 8, '1100001001': 1, '1011111111': 3, '0001111101': 1, '1111100001': 7, '0001111110': 1, '1110011110': 2, '0000000001': 2, '0001000010': 1, '0011111101': 4, '0111111101': 17, '0101011101': 1, '0100100110': 1, '0100111110': 3, '0111001101': 2, '1101110101': 1, '1001110001': 1, '0000010000': 3, '0000111101': 12, '1111011111': 1, '0100001101': 2, '0000011000': 3, '0111110100': 3, '1100100000': 1, '0000100110': 1, '0111110101': 2, '1000000000': 3, '0101000011': 4, '1000010011': 8, '1110110011': 2, '0011010011': 1, '0100001110': 1, '1100000011': 3, '1000001101': 1, '1011110000': 1, '0111011110': 1, '1101011101': 3, '1001101110': 5, '1010000001': 3, '0100111001': 1, '0000111111': 3, '0111010110': 2, '0101111110': 1, '0000000011': 3, '0111001110': 3, '1100010011': 2, '1000111101': 16, '1101101011': 1, '1111111111': 4, '0110101010': 1, '0101001001': 1, '1111110111': 2, '0010010001': 2, '0101101001': 1, '1111000000': 3, '1001101101': 1, '0100101101': 4, '0100111111': 1, '0010000011': 5, '1000111110': 10, '1111010000': 2, '1111111110': 3, '0000101011': 1, '0101100011': 4, '1100111110': 2, '0101011110': 1, '0010101110': 3, '0011000000': 1, '1111101101': 3, '1111010011': 6, '1111000001': 4, '0000101110': 5, '1010100100': 1, '1110100011': 1, '1100011100': 1, '0011000011': 8, '0000001100': 2, '0110111111': 1, '0000000111': 1, '1010011010': 1, '0000010011': 8, '1100001010': 1, '1111101110': 3, '1010011100': 2, '1111101111': 3, '1111100011': 7, '1100101110': 4, '0111110000': 3, '1011101111': 1, '0001010010': 2, '0011101101': 1, '1111001010': 1, '0010110001': 3, '1000100010': 4, '0000010001': 3, '0111010011': 8, '0110100001': 1, '1000101111': 1, '1111110010': 1, '0111100000': 9, '1011001101': 1, '1111111100': 3, '0110111000': 1, '0100011101': 3, '0111110011': 4, '1010010000': 1, '0011101001': 1, '0111001000': 1, '0011011101': 6, '1100010001': 2, '0101101101': 3, '1010001000': 2, '0000000000': 2, '0010100110': 1, '0100101111': 1, '1110101011': 1, '0011111011': 1, '1101100001': 1, '1000010001': 2, '0100110110': 1, '0010010010': 1, '1010010001': 3, '0110001011': 1, '0100100011': 5, '1000110011': 5, '0111100011': 11, '0010110011': 2, '1000101101': 4, '1110111101': 2, '0001001110': 2, '1010010111': 1, '0001111100': 2, '1000110001': 4, '1111111101': 8, '1000111111': 4, '1000101010': 1, '1111100000': 8, '1000011001': 4, '0111000000': 6, '0111101001': 2, '1111110000': 3}","DensityMatrix([[ 0.00110577+0.j        , -0.00102647-0.00117319j,
                 0.00027439+0.00159397j, ..., -0.00213145+0.00097823j,
                 0.00138337+0.00075837j, -0.00039523+0.00173937j],
               [-0.00102647+0.00117319j,  0.00331883+0.j        ,
                -0.00252069-0.00193889j, ...,  0.00167874-0.00399236j,
                -0.00289098+0.00070677j, -0.00165042-0.00286854j],
               [ 0.00027439-0.00159397j, -0.00252069+0.00193889j,
                 0.00337121+0.j        , ...,  0.00106931+0.00432456j,
                 0.00195415-0.00236482j,  0.0031574 +0.00135416j],
               ...,
               [-0.00213145-0.00097823j,  0.00167874+0.00399236j,
                 0.00106931-0.00432456j, ...,  0.00817991+0.j        ,
                -0.0029968 -0.00417424j,  0.00357515-0.00469074j],
               [ 0.00138337-0.00075837j, -0.00289098-0.00070677j,
                 0.00195415+0.00236482j, ..., -0.0029968 +0.00417424j,
                 0.00374017+0.j        ,  0.00121051+0.00389091j],
               [-0.00039523-0.00173937j, -0.00165042+0.00286854j,
                 0.0031574 -0.00135416j, ...,  0.00357515+0.00469074j,
                 0.00121051-0.00389091j,  0.00469127+0.j        ]],
              dims=(2, 2, 2, 2, 2, 2, 2, 2, 2, 2))"
data/selected_mutant_qc/mutants_ae_10/ae_10_Mutant_Replace_cx_P70_Q4_[].qasm,Quratest_7,"{'0100010101': 1, '0111000000': 1, '0000011100': 1, '0011100111': 1, '0001111000': 1, '0000101011': 1, '1010010110': 1, '0101111011': 1, '1111111101': 1, '0011101000': 1, '1000011000': 1, '1100100100': 1, '1101000111': 1, '1001011001': 1, '1110110010': 2, '0011010111': 1, '0100101100': 1, '1000111010': 1, '0011010110': 1, '1111111001': 2, '1000100110': 3, '1100010010': 1, '0000001010': 1, '0101000001': 1, '0010011101': 1, '0111100001': 1, '0010101101': 1, '1010101001': 1, '0000000011': 1, '1101000101': 1, '1110010010': 2, '0110101000': 1, '1000110110': 1, '0100001001': 2, '1011000001': 2, '0000101101': 1, '1010110110': 1, '1011010000': 1, '1011001100': 1, '1000001110': 1, '1000001101': 1, '0000001110': 1, '0100011100': 2, '0110110001': 1, '1010100111': 1, '1100101110': 1, '0100001100': 2, '0000101001': 1, '0111101001': 5, '1110110011': 2, '0010000110': 1, '1101010101': 2, '1010011001': 1, '0100111100': 1, '1100111000': 5, '1000111110': 1, '1110000100': 1, '0010000100': 2, '1011011001': 5, '0000111111': 1, '0011111010': 1, '0111100011': 2, '0111111110': 2, '1000110100': 1, '0111111011': 4, '0101001100': 1, '0111011010': 4, '0100110111': 1, '0000010100': 4, '1000011001': 3, '0100110011': 2, '1100001110': 2, '0111111001': 2, '1101010110': 1, '1010001101': 2, '1011100001': 1, '0000110100': 1, '0110101001': 1, '1010111110': 1, '1111001101': 1, '1100000110': 2, '1000000100': 4, '0100010001': 1, '1101101010': 2, '1011000111': 3, '1011011011': 1, '0100000100': 1, '1111110011': 4, '0100001010': 3, '0010000101': 2, '0111111000': 6, '0010100110': 4, '0100101001': 1, '0110000100': 1, '1010000111': 3, '0111111010': 7, '0110110010': 1, '0111010111': 1, '0010001010': 1, '0110000001': 1, '1100100111': 2, '0111110101': 2, '0111011011': 4, '0011001101': 1, '0110011001': 2, '1100000100': 2, '0111011000': 3, '1111101001': 5, '0010011011': 1, '1010000100': 4, '1110011000': 2, '0000100011': 1, '0011111000': 6, '1100011001': 3, '1111000101': 2, '1011001101': 1, '0010010110': 1, '1010100100': 5, '1000100101': 9, '0100011101': 1, '0111110011': 4, '1101010111': 1, '0011101011': 1, '1010000110': 1, '1011100101': 7, '1111010010': 1, '0010010100': 2, '0011000001': 1, '1000000111': 5, '1011100100': 5, '1111010101': 1, '0110110100': 2, '0100010110': 6, '1100110111': 2, '1111011011': 4, '0010000111': 2, '0101011011': 1, '1000010001': 1, '0011000110': 4, '0111100110': 3, '1011011000': 4, '1010001100': 1, '0000010111': 3, '1100000111': 1, '0000110101': 5, '0010100101': 4, '1000111001': 5, '0000110111': 2, '1011110110': 1, '0100100001': 1, '0010010111': 4, '0110110011': 2, '1110111010': 5, '0110111001': 2, '1010010111': 4, '1011000011': 1, '0100110100': 2, '1111001010': 3, '0011110100': 2, '0110011000': 1, '1100001111': 1, '0111001011': 3, '0111001100': 1, '0110111000': 4, '0111010010': 2, '0101101010': 3, '1010100101': 1, '0111111101': 1, '0001010110': 1, '0010001001': 1, '1110101001': 3, '0011011010': 2, '0010001011': 1, '1111101000': 7, '1011010110': 3, '0010010101': 6, '0110110110': 3, '0101000100': 1, '0011011000': 2, '0000011000': 2, '0011111001': 5, '0011000100': 6, '1111101010': 11, '0100111011': 7, '1001000101': 1, '1111101100': 1, '0101100110': 1, '0010011110': 1, '1010011101': 1, '0111110111': 1, '1101111010': 2, '1011010101': 8, '1100101000': 3, '1111111011': 8, '1111111010': 6, '0101101011': 2, '1111010110': 4, '0111010100': 1, '0000000001': 1, '0111101010': 8, '0010001101': 2, '1000110010': 1, '1011011100': 1, '0000111000': 1, '0100111001': 1, '1000011101': 3, '0100011001': 4, '1010010101': 11, '1010110000': 1, '0111011001': 3, '1100111001': 8, '0011011011': 2, '0011110101': 1, '0111101011': 13, '0011111111': 1, '0011001000': 1, '1010100110': 1, '1111011010': 10, '1010000101': 7, '0100101011': 6, '0110011011': 2, '1101111000': 2, '1000101001': 2, '0100110010': 4, '1100101101': 1, '1010010100': 5, '1110111011': 5, '0110100110': 1, '1110101000': 1, '1100001001': 1, '0001011111': 1, '0000010110': 4, '0111110000': 3, '0111010000': 1, '0100010111': 3, '0100011011': 5, '0100011110': 1, '1000100111': 4, '1111100110': 2, '1111101011': 11, '1011001010': 2, '1100001011': 4, '1011010100': 6, '0100010100': 1, '0100100100': 1, '1000010101': 16, '0000100111': 6, '0100010010': 1, '1101011010': 1, '0011101101': 1, '1011000101': 12, '0011100101': 2, '1111110010': 10, '0111110110': 1, '1000010110': 6, '0110101011': 2, '0000111001': 2, '1111000110': 1, '0000010101': 4, '0011111011': 3, '1111010001': 1, '0111110001': 1, '0010011001': 3, '0101011010': 1, '1100001000': 1, '0101011001': 1, '1111111000': 3, '1111001011': 4, '1011010111': 4, '0011000010': 1, '0010011000': 2, '1011110101': 1, '1100001010': 3, '1011110111': 1, '0000100101': 14, '0100101000': 2, '0000100100': 5, '0010100100': 1, '1011100111': 1, '0100000111': 3, '0010011111': 1, '0000101000': 1, '1000011111': 2, '1000110101': 2, '1100100101': 3, '0000000101': 4, '0011010100': 6, '1000100100': 5, '0100110110': 3, '0011010101': 3, '0011011001': 8, '1011111111': 1, '0000000100': 5, '0100011000': 7, '1100011000': 7, '1000000011': 1, '1111011000': 2, '1111100101': 1, '1011011101': 1, '1110111001': 3, '1011001011': 1, '0000000111': 3, '1111011001': 5, '0100101010': 11, '0000111100': 1, '0011011110': 3, '0111110010': 5, '0010111001': 1, '0011000101': 11, '0100000110': 2, '1100101011': 10, '1100110001': 1, '1111000111': 1, '0110101010': 2, '0100111010': 3, '0011000111': 7, '1111110110': 2, '0000100110': 4, '0100111000': 1, '1100100000': 1, '0000101010': 2, '0011010011': 1, '0100001011': 2, '1000001111': 1, '1100111011': 9, '1111110001': 1, '0110111010': 7, '0000111011': 1, '0100100111': 2, '1111010011': 3, '1100100001': 1, '1000000101': 3, '1110101011': 4, '0000011001': 2, '1100110011': 4, '0000110110': 6, '1101101001': 2, '1100101001': 5, '0111100100': 1, '1100011011': 9, '1000010100': 9, '0100110101': 2, '0111110100': 2, '1100011010': 10, '0011000000': 1, '1011111001': 3, '1111000100': 1, '1010011100': 1, '1100101010': 9, '1100100110': 1, '1011000100': 10, '1100100011': 1, '1111110111': 2, '1000010111': 3, '1011000110': 7, '1100111010': 5, '0110111011': 4, '0100000010': 1, '0000011101': 4, '1100010100': 1, '0100011010': 8}","DensityMatrix([[ 2.65854597e-04+0.00000000e+00j,
                 2.91001256e-04-4.03888995e-05j,
                -2.17431826e-04+1.59249475e-04j, ...,
                -7.52950839e-05+2.45137524e-04j,
                -3.21539518e-05-2.70668466e-04j,
                -7.08756710e-05-2.21461574e-04j],
               [ 2.91001256e-04+4.03888995e-05j,
                 3.24662409e-04+0.00000000e+00j,
                -2.62191612e-04+1.41280103e-04j, ...,
                -1.19658637e-04+2.56885690e-04j,
                 5.92489692e-06-3.01155319e-04j,
                -4.39349936e-05-2.53176688e-04j],
               [-2.17431826e-04-1.59249475e-04j,
                -2.62191612e-04-1.41280103e-04j,
                 2.73220757e-04+0.00000000e+00j, ...,
                 2.08420580e-04-1.55385678e-04j,
                -1.35835599e-04+2.40629424e-04j,
                -7.46912522e-05+2.23579763e-04j],
               ...,
               [-7.52950839e-05-2.45137524e-04j,
                -1.19658637e-04-2.56885690e-04j,
                 2.08420580e-04+1.55385678e-04j, ...,
                 2.47359857e-04+0.00000000e+00j,
                -2.40469653e-04+1.06306775e-04j,
                -1.84130546e-04+1.28074724e-04j],
               [-3.21539518e-05+2.70668466e-04j,
                 5.92489692e-06+3.01155319e-04j,
                -1.35835599e-04-2.40629424e-04j, ...,
                -2.40469653e-04-1.06306775e-04j,
                 2.79458379e-04+0.00000000e+00j,
                 2.34043714e-04-4.53742176e-05j],
               [-7.08756710e-05+2.21461574e-04j,
                -4.39349936e-05+2.53176688e-04j,
                -7.46912522e-05-2.23579763e-04j, ...,
                -1.84130546e-04-1.28074724e-04j,
                 2.34043714e-04+4.53742176e-05j,
                 2.03376545e-04+0.00000000e+00j]],
              dims=(2, 2, 2, 2, 2, 2, 2, 2, 2, 2))","{'1111010111': 1, '1001110100': 1, '1001101000': 1, '1110011000': 2, '0101001110': 1, '0101001010': 1, '0111001000': 1, '0100100100': 1, '0101010111': 1, '0101100111': 1, '1111010100': 1, '1110001100': 1, '0111100110': 1, '0100011110': 1, '0011000010': 1, '0100011111': 1, '0011100000': 1, '0110101001': 1, '0011001100': 1, '1110100101': 1, '0100001000': 1, '0010011000': 1, '1110011011': 2, '0011001111': 1, '1001111000': 1, '0110111001': 1, '0111111111': 1, '0001111001': 1, '1001101001': 1, '0001100111': 1, '1000001000': 1, '0000110001': 1, '0110101100': 1, '0100011001': 1, '0111110111': 1, '0001011000': 2, '1000100001': 1, '0000000110': 5, '0000001100': 1, '0001111011': 1, '0101101010': 3, '0001100100': 1, '1011011110': 1, '1011100100': 1, '0011011011': 1, '0100010101': 1, '1011110111': 1, '1101101000': 1, '1000011100': 2, '1111001011': 5, '0100110000': 1, '1100010110': 1, '1000111100': 1, '1011001001': 1, '1111001001': 1, '1100101000': 2, '0100100110': 2, '0110010111': 1, '1001010100': 1, '0011101000': 1, '0000011101': 2, '0100100111': 2, '0100001100': 1, '0010101001': 1, '0011011111': 1, '0011011000': 5, '0001011001': 1, '1000110110': 1, '0011010110': 1, '1000011010': 1, '1110110010': 5, '1100000110': 2, '1100010101': 1, '1011110000': 1, '1000001101': 1, '0000101010': 5, '1000010100': 6, '0001000011': 1, '0000101001': 1, '1011101110': 1, '1001000111': 1, '1100110001': 1, '1111110101': 3, '0000110100': 1, '1010100111': 1, '1101100011': 1, '1110011010': 3, '0110101111': 1, '0110100001': 1, '0110001001': 1, '0111011011': 3, '1100111110': 1, '1111011011': 3, '1011011111': 1, '0010101010': 1, '1011000111': 2, '1100110011': 2, '1001011000': 1, '0101000110': 1, '1010010111': 2, '1011111111': 1, '0101111001': 1, '1110011110': 1, '0101000101': 1, '1100110111': 1, '0100010110': 1, '1011101101': 1, '1010101011': 2, '1100000100': 2, '1010110001': 1, '1100101011': 8, '1101111011': 1, '0100110101': 1, '1010010101': 4, '1101011011': 1, '0010111101': 1, '1110111000': 1, '1000110000': 1, '1111011110': 1, '1011010001': 2, '1010101000': 1, '0100111010': 4, '0100000100': 2, '1111110011': 2, '0100101001': 2, '0111110010': 3, '0001011011': 1, '0101100100': 2, '0001110110': 1, '1101111001': 1, '0110000001': 1, '1010000100': 2, '1000010101': 4, '1000011011': 1, '0111110001': 1, '0000000100': 2, '1111100001': 1, '1110111011': 2, '0000111010': 1, '1101010111': 1, '1110001110': 1, '0111111001': 3, '1010011000': 3, '1010000011': 1, '0011100111': 2, '1011111001': 3, '0000011010': 2, '1100111010': 6, '0011001011': 1, '0011111001': 4, '0000011000': 4, '1101001011': 1, '0110001011': 2, '1010011010': 1, '0000010011': 1, '1010011001': 2, '1100001010': 1, '1110100011': 1, '1011111100': 1, '1101100101': 1, '0001100101': 1, '1000000100': 3, '1111111101': 2, '0001001100': 1, '1001100101': 1, '0010001100': 1, '1110101000': 1, '0111000110': 2, '0010011101': 1, '0100111001': 4, '0000010110': 6, '0100000110': 3, '1000100000': 2, '0111111010': 6, '0011000100': 8, '0000101000': 1, '0010011111': 1, '1111011000': 3, '0000111110': 1, '0010001101': 1, '1110110011': 2, '0111011010': 3, '1000101001': 3, '0000100111': 5, '1000000101': 3, '1101110011': 1, '0111100111': 3, '0111010011': 2, '0011011010': 2, '1110101001': 1, '1111011001': 4, '0000010101': 7, '0000000111': 3, '0000110111': 1, '0100010011': 1, '1000111001': 4, '0111100011': 1, '0101101000': 1, '1101101010': 1, '0101001011': 3, '0010000111': 1, '1111100010': 1, '0011010111': 2, '0101101001': 1, '1111000101': 2, '1001000100': 2, '1101101001': 2, '1000101011': 1, '0100011011': 10, '0100010111': 3, '1101101011': 6, '0001000101': 3, '0110111011': 2, '0110111111': 2, '1011010110': 5, '1000100111': 2, '0010000001': 1, '1011000100': 9, '1111101110': 2, '1011111011': 2, '1011000101': 8, '0111010001': 1, '0110100111': 1, '1011010100': 2, '1000001100': 3, '0100101011': 2, '0111011000': 2, '1111101001': 3, '0100000011': 1, '1100011010': 12, '1111110100': 1, '0111111011': 3, '1100111001': 4, '0111101000': 4, '0010010011': 1, '0101111010': 2, '0011010101': 3, '0110011001': 4, '1110111010': 1, '0010100100': 4, '1111101010': 12, '0000100100': 5, '1000000001': 4, '0110101010': 8, '0101001001': 2, '0010000101': 3, '0111111000': 4, '0101001111': 1, '1010001010': 1, '0001010010': 1, '1011000110': 3, '0110110010': 4, '1000011110': 2, '0110101000': 1, '0010101100': 1, '0100000101': 4, '0001101000': 1, '1100001011': 1, '1011010111': 3, '0101101011': 2, '1011101011': 1, '0111011001': 2, '1011011100': 1, '1000110111': 2, '0111101101': 1, '1010000110': 1, '1111010000': 1, '0111100001': 1, '1011100101': 3, '0100111111': 2, '1000010111': 3, '0010100111': 1, '1111101000': 5, '0000010100': 6, '0011000101': 12, '0100111011': 4, '1101111010': 1, '1001101011': 1, '0111101011': 6, '0100110110': 3, '0101110011': 3, '1000100100': 7, '0010110011': 1, '1011001011': 1, '1011011101': 1, '0111101001': 2, '0011011100': 2, '0011101001': 1, '0001010101': 1, '0000001011': 1, '0100110010': 3, '1011110110': 2, '0010101101': 1, '0111100101': 1, '1000100101': 5, '0101011000': 1, '1010100100': 3, '1000111101': 1, '0111001111': 1, '1100111000': 6, '1011011000': 3, '1011001101': 3, '0010010110': 3, '1111010101': 1, '0010110110': 1, '0000000101': 4, '1000110101': 2, '0110111000': 2, '0100011101': 1, '0111110011': 4, '1111111110': 1, '0110111100': 1, '1101000100': 2, '0000011001': 3, '0000101111': 1, '1011001100': 2, '1110100111': 2, '1011111101': 1, '1101010011': 2, '0110011011': 1, '0100000001': 1, '0100100010': 1, '0101111011': 1, '1111000111': 3, '1001100100': 1, '1000100110': 2, '1100111011': 3, '1000001111': 1, '1010000000': 2, '0101100110': 1, '0010011110': 2, '0110110011': 2, '1101110010': 2, '1001000101': 3, '1111101100': 1, '1010010110': 1, '0000110110': 2, '0000111100': 1, '0010011010': 1, '1100100010': 1, '1010000111': 5, '1010010100': 4, '0110001000': 1, '1111100100': 1, '0000010111': 1, '0010100110': 1, '0100101111': 1, '1100110110': 2, '0000100101': 5, '0000010010': 1, '1000011001': 3, '1100111111': 2, '0011000111': 4, '1100101001': 1, '0111001010': 3, '1011010011': 1, '0101000111': 3, '0100101010': 6, '0111111110': 2, '1001001110': 1, '1100000101': 3, '0011110100': 1, '1111001010': 1, '0011000110': 2, '0010000100': 1, '1001111011': 1, '0011100110': 3, '1011011001': 4, '0010011001': 4, '0101011011': 1, '1011100011': 1, '0111010101': 3, '1100001000': 1, '1111111000': 3, '1001011111': 1, '0010111000': 1, '0000111000': 1, '1010110101': 1, '1111111001': 7, '0100110011': 3, '0010101000': 2, '1001010111': 2, '1100110000': 1, '1100100111': 2, '0110000100': 1, '0111110101': 3, '1100011011': 7, '0010011011': 1, '0110001010': 3, '0100101100': 1, '1100011000': 1, '1010100110': 4, '1111011010': 2, '1100100101': 1, '1010000101': 7, '1111110010': 2, '0011100101': 6, '1111110110': 2, '1111111011': 6, '1111111010': 6, '0010010101': 5, '1100011110': 1, '1011010101': 2, '0111000101': 4, '1001001101': 1, '0010010111': 3, '1111100111': 1, '0011010100': 4, '1011111110': 1, '1100100000': 1, '0000100110': 2, '1100001100': 1, '1010101100': 1, '0000111001': 5, '0111110110': 3, '1100100110': 1, '1000010110': 2, '0110101011': 1, '1110011001': 3, '0100001011': 3, '0111100100': 1, '1100101010': 5, '1100011100': 1, '0000110101': 2, '0011111110': 1, '1101010010': 1, '0010111011': 1, '0011111011': 1, '1000110100': 1, '1010100101': 5, '0110011010': 1, '1100010100': 1, '0100011010': 8, '0101110010': 2, '1111100110': 1, '0111010010': 1, '1111101011': 10, '0011011001': 2, '1010010010': 2, '1110101010': 8, '0011101010': 2, '0110011000': 2, '0110101110': 1, '1000000110': 1, '0010110111': 1, '0000100011': 1, '1100011001': 3, '0011100011': 2, '0101111100': 1, '0001010111': 1, '0111110100': 1, '0011111000': 2, '1100000111': 1, '0111101010': 8, '0100100000': 1, '0100001010': 5, '1100101110': 1, '1111000100': 1, '0100110100': 2, '0010101011': 1, '1000011000': 3, '1100100100': 1, '0011110000': 1, '0110000000': 1, '1001011010': 1, '0100111100': 1, '0010010100': 3, '0100011000': 4, '0110111010': 3, '1011101010': 2, '0000101011': 2}","DensityMatrix([[ 3.34622112e-04+0.00000000e+00j,
                 3.59598203e-04-4.16673668e-05j,
                -2.31349012e-04+1.55629071e-04j, ...,
                -5.66763590e-05+1.81110997e-04j,
                -3.34566164e-05-1.99079682e-04j,
                -6.06376729e-05-1.59533424e-04j],
               [ 3.59598203e-04+4.16673668e-05j,
                 3.98372015e-04+0.00000000e+00j,
                -2.71862552e-04+1.37305151e-04j, ...,
                -9.11971315e-05+1.89600379e-04j,
                -1.70010909e-06-2.19587850e-04j,
                -4.03508868e-05-1.82627249e-04j],
               [-2.31349012e-04-1.55629071e-04j,
                -2.71862552e-04-1.37305151e-04j,
                 3.25029214e-04+0.00000000e+00j, ...,
                 1.56342339e-04-1.12978329e-04j,
                -9.54726015e-05+1.83214232e-04j,
                -4.91411546e-05+1.66618782e-04j],
               ...,
               [-5.66763590e-05-1.81110997e-04j,
                -9.11971315e-05-1.89600379e-04j,
                 1.56342339e-04+1.12978329e-04j, ...,
                 3.10113602e-04+0.00000000e+00j,
                -2.95602089e-04+8.73813520e-05j,
                -2.40109328e-04+1.09171363e-04j],
               [-3.34566164e-05+1.99079682e-04j,
                -1.70010909e-06+2.19587850e-04j,
                -9.54726015e-05-1.83214232e-04j, ...,
                -2.95602089e-04-8.73813520e-05j,
                 3.67241022e-04+0.00000000e+00j,
                 3.16565829e-04-4.48207944e-05j],
               [-6.06376729e-05+1.59533424e-04j,
                -4.03508868e-05+1.82627249e-04j,
                -4.91411546e-05-1.66618782e-04j, ...,
                -2.40109328e-04-1.09171363e-04j,
                 3.16565829e-04+4.48207944e-05j,
                 2.85587488e-04+0.00000000e+00j]],
              dims=(2, 2, 2, 2, 2, 2, 2, 2, 2, 2))"
data/selected_mutant_qc/mutants_ae_10/ae_10_Mutant_Replace_cx_P70_Q4_[].qasm,Quratest_8,"{'0000000100': 1, '0111010011': 1, '0001000011': 1, '1010010110': 1, '0010101111': 1, '0001101110': 1, '1110100100': 1, '0110111011': 1, '0010111011': 1, '0000000110': 1, '1001100000': 1, '1011101000': 2, '0011000101': 1, '1010001000': 1, '1111000100': 1, '1001101101': 1, '1010110001': 1, '0100101010': 2, '1111001101': 1, '1101100000': 1, '1100000000': 1, '0001011011': 2, '1000001100': 1, '0101001100': 1, '0001001000': 1, '1010111000': 6, '1010101010': 2, '1110111101': 1, '1010001100': 2, '0101001011': 1, '1110011010': 1, '0110101111': 2, '1101100011': 1, '1110100011': 4, '1110101011': 3, '0110010000': 1, '0110101011': 1, '1110011110': 1, '0001000010': 2, '0101011101': 1, '0010110001': 2, '1111001010': 2, '0011000111': 2, '1101001101': 2, '0110111101': 9, '1110111110': 6, '1010101001': 1, '1010110110': 4, '1101011100': 2, '0111011111': 1, '1110110000': 2, '1111010011': 1, '0110101100': 2, '0011011011': 1, '0111001100': 1, '1001001100': 7, '1000000100': 1, '1011111100': 1, '0010110010': 1, '1101100101': 1, '1001110000': 1, '0001101011': 2, '0110001001': 3, '0110100001': 2, '1001010111': 4, '0111001011': 1, '1000001010': 1, '1010100110': 1, '1110101100': 2, '1110000011': 9, '0010000100': 7, '0110010101': 1, '1100110001': 2, '1010100111': 1, '0010111110': 2, '0010010100': 2, '0011100111': 2, '1011111001': 2, '1011011000': 1, '1011001101': 1, '1001001011': 2, '0010010001': 1, '1011101001': 1, '0110000110': 1, '0100011100': 2, '1110000100': 1, '1001011011': 1, '0010000111': 2, '0011010111': 4, '1111100010': 1, '0001111010': 2, '1011101011': 1, '0001000101': 1, '1001110111': 8, '1001101100': 2, '1110110100': 2, '0100110010': 2, '0010011010': 1, '0110000011': 3, '0000000111': 1, '1011000111': 1, '1100110011': 3, '0011110110': 1, '1111010010': 5, '1111010101': 1, '0100110101': 1, '1001001010': 4, '1100111010': 2, '1010001001': 3, '0110000000': 5, '1110000000': 1, '0101010010': 2, '1101001100': 1, '1011010111': 1, '1111001011': 2, '1000010001': 1, '0100100000': 1, '1001011001': 1, '1110110111': 2, '0011101010': 1, '1101000100': 1, '1100000010': 1, '0110100010': 3, '0001001111': 5, '0100001010': 1, '1010000011': 1, '1101010001': 2, '1101001110': 1, '0111001000': 1, '0110011011': 1, '0100101011': 1, '0011101000': 2, '1110001001': 1, '0101011010': 2, '1101010111': 1, '0000111010': 1, '0001001100': 2, '0101101010': 1, '0110001111': 5, '0100110001': 1, '1010101000': 1, '0100000101': 1, '1111111110': 1, '1101011111': 1, '1101110100': 1, '1110111111': 4, '0011110001': 1, '0101111111': 1, '1100001100': 3, '1101101100': 1, '0111000001': 1, '1101100001': 1, '0011000110': 2, '0010111001': 2, '0001110101': 2, '1011001011': 2, '0110110100': 3, '1010000100': 3, '1101110111': 1, '0011001011': 1, '0110010011': 4, '0101100010': 2, '1110110001': 5, '0101010011': 2, '0000101000': 1, '0101001010': 8, '1010111010': 3, '0101101101': 1, '1001010110': 13, '1010001011': 5, '1101010011': 3, '0011010100': 1, '1011011101': 1, '0111010010': 1, '0001111000': 2, '1010110111': 7, '1111101011': 1, '0110001100': 1, '1001011111': 1, '0100010010': 1, '1001011010': 2, '0100111100': 3, '1110000010': 7, '0010111000': 5, '0111101010': 1, '0110011101': 1, '1001000101': 1, '0110110011': 9, '1101110010': 2, '0001100110': 4, '1101011110': 3, '0010011110': 2, '1011010110': 6, '0001110011': 3, '1001011101': 1, '0100001101': 2, '0110100000': 3, '0010101011': 1, '1110100000': 1, '1011100100': 4, '1001110101': 1, '1110110010': 12, '0010001111': 4, '0110110101': 5, '0010110101': 3, '0011001101': 1, '0110001110': 5, '1101010010': 2, '0110010110': 1, '0110001000': 2, '1011001010': 2, '1001100100': 4, '0000111001': 2, '0001000110': 7, '1110001000': 2, '1010110011': 1, '1110001100': 8, '1101110101': 1, '0010000110': 3, '0110101010': 5, '0010000101': 5, '1100001110': 1, '1100110100': 1, '1111001110': 1, '0010001100': 1, '0100000000': 3, '1110101111': 4, '0101110011': 1, '1110001101': 4, '1001100110': 5, '1100001101': 4, '1100101110': 2, '1011011010': 3, '0001101010': 1, '0001011100': 2, '0110100011': 1, '1010111001': 6, '0001001110': 10, '1010100001': 1, '0101100011': 1, '1100111110': 1, '0011111000': 2, '0101111100': 4, '0001010111': 5, '0001110111': 2, '0111000011': 2, '0001110110': 5, '1110001010': 15, '1101111111': 1, '0110011110': 1, '0101110010': 3, '1101001111': 1, '0110110010': 12, '1011000110': 2, '0101001111': 2, '1010001010': 6, '0011011100': 1, '1010010011': 1, '0101000000': 2, '1010101011': 2, '0010010101': 1, '1001111101': 2, '1110111010': 2, '0001100010': 2, '1101100100': 1, '1010101110': 3, '0111001101': 1, '1110101101': 4, '1001010101': 1, '0100111101': 2, '0010011001': 1, '0001100111': 2, '0010110100': 6, '1110111011': 1, '0101111101': 5, '0110101110': 1, '0101001110': 3, '0101000011': 3, '0001010101': 5, '1001001110': 3, '1010011001': 1, '1101010101': 1, '1110011111': 1, '0010001000': 5, '1110110011': 4, '0001001001': 1, '0000001100': 1, '0100001111': 1, '0001000100': 4, '0100011101': 1, '1110000110': 2, '0101101111': 2, '1001101110': 2, '1101011101': 2, '0111010001': 1, '1100100010': 1, '1110001111': 1, '0001111011': 2, '1000110111': 1, '0011001111': 1, '1001100111': 4, '1111000011': 1, '0101000010': 3, '0001111111': 2, '0110000001': 10, '0001101100': 1, '0000000101': 1, '1001001000': 1, '1100100101': 1, '1010000101': 2, '0010110110': 7, '0100000001': 5, '0110101101': 3, '0100100011': 2, '1101001011': 3, '0110001011': 6, '1000111000': 2, '1100111011': 1, '0001010110': 6, '0100000011': 1, '1001110110': 9, '1001011110': 1, '1000000101': 1, '1101110011': 1, '1100101001': 1, '0111001010': 3, '1000101000': 1, '0010101010': 1, '1001001001': 1, '0101100101': 1, '1010100100': 1, '1110001011': 7, '0100100010': 1, '1101010000': 2, '1110010011': 5, '0110010010': 9, '1010111100': 3, '1001000111': 2, '1011101110': 1, '1001111000': 8, '0010001011': 1, '0000100011': 1, '0010110111': 3, '1001000110': 2, '1100000011': 3, '1011110000': 1, '1001010100': 4, '0101000001': 2, '1101000011': 5, '1001011100': 2, '1011100110': 2, '0001001010': 1, '0011010110': 3, '0100001100': 1, '0101010001': 2, '1100100011': 1, '0001001101': 1, '0101100000': 1, '0100110011': 5, '1001001101': 3, '1011110110': 2, '0110111100': 6, '1110000101': 3, '1100110101': 2, '0010001110': 2, '1010000000': 1, '0100001110': 1, '0110000010': 3, '0110100100': 1, '1110010110': 2, '1010101100': 1, '0010111010': 3, '1001111010': 2, '1001110001': 1, '0011011001': 1, '0010001001': 2, '0101101100': 2, '1110111100': 4, '0101110000': 2, '0010101110': 1, '0101011110': 2, '0011110010': 1, '0001000111': 1, '1011010101': 1, '1101001010': 7, '0000111110': 1, '0010001101': 1, '1110010010': 10, '0001111001': 3, '1011110111': 2, '1001101001': 2, '1110110101': 5, '0010000011': 1, '0001101111': 2, '0001110100': 2, '0010000010': 1, '1101111110': 1, '1110100010': 3, '0001011101': 1, '0010110000': 2, '1010001101': 3, '1100111100': 1, '1110101110': 5, '1001001111': 9, '0110010001': 1, '0110001101': 2, '1010110101': 2, '1000111010': 1, '0110001010': 7, '0101100001': 1, '0000011001': 2, '1010110100': 1, '1010111011': 4, '0000000010': 1, '1000110100': 1, '1110100001': 2, '1000011001': 1, '0110011010': 1, '1110110110': 3, '1001111001': 6, '1010001111': 1, '0010011000': 5, '1100110110': 1, '1011001110': 1, '1010011111': 2}","DensityMatrix([[ 2.49140800e-05+0.00000000e+00j,
                 2.34143979e-05-5.35854518e-06j,
                 2.67336354e-05+4.87366506e-05j, ...,
                -1.14564739e-05-2.61475103e-05j,
                -4.03131085e-06+8.23334232e-05j,
                -4.37385238e-06+7.70725072e-05j],
               [ 2.34143979e-05+5.35854518e-06j,
                 2.31575092e-05+0.00000000e+00j,
                 1.46420993e-05+5.15528859e-05j, ...,
                -5.14302851e-06-2.70376528e-05j,
                -2.14970043e-05+7.65103737e-05j,
                -2.06874038e-05+7.14924599e-05j],
               [ 2.67336354e-05-4.87366506e-05j,
                 1.46420993e-05-5.15528859e-05j,
                 1.24024181e-04+0.00000000e+00j, ...,
                -6.34426506e-05-5.64611820e-06j,
                 1.56734011e-04+9.62325041e-05j,
                 1.46075106e-04+9.12574424e-05j],
               ...,
               [-1.14564739e-05+2.61475103e-05j,
                -5.14302851e-06+2.70376528e-05j,
                -6.34426506e-05+5.64611820e-06j, ...,
                 3.27101419e-05+0.00000000e+00j,
                -8.45557784e-05-4.20910368e-05j,
                -7.88768943e-05-4.00313606e-05j],
               [-4.03131085e-06-8.23334232e-05j,
                -2.14970043e-05-7.65103737e-05j,
                 1.56734011e-04-9.62325041e-05j, ...,
                -8.45557784e-05+4.20910368e-05j,
                 2.72739112e-04+0.00000000e+00j,
                 2.55408818e-04+1.98325624e-06j],
               [-4.37385238e-06-7.70725072e-05j,
                -2.06874038e-05-7.14924599e-05j,
                 1.46075106e-04-9.12574424e-05j, ...,
                -7.88768943e-05+4.00313606e-05j,
                 2.55408818e-04-1.98325624e-06j,
                 2.39194141e-04+0.00000000e+00j]],
              dims=(2, 2, 2, 2, 2, 2, 2, 2, 2, 2))","{'1100110111': 1, '1000110110': 1, '0101101100': 1, '1010000110': 1, '1101101011': 1, '1000110000': 1, '1110110111': 1, '0001100000': 1, '1011101100': 1, '0101011010': 1, '0000110110': 1, '0000101010': 1, '1101010000': 1, '0110010000': 1, '1000011111': 1, '0100111000': 1, '1100101000': 1, '1100010001': 1, '1010010011': 1, '1001011100': 2, '1110001110': 1, '0010011001': 1, '0111101111': 1, '1100111101': 1, '0001011001': 1, '0111101010': 1, '0101101101': 1, '0110001000': 1, '1001000000': 1, '0111001100': 1, '1101001001': 1, '0000011011': 1, '1000110111': 1, '0101110010': 1, '1101011011': 1, '0110001100': 1, '0111111001': 1, '0000001010': 1, '1110101110': 1, '0111001010': 2, '1101100111': 1, '0000001100': 1, '1110110101': 1, '0011000011': 1, '1100111000': 1, '0111010011': 2, '1111001100': 1, '1000010110': 1, '1011111011': 2, '0010100010': 1, '1001000100': 1, '1110011110': 1, '1101101010': 1, '0100111010': 1, '1111010001': 1, '0100101100': 2, '1101010101': 1, '1101111011': 1, '1101001010': 2, '1111001111': 1, '1001010100': 1, '1101101110': 1, '1010010001': 1, '0011001011': 1, '0000000100': 1, '1000101010': 1, '1011000101': 1, '0101100100': 1, '0100001111': 1, '0000100111': 1, '1101100001': 1, '1011111010': 1, '0001110000': 2, '1100100001': 1, '0011000100': 1, '1101011001': 1, '0100101101': 1, '1001101101': 1, '1011001111': 1, '0110011100': 2, '0100110100': 2, '1100100010': 1, '0001101111': 1, '0100110001': 1, '1010101000': 2, '0101011110': 1, '1011011001': 1, '1000001100': 1, '0101001100': 2, '0001110101': 2, '0110111111': 1, '0000001101': 1, '0001110100': 2, '0110000011': 1, '0010011010': 2, '1100010110': 1, '1000111100': 1, '1001100010': 2, '0001100111': 3, '1100110011': 2, '1101010110': 1, '1011000111': 1, '0001000110': 4, '0011001101': 1, '0010110101': 2, '0110001110': 2, '1001101011': 2, '1011101000': 1, '0110010010': 5, '0011001001': 1, '1110000001': 1, '1101101100': 1, '1100001100': 4, '1000001010': 1, '0100110010': 5, '1000001101': 2, '1001101110': 2, '0001001110': 3, '0101111000': 2, '1001011111': 1, '0001101101': 1, '0011001000': 1, '1011000010': 1, '0000111010': 1, '0001011110': 1, '0010101111': 1, '0100000000': 4, '0010001100': 1, '1011011010': 1, '1100001101': 2, '1100101110': 2, '0010000011': 1, '0011000111': 4, '1101001101': 3, '0001100101': 1, '1001001100': 3, '0000011010': 1, '1110011101': 1, '1110101100': 1, '0010110010': 3, '1101100101': 1, '1010010101': 1, '1010101111': 1, '1110101111': 2, '1100101011': 1, '0011100001': 1, '1010101110': 2, '0001101001': 1, '1010110001': 2, '0001110010': 1, '1001001111': 6, '0011011111': 2, '0101110101': 1, '1011000011': 1, '1010110101': 1, '0110100100': 1, '1110100111': 1, '1011001100': 1, '0001000001': 1, '0010101110': 2, '0001010010': 2, '1011101111': 1, '1010001010': 1, '0101001111': 4, '1100111001': 1, '0011001100': 2, '0001101100': 2, '0100101010': 1, '1011100001': 1, '0001011010': 4, '1110010000': 3, '1000100110': 3, '1000110001': 1, '0110110000': 1, '1100110000': 1, '1010111111': 2, '1001010111': 6, '0111001011': 2, '0101110011': 2, '1001111000': 2, '1010000001': 1, '1010010111': 1, '0001111100': 1, '0000111111': 1, '1111100101': 1, '0000110001': 1, '1000000011': 1, '1111000000': 1, '0100001101': 1, '1001101111': 3, '0110100000': 2, '1111010011': 1, '0010110001': 2, '1111001010': 2, '0000111001': 1, '1101011010': 2, '1001011010': 1, '0100111100': 5, '1110000010': 4, '0100010010': 1, '0100001110': 2, '1010000000': 2, '1000001111': 4, '1110110011': 2, '0001001001': 3, '0010001000': 2, '0110110010': 11, '1011000110': 2, '0011100111': 1, '1011111001': 1, '1011011000': 2, '1100000011': 1, '1010000010': 3, '1101000000': 1, '0110011101': 2, '1010001110': 1, '1011110111': 3, '1101111100': 1, '0011001111': 4, '1001100111': 2, '0110111110': 1, '0110101100': 3, '0100000001': 1, '0010110110': 2, '0110011111': 3, '0010101001': 3, '1101010011': 3, '1001101000': 2, '1011010110': 2, '0001110011': 2, '1000000110': 1, '0011110001': 1, '0111011101': 1, '1000001001': 1, '1111011011': 1, '1011101001': 1, '1101110011': 1, '1001011110': 1, '1001101010': 2, '0010010010': 1, '0001100110': 5, '1011101101': 1, '0110100110': 1, '0110111100': 3, '1001110010': 1, '1101000100': 1, '1100000010': 3, '0100001010': 1, '0001001111': 6, '1010110110': 5, '1101111111': 3, '1110001010': 10, '0000110011': 1, '0000100110': 2, '0001101010': 1, '0001011100': 3, '0001000101': 2, '1001101100': 2, '1110110100': 1, '0010010011': 1, '0000001110': 3, '0110000101': 2, '1110101101': 4, '1011010010': 1, '1110010011': 5, '1010000011': 1, '1010011000': 2, '0110000110': 2, '1001000011': 1, '1110101011': 2, '1010110100': 2, '0001110001': 1, '1010111011': 2, '1010100100': 1, '1000100101': 1, '0000110010': 1, '1010110000': 1, '0001010110': 4, '0010111001': 3, '1001100110': 2, '1010111000': 3, '0001001000': 1, '1101011000': 1, '1000011101': 2, '0010000100': 2, '1110000011': 4, '1110101010': 3, '0010001001': 4, '1001111100': 1, '0111010100': 1, '1011110110': 1, '1001001101': 5, '1001111001': 3, '1001001010': 8, '0100110101': 1, '1110110110': 3, '0110001010': 6, '0010011011': 1, '0100100000': 1, '1011001010': 2, '0001100011': 2, '0101001110': 3, '1001001110': 5, '0011101001': 3, '0001010101': 1, '1010001101': 3, '0001000100': 2, '1010001011': 1, '1001010110': 8, '0100011110': 3, '0110110011': 5, '1101110010': 4, '0010111110': 2, '1111101100': 2, '0010011110': 1, '1101011110': 2, '1111111100': 1, '0001111011': 1, '1110001111': 3, '1011011101': 1, '1101110110': 1, '1010001100': 4, '1110111101': 2, '1010101001': 3, '0110111101': 3, '1001010101': 1, '0100111101': 1, '1110110001': 3, '0101010011': 3, '0110011011': 1, '0010000111': 1, '0011010111': 4, '1110001000': 3, '0111000110': 1, '1010111001': 2, '1110010001': 1, '1110010010': 9, '0001010111': 6, '0101111100': 2, '0011111000': 2, '1110110010': 5, '0010001111': 3, '1110001011': 2, '0010100011': 1, '0010100111': 2, '0010001011': 1, '1110001100': 2, '1100110110': 2, '1011001110': 3, '0001111101': 2, '0001011000': 1, '1100111110': 3, '0110000111': 1, '1000111001': 3, '1101100110': 1, '1001110110': 2, '0000110000': 1, '0001111111': 1, '1001111110': 1, '0101000010': 1, '0100010011': 2, '0001010100': 1, '0100101011': 2, '0111011000': 1, '0110101010': 5, '0010000101': 2, '0001001011': 1, '1001001000': 2, '1110100000': 1, '1001110101': 1, '0001001010': 3, '0011011101': 1, '0011010110': 2, '0111110000': 1, '1011100110': 3, '0101110110': 1, '1010111010': 1, '0101001010': 4, '1110010110': 2, '0010100110': 2, '0110000010': 7, '0100110011': 5, '0001001101': 1, '0110011110': 2, '0011001010': 2, '1110111111': 4, '0011110111': 4, '1101011111': 2, '1001011011': 1, '0010101000': 1, '0100011100': 1, '1011011011': 2, '0101011111': 1, '1110000111': 1, '1001111101': 1, '0010010101': 2, '1010101011': 1, '0001000111': 4, '0011110010': 2, '0100101001': 1, '0001011011': 2, '0001000010': 1, '0011111101': 1, '0101011101': 1, '1100110010': 4, '1011110100': 2, '0110111011': 3, '0110001111': 7, '0000101111': 1, '0001101011': 3, '0010110111': 4, '1010100111': 3, '1100110001': 1, '1001111011': 4, '0011100110': 1, '1100100111': 1, '0101000011': 1, '0110000100': 1, '0111110101': 1, '0001001100': 1, '1001100101': 1, '0111101100': 1, '0110010110': 1, '1101010010': 5, '0010111011': 1, '1110100011': 8, '1110111000': 1, '1100111111': 2, '1110001101': 2, '0111010001': 1, '0110110100': 1, '1011001011': 4, '0010110011': 2, '1101000010': 1, '0001111110': 2, '0011000101': 1, '0001110110': 4, '1111101011': 1, '0111010010': 2, '1010110111': 3, '0001110111': 2, '0010101010': 4, '1001001001': 1, '0111010101': 1, '1100001000': 1, '0101100001': 1, '0000011001': 1, '0110010111': 1, '1100001111': 1, '0010000000': 1, '0110100011': 5, '1100010010': 2, '0000000110': 1, '1111111111': 1, '0101101011': 1, '1011010111': 3, '1100001011': 2, '0110000000': 2, '0110111000': 1, '0100011101': 1, '1111001011': 1, '1101110111': 1, '0011100100': 1, '0111011011': 2, '1010000101': 4, '1101100010': 2, '1011000000': 1, '1100011111': 1, '0100001011': 3, '1110110000': 2, '0110110001': 1, '1001000110': 3, '1101001011': 1, '0110001011': 5, '1100100011': 2, '0001011111': 3, '0011010100': 1, '0010110000': 1, '1100101111': 1, '1011110101': 1, '1100001010': 5, '1010011010': 3, '0001111010': 2, '0010111000': 2, '1000011001': 1, '1101001100': 1, '0101010010': 3, '0010011000': 1, '0101111101': 1, '0101110001': 1, '0110010011': 5, '1101101101': 3, '1110011111': 1, '1000001011': 1, '0110000001': 5, '0011101110': 1, '0110011010': 2, '1010100101': 3, '0101101010': 2, '1011010101': 1, '1100011110': 1, '0101110000': 1, '1101000001': 1, '1101110000': 1, '0001100001': 1, '1001110100': 1, '1110100110': 1, '1010001111': 5, '1111110001': 1, '0110111010': 1, '1011000100': 1, '0100010101': 1, '0110101011': 3, '0111110110': 1, '0010010100': 2, '1111010101': 1, '1111010010': 3, '0011000110': 3, '0000001111': 1, '1000010101': 1, '1010001000': 1, '1111001110': 1, '1110111100': 6, '0110101110': 3, '0001011101': 2, '1101000011': 1, '0101000001': 5, '1001000111': 3, '0001111001': 4, '1001010000': 1, '1101100011': 1, '0110101111': 1, '1110011010': 1, '1010001001': 4, '1111010110': 2}","DensityMatrix([[ 7.34335384e-05+0.00000000e+00j,
                 7.58301338e-05-7.70842300e-06j,
                 1.31027916e-06+6.27334922e-05j, ...,
                -6.36702144e-06-2.55800676e-05j,
                -4.94161291e-06+6.42447304e-05j,
                -4.64775176e-06+5.98956673e-05j],
               [ 7.58301338e-05+7.70842300e-06j,
                 8.06397374e-05+0.00000000e+00j,
                -1.59599876e-05+6.56678183e-05j, ...,
                -5.89905982e-08-2.60245061e-05j,
                -1.84534005e-05+5.87213777e-05j,
                -1.74620241e-05+5.46395681e-05j],
               [ 1.31027916e-06-6.27334922e-05j,
                -1.59599876e-05-6.56678183e-05j,
                 1.74742583e-04+0.00000000e+00j, ...,
                -5.43307400e-05-6.20129110e-06j,
                 1.21833875e-04+8.28732431e-05j,
                 1.12273487e-04+7.79403688e-05j],
               ...,
               [-6.36702144e-06+2.55800676e-05j,
                -5.89905982e-08+2.60245061e-05j,
                -5.43307400e-05+6.20129110e-06j, ...,
                 7.22962000e-05+0.00000000e+00j,
                -8.42036032e-05-5.01190873e-05j,
                -7.65852278e-05-4.83455833e-05j],
               [-4.94161291e-06-6.42447304e-05j,
                -1.84534005e-05-5.87213777e-05j,
                 1.21833875e-04-8.28732431e-05j, ...,
                -8.42036032e-05+5.01190873e-05j,
                 2.83674109e-04+0.00000000e+00j,
                 2.64958634e-04+2.69626472e-06j],
               [-4.64775176e-06-5.98956673e-05j,
                -1.74620241e-05-5.46395681e-05j,
                 1.12273487e-04-7.79403688e-05j, ...,
                -7.65852278e-05+4.83455833e-05j,
                 2.64958634e-04-2.69626472e-06j,
                 2.49811394e-04+0.00000000e+00j]],
              dims=(2, 2, 2, 2, 2, 2, 2, 2, 2, 2))"
data/selected_mutant_qc/mutants_ae_10/ae_10_Mutant_Replace_cx_P70_Q4_[].qasm,Quratest_9,"{'0110011111': 1, '1110101100': 1, '0101011101': 1, '1101111101': 1, '0001000111': 1, '1100000011': 1, '0100001101': 1, '1010101011': 1, '0110110110': 1, '1101001111': 1, '0010001010': 1, '1010111001': 1, '1001000100': 1, '1000101011': 1, '0101001010': 1, '1010100010': 1, '1011011101': 1, '1100011000': 1, '1001110100': 1, '1010011001': 1, '1111100111': 1, '0100000110': 1, '0100110100': 1, '0110110000': 1, '1100111111': 1, '1110110111': 1, '0010111110': 1, '1101100100': 2, '0101111111': 2, '0000000110': 1, '1100111000': 3, '1001100010': 2, '0101000011': 2, '0110011001': 1, '0011101111': 1, '1100000100': 1, '0101001001': 1, '0011100100': 2, '0111011011': 1, '1001110000': 1, '1110000000': 1, '1110110000': 1, '1101001110': 1, '1101101000': 1, '1011000110': 1, '0101100000': 4, '0010101011': 2, '0010111100': 1, '0001001111': 1, '1100001100': 1, '0010110110': 1, '1100100101': 1, '0010110001': 1, '1010011000': 1, '0000011000': 1, '0010101000': 1, '0101010000': 1, '1011111001': 2, '0011000000': 1, '0011100101': 1, '1001000110': 4, '0011011001': 1, '1010001100': 2, '0101011000': 2, '0011000011': 1, '1110100011': 1, '0101101010': 2, '0110010100': 4, '0001001010': 1, '1110100110': 3, '1101001100': 1, '1010110000': 1, '0010001100': 1, '1101000100': 2, '0110000111': 3, '1101111010': 1, '1010010011': 1, '1100100111': 1, '0010110000': 4, '0100000100': 1, '0101100010': 2, '0001011001': 2, '0101100100': 8, '0011000111': 2, '0111011000': 2, '0101001000': 5, '1101110110': 1, '0001000001': 1, '0011001011': 2, '1101110111': 1, '0010011001': 2, '0100101111': 1, '1101011100': 4, '1011011100': 2, '1010111000': 9, '0101110101': 2, '1101100110': 3, '1100100110': 3, '1011000100': 6, '1011100111': 6, '0001111000': 7, '0101111000': 1, '0101000101': 2, '1010100011': 1, '0100100100': 5, '0010110111': 3, '1001000010': 1, '1001110011': 1, '1011111111': 1, '0101111100': 1, '0001111101': 1, '1101010100': 6, '1011100110': 6, '0011110100': 3, '1101100111': 7, '0100100111': 2, '1010100110': 4, '1100000111': 4, '0001011000': 7, '0001000110': 3, '0010001111': 2, '1010110011': 1, '0100111001': 2, '1101110001': 1, '0001100000': 1, '0110010101': 1, '0011001001': 1, '0100011011': 1, '0100010111': 2, '0110100111': 1, '1011111011': 1, '1011000111': 12, '1010010110': 4, '1101011011': 7, '0101000100': 2, '0011011000': 1, '0101001100': 2, '1101001000': 1, '0101110111': 1, '0010001011': 1, '0010100111': 5, '1001110101': 1, '1011100100': 6, '0011000001': 2, '1110100000': 1, '0010011000': 2, '0101110010': 2, '1100111100': 1, '1010111101': 1, '0101101100': 2, '0010111010': 2, '1101101001': 4, '1110000010': 1, '0010111000': 6, '0010100000': 4, '1101000110': 3, '0100110000': 1, '0011110110': 1, '1100001011': 1, '1001101000': 2, '1011010100': 8, '0001100100': 5, '1101110011': 4, '1011010101': 1, '1101001010': 2, '0101001011': 21, '1101101010': 1, '1010100111': 10, '0101110011': 3, '1000100100': 1, '0011100010': 1, '0100110110': 2, '1010001111': 1, '1001111001': 2, '1101001011': 5, '1110111001': 1, '1011001011': 1, '1101111001': 6, '0001010100': 3, '0001001001': 1, '1101011101': 5, '0101101111': 5, '1011110100': 4, '0101011011': 5, '1100001111': 2, '0110011000': 1, '0011101010': 1, '1011011000': 6, '1001000111': 11, '0001011101': 2, '1010001010': 2, '1010000110': 4, '1100000110': 1, '1001011011': 1, '1110000100': 2, '0100000000': 1, '0101010100': 7, '0110011100': 1, '1010111100': 2, '1010111111': 5, '1010000010': 3, '1100010100': 1, '1001011000': 2, '1100100100': 9, '0110111000': 5, '0000000111': 2, '0001100110': 3, '1010011101': 1, '0101100110': 9, '0010111001': 1, '0001110101': 1, '0101111001': 10, '1010110110': 3, '1100110110': 1, '0011000100': 4, '0110010111': 1, '1001100111': 4, '0010110100': 6, '1110101101': 1, '0010000100': 2, '1011011001': 2, '0011100110': 1, '0100100010': 3, '0110000010': 1, '0110100100': 5, '0010100110': 7, '0010000110': 6, '1100001110': 1, '0100100110': 1, '1100110100': 2, '1110001100': 3, '0011001000': 2, '0101110000': 3, '0101111101': 3, '0101011001': 12, '1101111110': 2, '0010000010': 3, '1001111000': 3, '0100011001': 2, '0101101011': 21, '1011101011': 6, '1010010111': 3, '1100100010': 1, '0101000000': 3, '0010110101': 2, '1001011001': 7, '0011100111': 2, '1110111000': 2, '1010000100': 7, '0010011011': 4, '0100101010': 1, '0101000111': 8, '0101100111': 11, '1010000111': 14, '0110000100': 3, '0010101100': 1, '1101011000': 23, '0100010110': 1, '1100110111': 1, '0001111001': 4, '0101110100': 7, '1001010100': 3, '1001010011': 1, '1010010100': 12, '0011101011': 3, '0110100101': 1, '0100111111': 2, '0001000100': 1, '1100010110': 1, '1011111000': 5, '1110010100': 6, '0100110111': 1, '0111111000': 1, '0101101101': 1, '1011010000': 1, '0101001111': 8, '0101011110': 1, '0001101000': 1, '1100011001': 1, '0011111000': 2, '1001111111': 1, '0110110100': 1, '0011010100': 2, '1101110100': 2, '0100101011': 3, '1101101011': 21, '0101101000': 5, '1101011111': 1, '1101001001': 1, '1010000011': 2, '1010110111': 4, '0001010111': 1, '0010010110': 4, '0010100100': 12, '0101101001': 6, '0010010001': 2, '1101000111': 17, '1110000101': 1, '0010100010': 2, '0101100011': 3, '0101000110': 10, '1101111000': 30, '0010000000': 1, '1110000110': 1, '0010010100': 10, '0100111011': 1, '0101100101': 1, '1101101111': 1, '1111111001': 1, '1101111011': 4, '0010010111': 1, '1001001101': 2, '1011110110': 2, '0101111011': 7, '0011000110': 3, '1010100100': 12, '1110100100': 5, '1001101011': 6, '1001101001': 1, '0101111110': 2, '1101011001': 8, '0001101011': 6, '1010011011': 2, '0100111000': 1, '0000100110': 1, '0110000110': 1, '1001001011': 3, '1010110100': 4, '1100001010': 1, '1101100010': 2, '0100000111': 1, '1010001000': 1, '1110000111': 3, '1001100100': 2, '1010100000': 2}","DensityMatrix([[ 7.78787458e-06+0.00000000e+00j,
                 2.80400622e-06-2.52513142e-06j,
                 1.55221545e-05-9.72347448e-07j, ...,
                -9.53439573e-06+2.51800522e-06j,
                 5.26530715e-06-2.00323905e-06j,
                -5.08786081e-06-5.52940152e-06j],
               [ 2.80400622e-06+2.52513142e-06j,
                 1.82832163e-06+0.00000000e+00j,
                 5.90398861e-06+4.68279392e-06j, ...,
                -4.24927221e-06-2.18481946e-06j,
                 2.54528956e-06+9.85955499e-07j,
                -3.90257726e-08-3.64053031e-06j],
               [ 1.55221545e-05+9.72347448e-07j,
                 5.90398861e-06-4.68279392e-06j,
                 3.10588899e-05+0.00000000e+00j, ...,
                -1.93175606e-05+3.82827436e-06j,
                 1.07444919e-05-3.33529742e-06j,
                -9.45033991e-06-1.16559906e-05j],
               ...,
               [-9.53439573e-06-2.51800522e-06j,
                -4.24927221e-06+2.18481946e-06j,
                -1.93175606e-05-3.82827436e-06j, ...,
                 1.24867255e-05+0.00000000e+00j,
                -7.09380817e-06+7.50089505e-07j,
                 4.44108545e-06+8.41446041e-06j],
               [ 5.26530715e-06+2.00323905e-06j,
                 2.54528956e-06-9.85955499e-07j,
                 1.07444919e-05+3.33529742e-06j, ...,
                -7.09380817e-06-7.50089505e-07j,
                 4.07510749e-06+0.00000000e+00j,
                -2.01755134e-06-5.04710218e-06j],
               [-5.08786081e-06+5.52940152e-06j,
                -3.90257726e-08+3.64053031e-06j,
                -9.45033991e-06+1.16559906e-05j, ...,
                 4.44108545e-06-8.41446041e-06j,
                -2.01755134e-06+5.04710218e-06j,
                 7.24980971e-06+0.00000000e+00j]],
              dims=(2, 2, 2, 2, 2, 2, 2, 2, 2, 2))","{'1010010110': 1, '0111000000': 1, '0010100111': 1, '1111010101': 1, '1111001111': 1, '1101111011': 1, '1110000000': 1, '1101010101': 1, '0011011011': 1, '1010111110': 1, '1010100101': 1, '1000000010': 1, '0111100110': 1, '1001110000': 1, '0111011100': 1, '1101111001': 1, '0100000001': 1, '1011110000': 1, '0100100110': 1, '0011101000': 1, '1110110000': 1, '1011111011': 1, '1110000001': 1, '0110000110': 1, '0010111000': 2, '0111111000': 1, '0110000010': 1, '0100011001': 1, '0101100011': 2, '0010010111': 1, '1110001000': 1, '0111111110': 1, '0011100000': 1, '1011000111': 11, '1101010110': 1, '1100110011': 1, '1101111000': 13, '1001101111': 1, '0110100010': 1, '0001001111': 5, '0100001010': 1, '0111011001': 4, '0111010100': 2, '1001111100': 1, '0101100000': 4, '1110010001': 1, '0100001001': 1, '0010110110': 1, '1101101001': 1, '1101110110': 1, '1011011101': 2, '1111101011': 3, '1010110111': 1, '0001111000': 4, '1010000010': 2, '1101000000': 1, '0011100101': 1, '0010110011': 1, '0010010000': 3, '1101100110': 3, '1000010000': 1, '0000111010': 1, '1010100111': 5, '0000110100': 2, '0100001011': 2, '0110100011': 1, '0101101000': 1, '0101111011': 3, '1111000111': 2, '1101001001': 1, '1010101010': 1, '1010111000': 6, '0001001000': 1, '0110110000': 3, '0101101001': 2, '1011100111': 6, '1011111001': 3, '0100110101': 1, '1001001010': 1, '1000010100': 1, '0000101010': 1, '1010011011': 1, '0110011011': 1, '0100000000': 1, '1110101000': 1, '0010001100': 4, '1101000100': 2, '0010001010': 1, '0111111011': 1, '0011111100': 1, '1010001011': 1, '0000001000': 2, '1100000110': 2, '1100010101': 1, '0010001111': 2, '1101111110': 1, '1101110111': 3, '0011100100': 3, '0100000111': 5, '1100101011': 1, '1111010011': 1, '1111101101': 1, '1011101000': 1, '0001010100': 1, '0001110100': 1, '1101011100': 6, '1010110110': 1, '1111110000': 1, '0110001101': 1, '1010101000': 1, '1101011101': 2, '1000110000': 1, '1100111000': 3, '0101101111': 2, '0011000010': 2, '0010011000': 3, '1110100011': 1, '1010111100': 1, '1100110000': 1, '1010111111': 1, '0001011011': 2, '0100101001': 1, '1101010000': 2, '1110100110': 3, '0110001100': 2, '1110000010': 1, '0000000110': 1, '1001101101': 2, '1111111001': 1, '1101100010': 1, '1011000000': 1, '1010000101': 1, '0110101010': 2, '0101001001': 2, '1001101011': 3, '0111101011': 3, '0010010010': 1, '1001101010': 1, '1011011111': 1, '1011100000': 1, '1011101001': 1, '1101011001': 6, '0011000100': 2, '0010100001': 2, '0001101001': 1, '1101001111': 3, '0011110101': 1, '0100111111': 2, '1100111010': 1, '1010001001': 1, '0000000010': 1, '1000110100': 1, '1101001010': 1, '1011010101': 1, '1011011000': 3, '0001111011': 2, '0111001111': 1, '0001010000': 2, '1111101001': 2, '0101100001': 1, '0011001010': 1, '0101001010': 2, '1010111001': 1, '0001110111': 1, '0011101001': 2, '0000001011': 1, '0101010111': 1, '1101110000': 1, '1101000001': 1, '0101110000': 4, '0011001000': 2, '1101101000': 5, '0101001101': 2, '0110110100': 2, '0100000011': 1, '1111110100': 1, '1100011010': 2, '0101111100': 2, '0011111000': 2, '0111110100': 1, '0100110100': 2, '1111000100': 2, '0010111100': 1, '1010110001': 1, '1011110100': 3, '0000111110': 1, '0101111111': 4, '1001111000': 3, '1101000110': 2, '1001011011': 3, '0010101000': 1, '0111010110': 1, '0001000110': 1, '0100100000': 3, '1001011001': 2, '1010100010': 1, '1011001110': 1, '1101110101': 1, '1110001100': 2, '1100110100': 2, '0101010011': 1, '1100011000': 4, '1010100110': 2, '1000100100': 1, '0101110011': 2, '0011011001': 1, '1010010010': 1, '1111111000': 2, '1011100010': 2, '1110110100': 2, '1001110111': 1, '0101011011': 4, '1011100011': 1, '1010110100': 8, '1001010001': 2, '0101011001': 4, '0001100000': 1, '0001101010': 1, '1101110001': 1, '1000000111': 3, '1110100000': 1, '1011100100': 6, '0100110000': 2, '0101110100': 9, '1111001011': 3, '1001010010': 1, '0011001011': 3, '1011111010': 1, '0010010100': 3, '0100111011': 1, '1000110111': 2, '0101010000': 4, '0101100111': 9, '1001111110': 1, '1111101111': 1, '0101000010': 5, '0001111110': 1, '1111010100': 3, '1101100111': 5, '0110010110': 1, '0100100111': 1, '1110101100': 1, '0111101111': 1, '1111011000': 2, '0010000010': 1, '0010111001': 1, '0101111001': 6, '0001110101': 1, '0001101011': 7, '0010111111': 2, '0100101111': 2, '0010100110': 5, '1110100111': 5, '0110100100': 4, '0010011111': 1, '1001111010': 1, '1110000100': 2, '0000100100': 1, '0010100100': 7, '1110010111': 1, '0101010101': 2, '0010101010': 1, '0010011011': 1, '1010000100': 2, '0100000100': 7, '1101101111': 6, '0111011101': 1, '0011100011': 1, '0101011101': 5, '0111111101': 1, '0001000010': 1, '0001011100': 1, '1100100000': 1, '1011011010': 1, '1101110011': 1, '0010100101': 1, '0001000111': 2, '1111100011': 1, '0001011000': 1, '0011110011': 1, '0011101011': 4, '1100010110': 1, '0100001111': 2, '1101010010': 1, '0111000111': 5, '0010000100': 1, '0011100110': 2, '1100011011': 1, '0111100111': 1, '0000000111': 2, '0001100110': 2, '1101000101': 1, '0101100110': 4, '0010000111': 2, '1001000010': 2, '1100001111': 2, '0110011000': 1, '0101000101': 2, '1100110111': 1, '0100010110': 2, '0100001110': 1, '0011101110': 1, '0001100100': 5, '0101101010': 3, '1001110011': 1, '0000000100': 1, '0101011000': 2, '1010100100': 8, '0111001110': 1, '0011110100': 1, '1111001010': 1, '1101010100': 8, '0010101100': 2, '1001010000': 1, '0101101100': 1, '0110100111': 2, '0101111101': 3, '0100100100': 2, '0100010100': 1, '1100100111': 1, '0001100001': 1, '1010010111': 1, '0101011100': 1, '0001001011': 4, '1011011100': 2, '1001110100': 1, '0101100100': 8, '0100011000': 1, '1011001111': 2, '1011111110': 1, '1010010100': 6, '1010000111': 7, '0110000100': 3, '0101000011': 2, '0001111001': 3, '1101000011': 1, '1001010100': 3, '0010001011': 4, '0110001011': 1, '1101001011': 12, '1001111001': 3, '1011010010': 1, '1011000011': 4, '0010000110': 3, '1010101101': 1, '1010011000': 7, '0000011000': 1, '0100000110': 3, '1111000110': 1, '1100001100': 1, '1101101100': 1, '0000111000': 1, '1101100101': 1, '1011111100': 1, '0101000100': 1, '0011011000': 2, '1101011011': 5, '0011111011': 2, '0111101100': 2, '1010011100': 2, '1001001011': 5, '0010100010': 1, '1001011000': 2, '0101000110': 7, '0110110010': 1, '0000001111': 2, '1001001111': 2, '1011010110': 1, '1100000100': 1, '1010101011': 1, '1110010100': 8, '0010110111': 2, '1101011000': 18, '1100100100': 4, '1000011000': 1, '1111100110': 2, '0111000001': 1, '0011110000': 1, '0111110011': 1, '0010010110': 3, '1110000110': 2, '0001100111': 1, '0010110100': 8, '1101010011': 1, '1100100110': 1, '1011000100': 2, '1011100110': 2, '1001011100': 2, '1101100011': 1, '1010001100': 1, '0101001011': 12, '1110100100': 4, '1001000100': 4, '0000000000': 1, '1101111101': 2, '1101100001': 1, '0011000110': 2, '0111100000': 1, '1000111000': 2, '0101100010': 5, '0100111001': 4, '1001100100': 1, '1011101011': 6, '1100001011': 2, '0101101011': 15, '1001100110': 2, '0111101101': 1, '0110010100': 7, '0101000111': 11, '1001000110': 3, '1001000111': 6, '0001001100': 1, '0101111000': 3, '0000111111': 3, '0011010100': 3, '1101110100': 2, '0110010000': 2, '0101010100': 7, '1011010100': 3, '1001101000': 1, '0011000111': 1, '0001010010': 1, '0101001111': 7, '1010001010': 2, '1010000110': 6, '1010010011': 1, '0101000000': 3, '1101000111': 10, '1010110000': 4, '1011010000': 1, '1000000100': 1, '0110010111': 1, '1001100111': 8, '1101101011': 12, '1001101001': 1, '1011110111': 1, '1111100100': 1, '0010110000': 1, '0101101101': 3, '1011111000': 6, '1101100100': 3, '0110111000': 2, '0100011010': 1, '1100010100': 1}","DensityMatrix([[ 4.93165461e-05+0.00000000e+00j,
                -1.28601504e-05+9.60712170e-06j,
                 4.38626585e-05+4.05411734e-05j, ...,
                -8.75846067e-06+8.87169040e-06j,
                 4.27556293e-06-3.38454745e-06j,
                 2.50597435e-06-2.49638750e-06j],
               [-1.28601504e-05-9.60712170e-06j,
                 1.58344468e-05+0.00000000e+00j,
                 8.01606828e-06-2.16649753e-05j, ...,
                -1.53525051e-06-3.04706298e-06j,
                 1.28844237e-06-4.82666051e-08j,
                -2.87151294e-07-4.89306058e-06j],
               [ 4.38626585e-05-4.05411734e-05j,
                 8.01606828e-06+2.16649753e-05j,
                 1.09484053e-04+0.00000000e+00j, ...,
                -1.45767504e-05+1.53237942e-05j,
                 6.37174132e-06-2.76760848e-06j,
                -1.23300770e-06-9.91865160e-06j],
               ...,
               [-8.75846067e-06-8.87169040e-06j,
                -1.53525051e-06+3.04706298e-06j,
                -1.45767504e-05-1.53237942e-05j, ...,
                 1.42607270e-04+0.00000000e+00j,
                -1.05819935e-06+4.43335236e-07j,
                 1.41458259e-05-5.77726522e-05j],
               [ 4.27556293e-06+3.38454745e-06j,
                 1.28844237e-06+4.82666051e-08j,
                 6.37174132e-06+2.76760848e-06j, ...,
                -1.05819935e-06-4.43335236e-07j,
                 1.55452919e-05+0.00000000e+00j,
                -5.83990317e-06-1.93165667e-05j],
               [ 2.50597435e-06+2.49638750e-06j,
                -2.87151294e-07+4.89306058e-06j,
                -1.23300770e-06+9.91865160e-06j, ...,
                 1.41458259e-05+5.77726522e-05j,
                -5.83990317e-06+1.93165667e-05j,
                 7.76320468e-05+0.00000000e+00j]],
              dims=(2, 2, 2, 2, 2, 2, 2, 2, 2, 2))"
