Name,Input,Ideal_output_distribution,Ideal_density_matrix,Noisy_output_distribution,Noisy_density_matrix
data/selected_mutant_qc/mutants_qpeexact_9/qpeexact_9_Mutant_Remove_cp_P14_Q8.qasm,PureState_0,"{'010101011': 1, '011101011': 2, '010111011': 1, '011010101': 4, '010110101': 1, '001010101': 2, '000010101': 1, '011010011': 1, '010011111': 1, '011100011': 7, '010100011': 1, '010011001': 6, '000011111': 3, '001101001': 4, '000000111': 2, '000100101': 20, '001100111': 3, '000101011': 3, '000101001': 73, '011000111': 23, '001011101': 6, '001000101': 3, '011110111': 2, '001011001': 29, '011100001': 6, '001100101': 2, '010111101': 1, '001001001': 12, '000101101': 3, '000001001': 4, '000011011': 8, '000010111': 37, '011011111': 7, '001100011': 1, '010100101': 3, '011011011': 22, '010110111': 8, '011011001': 109, '011011101': 15, '011001001': 15, '001000011': 1, '001011011': 4, '000011101': 8, '010111001': 13, '000011001': 75, '000110111': 14, '000100111': 101, '010010111': 1, '001010111': 24, '000100001': 10, '000111001': 14, '000100011': 18, '011100111': 68, '011101001': 42, '011000101': 1, '011100101': 12, '001000111': 14, '011001011': 3, '011010111': 81, '010101001': 29, '001001011': 2, '001011111': 3, '010011101': 2, '010100111': 29, '000110101': 3}","DensityMatrix([[ 3.76158192e-37+0.00000000e+00j,
                -1.14943156e-24-9.36594075e-23j,
                -1.09359106e-36-7.54181498e-37j, ...,
                -0.00000000e+00+0.00000000e+00j,
                -0.00000000e+00+0.00000000e+00j,
                -0.00000000e+00+0.00000000e+00j],
               [-1.14943156e-24+9.36594075e-23j,
                 2.33237132e-08+0.00000000e+00j,
                 1.91124909e-22-2.69988033e-22j, ...,
                 0.00000000e+00-0.00000000e+00j,
                 0.00000000e+00-0.00000000e+00j,
                 0.00000000e+00-0.00000000e+00j],
               [-1.09359106e-36+7.54181498e-37j,
                 1.91124909e-22+2.69988033e-22j,
                 4.69146005e-36+0.00000000e+00j, ...,
                 0.00000000e+00-0.00000000e+00j,
                 0.00000000e+00-0.00000000e+00j,
                 0.00000000e+00-0.00000000e+00j],
               ...,
               [-0.00000000e+00+0.00000000e+00j,
                 0.00000000e+00+0.00000000e+00j,
                 0.00000000e+00+0.00000000e+00j, ...,
                 0.00000000e+00+0.00000000e+00j,
                 0.00000000e+00+0.00000000e+00j,
                 0.00000000e+00+0.00000000e+00j],
               [-0.00000000e+00+0.00000000e+00j,
                 0.00000000e+00+0.00000000e+00j,
                 0.00000000e+00+0.00000000e+00j, ...,
                 0.00000000e+00+0.00000000e+00j,
                 0.00000000e+00+0.00000000e+00j,
                 0.00000000e+00+0.00000000e+00j],
               [-0.00000000e+00+0.00000000e+00j,
                 0.00000000e+00+0.00000000e+00j,
                 0.00000000e+00+0.00000000e+00j, ...,
                 0.00000000e+00+0.00000000e+00j,
                 0.00000000e+00+0.00000000e+00j,
                 0.00000000e+00+0.00000000e+00j]],
              dims=(2, 2, 2, 2, 2, 2, 2, 2, 2))","{'001010011': 1, '000100100': 1, '011101101': 1, '001010010': 1, '011111011': 2, '010010011': 1, '000001101': 1, '010101000': 1, '000001010': 1, '001010001': 2, '011001111': 1, '001101010': 1, '010000111': 3, '010001011': 1, '011100110': 3, '010101111': 1, '010001010': 1, '011001011': 2, '011011111': 9, '010011011': 2, '001100101': 2, '000101000': 1, '011000101': 2, '000111101': 2, '001010101': 2, '001110111': 6, '000011000': 3, '000110101': 1, '000010011': 1, '010101011': 1, '000101011': 4, '011111001': 1, '011011000': 1, '000000111': 8, '001000101': 1, '010111101': 3, '001000110': 1, '001000000': 1, '010101101': 1, '011110111': 10, '001100011': 1, '000111111': 1, '010100101': 6, '000100111': 77, '011011101': 5, '000111000': 1, '011100010': 1, '001001000': 1, '001000111': 11, '011010001': 3, '000011011': 10, '000001001': 11, '000100101': 18, '001100111': 11, '001010111': 25, '010010110': 1, '011101111': 1, '001011001': 41, '011100101': 13, '001011100': 1, '000110111': 16, '000110011': 3, '001101000': 1, '011011010': 4, '010001001': 2, '011010011': 4, '010110101': 1, '010111011': 1, '001001011': 3, '010000011': 1, '000011010': 1, '011111111': 1, '011001101': 1, '001100110': 1, '011011011': 14, '001111101': 1, '000101111': 2, '010101001': 24, '000011001': 43, '000010101': 3, '000111001': 20, '001100001': 5, '000100001': 8, '000100011': 18, '011100111': 48, '000110001': 1, '001011111': 2, '000000101': 2, '000011101': 5, '000000001': 1, '010100111': 36, '001011011': 6, '010111001': 10, '001100010': 1, '011100011': 10, '011010101': 8, '001011000': 2, '011110101': 2, '000101001': 50, '011000111': 13, '011010111': 53, '011101000': 2, '000101110': 1, '011001001': 17, '010011010': 1, '011100001': 6, '010011101': 5, '001101001': 9, '001001001': 14, '000100110': 6, '010100001': 2, '010110111': 12, '001111001': 4, '011011001': 74, '000101101': 1, '000011111': 7, '011010010': 1, '010100011': 5, '000011110': 2, '001001111': 1, '010011001': 15, '001011010': 1, '011101001': 32, '000101100': 1, '011010110': 1, '000010111': 30, '010001101': 1, '011101011': 5, '010010111': 13}","DensityMatrix([[ 1.80652554e-06+2.30235284e-18j,
                -7.91363607e-09+4.38863047e-08j,
                -6.41605061e-07+3.96757380e-08j, ...,
                 0.00000000e+00+0.00000000e+00j,
                 0.00000000e+00+0.00000000e+00j,
                 0.00000000e+00+0.00000000e+00j],
               [-7.91363607e-09-4.38863047e-08j,
                 1.00230989e-04-8.58828042e-19j,
                 1.24362507e-07+1.00276782e-07j, ...,
                 0.00000000e+00+0.00000000e+00j,
                 0.00000000e+00+0.00000000e+00j,
                 0.00000000e+00+0.00000000e+00j],
               [-6.41605061e-07-3.96757380e-08j,
                 1.24362507e-07-1.00276782e-07j,
                 5.45747528e-06-3.48362051e-19j, ...,
                 0.00000000e+00+0.00000000e+00j,
                 0.00000000e+00+0.00000000e+00j,
                 0.00000000e+00+0.00000000e+00j],
               ...,
               [ 0.00000000e+00+0.00000000e+00j,
                 0.00000000e+00+0.00000000e+00j,
                 0.00000000e+00+0.00000000e+00j, ...,
                 2.59190733e-06+2.10231988e-21j,
                -7.88980893e-11+8.18906796e-10j,
                -1.19888229e-06+3.18969636e-08j],
               [ 0.00000000e+00+0.00000000e+00j,
                 0.00000000e+00+0.00000000e+00j,
                 0.00000000e+00+0.00000000e+00j, ...,
                -7.88980893e-11-8.18906796e-10j,
                 1.69800197e-08-3.84954738e-22j,
                -1.27260008e-10+5.58248086e-10j],
               [ 0.00000000e+00+0.00000000e+00j,
                 0.00000000e+00+0.00000000e+00j,
                 0.00000000e+00+0.00000000e+00j, ...,
                -1.19888229e-06-3.18969636e-08j,
                -1.27260008e-10-5.58248086e-10j,
                 1.08854491e-06-5.00358974e-21j]],
              dims=(2, 2, 2, 2, 2, 2, 2, 2, 2))"
data/selected_mutant_qc/mutants_qpeexact_9/qpeexact_9_Mutant_Remove_cp_P14_Q8.qasm,PureState_1,"{'010111100': 1, '001101100': 3, '010111000': 1, '000000100': 1, '011100100': 2, '001111100': 1, '000011100': 5, '000011000': 2, '001011100': 24, '000001000': 9, '011111100': 3, '010101000': 1, '011110100': 1, '001111000': 2, '011101100': 10, '011111000': 6, '001100100': 1, '011011100': 22, '000111100': 12, '001011000': 66, '001010000': 35, '001000100': 5, '000101100': 11, '011010100': 32, '000111000': 11, '011000100': 1, '011001000': 83, '011001100': 139, '011101000': 23, '011011000': 126, '011010000': 36, '001001100': 188, '000001100': 8, '001001000': 107, '001101000': 7, '001010100': 32, '000101000': 7}","DensityMatrix([[ 0.00000000e+00+0.00000000e+00j,
                 0.00000000e+00+0.00000000e+00j,
                 0.00000000e+00+0.00000000e+00j, ...,
                 0.00000000e+00+0.00000000e+00j,
                 0.00000000e+00+0.00000000e+00j,
                 0.00000000e+00+0.00000000e+00j],
               [ 0.00000000e+00+0.00000000e+00j,
                 0.00000000e+00+0.00000000e+00j,
                 0.00000000e+00+0.00000000e+00j, ...,
                 0.00000000e+00+0.00000000e+00j,
                 0.00000000e+00+0.00000000e+00j,
                 0.00000000e+00+0.00000000e+00j],
               [ 0.00000000e+00+0.00000000e+00j,
                 0.00000000e+00+0.00000000e+00j,
                 0.00000000e+00+0.00000000e+00j, ...,
                 0.00000000e+00+0.00000000e+00j,
                 0.00000000e+00+0.00000000e+00j,
                 0.00000000e+00+0.00000000e+00j],
               ...,
               [ 0.00000000e+00-0.00000000e+00j,
                 0.00000000e+00-0.00000000e+00j,
                 0.00000000e+00-0.00000000e+00j, ...,
                 4.34783345e-35+0.00000000e+00j,
                 2.41253564e-35-8.85463115e-35j,
                -3.06428134e-36-3.49186403e-35j],
               [ 0.00000000e+00+0.00000000e+00j,
                 0.00000000e+00+0.00000000e+00j,
                 0.00000000e+00+0.00000000e+00j, ...,
                 2.41253564e-35+8.85463115e-35j,
                 1.93716760e-34+0.00000000e+00j,
                 6.94136508e-35-2.56163321e-35j],
               [ 0.00000000e+00+0.00000000e+00j,
                 0.00000000e+00+0.00000000e+00j,
                 0.00000000e+00+0.00000000e+00j, ...,
                -3.06428134e-36+3.49186403e-35j,
                 6.94136508e-35+2.56163321e-35j,
                 2.82600812e-35+0.00000000e+00j]],
              dims=(2, 2, 2, 2, 2, 2, 2, 2, 2))","{'010111110': 1, '001010111': 1, '001011110': 1, '011011110': 1, '001100001': 1, '011000110': 1, '011011001': 2, '010110000': 1, '000011100': 1, '001001010': 2, '010010100': 1, '011101010': 1, '011001010': 1, '011100100': 4, '001001101': 2, '011001111': 2, '010111100': 3, '000110100': 1, '010111011': 1, '001111000': 6, '010100000': 1, '010001110': 1, '010011100': 1, '010111000': 3, '000001110': 1, '001000000': 2, '011001110': 7, '001101100': 15, '000010000': 2, '010101100': 2, '011100010': 2, '000111000': 8, '011000111': 2, '011011010': 2, '011010000': 26, '011100111': 1, '011000000': 2, '010001100': 7, '000001000': 14, '001010000': 33, '000111010': 2, '000111100': 10, '001001100': 142, '001001110': 6, '010011000': 7, '011100000': 1, '001111100': 2, '011111100': 6, '011001101': 1, '001011000': 76, '011011100': 31, '000101100': 7, '001110000': 3, '011001000': 62, '011000100': 6, '001000110': 2, '000010100': 7, '011010101': 1, '000001101': 3, '010001000': 8, '001100100': 3, '011111000': 14, '011101100': 18, '010101000': 4, '000011000': 6, '001011100': 23, '011101110': 1, '011010111': 1, '011110000': 5, '001101000': 16, '001001000': 77, '011001100': 106, '000101000': 8, '000001100': 19, '000100100': 3, '011010100': 29, '001110100': 1, '001000100': 8, '001010100': 28, '011101000': 22, '011100110': 1, '011011000': 82}","DensityMatrix([[ 1.86972597e-07-7.88403543e-22j,
                -6.21378042e-11+1.29618041e-10j,
                -2.33205653e-10+7.32697109e-10j, ...,
                 0.00000000e+00+0.00000000e+00j,
                 0.00000000e+00+0.00000000e+00j,
                 0.00000000e+00+0.00000000e+00j],
               [-6.21378042e-11-1.29618041e-10j,
                 8.84226936e-09-6.31084482e-21j,
                 3.81870450e-10+2.72572667e-10j, ...,
                 0.00000000e+00+0.00000000e+00j,
                 0.00000000e+00+0.00000000e+00j,
                 0.00000000e+00+0.00000000e+00j],
               [-2.33205653e-10-7.32697109e-10j,
                 3.81870450e-10-2.72572667e-10j,
                 2.03266953e-06-3.70951898e-22j, ...,
                 0.00000000e+00+0.00000000e+00j,
                 0.00000000e+00+0.00000000e+00j,
                 0.00000000e+00+0.00000000e+00j],
               ...,
               [ 0.00000000e+00+0.00000000e+00j,
                 0.00000000e+00+0.00000000e+00j,
                 0.00000000e+00+0.00000000e+00j, ...,
                 5.61687783e-05+2.37438743e-19j,
                -3.44089160e-09-1.18917760e-07j,
                 3.06395968e-06-1.15926938e-06j],
               [ 0.00000000e+00+0.00000000e+00j,
                 0.00000000e+00+0.00000000e+00j,
                 0.00000000e+00+0.00000000e+00j, ...,
                -3.44089160e-09+1.18917760e-07j,
                 4.18221256e-05-8.33518630e-19j,
                -1.49089684e-08+3.09914331e-08j],
               [ 0.00000000e+00+0.00000000e+00j,
                 0.00000000e+00+0.00000000e+00j,
                 0.00000000e+00+0.00000000e+00j, ...,
                 3.06395968e-06+1.15926938e-06j,
                -1.49089684e-08-3.09914331e-08j,
                 8.08515677e-06-4.66266121e-19j]],
              dims=(2, 2, 2, 2, 2, 2, 2, 2, 2))"
data/selected_mutant_qc/mutants_qpeexact_9/qpeexact_9_Mutant_Remove_cp_P14_Q8.qasm,PureState_2,"{'010011000': 1, '011011000': 2, '001011000': 2, '001000100': 4, '011101000': 5, '001100000': 3, '011000000': 3, '010101000': 3, '010111000': 2, '001101000': 1, '001001000': 4, '010000000': 4, '001111100': 3, '001100100': 1, '011111000': 9, '011101100': 1, '010101100': 1, '000111000': 6, '011000100': 1, '011001000': 4, '010011100': 4, '000010100': 10, '010001000': 2, '000101000': 28, '000000000': 24, '010111100': 8, '000100100': 15, '001011100': 8, '000011000': 202, '001000000': 7, '000111100': 15, '011111100': 55, '000011100': 258, '011100100': 4, '001001100': 3, '000100000': 40, '010100000': 2, '000001100': 58, '000000100': 28, '011011100': 13, '000101100': 2, '011100000': 4, '000001000': 174}","DensityMatrix([[ 0.00000000e+00+0.00000000e+00j,
                 0.00000000e+00+0.00000000e+00j,
                 0.00000000e+00+0.00000000e+00j, ...,
                 0.00000000e+00-0.00000000e+00j,
                 0.00000000e+00-0.00000000e+00j,
                -0.00000000e+00+0.00000000e+00j],
               [ 0.00000000e+00+0.00000000e+00j,
                 0.00000000e+00+0.00000000e+00j,
                 0.00000000e+00+0.00000000e+00j, ...,
                 0.00000000e+00-0.00000000e+00j,
                 0.00000000e+00-0.00000000e+00j,
                -0.00000000e+00+0.00000000e+00j],
               [ 0.00000000e+00+0.00000000e+00j,
                 0.00000000e+00+0.00000000e+00j,
                 0.00000000e+00+0.00000000e+00j, ...,
                 0.00000000e+00-0.00000000e+00j,
                 0.00000000e+00-0.00000000e+00j,
                -0.00000000e+00+0.00000000e+00j],
               ...,
               [ 0.00000000e+00+0.00000000e+00j,
                 0.00000000e+00+0.00000000e+00j,
                 0.00000000e+00+0.00000000e+00j, ...,
                 6.94015833e-36+0.00000000e+00j,
                 2.70502750e-35-2.53255012e-35j,
                -1.87232791e-35-5.17470004e-36j],
               [ 0.00000000e+00+0.00000000e+00j,
                 0.00000000e+00+0.00000000e+00j,
                 0.00000000e+00+0.00000000e+00j, ...,
                 2.70502750e-35+2.53255012e-35j,
                 1.97848280e-34+0.00000000e+00j,
                -5.40935752e-35-8.84927198e-35j],
               [-0.00000000e+00+0.00000000e+00j,
                -0.00000000e+00+0.00000000e+00j,
                -0.00000000e+00+0.00000000e+00j, ...,
                -1.87232791e-35+5.17470004e-36j,
                -5.40935752e-35+8.84927198e-35j,
                 5.43703302e-35+0.00000000e+00j]],
              dims=(2, 2, 2, 2, 2, 2, 2, 2, 2))","{'011110110': 1, '000011000': 139, '000010110': 1, '000100010': 1, '011111110': 1, '001001000': 19, '010111010': 1, '011010100': 1, '011111101': 1, '010100010': 1, '011101100': 3, '001010100': 1, '000101011': 1, '010111110': 2, '000100001': 1, '000111001': 2, '001101100': 2, '011110100': 2, '000001100': 34, '000001110': 1, '001000000': 4, '011001000': 4, '011001001': 1, '000111011': 1, '000110100': 1, '001111000': 3, '000101001': 3, '010011011': 2, '001111110': 1, '000011010': 6, '011000100': 2, '001011011': 1, '000000001': 1, '001101000': 7, '000000000': 17, '000011101': 2, '011011000': 4, '010011101': 1, '010100100': 9, '010111111': 1, '011101000': 3, '010000000': 5, '000000110': 1, '011100100': 5, '011100000': 3, '001111100': 7, '010100001': 2, '000100000': 35, '001011000': 8, '011011100': 12, '000101100': 3, '000001010': 2, '010101000': 4, '010000110': 1, '010101011': 1, '001000100': 2, '001011100': 15, '010101100': 2, '010111000': 4, '000111000': 9, '001111101': 1, '000011001': 4, '000010000': 8, '001101010': 1, '000110000': 1, '000001011': 2, '010011000': 28, '000011011': 2, '000001001': 4, '010000100': 6, '001011010': 1, '011111000': 17, '000000100': 33, '010001000': 12, '001100100': 4, '010011010': 2, '010011100': 33, '000010100': 18, '000001000': 106, '010010100': 2, '000011111': 1, '000011110': 5, '010011001': 2, '010111100': 8, '011111100': 38, '001001100': 2, '001001110': 1, '000111010': 1, '000111100': 27, '000100110': 1, '010100000': 7, '011001100': 2, '000101000': 33, '011111010': 1, '000011100': 159, '001100000': 2, '000100100': 25, '011000000': 2, '010001100': 12}","DensityMatrix([[ 9.38616463e-06+8.29659735e-22j,
                -3.67981517e-09+7.09250792e-09j,
                -1.24709041e-08+2.91478795e-08j, ...,
                 0.00000000e+00+0.00000000e+00j,
                 0.00000000e+00+0.00000000e+00j,
                 0.00000000e+00+0.00000000e+00j],
               [-3.67981517e-09-7.09250792e-09j,
                 8.77213345e-07-3.17298543e-21j,
                 3.38265448e-08+2.45736660e-08j, ...,
                 0.00000000e+00+0.00000000e+00j,
                 0.00000000e+00+0.00000000e+00j,
                 0.00000000e+00+0.00000000e+00j],
               [-1.24709041e-08-2.91478795e-08j,
                 3.38265448e-08-2.45736660e-08j,
                 1.14944004e-04-5.51157472e-20j, ...,
                 0.00000000e+00+0.00000000e+00j,
                 0.00000000e+00+0.00000000e+00j,
                 0.00000000e+00+0.00000000e+00j],
               ...,
               [ 0.00000000e+00+0.00000000e+00j,
                 0.00000000e+00+0.00000000e+00j,
                 0.00000000e+00+0.00000000e+00j, ...,
                 3.75932216e-04+3.58736871e-18j,
                 4.49559345e-08-2.54844087e-08j,
                -2.55278188e-05+1.01819770e-05j],
               [ 0.00000000e+00+0.00000000e+00j,
                 0.00000000e+00+0.00000000e+00j,
                 0.00000000e+00+0.00000000e+00j, ...,
                 4.49559345e-08+2.54844087e-08j,
                 2.68258152e-04-3.27862922e-18j,
                -9.17071272e-08+2.21089196e-07j],
               [ 0.00000000e+00+0.00000000e+00j,
                 0.00000000e+00+0.00000000e+00j,
                 0.00000000e+00+0.00000000e+00j, ...,
                -2.55278188e-05-1.01819770e-05j,
                -9.17071272e-08-2.21089196e-07j,
                 1.04248802e-04-5.65093697e-20j]],
              dims=(2, 2, 2, 2, 2, 2, 2, 2, 2))"
data/selected_mutant_qc/mutants_qpeexact_9/qpeexact_9_Mutant_Remove_cp_P14_Q8.qasm,PureState_3,"{'010101110': 2, '001101110': 2, '010100110': 2, '000110110': 5, '011011110': 6, '001100110': 11, '011110110': 5, '011101110': 5, '011000110': 22, '011111110': 2, '001010110': 166, '000001110': 8, '001011110': 7, '000000110': 13, '001000110': 74, '011100110': 30, '000100110': 12, '000010110': 5, '010110110': 3, '010111110': 2, '000101110': 7, '000111110': 3, '001001110': 247, '011001110': 216, '011010110': 169}","DensityMatrix([[ 0.00000000e+00+0.00000000e+00j,
                 0.00000000e+00+0.00000000e+00j,
                 0.00000000e+00+0.00000000e+00j, ...,
                 0.00000000e+00-0.00000000e+00j,
                 0.00000000e+00+0.00000000e+00j,
                 0.00000000e+00+0.00000000e+00j],
               [ 0.00000000e+00+0.00000000e+00j,
                 0.00000000e+00+0.00000000e+00j,
                 0.00000000e+00+0.00000000e+00j, ...,
                 0.00000000e+00-0.00000000e+00j,
                 0.00000000e+00+0.00000000e+00j,
                 0.00000000e+00+0.00000000e+00j],
               [ 0.00000000e+00+0.00000000e+00j,
                 0.00000000e+00+0.00000000e+00j,
                 0.00000000e+00+0.00000000e+00j, ...,
                 0.00000000e+00-0.00000000e+00j,
                 0.00000000e+00+0.00000000e+00j,
                 0.00000000e+00+0.00000000e+00j],
               ...,
               [ 0.00000000e+00+0.00000000e+00j,
                 0.00000000e+00+0.00000000e+00j,
                 0.00000000e+00+0.00000000e+00j, ...,
                 4.79625183e-35+0.00000000e+00j,
                -1.58106618e-19+1.84144428e-19j,
                -9.52489839e-37+2.86063323e-35j],
               [ 0.00000000e+00-0.00000000e+00j,
                 0.00000000e+00-0.00000000e+00j,
                 0.00000000e+00-0.00000000e+00j, ...,
                -1.58106618e-19-1.84144428e-19j,
                 1.22818557e-03+0.00000000e+00j,
                 1.12969290e-19-9.06427538e-20j],
               [ 0.00000000e+00+0.00000000e+00j,
                 0.00000000e+00+0.00000000e+00j,
                 0.00000000e+00+0.00000000e+00j, ...,
                -9.52489839e-37-2.86063323e-35j,
                 1.12969290e-19+9.06427538e-20j,
                 1.70806186e-35+0.00000000e+00j]],
              dims=(2, 2, 2, 2, 2, 2, 2, 2, 2))","{'000001010': 1, '001100010': 1, '010111100': 1, '011010001': 1, '011000111': 2, '011101101': 1, '011011010': 1, '000011100': 1, '000000010': 1, '011011011': 1, '011101100': 1, '000011000': 1, '011000101': 1, '011010111': 1, '000011110': 4, '010010100': 1, '010111111': 1, '000111000': 1, '011100010': 2, '001010111': 3, '000100010': 1, '011001010': 4, '001100110': 14, '011101010': 2, '011110110': 14, '011001100': 2, '001101110': 12, '010110110': 4, '001111110': 3, '011111110': 3, '000111110': 8, '001010010': 9, '001110110': 8, '001110010': 1, '000110110': 5, '001001011': 1, '001011101': 1, '001010100': 4, '011010101': 2, '010100110': 2, '001010101': 3, '011001011': 1, '011101111': 1, '010001110': 11, '011100110': 17, '011010100': 6, '011110010': 1, '001001110': 195, '011010010': 9, '001001100': 1, '011101110': 23, '011001001': 1, '000101110': 10, '011000110': 40, '000010111': 1, '011010110': 130, '000010110': 14, '011000010': 1, '001001101': 3, '010010110': 10, '011001111': 3, '001000110': 43, '001010110': 114, '001011110': 15, '011100100': 1, '010101110': 2, '000000110': 9, '001001010': 6, '000100110': 7, '010111110': 3, '001000010': 4, '000001110': 11, '001010000': 3, '001001111': 8, '001011000': 1, '010000110': 4, '011001110': 167, '000100100': 1, '011011110': 17}","DensityMatrix([[ 8.24382723e-07-1.36509751e-21j,
                -2.84935720e-10+5.76912673e-10j,
                -4.61315932e-11+2.41272325e-10j, ...,
                 0.00000000e+00+0.00000000e+00j,
                 0.00000000e+00+0.00000000e+00j,
                 0.00000000e+00+0.00000000e+00j],
               [-2.84935720e-10-5.76912673e-10j,
                 2.77658954e-08+1.18387770e-21j,
                 7.07465197e-12-9.54742956e-11j, ...,
                 0.00000000e+00+0.00000000e+00j,
                 0.00000000e+00+0.00000000e+00j,
                 0.00000000e+00+0.00000000e+00j],
               [-4.61315932e-11-2.41272325e-10j,
                 7.07465197e-12+9.54742956e-11j,
                 1.01316056e-07-2.65649776e-21j, ...,
                 0.00000000e+00+0.00000000e+00j,
                 0.00000000e+00+0.00000000e+00j,
                 0.00000000e+00+0.00000000e+00j],
               ...,
               [ 0.00000000e+00+0.00000000e+00j,
                 0.00000000e+00+0.00000000e+00j,
                 0.00000000e+00+0.00000000e+00j, ...,
                 1.74262391e-05-1.37777621e-18j,
                 7.87443089e-07+5.38396211e-07j,
                -3.23238801e-06-1.05774972e-06j],
               [ 0.00000000e+00+0.00000000e+00j,
                 0.00000000e+00+0.00000000e+00j,
                 0.00000000e+00+0.00000000e+00j, ...,
                 7.87443089e-07-5.38396211e-07j,
                 2.12526587e-03+4.99064764e-18j,
                -8.36210463e-07+1.47386079e-06j],
               [ 0.00000000e+00+0.00000000e+00j,
                 0.00000000e+00+0.00000000e+00j,
                 0.00000000e+00+0.00000000e+00j, ...,
                -3.23238801e-06+1.05774972e-06j,
                -8.36210463e-07-1.47386079e-06j,
                 3.08121871e-05+1.75113630e-18j]],
              dims=(2, 2, 2, 2, 2, 2, 2, 2, 2))"
data/selected_mutant_qc/mutants_qpeexact_9/qpeexact_9_Mutant_Remove_cp_P14_Q8.qasm,PureState_4,"{'000100010': 4, '011000010': 1, '000000010': 5, '011010010': 484, '011100010': 14, '001000010': 11, '001100010': 8, '001010010': 497}","DensityMatrix([[ 0.00000000e+00+0.00000000e+00j,
                 0.00000000e+00+0.00000000e+00j,
                 0.00000000e+00+0.00000000e+00j, ...,
                 0.00000000e+00+0.00000000e+00j,
                 0.00000000e+00+0.00000000e+00j,
                 0.00000000e+00+0.00000000e+00j],
               [ 0.00000000e+00+0.00000000e+00j,
                 0.00000000e+00+0.00000000e+00j,
                 0.00000000e+00+0.00000000e+00j, ...,
                 0.00000000e+00+0.00000000e+00j,
                 0.00000000e+00+0.00000000e+00j,
                 0.00000000e+00+0.00000000e+00j],
               [ 0.00000000e+00+0.00000000e+00j,
                 0.00000000e+00+0.00000000e+00j,
                 0.00000000e+00+0.00000000e+00j, ...,
                 0.00000000e+00+0.00000000e+00j,
                 0.00000000e+00+0.00000000e+00j,
                 0.00000000e+00+0.00000000e+00j],
               ...,
               [ 0.00000000e+00-0.00000000e+00j,
                 0.00000000e+00-0.00000000e+00j,
                 0.00000000e+00-0.00000000e+00j, ...,
                 4.06295824e-35+0.00000000e+00j,
                -1.12611150e-35-4.19727459e-35j,
                 1.10878105e-35-1.51092569e-35j],
               [ 0.00000000e+00+0.00000000e+00j,
                 0.00000000e+00+0.00000000e+00j,
                 0.00000000e+00+0.00000000e+00j, ...,
                -1.12611150e-35+4.19727459e-35j,
                 4.64815042e-35+0.00000000e+00j,
                 1.25355925e-35+1.56421231e-35j],
               [ 0.00000000e+00-0.00000000e+00j,
                 0.00000000e+00-0.00000000e+00j,
                 0.00000000e+00-0.00000000e+00j, ...,
                 1.10878105e-35+1.51092569e-35j,
                 1.25355925e-35-1.56421231e-35j,
                 8.64466636e-36+0.00000000e+00j]],
              dims=(2, 2, 2, 2, 2, 2, 2, 2, 2))","{'011001100': 1, '011010101': 3, '001000100': 1, '010110010': 2, '001111010': 1, '011000100': 1, '010100010': 2, '011010100': 1, '010001010': 1, '000101010': 2, '011111010': 3, '001010010': 336, '001110110': 2, '001001110': 1, '011010010': 362, '011110010': 24, '001001100': 1, '001000110': 2, '011110011': 1, '011001000': 1, '001110010': 22, '001110000': 1, '000111010': 1, '001010000': 10, '010010001': 1, '011010110': 20, '000010110': 2, '000100010': 5, '011000010': 15, '001001010': 6, '001000001': 1, '011011110': 1, '011110000': 2, '010010010': 26, '011011010': 9, '011010000': 8, '001000010': 15, '011100100': 1, '000001110': 1, '001010011': 10, '001010110': 9, '001010001': 3, '011001110': 1, '010010000': 2, '001100110': 1, '011001010': 5, '011101010': 3, '011100011': 1, '011101110': 1, '011010011': 12, '011011011': 1, '000000010': 6, '001100010': 3, '001011010': 10, '000010010': 30, '001110001': 2, '000110010': 5, '010101010': 1, '001000011': 2, '001001011': 1, '001100000': 2, '011100010': 17, '001010101': 1}","DensityMatrix([[ 5.73770687e-06-8.60180111e-21j,
                -2.75065232e-09+4.65254453e-09j,
                -1.18708474e-09+3.65910615e-11j, ...,
                 0.00000000e+00+0.00000000e+00j,
                 0.00000000e+00+0.00000000e+00j,
                 0.00000000e+00+0.00000000e+00j],
               [-2.75065232e-09-4.65254453e-09j,
                 1.70543303e-07-1.34300491e-21j,
                 3.73679485e-10-4.28936537e-11j, ...,
                 0.00000000e+00+0.00000000e+00j,
                 0.00000000e+00+0.00000000e+00j,
                 0.00000000e+00+0.00000000e+00j],
               [-1.18708474e-09-3.65910614e-11j,
                 3.73679485e-10+4.28936537e-11j,
                 1.66532869e-06-9.78210077e-21j, ...,
                 0.00000000e+00+0.00000000e+00j,
                 0.00000000e+00+0.00000000e+00j,
                 0.00000000e+00+0.00000000e+00j],
               ...,
               [ 0.00000000e+00+0.00000000e+00j,
                 0.00000000e+00+0.00000000e+00j,
                 0.00000000e+00+0.00000000e+00j, ...,
                 3.24854553e-06-1.14206925e-18j,
                 7.79399322e-09+4.96600046e-09j,
                 5.29084289e-07+1.77886565e-07j],
               [ 0.00000000e+00+0.00000000e+00j,
                 0.00000000e+00+0.00000000e+00j,
                 0.00000000e+00+0.00000000e+00j, ...,
                 7.79399322e-09-4.96600046e-09j,
                 1.97567743e-05+7.63638453e-19j,
                -7.58167273e-09+1.43866633e-08j],
               [ 0.00000000e+00+0.00000000e+00j,
                 0.00000000e+00+0.00000000e+00j,
                 0.00000000e+00+0.00000000e+00j, ...,
                 5.29084289e-07-1.77886565e-07j,
                -7.58167273e-09-1.43866633e-08j,
                 2.74107843e-06-1.63411208e-19j]],
              dims=(2, 2, 2, 2, 2, 2, 2, 2, 2))"
data/selected_mutant_qc/mutants_qpeexact_9/qpeexact_9_Mutant_Remove_cp_P14_Q8.qasm,PureState_5,"{'011101000': 3, '000111100': 4, '001101100': 1, '010000100': 2, '001101000': 2, '000011100': 22, '001111100': 3, '010101100': 2, '000111000': 7, '000101000': 26, '001011100': 1, '000011000': 4, '001100000': 10, '001111000': 2, '011110100': 19, '010101000': 1, '011000000': 9, '011111000': 20, '011101100': 7, '001100100': 10, '011000100': 9, '010110100': 3, '011100100': 36, '000110100': 24, '010111000': 5, '001000000': 35, '010100000': 4, '010111100': 3, '000000000': 195, '011100000': 14, '000101100': 5, '010100100': 11, '000001000': 7, '010000000': 8, '000100000': 174, '001000100': 9, '000100100': 191, '011111100': 28, '000000100': 108}","DensityMatrix([[ 0.00000000e+00+0.00000000e+00j,
                 0.00000000e+00+0.00000000e+00j,
                 0.00000000e+00+0.00000000e+00j, ...,
                 0.00000000e+00-0.00000000e+00j,
                -0.00000000e+00+0.00000000e+00j,
                 0.00000000e+00-0.00000000e+00j],
               [ 0.00000000e+00+0.00000000e+00j,
                 0.00000000e+00+0.00000000e+00j,
                 0.00000000e+00+0.00000000e+00j, ...,
                 0.00000000e+00-0.00000000e+00j,
                -0.00000000e+00+0.00000000e+00j,
                 0.00000000e+00-0.00000000e+00j],
               [ 0.00000000e+00+0.00000000e+00j,
                 0.00000000e+00+0.00000000e+00j,
                 0.00000000e+00+0.00000000e+00j, ...,
                 0.00000000e+00-0.00000000e+00j,
                -0.00000000e+00+0.00000000e+00j,
                 0.00000000e+00-0.00000000e+00j],
               ...,
               [ 0.00000000e+00+0.00000000e+00j,
                 0.00000000e+00+0.00000000e+00j,
                 0.00000000e+00+0.00000000e+00j, ...,
                 7.38380519e-34+0.00000000e+00j,
                -8.53270045e-34-2.69603358e-33j,
                 3.84612527e-34-2.67916605e-34j],
               [-0.00000000e+00+0.00000000e+00j,
                -0.00000000e+00+0.00000000e+00j,
                -0.00000000e+00+0.00000000e+00j, ...,
                -8.53270045e-34+2.69603358e-33j,
                 1.08300079e-32+0.00000000e+00j,
                 5.33781439e-34+1.71393133e-33j],
               [ 0.00000000e+00+0.00000000e+00j,
                 0.00000000e+00+0.00000000e+00j,
                 0.00000000e+00+0.00000000e+00j, ...,
                 3.84612527e-34+2.67916605e-34j,
                 5.33781439e-34-1.71393133e-33j,
                 2.97551326e-34+0.00000000e+00j]],
              dims=(2, 2, 2, 2, 2, 2, 2, 2, 2))","{'011001000': 1, '000000011': 1, '001100101': 1, '000001010': 1, '010010000': 1, '010100011': 1, '000011111': 1, '011010110': 1, '011111110': 2, '011100101': 1, '010110110': 1, '000110110': 2, '010110100': 8, '011101010': 1, '010101100': 1, '000110011': 1, '001011100': 2, '001101101': 1, '000101110': 1, '000100010': 2, '010000010': 2, '000011100': 13, '000111000': 4, '010011100': 3, '010111000': 8, '010111100': 6, '011011100': 4, '000010000': 5, '000100110': 4, '001101000': 3, '000100101': 4, '001000000': 39, '000010100': 6, '010000001': 2, '011000100': 4, '001000001': 1, '001101100': 1, '000111001': 1, '000100001': 3, '010110000': 5, '011110111': 1, '000011110': 2, '011110000': 4, '000001100': 3, '011110110': 3, '000101000': 20, '010100100': 29, '000100100': 131, '001100000': 15, '001000100': 19, '000111010': 1, '000001000': 7, '000111100': 7, '001010000': 1, '010100101': 2, '011010100': 1, '001110100': 11, '000000110': 4, '011100100': 25, '000110100': 16, '010111110': 1, '011011000': 4, '011111000': 15, '001100100': 13, '011101100': 6, '000000010': 7, '011111100': 22, '001001000': 2, '000000000': 135, '000000101': 1, '011000000': 16, '010001100': 3, '000101100': 7, '011100000': 13, '001111000': 7, '000101010': 2, '011101000': 7, '010000000': 29, '000011000': 4, '010101000': 7, '011110100': 27, '000110000': 8, '010011110': 1, '010000100': 19, '010100000': 23, '000000100': 77, '010100001': 1, '001110110': 1, '000100000': 115}","DensityMatrix([[ 6.20517722e-05-7.70428134e-21j,
                -1.97918804e-08+4.15422186e-08j,
                -3.82611995e-08+1.19199648e-07j, ...,
                 0.00000000e+00+0.00000000e+00j,
                 0.00000000e+00+0.00000000e+00j,
                 0.00000000e+00+0.00000000e+00j],
               [-1.97918804e-08-4.15422186e-08j,
                 1.45049043e-06+2.27284844e-21j,
                 5.37848352e-08+3.86621622e-08j, ...,
                 0.00000000e+00+0.00000000e+00j,
                 0.00000000e+00+0.00000000e+00j,
                 0.00000000e+00+0.00000000e+00j],
               [-3.82611995e-08-1.19199648e-07j,
                 5.37848352e-08-3.86621622e-08j,
                 2.32800655e-04+2.82735947e-20j, ...,
                 0.00000000e+00+0.00000000e+00j,
                 0.00000000e+00+0.00000000e+00j,
                 0.00000000e+00+0.00000000e+00j],
               ...,
               [ 0.00000000e+00+0.00000000e+00j,
                 0.00000000e+00+0.00000000e+00j,
                 0.00000000e+00+0.00000000e+00j, ...,
                 1.18706824e-03-3.48527895e-19j,
                -2.62019413e-07-6.75820471e-06j,
                 3.51879921e-04-1.36556630e-04j],
               [ 0.00000000e+00+0.00000000e+00j,
                 0.00000000e+00+0.00000000e+00j,
                 0.00000000e+00+0.00000000e+00j, ...,
                -2.62019413e-07+6.75820471e-06j,
                 2.13913252e-03+2.23903625e-18j,
                -7.64976664e-07+2.32753930e-06j],
               [ 0.00000000e+00+0.00000000e+00j,
                 0.00000000e+00+0.00000000e+00j,
                 0.00000000e+00+0.00000000e+00j, ...,
                 3.51879921e-04+1.36556630e-04j,
                -7.64976664e-07-2.32753930e-06j,
                 2.12351630e-03+1.44634344e-18j]],
              dims=(2, 2, 2, 2, 2, 2, 2, 2, 2))"
data/selected_mutant_qc/mutants_qpeexact_9/qpeexact_9_Mutant_Remove_cp_P14_Q8.qasm,PureState_6,"{'001011110': 1, '010110110': 1, '000110110': 1, '010101110': 6, '001110010': 15, '011101110': 3, '011100110': 6, '010001110': 14, '001001010': 2, '000100110': 8, '000111010': 1, '000010110': 12, '001011010': 37, '010001010': 62, '011001010': 3, '011010110': 17, '001111010': 11, '001010010': 2, '010110010': 3, '011011010': 12, '010011110': 5, '000101010': 15, '000100010': 1, '010011010': 72, '001101110': 29, '011001110': 1, '010000110': 11, '010010110': 156, '010010010': 37, '001001110': 4, '001110110': 74, '000110010': 1, '000011010': 8, '010101010': 55, '001010110': 45, '010100010': 2, '010100110': 29, '001100110': 84, '011110010': 1, '011101010': 15, '000010010': 1, '011010010': 4, '000101110': 2, '001101010': 155}","DensityMatrix([[ 4.34144034e-64+0.00000000e+00j,
                -2.25309338e-50-3.09954170e-52j,
                -6.48557509e-38-2.64193039e-36j, ...,
                -0.00000000e+00+0.00000000e+00j,
                -0.00000000e+00+0.00000000e+00j,
                -0.00000000e+00+0.00000000e+00j],
               [-2.25309338e-50+3.09954170e-52j,
                 1.16951751e-36+0.00000000e+00j,
                 5.25203111e-24+1.37062937e-22j, ...,
                 0.00000000e+00+0.00000000e+00j,
                 0.00000000e+00+0.00000000e+00j,
                 0.00000000e+00+0.00000000e+00j],
               [-6.48557509e-38+2.64193039e-36j,
                 5.25203111e-24-1.37062937e-22j,
                 1.60868328e-08+0.00000000e+00j, ...,
                 0.00000000e+00+0.00000000e+00j,
                 0.00000000e+00+0.00000000e+00j,
                 0.00000000e+00+0.00000000e+00j],
               ...,
               [-0.00000000e+00+0.00000000e+00j,
                 0.00000000e+00+0.00000000e+00j,
                 0.00000000e+00+0.00000000e+00j, ...,
                 0.00000000e+00+0.00000000e+00j,
                 0.00000000e+00+0.00000000e+00j,
                 0.00000000e+00+0.00000000e+00j],
               [-0.00000000e+00+0.00000000e+00j,
                 0.00000000e+00+0.00000000e+00j,
                 0.00000000e+00+0.00000000e+00j, ...,
                 0.00000000e+00+0.00000000e+00j,
                 0.00000000e+00+0.00000000e+00j,
                 0.00000000e+00+0.00000000e+00j],
               [-0.00000000e+00+0.00000000e+00j,
                 0.00000000e+00+0.00000000e+00j,
                 0.00000000e+00+0.00000000e+00j, ...,
                 0.00000000e+00+0.00000000e+00j,
                 0.00000000e+00+0.00000000e+00j,
                 0.00000000e+00+0.00000000e+00j]],
              dims=(2, 2, 2, 2, 2, 2, 2, 2, 2))","{'010110111': 1, '001110000': 1, '010011000': 1, '000001011': 1, '000010111': 2, '000100010': 5, '010110000': 1, '000110110': 3, '001101001': 1, '000111010': 2, '000000010': 1, '011011011': 1, '001000010': 1, '001110010': 19, '010010000': 1, '010011111': 1, '010101100': 3, '001010100': 1, '010001011': 1, '001100100': 1, '010001000': 1, '011101100': 1, '010010010': 26, '010010111': 2, '010101111': 1, '001100010': 8, '010011010': 47, '001110101': 1, '010111010': 4, '001101100': 3, '010101101': 1, '000100101': 1, '001100111': 1, '011011010': 14, '001101000': 2, '010001110': 17, '000010100': 2, '001000110': 4, '010101110': 3, '001001010': 10, '000000110': 4, '011000110': 1, '000101110': 5, '011100111': 1, '010010100': 2, '010001101': 1, '010101011': 1, '000010011': 2, '000010101': 4, '001101011': 2, '010010011': 4, '001100101': 1, '010010110': 103, '001010111': 1, '011100110': 7, '001110011': 1, '010000110': 9, '001101110': 24, '000011010': 18, '011001010': 3, '001100110': 40, '011101010': 34, '011101110': 6, '001011000': 2, '000011110': 4, '000101010': 23, '010011110': 9, '010101000': 2, '000001010': 5, '011100010': 2, '010100110': 29, '011010100': 1, '011110010': 5, '001001110': 6, '011010010': 6, '001011010': 30, '000010010': 8, '000100110': 15, '001011110': 3, '001010110': 36, '011001000': 1, '000001110': 4, '001110100': 1, '010100101': 1, '010100010': 4, '000101011': 1, '001111010': 9, '010110010': 6, '011101101': 1, '000101001': 1, '001110110': 62, '001010010': 11, '000010110': 35, '000011000': 1, '011110110': 6, '011010110': 19, '010110110': 9, '010001010': 40, '001101010': 108, '000110010': 5, '010101010': 42}","DensityMatrix([[ 1.95183361e-06+1.75699697e-18j,
                -1.58750595e-09+2.26987801e-09j,
                -2.12036216e-08+4.89386113e-08j, ...,
                 0.00000000e+00+0.00000000e+00j,
                 0.00000000e+00+0.00000000e+00j,
                 0.00000000e+00+0.00000000e+00j],
               [-1.58750595e-09-2.26987801e-09j,
                 7.07347909e-07+8.27758313e-19j,
                 3.70747381e-08+2.62000071e-08j, ...,
                 0.00000000e+00+0.00000000e+00j,
                 0.00000000e+00+0.00000000e+00j,
                 0.00000000e+00+0.00000000e+00j],
               [-2.12036216e-08-4.89386113e-08j,
                 3.70747381e-08-2.62000071e-08j,
                 1.74014613e-04+1.12859447e-18j, ...,
                 0.00000000e+00+0.00000000e+00j,
                 0.00000000e+00+0.00000000e+00j,
                 0.00000000e+00+0.00000000e+00j],
               ...,
               [ 0.00000000e+00+0.00000000e+00j,
                 0.00000000e+00+0.00000000e+00j,
                 0.00000000e+00+0.00000000e+00j, ...,
                 2.88955500e-07-4.14843856e-22j,
                -1.28079851e-11-5.20713505e-10j,
                 1.88380507e-08-5.09998754e-09j],
               [ 0.00000000e+00+0.00000000e+00j,
                 0.00000000e+00+0.00000000e+00j,
                 0.00000000e+00+0.00000000e+00j, ...,
                -1.28079851e-11+5.20713505e-10j,
                 2.14601459e-07-2.19514063e-21j,
                -7.70773388e-11+1.54719867e-10j],
               [ 0.00000000e+00+0.00000000e+00j,
                 0.00000000e+00+0.00000000e+00j,
                 0.00000000e+00+0.00000000e+00j, ...,
                 1.88380507e-08+5.09998754e-09j,
                -7.70773388e-11-1.54719867e-10j,
                 3.88833128e-08-1.53920342e-21j]],
              dims=(2, 2, 2, 2, 2, 2, 2, 2, 2))"
data/selected_mutant_qc/mutants_qpeexact_9/qpeexact_9_Mutant_Remove_cp_P14_Q8.qasm,PureState_7,"{'011111100': 6, '010111000': 5, '001101000': 1, '010100100': 2, '001110100': 28, '011101000': 3, '000001000': 6, '000011100': 3, '000110100': 138, '010110100': 29, '011100100': 4, '001100100': 3, '011101100': 15, '011111000': 23, '000100100': 24, '000011000': 3, '010110000': 25, '000101000': 19, '000010000': 6, '000101100': 28, '010101100': 3, '000111000': 12, '000010100': 1, '011000100': 3, '000001100': 4, '000000100': 16, '011110100': 196, '000110000': 197, '001101100': 4, '011110000': 187, '001110000': 30}","DensityMatrix([[ 0.00000000e+00+0.00000000e+00j,
                 0.00000000e+00+0.00000000e+00j,
                 0.00000000e+00+0.00000000e+00j, ...,
                 0.00000000e+00+0.00000000e+00j,
                 0.00000000e+00-0.00000000e+00j,
                 0.00000000e+00+0.00000000e+00j],
               [ 0.00000000e+00+0.00000000e+00j,
                 0.00000000e+00+0.00000000e+00j,
                 0.00000000e+00+0.00000000e+00j, ...,
                 0.00000000e+00+0.00000000e+00j,
                 0.00000000e+00-0.00000000e+00j,
                 0.00000000e+00+0.00000000e+00j],
               [ 0.00000000e+00+0.00000000e+00j,
                 0.00000000e+00+0.00000000e+00j,
                 0.00000000e+00+0.00000000e+00j, ...,
                 0.00000000e+00+0.00000000e+00j,
                 0.00000000e+00-0.00000000e+00j,
                 0.00000000e+00+0.00000000e+00j],
               ...,
               [ 0.00000000e+00+0.00000000e+00j,
                 0.00000000e+00+0.00000000e+00j,
                 0.00000000e+00+0.00000000e+00j, ...,
                 1.46323711e-34+0.00000000e+00j,
                -1.40306905e-34-2.71096560e-34j,
                 4.03829487e-35-6.41531461e-35j],
               [ 0.00000000e+00+0.00000000e+00j,
                 0.00000000e+00+0.00000000e+00j,
                 0.00000000e+00+0.00000000e+00j, ...,
                -1.40306905e-34+2.71096560e-34j,
                 6.36802964e-34+0.00000000e+00j,
                 8.01352743e-35+1.36333392e-34j],
               [ 0.00000000e+00+0.00000000e+00j,
                 0.00000000e+00+0.00000000e+00j,
                 0.00000000e+00+0.00000000e+00j, ...,
                 4.03829487e-35+6.41531461e-35j,
                 8.01352743e-35-1.36333392e-34j,
                 3.92718902e-35+0.00000000e+00j]],
              dims=(2, 2, 2, 2, 2, 2, 2, 2, 2))","{'001101101': 1, '000001010': 1, '010001100': 2, '011011100': 1, '001000000': 1, '001111001': 1, '010111100': 2, '001000100': 3, '000000010': 1, '010100110': 1, '000010010': 1, '011110111': 1, '010101101': 2, '001100100': 7, '010101110': 1, '011100100': 5, '011010000': 6, '011011000': 2, '001011100': 1, '000101101': 1, '010110001': 1, '001010000': 4, '000111100': 3, '000001000': 8, '010011000': 3, '010101100': 10, '000101111': 1, '000011100': 5, '000100000': 9, '001111000': 5, '000101010': 2, '000000100': 15, '000110010': 3, '001110001': 2, '011110001': 2, '010000000': 2, '011110011': 1, '011101000': 7, '000111000': 12, '011110100': 106, '001101110': 1, '010111000': 7, '010011100': 2, '001000110': 1, '000010100': 13, '001001010': 1, '010010100': 5, '001001000': 1, '000110001': 4, '000000000': 5, '001110101': 1, '011100000': 6, '001111100': 2, '011111000': 20, '011101100': 15, '010110000': 51, '010101111': 2, '000101100': 24, '001001100': 2, '011110010': 2, '001101100': 9, '011001110': 2, '001100000': 1, '000100100': 27, '010010000': 4, '011001100': 1, '000001100': 10, '011110110': 2, '000101000': 15, '000100110': 1, '000010000': 16, '000110110': 2, '010110100': 35, '000110100': 96, '000001111': 1, '000110101': 2, '010100100': 6, '001110100': 45, '011010100': 8, '010000100': 6, '000110000': 146, '011101111': 4, '011110000': 110, '001101000': 1, '000100101': 1, '001110010': 1, '001110000': 45, '011111100': 11, '010101000': 3, '000011000': 6}","DensityMatrix([[ 1.41085247e-06+2.95309469e-21j,
                -4.87819076e-10+1.00038116e-09j,
                -1.55442913e-09+5.92215262e-09j, ...,
                 0.00000000e+00+0.00000000e+00j,
                 0.00000000e+00+0.00000000e+00j,
                 0.00000000e+00+0.00000000e+00j],
               [-4.87819076e-10-1.00038116e-09j,
                 7.51587672e-08-4.08409656e-21j,
                 2.85075260e-09+2.03593320e-09j, ...,
                 0.00000000e+00+0.00000000e+00j,
                 0.00000000e+00+0.00000000e+00j,
                 0.00000000e+00+0.00000000e+00j],
               [-1.55442913e-09-5.92215262e-09j,
                 2.85075260e-09-2.03593320e-09j,
                 1.70156299e-05+2.43483336e-20j, ...,
                 0.00000000e+00+0.00000000e+00j,
                 0.00000000e+00+0.00000000e+00j,
                 0.00000000e+00+0.00000000e+00j],
               ...,
               [ 0.00000000e+00+0.00000000e+00j,
                 0.00000000e+00+0.00000000e+00j,
                 0.00000000e+00+0.00000000e+00j, ...,
                 1.78295941e-04+1.58367364e-18j,
                -2.57716605e-08-6.37876737e-07j,
                 2.13925949e-05-8.12975075e-06j],
               [ 0.00000000e+00+0.00000000e+00j,
                 0.00000000e+00+0.00000000e+00j,
                 0.00000000e+00+0.00000000e+00j, ...,
                -2.57716605e-08+6.37876737e-07j,
                 1.74318095e-04+2.12606162e-18j,
                -5.50028181e-08+1.41782591e-07j],
               [ 0.00000000e+00+0.00000000e+00j,
                 0.00000000e+00+0.00000000e+00j,
                 0.00000000e+00+0.00000000e+00j, ...,
                 2.13925949e-05+8.12975075e-06j,
                -5.50028181e-08-1.41782591e-07j,
                 7.54797794e-05+7.95398667e-19j]],
              dims=(2, 2, 2, 2, 2, 2, 2, 2, 2))"
data/selected_mutant_qc/mutants_qpeexact_9/qpeexact_9_Mutant_Remove_cp_P14_Q8.qasm,PureState_8,"{'001101000': 15, '010011000': 6, '010101000': 69, '000111000': 33, '001001000': 26, '001111000': 1, '010111000': 29, '000101000': 228, '001011000': 59, '011011000': 236, '011101000': 126, '000001000': 3, '011001000': 50, '011111000': 3, '000011000': 140}","DensityMatrix([[ 4.81482486e-35+0.00000000e+00j,
                 8.81635396e-36-1.17085138e-36j,
                -1.33055455e-38-5.42007836e-37j, ...,
                -0.00000000e+00+0.00000000e+00j,
                -0.00000000e+00+0.00000000e+00j,
                -0.00000000e+00+0.00000000e+00j],
               [ 8.81635396e-36+1.17085138e-36j,
                 1.64282175e-36+0.00000000e+00j,
                 1.07439883e-38-9.95698053e-38j, ...,
                -0.00000000e+00+0.00000000e+00j,
                -0.00000000e+00+0.00000000e+00j,
                -0.00000000e+00+0.00000000e+00j],
               [-1.33055455e-38+5.42007836e-37j,
                 1.07439883e-38+9.95698053e-38j,
                 6.10509291e-39+0.00000000e+00j, ...,
                 0.00000000e+00-0.00000000e+00j,
                 0.00000000e+00-0.00000000e+00j,
                 0.00000000e+00-0.00000000e+00j],
               ...,
               [-0.00000000e+00+0.00000000e+00j,
                -0.00000000e+00+0.00000000e+00j,
                 0.00000000e+00+0.00000000e+00j, ...,
                 0.00000000e+00+0.00000000e+00j,
                 0.00000000e+00+0.00000000e+00j,
                 0.00000000e+00+0.00000000e+00j],
               [-0.00000000e+00+0.00000000e+00j,
                -0.00000000e+00+0.00000000e+00j,
                 0.00000000e+00+0.00000000e+00j, ...,
                 0.00000000e+00+0.00000000e+00j,
                 0.00000000e+00+0.00000000e+00j,
                 0.00000000e+00+0.00000000e+00j],
               [-0.00000000e+00+0.00000000e+00j,
                -0.00000000e+00+0.00000000e+00j,
                 0.00000000e+00+0.00000000e+00j, ...,
                 0.00000000e+00+0.00000000e+00j,
                 0.00000000e+00+0.00000000e+00j,
                 0.00000000e+00+0.00000000e+00j]],
              dims=(2, 2, 2, 2, 2, 2, 2, 2, 2))","{'001000111': 1, '011010110': 1, '001101010': 1, '001001010': 1, '000011001': 1, '011110111': 1, '000111011': 1, '001101001': 1, '010101001': 2, '010101100': 1, '010101010': 2, '011011110': 1, '000100110': 1, '000010000': 2, '010100100': 1, '001001101': 1, '001011010': 2, '010100101': 1, '000011100': 6, '010111100': 1, '011000001': 1, '010011001': 1, '010111010': 1, '011011001': 2, '001011001': 3, '001101100': 2, '000111001': 1, '001010001': 1, '011110000': 2, '000110110': 1, '001001000': 31, '010011010': 4, '011011010': 5, '000101001': 2, '011010000': 2, '011000000': 2, '010001100': 1, '001011000': 81, '011011100': 5, '001111000': 6, '000101010': 3, '000101011': 1, '001010000': 3, '000001000': 15, '000011101': 1, '000000000': 1, '000100111': 1, '000101100': 8, '011001001': 1, '011100000': 5, '001001100': 3, '010110111': 1, '000100000': 11, '000011010': 2, '011001010': 1, '000111000': 41, '000100100': 2, '010100111': 2, '001100000': 3, '010010100': 1, '010011000': 26, '010100000': 4, '000000110': 1, '011100100': 2, '010001000': 12, '000001100': 1, '000101000': 168, '011111000': 16, '011101100': 4, '001101000': 31, '001001001': 1, '010011100': 4, '010111000': 24, '000011000': 76, '010101000': 57, '001110000': 1, '011001000': 32, '001011100': 5, '011100110': 1, '011011000': 159, '011101000': 110}","DensityMatrix([[ 1.03880992e-04+1.10853436e-18j,
                -4.77734537e-08+8.53368574e-08j,
                -1.56338036e-08+4.82384905e-09j, ...,
                 0.00000000e+00+0.00000000e+00j,
                 0.00000000e+00+0.00000000e+00j,
                 0.00000000e+00+0.00000000e+00j],
               [-4.77734537e-08-8.53368574e-08j,
                 3.66468058e-06+3.26191960e-19j,
                -2.90655680e-10-1.02577404e-08j, ...,
                 0.00000000e+00+0.00000000e+00j,
                 0.00000000e+00+0.00000000e+00j,
                 0.00000000e+00+0.00000000e+00j],
               [-1.56338036e-08-4.82384905e-09j,
                -2.90655682e-10+1.02577404e-08j,
                 4.94798988e-06+6.62761847e-19j, ...,
                 0.00000000e+00+0.00000000e+00j,
                 0.00000000e+00+0.00000000e+00j,
                 0.00000000e+00+0.00000000e+00j],
               ...,
               [ 0.00000000e+00+0.00000000e+00j,
                 0.00000000e+00+0.00000000e+00j,
                 0.00000000e+00+0.00000000e+00j, ...,
                 5.52389733e-08-3.26735503e-21j,
                 1.82844602e-10+1.13992860e-10j,
                 9.77760345e-09+1.75409060e-09j],
               [ 0.00000000e+00+0.00000000e+00j,
                 0.00000000e+00+0.00000000e+00j,
                 0.00000000e+00+0.00000000e+00j, ...,
                 1.82844602e-10-1.13992860e-10j,
                 5.05724162e-07-5.06260855e-21j,
                -2.30203551e-10+3.85087204e-10j],
               [ 0.00000000e+00+0.00000000e+00j,
                 0.00000000e+00+0.00000000e+00j,
                 0.00000000e+00+0.00000000e+00j, ...,
                 9.77760345e-09-1.75409060e-09j,
                -2.30203551e-10-3.85087204e-10j,
                 2.84492876e-08-1.27009016e-21j]],
              dims=(2, 2, 2, 2, 2, 2, 2, 2, 2))"
data/selected_mutant_qc/mutants_qpeexact_9/qpeexact_9_Mutant_Remove_cp_P14_Q8.qasm,PureState_9,"{'001010010': 16, '001000010': 128, '001100010': 285, '010100010': 70, '010000010': 67, '000000010': 2, '011010010': 20, '011100010': 129, '011000010': 307}","DensityMatrix([[ 0.00000000e+00+0.00000000e+00j,
                 0.00000000e+00+0.00000000e+00j,
                 0.00000000e+00+0.00000000e+00j, ...,
                -0.00000000e+00+0.00000000e+00j,
                -0.00000000e+00+0.00000000e+00j,
                -0.00000000e+00+0.00000000e+00j],
               [ 0.00000000e+00+0.00000000e+00j,
                 0.00000000e+00+0.00000000e+00j,
                 0.00000000e+00+0.00000000e+00j, ...,
                -0.00000000e+00+0.00000000e+00j,
                -0.00000000e+00+0.00000000e+00j,
                -0.00000000e+00+0.00000000e+00j],
               [ 0.00000000e+00+0.00000000e+00j,
                 0.00000000e+00+0.00000000e+00j,
                 0.00000000e+00+0.00000000e+00j, ...,
                -0.00000000e+00+0.00000000e+00j,
                -0.00000000e+00+0.00000000e+00j,
                -0.00000000e+00+0.00000000e+00j],
               ...,
               [-0.00000000e+00+0.00000000e+00j,
                -0.00000000e+00+0.00000000e+00j,
                -0.00000000e+00+0.00000000e+00j, ...,
                 1.30226263e-35+0.00000000e+00j,
                 9.16274301e-36-2.87349250e-36j,
                 1.37796003e-35+6.92235838e-36j],
               [-0.00000000e+00+0.00000000e+00j,
                -0.00000000e+00+0.00000000e+00j,
                -0.00000000e+00+0.00000000e+00j, ...,
                 9.16274301e-36+2.87349250e-36j,
                 7.08096943e-36+0.00000000e+00j,
                 8.16790633e-36+7.91110539e-36j],
               [-0.00000000e+00+0.00000000e+00j,
                -0.00000000e+00+0.00000000e+00j,
                -0.00000000e+00+0.00000000e+00j, ...,
                 1.37796003e-35-6.92235838e-36j,
                 8.16790633e-36-7.91110539e-36j,
                 1.82602515e-35+0.00000000e+00j]],
              dims=(2, 2, 2, 2, 2, 2, 2, 2, 2))","{'010101010': 1, '010000011': 1, '001100001': 1, '011001011': 1, '000010011': 1, '010100110': 1, '000000001': 1, '011010110': 2, '010011110': 1, '010000100': 2, '011011110': 4, '000100110': 2, '001000000': 3, '011011100': 1, '000100001': 1, '001100000': 8, '010011010': 2, '011100001': 2, '010110010': 4, '011100110': 8, '011011000': 1, '001110011': 1, '000001010': 1, '011000000': 7, '000100011': 2, '011111010': 1, '000000000': 1, '001000011': 2, '001011011': 1, '001000110': 5, '001010110': 1, '001011110': 1, '011010010': 24, '011110010': 7, '001001100': 1, '001000001': 1, '001001010': 5, '001101010': 1, '010100010': 57, '001100011': 5, '010010010': 6, '010100000': 1, '011001010': 10, '000011010': 1, '011101010': 3, '001100110': 9, '001110010': 9, '010111010': 1, '011100101': 2, '010000010': 50, '000100010': 21, '001011111': 1, '011000111': 1, '011011010': 4, '000000010': 20, '001010010': 21, '001000101': 1, '001000010': 127, '001011100': 1, '011100011': 2, '011000011': 5, '000010010': 2, '001011010': 5, '010000110': 2, '001000100': 1, '001100010': 206, '011100000': 1, '011000110': 7, '011000001': 3, '011000010': 202, '011100010': 127}","DensityMatrix([[ 4.12202988e-05-7.72023167e-21j,
                -1.90472433e-08+3.37753994e-08j,
                -7.36452277e-09-1.42959529e-09j, ...,
                 0.00000000e+00+0.00000000e+00j,
                 0.00000000e+00+0.00000000e+00j,
                 0.00000000e+00+0.00000000e+00j],
               [-1.90472433e-08-3.37753994e-08j,
                 1.11528384e-06-1.30751816e-21j,
                 7.90735122e-10-3.63393634e-10j, ...,
                 0.00000000e+00+0.00000000e+00j,
                 0.00000000e+00+0.00000000e+00j,
                 0.00000000e+00+0.00000000e+00j],
               [-7.36452277e-09+1.42959529e-09j,
                 7.90735122e-10+3.63393634e-10j,
                 3.47725571e-06+7.08749584e-21j, ...,
                 0.00000000e+00+0.00000000e+00j,
                 0.00000000e+00+0.00000000e+00j,
                 0.00000000e+00+0.00000000e+00j],
               ...,
               [ 0.00000000e+00+0.00000000e+00j,
                 0.00000000e+00+0.00000000e+00j,
                 0.00000000e+00+0.00000000e+00j, ...,
                 5.94888229e-06+5.66010212e-19j,
                 9.91906438e-09+3.18452431e-09j,
                 4.77021302e-06+3.00698195e-07j],
               [ 0.00000000e+00+0.00000000e+00j,
                 0.00000000e+00+0.00000000e+00j,
                 0.00000000e+00+0.00000000e+00j, ...,
                 9.91906438e-09-3.18452431e-09j,
                 3.18920656e-05-1.16144342e-18j,
                -1.66896767e-08+3.03660332e-08j],
               [ 0.00000000e+00+0.00000000e+00j,
                 0.00000000e+00+0.00000000e+00j,
                 0.00000000e+00+0.00000000e+00j, ...,
                 4.77021302e-06-3.00698195e-07j,
                -1.66896767e-08-3.03660332e-08j,
                 1.59393602e-05-3.91501155e-19j]],
              dims=(2, 2, 2, 2, 2, 2, 2, 2, 2))"
data/selected_mutant_qc/mutants_qpeexact_9/qpeexact_9_Mutant_Remove_cp_P14_Q8.qasm,Quratest_0,"{'011001001': 1, '001110111': 1, '010110110': 1, '010000101': 1, '001110110': 2, '001101101': 1, '000111000': 1, '001111000': 1, '010010110': 1, '001001011': 4, '010000011': 1, '010110011': 1, '000110000': 1, '001010100': 1, '010001011': 1, '010010100': 1, '010111101': 1, '001000110': 1, '011101100': 1, '010101000': 1, '010101101': 2, '010101100': 1, '001011100': 2, '010111110': 2, '011011011': 1, '001110010': 24, '010010000': 3, '011011010': 14, '010001001': 3, '001101000': 1, '001111101': 1, '010001010': 28, '010001111': 5, '000101100': 2, '011010110': 2, '011001101': 10, '010000110': 1, '001110001': 2, '011011101': 1, '010101010': 4, '001100010': 6, '001110011': 1, '001011101': 2, '010110000': 1, '011001000': 2, '000001100': 1, '011001100': 7, '010001100': 3, '001010010': 103, '001001100': 1, '011011110': 4, '010111010': 4, '001001000': 3, '010000010': 6, '010011010': 3, '001011000': 1, '011100000': 1, '001101001': 1, '000111010': 3, '011101011': 1, '001010000': 7, '010010001': 3, '001110000': 4, '010001110': 49, '010011011': 1, '011001011': 7, '011000010': 6, '011001010': 46, '001001101': 8, '011001111': 11, '001010110': 1, '011010010': 132, '010111100': 2, '010100011': 1, '010110100': 1, '001001111': 11, '010011001': 2, '001011110': 3, '011100010': 4, '001111110': 1, '011000100': 1, '001101111': 3, '011101110': 2, '001001110': 72, '001011001': 2, '010101110': 10, '010100010': 6, '011110010': 1, '011010100': 4, '001000010': 3, '010110010': 11, '001111010': 6, '011010011': 7, '010001101': 1, '011010000': 13, '001011010': 17, '011101010': 9, '010010010': 41, '001101010': 14, '001001010': 32, '000010000': 1, '001101110': 20, '010011101': 1, '001001001': 6, '011010001': 20, '010101011': 2, '001010001': 10, '011001110': 116, '001010011': 6}","DensityMatrix([[ 2.60399263e-05+0.00000000e+00j,
                 3.36445942e-06-6.01145712e-06j,
                -4.25758264e-07-5.18864902e-06j, ...,
                -2.00363290e-05-1.33724998e-05j,
                -3.05372560e-05+5.25868690e-05j,
                 7.26196285e-06+1.52886069e-05j],
               [ 3.36445942e-06+6.01145712e-06j,
                 1.82247843e-06+0.00000000e+00j,
                 1.14281793e-06-7.68682154e-07j, ...,
                 4.98342159e-07-6.35327318e-06j,
                -1.60854936e-05-2.55262557e-07j,
                -2.59118342e-06+3.65181048e-06j],
               [-4.25758264e-07+5.18864902e-06j,
                 1.14281793e-06+7.68682154e-07j,
                 1.04083815e-06+0.00000000e+00j, ...,
                 2.99216824e-06-3.77374442e-06j,
                -9.97903428e-06-6.94458177e-06j,
                -3.16510326e-06+1.19702819e-06j],
               ...,
               [-2.00363290e-05+1.33724998e-05j,
                 4.98342159e-07+6.35327318e-06j,
                 2.99216824e-06+3.77374442e-06j, ...,
                 2.22841733e-05+0.00000000e+00j,
                -3.50858849e-06-5.61448308e-05j,
                -1.34389769e-05-8.03446821e-06j],
               [-3.05372560e-05-5.25868690e-05j,
                -1.60854936e-05+2.55262557e-07j,
                -9.97903428e-06+6.94458177e-06j, ...,
                -3.50858849e-06+5.61448308e-05j,
                 1.42008958e-04+0.00000000e+00j,
                 2.23587248e-05-3.25944083e-05j],
               [ 7.26196285e-06-1.52886069e-05j,
                -2.59118342e-06-3.65181048e-06j,
                -3.16510326e-06-1.19702819e-06j, ...,
                -1.34389769e-05+8.03446821e-06j,
                 2.23587248e-05+3.25944083e-05j,
                 1.10014752e-05+0.00000000e+00j]],
              dims=(2, 2, 2, 2, 2, 2, 2, 2, 2))","{'010111001': 1, '000101010': 1, '011000001': 1, '010111110': 2, '001111101': 1, '010110001': 1, '011101000': 1, '000001011': 1, '000111100': 1, '011011011': 1, '000010001': 2, '000000010': 2, '001110000': 1, '010101011': 1, '000101101': 2, '001010001': 3, '001111001': 1, '010001000': 1, '001011100': 1, '011101001': 2, '011110000': 1, '001010100': 1, '010001011': 3, '000110110': 1, '010011110': 1, '001000101': 1, '000110010': 1, '011000011': 2, '011100001': 1, '011100010': 3, '011011000': 2, '001001110': 69, '001011001': 1, '010011001': 1, '001001111': 5, '000011110': 2, '011111010': 3, '000110100': 1, '001000000': 1, '000001100': 3, '011001000': 3, '000001110': 8, '000101110': 2, '011001001': 5, '001000001': 1, '001011000': 3, '011010101': 1, '001100110': 1, '011001101': 8, '000010010': 12, '011111000': 1, '010100110': 1, '001010101': 1, '000010110': 4, '001011011': 5, '000000000': 1, '001000010': 7, '001110010': 16, '010010000': 5, '011101110': 13, '001101111': 2, '011000110': 5, '001101101': 3, '001011110': 5, '001010110': 3, '010101110': 8, '011010010': 86, '011010100': 2, '011110010': 9, '011011110': 3, '001010010': 90, '001001100': 5, '000001010': 5, '001111011': 1, '010110010': 4, '001111010': 6, '011001110': 79, '001101100': 4, '001011010': 19, '001101110': 19, '000011010': 4, '011101010': 10, '001001101': 4, '011001010': 43, '010001111': 3, '010001010': 25, '010000011': 1, '001001011': 5, '010111010': 5, '010100010': 6, '000001001': 2, '001010011': 6, '001111100': 1, '001010000': 6, '011101011': 2, '001011101': 1, '000100010': 1, '010011010': 1, '001110101': 1, '010000010': 6, '001000011': 1, '010001101': 7, '001001001': 2, '000011011': 1, '011010001': 9, '010101111': 2, '011010110': 3, '000101100': 2, '001100010': 6, '011010000': 6, '011010111': 1, '010010111': 1, '010010010': 43, '011110100': 1, '011110110': 1, '011001100': 8, '010001110': 28, '000010100': 1, '001000110': 5, '001010111': 1, '010010110': 5, '011000010': 14, '001100000': 1, '011001111': 14, '010001001': 4, '011011010': 12, '001101000': 2, '001101011': 3, '010010011': 3, '000000110': 1, '001001010': 47, '001101010': 18, '011010011': 4, '010011011': 1, '011001011': 5, '001110011': 1, '011100110': 3, '010000110': 3, '001110001': 2, '010001100': 8, '011101100': 2, '010101010': 8, '001101001': 1, '000111010': 3, '010010001': 4, '011110001': 3, '001110110': 2, '000111110': 2}","DensityMatrix([[ 4.47603763e-05+3.37179713e-21j,
                 6.55447779e-06-8.70006307e-06j,
                 9.54968172e-07-7.83228876e-06j, ...,
                -1.59490936e-05-8.37365419e-06j,
                -1.89543197e-05+4.46083681e-05j,
                 7.22590684e-06+1.19645256e-05j],
               [ 6.55447779e-06+8.70006307e-06j,
                 4.08824065e-06+9.31055361e-22j,
                 1.86217990e-06-1.11692672e-06j, ...,
                -3.80445337e-07-5.12131951e-06j,
                -1.17706422e-05+1.23480815e-06j,
                -1.81545183e-06+3.81777686e-06j],
               [ 9.54968172e-07+7.83228876e-06j,
                 1.86217990e-06+1.11692672e-06j,
                 2.75756460e-06+6.04315873e-21j, ...,
                 2.02342229e-06-2.80234633e-06j,
                -8.07451736e-06-4.39275427e-06j,
                -2.36296758e-06+1.20882609e-06j],
               ...,
               [-1.59490936e-05+8.37365419e-06j,
                -3.80445337e-07+5.12131951e-06j,
                 2.02342229e-06+2.80234633e-06j, ...,
                 5.74833280e-05-3.18933289e-18j,
                 2.80379413e-06-1.17743877e-04j,
                -2.77596445e-05-2.90334633e-05j],
               [-1.89543197e-05-4.46083681e-05j,
                -1.17706422e-05-1.23480815e-06j,
                -8.07451736e-06+4.39275427e-06j, ...,
                 2.80379413e-06+1.17743877e-04j,
                 3.46967395e-04-1.06929898e-18j,
                 6.83421635e-05-7.18019209e-05j],
               [ 7.22590684e-06-1.19645256e-05j,
                -1.81545183e-06-3.81777686e-06j,
                -2.36296758e-06-1.20882609e-06j, ...,
                -2.77596445e-05+2.90334633e-05j,
                 6.83421635e-05+7.18019209e-05j,
                 4.57861117e-05-1.17719937e-18j]],
              dims=(2, 2, 2, 2, 2, 2, 2, 2, 2))"
data/selected_mutant_qc/mutants_qpeexact_9/qpeexact_9_Mutant_Remove_cp_P14_Q8.qasm,Quratest_1,"{'000111101': 1, '010111101': 1, '000111100': 1, '001010001': 1, '010000111': 1, '001111110': 1, '011100100': 1, '011001111': 1, '001001100': 1, '010110010': 1, '011001010': 1, '011000010': 1, '010100001': 1, '011000001': 2, '011011011': 1, '010010011': 3, '000101001': 4, '001111000': 1, '010011101': 1, '010110001': 1, '011110010': 1, '011100011': 1, '000001011': 4, '001011011': 1, '000000001': 6, '001101011': 1, '001011010': 6, '000011011': 3, '010011000': 2, '001100111': 1, '010110101': 2, '010111011': 3, '010111110': 1, '000110100': 2, '000100111': 1, '000101100': 3, '001111011': 3, '010111010': 7, '001001111': 1, '010011001': 10, '000011110': 3, '000100101': 1, '000000011': 1, '000001100': 7, '001000000': 2, '001010000': 2, '011101011': 4, '001110000': 1, '010010000': 3, '001110010': 3, '000101010': 2, '000111001': 4, '010010110': 1, '000110101': 2, '010100010': 1, '010000001': 1, '000001111': 6, '010001111': 3, '010001010': 10, '001001110': 1, '011101111': 5, '001011001': 2, '000001101': 3, '011010101': 1, '011101100': 6, '001001010': 1, '001101010': 5, '000101111': 3, '000011001': 5, '010101001': 6, '001101000': 1, '010001001': 2, '011011010': 1, '011000111': 2, '011101101': 6, '011110100': 9, '000001001': 5, '000101101': 3, '000011111': 1, '001011110': 1, '010110000': 3, '000010111': 5, '000110001': 4, '000010001': 6, '011111001': 81, '011011000': 6, '011111011': 25, '000000111': 4, '010001110': 5, '000010100': 6, '000101000': 6, '000110000': 7, '010001011': 9, '001010100': 1, '010010111': 1, '010010010': 18, '011110000': 24, '011010000': 1, '011010111': 4, '001101001': 1, '000111010': 4, '001111111': 1, '000001000': 25, '011110101': 17, '010010001': 8, '000101011': 1, '001111010': 16, '000010000': 16, '000011101': 1, '010111001': 6, '000110011': 2, '000000000': 21, '000110111': 5, '011110001': 9, '011111101': 7, '011101001': 4, '011010010': 1, '010111100': 1, '000000100': 2, '001111001': 3, '011110011': 5, '011101000': 15, '010000010': 1, '010011010': 25, '000111000': 13, '010111000': 16, '011111111': 14, '010011011': 7, '011001011': 1, '011111100': 22, '011101110': 1, '010101000': 2, '000011000': 15, '010110111': 11, '000010011': 1, '010101011': 2, '000101110': 1, '000111011': 2, '011110111': 69, '010101010': 3, '000011010': 7, '011111000': 213}","DensityMatrix([[ 2.45709254e-02+0.00000000e+00j,
                -4.25437470e-03-9.92902119e-03j,
                -9.19013489e-04-5.51137467e-04j, ...,
                -7.55230937e-04+3.69924017e-04j,
                 9.57937730e-04+1.33616370e-04j,
                -5.47886351e-04-4.80055243e-04j],
               [-4.25437470e-03+9.92902119e-03j,
                 4.74891215e-03+0.00000000e+00j,
                 3.81836793e-04-2.75942359e-04j, ...,
                -1.87191978e-05-3.69237187e-04j,
                -2.19857646e-04+3.63963904e-04j,
                 2.88853285e-04-1.38278891e-04j],
               [-9.19013489e-04+5.51137467e-04j,
                 3.81836793e-04+2.75942359e-04j,
                 4.67356554e-05+0.00000000e+00j, ...,
                 1.99499378e-05-3.07762616e-05j,
                -3.88263230e-05+1.64894127e-05j,
                 3.12601730e-05+5.66590579e-06j],
               ...,
               [-7.55230937e-04-3.69924017e-04j,
                -1.87191978e-05+3.69237187e-04j,
                 1.99499378e-05+3.07762616e-05j, ...,
                 2.87826989e-05+0.00000000e+00j,
                -2.74322719e-05-1.85290290e-05j,
                 9.61285563e-06+2.30039725e-05j],
               [ 9.57937730e-04-1.33616370e-04j,
                -2.19857646e-04-3.63963904e-04j,
                -3.88263230e-05-1.64894127e-05j, ...,
                -2.74322719e-05+1.85290290e-05j,
                 3.80733739e-05+0.00000000e+00j,
                -2.39707800e-05-1.57363404e-05j],
               [-5.47886351e-04+4.80055243e-04j,
                 2.88853285e-04+1.38278891e-04j,
                 3.12601730e-05-5.66590579e-06j, ...,
                 9.61285563e-06-2.30039725e-05j,
                -2.39707800e-05+1.57363404e-05j,
                 2.15959506e-05+0.00000000e+00j]],
              dims=(2, 2, 2, 2, 2, 2, 2, 2, 2))","{'010101101': 1, '010100001': 1, '010011111': 2, '010100110': 1, '001110001': 1, '001101011': 1, '001111111': 1, '000000111': 1, '001011110': 1, '011100001': 1, '000101100': 1, '011010110': 1, '000111101': 4, '001010001': 1, '011010011': 1, '010110101': 2, '010111110': 1, '010111011': 2, '000100011': 1, '010100100': 1, '000011111': 2, '000100111': 2, '001011100': 1, '011010010': 1, '010111100': 2, '011100000': 3, '011000111': 1, '001010110': 1, '011010000': 2, '011010111': 3, '001011011': 2, '000000001': 3, '010011110': 2, '010101110': 2, '000111111': 1, '010100101': 1, '011101011': 2, '001111100': 2, '001010000': 2, '000101000': 5, '001011001': 1, '011101111': 7, '001010010': 1, '001101010': 5, '001010101': 2, '000001001': 4, '001100111': 1, '011110010': 2, '000000101': 1, '010011100': 2, '011011011': 4, '000100001': 2, '000110010': 3, '001111011': 5, '010010101': 5, '000110101': 4, '010010110': 5, '001010111': 3, '011011111': 1, '010011011': 7, '011001011': 2, '010001000': 3, '011011001': 3, '001111001': 7, '000000100': 2, '001001010': 2, '000110000': 5, '000011110': 3, '001001111': 1, '010011001': 8, '010110100': 3, '000110100': 2, '011111000': 121, '000010010': 3, '001011010': 6, '011101100': 8, '011101001': 6, '011111101': 8, '000001111': 3, '010100010': 2, '000100010': 1, '001011101': 2, '000010111': 9, '010110000': 7, '001000111': 1, '010111010': 7, '010010010': 8, '010010111': 3, '010010011': 4, '011111010': 7, '011001111': 4, '011100111': 4, '011000010': 1, '010101000': 2, '000001010': 2, '010001011': 5, '000001011': 2, '010011000': 4, '011010001': 2, '000011011': 3, '001110111': 10, '011011100': 1, '010010001': 5, '011110101': 7, '011010101': 1, '001011000': 3, '010001110': 3, '000010100': 2, '011000000': 4, '011101101': 5, '010001100': 3, '001000000': 3, '011001000': 3, '000001100': 6, '011100011': 1, '011111100': 11, '000001000': 14, '010010100': 3, '010001111': 2, '010001010': 10, '010111001': 15, '000100000': 2, '010000100': 1, '010110111': 7, '000011000': 9, '010110010': 3, '000101011': 2, '001111010': 14, '000011100': 1, '000101010': 8, '001001011': 1, '001110100': 1, '010000011': 1, '000101001': 3, '001111000': 19, '011110100': 11, '001110000': 7, '010010000': 3, '001110010': 3, '011111110': 4, '011110111': 46, '000101110': 1, '000111011': 3, '010111101': 2, '010101011': 2, '000010011': 2, '001111101': 4, '011110001': 8, '010101001': 1, '000101111': 2, '001110011': 1, '000011001': 4, '000000000': 22, '000110111': 11, '011110011': 4, '010111111': 2, '011101000': 16, '000111001': 10, '000010101': 2, '011110000': 27, '010000000': 2, '000010001': 8, '000110001': 5, '000011101': 2, '001110101': 1, '010011010': 33, '010000010': 5, '001101000': 8, '010001001': 5, '011011010': 3, '010111000': 16, '000111000': 22, '010101010': 5, '000011010': 14, '000111100': 2, '000111010': 5, '010110001': 2, '011001101': 2, '011111111': 5, '010110011': 3, '000001101': 4, '000010000': 7, '011111001': 50, '011011000': 17, '011111011': 9}","DensityMatrix([[ 2.38104097e-02+9.87074100e-18j,
                -3.81945277e-03-9.63213799e-03j,
                -8.73326031e-04-6.04824952e-04j, ...,
                -5.71509004e-04+3.08988411e-04j,
                 7.65069934e-04+7.83649275e-05j,
                -4.42195398e-04-3.62916543e-04j],
               [-3.81945277e-03+9.63213799e-03j,
                 5.16295392e-03+3.31478879e-18j,
                 3.77711570e-04-2.77621348e-04j, ...,
                -2.84802394e-05-2.90194469e-04j,
                -1.60276102e-04+2.89286900e-04j,
                 2.31705501e-04-1.21280690e-04j],
               [-8.73326031e-04+6.04824952e-04j,
                 3.77711570e-04+2.77621348e-04j,
                 2.61388359e-04+2.84816995e-19j, ...,
                 1.40063989e-05-2.32944893e-05j,
                -3.10017277e-05+1.52554769e-05j,
                 2.33106602e-05+5.45279673e-06j],
               ...,
               [-5.71509004e-04-3.08988411e-04j,
                -2.84802394e-05+2.90194469e-04j,
                 1.40063989e-05+2.32944893e-05j, ...,
                 8.82411770e-05+3.25093697e-19j,
                -6.61239519e-05-6.17307571e-05j,
                 1.12740332e-05+5.84822479e-05j],
               [ 7.65069934e-04-7.83649275e-05j,
                -1.60276102e-04-2.89286900e-04j,
                -3.10017277e-05-1.52554769e-05j, ...,
                -6.61239519e-05+6.17307571e-05j,
                 1.23429116e-04-2.92662487e-19j,
                -5.68809570e-05-5.36311379e-05j],
               [-4.42195398e-04+3.62916543e-04j,
                 2.31705501e-04+1.21280690e-04j,
                 2.33106602e-05-5.45279673e-06j, ...,
                 1.12740332e-05-5.84822479e-05j,
                -5.68809570e-05+5.36311379e-05j,
                 6.74819517e-05+7.03254054e-20j]],
              dims=(2, 2, 2, 2, 2, 2, 2, 2, 2))"
data/selected_mutant_qc/mutants_qpeexact_9/qpeexact_9_Mutant_Remove_cp_P14_Q8.qasm,Quratest_2,"{'011111110': 1, '010011010': 3, '001001000': 1, '010001110': 2, '001000000': 1, '001111110': 2, '000101010': 4, '000001010': 1, '011000100': 3, '000111000': 2, '011100010': 4, '011111000': 2, '011110000': 3, '010010010': 1, '000000000': 2, '011101000': 2, '011110100': 1, '001101110': 1, '010100010': 3, '011010100': 7, '010100110': 1, '011101100': 2, '010111110': 2, '000110100': 3, '000000100': 1, '001100000': 8, '000100100': 51, '001001010': 25, '001101010': 3, '000100010': 9, '011011010': 3, '011010000': 1, '010110110': 5, '001111100': 1, '011100000': 19, '010000100': 2, '010011110': 6, '011011110': 12, '000101000': 3, '011110110': 16, '000011010': 6, '001100110': 17, '011101110': 6, '001011100': 30, '011010010': 1, '001001110': 26, '001001100': 28, '001110110': 2, '001010010': 23, '000111110': 13, '000100000': 7, '010101110': 1, '011100100': 16, '000101110': 3, '000010000': 1, '000100110': 14, '010100100': 6, '000111010': 4, '001010000': 5, '000111100': 12, '001100100': 47, '000011110': 17, '011011000': 2, '011100110': 35, '000010100': 21, '001000110': 14, '001010110': 23, '001011110': 45, '001000010': 21, '000010110': 6, '011010110': 15, '010010100': 12, '000110000': 8, '001101100': 4, '000010010': 8, '001011010': 21, '011011100': 14, '001010100': 101, '000001110': 2, '010011100': 12, '000101100': 3, '001100010': 12, '010110100': 1, '000110110': 14, '000011100': 22, '001000100': 104}","DensityMatrix([[ 2.19518863e-05+0.00000000e+00j,
                 1.83791350e-20+1.22568267e-20j,
                 3.08377978e-05-5.96767376e-05j, ...,
                 2.59743203e-20+1.63169855e-20j,
                 1.31237991e-04-1.33974493e-05j,
                 1.79107559e-20-2.06457529e-20j],
               [ 1.83791350e-20-1.22568267e-20j,
                 2.22314564e-35+0.00000000e+00j,
                -7.50165060e-21-6.71823978e-20j, ...,
                 3.08574850e-35-8.41415735e-37j,
                 1.02398058e-19-8.44936425e-20j,
                 3.46816600e-36-2.72860428e-35j],
               [ 3.08377978e-05+5.96767376e-05j,
                -7.50165060e-21+6.71823978e-20j,
                 2.05553305e-04+0.00000000e+00j, ...,
                -7.86964833e-21+9.35337658e-20j,
                 2.20783153e-04+3.37953066e-04j,
                 8.12868387e-20+1.96878719e-20j],
               ...,
               [ 2.59743203e-20-1.63169855e-20j,
                 3.08574850e-35+8.41415735e-37j,
                -7.86964833e-21-9.35337658e-20j, ...,
                 4.28623452e-35+0.00000000e+00j,
                 1.45327448e-19-1.13402465e-19j,
                 5.84657089e-36-3.77420386e-35j],
               [ 1.31237991e-04+1.33974493e-05j,
                 1.02398058e-19+8.44936425e-20j,
                 2.20783153e-04-3.37953066e-04j, ...,
                 1.45327448e-19+1.13402465e-19j,
                 7.92774778e-04+0.00000000e+00j,
                 1.19678646e-19-1.12498245e-19j],
               [ 1.79107559e-20+2.06457529e-20j,
                 3.46816600e-36+2.72860428e-35j,
                 8.12868387e-20-1.96878719e-20j, ...,
                 5.84657089e-36+3.77420386e-35j,
                 1.19678646e-19+1.12498245e-19j,
                 3.40308927e-35+0.00000000e+00j]],
              dims=(2, 2, 2, 2, 2, 2, 2, 2, 2))","{'010010011': 1, '000010001': 1, '000010101': 1, '010001010': 1, '000000010': 1, '011101010': 1, '001010001': 1, '001110010': 1, '010010000': 1, '011110100': 1, '000110010': 1, '010110110': 3, '000111010': 3, '001000010': 6, '011111110': 2, '000010110': 2, '000011000': 1, '011010111': 1, '011010000': 2, '001110000': 1, '001110011': 1, '000111000': 4, '010000010': 1, '010011010': 3, '011011101': 1, '001010111': 1, '010010110': 2, '000011101': 2, '001011000': 2, '011010101': 1, '010011111': 1, '010110010': 2, '000000100': 3, '001100101': 3, '000101000': 2, '001111000': 1, '011000011': 2, '010101110': 2, '010001100': 1, '000011010': 5, '001101110': 7, '011010010': 7, '010111100': 3, '010111110': 4, '001001100': 28, '001010010': 15, '011011110': 14, '000001100': 3, '001000000': 3, '000001110': 5, '010011100': 6, '001111110': 7, '000001010': 1, '010011000': 4, '001101000': 6, '011011010': 7, '000101010': 4, '000011100': 13, '000010100': 12, '010001110': 3, '011010110': 6, '000101100': 4, '001100010': 12, '010100110': 4, '001010101': 2, '011101000': 5, '001011101': 2, '000100010': 15, '011101110': 8, '000110110': 13, '000011110': 17, '001001111': 2, '010110100': 6, '000110000': 5, '001111010': 4, '010100100': 19, '000100011': 2, '011000000': 1, '011110000': 4, '001000011': 2, '001011011': 1, '000100000': 6, '000111110': 16, '001110110': 7, '011101111': 1, '001001110': 25, '011100011': 1, '011111100': 4, '011100111': 1, '011000010': 3, '011001010': 2, '001001101': 2, '000110101': 1, '001110100': 3, '010100010': 5, '001011111': 1, '011010100': 12, '000100110': 18, '010100000': 2, '011001100': 3, '011110110': 12, '011111111': 1, '001100110': 14, '011000100': 13, '001000110': 13, '000000110': 8, '001001010': 12, '000010000': 2, '011100100': 20, '010111010': 1, '001001000': 1, '000011111': 1, '001010110': 13, '001011110': 25, '000001000': 1, '010010100': 12, '010011110': 9, '010110111': 1, '010000100': 6, '011001110': 6, '001101100': 5, '000010010': 5, '001011010': 13, '001100000': 7, '000100100': 43, '001000100': 69, '010000110': 1, '001011100': 25, '011101100': 5, '010101010': 4, '001100100': 53, '000110100': 9, '011000110': 6, '000101110': 4, '001010000': 7, '001111100': 4, '011100000': 11, '011111010': 1, '011011000': 3, '011100110': 23, '011011100': 11, '011100010': 5, '001000101': 2, '001010100': 60, '000111100': 6}","DensityMatrix([[ 9.05035290e-05+6.63558945e-19j,
                -8.40164100e-08+2.68106064e-08j,
                 4.05629784e-05-1.45642958e-04j, ...,
                 4.53127216e-08+1.38787494e-08j,
                 1.05314338e-04-1.08038460e-05j,
                 3.00630042e-08+7.98810510e-08j],
               [-8.40164100e-08-2.68106064e-08j,
                 1.09844245e-05+1.16630638e-18j,
                -8.20419571e-08+2.03590420e-07j, ...,
                -1.96873096e-06-3.16695872e-06j,
                -1.95224086e-07+3.62383928e-08j,
                -2.82327309e-07-4.44574945e-06j],
               [ 4.05629784e-05+1.45642958e-04j,
                -8.20419571e-08-2.03590420e-07j,
                 4.95033992e-04+1.05031857e-18j, ...,
                 1.88022752e-09+1.44093050e-07j,
                 1.69604408e-04+2.66024864e-04j,
                -2.17152704e-07+1.85390963e-07j],
               ...,
               [ 4.53127216e-08-1.38787494e-08j,
                -1.96873096e-06+3.16695872e-06j,
                 1.88022752e-09-1.44093050e-07j, ...,
                 2.19274084e-05+4.33663054e-20j,
                 2.85223020e-07-6.53343512e-07j,
                 8.70543553e-06+5.00414015e-06j],
               [ 1.05314338e-04+1.08038460e-05j,
                -1.95224086e-07-3.62383928e-08j,
                 1.69604408e-04-2.66024864e-04j, ...,
                 2.85223020e-07+6.53343512e-07j,
                 9.15337085e-04+9.19137334e-19j,
                -1.44411488e-07+1.17046023e-06j],
               [ 3.00630042e-08-7.98810510e-08j,
                -2.82327309e-07+4.44574945e-06j,
                -2.17152704e-07-1.85390963e-07j, ...,
                 8.70543553e-06-5.00414015e-06j,
                -1.44411488e-07-1.17046023e-06j,
                 3.78019410e-05-6.07769869e-19j]],
              dims=(2, 2, 2, 2, 2, 2, 2, 2, 2))"
data/selected_mutant_qc/mutants_qpeexact_9/qpeexact_9_Mutant_Remove_cp_P14_Q8.qasm,Quratest_3,"{'000011101': 1, '000101101': 1, '010101101': 1, '010111000': 1, '010000010': 1, '010101010': 1, '011011001': 1, '010000110': 1, '000111010': 1, '000010110': 1, '001001010': 2, '011000001': 1, '001010110': 3, '000000011': 1, '001101100': 3, '010110011': 1, '000010010': 2, '000001010': 1, '000101111': 1, '000111101': 1, '011100101': 2, '001001110': 29, '011101111': 4, '001011001': 1, '010010010': 6, '011010000': 23, '011010111': 14, '010000100': 3, '001000100': 3, '001010111': 6, '001011100': 1, '010101100': 9, '010110110': 6, '001101110': 2, '011010010': 14, '010111100': 4, '011000101': 4, '011011000': 3, '010101111': 1, '001100010': 1, '011010110': 3, '000101100': 16, '011000110': 1, '000111011': 1, '000101110': 11, '011000100': 4, '000101000': 1, '001100101': 1, '010010011': 4, '011101110': 2, '010001100': 8, '000100011': 2, '000110010': 10, '011100011': 4, '011000011': 1, '001100110': 2, '011001101': 14, '001010011': 22, '010001010': 1, '010001111': 5, '000110111': 2, '011001000': 2, '000001100': 5, '000001110': 8, '000010000': 9, '001110100': 3, '001001011': 2, '000110110': 4, '010110001': 2, '010011101': 1, '000011110': 1, '001001111': 57, '010110100': 12, '011010100': 7, '001011111': 1, '010010100': 9, '000010100': 1, '010001110': 11, '011011111': 1, '011001011': 3, '001110000': 8, '010010001': 4, '000111100': 7, '001010000': 31, '000110100': 17, '000111111': 1, '010100101': 1, '011001111': 46, '011001010': 2, '001001101': 12, '001100111': 2, '001110010': 2, '010010000': 25, '001010001': 65, '011001110': 20, '010110010': 16, '001110110': 1, '000111110': 4, '001001100': 27, '001010010': 9, '000001101': 2, '001011000': 1, '011010101': 25, '011010011': 36, '000110000': 24, '001010101': 11, '001010100': 5, '001000101': 3, '000001111': 6, '000110001': 3, '000010001': 13, '010110101': 1, '001000110': 4, '001000111': 7, '010010101': 1, '011001100': 10, '010101110': 26, '011110011': 1, '010111111': 1, '000010101': 6, '000101001': 1, '011000111': 4, '000010111': 1, '001011101': 1, '010110000': 39, '010101011': 1, '000010011': 7, '011010001': 63, '001000011': 4, '001011011': 1}","DensityMatrix([[ 8.09816567e-06+0.00000000e+00j,
                -4.33273582e-06+1.81569181e-07j,
                 1.64544976e-05-1.71114917e-05j, ...,
                -1.29375817e-05-2.23957321e-05j,
                -8.43646380e-06-5.93029831e-06j,
                 4.49778814e-06-1.87288299e-05j],
               [-4.33273582e-06-1.81569181e-07j,
                 2.32220083e-06+0.00000000e+00j,
                -9.18725472e-06+8.78618024e-06j, ...,
                 6.41981791e-06+1.22723911e-05j,
                 4.38077102e-06+3.36202281e-06j,
                -2.82635686e-06+9.91958126e-06j],
               [ 1.64544976e-05+1.71114917e-05j,
                -9.18725472e-06-8.78618024e-06j,
                 6.95902829e-05+0.00000000e+00j, ...,
                 2.10347605e-05-7.28426494e-05j,
                -4.61110887e-06-2.98759706e-05j,
                 4.87131379e-05-2.85508635e-05j],
               ...,
               [-1.29375817e-05+2.23957321e-05j,
                 6.41981791e-06-1.22723911e-05j,
                 2.10347605e-05+7.28426494e-05j, ...,
                 8.26051064e-05+0.00000000e+00j,
                 2.98784715e-05-1.38570966e-05j,
                 4.46095288e-05+4.23598429e-05j],
               [-8.43646380e-06+5.93029831e-06j,
                 4.38077102e-06-3.36202281e-06j,
                -4.61110887e-06+2.98759706e-05j, ...,
                 2.98784715e-05+1.38570966e-05j,
                 1.31316602e-05+0.00000000e+00j,
                 9.02946723e-06+2.28049571e-05j],
               [ 4.49778814e-06+1.87288299e-05j,
                -2.82635686e-06-9.91958126e-06j,
                 4.87131379e-05+2.85508635e-05j, ...,
                 4.46095288e-05-4.23598429e-05j,
                 9.02946723e-06-2.28049571e-05j,
                 4.58127411e-05+0.00000000e+00j]],
              dims=(2, 2, 2, 2, 2, 2, 2, 2, 2))","{'011100001': 2, '000001001': 1, '010100100': 1, '011011011': 1, '001110111': 1, '011100011': 1, '011000000': 1, '001111111': 1, '001100101': 1, '000101101': 2, '010100101': 1, '011111110': 1, '011110111': 1, '011110001': 2, '000011101': 1, '010011111': 1, '001101101': 1, '001001001': 2, '001101110': 2, '001110001': 7, '011111001': 1, '000111110': 4, '010111111': 2, '001101100': 7, '000010101': 1, '001101001': 1, '001010110': 2, '011011010': 1, '001101000': 2, '001111110': 1, '011000101': 2, '010111010': 1, '001001000': 1, '001000111': 4, '000001010': 1, '010101000': 1, '010110010': 4, '000010000': 4, '010110001': 3, '010011100': 2, '010010011': 7, '010000000': 2, '011110000': 5, '011110100': 6, '010110110': 6, '010001000': 1, '000000100': 2, '001111001': 1, '011011001': 1, '001100111': 1, '010111110': 2, '010110101': 2, '001110110': 1, '010001101': 2, '001000011': 6, '010100111': 3, '001011011': 4, '011011110': 1, '001001100': 11, '001010010': 12, '011101110': 2, '010000010': 1, '001110101': 5, '010011010': 2, '010010110': 1, '001010111': 4, '001000100': 6, '011101111': 5, '001001110': 29, '001011001': 1, '011100101': 3, '010101101': 3, '000101110': 8, '011001001': 2, '001000000': 1, '011001000': 2, '000001100': 4, '000001110': 7, '000111101': 2, '010111000': 3, '000111000': 2, '010010010': 1, '010010111': 3, '001111011': 1, '010100000': 1, '001001010': 5, '011000110': 4, '001011100': 1, '010101100': 11, '011101100': 1, '010010100': 10, '011001100': 8, '010010101': 1, '001010011': 26, '001010101': 17, '011000011': 2, '011001101': 14, '011001110': 16, '001010001': 47, '001011111': 1, '011010100': 6, '001100011': 3, '000110011': 5, '010000101': 1, '001100001': 1, '000110010': 8, '000110000': 32, '010000100': 3, '000000111': 1, '001000101': 6, '010001011': 1, '001010100': 10, '001011101': 1, '000100010': 1, '010110000': 25, '000010111': 5, '000010110': 1, '000110001': 2, '000010001': 9, '010111100': 2, '010100011': 1, '011010010': 9, '000000011': 1, '010101111': 7, '011010110': 4, '000101100': 6, '000110100': 14, '000011110': 1, '010110100': 19, '001001111': 34, '000111100': 2, '010010001': 10, '001111100': 1, '011101011': 1, '001010000': 28, '001110010': 4, '010010000': 14, '001001101': 11, '011001111': 40, '011100111': 3, '011000010': 3, '011001011': 3, '011011111': 2, '010011011': 2, '000011100': 2, '000101010': 1, '000001101': 3, '001000001': 2, '001011000': 1, '011010101': 15, '010110011': 6, '000010011': 5, '011010001': 54, '001011010': 2, '000010010': 7, '001110000': 7, '011000111': 2, '011010111': 12, '011010000': 26, '011101101': 1, '010001100': 8, '001110100': 2, '001001011': 1, '000110110': 4, '011000001': 3, '001101111': 3, '011000100': 2, '001000110': 5, '010001110': 9, '000010100': 4, '010101110': 16, '001011110': 3, '010001111': 6, '011010011': 34, '000011001': 1, '001110011': 2, '000101111': 5, '000110101': 3, '000001111': 9}","DensityMatrix([[ 1.50382380e-04+8.05090480e-19j,
                -1.84835401e-05-2.51821805e-05j,
                 8.86941953e-05+2.35859188e-05j, ...,
                -2.27084214e-05-1.31237247e-05j,
                -1.16490261e-05+2.35874969e-07j,
                -1.52426488e-05-2.82469317e-05j],
               [-1.84835401e-05+2.51821805e-05j,
                 1.68946364e-05+6.90051449e-19j,
                -2.61829132e-05+1.86277309e-05j, ...,
                 5.33808828e-06+6.70711047e-06j,
                 2.85951713e-06+1.05081092e-06j,
                 2.14531884e-06+5.38551300e-06j],
               [ 8.86941953e-05-2.35859188e-05j,
                -2.61829132e-05-1.86277309e-05j,
                 1.43763300e-04-8.70187367e-19j, ...,
                 1.17824723e-05-5.02654486e-05j,
                -4.75845646e-06-1.87341786e-05j,
                 2.23015388e-05-2.23033636e-05j],
               ...,
               [-2.27084214e-05+1.31237247e-05j,
                 5.33808828e-06-6.70711047e-06j,
                 1.17824723e-05+5.02654486e-05j, ...,
                 1.32140896e-04-5.09155276e-19j,
                 4.85763194e-05-1.99399473e-05j,
                 7.53512789e-05+9.61697659e-05j],
               [-1.16490261e-05-2.35874969e-07j,
                 2.85951713e-06-1.05081092e-06j,
                -4.75845646e-06+1.87341786e-05j, ...,
                 4.85763194e-05+1.99399473e-05j,
                 3.19782991e-05-6.07490850e-19j,
                 1.48562629e-05+5.42519524e-05j],
               [-1.52426488e-05+2.82469317e-05j,
                 2.14531884e-06-5.38551300e-06j,
                 2.23015388e-05+2.23033636e-05j, ...,
                 7.53512789e-05-9.61697659e-05j,
                 1.48562629e-05-5.42519524e-05j,
                 1.55184970e-04+4.86160220e-20j]],
              dims=(2, 2, 2, 2, 2, 2, 2, 2, 2))"
data/selected_mutant_qc/mutants_qpeexact_9/qpeexact_9_Mutant_Remove_cp_P14_Q8.qasm,Quratest_4,"{'011111110': 1, '010010010': 1, '011000001': 1, '000010000': 1, '011110011': 3, '001010011': 1, '011000111': 1, '011110100': 1, '011101010': 2, '011100100': 2, '001010001': 1, '011111100': 1, '001100011': 1, '010111001': 1, '011101000': 1, '011001011': 3, '010001000': 1, '010011101': 3, '010110001': 1, '011100010': 2, '011011011': 1, '010101101': 9, '010000100': 4, '011000000': 8, '010000101': 1, '001010110': 4, '010011100': 5, '000101011': 3, '010000010': 1, '001110101': 4, '000111010': 5, '010100110': 2, '010011111': 1, '011101100': 2, '001100000': 6, '010110110': 2, '010010011': 2, '010111111': 1, '001110001': 2, '011100000': 5, '001011011': 1, '010100111': 1, '000110011': 4, '010001111': 4, '010000111': 1, '001101101': 5, '011110101': 1, '010111101': 4, '001110011': 1, '000101111': 2, '000010011': 5, '010101011': 4, '001001011': 1, '001110100': 3, '001011110': 1, '010110010': 9, '000011011': 1, '010011000': 2, '011010001': 3, '010101000': 2, '000001010': 9, '001000100': 7, '011101101': 1, '010001100': 7, '011100011': 1, '011000011': 4, '000100100': 2, '001100101': 2, '001101011': 1, '000000110': 2, '001001010': 6, '001001100': 18, '001010010': 11, '011011110': 4, '010100010': 1, '000001111': 1, '000110101': 1, '001010101': 6, '011100110': 1, '011000100': 16, '001101111': 3, '011101110': 12, '000011100': 1, '000101010': 5, '000000010': 6, '011001100': 21, '010010101': 7, '000001011': 8, '000001100': 6, '011001000': 2, '000001110': 25, '001000000': 3, '011101011': 2, '001010000': 39, '001111100': 1, '000110000': 1, '011010011': 4, '010011110': 2, '000111110': 6, '001001111': 7, '010110100': 13, '000011110': 3, '011111010': 1, '011010000': 26, '011010111': 1, '001110010': 1, '010010000': 22, '010111010': 2, '010101111': 6, '011010110': 5, '000101100': 10, '000101110': 9, '000111011': 3, '001010100': 32, '010110000': 15, '000100010': 6, '001011101': 3, '001000101': 3, '010101110': 14, '001110000': 15, '001100100': 12, '000001101': 3, '001011000': 2, '011010101': 9, '010110011': 2, '000111101': 3, '001011100': 4, '010101100': 10, '010010110': 4, '011000010': 13, '011001010': 19, '001001101': 12, '010100100': 19, '010111011': 2, '010110101': 5, '010111110': 7, '011000110': 5, '000100110': 1, '010100000': 7, '000010001': 1, '001000010': 4, '011011010': 4, '000011010': 2, '001101110': 8, '001000011': 2, '010001101': 11, '000010100': 4, '010001110': 11, '000101101': 2, '000000101': 1, '011110010': 5, '011010100': 26, '011001101': 8, '001100110': 3, '010101010': 2, '001100001': 1, '000110010': 8, '011001110': 35, '001101100': 13, '000111100': 4, '000110100': 5, '010010100': 27, '001111110': 2, '011000101': 5, '010100101': 5, '000111111': 1, '011110000': 3, '010000000': 5, '000000011': 2, '010111100': 2, '010100011': 3, '011010010': 22, '011101111': 1, '001001110': 27, '000010010': 16}","DensityMatrix([[1.07440157e-04+0.00000000e+00j,
                5.11370634e-05+1.07579506e-04j,
                6.86227497e-04+3.16918987e-04j, ...,
                5.53791884e-05+1.64760500e-05j,
                6.47855985e-05-6.76319958e-06j,
                4.18793230e-05+1.17742036e-05j],
               [5.11370634e-05-1.07579506e-04j,
                1.32058158e-04+0.00000000e+00j,
                6.43945884e-04-5.36277217e-04j, ...,
                4.28556184e-05-4.76090973e-05j,
                2.40632893e-05-6.80886273e-05j,
                3.17222973e-05-3.63296068e-05j],
               [6.86227497e-04-3.16918987e-04j,
                6.43945884e-04+5.36277217e-04j,
                5.31780516e-03+0.00000000e+00j, ...,
                4.02310422e-04-5.81197751e-05j,
                3.93840384e-04-2.34296751e-04j,
                3.02216718e-04-4.83298842e-05j],
               ...,
               [5.53791884e-05-1.64760500e-05j,
                4.28556184e-05+4.76090973e-05j,
                4.02310422e-04+5.81197751e-05j, ...,
                3.10713873e-05+0.00000000e+00j,
                3.23560868e-05-1.34209713e-05j,
                2.33919547e-05-3.53312756e-07j],
               [6.47855985e-05+6.76319958e-06j,
                2.40632893e-05+6.80886273e-05j,
                3.93840384e-04+2.34296751e-04j, ...,
                3.23560868e-05+1.34209713e-05j,
                3.94909571e-05+0.00000000e+00j,
                2.45117448e-05+9.73599702e-06j],
               [4.18793230e-05-1.17742036e-05j,
                3.17222973e-05+3.63296068e-05j,
                3.02216718e-04+4.83298842e-05j, ...,
                2.33919547e-05+3.53312756e-07j,
                2.45117448e-05-9.73599702e-06j,
                1.76145458e-05+0.00000000e+00j]],
              dims=(2, 2, 2, 2, 2, 2, 2, 2, 2))","{'010111000': 1, '011111011': 1, '010011111': 1, '001101010': 1, '011101001': 1, '001111111': 1, '001000101': 2, '000010001': 1, '011110110': 1, '001101000': 1, '011011010': 1, '001101011': 2, '011000011': 1, '011111110': 2, '000001101': 3, '010011110': 1, '001010111': 1, '010010110': 1, '001111101': 1, '011110001': 2, '001100010': 1, '001100111': 3, '000010101': 1, '000010011': 1, '010101011': 1, '001111011': 2, '000100110': 1, '010100000': 5, '010000101': 1, '010100111': 1, '011010101': 3, '001011000': 1, '001111010': 1, '000101011': 2, '000110011': 3, '000110111': 1, '000000000': 2, '001010110': 2, '000100000': 3, '010001110': 4, '000010100': 4, '010011100': 3, '000111110': 5, '010100110': 3, '000001001': 1, '000111010': 3, '000010000': 5, '010110110': 1, '011111010': 1, '011100000': 7, '011100010': 1, '011000101': 7, '001111110': 1, '001001001': 2, '011100001': 1, '000101101': 6, '000011111': 2, '010000100': 5, '010110111': 1, '001010101': 3, '001010011': 2, '010010010': 5, '011100100': 8, '010101010': 3, '001101100': 10, '000001010': 6, '010001101': 3, '001000011': 4, '011110011': 7, '010111011': 1, '010110101': 4, '010111110': 3, '000000011': 3, '000100101': 5, '011101100': 3, '001001100': 16, '001010010': 8, '011011110': 3, '000101000': 1, '001100101': 2, '010111010': 3, '001000111': 2, '001001000': 3, '011001001': 3, '000101110': 13, '000111011': 1, '010101101': 5, '000000010': 2, '011011000': 3, '011100110': 3, '011101111': 1, '001001110': 23, '011100101': 3, '011110010': 10, '001011111': 1, '000000101': 3, '011010100': 20, '001001011': 3, '001110100': 9, '000111111': 1, '010100101': 8, '001110101': 1, '010111111': 3, '000011010': 3, '001101110': 6, '011110100': 4, '011111000': 1, '000010010': 13, '000001011': 5, '011001100': 29, '010010101': 3, '010011011': 2, '011001011': 8, '000011011': 1, '010011000': 3, '011010001': 2, '011100011': 2, '001100110': 5, '011001101': 11, '011100111': 1, '011000010': 9, '011001010': 8, '001001101': 7, '010100100': 16, '001100000': 3, '011001111': 5, '000000110': 4, '001001010': 9, '011011100': 8, '010001111': 4, '001000010': 5, '010001100': 4, '011101101': 3, '011010111': 1, '011010000': 31, '011010010': 18, '010111100': 3, '011000110': 7, '010000111': 1, '001101101': 5, '010110001': 2, '010011101': 2, '000110110': 1, '000011110': 4, '001001111': 6, '010110100': 12, '011000000': 4, '000011000': 1, '000010110': 1, '000101100': 6, '011010110': 7, '010000000': 2, '011110000': 5, '011010011': 4, '000001111': 5, '010110011': 5, '001100100': 16, '000110010': 15, '001100001': 1, '000110000': 12, '001110010': 4, '010010000': 22, '010100001': 1, '001010001': 2, '011001110': 23, '000111101': 1, '010101111': 7, '000111100': 4, '011101011': 2, '001010000': 32, '001000100': 10, '001101111': 4, '011000100': 15, '000110100': 4, '010111101': 3, '001000110': 4, '010101100': 6, '001011100': 5, '011101110': 12, '001110000': 13, '011001000': 2, '001000000': 4, '000001110': 19, '000001100': 9, '000101111': 2, '001011101': 4, '010110000': 17, '000100010': 4, '010001011': 2, '001010100': 25, '000100100': 4, '010110010': 9, '001011110': 3, '010101110': 19, '010010100': 18}","DensityMatrix([[1.63188455e-04-3.36201629e-19j,
                7.13669046e-05+8.78364131e-05j,
                6.72299536e-04+2.61893744e-04j, ...,
                4.32138637e-05+1.48687526e-05j,
                5.04975697e-05-2.27608976e-06j,
                3.19946244e-05+1.09545130e-05j],
               [7.13669046e-05-8.78364131e-05j,
                1.72286204e-04+7.82863613e-20j,
                6.02636029e-04-5.19907968e-04j, ...,
                3.81308714e-05-3.49300665e-05j,
                1.99885699e-05-5.04711614e-05j,
                2.67283091e-05-2.76154444e-05j],
               [6.72299536e-04-2.61893744e-04j,
                6.02636029e-04+5.19907968e-04j,
                5.12874740e-03+9.58546774e-19j, ...,
                3.02785944e-04-3.49095821e-05j,
                3.13893711e-04-1.67082516e-04j,
                2.31068864e-04-2.80433719e-05j],
               ...,
               [4.32138637e-05-1.48687526e-05j,
                3.81308714e-05+3.49300665e-05j,
                3.02785944e-04+3.49095821e-05j, ...,
                8.34463105e-05-2.57895173e-19j,
                7.13206467e-05-3.75073634e-05j,
                5.60932525e-05-1.19255559e-05j],
               [5.04975697e-05+2.27608976e-06j,
                1.99885699e-05+5.04711614e-05j,
                3.13893711e-04+1.67082516e-04j, ...,
                7.13206467e-05+3.75073634e-05j,
                1.02664185e-04-1.13309285e-18j,
                6.05428294e-05+1.59569168e-05j],
               [3.19946244e-05-1.09545130e-05j,
                2.67283091e-05+2.76154444e-05j,
                2.31068864e-04+2.80433719e-05j, ...,
                5.60932525e-05+1.19255559e-05j,
                6.05428294e-05-1.59569168e-05j,
                5.21552449e-05+2.69401632e-19j]],
              dims=(2, 2, 2, 2, 2, 2, 2, 2, 2))"
data/selected_mutant_qc/mutants_qpeexact_9/qpeexact_9_Mutant_Remove_cp_P14_Q8.qasm,Quratest_5,"{'001111111': 1, '000001101': 1, '010011100': 1, '011110100': 1, '011000110': 1, '010100001': 1, '000100001': 1, '010001010': 3, '000111100': 1, '001101001': 1, '000111010': 2, '000000101': 1, '011101001': 2, '011111101': 1, '001111101': 1, '010000001': 1, '001100111': 1, '011101100': 1, '000001100': 1, '000000010': 3, '010001100': 1, '011010011': 1, '000010110': 1, '000011000': 1, '011011110': 1, '010010011': 1, '001011100': 2, '011011011': 4, '011000001': 2, '010011110': 1, '011011001': 14, '010001000': 8, '000000100': 5, '001111001': 4, '001011010': 5, '000011011': 9, '010011000': 4, '000101000': 2, '001001010': 1, '000000110': 2, '011000101': 6, '011101011': 4, '001111100': 4, '000011100': 3, '000001000': 8, '000111001': 12, '000010101': 1, '001111010': 1, '000101011': 5, '011011101': 13, '000100111': 9, '001010111': 1, '010010110': 1, '000100011': 2, '010100100': 1, '011001010': 1, '001001101': 5, '000000001': 2, '001011011': 2, '010100111': 7, '001010001': 1, '001110011': 1, '000011001': 14, '010101001': 2, '011010111': 1, '011000111': 5, '011000011': 7, '011001101': 8, '011111111': 8, '001101011': 2, '010101000': 1, '000001010': 2, '001111011': 48, '010111000': 1, '000111000': 5, '010110011': 1, '010101101': 2, '011110111': 32, '011001001': 8, '000111011': 31, '000111111': 1, '010100101': 8, '001011001': 8, '010111100': 1, '010100011': 1, '010011001': 24, '000010011': 5, '010101011': 6, '011011000': 1, '011111001': 10, '010111101': 11, '001001001': 13, '010010101': 2, '000001001': 20, '000001011': 30, '010111001': 8, '000011101': 14, '001000011': 6, '010001101': 5, '000101001': 1, '001111000': 4, '010111011': 34, '001001011': 3, '010000011': 11, '010000100': 2, '010110111': 13, '000100101': 11, '000000011': 47, '011000010': 1, '011100111': 1, '010110001': 1, '010011101': 26, '001010101': 1, '001110111': 14, '011111000': 7, '001001000': 1, '010111010': 2, '001000111': 6, '001000001': 2, '011010101': 2, '001011000': 1, '001000101': 13, '000000111': 61, '011111011': 72, '000110011': 2, '000110111': 16, '010010111': 4, '010000111': 37, '000010111': 11, '001011101': 9, '010001001': 12, '010000101': 2, '000111101': 5, '010001011': 16, '011001011': 4, '010011011': 13, '011111010': 7, '011100001': 1, '010000010': 1, '010011010': 6, '000011010': 4}","DensityMatrix([[ 3.43005266e-04+0.00000000e+00j,
                 3.27984943e-04-7.21851212e-04j,
                -6.56096717e-05+6.17098782e-04j, ...,
                -3.16540099e-04+4.59070202e-04j,
                 6.83329556e-05+8.40534036e-05j,
                 4.68267797e-06-2.12933101e-05j],
               [ 3.27984943e-04+7.21851212e-04j,
                 1.83275115e-03+0.00000000e+00j,
                -1.36141493e-03+4.52000897e-04j, ...,
                -1.26878743e-03-2.27188176e-04j,
                -1.11548931e-04+2.24178709e-04j,
                 4.92891838e-05-1.05062187e-05j],
               [-6.56096717e-05-6.17098782e-04j,
                -1.36141493e-03-4.52000897e-04j,
                 1.12276858e-03+0.00000000e+00j, ...,
                 8.86457978e-04+4.81675010e-04j,
                 1.38149338e-04-1.39015067e-04j,
                -3.92043681e-05-4.35161770e-06j],
               ...,
               [-3.16540099e-04-4.59070202e-04j,
                -1.26878743e-03+2.27188176e-04j,
                 8.86457978e-04-4.81675010e-04j, ...,
                 9.06525689e-04+0.00000000e+00j,
                 4.94344959e-05-1.69023342e-04j,
                -3.28198446e-05+1.33832015e-05j],
               [ 6.83329556e-05-8.40534036e-05j,
                -1.11548931e-04-2.24178709e-04j,
                 1.38149338e-04+1.39015067e-04j, ...,
                 4.94344959e-05+1.69023342e-04j,
                 3.42104587e-05+0.00000000e+00j,
                -4.28504781e-06-5.38950862e-06j],
               [ 4.68267797e-06+2.12933101e-05j,
                 4.92891838e-05+1.05062187e-05j,
                -3.92043681e-05+4.35161770e-06j, ...,
                -3.28198446e-05-1.33832015e-05j,
                -4.28504781e-06+5.38950862e-06j,
                 1.38578785e-06+0.00000000e+00j]],
              dims=(2, 2, 2, 2, 2, 2, 2, 2, 2))","{'011011100': 1, '001110110': 1, '011110110': 1, '000101100': 1, '010110010': 1, '001010011': 1, '010011110': 2, '010001110': 1, '011010011': 1, '000001110': 1, '000010001': 1, '010011100': 3, '011100011': 1, '000000101': 5, '000101010': 2, '001101011': 1, '000001101': 2, '010001111': 1, '010001010': 3, '011111010': 3, '001011100': 1, '010000101': 3, '010100100': 2, '000100011': 2, '010101000': 1, '000001010': 2, '001000001': 1, '011010101': 1, '001011000': 1, '010000000': 1, '011110011': 6, '011100001': 2, '010010001': 2, '011110101': 1, '010111000': 3, '000111000': 2, '000000010': 2, '011100111': 1, '011000010': 1, '000111010': 6, '001101001': 1, '011001010': 1, '001001101': 4, '011110001': 1, '001100001': 2, '011011011': 5, '001001010': 5, '000000110': 2, '000011010': 8, '000111111': 2, '010100101': 2, '011101001': 2, '011111101': 3, '011011111': 1, '010011011': 7, '011001011': 2, '011001101': 2, '011111111': 6, '011011101': 10, '000100111': 6, '010011111': 2, '010011010': 8, '010000010': 3, '001111100': 1, '011101011': 9, '001000011': 7, '010001101': 3, '011100101': 2, '001011001': 7, '001100111': 4, '001011011': 3, '010100111': 12, '000000001': 3, '000000100': 2, '011011001': 11, '001111001': 16, '010001000': 6, '010110011': 4, '010100011': 2, '010111100': 2, '011111001': 13, '011011000': 2, '001000101': 8, '000000111': 63, '011111011': 64, '010011001': 20, '001001111': 1, '000101011': 11, '001111111': 6, '000111100': 2, '000001000': 8, '001011010': 4, '000011000': 4, '001110011': 2, '000011001': 14, '010101001': 5, '011010111': 7, '001010110': 1, '001011110': 1, '010010111': 5, '001111000': 5, '000101001': 4, '011000111': 7, '001111101': 5, '000000000': 1, '000110011': 4, '000110111': 13, '000010010': 1, '011111000': 8, '011000001': 2, '000001111': 3, '010000001': 3, '010111001': 6, '000011101': 11, '001011101': 9, '000010111': 8, '010101011': 4, '000010011': 1, '010111101': 12, '001001001': 9, '001100101': 3, '010010011': 1, '011111100': 3, '011000011': 10, '010110101': 2, '010111011': 27, '001001011': 2, '010000011': 21, '010000100': 4, '010110111': 14, '010100001': 3, '001110001': 1, '010000110': 3, '001010001': 1, '000010101': 3, '000111001': 6, '000001001': 12, '010010101': 7, '010011000': 1, '000011011': 14, '000001011': 17, '010111111': 6, '011000101': 4, '001111110': 2, '011011010': 3, '010001001': 11, '000111101': 14, '010001011': 18, '011111110': 1, '011110111': 26, '011001001': 8, '000111011': 24, '001111011': 36, '010111010': 7, '001001000': 2, '001000111': 6, '000100101': 3, '000000011': 28, '010101010': 1, '001010101': 2, '001110111': 9, '010110001': 2, '010011101': 21, '010000111': 25}","DensityMatrix([[ 8.91884403e-04+3.47085116e-19j,
                -7.45220591e-06-1.02598575e-03j,
                 1.87455344e-04+6.82239049e-04j, ...,
                -2.75057719e-04+3.52686965e-04j,
                 5.50884053e-05+7.97247777e-05j,
                 6.44460819e-06-1.55422738e-05j],
               [-7.45220591e-06+1.02598575e-03j,
                 2.57880707e-03-2.19277521e-18j,
                -1.31668958e-03+4.83020469e-04j, ...,
                -9.95508111e-04-2.14845325e-04j,
                -9.21909232e-05+1.66620529e-04j,
                 2.38863647e-05+2.15241039e-06j],
               [ 1.87455344e-04-6.82239049e-04j,
                -1.31668958e-03-4.83020469e-04j,
                 1.80400371e-03+4.88481377e-19j, ...,
                 6.84475358e-04+3.82257733e-04j,
                 1.18509227e-04-1.27514943e-04j,
                -3.16090454e-05-8.68039923e-07j],
               ...,
               [-2.75057719e-04-3.52686965e-04j,
                -9.95508111e-04+2.14845325e-04j,
                 6.84475358e-04-3.82257733e-04j, ...,
                 1.11063046e-03+6.24332178e-19j,
                 5.64414666e-05-2.01810412e-04j,
                -4.33252895e-05+1.76201029e-05j],
               [ 5.50884053e-05-7.97247777e-05j,
                -9.21909232e-05-1.66620529e-04j,
                 1.18509227e-04+1.27514943e-04j, ...,
                 5.64414666e-05+2.01810412e-04j,
                 5.11459230e-05+1.87397090e-19j,
                -7.27044262e-06-1.06207275e-05j],
               [ 6.44460819e-06+1.55422738e-05j,
                 2.38863647e-05-2.15241039e-06j,
                -3.16090454e-05+8.68039923e-07j, ...,
                -4.33252895e-05-1.76201029e-05j,
                -7.27044262e-06+1.06207275e-05j,
                 1.75035586e-05-4.17997805e-19j]],
              dims=(2, 2, 2, 2, 2, 2, 2, 2, 2))"
data/selected_mutant_qc/mutants_qpeexact_9/qpeexact_9_Mutant_Remove_cp_P14_Q8.qasm,Quratest_6,"{'010001100': 1, '000101011': 1, '011011101': 1, '011101011': 1, '001010101': 1, '010010100': 3, '001011001': 4, '000111101': 1, '011111100': 9, '011011000': 1, '011110100': 7, '000111111': 1, '001010111': 3, '001110101': 1, '010110000': 2, '010110101': 1, '000010100': 6, '000111011': 2, '010101001': 9, '001111001': 1, '010111100': 8, '011101001': 1, '001011101': 3, '001010100': 3, '010011011': 8, '001011100': 28, '000101101': 1, '000110011': 3, '011110101': 1, '011011100': 7, '001011000': 28, '011001100': 1, '000001100': 2, '000101000': 42, '001111100': 4, '011111001': 1, '010101011': 4, '010100001': 1, '010110111': 3, '000100000': 25, '001101011': 1, '001100101': 1, '000010111': 3, '001001101': 1, '010100100': 24, '010010101': 2, '000011011': 11, '010011111': 4, '010110100': 5, '010011101': 10, '001101100': 4, '000111001': 11, '000010101': 1, '011101000': 7, '001111000': 9, '010111011': 3, '000101001': 4, '011111000': 13, '001100000': 3, '000100100': 15, '010100111': 6, '010001000': 1, '001100100': 10, '010010111': 5, '010100000': 22, '001111101': 2, '000011001': 4, '000110111': 7, '000011100': 110, '000110101': 4, '010011000': 63, '010100011': 2, '010011001': 16, '010101100': 14, '000111000': 43, '011111101': 1, '010100101': 10, '001101000': 4, '000100101': 3, '000110100': 9, '011111111': 1, '010011100': 117, '010111000': 37, '010111101': 2, '000001000': 1, '010110001': 1, '000111100': 22, '010111001': 1, '001011011': 8, '000011101': 9, '010101111': 1, '000101100': 14, '000100111': 9, '010101000': 54, '000011000': 49}","DensityMatrix([[6.70204031e-36+0.00000000e+00j,
                7.06619861e-34+9.17637110e-34j,
                5.83960895e-33-1.36088932e-33j, ...,
                8.01621530e-20+9.23783618e-21j,
                1.25607202e-21+2.15405896e-22j,
                2.77763880e-20+3.11477173e-20j],
               [7.06619861e-34-9.17637110e-34j,
                2.00143454e-31+0.00000000e+00j,
                4.29358970e-31-9.43037197e-31j, ...,
                9.71661579e-18-1.00017494e-17j,
                1.61925299e-19-1.49269203e-19j,
                7.19327944e-18-5.19102922e-19j],
               [5.83960895e-33+1.36088932e-33j,
                4.29358970e-31+9.43037197e-31j,
                5.36449362e-30+0.00000000e+00j, ...,
                6.79709361e-17+2.43264978e-17j,
                1.05069882e-18+4.42739981e-19j,
                1.78773392e-17+3.27797310e-17j],
               ...,
               [8.01621530e-20-9.23783618e-21j,
                9.71661579e-18+1.00017494e-17j,
                6.79709361e-17-2.43264978e-17j, ...,
                9.71541216e-04+0.00000000e+00j,
                1.53206065e-05+8.45117685e-07j,
                3.75162258e-04+3.34267515e-04j],
               [1.25607202e-21-2.15405896e-22j,
                1.61925299e-19+1.49269203e-19j,
                1.05069882e-18-4.42739981e-19j, ...,
                1.53206065e-05-8.45117685e-07j,
                2.42331671e-07+0.00000000e+00j,
                6.20684805e-06+4.94484919e-06j],
               [2.77763880e-20-3.11477173e-20j,
                7.19327944e-18+5.19102922e-19j,
                1.78773392e-17-3.27797310e-17j, ...,
                3.75162258e-04-3.34267515e-04j,
                6.20684805e-06-4.94484919e-06j,
                2.59877283e-04+0.00000000e+00j]],
              dims=(2, 2, 2, 2, 2, 2, 2, 2, 2))","{'001000100': 1, '011000111': 1, '001010011': 1, '001100111': 1, '011111011': 2, '010001101': 1, '001110000': 1, '010101101': 1, '001001000': 1, '001110110': 1, '000000111': 1, '001010101': 1, '010011010': 3, '000011010': 1, '010000111': 1, '011110100': 4, '001100001': 1, '010010011': 1, '011010000': 1, '010010101': 4, '000010000': 3, '011000000': 1, '011000011': 1, '000011110': 4, '010110100': 3, '010011001': 6, '001100011': 1, '011100100': 2, '000111110': 2, '011101100': 3, '001110111': 1, '000000110': 1, '001111001': 5, '010001000': 4, '000000100': 1, '010101110': 1, '011011011': 4, '010000000': 2, '011110000': 2, '010111101': 2, '010011111': 6, '001111000': 13, '000101001': 6, '010011110': 4, '001011001': 1, '011100101': 3, '010101010': 1, '010010000': 2, '011011111': 4, '010011011': 10, '000001100': 3, '001000000': 1, '001100100': 6, '000110100': 7, '011111000': 10, '000001000': 5, '010010100': 3, '010010111': 4, '010100000': 19, '000110101': 2, '011111100': 11, '001110100': 5, '011111101': 1, '000111111': 1, '010100101': 6, '000010100': 5, '000101000': 49, '001100101': 1, '010111000': 27, '000111000': 35, '011100000': 1, '001010000': 1, '001111100': 8, '000101011': 2, '000100100': 14, '001100000': 8, '001011011': 2, '010100111': 7, '001011100': 27, '010101100': 10, '000100111': 7, '000101100': 14, '011110101': 1, '001011000': 23, '011011100': 15, '011011000': 8, '011111001': 2, '010101011': 5, '000110000': 5, '000111100': 33, '011101000': 9, '000111001': 4, '000010101': 2, '000001001': 2, '010011000': 40, '000011011': 10, '000000000': 3, '000110111': 2, '000101111': 1, '010101001': 11, '000011001': 7, '001011111': 1, '000000101': 2, '000100000': 20, '010111001': 5, '000011101': 7, '000110001': 3, '010111011': 4, '001101100': 3, '010011101': 12, '000110110': 1, '000011000': 47, '010101000': 47, '010011100': 77, '011100111': 3, '010100100': 18, '000100011': 3, '011101101': 2, '010001100': 3, '000100010': 1, '010110000': 4, '001011101': 5, '000010111': 5, '001010100': 5, '000111011': 5, '011110111': 1, '001001100': 5, '010100001': 1, '010000100': 2, '010110111': 4, '000011111': 3, '000101101': 2, '000011100': 53, '010100011': 3, '010111100': 25, '010010110': 1, '001010111': 4, '000000011': 1, '000100101': 6, '001101000': 17}","DensityMatrix([[ 5.29736728e-07-2.68049799e-21j,
                 5.87534972e-08-9.55902669e-08j,
                 3.22478595e-08-2.21716640e-08j, ...,
                 5.72655286e-10-3.51093192e-10j,
                 2.10039445e-09+8.24785784e-10j,
                 6.80238969e-10-4.57517293e-10j],
               [ 5.87534972e-08+9.55902669e-08j,
                 1.38213132e-06+8.20033607e-22j,
                 2.02783637e-06-4.54778198e-06j, ...,
                -3.90333090e-08-4.03745130e-08j,
                -7.03666859e-10+6.24166272e-10j,
                -3.66349850e-10-2.79218287e-08j],
               [ 3.22478595e-08+2.21716640e-08j,
                 2.02783637e-06+4.54778198e-06j,
                 2.35885829e-05-5.30980311e-21j, ...,
                 1.02276201e-07-2.64266777e-07j,
                 1.75554199e-09-3.89913444e-09j,
                 1.28352412e-07-6.50851892e-08j],
               ...,
               [ 5.72655286e-10+3.51093192e-10j,
                -3.90333090e-08+4.03745130e-08j,
                 1.02276201e-07+2.64266777e-07j, ...,
                 1.08087841e-03+2.21266261e-18j,
                 2.09225222e-05-5.46853756e-08j,
                 3.88716388e-04+3.36508844e-04j],
               [ 2.10039445e-09-8.24785784e-10j,
                -7.03666859e-10-6.24166272e-10j,
                 1.75554199e-09+3.89913444e-09j, ...,
                 2.09225222e-05+5.46853756e-08j,
                 1.10239030e-04+4.33241886e-19j,
                 1.29770956e-05-1.17144275e-05j],
               [ 6.80238969e-10+4.57517293e-10j,
                -3.66349850e-10+2.79218287e-08j,
                 1.28352412e-07+6.50851892e-08j, ...,
                 3.88716388e-04-3.36508844e-04j,
                 1.29770956e-05+1.17144275e-05j,
                 3.19383323e-04-7.45649924e-19j]],
              dims=(2, 2, 2, 2, 2, 2, 2, 2, 2))"
data/selected_mutant_qc/mutants_qpeexact_9/qpeexact_9_Mutant_Remove_cp_P14_Q8.qasm,Quratest_7,"{'011010011': 1, '010111111': 2, '000111000': 1, '010000000': 1, '010111101': 1, '010011010': 1, '011100010': 1, '010010011': 3, '001010011': 1, '010101011': 2, '000010011': 2, '011111011': 1, '001001010': 1, '000111101': 5, '000100101': 14, '000000011': 5, '011111111': 5, '000111001': 28, '000010101': 4, '001011001': 6, '011100101': 4, '000001101': 1, '001000001': 24, '011010101': 4, '000110101': 1, '010100100': 1, '000100011': 8, '011100111': 3, '010001011': 3, '011101011': 3, '011011011': 25, '011111001': 4, '000100111': 10, '011011101': 15, '000100001': 18, '001100001': 1, '011110111': 3, '011001001': 11, '000111011': 9, '001000101': 20, '000000111': 5, '010101001': 7, '000011001': 27, '001110011': 2, '010010111': 6, '011000101': 7, '010011111': 13, '000000000': 2, '000110111': 16, '000110011': 2, '000011111': 18, '000101101': 2, '010000101': 11, '011010111': 5, '000100110': 1, '001111011': 9, '000010001': 1, '001011101': 9, '000010111': 7, '001010101': 3, '001110111': 7, '011100011': 18, '011000011': 8, '001011111': 5, '000000101': 5, '000000001': 5, '010100111': 12, '001011011': 11, '000011101': 17, '010001101': 2, '001000011': 20, '010111001': 7, '001111101': 5, '000101001': 7, '011000111': 12, '010111010': 1, '001000111': 28, '000100100': 1, '000011010': 2, '010010001': 2, '011110101': 2, '010011011': 18, '011001011': 6, '011011111': 15, '001100011': 7, '011101001': 6, '011111101': 4, '000111111': 24, '010100101': 10, '001100111': 2, '001111111': 27, '010000011': 17, '001001011': 11, '010011101': 20, '001001001': 17, '010110101': 2, '010111011': 5, '010001000': 1, '011011001': 18, '001111001': 20, '010000111': 20, '000101011': 3, '010100001': 18, '010110111': 6, '010011001': 12, '010100011': 11, '001001101': 2, '011000001': 9, '000001111': 1, '010000001': 20, '011011010': 2, '010001001': 20, '001010111': 7, '010010101': 7, '000001001': 15, '000001011': 10, '000011011': 27, '001101011': 1, '001100101': 3, '011100001': 17}","DensityMatrix([[ 2.25938746e-04+0.00000000e+00j,
                 1.76273266e-04-1.25283025e-03j,
                -8.65916598e-21+1.25757711e-20j, ...,
                -2.16548741e-04-3.57654264e-04j,
                -4.26733680e-05+2.98438035e-05j,
                 2.83709385e-04-7.06301410e-05j],
               [ 1.76273266e-04+1.25283025e-03j,
                 7.08446839e-03+0.00000000e+00j,
                -7.64883682e-20-3.82036858e-20j, ...,
                 1.81424539e-03-1.47979798e-03j,
                -1.98776857e-04-2.13340220e-04j,
                 6.12988961e-04+1.51806408e-03j],
               [-8.65916598e-21-1.25757711e-20j,
                -7.64883682e-20+3.82036858e-20j,
                 1.03183354e-36+0.00000000e+00j, ...,
                -1.16077774e-20+2.57603229e-20j,
                 3.29657765e-21+1.23143138e-21j,
                -1.48045220e-20-1.30843701e-20j],
               ...,
               [-2.16548741e-04+3.57654264e-04j,
                 1.81424539e-03+1.47979798e-03j,
                -1.16077774e-20-2.57603229e-20j, ...,
                 7.73704967e-04+0.00000000e+00j,
                -6.34198190e-06-9.61541590e-05j,
                -1.60113039e-04+5.16798210e-04j],
               [-4.26733680e-05-2.98438035e-05j,
                -1.98776857e-04+2.13340220e-04j,
                 3.29657765e-21-1.23143138e-21j, ...,
                -6.34198190e-06+9.61541590e-05j,
                 1.20017881e-05+0.00000000e+00j,
                -6.29139857e-05-2.41345994e-05j],
               [ 2.83709385e-04+7.06301410e-05j,
                 6.12988961e-04-1.51806408e-03j,
                -1.48045220e-20+1.30843701e-20j, ...,
                -1.60113039e-04-5.16798210e-04j,
                -6.29139857e-05+2.41345994e-05j,
                 3.78331001e-04+0.00000000e+00j]],
              dims=(2, 2, 2, 2, 2, 2, 2, 2, 2))","{'000111100': 1, '001011100': 1, '001000010': 1, '001101011': 2, '010000110': 1, '000001010': 1, '000111110': 2, '011111000': 1, '011011110': 1, '010001010': 1, '010001111': 4, '001100000': 1, '011001111': 1, '000001101': 2, '010101101': 4, '010010001': 4, '011111100': 2, '000110101': 3, '010110011': 1, '001010101': 2, '000011000': 2, '001001101': 1, '001000100': 2, '011000010': 1, '011100111': 5, '000011010': 3, '001011110': 1, '001000000': 2, '011001000': 1, '001000110': 1, '010111101': 2, '000011100': 2, '010100011': 11, '011010011': 1, '010101011': 3, '000010011': 4, '011100011': 7, '011011000': 2, '011111001': 7, '001111101': 2, '010101111': 1, '001101001': 5, '011101011': 1, '001111100': 1, '011100000': 2, '000101011': 4, '011100001': 10, '010110111': 5, '010000100': 1, '011010111': 7, '001011101': 10, '000010111': 7, '001000011': 13, '010001101': 4, '001110101': 2, '010000010': 1, '000111011': 14, '000101110': 1, '011001001': 11, '010000111': 14, '011001101': 3, '011111111': 14, '011011111': 10, '010011011': 18, '011001011': 10, '000100101': 6, '000000011': 14, '010001000': 1, '001111001': 13, '011011001': 19, '010010111': 12, '011101010': 1, '010011111': 17, '000000111': 17, '001000101': 13, '001100111': 5, '010100111': 6, '001011011': 12, '000000001': 10, '011000011': 10, '000011001': 24, '010101001': 8, '000011101': 18, '010111001': 10, '011100010': 2, '000111000': 2, '011011011': 22, '000000010': 1, '010100001': 7, '001001011': 5, '010000011': 17, '010110101': 2, '010111011': 4, '001100001': 6, '000100001': 12, '000010101': 6, '000111001': 19, '001011000': 1, '011010101': 2, '001000001': 17, '001100011': 7, '000001111': 1, '010000001': 19, '010100010': 1, '011101001': 7, '011111101': 7, '010110001': 1, '010011101': 14, '000000101': 5, '001011111': 11, '010111111': 12, '011110011': 1, '000110011': 1, '000000000': 1, '000110111': 10, '011011010': 4, '010001001': 9, '001010111': 6, '010100101': 8, '000111111': 9, '001111111': 11, '001010100': 1, '010001011': 4, '000111101': 7, '011000101': 6, '001001110': 1, '011101111': 1, '001011001': 9, '011100101': 5, '001001000': 1, '001000111': 25, '000100011': 15, '001110111': 13, '010000101': 11, '000100111': 7, '011011101': 15, '011011100': 1, '011100110': 2, '011111011': 1, '011000001': 9, '001101111': 1, '011000100': 1, '000100110': 1, '010100000': 1, '001111011': 3, '011000111': 6, '000101001': 13, '000001011': 9, '000001001': 10, '010010101': 5, '011010001': 4, '000011011': 27, '011110111': 5, '001100101': 3, '010010011': 3, '001001001': 18, '000101101': 3, '000011111': 7, '000011110': 2, '010011001': 17}","DensityMatrix([[ 6.04357275e-04-4.33510413e-19j,
                 1.71898136e-04-1.23761522e-03j,
                 2.97975998e-05+4.07177047e-05j, ...,
                -1.58920563e-04-2.81641011e-04j,
                -5.85240477e-05+3.81339030e-05j,
                 2.20070112e-04-4.91599830e-05j],
               [ 1.71898136e-04+1.23761522e-03j,
                 7.24216923e-03+2.31863808e-18j,
                 8.59771623e-06-1.15940051e-06j, ...,
                 1.45344955e-03-1.10731902e-03j,
                -1.46001772e-04-1.69692883e-04j,
                 4.49307598e-04+1.19962193e-03j],
               [ 2.97975998e-05-4.07177047e-05j,
                 8.59771623e-06+1.15940051e-06j,
                 1.28723680e-04-3.05015764e-19j, ...,
                 8.82083235e-07+5.16380110e-07j,
                 3.33660738e-06+4.24586965e-06j,
                -2.23409648e-07-1.05797786e-06j],
               ...,
               [-1.58920563e-04+2.81641011e-04j,
                 1.45344955e-03+1.10731902e-03j,
                 8.82083235e-07-5.16380110e-07j, ...,
                 8.70757386e-04+3.21094883e-19j,
                 1.72066372e-05-1.00148309e-04j,
                -1.93102023e-04+3.02166879e-04j],
               [-5.85240477e-05-3.81339030e-05j,
                -1.46001772e-04+1.69692883e-04j,
                 3.33660738e-06-4.24586965e-06j, ...,
                 1.72066372e-05+1.00148309e-04j,
                 3.71096228e-05+1.66472420e-20j,
                -4.67739112e-05-4.77788951e-05j],
               [ 2.20070112e-04+4.91599830e-05j,
                 4.49307598e-04-1.19962193e-03j,
                -2.23409648e-07+1.05797786e-06j, ...,
                -1.93102023e-04-3.02166879e-04j,
                -4.67739112e-05+4.77788951e-05j,
                 5.18173461e-04-7.94708915e-21j]],
              dims=(2, 2, 2, 2, 2, 2, 2, 2, 2))"
data/selected_mutant_qc/mutants_qpeexact_9/qpeexact_9_Mutant_Remove_cp_P14_Q8.qasm,Quratest_8,"{'010111001': 1, '011000111': 1, '011100011': 1, '011100001': 1, '010110010': 2, '010101101': 5, '001011011': 1, '010100011': 1, '010111100': 1, '000001011': 2, '011110000': 1, '000111100': 1, '001101110': 2, '010100001': 1, '001111111': 1, '000101011': 8, '000101000': 2, '011000000': 1, '001011110': 2, '011000101': 2, '011001110': 3, '000111010': 2, '001101001': 4, '001101011': 2, '010001011': 1, '001010100': 3, '010111111': 1, '011101101': 4, '001110101': 1, '001010011': 6, '010111101': 4, '000111000': 1, '010101010': 6, '010110011': 4, '010010101': 1, '011001100': 7, '010001010': 4, '010001111': 3, '001110010': 3, '010010000': 4, '001010110': 12, '000100111': 2, '011011101': 2, '011001101': 8, '010111011': 1, '010111110': 1, '010110101': 7, '011111110': 2, '011100000': 2, '000010000': 2, '001101111': 3, '011000100': 3, '011000001': 2, '011101100': 1, '000111101': 30, '011110010': 1, '011010100': 7, '001010000': 3, '011101011': 1, '011111000': 1, '000010010': 2, '001001001': 29, '011010001': 3, '000010011': 2, '010101011': 3, '001000100': 1, '011010110': 4, '000101100': 2, '010101111': 5, '001110011': 2, '000101111': 14, '010101001': 4, '010100100': 1, '000100011': 3, '010110100': 1, '001001111': 11, '010011001': 1, '000011110': 7, '001000000': 1, '000001110': 8, '000001100': 3, '001000001': 24, '011010101': 4, '000001101': 7, '000100100': 1, '001010101': 9, '000111001': 1, '000010101': 6, '011110011': 1, '011011001': 4, '000110000': 3, '010001110': 8, '010010011': 2, '000010110': 3, '011101010': 1, '000100001': 2, '001100001': 1, '000110010': 16, '010110110': 3, '000111011': 11, '000101110': 39, '001101101': 5, '001011101': 5, '010110000': 2, '000101101': 34, '000011111': 3, '001010111': 3, '010010110': 3, '001001101': 36, '011001111': 8, '001101010': 6, '001001010': 42, '001001100': 13, '001010010': 13, '000111110': 39, '010110111': 2, '010011101': 2, '010110001': 4, '010010001': 3, '001000101': 2, '001000010': 33, '011110001': 1, '000000000': 1, '000110011': 16, '000110111': 8, '011001011': 3, '010011011': 1, '011011111': 1, '001110000': 1, '010000001': 1, '000001111': 5, '000110101': 25, '010101110': 8, '011100100': 1, '000110100': 3, '001010001': 14, '001001000': 2, '001000111': 3, '000011100': 1, '000101010': 13, '010011110': 7, '011011000': 4, '011100101': 2, '011101111': 2, '001001110': 42, '000011101': 3, '000010001': 3, '000110001': 16, '010001101': 6, '001000011': 12, '000110110': 22, '001001011': 35, '010010111': 1, '010010010': 4, '000111111': 16, '010001001': 2, '000001010': 5, '000101001': 11, '011010111': 4, '011010000': 10, '000001001': 3, '010101100': 3}","DensityMatrix([[ 5.86503651e-05+0.00000000e+00j,
                 1.38208335e-04-8.22365889e-05j,
                -6.06460416e-05-1.80581981e-04j, ...,
                 4.43851208e-05+7.85523699e-06j,
                 2.87156934e-05+6.32875732e-06j,
                 7.58158848e-05-2.03775701e-05j],
               [ 1.38208335e-04+8.22365889e-05j,
                 4.40993001e-04+0.00000000e+00j,
                 1.10291857e-04-5.10572416e-04j, ...,
                 9.35783733e-05+8.07452801e-05j,
                 5.87940546e-05+5.51772812e-05j,
                 2.07230920e-04+5.82859068e-05j],
               [-6.06460416e-05+1.80581981e-04j,
                 1.10291857e-04+5.10572416e-04j,
                 6.18713868e-04+0.00000000e+00j, ...,
                -7.00813393e-05+1.28537376e-04j,
                -4.91787675e-05+8.18702954e-05j,
                -1.56539746e-05+2.54504838e-04j],
               ...,
               [ 4.43851208e-05-7.85523699e-06j,
                 9.35783733e-05-8.07452801e-05j,
                -7.00813393e-05-1.28537376e-04j, ...,
                 3.46416206e-05+0.00000000e+00j,
                 2.25789457e-05+9.43456719e-07j,
                 5.46463190e-05-2.55755041e-05j],
               [ 2.87156934e-05-6.32875732e-06j,
                 5.87940546e-05-5.51772812e-05j,
                -4.91787675e-05-8.18702954e-05j, ...,
                 2.25789457e-05-9.43456719e-07j,
                 1.47423501e-05+0.00000000e+00j,
                 3.49211979e-05-1.81580522e-05j],
               [ 7.58158848e-05+2.03775701e-05j,
                 2.07230920e-04-5.82859068e-05j,
                -1.56539746e-05-2.54504838e-04j, ...,
                 5.46463190e-05+2.55755041e-05j,
                 3.49211979e-05+1.81580522e-05j,
                 1.05085343e-04+0.00000000e+00j]],
              dims=(2, 2, 2, 2, 2, 2, 2, 2, 2))","{'010110011': 1, '011101001': 1, '001110000': 1, '001100011': 1, '011101000': 1, '001011010': 1, '010010111': 1, '000110000': 1, '011101010': 1, '000110001': 8, '010000010': 1, '001100101': 1, '011100100': 2, '010110101': 5, '001110001': 1, '011111000': 1, '001101000': 2, '000100011': 1, '010100100': 1, '010011111': 1, '001001010': 35, '011010110': 1, '000101111': 9, '001101011': 3, '000001110': 8, '001000101': 1, '001100110': 1, '010011110': 2, '011100001': 1, '001001101': 29, '010011100': 2, '011110011': 1, '001110011': 3, '011110001': 1, '011010000': 5, '010101010': 2, '001001100': 8, '000100101': 1, '000000011': 1, '011011101': 1, '010111111': 4, '010100110': 2, '010111000': 2, '011000001': 4, '000110100': 4, '001000001': 17, '001111011': 1, '001101010': 7, '000100110': 3, '011001110': 11, '010101101': 4, '011101111': 2, '010010011': 4, '010010100': 1, '000001000': 2, '011011011': 1, '011110101': 2, '010010001': 5, '010101100': 2, '010111001': 1, '001110101': 1, '000011101': 3, '010110001': 4, '011101101': 3, '010111110': 4, '011111011': 2, '010111011': 2, '001000110': 2, '000001010': 8, '011011110': 2, '000110010': 16, '000111100': 2, '001111001': 1, '011011001': 3, '010001000': 2, '000010110': 4, '001011111': 4, '011010100': 7, '011101100': 3, '001100100': 1, '000001001': 4, '000011010': 2, '010111101': 5, '001101110': 8, '011110000': 2, '010101111': 2, '001100001': 2, '010101011': 3, '000010011': 4, '011000010': 4, '001110010': 2, '011101110': 2, '010110111': 5, '000110111': 5, '001111111': 2, '000000001': 1, '011111110': 2, '011110111': 1, '000000010': 2, '001001000': 4, '010001001': 6, '010111010': 2, '001000111': 3, '011011000': 4, '010010000': 1, '011111001': 3, '000001100': 2, '001000100': 3, '001100010': 1, '010101001': 4, '000011001': 1, '001000000': 3, '001010101': 7, '010010101': 1, '011001100': 10, '000010100': 3, '000111010': 6, '001011110': 5, '001010110': 8, '000111111': 8, '000001101': 3, '000010111': 1, '001011101': 3, '000100010': 4, '010110000': 2, '000100001': 2, '000001111': 5, '001010010': 13, '011000101': 3, '001111110': 2, '001000010': 18, '000111011': 8, '000101110': 22, '011001001': 4, '011001101': 12, '011001010': 8, '010011101': 1, '011101011': 1, '001010000': 5, '011100010': 2, '010011001': 4, '010110100': 1, '000101001': 5, '001001111': 13, '000101010': 19, '000011110': 5, '000001011': 7, '001111000': 2, '011010001': 3, '000011011': 1, '001010011': 11, '000110101': 19, '001011000': 1, '011010101': 8, '000000000': 1, '000110011': 10, '000011111': 3, '000101101': 22, '001000011': 3, '010001101': 5, '000011100': 1, '010101110': 10, '000000110': 1, '010110010': 4, '000010001': 5, '001101001': 5, '011000011': 5, '011111111': 2, '010010010': 2, '011010111': 3, '010001110': 7, '010011011': 1, '011011111': 4, '011001011': 11, '011001111': 20, '001010111': 2, '010010110': 3, '001110110': 3, '000101011': 16, '010100001': 4, '000111110': 20, '001010100': 2, '001001001': 21, '010001011': 2, '010100011': 2, '011010010': 2, '011100101': 1, '001011001': 1, '001001110': 27, '000010010': 6, '010000001': 1, '010100010': 4, '010000011': 2, '001001011': 19, '000110110': 21, '000111101': 16, '000010000': 1, '001111101': 3, '010001111': 1, '010001010': 8, '000000101': 1, '010110110': 5, '001011011': 4, '011010011': 3, '001101111': 5, '011000100': 5, '001101101': 8, '001010001': 10, '000010101': 4, '000111001': 4}","DensityMatrix([[ 1.23991080e-04-2.58990980e-18j,
                 2.09785121e-04-1.31469458e-04j,
                -9.49673213e-05-2.65239459e-04j, ...,
                 3.25577979e-05+7.76678390e-06j,
                 2.19603470e-05+6.09978677e-06j,
                 5.67824419e-05-1.01386153e-05j],
               [ 2.09785121e-04+1.31469458e-04j,
                 6.96102913e-04+5.61716354e-20j,
                 1.52920629e-04-7.45408915e-04j, ...,
                 6.85905162e-05+6.46161579e-05j,
                 4.13849697e-05+4.23205091e-05j,
                 1.52561892e-04+5.33086492e-05j],
               [-9.49673213e-05+2.65239459e-04j,
                 1.52920629e-04+7.45408915e-04j,
                 9.49362027e-04-6.86834304e-19j, ...,
                -5.45594883e-05+9.50282878e-05j,
                -3.94264010e-05+6.33106594e-05j,
                -1.94458470e-05+1.86634134e-04j],
               ...,
               [ 3.25577979e-05-7.76678390e-06j,
                 6.85905162e-05-6.46161579e-05j,
                -5.45594883e-05-9.50282878e-05j, ...,
                 5.42792410e-05+1.67701094e-19j,
                 2.87074118e-05-2.09114719e-06j,
                 5.86788077e-05-4.19198160e-05j],
               [ 2.19603470e-05-6.09978677e-06j,
                 4.13849697e-05-4.23205091e-05j,
                -3.94264010e-05-6.33106594e-05j, ...,
                 2.87074118e-05+2.09114719e-06j,
                 2.33870563e-05+2.52131511e-19j,
                 3.99797909e-05-2.53008145e-05j],
               [ 5.67824419e-05+1.01386153e-05j,
                 1.52561892e-04-5.33086492e-05j,
                -1.94458470e-05-1.86634134e-04j, ...,
                 5.86788077e-05+4.19198160e-05j,
                 3.99797909e-05+2.53008145e-05j,
                 1.32169586e-04+8.14503283e-20j]],
              dims=(2, 2, 2, 2, 2, 2, 2, 2, 2))"
data/selected_mutant_qc/mutants_qpeexact_9/qpeexact_9_Mutant_Remove_cp_P14_Q8.qasm,Quratest_9,"{'000001001': 1, '011101110': 1, '011010111': 1, '001110110': 1, '001100111': 2, '000010000': 1, '011110110': 2, '011011100': 1, '011111011': 2, '011100110': 1, '010011111': 1, '011100011': 1, '011100100': 2, '000111101': 2, '001010110': 3, '000011111': 1, '011100001': 2, '011000001': 3, '001011110': 1, '001100011': 2, '011010100': 1, '000101010': 4, '000011100': 3, '000100100': 1, '000111111': 1, '010100001': 3, '000111011': 2, '011001001': 2, '001111101': 2, '001000011': 2, '001111110': 5, '001001001': 2, '011011011': 1, '010000101': 1, '011001110': 1, '010010011': 5, '000011110': 2, '010110100': 2, '010011001': 6, '001100000': 5, '001011000': 2, '001000001': 2, '011010101': 1, '000110000': 4, '001010000': 2, '001111100': 6, '000010100': 3, '010001110': 4, '011000100': 2, '001100001': 2, '000100001': 1, '000110010': 1, '011101010': 2, '000001011': 1, '000111110': 4, '010100100': 7, '000000111': 5, '011011010': 20, '010001001': 6, '001001000': 9, '010111010': 13, '011001011': 3, '010011011': 9, '011011111': 1, '000000011': 1, '000100101': 2, '001011011': 3, '010100111': 1, '000000001': 2, '010101011': 1, '000010011': 2, '011010001': 2, '010011000': 5, '000011011': 3, '001010011': 3, '010101100': 1, '001011100': 2, '010001011': 11, '001010100': 2, '011011110': 2, '001001100': 2, '001010010': 6, '010000111': 3, '000000010': 9, '010111000': 4, '000111000': 7, '011100010': 11, '010000100': 7, '010011110': 6, '011010110': 1, '000011000': 9, '000010110': 2, '011111110': 4, '000110111': 2, '000000000': 24, '000100000': 4, '010111001': 3, '000011010': 16, '001101110': 2, '010101001': 1, '000011001': 2, '001100010': 17, '011010010': 3, '010111100': 5, '010100011': 4, '011111100': 4, '011000011': 4, '011111001': 2, '011011000': 5, '001001010': 21, '000000110': 8, '000001100': 1, '011001000': 10, '000001110': 3, '001000000': 6, '011101111': 1, '001001110': 2, '001011001': 2, '010010000': 2, '001111011': 4, '010100000': 6, '001011101': 1, '000100010': 4, '010011010': 66, '010000010': 40, '001000110': 4, '010111011': 2, '010110101': 1, '001101010': 7, '010000110': 5, '001000100': 3, '000001010': 15, '010101000': 3, '010000011': 4, '001001011': 5, '010011101': 2, '010001100': 8, '011000000': 12, '010100110': 5, '011111101': 2, '000001111': 1, '010000001': 5, '010100010': 35, '001000010': 9, '010110010': 1, '001111010': 22, '001111111': 2, '000111010': 4, '010010100': 6, '000001000': 14, '010010001': 1, '011111010': 10, '011001010': 27, '011111111': 1, '001100110': 2, '010010110': 5, '011000010': 10, '010000000': 7, '011110000': 4, '010010111': 1, '010010010': 12, '010001111': 1, '010001010': 61, '011111000': 14, '000010010': 5, '001011010': 20, '011001100': 10, '000101000': 9, '000001101': 2, '011011001': 1, '000000100': 2, '001111001': 2, '010001000': 13, '011101000': 9, '000111001': 1, '011000110': 6, '011000111': 4, '001111000': 2, '000101001': 1, '011100000': 4, '010011100': 9, '010101010': 10}","DensityMatrix([[ 1.54251253e-02+0.00000000e+00j,
                -4.41136463e-03+3.68644303e-03j,
                 5.03745569e-03-4.98223042e-03j, ...,
                 1.09036748e-03+1.79139602e-03j,
                -2.58544797e-03-2.31836172e-03j,
                 1.02785284e-03+1.15500421e-03j],
               [-4.41136463e-03-3.68644303e-03j,
                 2.14260822e-03+0.00000000e+00j,
                -2.63134087e-03+2.20947419e-04j, ...,
                 1.16295383e-04-7.72899958e-04j,
                 1.85336927e-04+1.28091314e-03j,
                -1.79172890e-05-5.75960681e-04j],
               [ 5.03745569e-03+4.98223042e-03j,
                -2.63134087e-03-2.20947419e-04j,
                 3.25433856e-03+0.00000000e+00j, ...,
                -2.22524604e-04+9.37207309e-04j,
                -9.55238474e-05-1.59220373e-03j,
                -3.73892579e-05+7.09185957e-04j],
               ...,
               [ 1.09036748e-03-1.79139602e-03j,
                 1.16295383e-04+7.72899958e-04j,
                -2.22524604e-04-9.37207309e-04j, ...,
                 2.85119303e-04+0.00000000e+00j,
                -4.52002317e-04+1.36381063e-04j,
                 2.06792957e-04-3.77249742e-05j],
               [-2.58544797e-03+2.31836172e-03j,
                 1.85336927e-04-1.28091314e-03j,
                -9.55238474e-05+1.59220373e-03j, ...,
                -4.52002317e-04-1.36381063e-04j,
                 7.81798662e-04+0.00000000e+00j,
                -3.45875803e-04-3.91094795e-05j],
               [ 1.02785284e-03-1.15500421e-03j,
                -1.79172890e-05+5.75960681e-04j,
                -3.73892579e-05-7.09185957e-04j, ...,
                 2.06792957e-04+3.77249742e-05j,
                -3.45875803e-04+3.91094795e-05j,
                 1.54975479e-04+0.00000000e+00j]],
              dims=(2, 2, 2, 2, 2, 2, 2, 2, 2))","{'011011011': 1, '000010110': 1, '011101011': 1, '001101100': 1, '011010011': 1, '011001100': 1, '010010001': 1, '011101110': 1, '010101111': 1, '000011111': 2, '001101101': 1, '001011010': 24, '010000111': 1, '000000111': 2, '010010110': 3, '000110111': 1, '001111111': 1, '011110110': 1, '010000101': 1, '011011100': 1, '010100100': 2, '000100100': 5, '010111011': 1, '011111011': 1, '000000101': 1, '010110110': 2, '001100100': 1, '000000100': 3, '001111101': 2, '010110100': 4, '001100111': 2, '011001001': 1, '010101010': 12, '011010000': 1, '011010111': 1, '011111100': 5, '001010110': 1, '010100110': 4, '000101100': 1, '001001010': 13, '011010110': 1, '000001010': 16, '001000110': 2, '001101110': 1, '010111101': 2, '000111111': 1, '001011000': 2, '010100101': 2, '000110000': 1, '000011010': 21, '000001001': 6, '011011101': 1, '010111110': 3, '010001100': 6, '011110001': 1, '000110011': 1, '010000110': 9, '001101000': 6, '011111000': 11, '011100011': 1, '000100011': 1, '001101001': 3, '001011110': 5, '000111010': 5, '001010011': 3, '010000010': 31, '001100101': 2, '010011111': 1, '000101000': 8, '011100001': 1, '011111001': 2, '000011000': 4, '001111010': 19, '000011101': 3, '001010101': 2, '000111110': 1, '000111101': 1, '000010000': 1, '000101011': 2, '010100001': 4, '000000001': 3, '011111110': 6, '010010111': 2, '010010010': 8, '011000011': 6, '011000110': 5, '001100001': 1, '010101011': 3, '011100010': 15, '010111001': 4, '000100000': 3, '010100011': 2, '010001011': 4, '010100111': 2, '001011011': 4, '010001110': 6, '010011011': 9, '011001011': 4, '011111010': 12, '001001000': 2, '010001001': 7, '010111010': 7, '001000111': 4, '011100100': 3, '010010011': 4, '001111001': 2, '010001000': 13, '011011001': 1, '000010010': 5, '001000010': 9, '001000100': 4, '000001100': 3, '011001000': 13, '000001110': 4, '001000000': 9, '000000000': 11, '010001010': 59, '010001111': 1, '000110100': 3, '000101010': 7, '000011110': 4, '010011001': 8, '000101001': 2, '001001111': 1, '001001101': 2, '010011100': 7, '000111000': 3, '010111000': 6, '001010100': 4, '001001001': 3, '010011010': 42, '000001101': 1, '000000010': 9, '011001111': 1, '001100000': 2, '000011011': 4, '001111000': 3, '011010001': 2, '011000010': 16, '010011000': 9, '000011001': 2, '010101001': 4, '011101000': 7, '001111100': 3, '001010000': 4, '011011110': 2, '000111100': 4, '010010100': 5, '000001000': 16, '000000110': 9, '000100110': 1, '001011100': 10, '001101010': 3, '011001110': 1, '010100000': 6, '000100001': 2, '000001111': 1, '001010010': 3, '001001100': 8, '000000011': 4, '010111100': 3, '011010010': 4, '001011001': 2, '001001110': 5, '011101010': 4, '011001010': 20, '010110010': 2, '011100000': 7, '001110100': 1, '010000011': 2, '001001011': 3, '010011101': 1, '001110111': 1, '011000000': 10, '010101100': 3, '011100111': 1, '011011000': 6, '010000100': 7, '011100110': 4, '011000100': 5, '010100010': 23, '010000001': 2, '000001011': 2, '011110010': 3, '011010100': 2, '011101001': 2, '011111101': 1, '001100010': 18, '000011100': 10, '010101000': 3, '001111011': 2, '010001101': 3, '001000011': 3, '010011110': 12, '011011010': 19, '010000000': 5, '011110000': 1, '010110000': 2, '000100010': 13, '001111110': 5, '001110010': 5}","DensityMatrix([[ 1.39177030e-02+5.47578936e-19j,
                -3.86486563e-03+3.25705246e-03j,
                 4.40910095e-03-4.42530347e-03j, ...,
                 8.63540200e-04+1.37131924e-03j,
                -2.03074723e-03-1.79229844e-03j,
                 8.02824497e-04+8.91328184e-04j],
               [-3.86486563e-03-3.25705246e-03j,
                 2.18129360e-03+2.46853331e-19j,
                -2.29795565e-03+2.06459971e-04j, ...,
                 6.17702611e-05-6.71957205e-04j,
                 1.51740323e-04+9.86770972e-04j,
                -2.52532089e-05-4.82890377e-04j],
               [ 4.40910095e-03+4.42530347e-03j,
                -2.29795565e-03-2.06459971e-04j,
                 3.09586413e-03-4.02430297e-19j, ...,
                -1.56366702e-04+7.22595434e-04j,
                -8.97800543e-05-1.27042123e-03j,
                -2.26358466e-05+5.53681477e-04j],
               ...,
               [ 8.63540200e-04-1.37131924e-03j,
                 6.17702611e-05+6.71957205e-04j,
                -1.56366702e-04-7.22595434e-04j, ...,
                 3.65100571e-04-6.39873975e-20j,
                -4.89644608e-04+1.59443847e-04j,
                 2.39547360e-04-5.37469948e-05j],
               [-2.03074723e-03+1.79229844e-03j,
                 1.51740323e-04-9.86770972e-04j,
                -8.97800543e-05+1.27042123e-03j, ...,
                -4.89644608e-04-1.59443847e-04j,
                 9.35636138e-04+7.32839389e-19j,
                -3.90291343e-04-1.30285575e-05j],
               [ 8.02824497e-04-8.91328184e-04j,
                -2.52532089e-05+4.82890377e-04j,
                -2.26358466e-05-5.53681477e-04j, ...,
                 2.39547360e-04+5.37469948e-05j,
                -3.90291343e-04+1.30285575e-05j,
                 2.17289325e-04-9.45985610e-19j]],
              dims=(2, 2, 2, 2, 2, 2, 2, 2, 2))"
