Name,Input,Ideal_output_distribution,Ideal_density_matrix,Noisy_output_distribution,Noisy_density_matrix
data/selected_mutant_qc/mutants_qpeexact_4/qpeexact_4_Mutant_Add_rzz_P10_Q2_[5.497787143782138].qasm,PureState_0,"{'0101': 255, '0001': 269, '0111': 252, '0011': 248}","DensityMatrix([[ 5.49086838e-34+0.00000000e+00j,
                -1.08244507e-17+4.48363429e-18j,
                 1.37656760e-49-1.10024231e-49j,
                -4.48363429e-18+1.08244507e-17j,
                -6.01373068e-49+1.32561289e-33j,
                -4.48363429e-18-1.08244507e-17j,
                -1.74080830e-50+4.93027450e-50j,
                -1.08244507e-17-4.48363429e-18j,
                 0.00000000e+00+0.00000000e+00j,
                 0.00000000e+00+0.00000000e+00j,
                 0.00000000e+00+0.00000000e+00j,
                 0.00000000e+00+0.00000000e+00j,
                 0.00000000e+00+0.00000000e+00j,
                 0.00000000e+00+0.00000000e+00j,
                 0.00000000e+00+0.00000000e+00j,
                 0.00000000e+00+0.00000000e+00j],
               [-1.08244507e-17-4.48363429e-18j,
                 2.50000000e-01+0.00000000e+00j,
                -3.61211942e-33+1.04491540e-33j,
                 1.76776695e-01-1.76776695e-01j,
                 1.08244507e-17-2.61325357e-17j,
                 0.00000000e+00+2.50000000e-01j,
                 7.45762575e-34-8.29784332e-34j,
                 1.76776695e-01+1.76776695e-01j,
                -0.00000000e+00+0.00000000e+00j,
                -0.00000000e+00+0.00000000e+00j,
                -0.00000000e+00+0.00000000e+00j,
                -0.00000000e+00+0.00000000e+00j,
                -0.00000000e+00+0.00000000e+00j,
                -0.00000000e+00+0.00000000e+00j,
                -0.00000000e+00+0.00000000e+00j,
                -0.00000000e+00+0.00000000e+00j],
               [ 1.37656760e-49+1.10024231e-49j,
                -3.61211942e-33-1.04491540e-33j,
                 5.65570196e-65+0.00000000e+00j,
                -3.29302090e-33+1.81528737e-33j,
                -2.65621990e-49+3.32332818e-49j,
                 1.04491540e-33-3.61211942e-33j,
                -1.42433516e-65+8.87208521e-66j,
                -1.81528737e-33-3.29302090e-33j,
                 0.00000000e+00+0.00000000e+00j,
                 0.00000000e+00+0.00000000e+00j,
                 0.00000000e+00+0.00000000e+00j,
                 0.00000000e+00+0.00000000e+00j,
                 0.00000000e+00+0.00000000e+00j,
                 0.00000000e+00+0.00000000e+00j,
                 0.00000000e+00+0.00000000e+00j,
                 0.00000000e+00+0.00000000e+00j],
               [-4.48363429e-18-1.08244507e-17j,
                 1.76776695e-01+1.76776695e-01j,
                -3.29302090e-33-1.81528737e-33j,
                 2.50000000e-01+0.00000000e+00j,
                 2.61325357e-17-1.08244507e-17j,
                -1.76776695e-01+1.76776695e-01j,
                 1.11407990e-33-5.94123539e-35j,
                -2.77555756e-17+2.50000000e-01j,
                -0.00000000e+00+0.00000000e+00j,
                -0.00000000e+00+0.00000000e+00j,
                -0.00000000e+00+0.00000000e+00j,
                -0.00000000e+00+0.00000000e+00j,
                -0.00000000e+00+0.00000000e+00j,
                -0.00000000e+00+0.00000000e+00j,
                -0.00000000e+00+0.00000000e+00j,
                -0.00000000e+00+0.00000000e+00j],
               [-6.01373068e-49-1.32561289e-33j,
                 1.08244507e-17+2.61325357e-17j,
                -2.65621990e-49-3.32332818e-49j,
                 2.61325357e-17+1.08244507e-17j,
                 3.20031262e-33+0.00000000e+00j,
                -2.61325357e-17+1.08244507e-17j,
                 1.19027356e-49+4.20268301e-50j,
                -1.08244507e-17+2.61325357e-17j,
                -0.00000000e+00+0.00000000e+00j,
                -0.00000000e+00+0.00000000e+00j,
                -0.00000000e+00+0.00000000e+00j,
                -0.00000000e+00+0.00000000e+00j,
                -0.00000000e+00+0.00000000e+00j,
                -0.00000000e+00+0.00000000e+00j,
                -0.00000000e+00+0.00000000e+00j,
                -0.00000000e+00+0.00000000e+00j],
               [-4.48363429e-18+1.08244507e-17j,
                 0.00000000e+00-2.50000000e-01j,
                 1.04491540e-33+3.61211942e-33j,
                -1.76776695e-01-1.76776695e-01j,
                -2.61325357e-17-1.08244507e-17j,
                 2.50000000e-01+0.00000000e+00j,
                -8.29784332e-34-7.45762575e-34j,
                 1.76776695e-01-1.76776695e-01j,
                 0.00000000e+00+0.00000000e+00j,
                 0.00000000e+00+0.00000000e+00j,
                 0.00000000e+00+0.00000000e+00j,
                 0.00000000e+00+0.00000000e+00j,
                 0.00000000e+00+0.00000000e+00j,
                 0.00000000e+00+0.00000000e+00j,
                 0.00000000e+00+0.00000000e+00j,
                 0.00000000e+00+0.00000000e+00j],
               [-1.74080830e-50-4.93027450e-50j,
                 7.45762575e-34+8.29784332e-34j,
                -1.42433516e-65-8.87208521e-66j,
                 1.11407990e-33+5.94123539e-35j,
                 1.19027356e-49-4.20268301e-50j,
                -8.29784332e-34+7.45762575e-34j,
                 4.97881542e-66+0.00000000e+00j,
                -5.94123539e-35+1.11407990e-33j,
                -0.00000000e+00+0.00000000e+00j,
                -0.00000000e+00+0.00000000e+00j,
                -0.00000000e+00+0.00000000e+00j,
                -0.00000000e+00+0.00000000e+00j,
                -0.00000000e+00+0.00000000e+00j,
                -0.00000000e+00+0.00000000e+00j,
                -0.00000000e+00+0.00000000e+00j,
                -0.00000000e+00+0.00000000e+00j],
               [-1.08244507e-17+4.48363429e-18j,
                 1.76776695e-01-1.76776695e-01j,
                -1.81528737e-33+3.29302090e-33j,
                -2.77555756e-17-2.50000000e-01j,
                -1.08244507e-17-2.61325357e-17j,
                 1.76776695e-01+1.76776695e-01j,
                -5.94123539e-35-1.11407990e-33j,
                 2.50000000e-01+0.00000000e+00j,
                 0.00000000e+00+0.00000000e+00j,
                 0.00000000e+00+0.00000000e+00j,
                 0.00000000e+00+0.00000000e+00j,
                 0.00000000e+00+0.00000000e+00j,
                 0.00000000e+00+0.00000000e+00j,
                 0.00000000e+00+0.00000000e+00j,
                 0.00000000e+00+0.00000000e+00j,
                 0.00000000e+00+0.00000000e+00j],
               [ 0.00000000e+00+0.00000000e+00j,
                -0.00000000e+00+0.00000000e+00j,
                 0.00000000e+00+0.00000000e+00j,
                -0.00000000e+00+0.00000000e+00j,
                -0.00000000e+00+0.00000000e+00j,
                 0.00000000e+00-0.00000000e+00j,
                -0.00000000e+00+0.00000000e+00j,
                 0.00000000e+00-0.00000000e+00j,
                 0.00000000e+00+0.00000000e+00j,
                 0.00000000e+00+0.00000000e+00j,
                 0.00000000e+00+0.00000000e+00j,
                 0.00000000e+00+0.00000000e+00j,
                 0.00000000e+00+0.00000000e+00j,
                 0.00000000e+00+0.00000000e+00j,
                 0.00000000e+00+0.00000000e+00j,
                 0.00000000e+00+0.00000000e+00j],
               [ 0.00000000e+00+0.00000000e+00j,
                -0.00000000e+00+0.00000000e+00j,
                 0.00000000e+00+0.00000000e+00j,
                -0.00000000e+00+0.00000000e+00j,
                -0.00000000e+00+0.00000000e+00j,
                 0.00000000e+00-0.00000000e+00j,
                -0.00000000e+00+0.00000000e+00j,
                 0.00000000e+00-0.00000000e+00j,
                 0.00000000e+00+0.00000000e+00j,
                 0.00000000e+00+0.00000000e+00j,
                 0.00000000e+00+0.00000000e+00j,
                 0.00000000e+00+0.00000000e+00j,
                 0.00000000e+00+0.00000000e+00j,
                 0.00000000e+00+0.00000000e+00j,
                 0.00000000e+00+0.00000000e+00j,
                 0.00000000e+00+0.00000000e+00j],
               [ 0.00000000e+00+0.00000000e+00j,
                -0.00000000e+00+0.00000000e+00j,
                 0.00000000e+00+0.00000000e+00j,
                -0.00000000e+00+0.00000000e+00j,
                -0.00000000e+00+0.00000000e+00j,
                 0.00000000e+00-0.00000000e+00j,
                -0.00000000e+00+0.00000000e+00j,
                 0.00000000e+00-0.00000000e+00j,
                 0.00000000e+00+0.00000000e+00j,
                 0.00000000e+00+0.00000000e+00j,
                 0.00000000e+00+0.00000000e+00j,
                 0.00000000e+00+0.00000000e+00j,
                 0.00000000e+00+0.00000000e+00j,
                 0.00000000e+00+0.00000000e+00j,
                 0.00000000e+00+0.00000000e+00j,
                 0.00000000e+00+0.00000000e+00j],
               [ 0.00000000e+00+0.00000000e+00j,
                -0.00000000e+00+0.00000000e+00j,
                 0.00000000e+00+0.00000000e+00j,
                -0.00000000e+00+0.00000000e+00j,
                -0.00000000e+00+0.00000000e+00j,
                 0.00000000e+00-0.00000000e+00j,
                -0.00000000e+00+0.00000000e+00j,
                 0.00000000e+00-0.00000000e+00j,
                 0.00000000e+00+0.00000000e+00j,
                 0.00000000e+00+0.00000000e+00j,
                 0.00000000e+00+0.00000000e+00j,
                 0.00000000e+00+0.00000000e+00j,
                 0.00000000e+00+0.00000000e+00j,
                 0.00000000e+00+0.00000000e+00j,
                 0.00000000e+00+0.00000000e+00j,
                 0.00000000e+00+0.00000000e+00j],
               [ 0.00000000e+00+0.00000000e+00j,
                -0.00000000e+00+0.00000000e+00j,
                 0.00000000e+00+0.00000000e+00j,
                -0.00000000e+00+0.00000000e+00j,
                -0.00000000e+00+0.00000000e+00j,
                 0.00000000e+00-0.00000000e+00j,
                -0.00000000e+00+0.00000000e+00j,
                 0.00000000e+00-0.00000000e+00j,
                 0.00000000e+00+0.00000000e+00j,
                 0.00000000e+00+0.00000000e+00j,
                 0.00000000e+00+0.00000000e+00j,
                 0.00000000e+00+0.00000000e+00j,
                 0.00000000e+00+0.00000000e+00j,
                 0.00000000e+00+0.00000000e+00j,
                 0.00000000e+00+0.00000000e+00j,
                 0.00000000e+00+0.00000000e+00j],
               [ 0.00000000e+00+0.00000000e+00j,
                -0.00000000e+00+0.00000000e+00j,
                 0.00000000e+00+0.00000000e+00j,
                -0.00000000e+00+0.00000000e+00j,
                -0.00000000e+00+0.00000000e+00j,
                 0.00000000e+00-0.00000000e+00j,
                -0.00000000e+00+0.00000000e+00j,
                 0.00000000e+00-0.00000000e+00j,
                 0.00000000e+00+0.00000000e+00j,
                 0.00000000e+00+0.00000000e+00j,
                 0.00000000e+00+0.00000000e+00j,
                 0.00000000e+00+0.00000000e+00j,
                 0.00000000e+00+0.00000000e+00j,
                 0.00000000e+00+0.00000000e+00j,
                 0.00000000e+00+0.00000000e+00j,
                 0.00000000e+00+0.00000000e+00j],
               [ 0.00000000e+00+0.00000000e+00j,
                -0.00000000e+00+0.00000000e+00j,
                 0.00000000e+00+0.00000000e+00j,
                -0.00000000e+00+0.00000000e+00j,
                -0.00000000e+00+0.00000000e+00j,
                 0.00000000e+00-0.00000000e+00j,
                -0.00000000e+00+0.00000000e+00j,
                 0.00000000e+00-0.00000000e+00j,
                 0.00000000e+00+0.00000000e+00j,
                 0.00000000e+00+0.00000000e+00j,
                 0.00000000e+00+0.00000000e+00j,
                 0.00000000e+00+0.00000000e+00j,
                 0.00000000e+00+0.00000000e+00j,
                 0.00000000e+00+0.00000000e+00j,
                 0.00000000e+00+0.00000000e+00j,
                 0.00000000e+00+0.00000000e+00j],
               [ 0.00000000e+00+0.00000000e+00j,
                -0.00000000e+00+0.00000000e+00j,
                 0.00000000e+00+0.00000000e+00j,
                -0.00000000e+00+0.00000000e+00j,
                -0.00000000e+00+0.00000000e+00j,
                 0.00000000e+00-0.00000000e+00j,
                -0.00000000e+00+0.00000000e+00j,
                 0.00000000e+00-0.00000000e+00j,
                 0.00000000e+00+0.00000000e+00j,
                 0.00000000e+00+0.00000000e+00j,
                 0.00000000e+00+0.00000000e+00j,
                 0.00000000e+00+0.00000000e+00j,
                 0.00000000e+00+0.00000000e+00j,
                 0.00000000e+00+0.00000000e+00j,
                 0.00000000e+00+0.00000000e+00j,
                 0.00000000e+00+0.00000000e+00j]],
              dims=(2, 2, 2, 2))","{'0010': 2, '0000': 2, '0110': 9, '0100': 10, '0001': 256, '0011': 238, '0111': 260, '0101': 247}","DensityMatrix([[ 1.55472365e-03+1.31203207e-17j,
                -1.06188502e-05+1.03012671e-04j,
                 1.58933754e-04-1.52724187e-04j,
                 5.43013184e-05+7.50474824e-05j,
                 3.89890370e-05+2.86263185e-03j,
                -1.10754136e-04+1.02146292e-05j,
                 2.18451476e-04+1.89684382e-04j,
                -6.63142737e-05+7.38951525e-05j,
                 0.00000000e+00+0.00000000e+00j,
                 0.00000000e+00+0.00000000e+00j,
                 0.00000000e+00+0.00000000e+00j,
                 0.00000000e+00+0.00000000e+00j,
                 0.00000000e+00+0.00000000e+00j,
                 0.00000000e+00+0.00000000e+00j,
                 0.00000000e+00+0.00000000e+00j,
                 0.00000000e+00+0.00000000e+00j],
               [-1.06188502e-05-1.03012671e-04j,
                 2.45531515e-01+4.16155351e-17j,
                -1.52193181e-05-1.52299153e-05j,
                 1.69709190e-01-1.70708820e-01j,
                 8.69297292e-05-1.08463504e-04j,
                 3.96734868e-04+2.43947320e-01j,
                 1.67919915e-05-4.45574531e-05j,
                 1.70009644e-01+1.68793877e-01j,
                 0.00000000e+00+0.00000000e+00j,
                 0.00000000e+00+0.00000000e+00j,
                 0.00000000e+00+0.00000000e+00j,
                 0.00000000e+00+0.00000000e+00j,
                 0.00000000e+00+0.00000000e+00j,
                 0.00000000e+00+0.00000000e+00j,
                 0.00000000e+00+0.00000000e+00j,
                 0.00000000e+00+0.00000000e+00j],
               [ 1.58933754e-04+1.52724187e-04j,
                -1.52193181e-05+1.52299153e-05j,
                 1.17524743e-03+1.18320296e-17j,
                -4.61660354e-06+1.12382087e-05j,
                -1.74505995e-04+2.32664267e-04j,
                -3.47722636e-05-6.91918957e-06j,
                 3.82048920e-05+2.52860749e-03j,
                -1.94334981e-05+1.58558449e-05j,
                 0.00000000e+00+0.00000000e+00j,
                 0.00000000e+00+0.00000000e+00j,
                 0.00000000e+00+0.00000000e+00j,
                 0.00000000e+00+0.00000000e+00j,
                 0.00000000e+00+0.00000000e+00j,
                 0.00000000e+00+0.00000000e+00j,
                 0.00000000e+00+0.00000000e+00j,
                 0.00000000e+00+0.00000000e+00j],
               [ 5.43013184e-05-7.50474824e-05j,
                 1.69709190e-01+1.70708820e-01j,
                -4.61660354e-06-1.12382087e-05j,
                 2.45539946e-01-2.77479853e-17j,
                 1.25871862e-04-4.06289592e-05j,
                -1.69815191e-01+1.69043479e-01j,
                 1.80628202e-05-3.13491751e-05j,
                 3.96545988e-04+2.43860696e-01j,
                 0.00000000e+00+0.00000000e+00j,
                 0.00000000e+00+0.00000000e+00j,
                 0.00000000e+00+0.00000000e+00j,
                 0.00000000e+00+0.00000000e+00j,
                 0.00000000e+00+0.00000000e+00j,
                 0.00000000e+00+0.00000000e+00j,
                 0.00000000e+00+0.00000000e+00j,
                 0.00000000e+00+0.00000000e+00j],
               [ 3.89890370e-05-2.86263185e-03j,
                 8.69297292e-05+1.08463504e-04j,
                -1.74505995e-04-2.32664267e-04j,
                 1.25871862e-04+4.06289592e-05j,
                 7.30910181e-03-3.35624033e-18j,
                -8.81754770e-05+9.55471339e-05j,
                 6.00929136e-04-5.65466223e-04j,
                -2.11379355e-05+1.17920147e-04j,
                 0.00000000e+00+0.00000000e+00j,
                 0.00000000e+00+0.00000000e+00j,
                 0.00000000e+00+0.00000000e+00j,
                 0.00000000e+00+0.00000000e+00j,
                 0.00000000e+00+0.00000000e+00j,
                 0.00000000e+00+0.00000000e+00j,
                 0.00000000e+00+0.00000000e+00j,
                 0.00000000e+00+0.00000000e+00j],
               [-1.10754136e-04-1.02146292e-05j,
                 3.96734868e-04-2.43947320e-01j,
                -3.47722636e-05+6.91918957e-06j,
                -1.69815191e-01-1.69043479e-01j,
                -8.81754770e-05-9.55471339e-05j,
                 2.45498370e-01+1.38716171e-17j,
                -3.65142514e-05-3.66232496e-05j,
                 1.69620319e-01-1.70619413e-01j,
                 0.00000000e+00+0.00000000e+00j,
                 0.00000000e+00+0.00000000e+00j,
                 0.00000000e+00+0.00000000e+00j,
                 0.00000000e+00+0.00000000e+00j,
                 0.00000000e+00+0.00000000e+00j,
                 0.00000000e+00+0.00000000e+00j,
                 0.00000000e+00+0.00000000e+00j,
                 0.00000000e+00+0.00000000e+00j],
               [ 2.18451476e-04-1.89684382e-04j,
                 1.67919915e-05+4.45574531e-05j,
                 3.82048920e-05-2.52860749e-03j,
                 1.80628202e-05+3.13491751e-05j,
                 6.00929136e-04+5.65466223e-04j,
                -3.65142514e-05+3.66232496e-05j,
                 6.25728431e-03-2.28442278e-17j,
                -1.10550325e-05+2.66609946e-05j,
                 0.00000000e+00+0.00000000e+00j,
                 0.00000000e+00+0.00000000e+00j,
                 0.00000000e+00+0.00000000e+00j,
                 0.00000000e+00+0.00000000e+00j,
                 0.00000000e+00+0.00000000e+00j,
                 0.00000000e+00+0.00000000e+00j,
                 0.00000000e+00+0.00000000e+00j,
                 0.00000000e+00+0.00000000e+00j],
               [-6.63142737e-05-7.38951525e-05j,
                 1.70009644e-01-1.68793877e-01j,
                -1.94334981e-05-1.58558449e-05j,
                 3.96545988e-04-2.43860696e-01j,
                -2.11379355e-05-1.17920147e-04j,
                 1.69620319e-01+1.70619413e-01j,
                -1.10550325e-05-2.66609946e-05j,
                 2.45315285e-01-2.77481049e-17j,
                 0.00000000e+00+0.00000000e+00j,
                 0.00000000e+00+0.00000000e+00j,
                 0.00000000e+00+0.00000000e+00j,
                 0.00000000e+00+0.00000000e+00j,
                 0.00000000e+00+0.00000000e+00j,
                 0.00000000e+00+0.00000000e+00j,
                 0.00000000e+00+0.00000000e+00j,
                 0.00000000e+00+0.00000000e+00j],
               [ 0.00000000e+00+0.00000000e+00j,
                 0.00000000e+00+0.00000000e+00j,
                 0.00000000e+00+0.00000000e+00j,
                 0.00000000e+00+0.00000000e+00j,
                 0.00000000e+00+0.00000000e+00j,
                 0.00000000e+00+0.00000000e+00j,
                 0.00000000e+00+0.00000000e+00j,
                 0.00000000e+00+0.00000000e+00j,
                 1.09021936e-05+2.64188913e-20j,
                -1.02256419e-07+2.39963466e-07j,
                 9.09445823e-07-8.57104995e-07j,
                 5.59276861e-08+2.22592737e-07j,
                 7.03652955e-08-2.80886819e-06j,
                 1.37361309e-07+1.30408734e-07j,
                -1.52779404e-07-2.46300473e-07j,
                 1.74232673e-07+2.60385822e-08j],
               [ 0.00000000e+00+0.00000000e+00j,
                 0.00000000e+00+0.00000000e+00j,
                 0.00000000e+00+0.00000000e+00j,
                 0.00000000e+00+0.00000000e+00j,
                 0.00000000e+00+0.00000000e+00j,
                 0.00000000e+00+0.00000000e+00j,
                 0.00000000e+00+0.00000000e+00j,
                 0.00000000e+00+0.00000000e+00j,
                -1.02256419e-07-2.39963466e-07j,
                 4.47537599e-04-1.10756868e-20j,
                -5.76012011e-08-5.77048154e-08j,
                 3.09241587e-04-3.11063099e-04j,
                 3.18648405e-08+2.51136346e-09j,
                 6.86469163e-07-2.39430950e-04j,
                -4.16608108e-08-9.10805378e-09j,
                -1.66614754e-04-1.65993456e-04j],
               [ 0.00000000e+00+0.00000000e+00j,
                 0.00000000e+00+0.00000000e+00j,
                 0.00000000e+00+0.00000000e+00j,
                 0.00000000e+00+0.00000000e+00j,
                 0.00000000e+00+0.00000000e+00j,
                 0.00000000e+00+0.00000000e+00j,
                 0.00000000e+00+0.00000000e+00j,
                 0.00000000e+00+0.00000000e+00j,
                 9.09445823e-07+8.57104995e-07j,
                -5.76012011e-08+5.77048154e-08j,
                 9.26803257e-06+3.52783264e-20j,
                -1.74452906e-08+4.21422155e-08j,
                 2.32748488e-07-1.68084261e-07j,
                 8.97210508e-09+5.95913575e-08j,
                 6.90678137e-08-2.48090343e-06j,
                 1.72650603e-08+5.05584451e-08j],
               [ 0.00000000e+00+0.00000000e+00j,
                 0.00000000e+00+0.00000000e+00j,
                 0.00000000e+00+0.00000000e+00j,
                 0.00000000e+00+0.00000000e+00j,
                 0.00000000e+00+0.00000000e+00j,
                 0.00000000e+00+0.00000000e+00j,
                 0.00000000e+00+0.00000000e+00j,
                 0.00000000e+00+0.00000000e+00j,
                 5.59276861e-08-2.22592737e-07j,
                 3.09241587e-04+3.11063099e-04j,
                -1.74452906e-08-4.21422155e-08j,
                 4.47284408e-04+1.22106670e-19j,
                 2.20090404e-08+2.97373463e-08j,
                 1.66918705e-04-1.65589299e-04j,
                -1.95031540e-08-3.52800439e-08j,
                 6.86137952e-07-2.39345977e-04j],
               [ 0.00000000e+00+0.00000000e+00j,
                 0.00000000e+00+0.00000000e+00j,
                 0.00000000e+00+0.00000000e+00j,
                 0.00000000e+00+0.00000000e+00j,
                 0.00000000e+00+0.00000000e+00j,
                 0.00000000e+00+0.00000000e+00j,
                 0.00000000e+00+0.00000000e+00j,
                 0.00000000e+00+0.00000000e+00j,
                 7.03652955e-08+2.80886819e-06j,
                 3.18648405e-08-2.51136346e-09j,
                 2.32748488e-07+1.68084261e-07j,
                 2.20090404e-08-2.97373463e-08j,
                 5.24628337e-06-3.89038779e-20j,
                -1.14248454e-07+3.34612608e-08j,
                 4.74909079e-07-4.51329625e-07j,
                -8.34937322e-08+9.25008708e-08j],
               [ 0.00000000e+00+0.00000000e+00j,
                 0.00000000e+00+0.00000000e+00j,
                 0.00000000e+00+0.00000000e+00j,
                 0.00000000e+00+0.00000000e+00j,
                 0.00000000e+00+0.00000000e+00j,
                 0.00000000e+00+0.00000000e+00j,
                 0.00000000e+00+0.00000000e+00j,
                 0.00000000e+00+0.00000000e+00j,
                 1.37361309e-07-1.30408734e-07j,
                 6.86469163e-07+2.39430950e-04j,
                 8.97210508e-09-5.95913575e-08j,
                 1.66918705e-04+1.65589299e-04j,
                -1.14248454e-07-3.34612608e-08j,
                 4.47040049e-04-2.27322912e-20j,
                -3.65809693e-08-3.67636194e-08j,
                 3.08962288e-04-3.10782162e-04j],
               [ 0.00000000e+00+0.00000000e+00j,
                 0.00000000e+00+0.00000000e+00j,
                 0.00000000e+00+0.00000000e+00j,
                 0.00000000e+00+0.00000000e+00j,
                 0.00000000e+00+0.00000000e+00j,
                 0.00000000e+00+0.00000000e+00j,
                 0.00000000e+00+0.00000000e+00j,
                 0.00000000e+00+0.00000000e+00j,
                -1.52779404e-07+2.46300473e-07j,
                -4.16608108e-08+9.10805378e-09j,
                 6.90678137e-08+2.48090343e-06j,
                -1.95031540e-08+3.52800439e-08j,
                 4.74909079e-07+4.51329625e-07j,
                -3.65809693e-08+3.67636194e-08j,
                 4.27285705e-06-4.36280177e-20j,
                -1.12455841e-08+2.67390226e-08j],
               [ 0.00000000e+00+0.00000000e+00j,
                 0.00000000e+00+0.00000000e+00j,
                 0.00000000e+00+0.00000000e+00j,
                 0.00000000e+00+0.00000000e+00j,
                 0.00000000e+00+0.00000000e+00j,
                 0.00000000e+00+0.00000000e+00j,
                 0.00000000e+00+0.00000000e+00j,
                 0.00000000e+00+0.00000000e+00j,
                 1.74232673e-07-2.60385822e-08j,
                -1.66614754e-04+1.65993456e-04j,
                 1.72650603e-08-5.05584451e-08j,
                 6.86137952e-07+2.39345977e-04j,
                -8.34937322e-08-9.25008708e-08j,
                 3.08962288e-04+3.10782162e-04j,
                -1.12455841e-08-2.67390226e-08j,
                 4.46975048e-04-9.46253234e-20j]],
              dims=(2, 2, 2, 2))"
data/selected_mutant_qc/mutants_qpeexact_4/qpeexact_4_Mutant_Add_rzz_P10_Q2_[5.497787143782138].qasm,PureState_1,"{'0100': 142, '0000': 882}","DensityMatrix([[ 8.53553391e-01+0.00000000e+00j,
                 2.61325357e-17-1.08244507e-17j,
                 3.45304285e-18-5.08347742e-17j,
                 1.08244507e-17-2.61325357e-17j,
                -1.34436030e-16-3.53553391e-01j,
                -1.08244507e-17-2.61325357e-17j,
                -4.88120285e-17-2.91858728e-17j,
                -2.61325357e-17-1.08244507e-17j,
                 0.00000000e+00+0.00000000e+00j,
                 0.00000000e+00+0.00000000e+00j,
                 0.00000000e+00+0.00000000e+00j,
                 0.00000000e+00+0.00000000e+00j,
                 0.00000000e+00+0.00000000e+00j,
                 0.00000000e+00+0.00000000e+00j,
                 0.00000000e+00+0.00000000e+00j,
                 0.00000000e+00+0.00000000e+00j],
               [ 2.61325357e-17+1.08244507e-17j,
                 9.37349864e-34+0.00000000e+00j,
                 7.50386889e-34-1.51257587e-33j,
                 6.62806445e-34-6.62806445e-34j,
                 4.48363429e-18-1.08244507e-17j,
                 2.99349648e-49-9.37349864e-34j,
                -1.12431284e-33-1.51257587e-33j,
                -6.62806445e-34-6.62806445e-34j,
                -0.00000000e+00+0.00000000e+00j,
                -0.00000000e+00+0.00000000e+00j,
                -0.00000000e+00+0.00000000e+00j,
                -0.00000000e+00+0.00000000e+00j,
                -0.00000000e+00+0.00000000e+00j,
                -0.00000000e+00+0.00000000e+00j,
                -0.00000000e+00+0.00000000e+00j,
                -0.00000000e+00+0.00000000e+00j],
               [ 3.45304285e-18+5.08347742e-17j,
                 7.50386889e-34+1.51257587e-33j,
                 3.04151773e-33+0.00000000e+00j,
                 1.60015631e-33+5.38948995e-34j,
                 2.10564529e-17-1.43029718e-18j,
                 1.51257587e-33-7.50386889e-34j,
                 1.54074396e-33-3.02515173e-33j,
                 5.38948995e-34-1.60015631e-33j,
                -0.00000000e+00+0.00000000e+00j,
                -0.00000000e+00+0.00000000e+00j,
                -0.00000000e+00+0.00000000e+00j,
                -0.00000000e+00+0.00000000e+00j,
                -0.00000000e+00+0.00000000e+00j,
                -0.00000000e+00+0.00000000e+00j,
                -0.00000000e+00+0.00000000e+00j,
                -0.00000000e+00+0.00000000e+00j],
               [ 1.08244507e-17+2.61325357e-17j,
                 6.62806445e-34+6.62806445e-34j,
                 1.60015631e-33-5.38948995e-34j,
                 9.37349864e-34+0.00000000e+00j,
                 1.08244507e-17-4.48363429e-18j,
                 6.62806445e-34-6.62806445e-34j,
                 2.74543419e-34-1.86456189e-33j,
                 3.42113883e-49-9.37349864e-34j,
                -0.00000000e+00+0.00000000e+00j,
                -0.00000000e+00+0.00000000e+00j,
                -0.00000000e+00+0.00000000e+00j,
                -0.00000000e+00+0.00000000e+00j,
                -0.00000000e+00+0.00000000e+00j,
                -0.00000000e+00+0.00000000e+00j,
                -0.00000000e+00+0.00000000e+00j,
                -0.00000000e+00+0.00000000e+00j],
               [-1.34436030e-16+3.53553391e-01j,
                 4.48363429e-18+1.08244507e-17j,
                 2.10564529e-17+1.43029718e-18j,
                 1.08244507e-17+4.48363429e-18j,
                 1.46446609e-01+0.00000000e+00j,
                 1.08244507e-17-4.48363429e-18j,
                 1.20891843e-17-2.02186042e-17j,
                 4.48363429e-18-1.08244507e-17j,
                 0.00000000e+00-0.00000000e+00j,
                 0.00000000e+00-0.00000000e+00j,
                 0.00000000e+00-0.00000000e+00j,
                 0.00000000e+00-0.00000000e+00j,
                 0.00000000e+00-0.00000000e+00j,
                 0.00000000e+00-0.00000000e+00j,
                 0.00000000e+00-0.00000000e+00j,
                 0.00000000e+00-0.00000000e+00j],
               [-1.08244507e-17+2.61325357e-17j,
                 2.99349648e-49+9.37349864e-34j,
                 1.51257587e-33+7.50386889e-34j,
                 6.62806445e-34+6.62806445e-34j,
                 1.08244507e-17+4.48363429e-18j,
                 9.37349864e-34+0.00000000e+00j,
                 1.51257587e-33-1.12431284e-33j,
                 6.62806445e-34-6.62806445e-34j,
                 0.00000000e+00-0.00000000e+00j,
                 0.00000000e+00-0.00000000e+00j,
                 0.00000000e+00-0.00000000e+00j,
                 0.00000000e+00-0.00000000e+00j,
                 0.00000000e+00-0.00000000e+00j,
                 0.00000000e+00-0.00000000e+00j,
                 0.00000000e+00-0.00000000e+00j,
                 0.00000000e+00-0.00000000e+00j],
               [-4.88120285e-17+2.91858728e-17j,
                -1.12431284e-33+1.51257587e-33j,
                 1.54074396e-33+3.02515173e-33j,
                 2.74543419e-34+1.86456189e-33j,
                 1.20891843e-17+2.02186042e-17j,
                 1.51257587e-33+1.12431284e-33j,
                 3.78936964e-33+0.00000000e+00j,
                 1.86456189e-33-2.74543419e-34j,
                 0.00000000e+00-0.00000000e+00j,
                 0.00000000e+00-0.00000000e+00j,
                 0.00000000e+00-0.00000000e+00j,
                 0.00000000e+00-0.00000000e+00j,
                 0.00000000e+00-0.00000000e+00j,
                 0.00000000e+00-0.00000000e+00j,
                 0.00000000e+00-0.00000000e+00j,
                 0.00000000e+00-0.00000000e+00j],
               [-2.61325357e-17+1.08244507e-17j,
                -6.62806445e-34+6.62806445e-34j,
                 5.38948995e-34+1.60015631e-33j,
                 3.42113883e-49+9.37349864e-34j,
                 4.48363429e-18+1.08244507e-17j,
                 6.62806445e-34+6.62806445e-34j,
                 1.86456189e-33+2.74543419e-34j,
                 9.37349864e-34+0.00000000e+00j,
                 0.00000000e+00-0.00000000e+00j,
                 0.00000000e+00-0.00000000e+00j,
                 0.00000000e+00-0.00000000e+00j,
                 0.00000000e+00-0.00000000e+00j,
                 0.00000000e+00-0.00000000e+00j,
                 0.00000000e+00-0.00000000e+00j,
                 0.00000000e+00-0.00000000e+00j,
                 0.00000000e+00-0.00000000e+00j],
               [ 0.00000000e+00-0.00000000e+00j,
                -0.00000000e+00+0.00000000e+00j,
                -0.00000000e+00+0.00000000e+00j,
                -0.00000000e+00+0.00000000e+00j,
                 0.00000000e+00+0.00000000e+00j,
                 0.00000000e+00+0.00000000e+00j,
                 0.00000000e+00+0.00000000e+00j,
                 0.00000000e+00+0.00000000e+00j,
                 0.00000000e+00+0.00000000e+00j,
                 0.00000000e+00+0.00000000e+00j,
                 0.00000000e+00+0.00000000e+00j,
                 0.00000000e+00+0.00000000e+00j,
                 0.00000000e+00+0.00000000e+00j,
                 0.00000000e+00+0.00000000e+00j,
                 0.00000000e+00+0.00000000e+00j,
                 0.00000000e+00+0.00000000e+00j],
               [ 0.00000000e+00-0.00000000e+00j,
                -0.00000000e+00+0.00000000e+00j,
                -0.00000000e+00+0.00000000e+00j,
                -0.00000000e+00+0.00000000e+00j,
                 0.00000000e+00+0.00000000e+00j,
                 0.00000000e+00+0.00000000e+00j,
                 0.00000000e+00+0.00000000e+00j,
                 0.00000000e+00+0.00000000e+00j,
                 0.00000000e+00+0.00000000e+00j,
                 0.00000000e+00+0.00000000e+00j,
                 0.00000000e+00+0.00000000e+00j,
                 0.00000000e+00+0.00000000e+00j,
                 0.00000000e+00+0.00000000e+00j,
                 0.00000000e+00+0.00000000e+00j,
                 0.00000000e+00+0.00000000e+00j,
                 0.00000000e+00+0.00000000e+00j],
               [ 0.00000000e+00-0.00000000e+00j,
                -0.00000000e+00+0.00000000e+00j,
                -0.00000000e+00+0.00000000e+00j,
                -0.00000000e+00+0.00000000e+00j,
                 0.00000000e+00+0.00000000e+00j,
                 0.00000000e+00+0.00000000e+00j,
                 0.00000000e+00+0.00000000e+00j,
                 0.00000000e+00+0.00000000e+00j,
                 0.00000000e+00+0.00000000e+00j,
                 0.00000000e+00+0.00000000e+00j,
                 0.00000000e+00+0.00000000e+00j,
                 0.00000000e+00+0.00000000e+00j,
                 0.00000000e+00+0.00000000e+00j,
                 0.00000000e+00+0.00000000e+00j,
                 0.00000000e+00+0.00000000e+00j,
                 0.00000000e+00+0.00000000e+00j],
               [ 0.00000000e+00-0.00000000e+00j,
                -0.00000000e+00+0.00000000e+00j,
                -0.00000000e+00+0.00000000e+00j,
                -0.00000000e+00+0.00000000e+00j,
                 0.00000000e+00+0.00000000e+00j,
                 0.00000000e+00+0.00000000e+00j,
                 0.00000000e+00+0.00000000e+00j,
                 0.00000000e+00+0.00000000e+00j,
                 0.00000000e+00+0.00000000e+00j,
                 0.00000000e+00+0.00000000e+00j,
                 0.00000000e+00+0.00000000e+00j,
                 0.00000000e+00+0.00000000e+00j,
                 0.00000000e+00+0.00000000e+00j,
                 0.00000000e+00+0.00000000e+00j,
                 0.00000000e+00+0.00000000e+00j,
                 0.00000000e+00+0.00000000e+00j],
               [ 0.00000000e+00-0.00000000e+00j,
                -0.00000000e+00+0.00000000e+00j,
                -0.00000000e+00+0.00000000e+00j,
                -0.00000000e+00+0.00000000e+00j,
                 0.00000000e+00+0.00000000e+00j,
                 0.00000000e+00+0.00000000e+00j,
                 0.00000000e+00+0.00000000e+00j,
                 0.00000000e+00+0.00000000e+00j,
                 0.00000000e+00+0.00000000e+00j,
                 0.00000000e+00+0.00000000e+00j,
                 0.00000000e+00+0.00000000e+00j,
                 0.00000000e+00+0.00000000e+00j,
                 0.00000000e+00+0.00000000e+00j,
                 0.00000000e+00+0.00000000e+00j,
                 0.00000000e+00+0.00000000e+00j,
                 0.00000000e+00+0.00000000e+00j],
               [ 0.00000000e+00-0.00000000e+00j,
                -0.00000000e+00+0.00000000e+00j,
                -0.00000000e+00+0.00000000e+00j,
                -0.00000000e+00+0.00000000e+00j,
                 0.00000000e+00+0.00000000e+00j,
                 0.00000000e+00+0.00000000e+00j,
                 0.00000000e+00+0.00000000e+00j,
                 0.00000000e+00+0.00000000e+00j,
                 0.00000000e+00+0.00000000e+00j,
                 0.00000000e+00+0.00000000e+00j,
                 0.00000000e+00+0.00000000e+00j,
                 0.00000000e+00+0.00000000e+00j,
                 0.00000000e+00+0.00000000e+00j,
                 0.00000000e+00+0.00000000e+00j,
                 0.00000000e+00+0.00000000e+00j,
                 0.00000000e+00+0.00000000e+00j],
               [ 0.00000000e+00-0.00000000e+00j,
                -0.00000000e+00+0.00000000e+00j,
                -0.00000000e+00+0.00000000e+00j,
                -0.00000000e+00+0.00000000e+00j,
                 0.00000000e+00+0.00000000e+00j,
                 0.00000000e+00+0.00000000e+00j,
                 0.00000000e+00+0.00000000e+00j,
                 0.00000000e+00+0.00000000e+00j,
                 0.00000000e+00+0.00000000e+00j,
                 0.00000000e+00+0.00000000e+00j,
                 0.00000000e+00+0.00000000e+00j,
                 0.00000000e+00+0.00000000e+00j,
                 0.00000000e+00+0.00000000e+00j,
                 0.00000000e+00+0.00000000e+00j,
                 0.00000000e+00+0.00000000e+00j,
                 0.00000000e+00+0.00000000e+00j],
               [ 0.00000000e+00-0.00000000e+00j,
                -0.00000000e+00+0.00000000e+00j,
                -0.00000000e+00+0.00000000e+00j,
                -0.00000000e+00+0.00000000e+00j,
                 0.00000000e+00+0.00000000e+00j,
                 0.00000000e+00+0.00000000e+00j,
                 0.00000000e+00+0.00000000e+00j,
                 0.00000000e+00+0.00000000e+00j,
                 0.00000000e+00+0.00000000e+00j,
                 0.00000000e+00+0.00000000e+00j,
                 0.00000000e+00+0.00000000e+00j,
                 0.00000000e+00+0.00000000e+00j,
                 0.00000000e+00+0.00000000e+00j,
                 0.00000000e+00+0.00000000e+00j,
                 0.00000000e+00+0.00000000e+00j,
                 0.00000000e+00+0.00000000e+00j]],
              dims=(2, 2, 2, 2))","{'0110': 3, '0111': 2, '0011': 3, '0101': 8, '0001': 8, '0100': 184, '0010': 20, '0000': 796}","DensityMatrix([[ 8.30393675e-01-2.16673664e-17j,
                -6.73656655e-05+1.97558451e-04j,
                -4.15529368e-04-2.67077234e-04j,
                 4.43952072e-05+1.23620106e-04j,
                 6.60984400e-04-3.43133542e-01j,
                 7.28728662e-05+1.51876660e-04j,
                -1.29253173e-04+2.76366625e-04j,
                 7.91359399e-05+6.31613577e-05j,
                 0.00000000e+00+0.00000000e+00j,
                 0.00000000e+00+0.00000000e+00j,
                 0.00000000e+00+0.00000000e+00j,
                 0.00000000e+00+0.00000000e+00j,
                 0.00000000e+00+0.00000000e+00j,
                 0.00000000e+00+0.00000000e+00j,
                 0.00000000e+00+0.00000000e+00j,
                 0.00000000e+00+0.00000000e+00j],
               [-6.73656655e-05-1.97558451e-04j,
                 3.64465406e-03+5.25664763e-18j,
                -1.08508627e-05-2.59422436e-05j,
                -1.10775255e-04-4.40615856e-04j,
                -9.80742002e-05-1.24636368e-05j,
                 6.94776292e-05-3.31467290e-03j,
                -1.07220037e-05+4.48381194e-06j,
                -3.55680730e-04+1.95029997e-04j,
                 0.00000000e+00+0.00000000e+00j,
                 0.00000000e+00+0.00000000e+00j,
                 0.00000000e+00+0.00000000e+00j,
                 0.00000000e+00+0.00000000e+00j,
                 0.00000000e+00+0.00000000e+00j,
                 0.00000000e+00+0.00000000e+00j,
                 0.00000000e+00+0.00000000e+00j,
                 0.00000000e+00+0.00000000e+00j],
               [-4.15529368e-04+2.67077234e-04j,
                -1.08508627e-05+2.59422436e-05j,
                 7.55065054e-03+1.23622848e-17j,
                -3.65289642e-07+1.03676172e-06j,
                 6.67711838e-05+1.27949604e-04j,
                 2.58943545e-05+1.07605833e-05j,
                 1.33884231e-04-3.01282131e-03j,
                 5.73819583e-07+1.06512792e-06j,
                 0.00000000e+00+0.00000000e+00j,
                 0.00000000e+00+0.00000000e+00j,
                 0.00000000e+00+0.00000000e+00j,
                 0.00000000e+00+0.00000000e+00j,
                 0.00000000e+00+0.00000000e+00j,
                 0.00000000e+00+0.00000000e+00j,
                 0.00000000e+00+0.00000000e+00j,
                 0.00000000e+00+0.00000000e+00j],
               [ 4.43952072e-05-1.23620106e-04j,
                -1.10775255e-04+4.40615856e-04j,
                -3.65289642e-07-1.03676172e-06j,
                 3.41233267e-03+4.03606822e-18j,
                -5.09914275e-05-1.83180122e-05j,
                 3.54047555e-04+1.94013586e-04j,
                -6.77808192e-07-5.23531625e-07j,
                 6.12852360e-06-3.27119410e-03j,
                 0.00000000e+00+0.00000000e+00j,
                 0.00000000e+00+0.00000000e+00j,
                 0.00000000e+00+0.00000000e+00j,
                 0.00000000e+00+0.00000000e+00j,
                 0.00000000e+00+0.00000000e+00j,
                 0.00000000e+00+0.00000000e+00j,
                 0.00000000e+00+0.00000000e+00j,
                 0.00000000e+00+0.00000000e+00j],
               [ 6.60984400e-04+3.43133542e-01j,
                -9.80742002e-05+1.24636368e-05j,
                 6.67711838e-05-1.27949604e-04j,
                -5.09914275e-05+1.83180122e-05j,
                 1.44287541e-01+3.38172292e-17j,
                -4.64766902e-05+3.74517081e-05j,
                -7.16769445e-05-1.06694193e-05j,
                -2.62738585e-05+3.29689296e-05j,
                 0.00000000e+00+0.00000000e+00j,
                 0.00000000e+00+0.00000000e+00j,
                 0.00000000e+00+0.00000000e+00j,
                 0.00000000e+00+0.00000000e+00j,
                 0.00000000e+00+0.00000000e+00j,
                 0.00000000e+00+0.00000000e+00j,
                 0.00000000e+00+0.00000000e+00j,
                 0.00000000e+00+0.00000000e+00j],
               [ 7.28728662e-05-1.51876660e-04j,
                 6.94776292e-05+3.31467290e-03j,
                 2.58943545e-05-1.07605833e-05j,
                 3.54047555e-04-1.94013586e-04j,
                -4.64766902e-05-3.74517081e-05j,
                 3.68363356e-03+2.56295820e-17j,
                -4.49352714e-06-1.08199537e-05j,
                -1.10911326e-04-4.40624254e-04j,
                 0.00000000e+00+0.00000000e+00j,
                 0.00000000e+00+0.00000000e+00j,
                 0.00000000e+00+0.00000000e+00j,
                 0.00000000e+00+0.00000000e+00j,
                 0.00000000e+00+0.00000000e+00j,
                 0.00000000e+00+0.00000000e+00j,
                 0.00000000e+00+0.00000000e+00j,
                 0.00000000e+00+0.00000000e+00j],
               [-1.29253173e-04-2.76366625e-04j,
                -1.07220037e-05-4.48381194e-06j,
                 1.33884231e-04+3.01282131e-03j,
                -6.77808192e-07+5.23531625e-07j,
                -7.16769445e-05+1.06694193e-05j,
                -4.49352714e-06+1.08199537e-05j,
                 1.79429144e-03-4.26880944e-17j,
                -2.39338292e-07+4.57899638e-07j,
                 0.00000000e+00+0.00000000e+00j,
                 0.00000000e+00+0.00000000e+00j,
                 0.00000000e+00+0.00000000e+00j,
                 0.00000000e+00+0.00000000e+00j,
                 0.00000000e+00+0.00000000e+00j,
                 0.00000000e+00+0.00000000e+00j,
                 0.00000000e+00+0.00000000e+00j,
                 0.00000000e+00+0.00000000e+00j],
               [ 7.91359399e-05-6.31613577e-05j,
                -3.55680730e-04-1.95029997e-04j,
                 5.73819583e-07-1.06512792e-06j,
                 6.12852360e-06+3.27119410e-03j,
                -2.62738585e-05-3.29689296e-05j,
                -1.10911326e-04+4.40624254e-04j,
                -2.39338292e-07-4.57899638e-07j,
                 3.41469408e-03-4.10454247e-17j,
                 0.00000000e+00+0.00000000e+00j,
                 0.00000000e+00+0.00000000e+00j,
                 0.00000000e+00+0.00000000e+00j,
                 0.00000000e+00+0.00000000e+00j,
                 0.00000000e+00+0.00000000e+00j,
                 0.00000000e+00+0.00000000e+00j,
                 0.00000000e+00+0.00000000e+00j,
                 0.00000000e+00+0.00000000e+00j],
               [ 0.00000000e+00+0.00000000e+00j,
                 0.00000000e+00+0.00000000e+00j,
                 0.00000000e+00+0.00000000e+00j,
                 0.00000000e+00+0.00000000e+00j,
                 0.00000000e+00+0.00000000e+00j,
                 0.00000000e+00+0.00000000e+00j,
                 0.00000000e+00+0.00000000e+00j,
                 0.00000000e+00+0.00000000e+00j,
                 5.51290817e-04+1.84247350e-20j,
                -6.76464354e-08+1.98164265e-07j,
                -2.75096614e-07-1.27229901e-07j,
                 4.45255781e-08+1.23867357e-07j,
                 1.13205986e-06+3.36559716e-04j,
                -4.46237539e-08+5.53212713e-08j,
                 3.92405035e-08-6.30926297e-08j,
                -1.24804821e-08-9.88454212e-09j],
               [ 0.00000000e+00+0.00000000e+00j,
                 0.00000000e+00+0.00000000e+00j,
                 0.00000000e+00+0.00000000e+00j,
                 0.00000000e+00+0.00000000e+00j,
                 0.00000000e+00+0.00000000e+00j,
                 0.00000000e+00+0.00000000e+00j,
                 0.00000000e+00+0.00000000e+00j,
                 0.00000000e+00+0.00000000e+00j,
                -6.76464354e-08-1.98164265e-07j,
                 6.69527352e-06+1.58466598e-20j,
                -1.08586061e-08-2.60143562e-08j,
                -2.01906164e-07-8.02897518e-07j,
                 2.11652255e-07-1.55631666e-07j,
                 1.26051112e-07+3.25333332e-06j,
                 3.18013395e-08-1.32786155e-08j,
                 3.46814170e-07-1.89910313e-07j],
               [ 0.00000000e+00+0.00000000e+00j,
                 0.00000000e+00+0.00000000e+00j,
                 0.00000000e+00+0.00000000e+00j,
                 0.00000000e+00+0.00000000e+00j,
                 0.00000000e+00+0.00000000e+00j,
                 0.00000000e+00+0.00000000e+00j,
                 0.00000000e+00+0.00000000e+00j,
                 0.00000000e+00+0.00000000e+00j,
                -2.75096614e-07+1.27229901e-07j,
                -1.08586061e-08+2.60143562e-08j,
                 5.68911196e-06+3.86190030e-20j,
                -4.90852146e-10+1.11095167e-09j,
                -1.53000617e-07-3.33525721e-07j,
                -4.09659033e-09-1.71237714e-09j,
                 2.43281478e-07+2.95519645e-06j,
                -5.94468787e-10+1.14032701e-09j],
               [ 0.00000000e+00+0.00000000e+00j,
                 0.00000000e+00+0.00000000e+00j,
                 0.00000000e+00+0.00000000e+00j,
                 0.00000000e+00+0.00000000e+00j,
                 0.00000000e+00+0.00000000e+00j,
                 0.00000000e+00+0.00000000e+00j,
                 0.00000000e+00+0.00000000e+00j,
                 0.00000000e+00+0.00000000e+00j,
                 4.45255781e-08-1.23867357e-07j,
                -2.01906164e-07+8.02897518e-07j,
                -4.90852147e-10-1.11095167e-09j,
                 6.22051361e-06-6.57276206e-20j,
                 1.51622221e-07+5.43192774e-08j,
                -3.49774549e-07-1.91910291e-07j,
                 6.62221311e-10-1.59764021e-09j,
                 1.06477781e-08+3.21063317e-06j],
               [ 0.00000000e+00+0.00000000e+00j,
                 0.00000000e+00+0.00000000e+00j,
                 0.00000000e+00+0.00000000e+00j,
                 0.00000000e+00+0.00000000e+00j,
                 0.00000000e+00+0.00000000e+00j,
                 0.00000000e+00+0.00000000e+00j,
                 0.00000000e+00+0.00000000e+00j,
                 0.00000000e+00+0.00000000e+00j,
                 1.13205986e-06-3.36559716e-04j,
                 2.11652255e-07+1.55631666e-07j,
                -1.53000617e-07+3.33525721e-07j,
                 1.51622221e-07-5.43192774e-08j,
                 1.22442190e-03-6.66072534e-20j,
                -1.76326349e-07+1.41532194e-07j,
                -6.12505955e-07-3.78802009e-07j,
                -9.96188566e-08+1.24902280e-07j],
               [ 0.00000000e+00+0.00000000e+00j,
                 0.00000000e+00+0.00000000e+00j,
                 0.00000000e+00+0.00000000e+00j,
                 0.00000000e+00+0.00000000e+00j,
                 0.00000000e+00+0.00000000e+00j,
                 0.00000000e+00+0.00000000e+00j,
                 0.00000000e+00+0.00000000e+00j,
                 0.00000000e+00+0.00000000e+00j,
                -4.46237539e-08-5.53212713e-08j,
                 1.26051112e-07-3.25333332e-06j,
                -4.09659033e-09+1.71237714e-09j,
                -3.49774549e-07+1.91910291e-07j,
                -1.76326349e-07-1.41532194e-07j,
                 6.65570937e-06+2.01778428e-20j,
                -1.70331385e-08-4.09654181e-08j,
                -2.01971153e-07-8.02580799e-07j],
               [ 0.00000000e+00+0.00000000e+00j,
                 0.00000000e+00+0.00000000e+00j,
                 0.00000000e+00+0.00000000e+00j,
                 0.00000000e+00+0.00000000e+00j,
                 0.00000000e+00+0.00000000e+00j,
                 0.00000000e+00+0.00000000e+00j,
                 0.00000000e+00+0.00000000e+00j,
                 0.00000000e+00+0.00000000e+00j,
                 3.92405035e-08+6.30926297e-08j,
                 3.18013395e-08+1.32786155e-08j,
                 2.43281478e-07-2.95519645e-06j,
                 6.62221311e-10+1.59764021e-09j,
                -6.12505955e-07+3.78802009e-07j,
                -1.70331385e-08+4.09654181e-08j,
                 1.13359102e-05+1.92919979e-21j,
                -7.50740150e-10+1.45358891e-09j],
               [ 0.00000000e+00+0.00000000e+00j,
                 0.00000000e+00+0.00000000e+00j,
                 0.00000000e+00+0.00000000e+00j,
                 0.00000000e+00+0.00000000e+00j,
                 0.00000000e+00+0.00000000e+00j,
                 0.00000000e+00+0.00000000e+00j,
                 0.00000000e+00+0.00000000e+00j,
                 0.00000000e+00+0.00000000e+00j,
                -1.24804821e-08+9.88454212e-09j,
                 3.46814170e-07+1.89910313e-07j,
                -5.94468787e-10-1.14032701e-09j,
                 1.06477781e-08-3.21063317e-06j,
                -9.96188566e-08-1.24902280e-07j,
                -2.01971153e-07+8.02580799e-07j,
                -7.50740150e-10-1.45358891e-09j,
                 6.21723370e-06+2.66487148e-20j]],
              dims=(2, 2, 2, 2))"
data/selected_mutant_qc/mutants_qpeexact_4/qpeexact_4_Mutant_Add_rzz_P10_Q2_[5.497787143782138].qasm,PureState_2,"{'0100': 131, '0000': 893}","DensityMatrix([[ 0.00000000e+00+0.00000000e+00j,
                 0.00000000e+00+0.00000000e+00j,
                 0.00000000e+00+0.00000000e+00j,
                 0.00000000e+00+0.00000000e+00j,
                 0.00000000e+00+0.00000000e+00j,
                 0.00000000e+00+0.00000000e+00j,
                 0.00000000e+00+0.00000000e+00j,
                 0.00000000e+00+0.00000000e+00j,
                 0.00000000e+00-0.00000000e+00j,
                -0.00000000e+00+0.00000000e+00j,
                -0.00000000e+00+0.00000000e+00j,
                -0.00000000e+00+0.00000000e+00j,
                -0.00000000e+00+0.00000000e+00j,
                 0.00000000e+00+0.00000000e+00j,
                 0.00000000e+00+0.00000000e+00j,
                 0.00000000e+00+0.00000000e+00j],
               [ 0.00000000e+00+0.00000000e+00j,
                 0.00000000e+00+0.00000000e+00j,
                 0.00000000e+00+0.00000000e+00j,
                 0.00000000e+00+0.00000000e+00j,
                 0.00000000e+00+0.00000000e+00j,
                 0.00000000e+00+0.00000000e+00j,
                 0.00000000e+00+0.00000000e+00j,
                 0.00000000e+00+0.00000000e+00j,
                 0.00000000e+00-0.00000000e+00j,
                -0.00000000e+00+0.00000000e+00j,
                -0.00000000e+00+0.00000000e+00j,
                -0.00000000e+00+0.00000000e+00j,
                -0.00000000e+00+0.00000000e+00j,
                 0.00000000e+00+0.00000000e+00j,
                 0.00000000e+00+0.00000000e+00j,
                 0.00000000e+00+0.00000000e+00j],
               [ 0.00000000e+00+0.00000000e+00j,
                 0.00000000e+00+0.00000000e+00j,
                 0.00000000e+00+0.00000000e+00j,
                 0.00000000e+00+0.00000000e+00j,
                 0.00000000e+00+0.00000000e+00j,
                 0.00000000e+00+0.00000000e+00j,
                 0.00000000e+00+0.00000000e+00j,
                 0.00000000e+00+0.00000000e+00j,
                 0.00000000e+00-0.00000000e+00j,
                -0.00000000e+00+0.00000000e+00j,
                -0.00000000e+00+0.00000000e+00j,
                -0.00000000e+00+0.00000000e+00j,
                -0.00000000e+00+0.00000000e+00j,
                 0.00000000e+00+0.00000000e+00j,
                 0.00000000e+00+0.00000000e+00j,
                 0.00000000e+00+0.00000000e+00j],
               [ 0.00000000e+00+0.00000000e+00j,
                 0.00000000e+00+0.00000000e+00j,
                 0.00000000e+00+0.00000000e+00j,
                 0.00000000e+00+0.00000000e+00j,
                 0.00000000e+00+0.00000000e+00j,
                 0.00000000e+00+0.00000000e+00j,
                 0.00000000e+00+0.00000000e+00j,
                 0.00000000e+00+0.00000000e+00j,
                 0.00000000e+00-0.00000000e+00j,
                -0.00000000e+00+0.00000000e+00j,
                -0.00000000e+00+0.00000000e+00j,
                -0.00000000e+00+0.00000000e+00j,
                -0.00000000e+00+0.00000000e+00j,
                 0.00000000e+00+0.00000000e+00j,
                 0.00000000e+00+0.00000000e+00j,
                 0.00000000e+00+0.00000000e+00j],
               [ 0.00000000e+00+0.00000000e+00j,
                 0.00000000e+00+0.00000000e+00j,
                 0.00000000e+00+0.00000000e+00j,
                 0.00000000e+00+0.00000000e+00j,
                 0.00000000e+00+0.00000000e+00j,
                 0.00000000e+00+0.00000000e+00j,
                 0.00000000e+00+0.00000000e+00j,
                 0.00000000e+00+0.00000000e+00j,
                 0.00000000e+00-0.00000000e+00j,
                -0.00000000e+00+0.00000000e+00j,
                -0.00000000e+00+0.00000000e+00j,
                -0.00000000e+00+0.00000000e+00j,
                -0.00000000e+00+0.00000000e+00j,
                 0.00000000e+00+0.00000000e+00j,
                 0.00000000e+00+0.00000000e+00j,
                 0.00000000e+00+0.00000000e+00j],
               [ 0.00000000e+00+0.00000000e+00j,
                 0.00000000e+00+0.00000000e+00j,
                 0.00000000e+00+0.00000000e+00j,
                 0.00000000e+00+0.00000000e+00j,
                 0.00000000e+00+0.00000000e+00j,
                 0.00000000e+00+0.00000000e+00j,
                 0.00000000e+00+0.00000000e+00j,
                 0.00000000e+00+0.00000000e+00j,
                 0.00000000e+00-0.00000000e+00j,
                -0.00000000e+00+0.00000000e+00j,
                -0.00000000e+00+0.00000000e+00j,
                -0.00000000e+00+0.00000000e+00j,
                -0.00000000e+00+0.00000000e+00j,
                 0.00000000e+00+0.00000000e+00j,
                 0.00000000e+00+0.00000000e+00j,
                 0.00000000e+00+0.00000000e+00j],
               [ 0.00000000e+00+0.00000000e+00j,
                 0.00000000e+00+0.00000000e+00j,
                 0.00000000e+00+0.00000000e+00j,
                 0.00000000e+00+0.00000000e+00j,
                 0.00000000e+00+0.00000000e+00j,
                 0.00000000e+00+0.00000000e+00j,
                 0.00000000e+00+0.00000000e+00j,
                 0.00000000e+00+0.00000000e+00j,
                 0.00000000e+00-0.00000000e+00j,
                -0.00000000e+00+0.00000000e+00j,
                -0.00000000e+00+0.00000000e+00j,
                -0.00000000e+00+0.00000000e+00j,
                -0.00000000e+00+0.00000000e+00j,
                 0.00000000e+00+0.00000000e+00j,
                 0.00000000e+00+0.00000000e+00j,
                 0.00000000e+00+0.00000000e+00j],
               [ 0.00000000e+00+0.00000000e+00j,
                 0.00000000e+00+0.00000000e+00j,
                 0.00000000e+00+0.00000000e+00j,
                 0.00000000e+00+0.00000000e+00j,
                 0.00000000e+00+0.00000000e+00j,
                 0.00000000e+00+0.00000000e+00j,
                 0.00000000e+00+0.00000000e+00j,
                 0.00000000e+00+0.00000000e+00j,
                 0.00000000e+00-0.00000000e+00j,
                -0.00000000e+00+0.00000000e+00j,
                -0.00000000e+00+0.00000000e+00j,
                -0.00000000e+00+0.00000000e+00j,
                -0.00000000e+00+0.00000000e+00j,
                 0.00000000e+00+0.00000000e+00j,
                 0.00000000e+00+0.00000000e+00j,
                 0.00000000e+00+0.00000000e+00j],
               [ 0.00000000e+00+0.00000000e+00j,
                 0.00000000e+00+0.00000000e+00j,
                 0.00000000e+00+0.00000000e+00j,
                 0.00000000e+00+0.00000000e+00j,
                 0.00000000e+00+0.00000000e+00j,
                 0.00000000e+00+0.00000000e+00j,
                 0.00000000e+00+0.00000000e+00j,
                 0.00000000e+00+0.00000000e+00j,
                 8.53553391e-01+0.00000000e+00j,
                 2.61325357e-17-1.08244507e-17j,
                 2.30791986e-17-7.04609299e-17j,
                 1.08244507e-17-2.61325357e-17j,
                -1.42663555e-17-3.53553391e-01j,
                -1.08244507e-17-2.61325357e-17j,
                -1.43029718e-18+1.81958586e-17j,
                -2.61325357e-17-1.08244507e-17j],
               [-0.00000000e+00+0.00000000e+00j,
                -0.00000000e+00+0.00000000e+00j,
                -0.00000000e+00+0.00000000e+00j,
                -0.00000000e+00+0.00000000e+00j,
                -0.00000000e+00+0.00000000e+00j,
                -0.00000000e+00+0.00000000e+00j,
                -0.00000000e+00+0.00000000e+00j,
                -0.00000000e+00+0.00000000e+00j,
                 2.61325357e-17+1.08244507e-17j,
                 9.37349864e-34+0.00000000e+00j,
                 1.60015631e-33-1.86456189e-33j,
                 6.62806445e-34-6.62806445e-34j,
                 4.48363429e-18-1.08244507e-17j,
                -4.27642354e-50-9.37349864e-34j,
                -2.74543419e-34+5.38948995e-34j,
                -6.62806445e-34-6.62806445e-34j],
               [-0.00000000e+00+0.00000000e+00j,
                -0.00000000e+00+0.00000000e+00j,
                -0.00000000e+00+0.00000000e+00j,
                -0.00000000e+00+0.00000000e+00j,
                -0.00000000e+00+0.00000000e+00j,
                -0.00000000e+00+0.00000000e+00j,
                -0.00000000e+00+0.00000000e+00j,
                -0.00000000e+00+0.00000000e+00j,
                 2.30791986e-17+7.04609299e-17j,
                 1.60015631e-33+1.86456189e-33j,
                 6.44059542e-33+0.00000000e+00j,
                 2.44992573e-33+1.86962976e-34j,
                 2.91858728e-17-9.55971706e-18j,
                 1.86456189e-33-1.60015631e-33j,
                -1.54074396e-33+3.73925951e-34j,
                 1.86962976e-34-2.44992573e-33j],
               [-0.00000000e+00+0.00000000e+00j,
                -0.00000000e+00+0.00000000e+00j,
                -0.00000000e+00+0.00000000e+00j,
                -0.00000000e+00+0.00000000e+00j,
                -0.00000000e+00+0.00000000e+00j,
                -0.00000000e+00+0.00000000e+00j,
                -0.00000000e+00+0.00000000e+00j,
                -0.00000000e+00+0.00000000e+00j,
                 1.08244507e-17+2.61325357e-17j,
                 6.62806445e-34+6.62806445e-34j,
                 2.44992573e-33-1.86962976e-34j,
                 9.37349864e-34+0.00000000e+00j,
                 1.08244507e-17-4.48363429e-18j,
                 6.62806445e-34-6.62806445e-34j,
                -5.75226002e-34+1.86962976e-34j,
                -8.55284707e-50-9.37349864e-34j],
               [-0.00000000e+00+0.00000000e+00j,
                -0.00000000e+00+0.00000000e+00j,
                -0.00000000e+00+0.00000000e+00j,
                -0.00000000e+00+0.00000000e+00j,
                -0.00000000e+00+0.00000000e+00j,
                -0.00000000e+00+0.00000000e+00j,
                -0.00000000e+00+0.00000000e+00j,
                -0.00000000e+00+0.00000000e+00j,
                -1.42663555e-17+3.53553391e-01j,
                 4.48363429e-18+1.08244507e-17j,
                 2.91858728e-17+9.55971706e-18j,
                 1.08244507e-17+4.48363429e-18j,
                 1.46446609e-01+0.00000000e+00j,
                 1.08244507e-17-4.48363429e-18j,
                -7.53697139e-18-5.92448491e-19j,
                 4.48363429e-18-1.08244507e-17j],
               [ 0.00000000e+00-0.00000000e+00j,
                 0.00000000e+00-0.00000000e+00j,
                 0.00000000e+00-0.00000000e+00j,
                 0.00000000e+00-0.00000000e+00j,
                 0.00000000e+00-0.00000000e+00j,
                 0.00000000e+00-0.00000000e+00j,
                 0.00000000e+00-0.00000000e+00j,
                 0.00000000e+00-0.00000000e+00j,
                -1.08244507e-17+2.61325357e-17j,
                -4.27642354e-50+9.37349864e-34j,
                 1.86456189e-33+1.60015631e-33j,
                 6.62806445e-34+6.62806445e-34j,
                 1.08244507e-17+4.48363429e-18j,
                 9.37349864e-34+0.00000000e+00j,
                -5.38948995e-34-2.74543419e-34j,
                 6.62806445e-34-6.62806445e-34j],
               [ 0.00000000e+00+0.00000000e+00j,
                 0.00000000e+00+0.00000000e+00j,
                 0.00000000e+00+0.00000000e+00j,
                 0.00000000e+00+0.00000000e+00j,
                 0.00000000e+00+0.00000000e+00j,
                 0.00000000e+00+0.00000000e+00j,
                 0.00000000e+00+0.00000000e+00j,
                 0.00000000e+00+0.00000000e+00j,
                -1.43029718e-18-1.81958586e-17j,
                -2.74543419e-34-5.38948995e-34j,
                -1.54074396e-33-3.73925951e-34j,
                -5.75226002e-34-1.86962976e-34j,
                -7.53697139e-18+5.92448491e-19j,
                -5.38948995e-34+2.74543419e-34j,
                 3.90291951e-34+0.00000000e+00j,
                -1.86962976e-34+5.75226002e-34j],
               [ 0.00000000e+00-0.00000000e+00j,
                 0.00000000e+00-0.00000000e+00j,
                 0.00000000e+00-0.00000000e+00j,
                 0.00000000e+00-0.00000000e+00j,
                 0.00000000e+00-0.00000000e+00j,
                 0.00000000e+00-0.00000000e+00j,
                 0.00000000e+00-0.00000000e+00j,
                 0.00000000e+00-0.00000000e+00j,
                -2.61325357e-17+1.08244507e-17j,
                -6.62806445e-34+6.62806445e-34j,
                 1.86962976e-34+2.44992573e-33j,
                -8.55284707e-50+9.37349864e-34j,
                 4.48363429e-18+1.08244507e-17j,
                 6.62806445e-34+6.62806445e-34j,
                -1.86962976e-34-5.75226002e-34j,
                 9.37349864e-34+0.00000000e+00j]],
              dims=(2, 2, 2, 2))","{'0111': 2, '0011': 5, '0001': 7, '0101': 2, '0100': 157, '0010': 19, '0000': 832}","DensityMatrix([[ 6.28975275e-04-1.40179744e-19j,
                -6.94076914e-08+2.03351285e-07j,
                -3.14123783e-07-1.62154011e-07j,
                 4.56876608e-08+1.27143292e-07j,
                 1.01766658e-06+1.92566514e-04j,
                -1.93612466e-08+7.85381499e-08j,
                 2.38391318e-09+1.16498240e-08j,
                 7.81326887e-09+6.29383449e-09j,
                 0.00000000e+00+0.00000000e+00j,
                 0.00000000e+00+0.00000000e+00j,
                 0.00000000e+00+0.00000000e+00j,
                 0.00000000e+00+0.00000000e+00j,
                 0.00000000e+00+0.00000000e+00j,
                 0.00000000e+00+0.00000000e+00j,
                 0.00000000e+00+0.00000000e+00j,
                 0.00000000e+00+0.00000000e+00j],
               [-6.94076914e-08-2.03351285e-07j,
                 6.18832792e-06-1.23609291e-20j,
                -1.11497071e-08-2.66980024e-08j,
                -1.86818133e-07-7.42903105e-07j,
                 1.47591836e-07-1.27561441e-07j,
                 1.16423526e-07+1.86153138e-06j,
                 2.30800086e-08-9.63377488e-09j,
                 1.97933141e-07-1.08287758e-07j,
                 0.00000000e+00+0.00000000e+00j,
                 0.00000000e+00+0.00000000e+00j,
                 0.00000000e+00+0.00000000e+00j,
                 0.00000000e+00+0.00000000e+00j,
                 0.00000000e+00+0.00000000e+00j,
                 0.00000000e+00+0.00000000e+00j,
                 0.00000000e+00+0.00000000e+00j,
                 0.00000000e+00+0.00000000e+00j],
               [-3.14123783e-07+1.62154011e-07j,
                -1.11497071e-08+2.66980024e-08j,
                 6.26132750e-06-2.69430068e-21j,
                -4.75780185e-10+1.12406620e-09j,
                -1.07609901e-07-2.38583408e-07j,
                 2.54703306e-09+1.04869663e-09j,
                 2.24833059e-07+1.69085566e-06j,
                -3.47334161e-10+1.15392348e-09j,
                 0.00000000e+00+0.00000000e+00j,
                 0.00000000e+00+0.00000000e+00j,
                 0.00000000e+00+0.00000000e+00j,
                 0.00000000e+00+0.00000000e+00j,
                 0.00000000e+00+0.00000000e+00j,
                 0.00000000e+00+0.00000000e+00j,
                 0.00000000e+00+0.00000000e+00j,
                 0.00000000e+00+0.00000000e+00j],
               [ 4.56876608e-08-1.27143292e-07j,
                -1.86818133e-07+7.42903105e-07j,
                -4.75780185e-10-1.12406620e-09j,
                 5.75541625e-06+2.85029721e-20j,
                 1.10066566e-07+3.94244288e-08j,
                -2.00648548e-07-1.10181811e-07j,
                 3.78270557e-10-1.39857735e-09j,
                 9.65093734e-09+1.83709490e-06j,
                 0.00000000e+00+0.00000000e+00j,
                 0.00000000e+00+0.00000000e+00j,
                 0.00000000e+00+0.00000000e+00j,
                 0.00000000e+00+0.00000000e+00j,
                 0.00000000e+00+0.00000000e+00j,
                 0.00000000e+00+0.00000000e+00j,
                 0.00000000e+00+0.00000000e+00j,
                 0.00000000e+00+0.00000000e+00j],
               [ 1.01766658e-06-1.92566514e-04j,
                 1.47591836e-07+1.27561441e-07j,
                -1.07609901e-07+2.38583408e-07j,
                 1.10066566e-07-3.94244288e-08j,
                 1.01399036e-03+1.38899026e-19j,
                -1.51810052e-07+1.21873639e-07j,
                -5.07120454e-07-3.06057546e-07j,
                -8.57762021e-08+1.07541634e-07j,
                 0.00000000e+00+0.00000000e+00j,
                 0.00000000e+00+0.00000000e+00j,
                 0.00000000e+00+0.00000000e+00j,
                 0.00000000e+00+0.00000000e+00j,
                 0.00000000e+00+0.00000000e+00j,
                 0.00000000e+00+0.00000000e+00j,
                 0.00000000e+00+0.00000000e+00j,
                 0.00000000e+00+0.00000000e+00j],
               [-1.93612466e-08-7.85381499e-08j,
                 1.16423526e-07-1.86153138e-06j,
                 2.54703306e-09-1.04869663e-09j,
                -2.00648548e-07+1.10181811e-07j,
                -1.51810052e-07-1.21873639e-07j,
                 6.16458250e-06+3.77122271e-20j,
                -1.46659595e-08-3.52734485e-08j,
                -1.86866464e-07-7.42554478e-07j,
                 0.00000000e+00+0.00000000e+00j,
                 0.00000000e+00+0.00000000e+00j,
                 0.00000000e+00+0.00000000e+00j,
                 0.00000000e+00+0.00000000e+00j,
                 0.00000000e+00+0.00000000e+00j,
                 0.00000000e+00+0.00000000e+00j,
                 0.00000000e+00+0.00000000e+00j,
                 0.00000000e+00+0.00000000e+00j],
               [ 2.38391318e-09-1.16498240e-08j,
                 2.30800086e-08+9.63377488e-09j,
                 2.24833059e-07-1.69085566e-06j,
                 3.78270557e-10+1.39857735e-09j,
                -5.07120454e-07+3.06057546e-07j,
                -1.46659595e-08+3.52734485e-08j,
                 9.49096952e-06-1.04830492e-20j,
                -6.55689661e-10+1.26822711e-09j,
                 0.00000000e+00+0.00000000e+00j,
                 0.00000000e+00+0.00000000e+00j,
                 0.00000000e+00+0.00000000e+00j,
                 0.00000000e+00+0.00000000e+00j,
                 0.00000000e+00+0.00000000e+00j,
                 0.00000000e+00+0.00000000e+00j,
                 0.00000000e+00+0.00000000e+00j,
                 0.00000000e+00+0.00000000e+00j],
               [ 7.81326887e-09-6.29383449e-09j,
                 1.97933141e-07+1.08287758e-07j,
                -3.47334161e-10-1.15392348e-09j,
                 9.65093734e-09-1.83709490e-06j,
                -8.57762021e-08-1.07541634e-07j,
                -1.86866464e-07+7.42554478e-07j,
                -6.55689661e-10-1.26822711e-09j,
                 5.75252167e-06-8.78326655e-21j,
                 0.00000000e+00+0.00000000e+00j,
                 0.00000000e+00+0.00000000e+00j,
                 0.00000000e+00+0.00000000e+00j,
                 0.00000000e+00+0.00000000e+00j,
                 0.00000000e+00+0.00000000e+00j,
                 0.00000000e+00+0.00000000e+00j,
                 0.00000000e+00+0.00000000e+00j,
                 0.00000000e+00+0.00000000e+00j],
               [ 0.00000000e+00+0.00000000e+00j,
                 0.00000000e+00+0.00000000e+00j,
                 0.00000000e+00+0.00000000e+00j,
                 0.00000000e+00+0.00000000e+00j,
                 0.00000000e+00+0.00000000e+00j,
                 0.00000000e+00+0.00000000e+00j,
                 0.00000000e+00+0.00000000e+00j,
                 0.00000000e+00+0.00000000e+00j,
                 8.30357617e-01-5.20476311e-17j,
                -6.73816954e-05+1.97575678e-04j,
                -4.15521862e-04-2.67047195e-04j,
                 4.43886773e-05+1.23633742e-04j,
                 6.61074491e-04-3.42788376e-01j,
                 7.28180512e-05+1.51825811e-04j,
                -1.29148131e-04+2.76184065e-04j,
                 7.90921601e-05+6.31338372e-05j],
               [ 0.00000000e+00+0.00000000e+00j,
                 0.00000000e+00+0.00000000e+00j,
                 0.00000000e+00+0.00000000e+00j,
                 0.00000000e+00+0.00000000e+00j,
                 0.00000000e+00+0.00000000e+00j,
                 0.00000000e+00+0.00000000e+00j,
                 0.00000000e+00+0.00000000e+00j,
                 0.00000000e+00+0.00000000e+00j,
                -6.73816954e-05-1.97575678e-04j,
                 3.64636438e-03-3.12336501e-17j,
                -1.08525348e-05-2.59462765e-05j,
                -1.10841437e-04-4.40819321e-04j,
                -9.79629162e-05-1.25119937e-05j,
                 6.94870856e-05-3.31251702e-03j,
                -1.07063388e-05+4.47726633e-06j,
                -3.55449314e-04+1.94903161e-04j],
               [ 0.00000000e+00+0.00000000e+00j,
                 0.00000000e+00+0.00000000e+00j,
                 0.00000000e+00+0.00000000e+00j,
                 0.00000000e+00+0.00000000e+00j,
                 0.00000000e+00+0.00000000e+00j,
                 0.00000000e+00+0.00000000e+00j,
                 0.00000000e+00+0.00000000e+00j,
                 0.00000000e+00+0.00000000e+00j,
                -4.15521862e-04+2.67047195e-04j,
                -1.08525348e-05+2.59462765e-05j,
                 7.55047528e-03+1.04229930e-17j,
                -3.65382181e-07+1.03690927e-06j,
                 6.66576311e-05+1.27746830e-04j,
                 2.58807732e-05+1.07549310e-05j,
                 1.33902466e-04-3.00983776e-03j,
                 5.73347389e-07+1.06501668e-06j],
               [ 0.00000000e+00+0.00000000e+00j,
                 0.00000000e+00+0.00000000e+00j,
                 0.00000000e+00+0.00000000e+00j,
                 0.00000000e+00+0.00000000e+00j,
                 0.00000000e+00+0.00000000e+00j,
                 0.00000000e+00+0.00000000e+00j,
                 0.00000000e+00+0.00000000e+00j,
                 0.00000000e+00+0.00000000e+00j,
                 4.43886773e-05-1.23633742e-04j,
                -1.10841437e-04+4.40819321e-04j,
                -3.65382181e-07-1.03690927e-06j,
                 3.41398147e-03+3.49179181e-17j,
                -5.09190957e-05-1.82968123e-05j,
                 3.53815907e-04+1.93886602e-04j,
                -6.77277825e-07-5.23815312e-07j,
                 6.12935212e-06-3.26906011e-03j],
               [ 0.00000000e+00+0.00000000e+00j,
                 0.00000000e+00+0.00000000e+00j,
                 0.00000000e+00+0.00000000e+00j,
                 0.00000000e+00+0.00000000e+00j,
                 0.00000000e+00+0.00000000e+00j,
                 0.00000000e+00+0.00000000e+00j,
                 0.00000000e+00+0.00000000e+00j,
                 0.00000000e+00+0.00000000e+00j,
                 6.61074491e-04+3.42788376e-01j,
                -9.79629162e-05+1.25119937e-05j,
                 6.66576311e-05-1.27746830e-04j,
                -5.09190957e-05+1.82968123e-05j,
                 1.44456347e-01+5.89106371e-17j,
                -4.64864513e-05+3.74416092e-05j,
                -7.17508057e-05-1.07372866e-05j,
                -2.62896453e-05+3.29663494e-05j],
               [ 0.00000000e+00+0.00000000e+00j,
                 0.00000000e+00+0.00000000e+00j,
                 0.00000000e+00+0.00000000e+00j,
                 0.00000000e+00+0.00000000e+00j,
                 0.00000000e+00+0.00000000e+00j,
                 0.00000000e+00+0.00000000e+00j,
                 0.00000000e+00+0.00000000e+00j,
                 0.00000000e+00+0.00000000e+00j,
                 7.28180512e-05-1.51825811e-04j,
                 6.94870856e-05+3.31251702e-03j,
                 2.58807732e-05-1.07549310e-05j,
                 3.53815907e-04-1.93886602e-04j,
                -4.64864513e-05-3.74416092e-05j,
                 3.68292132e-03+1.94835384e-17j,
                -4.49392650e-06-1.08209293e-05j,
                -1.10875337e-04-4.40540810e-04j],
               [ 0.00000000e+00+0.00000000e+00j,
                 0.00000000e+00+0.00000000e+00j,
                 0.00000000e+00+0.00000000e+00j,
                 0.00000000e+00+0.00000000e+00j,
                 0.00000000e+00+0.00000000e+00j,
                 0.00000000e+00+0.00000000e+00j,
                 0.00000000e+00+0.00000000e+00j,
                 0.00000000e+00+0.00000000e+00j,
                -1.29148131e-04-2.76184065e-04j,
                -1.07063388e-05-4.47726633e-06j,
                 1.33902466e-04+3.00983776e-03j,
                -6.77277825e-07+5.23815312e-07j,
                -7.17508057e-05+1.07372866e-05j,
                -4.49392650e-06+1.08209293e-05j,
                 1.79573944e-03-3.44519972e-18j,
                -2.39367498e-07+4.57911136e-07j],
               [ 0.00000000e+00+0.00000000e+00j,
                 0.00000000e+00+0.00000000e+00j,
                 0.00000000e+00+0.00000000e+00j,
                 0.00000000e+00+0.00000000e+00j,
                 0.00000000e+00+0.00000000e+00j,
                 0.00000000e+00+0.00000000e+00j,
                 0.00000000e+00+0.00000000e+00j,
                 0.00000000e+00+0.00000000e+00j,
                 7.90921601e-05-6.31338372e-05j,
                -3.55449314e-04-1.94903161e-04j,
                 5.73347389e-07-1.06501668e-06j,
                 6.12935212e-06+3.26906011e-03j,
                -2.62896453e-05-3.29663494e-05j,
                -1.10875337e-04+4.40540810e-04j,
                -2.39367498e-07-4.57911136e-07j,
                 3.41397510e-03-2.31676989e-17j]],
              dims=(2, 2, 2, 2))"
data/selected_mutant_qc/mutants_qpeexact_4/qpeexact_4_Mutant_Add_rzz_P10_Q2_[5.497787143782138].qasm,PureState_3,"{'0000': 136, '0100': 888}","DensityMatrix([[ 1.46446609e-01+0.00000000e+00j,
                 1.08244507e-17-4.48363429e-18j,
                -7.53697139e-18-5.92448491e-19j,
                 4.48363429e-18-1.08244507e-17j,
                 8.83048774e-17+3.53553391e-01j,
                 4.48363429e-18+1.08244507e-17j,
                 2.91858728e-17+9.55971706e-18j,
                 1.08244507e-17+4.48363429e-18j,
                -0.00000000e+00+0.00000000e+00j,
                -0.00000000e+00+0.00000000e+00j,
                -0.00000000e+00+0.00000000e+00j,
                -0.00000000e+00+0.00000000e+00j,
                -0.00000000e+00+0.00000000e+00j,
                -0.00000000e+00+0.00000000e+00j,
                -0.00000000e+00+0.00000000e+00j,
                -0.00000000e+00+0.00000000e+00j],
               [ 1.08244507e-17+4.48363429e-18j,
                 9.37349864e-34+0.00000000e+00j,
                -5.38948995e-34-2.74543419e-34j,
                 6.62806445e-34-6.62806445e-34j,
                -1.08244507e-17+2.61325357e-17j,
                -3.42113883e-49+9.37349864e-34j,
                 1.86456189e-33+1.60015631e-33j,
                 6.62806445e-34+6.62806445e-34j,
                 0.00000000e+00-0.00000000e+00j,
                 0.00000000e+00-0.00000000e+00j,
                 0.00000000e+00-0.00000000e+00j,
                 0.00000000e+00-0.00000000e+00j,
                 0.00000000e+00-0.00000000e+00j,
                 0.00000000e+00-0.00000000e+00j,
                 0.00000000e+00-0.00000000e+00j,
                 0.00000000e+00-0.00000000e+00j],
               [-7.53697139e-18+5.92448491e-19j,
                -5.38948995e-34+2.74543419e-34j,
                 3.90291951e-34+0.00000000e+00j,
                -1.86962976e-34+5.75226002e-34j,
                -1.43029718e-18-1.81958586e-17j,
                -2.74543419e-34-5.38948995e-34j,
                -1.54074396e-33-3.73925951e-34j,
                -5.75226002e-34-1.86962976e-34j,
                 0.00000000e+00+0.00000000e+00j,
                 0.00000000e+00+0.00000000e+00j,
                 0.00000000e+00+0.00000000e+00j,
                 0.00000000e+00+0.00000000e+00j,
                 0.00000000e+00+0.00000000e+00j,
                 0.00000000e+00+0.00000000e+00j,
                 0.00000000e+00+0.00000000e+00j,
                 0.00000000e+00+0.00000000e+00j],
               [ 4.48363429e-18+1.08244507e-17j,
                 6.62806445e-34+6.62806445e-34j,
                -1.86962976e-34-5.75226002e-34j,
                 9.37349864e-34+0.00000000e+00j,
                -2.61325357e-17+1.08244507e-17j,
                -6.62806445e-34+6.62806445e-34j,
                 1.86962976e-34+2.44992573e-33j,
                -2.56585412e-49+9.37349864e-34j,
                 0.00000000e+00-0.00000000e+00j,
                 0.00000000e+00-0.00000000e+00j,
                 0.00000000e+00-0.00000000e+00j,
                 0.00000000e+00-0.00000000e+00j,
                 0.00000000e+00-0.00000000e+00j,
                 0.00000000e+00-0.00000000e+00j,
                 0.00000000e+00-0.00000000e+00j,
                 0.00000000e+00-0.00000000e+00j],
               [ 8.83048774e-17-3.53553391e-01j,
                -1.08244507e-17-2.61325357e-17j,
                -1.43029718e-18+1.81958586e-17j,
                -2.61325357e-17-1.08244507e-17j,
                 8.53553391e-01+0.00000000e+00j,
                 2.61325357e-17-1.08244507e-17j,
                 2.30791986e-17-7.04609299e-17j,
                 1.08244507e-17-2.61325357e-17j,
                 0.00000000e+00+0.00000000e+00j,
                 0.00000000e+00+0.00000000e+00j,
                 0.00000000e+00+0.00000000e+00j,
                 0.00000000e+00+0.00000000e+00j,
                 0.00000000e+00+0.00000000e+00j,
                 0.00000000e+00+0.00000000e+00j,
                 0.00000000e+00+0.00000000e+00j,
                 0.00000000e+00+0.00000000e+00j],
               [ 4.48363429e-18-1.08244507e-17j,
                -3.42113883e-49-9.37349864e-34j,
                -2.74543419e-34+5.38948995e-34j,
                -6.62806445e-34-6.62806445e-34j,
                 2.61325357e-17+1.08244507e-17j,
                 9.37349864e-34+0.00000000e+00j,
                 1.60015631e-33-1.86456189e-33j,
                 6.62806445e-34-6.62806445e-34j,
                -0.00000000e+00+0.00000000e+00j,
                -0.00000000e+00+0.00000000e+00j,
                -0.00000000e+00+0.00000000e+00j,
                -0.00000000e+00+0.00000000e+00j,
                -0.00000000e+00+0.00000000e+00j,
                -0.00000000e+00+0.00000000e+00j,
                -0.00000000e+00+0.00000000e+00j,
                -0.00000000e+00+0.00000000e+00j],
               [ 2.91858728e-17-9.55971706e-18j,
                 1.86456189e-33-1.60015631e-33j,
                -1.54074396e-33+3.73925951e-34j,
                 1.86962976e-34-2.44992573e-33j,
                 2.30791986e-17+7.04609299e-17j,
                 1.60015631e-33+1.86456189e-33j,
                 6.44059542e-33+0.00000000e+00j,
                 2.44992573e-33+1.86962976e-34j,
                -0.00000000e+00+0.00000000e+00j,
                -0.00000000e+00+0.00000000e+00j,
                -0.00000000e+00+0.00000000e+00j,
                -0.00000000e+00+0.00000000e+00j,
                -0.00000000e+00+0.00000000e+00j,
                -0.00000000e+00+0.00000000e+00j,
                -0.00000000e+00+0.00000000e+00j,
                -0.00000000e+00+0.00000000e+00j],
               [ 1.08244507e-17-4.48363429e-18j,
                 6.62806445e-34-6.62806445e-34j,
                -5.75226002e-34+1.86962976e-34j,
                -2.56585412e-49-9.37349864e-34j,
                 1.08244507e-17+2.61325357e-17j,
                 6.62806445e-34+6.62806445e-34j,
                 2.44992573e-33-1.86962976e-34j,
                 9.37349864e-34+0.00000000e+00j,
                -0.00000000e+00+0.00000000e+00j,
                -0.00000000e+00+0.00000000e+00j,
                -0.00000000e+00+0.00000000e+00j,
                -0.00000000e+00+0.00000000e+00j,
                -0.00000000e+00+0.00000000e+00j,
                -0.00000000e+00+0.00000000e+00j,
                -0.00000000e+00+0.00000000e+00j,
                -0.00000000e+00+0.00000000e+00j],
               [-0.00000000e+00+0.00000000e+00j,
                 0.00000000e+00+0.00000000e+00j,
                 0.00000000e+00+0.00000000e+00j,
                 0.00000000e+00+0.00000000e+00j,
                 0.00000000e+00-0.00000000e+00j,
                -0.00000000e+00+0.00000000e+00j,
                -0.00000000e+00+0.00000000e+00j,
                -0.00000000e+00+0.00000000e+00j,
                 0.00000000e+00+0.00000000e+00j,
                 0.00000000e+00+0.00000000e+00j,
                 0.00000000e+00+0.00000000e+00j,
                 0.00000000e+00+0.00000000e+00j,
                 0.00000000e+00+0.00000000e+00j,
                 0.00000000e+00+0.00000000e+00j,
                 0.00000000e+00+0.00000000e+00j,
                 0.00000000e+00+0.00000000e+00j],
               [-0.00000000e+00+0.00000000e+00j,
                 0.00000000e+00+0.00000000e+00j,
                 0.00000000e+00+0.00000000e+00j,
                 0.00000000e+00+0.00000000e+00j,
                 0.00000000e+00-0.00000000e+00j,
                -0.00000000e+00+0.00000000e+00j,
                -0.00000000e+00+0.00000000e+00j,
                -0.00000000e+00+0.00000000e+00j,
                 0.00000000e+00+0.00000000e+00j,
                 0.00000000e+00+0.00000000e+00j,
                 0.00000000e+00+0.00000000e+00j,
                 0.00000000e+00+0.00000000e+00j,
                 0.00000000e+00+0.00000000e+00j,
                 0.00000000e+00+0.00000000e+00j,
                 0.00000000e+00+0.00000000e+00j,
                 0.00000000e+00+0.00000000e+00j],
               [-0.00000000e+00+0.00000000e+00j,
                 0.00000000e+00+0.00000000e+00j,
                 0.00000000e+00+0.00000000e+00j,
                 0.00000000e+00+0.00000000e+00j,
                 0.00000000e+00-0.00000000e+00j,
                -0.00000000e+00+0.00000000e+00j,
                -0.00000000e+00+0.00000000e+00j,
                -0.00000000e+00+0.00000000e+00j,
                 0.00000000e+00+0.00000000e+00j,
                 0.00000000e+00+0.00000000e+00j,
                 0.00000000e+00+0.00000000e+00j,
                 0.00000000e+00+0.00000000e+00j,
                 0.00000000e+00+0.00000000e+00j,
                 0.00000000e+00+0.00000000e+00j,
                 0.00000000e+00+0.00000000e+00j,
                 0.00000000e+00+0.00000000e+00j],
               [-0.00000000e+00+0.00000000e+00j,
                 0.00000000e+00+0.00000000e+00j,
                 0.00000000e+00+0.00000000e+00j,
                 0.00000000e+00+0.00000000e+00j,
                 0.00000000e+00-0.00000000e+00j,
                -0.00000000e+00+0.00000000e+00j,
                -0.00000000e+00+0.00000000e+00j,
                -0.00000000e+00+0.00000000e+00j,
                 0.00000000e+00+0.00000000e+00j,
                 0.00000000e+00+0.00000000e+00j,
                 0.00000000e+00+0.00000000e+00j,
                 0.00000000e+00+0.00000000e+00j,
                 0.00000000e+00+0.00000000e+00j,
                 0.00000000e+00+0.00000000e+00j,
                 0.00000000e+00+0.00000000e+00j,
                 0.00000000e+00+0.00000000e+00j],
               [-0.00000000e+00+0.00000000e+00j,
                 0.00000000e+00+0.00000000e+00j,
                 0.00000000e+00+0.00000000e+00j,
                 0.00000000e+00+0.00000000e+00j,
                 0.00000000e+00-0.00000000e+00j,
                -0.00000000e+00+0.00000000e+00j,
                -0.00000000e+00+0.00000000e+00j,
                -0.00000000e+00+0.00000000e+00j,
                 0.00000000e+00+0.00000000e+00j,
                 0.00000000e+00+0.00000000e+00j,
                 0.00000000e+00+0.00000000e+00j,
                 0.00000000e+00+0.00000000e+00j,
                 0.00000000e+00+0.00000000e+00j,
                 0.00000000e+00+0.00000000e+00j,
                 0.00000000e+00+0.00000000e+00j,
                 0.00000000e+00+0.00000000e+00j],
               [-0.00000000e+00+0.00000000e+00j,
                 0.00000000e+00+0.00000000e+00j,
                 0.00000000e+00+0.00000000e+00j,
                 0.00000000e+00+0.00000000e+00j,
                 0.00000000e+00-0.00000000e+00j,
                -0.00000000e+00+0.00000000e+00j,
                -0.00000000e+00+0.00000000e+00j,
                -0.00000000e+00+0.00000000e+00j,
                 0.00000000e+00+0.00000000e+00j,
                 0.00000000e+00+0.00000000e+00j,
                 0.00000000e+00+0.00000000e+00j,
                 0.00000000e+00+0.00000000e+00j,
                 0.00000000e+00+0.00000000e+00j,
                 0.00000000e+00+0.00000000e+00j,
                 0.00000000e+00+0.00000000e+00j,
                 0.00000000e+00+0.00000000e+00j],
               [-0.00000000e+00+0.00000000e+00j,
                 0.00000000e+00+0.00000000e+00j,
                 0.00000000e+00+0.00000000e+00j,
                 0.00000000e+00+0.00000000e+00j,
                 0.00000000e+00-0.00000000e+00j,
                -0.00000000e+00+0.00000000e+00j,
                -0.00000000e+00+0.00000000e+00j,
                -0.00000000e+00+0.00000000e+00j,
                 0.00000000e+00+0.00000000e+00j,
                 0.00000000e+00+0.00000000e+00j,
                 0.00000000e+00+0.00000000e+00j,
                 0.00000000e+00+0.00000000e+00j,
                 0.00000000e+00+0.00000000e+00j,
                 0.00000000e+00+0.00000000e+00j,
                 0.00000000e+00+0.00000000e+00j,
                 0.00000000e+00+0.00000000e+00j],
               [-0.00000000e+00+0.00000000e+00j,
                 0.00000000e+00+0.00000000e+00j,
                 0.00000000e+00+0.00000000e+00j,
                 0.00000000e+00+0.00000000e+00j,
                 0.00000000e+00-0.00000000e+00j,
                -0.00000000e+00+0.00000000e+00j,
                -0.00000000e+00+0.00000000e+00j,
                -0.00000000e+00+0.00000000e+00j,
                 0.00000000e+00+0.00000000e+00j,
                 0.00000000e+00+0.00000000e+00j,
                 0.00000000e+00+0.00000000e+00j,
                 0.00000000e+00+0.00000000e+00j,
                 0.00000000e+00+0.00000000e+00j,
                 0.00000000e+00+0.00000000e+00j,
                 0.00000000e+00+0.00000000e+00j,
                 0.00000000e+00+0.00000000e+00j]],
              dims=(2, 2, 2, 2))","{'0001': 4, '0101': 9, '0011': 4, '0111': 2, '0110': 9, '0010': 3, '0000': 144, '0100': 849}","DensityMatrix([[ 1.44570572e-01-2.94311399e-17j,
                -2.80645044e-05+8.21833549e-05j,
                -7.17900906e-05-1.07779301e-05j,
                 1.84729307e-05+5.13252123e-05j,
                 6.61017444e-04+3.42620048e-01j,
                -5.36277756e-05-5.98019970e-06j,
                 6.66070761e-05-1.27671706e-04j,
                -3.25758975e-05-2.59424455e-05j,
                 0.00000000e+00+0.00000000e+00j,
                 0.00000000e+00+0.00000000e+00j,
                 0.00000000e+00+0.00000000e+00j,
                 0.00000000e+00+0.00000000e+00j,
                 0.00000000e+00+0.00000000e+00j,
                 0.00000000e+00+0.00000000e+00j,
                 0.00000000e+00+0.00000000e+00j,
                 0.00000000e+00+0.00000000e+00j],
               [-2.80645044e-05-8.21833549e-05j,
                 3.68324500e-03+1.55637371e-17j,
                -4.49399612e-06-1.07847101e-05j,
                -1.10804734e-04-4.40633846e-04j,
                 1.80273553e-04-1.07264217e-04j,
                 6.94610835e-05+3.31208099e-03j,
                 2.58852822e-05-1.08127050e-05j,
                 3.53755891e-04-1.93841151e-04j,
                 0.00000000e+00+0.00000000e+00j,
                 0.00000000e+00+0.00000000e+00j,
                 0.00000000e+00+0.00000000e+00j,
                 0.00000000e+00+0.00000000e+00j,
                 0.00000000e+00+0.00000000e+00j,
                 0.00000000e+00+0.00000000e+00j,
                 0.00000000e+00+0.00000000e+00j,
                 0.00000000e+00+0.00000000e+00j],
               [-7.17900906e-05+1.07779301e-05j,
                -4.49399612e-06+1.07847101e-05j,
                 1.79688281e-03-3.42266081e-18j,
                -2.40669533e-07+4.81947130e-07j,
                -1.29089142e-04-2.76088748e-04j,
                -1.06695188e-05-4.43864629e-06j,
                 1.33884277e-04+3.00841372e-03j,
                -5.95634313e-07+4.94577145e-07j,
                 0.00000000e+00+0.00000000e+00j,
                 0.00000000e+00+0.00000000e+00j,
                 0.00000000e+00+0.00000000e+00j,
                 0.00000000e+00+0.00000000e+00j,
                 0.00000000e+00+0.00000000e+00j,
                 0.00000000e+00+0.00000000e+00j,
                 0.00000000e+00+0.00000000e+00j,
                 0.00000000e+00+0.00000000e+00j],
               [ 1.84729307e-05-5.13252123e-05j,
                -1.10804734e-04+4.40633846e-04j,
                -2.40669533e-07-4.81947130e-07j,
                 3.41420806e-03-1.00131725e-17j,
                 1.23381917e-04+4.42130443e-05j,
                -3.55412330e-04-1.94880875e-04j,
                 6.75016682e-07-9.82745996e-07j,
                 6.11197989e-06+3.26861321e-03j,
                 0.00000000e+00+0.00000000e+00j,
                 0.00000000e+00+0.00000000e+00j,
                 0.00000000e+00+0.00000000e+00j,
                 0.00000000e+00+0.00000000e+00j,
                 0.00000000e+00+0.00000000e+00j,
                 0.00000000e+00+0.00000000e+00j,
                 0.00000000e+00+0.00000000e+00j,
                 0.00000000e+00+0.00000000e+00j],
               [ 6.61017444e-04-3.42620048e-01j,
                 1.80273553e-04+1.07264217e-04j,
                -1.29089142e-04+2.76088748e-04j,
                 1.23381917e-04-4.42130443e-05j,
                 8.30110644e-01+2.60574883e-17j,
                -1.11852794e-04+8.97590569e-05j,
                -4.15416223e-04-2.66968717e-04j,
                -6.31797144e-05+7.92267288e-05j,
                 0.00000000e+00+0.00000000e+00j,
                 0.00000000e+00+0.00000000e+00j,
                 0.00000000e+00+0.00000000e+00j,
                 0.00000000e+00+0.00000000e+00j,
                 0.00000000e+00+0.00000000e+00j,
                 0.00000000e+00+0.00000000e+00j,
                 0.00000000e+00+0.00000000e+00j,
                 0.00000000e+00+0.00000000e+00j],
               [-5.36277756e-05+5.98019970e-06j,
                 6.94610835e-05-3.31208099e-03j,
                -1.06695188e-05+4.43864629e-06j,
                -3.55412330e-04+1.94880875e-04j,
                -1.11852794e-04-8.97590569e-05j,
                 3.64504261e-03-8.27954518e-18j,
                -1.08036663e-05-2.59816836e-05j,
                -1.10881866e-04-4.40606261e-04j,
                 0.00000000e+00+0.00000000e+00j,
                 0.00000000e+00+0.00000000e+00j,
                 0.00000000e+00+0.00000000e+00j,
                 0.00000000e+00+0.00000000e+00j,
                 0.00000000e+00+0.00000000e+00j,
                 0.00000000e+00+0.00000000e+00j,
                 0.00000000e+00+0.00000000e+00j,
                 0.00000000e+00+0.00000000e+00j],
               [ 6.66070761e-05+1.27671706e-04j,
                 2.58852822e-05+1.08127050e-05j,
                 1.33884277e-04-3.00841372e-03j,
                 6.75016682e-07+9.82745996e-07j,
                -4.15416223e-04+2.66968717e-04j,
                -1.08036663e-05+2.59816836e-05j,
                 7.54805916e-03-1.72937058e-17j,
                -4.63830973e-07+8.99845010e-07j,
                 0.00000000e+00+0.00000000e+00j,
                 0.00000000e+00+0.00000000e+00j,
                 0.00000000e+00+0.00000000e+00j,
                 0.00000000e+00+0.00000000e+00j,
                 0.00000000e+00+0.00000000e+00j,
                 0.00000000e+00+0.00000000e+00j,
                 0.00000000e+00+0.00000000e+00j,
                 0.00000000e+00+0.00000000e+00j],
               [-3.25758975e-05+2.59424455e-05j,
                 3.53755891e-04+1.93841151e-04j,
                -5.95634313e-07-4.94577145e-07j,
                 6.11197989e-06-3.26861321e-03j,
                -6.31797144e-05-7.92267288e-05j,
                -1.10881866e-04+4.40606261e-04j,
                -4.63830973e-07-8.99845010e-07j,
                 3.41281869e-03+2.99089219e-18j,
                 0.00000000e+00+0.00000000e+00j,
                 0.00000000e+00+0.00000000e+00j,
                 0.00000000e+00+0.00000000e+00j,
                 0.00000000e+00+0.00000000e+00j,
                 0.00000000e+00+0.00000000e+00j,
                 0.00000000e+00+0.00000000e+00j,
                 0.00000000e+00+0.00000000e+00j,
                 0.00000000e+00+0.00000000e+00j],
               [ 0.00000000e+00+0.00000000e+00j,
                 0.00000000e+00+0.00000000e+00j,
                 0.00000000e+00+0.00000000e+00j,
                 0.00000000e+00+0.00000000e+00j,
                 0.00000000e+00+0.00000000e+00j,
                 0.00000000e+00+0.00000000e+00j,
                 0.00000000e+00+0.00000000e+00j,
                 0.00000000e+00+0.00000000e+00j,
                 1.22441688e-03+4.89683429e-20j,
                -1.06219991e-07+3.11403355e-07j,
                -6.12472046e-07-3.78784187e-07j,
                 6.99679404e-08+1.94823814e-07j,
                 1.13202742e-06-3.36498118e-04j,
                 7.95349077e-08+2.10255635e-07j,
                -1.52993671e-07+3.33465503e-07j,
                 9.71631688e-08+7.75696303e-08j],
               [ 0.00000000e+00+0.00000000e+00j,
                 0.00000000e+00+0.00000000e+00j,
                 0.00000000e+00+0.00000000e+00j,
                 0.00000000e+00+0.00000000e+00j,
                 0.00000000e+00+0.00000000e+00j,
                 0.00000000e+00+0.00000000e+00j,
                 0.00000000e+00+0.00000000e+00j,
                 0.00000000e+00+0.00000000e+00j,
                -1.06219991e-07-3.11403355e-07j,
                 6.65739705e-06-1.55753673e-20j,
                -1.70977843e-08-4.08912694e-08j,
                -2.01877231e-07-8.02879861e-07j,
                -6.15422837e-08-6.25861836e-08j,
                 1.26067352e-07-3.25073560e-06j,
                -4.12821432e-09+1.73470815e-09j,
                -3.49488237e-07+1.91761436e-07j],
               [ 0.00000000e+00+0.00000000e+00j,
                 0.00000000e+00+0.00000000e+00j,
                 0.00000000e+00+0.00000000e+00j,
                 0.00000000e+00+0.00000000e+00j,
                 0.00000000e+00+0.00000000e+00j,
                 0.00000000e+00+0.00000000e+00j,
                 0.00000000e+00+0.00000000e+00j,
                 0.00000000e+00+0.00000000e+00j,
                -6.12472046e-07+3.78784187e-07j,
                -1.70977843e-08+4.08912694e-08j,
                 1.13363568e-05-1.82462193e-21j,
                -6.13165091e-10+1.65549466e-09j,
                 3.92336321e-08+6.30324322e-08j,
                 3.17903547e-08+1.32054603e-08j,
                 2.43281433e-07-2.95456394e-06j,
                 5.53334325e-10+1.70031485e-09j],
               [ 0.00000000e+00+0.00000000e+00j,
                 0.00000000e+00+0.00000000e+00j,
                 0.00000000e+00+0.00000000e+00j,
                 0.00000000e+00+0.00000000e+00j,
                 0.00000000e+00+0.00000000e+00j,
                 0.00000000e+00+0.00000000e+00j,
                 0.00000000e+00+0.00000000e+00j,
                 0.00000000e+00+0.00000000e+00j,
                 6.99679404e-08-1.94823814e-07j,
                -2.01877231e-07+8.02879861e-07j,
                -6.13165091e-10-1.65549466e-09j,
                 6.21867294e-06-7.12874193e-22j,
                -1.95228483e-08-7.05410511e-09j,
                 3.46550691e-07+1.89784340e-07j,
                -6.65557926e-10-1.14692755e-09j,
                 1.06640156e-08-3.20809886e-06j],
               [ 0.00000000e+00+0.00000000e+00j,
                 0.00000000e+00+0.00000000e+00j,
                 0.00000000e+00+0.00000000e+00j,
                 0.00000000e+00+0.00000000e+00j,
                 0.00000000e+00+0.00000000e+00j,
                 0.00000000e+00+0.00000000e+00j,
                 0.00000000e+00+0.00000000e+00j,
                 0.00000000e+00+0.00000000e+00j,
                 1.13202742e-06+3.36498118e-04j,
                -6.15422837e-08+6.25861836e-08j,
                 3.92336321e-08-6.30324322e-08j,
                -1.95228483e-08+7.05410511e-09j,
                 5.51295841e-04-9.02451275e-20j,
                -1.12160592e-07+9.01932422e-08j,
                -2.75130522e-07-1.27247730e-07j,
                -6.33962604e-08+7.95008784e-08j],
               [ 0.00000000e+00+0.00000000e+00j,
                 0.00000000e+00+0.00000000e+00j,
                 0.00000000e+00+0.00000000e+00j,
                 0.00000000e+00+0.00000000e+00j,
                 0.00000000e+00+0.00000000e+00j,
                 0.00000000e+00+0.00000000e+00j,
                 0.00000000e+00+0.00000000e+00j,
                 0.00000000e+00+0.00000000e+00j,
                 7.95349077e-08-2.10255635e-07j,
                 1.26067352e-07+3.25073560e-06j,
                 3.17903547e-08-1.32054603e-08j,
                 3.46550691e-07-1.89784340e-07j,
                -1.12160592e-07-9.01932422e-08j,
                 6.69358586e-06+3.28149547e-20j,
                -1.08398227e-08-2.60843861e-08j,
                -2.02000067e-07-8.02598459e-07j],
               [ 0.00000000e+00+0.00000000e+00j,
                 0.00000000e+00+0.00000000e+00j,
                 0.00000000e+00+0.00000000e+00j,
                 0.00000000e+00+0.00000000e+00j,
                 0.00000000e+00+0.00000000e+00j,
                 0.00000000e+00+0.00000000e+00j,
                 0.00000000e+00+0.00000000e+00j,
                 0.00000000e+00+0.00000000e+00j,
                -1.52993671e-07-3.33465503e-07j,
                -4.12821432e-09-1.73470815e-09j,
                 2.43281433e-07+2.95456394e-06j,
                -6.65557926e-10+1.14692755e-09j,
                -2.75130522e-07+1.27247730e-07j,
                -1.08398227e-08+2.60843861e-08j,
                 5.68866536e-06+4.65163060e-20j,
                -5.30403632e-10+1.01982553e-09j],
               [ 0.00000000e+00+0.00000000e+00j,
                 0.00000000e+00+0.00000000e+00j,
                 0.00000000e+00+0.00000000e+00j,
                 0.00000000e+00+0.00000000e+00j,
                 0.00000000e+00+0.00000000e+00j,
                 0.00000000e+00+0.00000000e+00j,
                 0.00000000e+00+0.00000000e+00j,
                 0.00000000e+00+0.00000000e+00j,
                 9.71631688e-08-7.75696303e-08j,
                -3.49488237e-07-1.91761436e-07j,
                 5.53334325e-10-1.70031485e-09j,
                 1.06640156e-08+3.20809886e-06j,
                -6.33962604e-08-7.95008784e-08j,
                -2.02000067e-07+8.02598459e-07j,
                -5.30403632e-10-1.01982553e-09j,
                 6.21907437e-06-1.64090779e-20j]],
              dims=(2, 2, 2, 2))"
data/selected_mutant_qc/mutants_qpeexact_4/qpeexact_4_Mutant_Add_rzz_P10_Q2_[5.497787143782138].qasm,PureState_4,"{'0001': 249, '0101': 252, '0111': 240, '0011': 283}","DensityMatrix([[ 0.00000000e+00+0.00000000e+00j,
                 0.00000000e+00+0.00000000e+00j,
                 0.00000000e+00+0.00000000e+00j,
                 0.00000000e+00+0.00000000e+00j,
                 0.00000000e+00+0.00000000e+00j,
                 0.00000000e+00+0.00000000e+00j,
                 0.00000000e+00+0.00000000e+00j,
                 0.00000000e+00+0.00000000e+00j,
                -0.00000000e+00+0.00000000e+00j,
                 0.00000000e+00-0.00000000e+00j,
                 0.00000000e+00+0.00000000e+00j,
                 0.00000000e+00-0.00000000e+00j,
                 0.00000000e+00+0.00000000e+00j,
                -0.00000000e+00+0.00000000e+00j,
                 0.00000000e+00-0.00000000e+00j,
                -0.00000000e+00+0.00000000e+00j],
               [ 0.00000000e+00+0.00000000e+00j,
                 0.00000000e+00+0.00000000e+00j,
                 0.00000000e+00+0.00000000e+00j,
                 0.00000000e+00+0.00000000e+00j,
                 0.00000000e+00+0.00000000e+00j,
                 0.00000000e+00+0.00000000e+00j,
                 0.00000000e+00+0.00000000e+00j,
                 0.00000000e+00+0.00000000e+00j,
                -0.00000000e+00+0.00000000e+00j,
                 0.00000000e+00-0.00000000e+00j,
                 0.00000000e+00+0.00000000e+00j,
                 0.00000000e+00-0.00000000e+00j,
                 0.00000000e+00+0.00000000e+00j,
                -0.00000000e+00+0.00000000e+00j,
                 0.00000000e+00-0.00000000e+00j,
                -0.00000000e+00+0.00000000e+00j],
               [ 0.00000000e+00+0.00000000e+00j,
                 0.00000000e+00+0.00000000e+00j,
                 0.00000000e+00+0.00000000e+00j,
                 0.00000000e+00+0.00000000e+00j,
                 0.00000000e+00+0.00000000e+00j,
                 0.00000000e+00+0.00000000e+00j,
                 0.00000000e+00+0.00000000e+00j,
                 0.00000000e+00+0.00000000e+00j,
                -0.00000000e+00+0.00000000e+00j,
                 0.00000000e+00-0.00000000e+00j,
                 0.00000000e+00+0.00000000e+00j,
                 0.00000000e+00-0.00000000e+00j,
                 0.00000000e+00+0.00000000e+00j,
                -0.00000000e+00+0.00000000e+00j,
                 0.00000000e+00-0.00000000e+00j,
                -0.00000000e+00+0.00000000e+00j],
               [ 0.00000000e+00+0.00000000e+00j,
                 0.00000000e+00+0.00000000e+00j,
                 0.00000000e+00+0.00000000e+00j,
                 0.00000000e+00+0.00000000e+00j,
                 0.00000000e+00+0.00000000e+00j,
                 0.00000000e+00+0.00000000e+00j,
                 0.00000000e+00+0.00000000e+00j,
                 0.00000000e+00+0.00000000e+00j,
                -0.00000000e+00+0.00000000e+00j,
                 0.00000000e+00-0.00000000e+00j,
                 0.00000000e+00+0.00000000e+00j,
                 0.00000000e+00-0.00000000e+00j,
                 0.00000000e+00+0.00000000e+00j,
                -0.00000000e+00+0.00000000e+00j,
                 0.00000000e+00-0.00000000e+00j,
                -0.00000000e+00+0.00000000e+00j],
               [ 0.00000000e+00+0.00000000e+00j,
                 0.00000000e+00+0.00000000e+00j,
                 0.00000000e+00+0.00000000e+00j,
                 0.00000000e+00+0.00000000e+00j,
                 0.00000000e+00+0.00000000e+00j,
                 0.00000000e+00+0.00000000e+00j,
                 0.00000000e+00+0.00000000e+00j,
                 0.00000000e+00+0.00000000e+00j,
                -0.00000000e+00+0.00000000e+00j,
                 0.00000000e+00-0.00000000e+00j,
                 0.00000000e+00+0.00000000e+00j,
                 0.00000000e+00-0.00000000e+00j,
                 0.00000000e+00+0.00000000e+00j,
                -0.00000000e+00+0.00000000e+00j,
                 0.00000000e+00-0.00000000e+00j,
                -0.00000000e+00+0.00000000e+00j],
               [ 0.00000000e+00+0.00000000e+00j,
                 0.00000000e+00+0.00000000e+00j,
                 0.00000000e+00+0.00000000e+00j,
                 0.00000000e+00+0.00000000e+00j,
                 0.00000000e+00+0.00000000e+00j,
                 0.00000000e+00+0.00000000e+00j,
                 0.00000000e+00+0.00000000e+00j,
                 0.00000000e+00+0.00000000e+00j,
                -0.00000000e+00+0.00000000e+00j,
                 0.00000000e+00-0.00000000e+00j,
                 0.00000000e+00+0.00000000e+00j,
                 0.00000000e+00-0.00000000e+00j,
                 0.00000000e+00+0.00000000e+00j,
                -0.00000000e+00+0.00000000e+00j,
                 0.00000000e+00-0.00000000e+00j,
                -0.00000000e+00+0.00000000e+00j],
               [ 0.00000000e+00+0.00000000e+00j,
                 0.00000000e+00+0.00000000e+00j,
                 0.00000000e+00+0.00000000e+00j,
                 0.00000000e+00+0.00000000e+00j,
                 0.00000000e+00+0.00000000e+00j,
                 0.00000000e+00+0.00000000e+00j,
                 0.00000000e+00+0.00000000e+00j,
                 0.00000000e+00+0.00000000e+00j,
                -0.00000000e+00+0.00000000e+00j,
                 0.00000000e+00-0.00000000e+00j,
                 0.00000000e+00+0.00000000e+00j,
                 0.00000000e+00-0.00000000e+00j,
                 0.00000000e+00+0.00000000e+00j,
                -0.00000000e+00+0.00000000e+00j,
                 0.00000000e+00-0.00000000e+00j,
                -0.00000000e+00+0.00000000e+00j],
               [ 0.00000000e+00+0.00000000e+00j,
                 0.00000000e+00+0.00000000e+00j,
                 0.00000000e+00+0.00000000e+00j,
                 0.00000000e+00+0.00000000e+00j,
                 0.00000000e+00+0.00000000e+00j,
                 0.00000000e+00+0.00000000e+00j,
                 0.00000000e+00+0.00000000e+00j,
                 0.00000000e+00+0.00000000e+00j,
                -0.00000000e+00+0.00000000e+00j,
                 0.00000000e+00-0.00000000e+00j,
                 0.00000000e+00+0.00000000e+00j,
                 0.00000000e+00-0.00000000e+00j,
                 0.00000000e+00+0.00000000e+00j,
                -0.00000000e+00+0.00000000e+00j,
                 0.00000000e+00-0.00000000e+00j,
                -0.00000000e+00+0.00000000e+00j],
               [-0.00000000e+00+0.00000000e+00j,
                -0.00000000e+00+0.00000000e+00j,
                -0.00000000e+00+0.00000000e+00j,
                -0.00000000e+00+0.00000000e+00j,
                -0.00000000e+00+0.00000000e+00j,
                -0.00000000e+00+0.00000000e+00j,
                -0.00000000e+00+0.00000000e+00j,
                -0.00000000e+00+0.00000000e+00j,
                 3.20031262e-33+0.00000000e+00j,
                -2.61325357e-17+1.08244507e-17j,
                -2.24876809e-50-2.99620690e-49j,
                -1.08244507e-17+2.61325357e-17j,
                -1.33477189e-48-1.32561289e-33j,
                 1.08244507e-17+2.61325357e-17j,
                -1.24106954e-49+9.31470243e-51j,
                 2.61325357e-17+1.08244507e-17j],
               [ 0.00000000e+00+0.00000000e+00j,
                 0.00000000e+00+0.00000000e+00j,
                 0.00000000e+00+0.00000000e+00j,
                 0.00000000e+00+0.00000000e+00j,
                 0.00000000e+00+0.00000000e+00j,
                 0.00000000e+00+0.00000000e+00j,
                 0.00000000e+00+0.00000000e+00j,
                 0.00000000e+00+0.00000000e+00j,
                -2.61325357e-17-1.08244507e-17j,
                 2.50000000e-01+0.00000000e+00j,
                -8.29784332e-34+2.52264892e-33j,
                 1.76776695e-01-1.76776695e-01j,
                -4.48363429e-18+1.08244507e-17j,
                 0.00000000e+00-2.50000000e-01j,
                 1.04491540e-33+3.43707924e-34j,
                -1.76776695e-01-1.76776695e-01j],
               [ 0.00000000e+00+0.00000000e+00j,
                 0.00000000e+00+0.00000000e+00j,
                 0.00000000e+00+0.00000000e+00j,
                 0.00000000e+00+0.00000000e+00j,
                 0.00000000e+00+0.00000000e+00j,
                 0.00000000e+00+0.00000000e+00j,
                 0.00000000e+00+0.00000000e+00j,
                 0.00000000e+00+0.00000000e+00j,
                -2.24876809e-50+2.99620690e-49j,
                -8.29784332e-34-2.52264892e-33j,
                 2.82091985e-65+0.00000000e+00j,
                -2.37052829e-33-1.19703603e-33j,
                 1.24106954e-49+9.31470243e-51j,
                -2.52264892e-33+8.29784332e-34j,
                -5.66643139e-81-1.16846326e-65j,
                -1.19703603e-33+2.37052829e-33j],
               [ 0.00000000e+00+0.00000000e+00j,
                 0.00000000e+00+0.00000000e+00j,
                 0.00000000e+00+0.00000000e+00j,
                 0.00000000e+00+0.00000000e+00j,
                 0.00000000e+00+0.00000000e+00j,
                 0.00000000e+00+0.00000000e+00j,
                 0.00000000e+00+0.00000000e+00j,
                 0.00000000e+00+0.00000000e+00j,
                -1.08244507e-17-2.61325357e-17j,
                 1.76776695e-01+1.76776695e-01j,
                -2.37052829e-33+1.19703603e-33j,
                 2.50000000e-01+0.00000000e+00j,
                -1.08244507e-17+4.48363429e-18j,
                 1.76776695e-01-1.76776695e-01j,
                 4.95828559e-34+9.81904967e-34j,
                -2.77555756e-17-2.50000000e-01j],
               [ 0.00000000e+00+0.00000000e+00j,
                 0.00000000e+00+0.00000000e+00j,
                 0.00000000e+00+0.00000000e+00j,
                 0.00000000e+00+0.00000000e+00j,
                 0.00000000e+00+0.00000000e+00j,
                 0.00000000e+00+0.00000000e+00j,
                 0.00000000e+00+0.00000000e+00j,
                 0.00000000e+00+0.00000000e+00j,
                -1.33477189e-48+1.32561289e-33j,
                -4.48363429e-18-1.08244507e-17j,
                 1.24106954e-49-9.31470243e-51j,
                -1.08244507e-17-4.48363429e-18j,
                 5.49086838e-34+0.00000000e+00j,
                -1.08244507e-17+4.48363429e-18j,
                -3.85827607e-51-5.14067833e-50j,
                -4.48363429e-18+1.08244507e-17j],
               [-0.00000000e+00+0.00000000e+00j,
                -0.00000000e+00+0.00000000e+00j,
                -0.00000000e+00+0.00000000e+00j,
                -0.00000000e+00+0.00000000e+00j,
                -0.00000000e+00+0.00000000e+00j,
                -0.00000000e+00+0.00000000e+00j,
                -0.00000000e+00+0.00000000e+00j,
                -0.00000000e+00+0.00000000e+00j,
                 1.08244507e-17-2.61325357e-17j,
                 0.00000000e+00+2.50000000e-01j,
                -2.52264892e-33-8.29784332e-34j,
                 1.76776695e-01+1.76776695e-01j,
                -1.08244507e-17-4.48363429e-18j,
                 2.50000000e-01+0.00000000e+00j,
                -3.43707924e-34+1.04491540e-33j,
                 1.76776695e-01-1.76776695e-01j],
               [ 0.00000000e+00+0.00000000e+00j,
                 0.00000000e+00+0.00000000e+00j,
                 0.00000000e+00+0.00000000e+00j,
                 0.00000000e+00+0.00000000e+00j,
                 0.00000000e+00+0.00000000e+00j,
                 0.00000000e+00+0.00000000e+00j,
                 0.00000000e+00+0.00000000e+00j,
                 0.00000000e+00+0.00000000e+00j,
                -1.24106954e-49-9.31470243e-51j,
                 1.04491540e-33-3.43707924e-34j,
                -5.66643139e-81+1.16846326e-65j,
                 4.95828559e-34-9.81904967e-34j,
                -3.85827607e-51+5.14067833e-50j,
                -3.43707924e-34-1.04491540e-33j,
                 4.83993329e-66+0.00000000e+00j,
                -9.81904967e-34-4.95828559e-34j],
               [-0.00000000e+00+0.00000000e+00j,
                -0.00000000e+00+0.00000000e+00j,
                -0.00000000e+00+0.00000000e+00j,
                -0.00000000e+00+0.00000000e+00j,
                -0.00000000e+00+0.00000000e+00j,
                -0.00000000e+00+0.00000000e+00j,
                -0.00000000e+00+0.00000000e+00j,
                -0.00000000e+00+0.00000000e+00j,
                 2.61325357e-17-1.08244507e-17j,
                -1.76776695e-01+1.76776695e-01j,
                -1.19703603e-33-2.37052829e-33j,
                -2.77555756e-17+2.50000000e-01j,
                -4.48363429e-18-1.08244507e-17j,
                 1.76776695e-01+1.76776695e-01j,
                -9.81904967e-34+4.95828559e-34j,
                 2.50000000e-01+0.00000000e+00j]],
              dims=(2, 2, 2, 2))","{'0110': 3, '0010': 9, '0000': 11, '0100': 8, '0111': 258, '0011': 229, '0101': 252, '0001': 254}","DensityMatrix([[ 5.85591876e-06-1.53820035e-20j,
                -5.11490715e-08+1.94616883e-07j,
                 5.16423636e-07-4.89508409e-07j,
                 7.42914992e-08+1.60940752e-07j,
                 6.48736391e-08+1.60999425e-06j,
                -5.07632284e-08+6.20110357e-08j,
                 1.47489778e-07+8.26080944e-08j,
                 6.46586230e-09+8.10258848e-08j,
                 0.00000000e+00+0.00000000e+00j,
                 0.00000000e+00+0.00000000e+00j,
                 0.00000000e+00+0.00000000e+00j,
                 0.00000000e+00+0.00000000e+00j,
                 0.00000000e+00+0.00000000e+00j,
                 0.00000000e+00+0.00000000e+00j,
                 0.00000000e+00+0.00000000e+00j,
                 0.00000000e+00+0.00000000e+00j],
               [-5.11490715e-08-1.94616883e-07j,
                 4.14029458e-04-3.55213564e-20j,
                -3.76335965e-08-3.76838976e-08j,
                 2.86136489e-04-2.87821922e-04j,
                 9.58438112e-08-1.02617209e-07j,
                 6.20158853e-07+1.37108440e-04j,
                -6.48141788e-10-4.62213509e-08j,
                 9.56279896e-05+9.47627084e-05j,
                 0.00000000e+00+0.00000000e+00j,
                 0.00000000e+00+0.00000000e+00j,
                 0.00000000e+00+0.00000000e+00j,
                 0.00000000e+00+0.00000000e+00j,
                 0.00000000e+00+0.00000000e+00j,
                 0.00000000e+00+0.00000000e+00j,
                 0.00000000e+00+0.00000000e+00j,
                 0.00000000e+00+0.00000000e+00j],
               [ 5.16423636e-07+4.89508409e-07j,
                -3.76335965e-08+3.76838976e-08j,
                 4.83825361e-06+7.21247426e-21j,
                -1.14050336e-08+2.76299569e-08j,
                -7.35371888e-08+1.54941515e-07j,
                -2.96255584e-08+1.72676856e-08j,
                 6.36838899e-08+1.42219568e-06j,
                -1.16482753e-08+3.54100898e-08j,
                 0.00000000e+00+0.00000000e+00j,
                 0.00000000e+00+0.00000000e+00j,
                 0.00000000e+00+0.00000000e+00j,
                 0.00000000e+00+0.00000000e+00j,
                 0.00000000e+00+0.00000000e+00j,
                 0.00000000e+00+0.00000000e+00j,
                 0.00000000e+00+0.00000000e+00j,
                 0.00000000e+00+0.00000000e+00j],
               [ 7.42914992e-08-1.60940752e-07j,
                 2.86136489e-04+2.87821922e-04j,
                -1.14050336e-08-2.76299569e-08j,
                 4.13936009e-04-6.35480360e-22j,
                 1.29092853e-07-2.68865426e-08j,
                -9.53675283e-05+9.51157730e-05j,
                 9.44379970e-09-4.40908095e-08j,
                 6.19857722e-07+1.37059710e-04j,
                 0.00000000e+00+0.00000000e+00j,
                 0.00000000e+00+0.00000000e+00j,
                 0.00000000e+00+0.00000000e+00j,
                 0.00000000e+00+0.00000000e+00j,
                 0.00000000e+00+0.00000000e+00j,
                 0.00000000e+00+0.00000000e+00j,
                 0.00000000e+00+0.00000000e+00j,
                 0.00000000e+00+0.00000000e+00j],
               [ 6.48736391e-08-1.60999425e-06j,
                 9.58438112e-08+1.02617209e-07j,
                -7.35371888e-08-1.54941515e-07j,
                 1.29092853e-07+2.68865426e-08j,
                 9.08534941e-06+1.15335844e-20j,
                -1.30026866e-07+1.04672819e-07j,
                 7.64443704e-07-7.21114336e-07j,
                -5.36675705e-08+1.49714088e-07j,
                 0.00000000e+00+0.00000000e+00j,
                 0.00000000e+00+0.00000000e+00j,
                 0.00000000e+00+0.00000000e+00j,
                 0.00000000e+00+0.00000000e+00j,
                 0.00000000e+00+0.00000000e+00j,
                 0.00000000e+00+0.00000000e+00j,
                 0.00000000e+00+0.00000000e+00j,
                 0.00000000e+00+0.00000000e+00j],
               [-5.07632284e-08-6.20110357e-08j,
                 6.20158853e-07-1.37108440e-04j,
                -2.96255584e-08-1.72676856e-08j,
                -9.53675283e-05-9.51157730e-05j,
                -1.30026866e-07-1.04672819e-07j,
                 4.13672191e-04+1.86663171e-20j,
                -4.95409995e-08-4.97169649e-08j,
                 2.85852265e-04-2.87536014e-04j,
                 0.00000000e+00+0.00000000e+00j,
                 0.00000000e+00+0.00000000e+00j,
                 0.00000000e+00+0.00000000e+00j,
                 0.00000000e+00+0.00000000e+00j,
                 0.00000000e+00+0.00000000e+00j,
                 0.00000000e+00+0.00000000e+00j,
                 0.00000000e+00+0.00000000e+00j,
                 0.00000000e+00+0.00000000e+00j],
               [ 1.47489778e-07-8.26080944e-08j,
                -6.48141788e-10+4.62213509e-08j,
                 6.36838899e-08-1.42219568e-06j,
                 9.44379970e-09+4.40908095e-08j,
                 7.64443704e-07+7.21114336e-07j,
                -4.95409995e-08+4.97169649e-08j,
                 7.69036281e-06-3.05395707e-20j,
                -1.50675882e-08+3.61819126e-08j,
                 0.00000000e+00+0.00000000e+00j,
                 0.00000000e+00+0.00000000e+00j,
                 0.00000000e+00+0.00000000e+00j,
                 0.00000000e+00+0.00000000e+00j,
                 0.00000000e+00+0.00000000e+00j,
                 0.00000000e+00+0.00000000e+00j,
                 0.00000000e+00+0.00000000e+00j,
                 0.00000000e+00+0.00000000e+00j],
               [ 6.46586230e-09-8.10258848e-08j,
                 9.56279896e-05-9.47627084e-05j,
                -1.16482753e-08-3.54100898e-08j,
                 6.19857722e-07-1.37059710e-04j,
                -5.36675705e-08-1.49714088e-07j,
                 2.85852265e-04+2.87536014e-04j,
                -1.50675882e-08-3.61819126e-08j,
                 4.13471236e-04+1.49471207e-20j,
                 0.00000000e+00+0.00000000e+00j,
                 0.00000000e+00+0.00000000e+00j,
                 0.00000000e+00+0.00000000e+00j,
                 0.00000000e+00+0.00000000e+00j,
                 0.00000000e+00+0.00000000e+00j,
                 0.00000000e+00+0.00000000e+00j,
                 0.00000000e+00+0.00000000e+00j,
                 0.00000000e+00+0.00000000e+00j],
               [ 0.00000000e+00+0.00000000e+00j,
                 0.00000000e+00+0.00000000e+00j,
                 0.00000000e+00+0.00000000e+00j,
                 0.00000000e+00+0.00000000e+00j,
                 0.00000000e+00+0.00000000e+00j,
                 0.00000000e+00+0.00000000e+00j,
                 0.00000000e+00+0.00000000e+00j,
                 0.00000000e+00+0.00000000e+00j,
                 7.31329154e-03+8.45004424e-18j,
                -6.97830868e-05+1.40351566e-04j,
                 6.01291931e-04-5.65804930e-04j,
                 2.36311590e-05+1.36339333e-04j,
                 3.89613123e-05-2.86216062e-03j,
                 1.31207970e-04+8.99952108e-05j,
                -1.74452799e-04-2.32621003e-04j,
                 1.44199148e-04-3.56558472e-06j],
               [ 0.00000000e+00+0.00000000e+00j,
                 0.00000000e+00+0.00000000e+00j,
                 0.00000000e+00+0.00000000e+00j,
                 0.00000000e+00+0.00000000e+00j,
                 0.00000000e+00+0.00000000e+00j,
                 0.00000000e+00+0.00000000e+00j,
                 0.00000000e+00+0.00000000e+00j,
                 0.00000000e+00+0.00000000e+00j,
                -6.97830868e-05-1.40351566e-04j,
                 2.45746819e-01-1.38706112e-17j,
                -3.65412728e-05-3.66130770e-05j,
                 1.69792117e-01-1.70792224e-01j,
                -3.32807097e-06+3.42992432e-05j,
                 3.96805470e-04-2.43980671e-01j,
                -3.47625103e-05+6.85603053e-06j,
                -1.69838415e-01-1.69066613e-01j],
               [ 0.00000000e+00+0.00000000e+00j,
                 0.00000000e+00+0.00000000e+00j,
                 0.00000000e+00+0.00000000e+00j,
                 0.00000000e+00+0.00000000e+00j,
                 0.00000000e+00+0.00000000e+00j,
                 0.00000000e+00+0.00000000e+00j,
                 0.00000000e+00+0.00000000e+00j,
                 0.00000000e+00+0.00000000e+00j,
                 6.01291931e-04+5.65804930e-04j,
                -3.65412728e-05+3.66130770e-05j,
                 6.26098443e-03+1.95068856e-18j,
                -1.10646121e-05+2.67051195e-05j,
                 2.18404342e-04-1.89635243e-04j,
                 1.68231571e-05+4.45966202e-05j,
                 3.82100501e-05-2.52804819e-03j,
                 1.81439700e-05+3.13231502e-05j],
               [ 0.00000000e+00+0.00000000e+00j,
                 0.00000000e+00+0.00000000e+00j,
                 0.00000000e+00+0.00000000e+00j,
                 0.00000000e+00+0.00000000e+00j,
                 0.00000000e+00+0.00000000e+00j,
                 0.00000000e+00+0.00000000e+00j,
                 0.00000000e+00+0.00000000e+00j,
                 0.00000000e+00+0.00000000e+00j,
                 2.36311590e-05-1.36339333e-04j,
                 1.69792117e-01+1.70792224e-01j,
                -1.10646121e-05-2.67051195e-05j,
                 2.45563621e-01+1.30460037e-21j,
                -2.20295313e-05+3.33901928e-05j,
                 1.70032917e-01-1.68816953e-01j,
                -1.93316342e-05-1.57770698e-05j,
                 3.96616562e-04-2.43894080e-01j],
               [ 0.00000000e+00+0.00000000e+00j,
                 0.00000000e+00+0.00000000e+00j,
                 0.00000000e+00+0.00000000e+00j,
                 0.00000000e+00+0.00000000e+00j,
                 0.00000000e+00+0.00000000e+00j,
                 0.00000000e+00+0.00000000e+00j,
                 0.00000000e+00+0.00000000e+00j,
                 0.00000000e+00+0.00000000e+00j,
                 3.89613123e-05+2.86216062e-03j,
                -3.32807097e-06-3.42992432e-05j,
                 2.18404342e-04+1.89635243e-04j,
                -2.20295313e-05-3.33901928e-05j,
                 1.55174111e-03+8.88349388e-18j,
                -5.50756722e-05-4.77450665e-06j,
                 1.58674450e-04-1.52483301e-04j,
                -5.32336421e-05+3.06414179e-05j],
               [ 0.00000000e+00+0.00000000e+00j,
                 0.00000000e+00+0.00000000e+00j,
                 0.00000000e+00+0.00000000e+00j,
                 0.00000000e+00+0.00000000e+00j,
                 0.00000000e+00+0.00000000e+00j,
                 0.00000000e+00+0.00000000e+00j,
                 0.00000000e+00+0.00000000e+00j,
                 0.00000000e+00+0.00000000e+00j,
                 1.31207970e-04-8.99952108e-05j,
                 3.96805470e-04+2.43980671e-01j,
                 1.68231571e-05-4.45966202e-05j,
                 1.70032917e-01+1.68816953e-01j,
                -5.50756722e-05+4.77450665e-06j,
                 2.45349942e-01-1.38705881e-17j,
                -1.51526625e-05-1.52513469e-05j,
                 1.69583608e-01-1.70582496e-01j],
               [ 0.00000000e+00+0.00000000e+00j,
                 0.00000000e+00+0.00000000e+00j,
                 0.00000000e+00+0.00000000e+00j,
                 0.00000000e+00+0.00000000e+00j,
                 0.00000000e+00+0.00000000e+00j,
                 0.00000000e+00+0.00000000e+00j,
                 0.00000000e+00+0.00000000e+00j,
                 0.00000000e+00+0.00000000e+00j,
                -1.74452799e-04+2.32621003e-04j,
                -3.47625103e-05-6.85603053e-06j,
                 3.82100501e-05+2.52804819e-03j,
                -1.93316342e-05+1.57770698e-05j,
                 1.58674450e-04+1.52483301e-04j,
                -1.51526625e-05+1.52513469e-05j,
                 1.17255959e-03-1.92877548e-17j,
                -4.70893933e-06+1.10864862e-05j],
               [ 0.00000000e+00+0.00000000e+00j,
                 0.00000000e+00+0.00000000e+00j,
                 0.00000000e+00+0.00000000e+00j,
                 0.00000000e+00+0.00000000e+00j,
                 0.00000000e+00+0.00000000e+00j,
                 0.00000000e+00+0.00000000e+00j,
                 0.00000000e+00+0.00000000e+00j,
                 0.00000000e+00+0.00000000e+00j,
                 1.44199148e-04+3.56558472e-06j,
                -1.69838415e-01+1.69066613e-01j,
                 1.81439700e-05-3.13231502e-05j,
                 3.96616562e-04+2.43894080e-01j,
                -5.32336421e-05-3.06414179e-05j,
                 1.69583608e-01+1.70582496e-01j,
                -4.70893933e-06-1.10864862e-05j,
                 2.45358462e-01+2.77412973e-17j]],
              dims=(2, 2, 2, 2))"
data/selected_mutant_qc/mutants_qpeexact_4/qpeexact_4_Mutant_Add_rzz_P10_Q2_[5.497787143782138].qasm,PureState_5,"{'0000': 156, '0100': 868}","DensityMatrix([[ 0.00000000e+00+0.00000000e+00j,
                 0.00000000e+00+0.00000000e+00j,
                 0.00000000e+00+0.00000000e+00j,
                 0.00000000e+00+0.00000000e+00j,
                 0.00000000e+00+0.00000000e+00j,
                 0.00000000e+00+0.00000000e+00j,
                 0.00000000e+00+0.00000000e+00j,
                 0.00000000e+00+0.00000000e+00j,
                -0.00000000e+00+0.00000000e+00j,
                 0.00000000e+00+0.00000000e+00j,
                 0.00000000e+00+0.00000000e+00j,
                 0.00000000e+00+0.00000000e+00j,
                 0.00000000e+00-0.00000000e+00j,
                -0.00000000e+00+0.00000000e+00j,
                -0.00000000e+00+0.00000000e+00j,
                -0.00000000e+00+0.00000000e+00j],
               [ 0.00000000e+00+0.00000000e+00j,
                 0.00000000e+00+0.00000000e+00j,
                 0.00000000e+00+0.00000000e+00j,
                 0.00000000e+00+0.00000000e+00j,
                 0.00000000e+00+0.00000000e+00j,
                 0.00000000e+00+0.00000000e+00j,
                 0.00000000e+00+0.00000000e+00j,
                 0.00000000e+00+0.00000000e+00j,
                -0.00000000e+00+0.00000000e+00j,
                 0.00000000e+00+0.00000000e+00j,
                 0.00000000e+00+0.00000000e+00j,
                 0.00000000e+00+0.00000000e+00j,
                 0.00000000e+00-0.00000000e+00j,
                -0.00000000e+00+0.00000000e+00j,
                -0.00000000e+00+0.00000000e+00j,
                -0.00000000e+00+0.00000000e+00j],
               [ 0.00000000e+00+0.00000000e+00j,
                 0.00000000e+00+0.00000000e+00j,
                 0.00000000e+00+0.00000000e+00j,
                 0.00000000e+00+0.00000000e+00j,
                 0.00000000e+00+0.00000000e+00j,
                 0.00000000e+00+0.00000000e+00j,
                 0.00000000e+00+0.00000000e+00j,
                 0.00000000e+00+0.00000000e+00j,
                -0.00000000e+00+0.00000000e+00j,
                 0.00000000e+00+0.00000000e+00j,
                 0.00000000e+00+0.00000000e+00j,
                 0.00000000e+00+0.00000000e+00j,
                 0.00000000e+00-0.00000000e+00j,
                -0.00000000e+00+0.00000000e+00j,
                -0.00000000e+00+0.00000000e+00j,
                -0.00000000e+00+0.00000000e+00j],
               [ 0.00000000e+00+0.00000000e+00j,
                 0.00000000e+00+0.00000000e+00j,
                 0.00000000e+00+0.00000000e+00j,
                 0.00000000e+00+0.00000000e+00j,
                 0.00000000e+00+0.00000000e+00j,
                 0.00000000e+00+0.00000000e+00j,
                 0.00000000e+00+0.00000000e+00j,
                 0.00000000e+00+0.00000000e+00j,
                -0.00000000e+00+0.00000000e+00j,
                 0.00000000e+00+0.00000000e+00j,
                 0.00000000e+00+0.00000000e+00j,
                 0.00000000e+00+0.00000000e+00j,
                 0.00000000e+00-0.00000000e+00j,
                -0.00000000e+00+0.00000000e+00j,
                -0.00000000e+00+0.00000000e+00j,
                -0.00000000e+00+0.00000000e+00j],
               [ 0.00000000e+00+0.00000000e+00j,
                 0.00000000e+00+0.00000000e+00j,
                 0.00000000e+00+0.00000000e+00j,
                 0.00000000e+00+0.00000000e+00j,
                 0.00000000e+00+0.00000000e+00j,
                 0.00000000e+00+0.00000000e+00j,
                 0.00000000e+00+0.00000000e+00j,
                 0.00000000e+00+0.00000000e+00j,
                -0.00000000e+00+0.00000000e+00j,
                 0.00000000e+00+0.00000000e+00j,
                 0.00000000e+00+0.00000000e+00j,
                 0.00000000e+00+0.00000000e+00j,
                 0.00000000e+00-0.00000000e+00j,
                -0.00000000e+00+0.00000000e+00j,
                -0.00000000e+00+0.00000000e+00j,
                -0.00000000e+00+0.00000000e+00j],
               [ 0.00000000e+00+0.00000000e+00j,
                 0.00000000e+00+0.00000000e+00j,
                 0.00000000e+00+0.00000000e+00j,
                 0.00000000e+00+0.00000000e+00j,
                 0.00000000e+00+0.00000000e+00j,
                 0.00000000e+00+0.00000000e+00j,
                 0.00000000e+00+0.00000000e+00j,
                 0.00000000e+00+0.00000000e+00j,
                -0.00000000e+00+0.00000000e+00j,
                 0.00000000e+00+0.00000000e+00j,
                 0.00000000e+00+0.00000000e+00j,
                 0.00000000e+00+0.00000000e+00j,
                 0.00000000e+00-0.00000000e+00j,
                -0.00000000e+00+0.00000000e+00j,
                -0.00000000e+00+0.00000000e+00j,
                -0.00000000e+00+0.00000000e+00j],
               [ 0.00000000e+00+0.00000000e+00j,
                 0.00000000e+00+0.00000000e+00j,
                 0.00000000e+00+0.00000000e+00j,
                 0.00000000e+00+0.00000000e+00j,
                 0.00000000e+00+0.00000000e+00j,
                 0.00000000e+00+0.00000000e+00j,
                 0.00000000e+00+0.00000000e+00j,
                 0.00000000e+00+0.00000000e+00j,
                -0.00000000e+00+0.00000000e+00j,
                 0.00000000e+00+0.00000000e+00j,
                 0.00000000e+00+0.00000000e+00j,
                 0.00000000e+00+0.00000000e+00j,
                 0.00000000e+00-0.00000000e+00j,
                -0.00000000e+00+0.00000000e+00j,
                -0.00000000e+00+0.00000000e+00j,
                -0.00000000e+00+0.00000000e+00j],
               [ 0.00000000e+00+0.00000000e+00j,
                 0.00000000e+00+0.00000000e+00j,
                 0.00000000e+00+0.00000000e+00j,
                 0.00000000e+00+0.00000000e+00j,
                 0.00000000e+00+0.00000000e+00j,
                 0.00000000e+00+0.00000000e+00j,
                 0.00000000e+00+0.00000000e+00j,
                 0.00000000e+00+0.00000000e+00j,
                -0.00000000e+00+0.00000000e+00j,
                 0.00000000e+00+0.00000000e+00j,
                 0.00000000e+00+0.00000000e+00j,
                 0.00000000e+00+0.00000000e+00j,
                 0.00000000e+00-0.00000000e+00j,
                -0.00000000e+00+0.00000000e+00j,
                -0.00000000e+00+0.00000000e+00j,
                -0.00000000e+00+0.00000000e+00j],
               [-0.00000000e+00+0.00000000e+00j,
                -0.00000000e+00+0.00000000e+00j,
                -0.00000000e+00+0.00000000e+00j,
                -0.00000000e+00+0.00000000e+00j,
                -0.00000000e+00+0.00000000e+00j,
                -0.00000000e+00+0.00000000e+00j,
                -0.00000000e+00+0.00000000e+00j,
                -0.00000000e+00+0.00000000e+00j,
                 1.46446609e-01+0.00000000e+00j,
                 1.08244507e-17-4.48363429e-18j,
                 1.20891843e-17-2.02186042e-17j,
                 4.48363429e-18-1.08244507e-17j,
                 6.88840578e-17+3.53553391e-01j,
                 4.48363429e-18+1.08244507e-17j,
                 2.10564529e-17+1.43029718e-18j,
                 1.08244507e-17+4.48363429e-18j],
               [ 0.00000000e+00-0.00000000e+00j,
                 0.00000000e+00-0.00000000e+00j,
                 0.00000000e+00-0.00000000e+00j,
                 0.00000000e+00-0.00000000e+00j,
                 0.00000000e+00-0.00000000e+00j,
                 0.00000000e+00-0.00000000e+00j,
                 0.00000000e+00-0.00000000e+00j,
                 0.00000000e+00-0.00000000e+00j,
                 1.08244507e-17+4.48363429e-18j,
                 9.37349864e-34+0.00000000e+00j,
                 1.51257587e-33-1.12431284e-33j,
                 6.62806445e-34-6.62806445e-34j,
                -1.08244507e-17+2.61325357e-17j,
                 2.99349648e-49+9.37349864e-34j,
                 1.51257587e-33+7.50386889e-34j,
                 6.62806445e-34+6.62806445e-34j],
               [ 0.00000000e+00-0.00000000e+00j,
                 0.00000000e+00-0.00000000e+00j,
                 0.00000000e+00-0.00000000e+00j,
                 0.00000000e+00-0.00000000e+00j,
                 0.00000000e+00-0.00000000e+00j,
                 0.00000000e+00-0.00000000e+00j,
                 0.00000000e+00-0.00000000e+00j,
                 0.00000000e+00-0.00000000e+00j,
                 1.20891843e-17+2.02186042e-17j,
                 1.51257587e-33+1.12431284e-33j,
                 3.78936964e-33+0.00000000e+00j,
                 1.86456189e-33-2.74543419e-34j,
                -4.88120285e-17+2.91858728e-17j,
                -1.12431284e-33+1.51257587e-33j,
                 1.54074396e-33+3.02515173e-33j,
                 2.74543419e-34+1.86456189e-33j],
               [ 0.00000000e+00-0.00000000e+00j,
                 0.00000000e+00-0.00000000e+00j,
                 0.00000000e+00-0.00000000e+00j,
                 0.00000000e+00-0.00000000e+00j,
                 0.00000000e+00-0.00000000e+00j,
                 0.00000000e+00-0.00000000e+00j,
                 0.00000000e+00-0.00000000e+00j,
                 0.00000000e+00-0.00000000e+00j,
                 4.48363429e-18+1.08244507e-17j,
                 6.62806445e-34+6.62806445e-34j,
                 1.86456189e-33+2.74543419e-34j,
                 9.37349864e-34+0.00000000e+00j,
                -2.61325357e-17+1.08244507e-17j,
                -6.62806445e-34+6.62806445e-34j,
                 5.38948995e-34+1.60015631e-33j,
                 3.42113883e-49+9.37349864e-34j],
               [ 0.00000000e+00+0.00000000e+00j,
                 0.00000000e+00+0.00000000e+00j,
                 0.00000000e+00+0.00000000e+00j,
                 0.00000000e+00+0.00000000e+00j,
                 0.00000000e+00+0.00000000e+00j,
                 0.00000000e+00+0.00000000e+00j,
                 0.00000000e+00+0.00000000e+00j,
                 0.00000000e+00+0.00000000e+00j,
                 6.88840578e-17-3.53553391e-01j,
                -1.08244507e-17-2.61325357e-17j,
                -4.88120285e-17-2.91858728e-17j,
                -2.61325357e-17-1.08244507e-17j,
                 8.53553391e-01+0.00000000e+00j,
                 2.61325357e-17-1.08244507e-17j,
                 3.45304285e-18-5.08347742e-17j,
                 1.08244507e-17-2.61325357e-17j],
               [-0.00000000e+00+0.00000000e+00j,
                -0.00000000e+00+0.00000000e+00j,
                -0.00000000e+00+0.00000000e+00j,
                -0.00000000e+00+0.00000000e+00j,
                -0.00000000e+00+0.00000000e+00j,
                -0.00000000e+00+0.00000000e+00j,
                -0.00000000e+00+0.00000000e+00j,
                -0.00000000e+00+0.00000000e+00j,
                 4.48363429e-18-1.08244507e-17j,
                 2.99349648e-49-9.37349864e-34j,
                -1.12431284e-33-1.51257587e-33j,
                -6.62806445e-34-6.62806445e-34j,
                 2.61325357e-17+1.08244507e-17j,
                 9.37349864e-34+0.00000000e+00j,
                 7.50386889e-34-1.51257587e-33j,
                 6.62806445e-34-6.62806445e-34j],
               [-0.00000000e+00+0.00000000e+00j,
                -0.00000000e+00+0.00000000e+00j,
                -0.00000000e+00+0.00000000e+00j,
                -0.00000000e+00+0.00000000e+00j,
                -0.00000000e+00+0.00000000e+00j,
                -0.00000000e+00+0.00000000e+00j,
                -0.00000000e+00+0.00000000e+00j,
                -0.00000000e+00+0.00000000e+00j,
                 2.10564529e-17-1.43029718e-18j,
                 1.51257587e-33-7.50386889e-34j,
                 1.54074396e-33-3.02515173e-33j,
                 5.38948995e-34-1.60015631e-33j,
                 3.45304285e-18+5.08347742e-17j,
                 7.50386889e-34+1.51257587e-33j,
                 3.04151773e-33+0.00000000e+00j,
                 1.60015631e-33+5.38948995e-34j],
               [-0.00000000e+00+0.00000000e+00j,
                -0.00000000e+00+0.00000000e+00j,
                -0.00000000e+00+0.00000000e+00j,
                -0.00000000e+00+0.00000000e+00j,
                -0.00000000e+00+0.00000000e+00j,
                -0.00000000e+00+0.00000000e+00j,
                -0.00000000e+00+0.00000000e+00j,
                -0.00000000e+00+0.00000000e+00j,
                 1.08244507e-17-4.48363429e-18j,
                 6.62806445e-34-6.62806445e-34j,
                 2.74543419e-34-1.86456189e-33j,
                 3.42113883e-49-9.37349864e-34j,
                 1.08244507e-17+2.61325357e-17j,
                 6.62806445e-34+6.62806445e-34j,
                 1.60015631e-33-5.38948995e-34j,
                 9.37349864e-34+0.00000000e+00j]],
              dims=(2, 2, 2, 2))","{'0001': 6, '0011': 2, '0111': 4, '0101': 8, '0110': 12, '0010': 6, '0000': 175, '0100': 811}","DensityMatrix([[ 1.01443603e-03-3.84514911e-20j,
                -9.14965586e-08+2.68196829e-07j,
                -5.07319379e-07-3.06204749e-07j,
                 6.02570451e-08+1.67775993e-07j,
                 1.01764801e-06-1.92855176e-04j,
                 5.17373111e-08+1.67260190e-07j,
                -1.07697593e-07+2.38735965e-07j,
                 7.05999109e-08+5.63738325e-08j,
                 0.00000000e+00+0.00000000e+00j,
                 0.00000000e+00+0.00000000e+00j,
                 0.00000000e+00+0.00000000e+00j,
                 0.00000000e+00+0.00000000e+00j,
                 0.00000000e+00+0.00000000e+00j,
                 0.00000000e+00+0.00000000e+00j,
                 0.00000000e+00+0.00000000e+00j,
                 0.00000000e+00+0.00000000e+00j],
               [-9.14965586e-08-2.68196829e-07j,
                 6.16663823e-06-2.11791678e-21j,
                -1.47225273e-08-3.52171589e-08j,
                -1.86801565e-07-7.42892994e-07j,
                -8.85103668e-09-7.42796205e-08j,
                 1.16432826e-07-1.86297655e-06j,
                 2.50520999e-09-1.03650393e-09j,
                -2.00799385e-07+1.10273803e-07j,
                 0.00000000e+00+0.00000000e+00j,
                 0.00000000e+00+0.00000000e+00j,
                 0.00000000e+00+0.00000000e+00j,
                 0.00000000e+00+0.00000000e+00j,
                 0.00000000e+00+0.00000000e+00j,
                 0.00000000e+00+0.00000000e+00j,
                 0.00000000e+00+0.00000000e+00j,
                 0.00000000e+00+0.00000000e+00j],
               [-5.07319379e-07+3.06204749e-07j,
                -1.47225273e-08+3.52171589e-08j,
                 9.49518134e-06+1.01717848e-20j,
                -5.45821806e-10+1.43589480e-09j,
                 2.47164834e-09-1.14972559e-08j,
                 2.30974320e-08+9.59128809e-09j,
                 2.24833033e-07-1.69332579e-06j,
                 3.09946972e-10+1.47459646e-09j,
                 0.00000000e+00+0.00000000e+00j,
                 0.00000000e+00+0.00000000e+00j,
                 0.00000000e+00+0.00000000e+00j,
                 0.00000000e+00+0.00000000e+00j,
                 0.00000000e+00+0.00000000e+00j,
                 0.00000000e+00+0.00000000e+00j,
                 0.00000000e+00+0.00000000e+00j,
                 0.00000000e+00+0.00000000e+00j],
               [ 6.02570451e-08-1.67775993e-07j,
                -1.86801565e-07+7.42892994e-07j,
                -5.45821806e-10-1.43589480e-09j,
                 5.75436221e-06-1.20817463e-20j,
                 1.20615824e-08+4.27940618e-09j,
                 1.98097054e-07+1.08392852e-07j,
                -3.82072599e-10-1.14048001e-09j,
                 9.66023559e-09-1.83854548e-06j,
                 0.00000000e+00+0.00000000e+00j,
                 0.00000000e+00+0.00000000e+00j,
                 0.00000000e+00+0.00000000e+00j,
                 0.00000000e+00+0.00000000e+00j,
                 0.00000000e+00+0.00000000e+00j,
                 0.00000000e+00+0.00000000e+00j,
                 0.00000000e+00+0.00000000e+00j,
                 0.00000000e+00+0.00000000e+00j],
               [ 1.01764801e-06+1.92855176e-04j,
                -8.85103668e-09+7.42796205e-08j,
                 2.47164834e-09+1.14972559e-08j,
                 1.20615824e-08-4.27940618e-09j,
                 6.28529599e-04+6.17835060e-20j,
                -1.15065996e-07+9.24747605e-08j,
                -3.13924858e-07-1.62006812e-07j,
                -6.50335950e-08+8.15428503e-08j,
                 0.00000000e+00+0.00000000e+00j,
                 0.00000000e+00+0.00000000e+00j,
                 0.00000000e+00+0.00000000e+00j,
                 0.00000000e+00+0.00000000e+00j,
                 0.00000000e+00+0.00000000e+00j,
                 0.00000000e+00+0.00000000e+00j,
                 0.00000000e+00+0.00000000e+00j,
                 0.00000000e+00+0.00000000e+00j],
               [ 5.17373111e-08-1.67260190e-07j,
                 1.16432826e-07+1.86297655e-06j,
                 2.30974320e-08-9.59128809e-09j,
                 1.98097054e-07-1.08392852e-07j,
                -1.15065996e-07-9.24747605e-08j,
                 6.18627220e-06+2.43139886e-20j,
                -1.11194021e-08-2.67519334e-08j,
                -1.86883021e-07-7.42564591e-07j,
                 0.00000000e+00+0.00000000e+00j,
                 0.00000000e+00+0.00000000e+00j,
                 0.00000000e+00+0.00000000e+00j,
                 0.00000000e+00+0.00000000e+00j,
                 0.00000000e+00+0.00000000e+00j,
                 0.00000000e+00+0.00000000e+00j,
                 0.00000000e+00+0.00000000e+00j,
                 0.00000000e+00+0.00000000e+00j],
               [-1.07697593e-07-2.38735965e-07j,
                 2.50520999e-09+1.03650393e-09j,
                 2.24833033e-07+1.69332579e-06j,
                -3.82072599e-10+1.14048001e-09j,
                -3.13924858e-07+1.62006812e-07j,
                -1.11194021e-08+2.67519334e-08j,
                 6.25711568e-06-1.28529359e-20j,
                -5.29515552e-10+1.01983566e-09j,
                 0.00000000e+00+0.00000000e+00j,
                 0.00000000e+00+0.00000000e+00j,
                 0.00000000e+00+0.00000000e+00j,
                 0.00000000e+00+0.00000000e+00j,
                 0.00000000e+00+0.00000000e+00j,
                 0.00000000e+00+0.00000000e+00j,
                 0.00000000e+00+0.00000000e+00j,
                 0.00000000e+00+0.00000000e+00j],
               [ 7.05999109e-08-5.63738325e-08j,
                -2.00799385e-07-1.10273803e-07j,
                 3.09946972e-10-1.47459646e-09j,
                 9.66023559e-09+1.83854548e-06j,
                -6.50335950e-08-8.15428503e-08j,
                -1.86883021e-07+7.42564591e-07j,
                -5.29515552e-10-1.01983566e-09j,
                 5.75357571e-06-1.05074807e-20j,
                 0.00000000e+00+0.00000000e+00j,
                 0.00000000e+00+0.00000000e+00j,
                 0.00000000e+00+0.00000000e+00j,
                 0.00000000e+00+0.00000000e+00j,
                 0.00000000e+00+0.00000000e+00j,
                 0.00000000e+00+0.00000000e+00j,
                 0.00000000e+00+0.00000000e+00j,
                 0.00000000e+00+0.00000000e+00j],
               [ 0.00000000e+00+0.00000000e+00j,
                 0.00000000e+00+0.00000000e+00j,
                 0.00000000e+00+0.00000000e+00j,
                 0.00000000e+00+0.00000000e+00j,
                 0.00000000e+00+0.00000000e+00j,
                 0.00000000e+00+0.00000000e+00j,
                 0.00000000e+00+0.00000000e+00j,
                 0.00000000e+00+0.00000000e+00j,
                 1.44440675e-01+7.62376722e-17j,
                -2.80751568e-05+8.21847956e-05j,
                -7.17355523e-05-1.07128223e-05j,
                 1.84628539e-05+5.13289562e-05j,
                 6.61107539e-04+3.43059043e-01j,
                -5.36998993e-05-6.05264777e-06j,
                 6.67389177e-05-1.27909549e-04j,
                -3.26349623e-05-2.59821577e-05j],
               [ 0.00000000e+00+0.00000000e+00j,
                 0.00000000e+00+0.00000000e+00j,
                 0.00000000e+00+0.00000000e+00j,
                 0.00000000e+00+0.00000000e+00j,
                 0.00000000e+00+0.00000000e+00j,
                 0.00000000e+00+0.00000000e+00j,
                 0.00000000e+00+0.00000000e+00j,
                 0.00000000e+00+0.00000000e+00j,
                -2.80751568e-05-8.21847956e-05j,
                 3.68496059e-03-5.39463049e-19j,
                -4.49479837e-06-1.07866691e-05j,
                -1.10870919e-04-4.40837313e-04j,
                 1.80422922e-04-1.07325545e-04j,
                 6.94705376e-05+3.31514358e-03j,
                 2.59059559e-05-1.08213436e-05j,
                 3.54084376e-04-1.94021194e-04j],
               [ 0.00000000e+00+0.00000000e+00j,
                 0.00000000e+00+0.00000000e+00j,
                 0.00000000e+00+0.00000000e+00j,
                 0.00000000e+00+0.00000000e+00j,
                 0.00000000e+00+0.00000000e+00j,
                 0.00000000e+00+0.00000000e+00j,
                 0.00000000e+00+0.00000000e+00j,
                 0.00000000e+00+0.00000000e+00j,
                -7.17355523e-05+1.07128223e-05j,
                -4.49479837e-06+1.07866691e-05j,
                 1.79592028e-03-4.17693562e-17j,
                -2.40745021e-07+4.82018761e-07j,
                -1.29229493e-04-2.76346805e-04j,
                -1.06881030e-05-4.44637830e-06j,
                 1.33902512e-04+3.01222113e-03j,
                -5.96266518e-07+4.94387840e-07j],
               [ 0.00000000e+00+0.00000000e+00j,
                 0.00000000e+00+0.00000000e+00j,
                 0.00000000e+00+0.00000000e+00j,
                 0.00000000e+00+0.00000000e+00j,
                 0.00000000e+00+0.00000000e+00j,
                 0.00000000e+00+0.00000000e+00j,
                 0.00000000e+00+0.00000000e+00j,
                 0.00000000e+00+0.00000000e+00j,
                 1.84628539e-05-5.13289562e-05j,
                -1.10870919e-04+4.40837313e-04j,
                -2.40745021e-07-4.82018761e-07j,
                 3.41585711e-03-9.42410408e-18j,
                 1.23478107e-04+4.42428000e-05j,
                -3.55741050e-04-1.95061069e-04j,
                 6.75732151e-07-9.83092515e-07j,
                 6.11280615e-06+3.27164201e-03j],
               [ 0.00000000e+00+0.00000000e+00j,
                 0.00000000e+00+0.00000000e+00j,
                 0.00000000e+00+0.00000000e+00j,
                 0.00000000e+00+0.00000000e+00j,
                 0.00000000e+00+0.00000000e+00j,
                 0.00000000e+00+0.00000000e+00j,
                 0.00000000e+00+0.00000000e+00j,
                 0.00000000e+00+0.00000000e+00j,
                 6.61107539e-04-3.43059043e-01j,
                 1.80422922e-04+1.07325545e-04j,
                -1.29229493e-04+2.76346805e-04j,
                 1.23478107e-04-4.42428000e-05j,
                 8.30373288e-01-3.47185788e-17j,
                -1.11871500e-04+8.97561150e-05j,
                -4.15537117e-04-2.67071652e-04j,
                -6.32005508e-05+7.92304779e-05j],
               [ 0.00000000e+00+0.00000000e+00j,
                 0.00000000e+00+0.00000000e+00j,
                 0.00000000e+00+0.00000000e+00j,
                 0.00000000e+00+0.00000000e+00j,
                 0.00000000e+00+0.00000000e+00j,
                 0.00000000e+00+0.00000000e+00j,
                 0.00000000e+00+0.00000000e+00j,
                 0.00000000e+00+0.00000000e+00j,
                -5.36998993e-05+6.05264777e-06j,
                 6.94705376e-05-3.31514358e-03j,
                -1.06881030e-05+4.44637830e-06j,
                -3.55741050e-04+1.95061069e-04j,
                -1.11871500e-04-8.97561150e-05j,
                 3.64432510e-03+2.05941264e-18j,
                -1.08049290e-05-2.59847337e-05j,
                -1.10845873e-04-4.40522814e-04j],
               [ 0.00000000e+00+0.00000000e+00j,
                 0.00000000e+00+0.00000000e+00j,
                 0.00000000e+00+0.00000000e+00j,
                 0.00000000e+00+0.00000000e+00j,
                 0.00000000e+00+0.00000000e+00j,
                 0.00000000e+00+0.00000000e+00j,
                 0.00000000e+00+0.00000000e+00j,
                 0.00000000e+00+0.00000000e+00j,
                 6.67389177e-05+1.27909549e-04j,
                 2.59059559e-05+1.08213436e-05j,
                 1.33902512e-04-3.01222113e-03j,
                 6.75732151e-07+9.83092515e-07j,
                -4.15537117e-04+2.67071652e-04j,
                -1.08049290e-05+2.59847337e-05j,
                 7.55029442e-03+1.37071752e-17j,
                -4.63890896e-07+8.99916977e-07j],
               [ 0.00000000e+00+0.00000000e+00j,
                 0.00000000e+00+0.00000000e+00j,
                 0.00000000e+00+0.00000000e+00j,
                 0.00000000e+00+0.00000000e+00j,
                 0.00000000e+00+0.00000000e+00j,
                 0.00000000e+00+0.00000000e+00j,
                 0.00000000e+00+0.00000000e+00j,
                 0.00000000e+00+0.00000000e+00j,
                -3.26349623e-05+2.59821577e-05j,
                 3.54084376e-04+1.94021194e-04j,
                -5.96266518e-07-4.94387840e-07j,
                 6.11280615e-06-3.27164201e-03j,
                -6.32005508e-05-7.92304779e-05j,
                -1.10845873e-04+4.40522814e-04j,
                -4.63890896e-07-8.99916977e-07j,
                 3.41209945e-03+6.18162230e-18j]],
              dims=(2, 2, 2, 2))"
data/selected_mutant_qc/mutants_qpeexact_4/qpeexact_4_Mutant_Add_rzz_P10_Q2_[5.497787143782138].qasm,PureState_6,"{'0010': 158, '0110': 866}","DensityMatrix([[ 3.78936964e-33+0.00000000e+00j,
                 1.51257587e-33-1.12431284e-33j,
                -1.20891843e-17+2.02186042e-17j,
                -2.74543419e-34+1.86456189e-33j,
                -1.54074396e-33+3.02515173e-33j,
                 1.12431284e-33+1.51257587e-33j,
                -4.88120285e-17-2.91858728e-17j,
                -1.86456189e-33-2.74543419e-34j,
                 0.00000000e+00-0.00000000e+00j,
                 0.00000000e+00-0.00000000e+00j,
                 0.00000000e+00-0.00000000e+00j,
                 0.00000000e+00-0.00000000e+00j,
                 0.00000000e+00-0.00000000e+00j,
                 0.00000000e+00-0.00000000e+00j,
                 0.00000000e+00-0.00000000e+00j,
                 0.00000000e+00-0.00000000e+00j],
               [ 1.51257587e-33+1.12431284e-33j,
                 9.37349864e-34+0.00000000e+00j,
                -1.08244507e-17+4.48363429e-18j,
                -6.62806445e-34+6.62806445e-34j,
                -1.51257587e-33+7.50386889e-34j,
                -8.55284707e-50+9.37349864e-34j,
                -1.08244507e-17-2.61325357e-17j,
                -6.62806445e-34-6.62806445e-34j,
                 0.00000000e+00+0.00000000e+00j,
                 0.00000000e+00+0.00000000e+00j,
                 0.00000000e+00+0.00000000e+00j,
                 0.00000000e+00+0.00000000e+00j,
                 0.00000000e+00+0.00000000e+00j,
                 0.00000000e+00+0.00000000e+00j,
                 0.00000000e+00+0.00000000e+00j,
                 0.00000000e+00+0.00000000e+00j],
               [-1.20891843e-17-2.02186042e-17j,
                -1.08244507e-17-4.48363429e-18j,
                 1.46446609e-01+0.00000000e+00j,
                 1.08244507e-17-4.48363429e-18j,
                 2.10564529e-17-1.43029718e-18j,
                 4.48363429e-18-1.08244507e-17j,
                 2.77555756e-17+3.53553391e-01j,
                 4.48363429e-18+1.08244507e-17j,
                -0.00000000e+00+0.00000000e+00j,
                -0.00000000e+00+0.00000000e+00j,
                -0.00000000e+00+0.00000000e+00j,
                -0.00000000e+00+0.00000000e+00j,
                -0.00000000e+00+0.00000000e+00j,
                -0.00000000e+00+0.00000000e+00j,
                -0.00000000e+00+0.00000000e+00j,
                -0.00000000e+00+0.00000000e+00j],
               [-2.74543419e-34-1.86456189e-33j,
                -6.62806445e-34-6.62806445e-34j,
                 1.08244507e-17+4.48363429e-18j,
                 9.37349864e-34+0.00000000e+00j,
                 1.60015631e-33+5.38948995e-34j,
                 6.62806445e-34-6.62806445e-34j,
                -1.08244507e-17+2.61325357e-17j,
                -8.55284707e-50+9.37349864e-34j,
                -0.00000000e+00+0.00000000e+00j,
                -0.00000000e+00+0.00000000e+00j,
                -0.00000000e+00+0.00000000e+00j,
                -0.00000000e+00+0.00000000e+00j,
                -0.00000000e+00+0.00000000e+00j,
                -0.00000000e+00+0.00000000e+00j,
                -0.00000000e+00+0.00000000e+00j,
                -0.00000000e+00+0.00000000e+00j],
               [-1.54074396e-33-3.02515173e-33j,
                -1.51257587e-33-7.50386889e-34j,
                 2.10564529e-17+1.43029718e-18j,
                 1.60015631e-33-5.38948995e-34j,
                 3.04151773e-33+0.00000000e+00j,
                 7.50386889e-34-1.51257587e-33j,
                -3.45304285e-18+5.08347742e-17j,
                 5.38948995e-34+1.60015631e-33j,
                -0.00000000e+00+0.00000000e+00j,
                -0.00000000e+00+0.00000000e+00j,
                -0.00000000e+00+0.00000000e+00j,
                -0.00000000e+00+0.00000000e+00j,
                -0.00000000e+00+0.00000000e+00j,
                -0.00000000e+00+0.00000000e+00j,
                -0.00000000e+00+0.00000000e+00j,
                -0.00000000e+00+0.00000000e+00j],
               [ 1.12431284e-33-1.51257587e-33j,
                -8.55284707e-50-9.37349864e-34j,
                 4.48363429e-18+1.08244507e-17j,
                 6.62806445e-34+6.62806445e-34j,
                 7.50386889e-34+1.51257587e-33j,
                 9.37349864e-34+0.00000000e+00j,
                -2.61325357e-17+1.08244507e-17j,
                -6.62806445e-34+6.62806445e-34j,
                 0.00000000e+00-0.00000000e+00j,
                 0.00000000e+00-0.00000000e+00j,
                 0.00000000e+00-0.00000000e+00j,
                 0.00000000e+00-0.00000000e+00j,
                 0.00000000e+00-0.00000000e+00j,
                 0.00000000e+00-0.00000000e+00j,
                 0.00000000e+00-0.00000000e+00j,
                 0.00000000e+00-0.00000000e+00j],
               [-4.88120285e-17+2.91858728e-17j,
                -1.08244507e-17+2.61325357e-17j,
                 2.77555756e-17-3.53553391e-01j,
                -1.08244507e-17-2.61325357e-17j,
                -3.45304285e-18-5.08347742e-17j,
                -2.61325357e-17-1.08244507e-17j,
                 8.53553391e-01+0.00000000e+00j,
                 2.61325357e-17-1.08244507e-17j,
                 0.00000000e+00+0.00000000e+00j,
                 0.00000000e+00+0.00000000e+00j,
                 0.00000000e+00+0.00000000e+00j,
                 0.00000000e+00+0.00000000e+00j,
                 0.00000000e+00+0.00000000e+00j,
                 0.00000000e+00+0.00000000e+00j,
                 0.00000000e+00+0.00000000e+00j,
                 0.00000000e+00+0.00000000e+00j],
               [-1.86456189e-33+2.74543419e-34j,
                -6.62806445e-34+6.62806445e-34j,
                 4.48363429e-18-1.08244507e-17j,
                -8.55284707e-50-9.37349864e-34j,
                 5.38948995e-34-1.60015631e-33j,
                -6.62806445e-34-6.62806445e-34j,
                 2.61325357e-17+1.08244507e-17j,
                 9.37349864e-34+0.00000000e+00j,
                 0.00000000e+00+0.00000000e+00j,
                 0.00000000e+00+0.00000000e+00j,
                 0.00000000e+00+0.00000000e+00j,
                 0.00000000e+00+0.00000000e+00j,
                 0.00000000e+00+0.00000000e+00j,
                 0.00000000e+00+0.00000000e+00j,
                 0.00000000e+00+0.00000000e+00j,
                 0.00000000e+00+0.00000000e+00j],
               [ 0.00000000e+00+0.00000000e+00j,
                 0.00000000e+00+0.00000000e+00j,
                -0.00000000e+00+0.00000000e+00j,
                -0.00000000e+00+0.00000000e+00j,
                -0.00000000e+00+0.00000000e+00j,
                 0.00000000e+00+0.00000000e+00j,
                 0.00000000e+00-0.00000000e+00j,
                 0.00000000e+00-0.00000000e+00j,
                 0.00000000e+00+0.00000000e+00j,
                 0.00000000e+00+0.00000000e+00j,
                 0.00000000e+00+0.00000000e+00j,
                 0.00000000e+00+0.00000000e+00j,
                 0.00000000e+00+0.00000000e+00j,
                 0.00000000e+00+0.00000000e+00j,
                 0.00000000e+00+0.00000000e+00j,
                 0.00000000e+00+0.00000000e+00j],
               [ 0.00000000e+00+0.00000000e+00j,
                 0.00000000e+00+0.00000000e+00j,
                -0.00000000e+00+0.00000000e+00j,
                -0.00000000e+00+0.00000000e+00j,
                -0.00000000e+00+0.00000000e+00j,
                 0.00000000e+00+0.00000000e+00j,
                 0.00000000e+00-0.00000000e+00j,
                 0.00000000e+00-0.00000000e+00j,
                 0.00000000e+00+0.00000000e+00j,
                 0.00000000e+00+0.00000000e+00j,
                 0.00000000e+00+0.00000000e+00j,
                 0.00000000e+00+0.00000000e+00j,
                 0.00000000e+00+0.00000000e+00j,
                 0.00000000e+00+0.00000000e+00j,
                 0.00000000e+00+0.00000000e+00j,
                 0.00000000e+00+0.00000000e+00j],
               [ 0.00000000e+00+0.00000000e+00j,
                 0.00000000e+00+0.00000000e+00j,
                -0.00000000e+00+0.00000000e+00j,
                -0.00000000e+00+0.00000000e+00j,
                -0.00000000e+00+0.00000000e+00j,
                 0.00000000e+00+0.00000000e+00j,
                 0.00000000e+00-0.00000000e+00j,
                 0.00000000e+00-0.00000000e+00j,
                 0.00000000e+00+0.00000000e+00j,
                 0.00000000e+00+0.00000000e+00j,
                 0.00000000e+00+0.00000000e+00j,
                 0.00000000e+00+0.00000000e+00j,
                 0.00000000e+00+0.00000000e+00j,
                 0.00000000e+00+0.00000000e+00j,
                 0.00000000e+00+0.00000000e+00j,
                 0.00000000e+00+0.00000000e+00j],
               [ 0.00000000e+00+0.00000000e+00j,
                 0.00000000e+00+0.00000000e+00j,
                -0.00000000e+00+0.00000000e+00j,
                -0.00000000e+00+0.00000000e+00j,
                -0.00000000e+00+0.00000000e+00j,
                 0.00000000e+00+0.00000000e+00j,
                 0.00000000e+00-0.00000000e+00j,
                 0.00000000e+00-0.00000000e+00j,
                 0.00000000e+00+0.00000000e+00j,
                 0.00000000e+00+0.00000000e+00j,
                 0.00000000e+00+0.00000000e+00j,
                 0.00000000e+00+0.00000000e+00j,
                 0.00000000e+00+0.00000000e+00j,
                 0.00000000e+00+0.00000000e+00j,
                 0.00000000e+00+0.00000000e+00j,
                 0.00000000e+00+0.00000000e+00j],
               [ 0.00000000e+00+0.00000000e+00j,
                 0.00000000e+00+0.00000000e+00j,
                -0.00000000e+00+0.00000000e+00j,
                -0.00000000e+00+0.00000000e+00j,
                -0.00000000e+00+0.00000000e+00j,
                 0.00000000e+00+0.00000000e+00j,
                 0.00000000e+00-0.00000000e+00j,
                 0.00000000e+00-0.00000000e+00j,
                 0.00000000e+00+0.00000000e+00j,
                 0.00000000e+00+0.00000000e+00j,
                 0.00000000e+00+0.00000000e+00j,
                 0.00000000e+00+0.00000000e+00j,
                 0.00000000e+00+0.00000000e+00j,
                 0.00000000e+00+0.00000000e+00j,
                 0.00000000e+00+0.00000000e+00j,
                 0.00000000e+00+0.00000000e+00j],
               [ 0.00000000e+00+0.00000000e+00j,
                 0.00000000e+00+0.00000000e+00j,
                -0.00000000e+00+0.00000000e+00j,
                -0.00000000e+00+0.00000000e+00j,
                -0.00000000e+00+0.00000000e+00j,
                 0.00000000e+00+0.00000000e+00j,
                 0.00000000e+00-0.00000000e+00j,
                 0.00000000e+00-0.00000000e+00j,
                 0.00000000e+00+0.00000000e+00j,
                 0.00000000e+00+0.00000000e+00j,
                 0.00000000e+00+0.00000000e+00j,
                 0.00000000e+00+0.00000000e+00j,
                 0.00000000e+00+0.00000000e+00j,
                 0.00000000e+00+0.00000000e+00j,
                 0.00000000e+00+0.00000000e+00j,
                 0.00000000e+00+0.00000000e+00j],
               [ 0.00000000e+00+0.00000000e+00j,
                 0.00000000e+00+0.00000000e+00j,
                -0.00000000e+00+0.00000000e+00j,
                -0.00000000e+00+0.00000000e+00j,
                -0.00000000e+00+0.00000000e+00j,
                 0.00000000e+00+0.00000000e+00j,
                 0.00000000e+00-0.00000000e+00j,
                 0.00000000e+00-0.00000000e+00j,
                 0.00000000e+00+0.00000000e+00j,
                 0.00000000e+00+0.00000000e+00j,
                 0.00000000e+00+0.00000000e+00j,
                 0.00000000e+00+0.00000000e+00j,
                 0.00000000e+00+0.00000000e+00j,
                 0.00000000e+00+0.00000000e+00j,
                 0.00000000e+00+0.00000000e+00j,
                 0.00000000e+00+0.00000000e+00j],
               [ 0.00000000e+00+0.00000000e+00j,
                 0.00000000e+00+0.00000000e+00j,
                -0.00000000e+00+0.00000000e+00j,
                -0.00000000e+00+0.00000000e+00j,
                -0.00000000e+00+0.00000000e+00j,
                 0.00000000e+00+0.00000000e+00j,
                 0.00000000e+00-0.00000000e+00j,
                 0.00000000e+00-0.00000000e+00j,
                 0.00000000e+00+0.00000000e+00j,
                 0.00000000e+00+0.00000000e+00j,
                 0.00000000e+00+0.00000000e+00j,
                 0.00000000e+00+0.00000000e+00j,
                 0.00000000e+00+0.00000000e+00j,
                 0.00000000e+00+0.00000000e+00j,
                 0.00000000e+00+0.00000000e+00j,
                 0.00000000e+00+0.00000000e+00j]],
              dims=(2, 2, 2, 2))","{'0001': 2, '0101': 2, '0011': 10, '0111': 13, '0100': 12, '0000': 6, '0010': 178, '0110': 801}","DensityMatrix([[ 1.72918052e-03-4.08679137e-17j,
                -2.18320523e-07+4.91122095e-07j,
                -4.21647987e-05-4.04030487e-05j,
                -1.08173296e-05-4.49525129e-06j,
                 1.34129409e-04+3.03210408e-03j,
                -6.31522790e-07+5.00071936e-07j,
                 9.65301389e-05-9.76607309e-05j,
                 4.43168635e-06-1.07115938e-05j,
                 0.00000000e+00+0.00000000e+00j,
                 0.00000000e+00+0.00000000e+00j,
                 0.00000000e+00+0.00000000e+00j,
                 0.00000000e+00+0.00000000e+00j,
                 0.00000000e+00+0.00000000e+00j,
                 0.00000000e+00+0.00000000e+00j,
                 0.00000000e+00+0.00000000e+00j,
                 0.00000000e+00+0.00000000e+00j],
               [-2.18320523e-07-4.91122095e-07j,
                 3.41401134e-03+1.77766206e-17j,
                 5.13065054e-05+1.84698219e-05j,
                -4.42102761e-04-1.09249097e-04j,
                 7.69367410e-07-1.02382829e-06j,
                 6.14273167e-06+3.26980039e-03j,
                -4.41957506e-05+1.23373911e-04j,
                 1.91947183e-04-3.55071568e-04j,
                 0.00000000e+00+0.00000000e+00j,
                 0.00000000e+00+0.00000000e+00j,
                 0.00000000e+00+0.00000000e+00j,
                 0.00000000e+00+0.00000000e+00j,
                 0.00000000e+00+0.00000000e+00j,
                 0.00000000e+00+0.00000000e+00j,
                 0.00000000e+00+0.00000000e+00j,
                 0.00000000e+00+0.00000000e+00j],
               [-4.21647987e-05+4.04030487e-05j,
                 5.13065054e-05-1.84698219e-05j,
                 1.44505499e-01+1.56190724e-17j,
                -2.80648159e-05+8.21287187e-05j,
                -1.59099830e-04-2.46165971e-04j,
                -2.59147227e-05+3.26099820e-05j,
                 6.60772312e-04+3.42463501e-01j,
                -5.35904821e-05-5.96936783e-06j,
                 0.00000000e+00+0.00000000e+00j,
                 0.00000000e+00+0.00000000e+00j,
                 0.00000000e+00+0.00000000e+00j,
                 0.00000000e+00+0.00000000e+00j,
                 0.00000000e+00+0.00000000e+00j,
                 0.00000000e+00+0.00000000e+00j,
                 0.00000000e+00+0.00000000e+00j,
                 0.00000000e+00+0.00000000e+00j],
               [-1.08173296e-05+4.49525129e-06j,
                -4.42102761e-04+1.09249097e-04j,
                -2.80648159e-05-8.21287187e-05j,
                 3.68342519e-03-9.20984407e-18j,
                -1.08457433e-05-2.58536363e-05j,
                -1.94046302e-04-3.56825193e-04j,
                 1.80177797e-04-1.07206808e-04j,
                 6.94303317e-05+3.31090157e-03j,
                 0.00000000e+00+0.00000000e+00j,
                 0.00000000e+00+0.00000000e+00j,
                 0.00000000e+00+0.00000000e+00j,
                 0.00000000e+00+0.00000000e+00j,
                 0.00000000e+00+0.00000000e+00j,
                 0.00000000e+00+0.00000000e+00j,
                 0.00000000e+00+0.00000000e+00j,
                 0.00000000e+00+0.00000000e+00j],
               [ 1.34129409e-04-3.03210408e-03j,
                 7.69367410e-07+1.02382829e-06j,
                -1.59099830e-04+2.46165971e-04j,
                -1.08457433e-05+2.58536363e-05j,
                 8.06438138e-03+4.23699305e-17j,
                -5.50636686e-07+9.69848693e-07j,
                -4.46494276e-04-2.35890490e-04j,
                -2.60168941e-05-1.08149163e-05j,
                 0.00000000e+00+0.00000000e+00j,
                 0.00000000e+00+0.00000000e+00j,
                 0.00000000e+00+0.00000000e+00j,
                 0.00000000e+00+0.00000000e+00j,
                 0.00000000e+00+0.00000000e+00j,
                 0.00000000e+00+0.00000000e+00j,
                 0.00000000e+00+0.00000000e+00j,
                 0.00000000e+00+0.00000000e+00j],
               [-6.31522790e-07-5.00071936e-07j,
                 6.14273167e-06-3.26980039e-03j,
                -2.59147227e-05-3.26099820e-05j,
                -1.94046302e-04+3.56825193e-04j,
                -5.50636686e-07-9.69848693e-07j,
                 3.41566423e-03-2.08021541e-17j,
                 7.92180272e-05-6.31802134e-05j,
                -4.42066498e-04-1.09334952e-04j,
                 0.00000000e+00+0.00000000e+00j,
                 0.00000000e+00+0.00000000e+00j,
                 0.00000000e+00+0.00000000e+00j,
                 0.00000000e+00+0.00000000e+00j,
                 0.00000000e+00+0.00000000e+00j,
                 0.00000000e+00+0.00000000e+00j,
                 0.00000000e+00+0.00000000e+00j,
                 0.00000000e+00+0.00000000e+00j],
               [ 9.65301389e-05+9.76607309e-05j,
                -4.41957506e-05-1.23373911e-04j,
                 6.60772312e-04-3.42463501e-01j,
                 1.80177797e-04+1.07206808e-04j,
                -4.46494276e-04+2.35890490e-04j,
                 7.92180272e-05+6.31802134e-05j,
                 8.29727097e-01+1.56108984e-17j,
                -1.11788025e-04+8.97345144e-05j,
                 0.00000000e+00+0.00000000e+00j,
                 0.00000000e+00+0.00000000e+00j,
                 0.00000000e+00+0.00000000e+00j,
                 0.00000000e+00+0.00000000e+00j,
                 0.00000000e+00+0.00000000e+00j,
                 0.00000000e+00+0.00000000e+00j,
                 0.00000000e+00+0.00000000e+00j,
                 0.00000000e+00+0.00000000e+00j],
               [ 4.43168635e-06+1.07115938e-05j,
                 1.91947183e-04+3.55071568e-04j,
                -5.35904821e-05+5.96936783e-06j,
                 6.94303317e-05-3.31090157e-03j,
                -2.60168941e-05+1.08149163e-05j,
                -4.42066498e-04+1.09334952e-04j,
                -1.11788025e-04-8.97345144e-05j,
                 3.64221361e-03+1.19295005e-18j,
                 0.00000000e+00+0.00000000e+00j,
                 0.00000000e+00+0.00000000e+00j,
                 0.00000000e+00+0.00000000e+00j,
                 0.00000000e+00+0.00000000e+00j,
                 0.00000000e+00+0.00000000e+00j,
                 0.00000000e+00+0.00000000e+00j,
                 0.00000000e+00+0.00000000e+00j,
                 0.00000000e+00+0.00000000e+00j],
               [ 0.00000000e+00+0.00000000e+00j,
                 0.00000000e+00+0.00000000e+00j,
                 0.00000000e+00+0.00000000e+00j,
                 0.00000000e+00+0.00000000e+00j,
                 0.00000000e+00+0.00000000e+00j,
                 0.00000000e+00+0.00000000e+00j,
                 0.00000000e+00+0.00000000e+00j,
                 0.00000000e+00+0.00000000e+00j,
                 1.20317689e-05+3.41019978e-21j,
                -6.90467414e-10+1.80429724e-09j,
                -6.43620472e-07-3.47635445e-07j,
                -4.09450145e-08-1.71481509e-08j,
                 2.43694747e-07-2.97800417e-06j,
                 5.45758357e-10+1.77396910e-09j,
                -1.82466978e-07+3.04152350e-07j,
                -1.32670398e-08+3.17203066e-08j],
               [ 0.00000000e+00+0.00000000e+00j,
                 0.00000000e+00+0.00000000e+00j,
                 0.00000000e+00+0.00000000e+00j,
                 0.00000000e+00+0.00000000e+00j,
                 0.00000000e+00+0.00000000e+00j,
                 0.00000000e+00+0.00000000e+00j,
                 0.00000000e+00+0.00000000e+00j,
                 0.00000000e+00+0.00000000e+00j,
                -6.90467414e-10-1.80429724e-09j,
                 6.22257901e-06-2.28763973e-21j,
                 1.94866466e-07+6.99931839e-08j,
                -8.05543842e-07-1.99055257e-07j,
                -6.49644474e-10-1.19887086e-09j,
                 1.07198693e-08-3.20926499e-06j,
                 7.13610258e-09-1.95405165e-08j,
                -1.91304374e-07+3.50995805e-07j],
               [ 0.00000000e+00+0.00000000e+00j,
                 0.00000000e+00+0.00000000e+00j,
                 0.00000000e+00+0.00000000e+00j,
                 0.00000000e+00+0.00000000e+00j,
                 0.00000000e+00+0.00000000e+00j,
                 0.00000000e+00+0.00000000e+00j,
                 0.00000000e+00+0.00000000e+00j,
                 0.00000000e+00+0.00000000e+00j,
                -6.43620472e-07+3.47635445e-07j,
                 1.94866466e-07-6.99931839e-08j,
                 1.22385187e-03-2.16399174e-20j,
                -1.06171451e-07+3.11281896e-07j,
                 6.85473063e-08+3.35586037e-08j,
                 7.76430733e-08-9.71703155e-08j,
                 1.13161411e-06-3.36344366e-04j,
                 7.94993995e-08+2.10183174e-07j],
               [ 0.00000000e+00+0.00000000e+00j,
                 0.00000000e+00+0.00000000e+00j,
                 0.00000000e+00+0.00000000e+00j,
                 0.00000000e+00+0.00000000e+00j,
                 0.00000000e+00+0.00000000e+00j,
                 0.00000000e+00+0.00000000e+00j,
                 0.00000000e+00+0.00000000e+00j,
                 0.00000000e+00+0.00000000e+00j,
                -4.09450145e-08+1.71481509e-08j,
                -8.05543842e-07+1.99055257e-07j,
                -1.06171451e-07-3.11281896e-07j,
                 6.65350720e-06-1.10848138e-20j,
                 1.69794352e-09+4.20681680e-09j,
                 1.87563383e-07+3.47721143e-07j,
                -6.15151130e-08-6.25330467e-08j,
                 1.26011498e-07-3.24957709e-06j],
               [ 0.00000000e+00+0.00000000e+00j,
                 0.00000000e+00+0.00000000e+00j,
                 0.00000000e+00+0.00000000e+00j,
                 0.00000000e+00+0.00000000e+00j,
                 0.00000000e+00+0.00000000e+00j,
                 0.00000000e+00+0.00000000e+00j,
                 0.00000000e+00+0.00000000e+00j,
                 0.00000000e+00+0.00000000e+00j,
                 2.43694747e-07+2.97800417e-06j,
                -6.49644474e-10+1.19887086e-09j,
                 6.85473063e-08-3.35586037e-08j,
                 1.69794352e-09-4.20681680e-09j,
                 5.81056681e-06+6.54683725e-20j,
                -5.53716256e-10+1.05601872e-09j,
                -2.46628794e-07-1.55749142e-07j,
                -2.61314494e-08-1.08784535e-08j],
               [ 0.00000000e+00+0.00000000e+00j,
                 0.00000000e+00+0.00000000e+00j,
                 0.00000000e+00+0.00000000e+00j,
                 0.00000000e+00+0.00000000e+00j,
                 0.00000000e+00+0.00000000e+00j,
                 0.00000000e+00+0.00000000e+00j,
                 0.00000000e+00+0.00000000e+00j,
                 0.00000000e+00+0.00000000e+00j,
                 5.45758357e-10-1.77396910e-09j,
                 1.07198693e-08+3.20926499e-06j,
                 7.76430733e-08+9.71703155e-08j,
                 1.87563383e-07-3.47721143e-07j,
                -5.53716256e-10-1.05601872e-09j,
                 6.21999401e-06-1.08838693e-20j,
                 7.95317988e-08-6.33776838e-08j,
                -8.05270553e-07-1.99170062e-07j],
               [ 0.00000000e+00+0.00000000e+00j,
                 0.00000000e+00+0.00000000e+00j,
                 0.00000000e+00+0.00000000e+00j,
                 0.00000000e+00+0.00000000e+00j,
                 0.00000000e+00+0.00000000e+00j,
                 0.00000000e+00+0.00000000e+00j,
                 0.00000000e+00+0.00000000e+00j,
                 0.00000000e+00+0.00000000e+00j,
                -1.82466978e-07-3.04152350e-07j,
                 7.13610258e-09+1.95405165e-08j,
                 1.13161411e-06+3.36344366e-04j,
                -6.15151130e-08+6.25330467e-08j,
                -2.46628794e-07+1.55749142e-07j,
                 7.95317988e-08+6.33776838e-08j,
                 5.51043537e-04-2.16427696e-20j,
                -1.12108517e-07+9.01297059e-08j],
               [ 0.00000000e+00+0.00000000e+00j,
                 0.00000000e+00+0.00000000e+00j,
                 0.00000000e+00+0.00000000e+00j,
                 0.00000000e+00+0.00000000e+00j,
                 0.00000000e+00+0.00000000e+00j,
                 0.00000000e+00+0.00000000e+00j,
                 0.00000000e+00+0.00000000e+00j,
                 0.00000000e+00+0.00000000e+00j,
                -1.32670398e-08-3.17203066e-08j,
                -1.91304374e-07-3.50995805e-07j,
                 7.94993995e-08-2.10183174e-07j,
                 1.26011498e-07+3.24957709e-06j,
                -2.61314494e-08+1.08784535e-08j,
                -8.05270553e-07+1.99170062e-07j,
                -1.12108517e-07-9.01297059e-08j,
                 6.69264999e-06+2.33385561e-20j]],
              dims=(2, 2, 2, 2))"
data/selected_mutant_qc/mutants_qpeexact_4/qpeexact_4_Mutant_Add_rzz_P10_Q2_[5.497787143782138].qasm,PureState_7,"{'0010': 877, '0110': 147}","DensityMatrix([[ 6.44059542e-33+0.00000000e+00j,
                 1.60015631e-33-1.86456189e-33j,
                -2.30791986e-17+7.04609299e-17j,
                 1.86962976e-34+2.44992573e-33j,
                 1.54074396e-33+3.73925951e-34j,
                -1.86456189e-33-1.60015631e-33j,
                 2.91858728e-17+9.55971706e-18j,
                 2.44992573e-33-1.86962976e-34j,
                -0.00000000e+00+0.00000000e+00j,
                -0.00000000e+00+0.00000000e+00j,
                -0.00000000e+00+0.00000000e+00j,
                -0.00000000e+00+0.00000000e+00j,
                -0.00000000e+00+0.00000000e+00j,
                -0.00000000e+00+0.00000000e+00j,
                -0.00000000e+00+0.00000000e+00j,
                -0.00000000e+00+0.00000000e+00j],
               [ 1.60015631e-33+1.86456189e-33j,
                 9.37349864e-34+0.00000000e+00j,
                -2.61325357e-17+1.08244507e-17j,
                -6.62806445e-34+6.62806445e-34j,
                 2.74543419e-34+5.38948995e-34j,
                 3.42113883e-49-9.37349864e-34j,
                 4.48363429e-18+1.08244507e-17j,
                 6.62806445e-34+6.62806445e-34j,
                 0.00000000e+00-0.00000000e+00j,
                 0.00000000e+00-0.00000000e+00j,
                 0.00000000e+00-0.00000000e+00j,
                 0.00000000e+00-0.00000000e+00j,
                 0.00000000e+00-0.00000000e+00j,
                 0.00000000e+00-0.00000000e+00j,
                 0.00000000e+00-0.00000000e+00j,
                 0.00000000e+00-0.00000000e+00j],
               [-2.30791986e-17-7.04609299e-17j,
                -2.61325357e-17-1.08244507e-17j,
                 8.53553391e-01+0.00000000e+00j,
                 2.61325357e-17-1.08244507e-17j,
                -1.43029718e-18-1.81958586e-17j,
                -1.08244507e-17+2.61325357e-17j,
                -1.11022302e-16-3.53553391e-01j,
                -1.08244507e-17-2.61325357e-17j,
                 0.00000000e+00+0.00000000e+00j,
                 0.00000000e+00+0.00000000e+00j,
                 0.00000000e+00+0.00000000e+00j,
                 0.00000000e+00+0.00000000e+00j,
                 0.00000000e+00+0.00000000e+00j,
                 0.00000000e+00+0.00000000e+00j,
                 0.00000000e+00+0.00000000e+00j,
                 0.00000000e+00+0.00000000e+00j],
               [ 1.86962976e-34-2.44992573e-33j,
                -6.62806445e-34-6.62806445e-34j,
                 2.61325357e-17+1.08244507e-17j,
                 9.37349864e-34+0.00000000e+00j,
                 1.86962976e-34-5.75226002e-34j,
                -6.62806445e-34+6.62806445e-34j,
                 4.48363429e-18-1.08244507e-17j,
                 5.55935060e-49-9.37349864e-34j,
                 0.00000000e+00+0.00000000e+00j,
                 0.00000000e+00+0.00000000e+00j,
                 0.00000000e+00+0.00000000e+00j,
                 0.00000000e+00+0.00000000e+00j,
                 0.00000000e+00+0.00000000e+00j,
                 0.00000000e+00+0.00000000e+00j,
                 0.00000000e+00+0.00000000e+00j,
                 0.00000000e+00+0.00000000e+00j],
               [ 1.54074396e-33-3.73925951e-34j,
                 2.74543419e-34-5.38948995e-34j,
                -1.43029718e-18+1.81958586e-17j,
                 1.86962976e-34+5.75226002e-34j,
                 3.90291951e-34+0.00000000e+00j,
                -5.38948995e-34-2.74543419e-34j,
                 7.53697139e-18+5.92448491e-19j,
                 5.75226002e-34-1.86962976e-34j,
                -0.00000000e+00+0.00000000e+00j,
                -0.00000000e+00+0.00000000e+00j,
                -0.00000000e+00+0.00000000e+00j,
                -0.00000000e+00+0.00000000e+00j,
                -0.00000000e+00+0.00000000e+00j,
                -0.00000000e+00+0.00000000e+00j,
                -0.00000000e+00+0.00000000e+00j,
                -0.00000000e+00+0.00000000e+00j],
               [-1.86456189e-33+1.60015631e-33j,
                 3.42113883e-49+9.37349864e-34j,
                -1.08244507e-17-2.61325357e-17j,
                -6.62806445e-34-6.62806445e-34j,
                -5.38948995e-34+2.74543419e-34j,
                 9.37349864e-34+0.00000000e+00j,
                -1.08244507e-17+4.48363429e-18j,
                -6.62806445e-34+6.62806445e-34j,
                 0.00000000e+00+0.00000000e+00j,
                 0.00000000e+00+0.00000000e+00j,
                 0.00000000e+00+0.00000000e+00j,
                 0.00000000e+00+0.00000000e+00j,
                 0.00000000e+00+0.00000000e+00j,
                 0.00000000e+00+0.00000000e+00j,
                 0.00000000e+00+0.00000000e+00j,
                 0.00000000e+00+0.00000000e+00j],
               [ 2.91858728e-17-9.55971706e-18j,
                 4.48363429e-18-1.08244507e-17j,
                -1.11022302e-16+3.53553391e-01j,
                 4.48363429e-18+1.08244507e-17j,
                 7.53697139e-18-5.92448491e-19j,
                -1.08244507e-17-4.48363429e-18j,
                 1.46446609e-01+0.00000000e+00j,
                 1.08244507e-17-4.48363429e-18j,
                -0.00000000e+00+0.00000000e+00j,
                -0.00000000e+00+0.00000000e+00j,
                -0.00000000e+00+0.00000000e+00j,
                -0.00000000e+00+0.00000000e+00j,
                -0.00000000e+00+0.00000000e+00j,
                -0.00000000e+00+0.00000000e+00j,
                -0.00000000e+00+0.00000000e+00j,
                -0.00000000e+00+0.00000000e+00j],
               [ 2.44992573e-33+1.86962976e-34j,
                 6.62806445e-34-6.62806445e-34j,
                -1.08244507e-17+2.61325357e-17j,
                 5.55935060e-49+9.37349864e-34j,
                 5.75226002e-34+1.86962976e-34j,
                -6.62806445e-34-6.62806445e-34j,
                 1.08244507e-17+4.48363429e-18j,
                 9.37349864e-34+0.00000000e+00j,
                -0.00000000e+00+0.00000000e+00j,
                -0.00000000e+00+0.00000000e+00j,
                -0.00000000e+00+0.00000000e+00j,
                -0.00000000e+00+0.00000000e+00j,
                -0.00000000e+00+0.00000000e+00j,
                -0.00000000e+00+0.00000000e+00j,
                -0.00000000e+00+0.00000000e+00j,
                -0.00000000e+00+0.00000000e+00j],
               [-0.00000000e+00+0.00000000e+00j,
                 0.00000000e+00+0.00000000e+00j,
                 0.00000000e+00-0.00000000e+00j,
                 0.00000000e+00-0.00000000e+00j,
                -0.00000000e+00+0.00000000e+00j,
                 0.00000000e+00+0.00000000e+00j,
                -0.00000000e+00+0.00000000e+00j,
                -0.00000000e+00+0.00000000e+00j,
                 0.00000000e+00+0.00000000e+00j,
                 0.00000000e+00+0.00000000e+00j,
                 0.00000000e+00+0.00000000e+00j,
                 0.00000000e+00+0.00000000e+00j,
                 0.00000000e+00+0.00000000e+00j,
                 0.00000000e+00+0.00000000e+00j,
                 0.00000000e+00+0.00000000e+00j,
                 0.00000000e+00+0.00000000e+00j],
               [-0.00000000e+00+0.00000000e+00j,
                 0.00000000e+00+0.00000000e+00j,
                 0.00000000e+00-0.00000000e+00j,
                 0.00000000e+00-0.00000000e+00j,
                -0.00000000e+00+0.00000000e+00j,
                 0.00000000e+00+0.00000000e+00j,
                -0.00000000e+00+0.00000000e+00j,
                -0.00000000e+00+0.00000000e+00j,
                 0.00000000e+00+0.00000000e+00j,
                 0.00000000e+00+0.00000000e+00j,
                 0.00000000e+00+0.00000000e+00j,
                 0.00000000e+00+0.00000000e+00j,
                 0.00000000e+00+0.00000000e+00j,
                 0.00000000e+00+0.00000000e+00j,
                 0.00000000e+00+0.00000000e+00j,
                 0.00000000e+00+0.00000000e+00j],
               [-0.00000000e+00+0.00000000e+00j,
                 0.00000000e+00+0.00000000e+00j,
                 0.00000000e+00-0.00000000e+00j,
                 0.00000000e+00-0.00000000e+00j,
                -0.00000000e+00+0.00000000e+00j,
                 0.00000000e+00+0.00000000e+00j,
                -0.00000000e+00+0.00000000e+00j,
                -0.00000000e+00+0.00000000e+00j,
                 0.00000000e+00+0.00000000e+00j,
                 0.00000000e+00+0.00000000e+00j,
                 0.00000000e+00+0.00000000e+00j,
                 0.00000000e+00+0.00000000e+00j,
                 0.00000000e+00+0.00000000e+00j,
                 0.00000000e+00+0.00000000e+00j,
                 0.00000000e+00+0.00000000e+00j,
                 0.00000000e+00+0.00000000e+00j],
               [-0.00000000e+00+0.00000000e+00j,
                 0.00000000e+00+0.00000000e+00j,
                 0.00000000e+00-0.00000000e+00j,
                 0.00000000e+00-0.00000000e+00j,
                -0.00000000e+00+0.00000000e+00j,
                 0.00000000e+00+0.00000000e+00j,
                -0.00000000e+00+0.00000000e+00j,
                -0.00000000e+00+0.00000000e+00j,
                 0.00000000e+00+0.00000000e+00j,
                 0.00000000e+00+0.00000000e+00j,
                 0.00000000e+00+0.00000000e+00j,
                 0.00000000e+00+0.00000000e+00j,
                 0.00000000e+00+0.00000000e+00j,
                 0.00000000e+00+0.00000000e+00j,
                 0.00000000e+00+0.00000000e+00j,
                 0.00000000e+00+0.00000000e+00j],
               [-0.00000000e+00+0.00000000e+00j,
                 0.00000000e+00+0.00000000e+00j,
                 0.00000000e+00-0.00000000e+00j,
                 0.00000000e+00-0.00000000e+00j,
                -0.00000000e+00+0.00000000e+00j,
                 0.00000000e+00+0.00000000e+00j,
                -0.00000000e+00+0.00000000e+00j,
                -0.00000000e+00+0.00000000e+00j,
                 0.00000000e+00+0.00000000e+00j,
                 0.00000000e+00+0.00000000e+00j,
                 0.00000000e+00+0.00000000e+00j,
                 0.00000000e+00+0.00000000e+00j,
                 0.00000000e+00+0.00000000e+00j,
                 0.00000000e+00+0.00000000e+00j,
                 0.00000000e+00+0.00000000e+00j,
                 0.00000000e+00+0.00000000e+00j],
               [-0.00000000e+00+0.00000000e+00j,
                 0.00000000e+00+0.00000000e+00j,
                 0.00000000e+00-0.00000000e+00j,
                 0.00000000e+00-0.00000000e+00j,
                -0.00000000e+00+0.00000000e+00j,
                 0.00000000e+00+0.00000000e+00j,
                -0.00000000e+00+0.00000000e+00j,
                -0.00000000e+00+0.00000000e+00j,
                 0.00000000e+00+0.00000000e+00j,
                 0.00000000e+00+0.00000000e+00j,
                 0.00000000e+00+0.00000000e+00j,
                 0.00000000e+00+0.00000000e+00j,
                 0.00000000e+00+0.00000000e+00j,
                 0.00000000e+00+0.00000000e+00j,
                 0.00000000e+00+0.00000000e+00j,
                 0.00000000e+00+0.00000000e+00j],
               [-0.00000000e+00+0.00000000e+00j,
                 0.00000000e+00+0.00000000e+00j,
                 0.00000000e+00-0.00000000e+00j,
                 0.00000000e+00-0.00000000e+00j,
                -0.00000000e+00+0.00000000e+00j,
                 0.00000000e+00+0.00000000e+00j,
                -0.00000000e+00+0.00000000e+00j,
                -0.00000000e+00+0.00000000e+00j,
                 0.00000000e+00+0.00000000e+00j,
                 0.00000000e+00+0.00000000e+00j,
                 0.00000000e+00+0.00000000e+00j,
                 0.00000000e+00+0.00000000e+00j,
                 0.00000000e+00+0.00000000e+00j,
                 0.00000000e+00+0.00000000e+00j,
                 0.00000000e+00+0.00000000e+00j,
                 0.00000000e+00+0.00000000e+00j],
               [-0.00000000e+00+0.00000000e+00j,
                 0.00000000e+00+0.00000000e+00j,
                 0.00000000e+00-0.00000000e+00j,
                 0.00000000e+00-0.00000000e+00j,
                -0.00000000e+00+0.00000000e+00j,
                 0.00000000e+00+0.00000000e+00j,
                -0.00000000e+00+0.00000000e+00j,
                -0.00000000e+00+0.00000000e+00j,
                 0.00000000e+00+0.00000000e+00j,
                 0.00000000e+00+0.00000000e+00j,
                 0.00000000e+00+0.00000000e+00j,
                 0.00000000e+00+0.00000000e+00j,
                 0.00000000e+00+0.00000000e+00j,
                 0.00000000e+00+0.00000000e+00j,
                 0.00000000e+00+0.00000000e+00j,
                 0.00000000e+00+0.00000000e+00j]],
              dims=(2, 2, 2, 2))","{'0101': 2, '0100': 4, '0011': 11, '0111': 5, '0001': 3, '0110': 157, '0000': 16, '0010': 826}","DensityMatrix([[ 8.06730400e-03-6.39012540e-18j,
                -4.27167814e-07+1.14020379e-06j,
                -4.46664002e-04-2.35942427e-04j,
                -2.59708078e-05-1.08864358e-05j,
                 1.34129348e-04-3.03673733e-03j,
                 5.79195963e-07+1.11606259e-06j,
                -1.59266739e-04+2.46441054e-04j,
                -1.08024473e-05+2.58569921e-05j,
                 0.00000000e+00+0.00000000e+00j,
                 0.00000000e+00+0.00000000e+00j,
                 0.00000000e+00+0.00000000e+00j,
                 0.00000000e+00+0.00000000e+00j,
                 0.00000000e+00+0.00000000e+00j,
                 0.00000000e+00+0.00000000e+00j,
                 0.00000000e+00+0.00000000e+00j,
                 0.00000000e+00+0.00000000e+00j],
               [-4.27167814e-07-1.14020379e-06j,
                 3.41517928e-03+1.36032701e-17j,
                 1.23656168e-04+4.44141613e-05j,
                -4.42075907e-04-1.09228492e-04j,
                -6.94795370e-07-5.48262058e-07j,
                 6.15928125e-06-3.27238326e-03j,
                 1.83713466e-05-5.10016304e-05j,
                -1.94217667e-04+3.57117928e-04j,
                 0.00000000e+00+0.00000000e+00j,
                 0.00000000e+00+0.00000000e+00j,
                 0.00000000e+00+0.00000000e+00j,
                 0.00000000e+00+0.00000000e+00j,
                 0.00000000e+00+0.00000000e+00j,
                 0.00000000e+00+0.00000000e+00j,
                 0.00000000e+00+0.00000000e+00j,
                 0.00000000e+00+0.00000000e+00j],
               [-4.46664002e-04+2.35942427e-04j,
                 1.23656168e-04-4.44141613e-05j,
                 8.30009996e-01-3.08828555e-17j,
                -6.73309354e-05+1.97488180e-04j,
                 9.66970406e-05+9.79357522e-05j,
                 6.32054540e-05-7.91512814e-05j,
                 6.60739284e-04-3.42976759e-01j,
                 7.28363277e-05+1.51821681e-04j,
                 0.00000000e+00+0.00000000e+00j,
                 0.00000000e+00+0.00000000e+00j,
                 0.00000000e+00+0.00000000e+00j,
                 0.00000000e+00+0.00000000e+00j,
                 0.00000000e+00+0.00000000e+00j,
                 0.00000000e+00+0.00000000e+00j,
                 0.00000000e+00+0.00000000e+00j,
                 0.00000000e+00+0.00000000e+00j],
               [-2.59708078e-05+1.08864358e-05j,
                -4.42075907e-04+1.09228492e-04j,
                -6.73309354e-05-1.97488180e-04j,
                 3.64182399e-03-1.05624501e-17j,
                 4.46749235e-06+1.07686042e-05j,
                 1.92095227e-04+3.55341045e-04j,
                -9.80260508e-05-1.24429510e-05j,
                 6.94468716e-05-3.31349151e-03j,
                 0.00000000e+00+0.00000000e+00j,
                 0.00000000e+00+0.00000000e+00j,
                 0.00000000e+00+0.00000000e+00j,
                 0.00000000e+00+0.00000000e+00j,
                 0.00000000e+00+0.00000000e+00j,
                 0.00000000e+00+0.00000000e+00j,
                 0.00000000e+00+0.00000000e+00j,
                 0.00000000e+00+0.00000000e+00j],
               [ 1.34129348e-04+3.03673733e-03j,
                -6.94795370e-07+5.48262058e-07j,
                 9.66970406e-05-9.79357522e-05j,
                 4.46749235e-06-1.07686042e-05j,
                 1.72625791e-03+2.13517220e-17j,
                -2.29913257e-07+4.62723203e-07j,
                -4.19950657e-05-4.03511249e-05j,
                -1.08429732e-05-4.51772932e-06j,
                 0.00000000e+00+0.00000000e+00j,
                 0.00000000e+00+0.00000000e+00j,
                 0.00000000e+00+0.00000000e+00j,
                 0.00000000e+00+0.00000000e+00j,
                 0.00000000e+00+0.00000000e+00j,
                 0.00000000e+00+0.00000000e+00j,
                 0.00000000e+00+0.00000000e+00j,
                 0.00000000e+00+0.00000000e+00j],
               [ 5.79195963e-07-1.11606259e-06j,
                 6.15928125e-06+3.27238326e-03j,
                 6.32054540e-05+7.91512814e-05j,
                 1.92095227e-04-3.55341045e-04j,
                -2.29913257e-07-4.62723203e-07j,
                 3.41449629e-03-2.73859832e-19j,
                 3.29936202e-05-2.62604441e-05j,
                -4.42093379e-04-1.09355533e-04j,
                 0.00000000e+00+0.00000000e+00j,
                 0.00000000e+00+0.00000000e+00j,
                 0.00000000e+00+0.00000000e+00j,
                 0.00000000e+00+0.00000000e+00j,
                 0.00000000e+00+0.00000000e+00j,
                 0.00000000e+00+0.00000000e+00j,
                 0.00000000e+00+0.00000000e+00j,
                 0.00000000e+00+0.00000000e+00j],
               [-1.59266739e-04-2.46441054e-04j,
                 1.83713466e-05+5.10016304e-05j,
                 6.60739284e-04+3.42976759e-01j,
                -9.80260508e-05+1.24429510e-05j,
                -4.19950657e-05+4.03511249e-05j,
                 3.29936202e-05+2.62604441e-05j,
                 1.44222600e-01+2.46067150e-17j,
                -4.64589672e-05+3.74137139e-05j,
                 0.00000000e+00+0.00000000e+00j,
                 0.00000000e+00+0.00000000e+00j,
                 0.00000000e+00+0.00000000e+00j,
                 0.00000000e+00+0.00000000e+00j,
                 0.00000000e+00+0.00000000e+00j,
                 0.00000000e+00+0.00000000e+00j,
                 0.00000000e+00+0.00000000e+00j,
                 0.00000000e+00+0.00000000e+00j],
               [-1.08024473e-05-2.58569921e-05j,
                -1.94217667e-04-3.57117928e-04j,
                 7.28363277e-05-1.51821681e-04j,
                 6.94468716e-05+3.31349151e-03j,
                -1.08429732e-05+4.51772932e-06j,
                -4.42093379e-04+1.09355533e-04j,
                -4.64589672e-05-3.74137139e-05j,
                 3.68381482e-03-1.53679290e-19j,
                 0.00000000e+00+0.00000000e+00j,
                 0.00000000e+00+0.00000000e+00j,
                 0.00000000e+00+0.00000000e+00j,
                 0.00000000e+00+0.00000000e+00j,
                 0.00000000e+00+0.00000000e+00j,
                 0.00000000e+00+0.00000000e+00j,
                 0.00000000e+00+0.00000000e+00j,
                 0.00000000e+00+0.00000000e+00j],
               [ 0.00000000e+00+0.00000000e+00j,
                 0.00000000e+00+0.00000000e+00j,
                 0.00000000e+00+0.00000000e+00j,
                 0.00000000e+00+0.00000000e+00j,
                 0.00000000e+00+0.00000000e+00j,
                 0.00000000e+00+0.00000000e+00j,
                 0.00000000e+00+0.00000000e+00j,
                 0.00000000e+00+0.00000000e+00j,
                 5.81098676e-06+5.73740579e-20j,
                -4.85486635e-10+1.16723237e-09j,
                -2.46609998e-07-1.55716201e-07j,
                -2.60720815e-08-1.08752901e-08j,
                 2.43694807e-07+2.97848123e-06j,
                -6.42545653e-10+1.16938265e-09j,
                 6.85941826e-08-3.35788777e-08j,
                 1.68505548e-09-4.17126368e-09j],
               [ 0.00000000e+00+0.00000000e+00j,
                 0.00000000e+00+0.00000000e+00j,
                 0.00000000e+00+0.00000000e+00j,
                 0.00000000e+00+0.00000000e+00j,
                 0.00000000e+00+0.00000000e+00j,
                 0.00000000e+00+0.00000000e+00j,
                 0.00000000e+00+0.00000000e+00j,
                 0.00000000e+00+0.00000000e+00j,
                -4.85486635e-10-1.16723237e-09j,
                 6.22143269e-06+5.22649643e-21j,
                 1.23856255e-07+4.45291673e-08j,
                -8.05570199e-07-1.99075480e-07j,
                 7.87411406e-10-1.66563265e-09j,
                 1.07036262e-08+3.21179939e-06j,
                -5.42726535e-08+1.51606708e-07j,
                 1.87711180e-07-3.48008512e-07j],
               [ 0.00000000e+00+0.00000000e+00j,
                 0.00000000e+00+0.00000000e+00j,
                 0.00000000e+00+0.00000000e+00j,
                 0.00000000e+00+0.00000000e+00j,
                 0.00000000e+00+0.00000000e+00j,
                 0.00000000e+00+0.00000000e+00j,
                 0.00000000e+00+0.00000000e+00j,
                 0.00000000e+00+0.00000000e+00j,
                -2.46609998e-07+1.55716201e-07j,
                 1.23856255e-07-4.45291673e-08j,
                 5.51038515e-04-7.49820370e-20j,
                -6.76322881e-08+1.98058152e-07j,
                -1.82513848e-07-3.04172563e-07j,
                -9.82716953e-09+1.25218465e-08j,
                 1.13164653e-06+3.36405938e-04j,
                -4.45867969e-08+5.53134034e-08j],
               [ 0.00000000e+00+0.00000000e+00j,
                 0.00000000e+00+0.00000000e+00j,
                 0.00000000e+00+0.00000000e+00j,
                 0.00000000e+00+0.00000000e+00j,
                 0.00000000e+00+0.00000000e+00j,
                 0.00000000e+00+0.00000000e+00j,
                 0.00000000e+00+0.00000000e+00j,
                 0.00000000e+00+0.00000000e+00j,
                -2.60720815e-08+1.08752901e-08j,
                -8.05570199e-07+1.99075480e-07j,
                -6.76322881e-08-1.98058152e-07j,
                 6.69433820e-06+1.61836297e-20j,
                -1.33317892e-08-3.17374148e-08j,
                -1.91429284e-07-3.51260346e-07j,
                 2.11538184e-07-1.55542486e-07j,
                 1.25995264e-07+3.25217473e-06j],
               [ 0.00000000e+00+0.00000000e+00j,
                 0.00000000e+00+0.00000000e+00j,
                 0.00000000e+00+0.00000000e+00j,
                 0.00000000e+00+0.00000000e+00j,
                 0.00000000e+00+0.00000000e+00j,
                 0.00000000e+00+0.00000000e+00j,
                 0.00000000e+00+0.00000000e+00j,
                 0.00000000e+00+0.00000000e+00j,
                 2.43694807e-07-2.97848123e-06j,
                 7.87411406e-10+1.66563265e-09j,
                -1.82513848e-07+3.04172563e-07j,
                -1.33317892e-08+3.17374148e-08j,
                 1.20313489e-05-7.99597171e-20j,
                -8.68501945e-10+1.55375550e-09j,
                -6.43639275e-07-3.47668373e-07j,
                -4.10244466e-08-1.70590570e-08j],
               [ 0.00000000e+00+0.00000000e+00j,
                 0.00000000e+00+0.00000000e+00j,
                 0.00000000e+00+0.00000000e+00j,
                 0.00000000e+00+0.00000000e+00j,
                 0.00000000e+00+0.00000000e+00j,
                 0.00000000e+00+0.00000000e+00j,
                 0.00000000e+00+0.00000000e+00j,
                 0.00000000e+00+0.00000000e+00j,
                -6.42545653e-10-1.16938265e-09j,
                 1.07036262e-08-3.21179939e-06j,
                -9.82716953e-09-1.25218465e-08j,
                -1.91429284e-07+3.51260346e-07j,
                -8.68501945e-10-1.55375550e-09j,
                 6.22114034e-06+3.49464221e-20j,
                 1.24900426e-07-9.96139359e-08j,
                -8.05244170e-07-1.99149862e-07j],
               [ 0.00000000e+00+0.00000000e+00j,
                 0.00000000e+00+0.00000000e+00j,
                 0.00000000e+00+0.00000000e+00j,
                 0.00000000e+00+0.00000000e+00j,
                 0.00000000e+00+0.00000000e+00j,
                 0.00000000e+00+0.00000000e+00j,
                 0.00000000e+00+0.00000000e+00j,
                 0.00000000e+00+0.00000000e+00j,
                 6.85941826e-08+3.35788777e-08j,
                -5.42726535e-08-1.51606708e-07j,
                 1.13164653e-06-3.36405938e-04j,
                 2.11538184e-07+1.55542486e-07j,
                -6.43639275e-07+3.47668373e-07j,
                 1.24900426e-07+9.96139359e-08j,
                 1.22385689e-03+1.10862345e-19j,
                -1.76228100e-07+1.41481861e-07j],
               [ 0.00000000e+00+0.00000000e+00j,
                 0.00000000e+00+0.00000000e+00j,
                 0.00000000e+00+0.00000000e+00j,
                 0.00000000e+00+0.00000000e+00j,
                 0.00000000e+00+0.00000000e+00j,
                 0.00000000e+00+0.00000000e+00j,
                 0.00000000e+00+0.00000000e+00j,
                 0.00000000e+00+0.00000000e+00j,
                 1.68505548e-09+4.17126368e-09j,
                 1.87711180e-07+3.48008512e-07j,
                -4.45867969e-08-5.53134034e-08j,
                 1.25995264e-07-3.25217473e-06j,
                -4.10244466e-08+1.70590570e-08j,
                -8.05244170e-07+1.99149862e-07j,
                -1.76228100e-07-1.41481861e-07j,
                 6.65181897e-06-6.07071728e-20j]],
              dims=(2, 2, 2, 2))"
data/selected_mutant_qc/mutants_qpeexact_4/qpeexact_4_Mutant_Add_rzz_P10_Q2_[5.497787143782138].qasm,PureState_8,"{'0011': 275, '0111': 248, '0101': 265, '0001': 236}","DensityMatrix([[ 3.20031262e-33+0.00000000e+00j,
                -2.61325357e-17+1.08244507e-17j,
                 4.42231470e-50-3.66331518e-49j,
                -1.08244507e-17+2.61325357e-17j,
                -4.93062148e-49-1.32561289e-33j,
                 1.08244507e-17+2.61325357e-17j,
                 3.69472321e-50+1.70368888e-49j,
                 2.61325357e-17+1.08244507e-17j,
                -0.00000000e+00+0.00000000e+00j,
                -0.00000000e+00+0.00000000e+00j,
                -0.00000000e+00+0.00000000e+00j,
                -0.00000000e+00+0.00000000e+00j,
                -0.00000000e+00+0.00000000e+00j,
                -0.00000000e+00+0.00000000e+00j,
                -0.00000000e+00+0.00000000e+00j,
                -0.00000000e+00+0.00000000e+00j],
               [-2.61325357e-17-1.08244507e-17j,
                 2.50000000e-01+0.00000000e+00j,
                -1.60015631e-33+2.84174744e-33j,
                 1.76776695e-01-1.76776695e-01j,
                -4.48363429e-18+1.08244507e-17j,
                 4.16333634e-17-2.50000000e-01j,
                 2.74543419e-34-1.51613455e-33j,
                -1.76776695e-01-1.76776695e-01j,
                 0.00000000e+00+0.00000000e+00j,
                 0.00000000e+00+0.00000000e+00j,
                 0.00000000e+00+0.00000000e+00j,
                 0.00000000e+00+0.00000000e+00j,
                 0.00000000e+00+0.00000000e+00j,
                 0.00000000e+00+0.00000000e+00j,
                 0.00000000e+00+0.00000000e+00j,
                 0.00000000e+00+0.00000000e+00j],
               [ 4.42231470e-50+3.66331518e-49j,
                -1.60015631e-33-2.84174744e-33j,
                 4.25441150e-65+0.00000000e+00j,
                -3.14090026e-33-8.77937510e-34j,
                 1.51739483e-49-1.83178273e-50j,
                -2.84174744e-33+1.60015631e-33j,
                -1.89911355e-65+6.58347685e-66j,
                -8.77937510e-34+3.14090026e-33j,
                 0.00000000e+00-0.00000000e+00j,
                 0.00000000e+00-0.00000000e+00j,
                 0.00000000e+00-0.00000000e+00j,
                 0.00000000e+00-0.00000000e+00j,
                 0.00000000e+00-0.00000000e+00j,
                 0.00000000e+00-0.00000000e+00j,
                 0.00000000e+00-0.00000000e+00j,
                 0.00000000e+00-0.00000000e+00j],
               [-1.08244507e-17-2.61325357e-17j,
                 1.76776695e-01+1.76776695e-01j,
                -3.14090026e-33+8.77937510e-34j,
                 2.50000000e-01+0.00000000e+00j,
                -1.08244507e-17+4.48363429e-18j,
                 1.76776695e-01-1.76776695e-01j,
                 1.26620054e-33-8.77937510e-34j,
                 0.00000000e+00-2.50000000e-01j,
                 0.00000000e+00+0.00000000e+00j,
                 0.00000000e+00+0.00000000e+00j,
                 0.00000000e+00+0.00000000e+00j,
                 0.00000000e+00+0.00000000e+00j,
                 0.00000000e+00+0.00000000e+00j,
                 0.00000000e+00+0.00000000e+00j,
                 0.00000000e+00+0.00000000e+00j,
                 0.00000000e+00+0.00000000e+00j],
               [-4.93062148e-49+1.32561289e-33j,
                -4.48363429e-18-1.08244507e-17j,
                 1.51739483e-49+1.83178273e-50j,
                -1.08244507e-17-4.48363429e-18j,
                 5.49086838e-34+0.00000000e+00j,
                -1.08244507e-17+4.48363429e-18j,
                -7.05691040e-50+1.53040446e-50j,
                -4.48363429e-18+1.08244507e-17j,
                 0.00000000e+00+0.00000000e+00j,
                 0.00000000e+00+0.00000000e+00j,
                 0.00000000e+00+0.00000000e+00j,
                 0.00000000e+00+0.00000000e+00j,
                 0.00000000e+00+0.00000000e+00j,
                 0.00000000e+00+0.00000000e+00j,
                 0.00000000e+00+0.00000000e+00j,
                 0.00000000e+00+0.00000000e+00j],
               [ 1.08244507e-17-2.61325357e-17j,
                 4.16333634e-17+2.50000000e-01j,
                -2.84174744e-33-1.60015631e-33j,
                 1.76776695e-01+1.76776695e-01j,
                -1.08244507e-17-4.48363429e-18j,
                 2.50000000e-01+0.00000000e+00j,
                 1.51613455e-33+2.74543419e-34j,
                 1.76776695e-01-1.76776695e-01j,
                -0.00000000e+00+0.00000000e+00j,
                -0.00000000e+00+0.00000000e+00j,
                -0.00000000e+00+0.00000000e+00j,
                -0.00000000e+00+0.00000000e+00j,
                -0.00000000e+00+0.00000000e+00j,
                -0.00000000e+00+0.00000000e+00j,
                -0.00000000e+00+0.00000000e+00j,
                -0.00000000e+00+0.00000000e+00j],
               [ 3.69472321e-50-1.70368888e-49j,
                 2.74543419e-34+1.51613455e-33j,
                -1.89911355e-65-6.58347685e-66j,
                 1.26620054e-33+8.77937510e-34j,
                -7.05691040e-50-1.53040446e-50j,
                 1.51613455e-33-2.74543419e-34j,
                 9.49615228e-66+0.00000000e+00j,
                 8.77937510e-34-1.26620054e-33j,
                -0.00000000e+00+0.00000000e+00j,
                -0.00000000e+00+0.00000000e+00j,
                -0.00000000e+00+0.00000000e+00j,
                -0.00000000e+00+0.00000000e+00j,
                -0.00000000e+00+0.00000000e+00j,
                -0.00000000e+00+0.00000000e+00j,
                -0.00000000e+00+0.00000000e+00j,
                -0.00000000e+00+0.00000000e+00j],
               [ 2.61325357e-17-1.08244507e-17j,
                -1.76776695e-01+1.76776695e-01j,
                -8.77937510e-34-3.14090026e-33j,
                 0.00000000e+00+2.50000000e-01j,
                -4.48363429e-18-1.08244507e-17j,
                 1.76776695e-01+1.76776695e-01j,
                 8.77937510e-34+1.26620054e-33j,
                 2.50000000e-01+0.00000000e+00j,
                -0.00000000e+00+0.00000000e+00j,
                -0.00000000e+00+0.00000000e+00j,
                -0.00000000e+00+0.00000000e+00j,
                -0.00000000e+00+0.00000000e+00j,
                -0.00000000e+00+0.00000000e+00j,
                -0.00000000e+00+0.00000000e+00j,
                -0.00000000e+00+0.00000000e+00j,
                -0.00000000e+00+0.00000000e+00j],
               [-0.00000000e+00+0.00000000e+00j,
                 0.00000000e+00-0.00000000e+00j,
                 0.00000000e+00+0.00000000e+00j,
                 0.00000000e+00-0.00000000e+00j,
                 0.00000000e+00+0.00000000e+00j,
                -0.00000000e+00+0.00000000e+00j,
                -0.00000000e+00+0.00000000e+00j,
                -0.00000000e+00+0.00000000e+00j,
                 0.00000000e+00+0.00000000e+00j,
                 0.00000000e+00+0.00000000e+00j,
                 0.00000000e+00+0.00000000e+00j,
                 0.00000000e+00+0.00000000e+00j,
                 0.00000000e+00+0.00000000e+00j,
                 0.00000000e+00+0.00000000e+00j,
                 0.00000000e+00+0.00000000e+00j,
                 0.00000000e+00+0.00000000e+00j],
               [-0.00000000e+00+0.00000000e+00j,
                 0.00000000e+00-0.00000000e+00j,
                 0.00000000e+00+0.00000000e+00j,
                 0.00000000e+00-0.00000000e+00j,
                 0.00000000e+00+0.00000000e+00j,
                -0.00000000e+00+0.00000000e+00j,
                -0.00000000e+00+0.00000000e+00j,
                -0.00000000e+00+0.00000000e+00j,
                 0.00000000e+00+0.00000000e+00j,
                 0.00000000e+00+0.00000000e+00j,
                 0.00000000e+00+0.00000000e+00j,
                 0.00000000e+00+0.00000000e+00j,
                 0.00000000e+00+0.00000000e+00j,
                 0.00000000e+00+0.00000000e+00j,
                 0.00000000e+00+0.00000000e+00j,
                 0.00000000e+00+0.00000000e+00j],
               [-0.00000000e+00+0.00000000e+00j,
                 0.00000000e+00-0.00000000e+00j,
                 0.00000000e+00+0.00000000e+00j,
                 0.00000000e+00-0.00000000e+00j,
                 0.00000000e+00+0.00000000e+00j,
                -0.00000000e+00+0.00000000e+00j,
                -0.00000000e+00+0.00000000e+00j,
                -0.00000000e+00+0.00000000e+00j,
                 0.00000000e+00+0.00000000e+00j,
                 0.00000000e+00+0.00000000e+00j,
                 0.00000000e+00+0.00000000e+00j,
                 0.00000000e+00+0.00000000e+00j,
                 0.00000000e+00+0.00000000e+00j,
                 0.00000000e+00+0.00000000e+00j,
                 0.00000000e+00+0.00000000e+00j,
                 0.00000000e+00+0.00000000e+00j],
               [-0.00000000e+00+0.00000000e+00j,
                 0.00000000e+00-0.00000000e+00j,
                 0.00000000e+00+0.00000000e+00j,
                 0.00000000e+00-0.00000000e+00j,
                 0.00000000e+00+0.00000000e+00j,
                -0.00000000e+00+0.00000000e+00j,
                -0.00000000e+00+0.00000000e+00j,
                -0.00000000e+00+0.00000000e+00j,
                 0.00000000e+00+0.00000000e+00j,
                 0.00000000e+00+0.00000000e+00j,
                 0.00000000e+00+0.00000000e+00j,
                 0.00000000e+00+0.00000000e+00j,
                 0.00000000e+00+0.00000000e+00j,
                 0.00000000e+00+0.00000000e+00j,
                 0.00000000e+00+0.00000000e+00j,
                 0.00000000e+00+0.00000000e+00j],
               [-0.00000000e+00+0.00000000e+00j,
                 0.00000000e+00-0.00000000e+00j,
                 0.00000000e+00+0.00000000e+00j,
                 0.00000000e+00-0.00000000e+00j,
                 0.00000000e+00+0.00000000e+00j,
                -0.00000000e+00+0.00000000e+00j,
                -0.00000000e+00+0.00000000e+00j,
                -0.00000000e+00+0.00000000e+00j,
                 0.00000000e+00+0.00000000e+00j,
                 0.00000000e+00+0.00000000e+00j,
                 0.00000000e+00+0.00000000e+00j,
                 0.00000000e+00+0.00000000e+00j,
                 0.00000000e+00+0.00000000e+00j,
                 0.00000000e+00+0.00000000e+00j,
                 0.00000000e+00+0.00000000e+00j,
                 0.00000000e+00+0.00000000e+00j],
               [-0.00000000e+00+0.00000000e+00j,
                 0.00000000e+00-0.00000000e+00j,
                 0.00000000e+00+0.00000000e+00j,
                 0.00000000e+00-0.00000000e+00j,
                 0.00000000e+00+0.00000000e+00j,
                -0.00000000e+00+0.00000000e+00j,
                -0.00000000e+00+0.00000000e+00j,
                -0.00000000e+00+0.00000000e+00j,
                 0.00000000e+00+0.00000000e+00j,
                 0.00000000e+00+0.00000000e+00j,
                 0.00000000e+00+0.00000000e+00j,
                 0.00000000e+00+0.00000000e+00j,
                 0.00000000e+00+0.00000000e+00j,
                 0.00000000e+00+0.00000000e+00j,
                 0.00000000e+00+0.00000000e+00j,
                 0.00000000e+00+0.00000000e+00j],
               [-0.00000000e+00+0.00000000e+00j,
                 0.00000000e+00-0.00000000e+00j,
                 0.00000000e+00+0.00000000e+00j,
                 0.00000000e+00-0.00000000e+00j,
                 0.00000000e+00+0.00000000e+00j,
                -0.00000000e+00+0.00000000e+00j,
                -0.00000000e+00+0.00000000e+00j,
                -0.00000000e+00+0.00000000e+00j,
                 0.00000000e+00+0.00000000e+00j,
                 0.00000000e+00+0.00000000e+00j,
                 0.00000000e+00+0.00000000e+00j,
                 0.00000000e+00+0.00000000e+00j,
                 0.00000000e+00+0.00000000e+00j,
                 0.00000000e+00+0.00000000e+00j,
                 0.00000000e+00+0.00000000e+00j,
                 0.00000000e+00+0.00000000e+00j],
               [-0.00000000e+00+0.00000000e+00j,
                 0.00000000e+00-0.00000000e+00j,
                 0.00000000e+00+0.00000000e+00j,
                 0.00000000e+00-0.00000000e+00j,
                 0.00000000e+00+0.00000000e+00j,
                -0.00000000e+00+0.00000000e+00j,
                -0.00000000e+00+0.00000000e+00j,
                -0.00000000e+00+0.00000000e+00j,
                 0.00000000e+00+0.00000000e+00j,
                 0.00000000e+00+0.00000000e+00j,
                 0.00000000e+00+0.00000000e+00j,
                 0.00000000e+00+0.00000000e+00j,
                 0.00000000e+00+0.00000000e+00j,
                 0.00000000e+00+0.00000000e+00j,
                 0.00000000e+00+0.00000000e+00j,
                 0.00000000e+00+0.00000000e+00j]],
              dims=(2, 2, 2, 2))","{'0110': 1, '0100': 4, '0000': 6, '0010': 6, '0101': 262, '0001': 244, '0111': 258, '0011': 243}","DensityMatrix([[ 7.31351729e-03-9.28548354e-18j,
                -6.97772186e-05+1.40317752e-04j,
                 6.01309772e-04-5.65821230e-04j,
                 2.36155318e-05+1.36313205e-04j,
                 3.89559932e-05-2.86508512e-03j,
                 1.31297756e-04+9.00225954e-05j,
                -1.74657212e-04-2.32834244e-04j,
                 1.44275717e-04-3.59579090e-06j,
                 0.00000000e+00+0.00000000e+00j,
                 0.00000000e+00+0.00000000e+00j,
                 0.00000000e+00+0.00000000e+00j,
                 0.00000000e+00+0.00000000e+00j,
                 0.00000000e+00+0.00000000e+00j,
                 0.00000000e+00+0.00000000e+00j,
                 0.00000000e+00+0.00000000e+00j,
                 0.00000000e+00+0.00000000e+00j],
               [-6.97772186e-05-1.40317752e-04j,
                 2.45627002e-01-1.25718452e-17j,
                -3.65355911e-05-3.66073890e-05j,
                 1.69709176e-01-1.70708795e-01j,
                -3.37541759e-06+3.43590672e-05j,
                 3.96751414e-04-2.44139979e-01j,
                -3.47819022e-05+6.87916166e-06j,
                -1.69949377e-01-1.69176896e-01j,
                 0.00000000e+00+0.00000000e+00j,
                 0.00000000e+00+0.00000000e+00j,
                 0.00000000e+00+0.00000000e+00j,
                 0.00000000e+00+0.00000000e+00j,
                 0.00000000e+00+0.00000000e+00j,
                 0.00000000e+00+0.00000000e+00j,
                 0.00000000e+00+0.00000000e+00j,
                 0.00000000e+00+0.00000000e+00j],
               [ 6.01309772e-04+5.65821230e-04j,
                -3.65355911e-05+3.66073890e-05j,
                 6.26124213e-03-8.46089039e-18j,
                -1.10628999e-05+2.67009443e-05j,
                 2.18602770e-04-1.89854338e-04j,
                 1.68450090e-05+4.46146503e-05j,
                 3.82048464e-05-2.53059976e-03j,
                 1.81590732e-05+3.13261185e-05j,
                 0.00000000e+00+0.00000000e+00j,
                 0.00000000e+00+0.00000000e+00j,
                 0.00000000e+00+0.00000000e+00j,
                 0.00000000e+00+0.00000000e+00j,
                 0.00000000e+00+0.00000000e+00j,
                 0.00000000e+00+0.00000000e+00j,
                 0.00000000e+00+0.00000000e+00j,
                 0.00000000e+00+0.00000000e+00j],
               [ 2.36155318e-05-1.36313205e-04j,
                 1.69709176e-01+1.70708795e-01j,
                -1.10628999e-05-2.67009443e-05j,
                 2.45443784e-01+1.30012918e-18j,
                -2.20980376e-05+3.34147239e-05j,
                 1.70143852e-01-1.68927270e-01j,
                -1.93465034e-05-1.57676436e-05j,
                 3.96562531e-04-2.44053298e-01j,
                 0.00000000e+00+0.00000000e+00j,
                 0.00000000e+00+0.00000000e+00j,
                 0.00000000e+00+0.00000000e+00j,
                 0.00000000e+00+0.00000000e+00j,
                 0.00000000e+00+0.00000000e+00j,
                 0.00000000e+00+0.00000000e+00j,
                 0.00000000e+00+0.00000000e+00j,
                 0.00000000e+00+0.00000000e+00j],
               [ 3.89559932e-05+2.86508512e-03j,
                -3.37541759e-06-3.43590672e-05j,
                 2.18602770e-04+1.89854338e-04j,
                -2.20980376e-05-3.34147239e-05j,
                 1.55030814e-03-1.83835125e-17j,
                -5.50748154e-05-4.78401438e-06j,
                 1.58553119e-04-1.52369187e-04j,
                -5.32387486e-05+3.06345440e-05j,
                 0.00000000e+00+0.00000000e+00j,
                 0.00000000e+00+0.00000000e+00j,
                 0.00000000e+00+0.00000000e+00j,
                 0.00000000e+00+0.00000000e+00j,
                 0.00000000e+00+0.00000000e+00j,
                 0.00000000e+00+0.00000000e+00j,
                 0.00000000e+00+0.00000000e+00j,
                 0.00000000e+00+0.00000000e+00j],
               [ 1.31297756e-04-9.00225954e-05j,
                 3.96751414e-04+2.44139979e-01j,
                 1.68450090e-05-4.46146503e-05j,
                 1.70143852e-01+1.68927270e-01j,
                -5.50748154e-05+4.78401438e-06j,
                 2.45402883e-01+1.51714840e-17j,
                -1.51512863e-05-1.52499739e-05j,
                 1.69620334e-01-1.70619438e-01j,
                 0.00000000e+00+0.00000000e+00j,
                 0.00000000e+00+0.00000000e+00j,
                 0.00000000e+00+0.00000000e+00j,
                 0.00000000e+00+0.00000000e+00j,
                 0.00000000e+00+0.00000000e+00j,
                 0.00000000e+00+0.00000000e+00j,
                 0.00000000e+00+0.00000000e+00j,
                 0.00000000e+00+0.00000000e+00j],
               [-1.74657212e-04+2.32834244e-04j,
                -3.47819022e-05-6.87916166e-06j,
                 3.82048464e-05+2.53059976e-03j,
                -1.93465034e-05+1.57676436e-05j,
                 1.58553119e-04+1.52369187e-04j,
                -1.51512863e-05+1.52499739e-05j,
                 1.17128962e-03+3.61840356e-17j,
                -4.70854286e-06+1.10854706e-05j,
                 0.00000000e+00+0.00000000e+00j,
                 0.00000000e+00+0.00000000e+00j,
                 0.00000000e+00+0.00000000e+00j,
                 0.00000000e+00+0.00000000e+00j,
                 0.00000000e+00+0.00000000e+00j,
                 0.00000000e+00+0.00000000e+00j,
                 0.00000000e+00+0.00000000e+00j,
                 0.00000000e+00+0.00000000e+00j],
               [ 1.44275717e-04+3.59579090e-06j,
                -1.69949377e-01+1.69176896e-01j,
                 1.81590732e-05-3.13261185e-05j,
                 3.96562531e-04+2.44053298e-01j,
                -5.32387486e-05-3.06345440e-05j,
                 1.69620334e-01+1.70619438e-01j,
                -4.70854286e-06-1.10854706e-05j,
                 2.45411446e-01+1.29950963e-18j,
                 0.00000000e+00+0.00000000e+00j,
                 0.00000000e+00+0.00000000e+00j,
                 0.00000000e+00+0.00000000e+00j,
                 0.00000000e+00+0.00000000e+00j,
                 0.00000000e+00+0.00000000e+00j,
                 0.00000000e+00+0.00000000e+00j,
                 0.00000000e+00+0.00000000e+00j,
                 0.00000000e+00+0.00000000e+00j],
               [ 0.00000000e+00+0.00000000e+00j,
                 0.00000000e+00+0.00000000e+00j,
                 0.00000000e+00+0.00000000e+00j,
                 0.00000000e+00+0.00000000e+00j,
                 0.00000000e+00+0.00000000e+00j,
                 0.00000000e+00+0.00000000e+00j,
                 0.00000000e+00+0.00000000e+00j,
                 0.00000000e+00+0.00000000e+00j,
                 5.25001585e-06-4.32659827e-20j,
                -4.41932844e-08+2.03349036e-07j,
                 4.75259771e-07-4.51655858e-07j,
                 8.60453688e-08+1.62461262e-07j,
                 7.03977275e-08+2.81280822e-06j,
                -1.00209334e-07+5.20782991e-08j,
                 2.33051434e-07+1.68395820e-07j,
                -3.24585421e-08+1.02094891e-07j],
               [ 0.00000000e+00+0.00000000e+00j,
                 0.00000000e+00+0.00000000e+00j,
                 0.00000000e+00+0.00000000e+00j,
                 0.00000000e+00+0.00000000e+00j,
                 0.00000000e+00+0.00000000e+00j,
                 0.00000000e+00+0.00000000e+00j,
                 0.00000000e+00+0.00000000e+00j,
                 0.00000000e+00+0.00000000e+00j,
                -4.41932844e-08-2.03349036e-07j,
                 4.47443880e-04-8.90949660e-20j,
                -3.66795687e-08-3.67231154e-08j,
                 3.09241601e-04-3.11063124e-04j,
                 1.20498115e-07-1.37667050e-07j,
                 6.86452924e-07+2.39620104e-04j,
                 8.95826525e-09-5.95923925e-08j,
                 1.67050407e-04+1.65720266e-04j],
               [ 0.00000000e+00+0.00000000e+00j,
                 0.00000000e+00+0.00000000e+00j,
                 0.00000000e+00+0.00000000e+00j,
                 0.00000000e+00+0.00000000e+00j,
                 0.00000000e+00+0.00000000e+00j,
                 0.00000000e+00+0.00000000e+00j,
                 0.00000000e+00+0.00000000e+00j,
                 0.00000000e+00+0.00000000e+00j,
                 4.75259771e-07+4.51655858e-07j,
                -3.66795687e-08+3.67231154e-08j,
                 4.27619786e-06+2.15673959e-20j,
                -1.11183382e-08+2.69657506e-08j,
                -1.53082424e-07+2.46612010e-07j,
                -4.16895468e-08+9.01159373e-09j,
                 6.90678585e-08+2.48463976e-06j,
                -1.96315377e-08+3.53745816e-08j],
               [ 0.00000000e+00+0.00000000e+00j,
                 0.00000000e+00+0.00000000e+00j,
                 0.00000000e+00+0.00000000e+00j,
                 0.00000000e+00+0.00000000e+00j,
                 0.00000000e+00+0.00000000e+00j,
                 0.00000000e+00+0.00000000e+00j,
                 0.00000000e+00+0.00000000e+00j,
                 0.00000000e+00+0.00000000e+00j,
                 8.60453688e-08-1.62461262e-07j,
                 3.09241601e-04+3.11063124e-04j,
                -1.11183382e-08-2.69657506e-08j,
                 4.47378789e-04-5.61764414e-20j,
                 1.67239487e-07-4.29355229e-08j,
                -1.66746478e-04+1.66124401e-04j,
                 1.72135890e-08-5.05731054e-08j,
                 6.86121715e-07+2.39534980e-04j],
               [ 0.00000000e+00+0.00000000e+00j,
                 0.00000000e+00+0.00000000e+00j,
                 0.00000000e+00+0.00000000e+00j,
                 0.00000000e+00+0.00000000e+00j,
                 0.00000000e+00+0.00000000e+00j,
                 0.00000000e+00+0.00000000e+00j,
                 0.00000000e+00+0.00000000e+00j,
                 0.00000000e+00+0.00000000e+00j,
                 7.03977275e-08-2.81280822e-06j,
                 1.20498115e-07+1.37667050e-07j,
                -1.53082424e-07-2.46612010e-07j,
                 1.67239487e-07+4.29355229e-08j,
                 1.08984611e-05-1.57626103e-20j,
                -1.46736304e-07+1.31934920e-07j,
                 9.09095131e-07-8.56778754e-07j,
                -5.19872201e-08+1.78170504e-07j],
               [ 0.00000000e+00+0.00000000e+00j,
                 0.00000000e+00+0.00000000e+00j,
                 0.00000000e+00+0.00000000e+00j,
                 0.00000000e+00+0.00000000e+00j,
                 0.00000000e+00+0.00000000e+00j,
                 0.00000000e+00+0.00000000e+00j,
                 0.00000000e+00+0.00000000e+00j,
                 0.00000000e+00+0.00000000e+00j,
                -1.00209334e-07-5.20782991e-08j,
                 6.86452924e-07-2.39620104e-04j,
                -4.16895468e-08-9.01159373e-09j,
                -1.66746478e-04-1.66124401e-04j,
                -1.46736304e-07-1.31934920e-07j,
                 4.47133768e-04+8.51024772e-20j,
                -5.75484293e-08-5.77411992e-08j,
                 3.08962274e-04-3.10782138e-04j],
               [ 0.00000000e+00+0.00000000e+00j,
                 0.00000000e+00+0.00000000e+00j,
                 0.00000000e+00+0.00000000e+00j,
                 0.00000000e+00+0.00000000e+00j,
                 0.00000000e+00+0.00000000e+00j,
                 0.00000000e+00+0.00000000e+00j,
                 0.00000000e+00+0.00000000e+00j,
                 0.00000000e+00+0.00000000e+00j,
                 2.33051434e-07-1.68395820e-07j,
                 8.95826525e-09+5.95923925e-08j,
                 6.90678585e-08-2.48463976e-06j,
                 1.72135890e-08+5.05731054e-08j,
                 9.09095131e-07+8.56778754e-07j,
                -5.75484293e-08+5.77411992e-08j,
                 9.26469175e-06+3.73597348e-20j,
                -1.74745775e-08+4.20261878e-08j],
               [ 0.00000000e+00+0.00000000e+00j,
                 0.00000000e+00+0.00000000e+00j,
                 0.00000000e+00+0.00000000e+00j,
                 0.00000000e+00+0.00000000e+00j,
                 0.00000000e+00+0.00000000e+00j,
                 0.00000000e+00+0.00000000e+00j,
                 0.00000000e+00+0.00000000e+00j,
                 0.00000000e+00+0.00000000e+00j,
                -3.24585421e-08-1.02094891e-07j,
                 1.67050407e-04-1.65720266e-04j,
                -1.96315377e-08-3.53745816e-08j,
                 6.86121715e-07-2.39534980e-04j,
                -5.19872201e-08-1.78170504e-07j,
                 3.08962274e-04+3.10782138e-04j,
                -1.74745775e-08-4.20261878e-08j,
                 4.46880666e-04+5.21839526e-20j]],
              dims=(2, 2, 2, 2))"
data/selected_mutant_qc/mutants_qpeexact_4/qpeexact_4_Mutant_Add_rzz_P10_Q2_[5.497787143782138].qasm,PureState_9,"{'0110': 143, '0010': 881}","DensityMatrix([[ 0.00000000e+00+0.00000000e+00j,
                 0.00000000e+00+0.00000000e+00j,
                 0.00000000e+00+0.00000000e+00j,
                 0.00000000e+00+0.00000000e+00j,
                 0.00000000e+00+0.00000000e+00j,
                 0.00000000e+00+0.00000000e+00j,
                 0.00000000e+00+0.00000000e+00j,
                 0.00000000e+00+0.00000000e+00j,
                -0.00000000e+00+0.00000000e+00j,
                 0.00000000e+00+0.00000000e+00j,
                 0.00000000e+00-0.00000000e+00j,
                 0.00000000e+00-0.00000000e+00j,
                 0.00000000e+00+0.00000000e+00j,
                 0.00000000e+00+0.00000000e+00j,
                -0.00000000e+00+0.00000000e+00j,
                -0.00000000e+00+0.00000000e+00j],
               [ 0.00000000e+00+0.00000000e+00j,
                 0.00000000e+00+0.00000000e+00j,
                 0.00000000e+00+0.00000000e+00j,
                 0.00000000e+00+0.00000000e+00j,
                 0.00000000e+00+0.00000000e+00j,
                 0.00000000e+00+0.00000000e+00j,
                 0.00000000e+00+0.00000000e+00j,
                 0.00000000e+00+0.00000000e+00j,
                -0.00000000e+00+0.00000000e+00j,
                 0.00000000e+00+0.00000000e+00j,
                 0.00000000e+00-0.00000000e+00j,
                 0.00000000e+00-0.00000000e+00j,
                 0.00000000e+00+0.00000000e+00j,
                 0.00000000e+00+0.00000000e+00j,
                -0.00000000e+00+0.00000000e+00j,
                -0.00000000e+00+0.00000000e+00j],
               [ 0.00000000e+00+0.00000000e+00j,
                 0.00000000e+00+0.00000000e+00j,
                 0.00000000e+00+0.00000000e+00j,
                 0.00000000e+00+0.00000000e+00j,
                 0.00000000e+00+0.00000000e+00j,
                 0.00000000e+00+0.00000000e+00j,
                 0.00000000e+00+0.00000000e+00j,
                 0.00000000e+00+0.00000000e+00j,
                -0.00000000e+00+0.00000000e+00j,
                 0.00000000e+00+0.00000000e+00j,
                 0.00000000e+00-0.00000000e+00j,
                 0.00000000e+00-0.00000000e+00j,
                 0.00000000e+00+0.00000000e+00j,
                 0.00000000e+00+0.00000000e+00j,
                -0.00000000e+00+0.00000000e+00j,
                -0.00000000e+00+0.00000000e+00j],
               [ 0.00000000e+00+0.00000000e+00j,
                 0.00000000e+00+0.00000000e+00j,
                 0.00000000e+00+0.00000000e+00j,
                 0.00000000e+00+0.00000000e+00j,
                 0.00000000e+00+0.00000000e+00j,
                 0.00000000e+00+0.00000000e+00j,
                 0.00000000e+00+0.00000000e+00j,
                 0.00000000e+00+0.00000000e+00j,
                -0.00000000e+00+0.00000000e+00j,
                 0.00000000e+00+0.00000000e+00j,
                 0.00000000e+00-0.00000000e+00j,
                 0.00000000e+00-0.00000000e+00j,
                 0.00000000e+00+0.00000000e+00j,
                 0.00000000e+00+0.00000000e+00j,
                -0.00000000e+00+0.00000000e+00j,
                -0.00000000e+00+0.00000000e+00j],
               [ 0.00000000e+00+0.00000000e+00j,
                 0.00000000e+00+0.00000000e+00j,
                 0.00000000e+00+0.00000000e+00j,
                 0.00000000e+00+0.00000000e+00j,
                 0.00000000e+00+0.00000000e+00j,
                 0.00000000e+00+0.00000000e+00j,
                 0.00000000e+00+0.00000000e+00j,
                 0.00000000e+00+0.00000000e+00j,
                -0.00000000e+00+0.00000000e+00j,
                 0.00000000e+00+0.00000000e+00j,
                 0.00000000e+00-0.00000000e+00j,
                 0.00000000e+00-0.00000000e+00j,
                 0.00000000e+00+0.00000000e+00j,
                 0.00000000e+00+0.00000000e+00j,
                -0.00000000e+00+0.00000000e+00j,
                -0.00000000e+00+0.00000000e+00j],
               [ 0.00000000e+00+0.00000000e+00j,
                 0.00000000e+00+0.00000000e+00j,
                 0.00000000e+00+0.00000000e+00j,
                 0.00000000e+00+0.00000000e+00j,
                 0.00000000e+00+0.00000000e+00j,
                 0.00000000e+00+0.00000000e+00j,
                 0.00000000e+00+0.00000000e+00j,
                 0.00000000e+00+0.00000000e+00j,
                -0.00000000e+00+0.00000000e+00j,
                 0.00000000e+00+0.00000000e+00j,
                 0.00000000e+00-0.00000000e+00j,
                 0.00000000e+00-0.00000000e+00j,
                 0.00000000e+00+0.00000000e+00j,
                 0.00000000e+00+0.00000000e+00j,
                -0.00000000e+00+0.00000000e+00j,
                -0.00000000e+00+0.00000000e+00j],
               [ 0.00000000e+00+0.00000000e+00j,
                 0.00000000e+00+0.00000000e+00j,
                 0.00000000e+00+0.00000000e+00j,
                 0.00000000e+00+0.00000000e+00j,
                 0.00000000e+00+0.00000000e+00j,
                 0.00000000e+00+0.00000000e+00j,
                 0.00000000e+00+0.00000000e+00j,
                 0.00000000e+00+0.00000000e+00j,
                -0.00000000e+00+0.00000000e+00j,
                 0.00000000e+00+0.00000000e+00j,
                 0.00000000e+00-0.00000000e+00j,
                 0.00000000e+00-0.00000000e+00j,
                 0.00000000e+00+0.00000000e+00j,
                 0.00000000e+00+0.00000000e+00j,
                -0.00000000e+00+0.00000000e+00j,
                -0.00000000e+00+0.00000000e+00j],
               [ 0.00000000e+00+0.00000000e+00j,
                 0.00000000e+00+0.00000000e+00j,
                 0.00000000e+00+0.00000000e+00j,
                 0.00000000e+00+0.00000000e+00j,
                 0.00000000e+00+0.00000000e+00j,
                 0.00000000e+00+0.00000000e+00j,
                 0.00000000e+00+0.00000000e+00j,
                 0.00000000e+00+0.00000000e+00j,
                -0.00000000e+00+0.00000000e+00j,
                 0.00000000e+00+0.00000000e+00j,
                 0.00000000e+00-0.00000000e+00j,
                 0.00000000e+00-0.00000000e+00j,
                 0.00000000e+00+0.00000000e+00j,
                 0.00000000e+00+0.00000000e+00j,
                -0.00000000e+00+0.00000000e+00j,
                -0.00000000e+00+0.00000000e+00j],
               [-0.00000000e+00+0.00000000e+00j,
                -0.00000000e+00+0.00000000e+00j,
                -0.00000000e+00+0.00000000e+00j,
                -0.00000000e+00+0.00000000e+00j,
                -0.00000000e+00+0.00000000e+00j,
                -0.00000000e+00+0.00000000e+00j,
                -0.00000000e+00+0.00000000e+00j,
                -0.00000000e+00+0.00000000e+00j,
                 3.04151773e-33+0.00000000e+00j,
                 7.50386889e-34-1.51257587e-33j,
                -3.45304285e-18+5.08347742e-17j,
                 5.38948995e-34+1.60015631e-33j,
                -1.54074396e-33-3.02515173e-33j,
                -1.51257587e-33-7.50386889e-34j,
                 2.10564529e-17+1.43029718e-18j,
                 1.60015631e-33-5.38948995e-34j],
               [ 0.00000000e+00-0.00000000e+00j,
                 0.00000000e+00-0.00000000e+00j,
                 0.00000000e+00-0.00000000e+00j,
                 0.00000000e+00-0.00000000e+00j,
                 0.00000000e+00-0.00000000e+00j,
                 0.00000000e+00-0.00000000e+00j,
                 0.00000000e+00-0.00000000e+00j,
                 0.00000000e+00-0.00000000e+00j,
                 7.50386889e-34+1.51257587e-33j,
                 9.37349864e-34+0.00000000e+00j,
                -2.61325357e-17+1.08244507e-17j,
                -6.62806445e-34+6.62806445e-34j,
                 1.12431284e-33-1.51257587e-33j,
                -2.99349648e-49-9.37349864e-34j,
                 4.48363429e-18+1.08244507e-17j,
                 6.62806445e-34+6.62806445e-34j],
               [ 0.00000000e+00+0.00000000e+00j,
                 0.00000000e+00+0.00000000e+00j,
                 0.00000000e+00+0.00000000e+00j,
                 0.00000000e+00+0.00000000e+00j,
                 0.00000000e+00+0.00000000e+00j,
                 0.00000000e+00+0.00000000e+00j,
                 0.00000000e+00+0.00000000e+00j,
                 0.00000000e+00+0.00000000e+00j,
                -3.45304285e-18-5.08347742e-17j,
                -2.61325357e-17-1.08244507e-17j,
                 8.53553391e-01+0.00000000e+00j,
                 2.61325357e-17-1.08244507e-17j,
                -4.88120285e-17+2.91858728e-17j,
                -1.08244507e-17+2.61325357e-17j,
                -2.77555756e-17-3.53553391e-01j,
                -1.08244507e-17-2.61325357e-17j],
               [ 0.00000000e+00+0.00000000e+00j,
                 0.00000000e+00+0.00000000e+00j,
                 0.00000000e+00+0.00000000e+00j,
                 0.00000000e+00+0.00000000e+00j,
                 0.00000000e+00+0.00000000e+00j,
                 0.00000000e+00+0.00000000e+00j,
                 0.00000000e+00+0.00000000e+00j,
                 0.00000000e+00+0.00000000e+00j,
                 5.38948995e-34-1.60015631e-33j,
                -6.62806445e-34-6.62806445e-34j,
                 2.61325357e-17+1.08244507e-17j,
                 9.37349864e-34+0.00000000e+00j,
                -1.86456189e-33+2.74543419e-34j,
                -6.62806445e-34+6.62806445e-34j,
                 4.48363429e-18-1.08244507e-17j,
                -2.56585412e-49-9.37349864e-34j],
               [ 0.00000000e+00-0.00000000e+00j,
                 0.00000000e+00-0.00000000e+00j,
                 0.00000000e+00-0.00000000e+00j,
                 0.00000000e+00-0.00000000e+00j,
                 0.00000000e+00-0.00000000e+00j,
                 0.00000000e+00-0.00000000e+00j,
                 0.00000000e+00-0.00000000e+00j,
                 0.00000000e+00-0.00000000e+00j,
                -1.54074396e-33+3.02515173e-33j,
                 1.12431284e-33+1.51257587e-33j,
                -4.88120285e-17-2.91858728e-17j,
                -1.86456189e-33-2.74543419e-34j,
                 3.78936964e-33+0.00000000e+00j,
                 1.51257587e-33-1.12431284e-33j,
                -1.20891843e-17+2.02186042e-17j,
                -2.74543419e-34+1.86456189e-33j],
               [ 0.00000000e+00+0.00000000e+00j,
                 0.00000000e+00+0.00000000e+00j,
                 0.00000000e+00+0.00000000e+00j,
                 0.00000000e+00+0.00000000e+00j,
                 0.00000000e+00+0.00000000e+00j,
                 0.00000000e+00+0.00000000e+00j,
                 0.00000000e+00+0.00000000e+00j,
                 0.00000000e+00+0.00000000e+00j,
                -1.51257587e-33+7.50386889e-34j,
                -2.99349648e-49+9.37349864e-34j,
                -1.08244507e-17-2.61325357e-17j,
                -6.62806445e-34-6.62806445e-34j,
                 1.51257587e-33+1.12431284e-33j,
                 9.37349864e-34+0.00000000e+00j,
                -1.08244507e-17+4.48363429e-18j,
                -6.62806445e-34+6.62806445e-34j],
               [-0.00000000e+00+0.00000000e+00j,
                -0.00000000e+00+0.00000000e+00j,
                -0.00000000e+00+0.00000000e+00j,
                -0.00000000e+00+0.00000000e+00j,
                -0.00000000e+00+0.00000000e+00j,
                -0.00000000e+00+0.00000000e+00j,
                -0.00000000e+00+0.00000000e+00j,
                -0.00000000e+00+0.00000000e+00j,
                 2.10564529e-17-1.43029718e-18j,
                 4.48363429e-18-1.08244507e-17j,
                -2.77555756e-17+3.53553391e-01j,
                 4.48363429e-18+1.08244507e-17j,
                -1.20891843e-17-2.02186042e-17j,
                -1.08244507e-17-4.48363429e-18j,
                 1.46446609e-01+0.00000000e+00j,
                 1.08244507e-17-4.48363429e-18j],
               [-0.00000000e+00+0.00000000e+00j,
                -0.00000000e+00+0.00000000e+00j,
                -0.00000000e+00+0.00000000e+00j,
                -0.00000000e+00+0.00000000e+00j,
                -0.00000000e+00+0.00000000e+00j,
                -0.00000000e+00+0.00000000e+00j,
                -0.00000000e+00+0.00000000e+00j,
                -0.00000000e+00+0.00000000e+00j,
                 1.60015631e-33+5.38948995e-34j,
                 6.62806445e-34-6.62806445e-34j,
                -1.08244507e-17+2.61325357e-17j,
                -2.56585412e-49+9.37349864e-34j,
                -2.74543419e-34-1.86456189e-33j,
                -6.62806445e-34-6.62806445e-34j,
                 1.08244507e-17+4.48363429e-18j,
                 9.37349864e-34+0.00000000e+00j]],
              dims=(2, 2, 2, 2))","{'0101': 3, '0100': 3, '0001': 3, '0011': 8, '0111': 4, '0110': 163, '0000': 18, '0010': 822}","DensityMatrix([[ 6.47537734e-06+3.63818867e-20j,
                -4.85416468e-10+1.19247953e-09j,
                -2.98295762e-07-1.77981740e-07j,
                -2.67507089e-08-1.11710898e-08j,
                 2.25201778e-07+1.70417059e-06j,
                -3.84665910e-10+1.18867662e-09j,
                 1.91523010e-08+2.85662818e-08j,
                -1.08002397e-09+2.47876026e-09j,
                 0.00000000e+00+0.00000000e+00j,
                 0.00000000e+00+0.00000000e+00j,
                 0.00000000e+00+0.00000000e+00j,
                 0.00000000e+00+0.00000000e+00j,
                 0.00000000e+00+0.00000000e+00j,
                 0.00000000e+00+0.00000000e+00j,
                 0.00000000e+00+0.00000000e+00j,
                 0.00000000e+00+0.00000000e+00j],
               [-4.85416468e-10-1.19247953e-09j,
                 5.75679421e-06-6.72540992e-21j,
                 1.27142510e-07+4.56948032e-08j,
                -7.45374469e-07-1.84200574e-07j,
                 4.74808847e-10-1.45865324e-09j,
                 9.70253746e-09+1.83776217e-06j,
                -3.93750459e-08+1.10051830e-07j,
                 1.06769808e-07-1.98541498e-07j,
                 0.00000000e+00+0.00000000e+00j,
                 0.00000000e+00+0.00000000e+00j,
                 0.00000000e+00+0.00000000e+00j,
                 0.00000000e+00+0.00000000e+00j,
                 0.00000000e+00+0.00000000e+00j,
                 0.00000000e+00+0.00000000e+00j,
                 0.00000000e+00+0.00000000e+00j,
                 0.00000000e+00+0.00000000e+00j],
               [-2.98295762e-07+1.77981740e-07j,
                 1.27142510e-07-4.56948032e-08j,
                 6.28686600e-04-7.19788480e-20j,
                -6.93885254e-08+2.03250392e-07j,
                -1.24525877e-07-2.21815503e-07j,
                 6.34975403e-09-7.78356061e-09j,
                 1.01729786e-06+1.92478528e-04j,
                -1.93398512e-08+7.85194678e-08j,
                 0.00000000e+00+0.00000000e+00j,
                 0.00000000e+00+0.00000000e+00j,
                 0.00000000e+00+0.00000000e+00j,
                 0.00000000e+00+0.00000000e+00j,
                 0.00000000e+00+0.00000000e+00j,
                 0.00000000e+00+0.00000000e+00j,
                 0.00000000e+00+0.00000000e+00j,
                 0.00000000e+00+0.00000000e+00j],
               [-2.67507089e-08+1.11710898e-08j,
                -7.45374469e-07+1.84200574e-07j,
                -6.93885254e-08-2.03250392e-07j,
                 6.18694067e-06+6.60601229e-20j,
                -9.68007495e-09-2.30182724e-08j,
                -1.10166209e-07-2.01573743e-07j,
                 1.47511234e-07-1.27485295e-07j,
                 1.16371926e-07+1.86086848e-06j,
                 0.00000000e+00+0.00000000e+00j,
                 0.00000000e+00+0.00000000e+00j,
                 0.00000000e+00+0.00000000e+00j,
                 0.00000000e+00+0.00000000e+00j,
                 0.00000000e+00+0.00000000e+00j,
                 0.00000000e+00+0.00000000e+00j,
                 0.00000000e+00+0.00000000e+00j,
                 0.00000000e+00+0.00000000e+00j],
               [ 2.25201778e-07-1.70417059e-06j,
                 4.74808847e-10+1.45865324e-09j,
                -1.24525877e-07+2.21815503e-07j,
                -9.68007495e-09+2.30182724e-08j,
                 1.00331332e-05+3.43366971e-20j,
                -7.47968150e-10+1.34960334e-09j,
                -5.25397323e-07-2.87780386e-07j,
                -3.53259499e-08-1.46921812e-08j,
                 0.00000000e+00+0.00000000e+00j,
                 0.00000000e+00+0.00000000e+00j,
                 0.00000000e+00+0.00000000e+00j,
                 0.00000000e+00+0.00000000e+00j,
                 0.00000000e+00+0.00000000e+00j,
                 0.00000000e+00+0.00000000e+00j,
                 0.00000000e+00+0.00000000e+00j,
                 0.00000000e+00+0.00000000e+00j],
               [-3.84665910e-10-1.18867662e-09j,
                 9.70253746e-09-1.83776217e-06j,
                 6.34975403e-09+7.78356061e-09j,
                -1.10166209e-07+2.01573743e-07j,
                -7.47968150e-10-1.34960334e-09j,
                 5.75560868e-06+1.75293853e-20j,
                 1.07545702e-07-8.57692409e-08j,
                -7.45020096e-07-1.84254727e-07j,
                 0.00000000e+00+0.00000000e+00j,
                 0.00000000e+00+0.00000000e+00j,
                 0.00000000e+00+0.00000000e+00j,
                 0.00000000e+00+0.00000000e+00j,
                 0.00000000e+00+0.00000000e+00j,
                 0.00000000e+00+0.00000000e+00j,
                 0.00000000e+00+0.00000000e+00j,
                 0.00000000e+00+0.00000000e+00j],
               [ 1.91523010e-08-2.85662818e-08j,
                -3.93750459e-08-1.10051830e-07j,
                 1.01729786e-06-1.92478528e-04j,
                 1.47511234e-07+1.27485295e-07j,
                -5.25397323e-07+2.87780386e-07j,
                 1.07545702e-07+8.57692409e-08j,
                 1.01352282e-03-3.26593726e-20j,
                -1.51727304e-07+1.21824743e-07j,
                 0.00000000e+00+0.00000000e+00j,
                 0.00000000e+00+0.00000000e+00j,
                 0.00000000e+00+0.00000000e+00j,
                 0.00000000e+00+0.00000000e+00j,
                 0.00000000e+00+0.00000000e+00j,
                 0.00000000e+00+0.00000000e+00j,
                 0.00000000e+00+0.00000000e+00j,
                 0.00000000e+00+0.00000000e+00j],
               [-1.08002397e-09-2.47876026e-09j,
                 1.06769808e-07+1.98541498e-07j,
                -1.93398512e-08-7.85194678e-08j,
                 1.16371926e-07-1.86086848e-06j,
                -3.53259499e-08+1.46921812e-08j,
                -7.45020096e-07+1.84254727e-07j,
                -1.51727304e-07-1.21824743e-07j,
                 6.16150479e-06-5.06043131e-20j,
                 0.00000000e+00+0.00000000e+00j,
                 0.00000000e+00+0.00000000e+00j,
                 0.00000000e+00+0.00000000e+00j,
                 0.00000000e+00+0.00000000e+00j,
                 0.00000000e+00+0.00000000e+00j,
                 0.00000000e+00+0.00000000e+00j,
                 0.00000000e+00+0.00000000e+00j,
                 0.00000000e+00+0.00000000e+00j],
               [ 0.00000000e+00+0.00000000e+00j,
                 0.00000000e+00+0.00000000e+00j,
                 0.00000000e+00+0.00000000e+00j,
                 0.00000000e+00+0.00000000e+00j,
                 0.00000000e+00+0.00000000e+00j,
                 0.00000000e+00+0.00000000e+00j,
                 0.00000000e+00+0.00000000e+00j,
                 0.00000000e+00+0.00000000e+00j,
                 8.06697701e-03+1.73203213e-17j,
                -4.27241024e-07+1.14034174e-06j,
                -4.46626201e-04-2.35942683e-04j,
                -2.59748479e-05-1.08881037e-05j,
                 1.34147616e-04-3.03363484e-03j,
                 5.78694113e-07+1.11592439e-06j,
                -1.59152938e-04+2.46267264e-04j,
                -1.07967850e-05+2.58434031e-05j],
               [ 0.00000000e+00+0.00000000e+00j,
                 0.00000000e+00+0.00000000e+00j,
                 0.00000000e+00+0.00000000e+00j,
                 0.00000000e+00+0.00000000e+00j,
                 0.00000000e+00+0.00000000e+00j,
                 0.00000000e+00+0.00000000e+00j,
                 0.00000000e+00+0.00000000e+00j,
                 0.00000000e+00+0.00000000e+00j,
                -4.27241024e-07-1.14034174e-06j,
                 3.41682769e-03+1.59259497e-17j,
                 1.23669792e-04+4.44076270e-05j,
                -4.42280058e-04-1.09293975e-04j,
                -6.94209284e-07-5.48571529e-07j,
                 6.16011396e-06-3.27024795e-03j,
                 1.83501391e-05-5.09292972e-05j,
                -1.94091786e-04+3.56885624e-04j],
               [ 0.00000000e+00+0.00000000e+00j,
                 0.00000000e+00+0.00000000e+00j,
                 0.00000000e+00+0.00000000e+00j,
                 0.00000000e+00+0.00000000e+00j,
                 0.00000000e+00+0.00000000e+00j,
                 0.00000000e+00+0.00000000e+00j,
                 0.00000000e+00+0.00000000e+00j,
                 0.00000000e+00+0.00000000e+00j,
                -4.46626201e-04+2.35942683e-04j,
                 1.23669792e-04-4.44076270e-05j,
                 8.29973955e-01-8.67042029e-17j,
                -6.73469653e-05+1.97505384e-04j,
                 9.65747184e-05+9.77417359e-05j,
                 6.31779338e-05-7.91074824e-05j,
                 6.60829341e-04-3.42631752e-01j,
                 7.27815369e-05+1.51770857e-04j],
               [ 0.00000000e+00+0.00000000e+00j,
                 0.00000000e+00+0.00000000e+00j,
                 0.00000000e+00+0.00000000e+00j,
                 0.00000000e+00+0.00000000e+00j,
                 0.00000000e+00+0.00000000e+00j,
                 0.00000000e+00+0.00000000e+00j,
                 0.00000000e+00+0.00000000e+00j,
                 0.00000000e+00+0.00000000e+00j,
                -2.59748479e-05+1.08881037e-05j,
                -4.42280058e-04+1.09293975e-04j,
                -6.73469653e-05-1.97505384e-04j,
                 3.64353469e-03-7.91273421e-18j,
                 4.46093603e-06+1.07529391e-05j,
                 1.91969067e-04+3.55108508e-04j,
                -9.79148173e-05-1.24912833e-05j,
                 6.94563238e-05-3.31133694e-03j],
               [ 0.00000000e+00+0.00000000e+00j,
                 0.00000000e+00+0.00000000e+00j,
                 0.00000000e+00+0.00000000e+00j,
                 0.00000000e+00+0.00000000e+00j,
                 0.00000000e+00+0.00000000e+00j,
                 0.00000000e+00+0.00000000e+00j,
                 0.00000000e+00+0.00000000e+00j,
                 0.00000000e+00+0.00000000e+00j,
                 1.34147616e-04+3.03363484e-03j,
                -6.94209284e-07+5.48571529e-07j,
                 9.65747184e-05-9.77417359e-05j,
                 4.46093603e-06-1.07529391e-05j,
                 1.72791874e-03-1.04214720e-17j,
                -2.29973672e-07+4.62747563e-07j,
                -4.20994201e-05-4.03884989e-05j,
                -1.08439550e-05-4.51812230e-06j],
               [ 0.00000000e+00+0.00000000e+00j,
                 0.00000000e+00+0.00000000e+00j,
                 0.00000000e+00+0.00000000e+00j,
                 0.00000000e+00+0.00000000e+00j,
                 0.00000000e+00+0.00000000e+00j,
                 0.00000000e+00+0.00000000e+00j,
                 0.00000000e+00+0.00000000e+00j,
                 0.00000000e+00+0.00000000e+00j,
                 5.78694113e-07-1.11592439e-06j,
                 6.16011396e-06+3.27024795e-03j,
                 6.31779338e-05+7.91074824e-05j,
                 1.91969067e-04-3.55108508e-04j,
                -2.29973672e-07-4.62747563e-07j,
                 3.41377805e-03+1.76546635e-17j,
                 3.29910257e-05-2.62762362e-05j,
                -4.42009648e-04-1.09319820e-04j],
               [ 0.00000000e+00+0.00000000e+00j,
                 0.00000000e+00+0.00000000e+00j,
                 0.00000000e+00+0.00000000e+00j,
                 0.00000000e+00+0.00000000e+00j,
                 0.00000000e+00+0.00000000e+00j,
                 0.00000000e+00+0.00000000e+00j,
                 0.00000000e+00+0.00000000e+00j,
                 0.00000000e+00+0.00000000e+00j,
                -1.59152938e-04-2.46267264e-04j,
                 1.83501391e-05+5.09292972e-05j,
                 6.60829341e-04+3.42631752e-01j,
                -9.79148173e-05+1.24912833e-05j,
                -4.20994201e-05+4.03884989e-05j,
                 3.29910257e-05+2.62762362e-05j,
                 1.44391327e-01+7.97375578e-17j,
                -4.64687164e-05+3.74036345e-05j],
               [ 0.00000000e+00+0.00000000e+00j,
                 0.00000000e+00+0.00000000e+00j,
                 0.00000000e+00+0.00000000e+00j,
                 0.00000000e+00+0.00000000e+00j,
                 0.00000000e+00+0.00000000e+00j,
                 0.00000000e+00+0.00000000e+00j,
                 0.00000000e+00+0.00000000e+00j,
                 0.00000000e+00+0.00000000e+00j,
                -1.07967850e-05-2.58434031e-05j,
                -1.94091786e-04-3.56885624e-04j,
                 7.27815369e-05-1.51770857e-04j,
                 6.94563238e-05+3.31133694e-03j,
                -1.08439550e-05+4.51812230e-06j,
                -4.42009648e-04+1.09319820e-04j,
                -4.64687164e-05-3.74036345e-05j,
                 3.68310185e-03-2.56786639e-17j]],
              dims=(2, 2, 2, 2))"
data/selected_mutant_qc/mutants_qpeexact_4/qpeexact_4_Mutant_Add_rzz_P10_Q2_[5.497787143782138].qasm,PureState_10,"{'0001': 244, '0101': 250, '0111': 279, '0011': 251}","DensityMatrix([[ 4.97881542e-66+0.00000000e+00j,
                -8.29784332e-34-7.45762575e-34j,
                -1.19027356e-49-4.20268301e-50j,
                 1.11407990e-33-5.94123539e-35j,
                 1.42433516e-65-8.87208521e-66j,
                -7.45762575e-34+8.29784332e-34j,
                -1.74080830e-50+4.93027450e-50j,
                -5.94123539e-35-1.11407990e-33j,
                 0.00000000e+00+0.00000000e+00j,
                 0.00000000e+00+0.00000000e+00j,
                 0.00000000e+00+0.00000000e+00j,
                 0.00000000e+00+0.00000000e+00j,
                 0.00000000e+00+0.00000000e+00j,
                 0.00000000e+00+0.00000000e+00j,
                 0.00000000e+00+0.00000000e+00j,
                 0.00000000e+00+0.00000000e+00j],
               [-8.29784332e-34+7.45762575e-34j,
                 2.50000000e-01+0.00000000e+00j,
                 2.61325357e-17-1.08244507e-17j,
                -1.76776695e-01+1.76776695e-01j,
                -1.04491540e-33+3.61211942e-33j,
                -1.38777878e-17-2.50000000e-01j,
                -4.48363429e-18-1.08244507e-17j,
                 1.76776695e-01+1.76776695e-01j,
                -0.00000000e+00+0.00000000e+00j,
                -0.00000000e+00+0.00000000e+00j,
                -0.00000000e+00+0.00000000e+00j,
                -0.00000000e+00+0.00000000e+00j,
                -0.00000000e+00+0.00000000e+00j,
                -0.00000000e+00+0.00000000e+00j,
                -0.00000000e+00+0.00000000e+00j,
                -0.00000000e+00+0.00000000e+00j],
               [-1.19027356e-49+4.20268301e-50j,
                 2.61325357e-17+1.08244507e-17j,
                 3.20031262e-33+0.00000000e+00j,
                -2.61325357e-17+1.08244507e-17j,
                -2.65621990e-49+3.32332818e-49j,
                 1.08244507e-17-2.61325357e-17j,
                 5.13170824e-49-1.32561289e-33j,
                 1.08244507e-17+2.61325357e-17j,
                -0.00000000e+00+0.00000000e+00j,
                -0.00000000e+00+0.00000000e+00j,
                -0.00000000e+00+0.00000000e+00j,
                -0.00000000e+00+0.00000000e+00j,
                -0.00000000e+00+0.00000000e+00j,
                -0.00000000e+00+0.00000000e+00j,
                -0.00000000e+00+0.00000000e+00j,
                -0.00000000e+00+0.00000000e+00j],
               [ 1.11407990e-33+5.94123539e-35j,
                -1.76776695e-01-1.76776695e-01j,
                -2.61325357e-17-1.08244507e-17j,
                 2.50000000e-01+0.00000000e+00j,
                 3.29302090e-33-1.81528737e-33j,
                -1.76776695e-01+1.76776695e-01j,
                -4.48363429e-18+1.08244507e-17j,
                 5.55111512e-17-2.50000000e-01j,
                 0.00000000e+00+0.00000000e+00j,
                 0.00000000e+00+0.00000000e+00j,
                 0.00000000e+00+0.00000000e+00j,
                 0.00000000e+00+0.00000000e+00j,
                 0.00000000e+00+0.00000000e+00j,
                 0.00000000e+00+0.00000000e+00j,
                 0.00000000e+00+0.00000000e+00j,
                 0.00000000e+00+0.00000000e+00j],
               [ 1.42433516e-65+8.87208521e-66j,
                -1.04491540e-33-3.61211942e-33j,
                -2.65621990e-49-3.32332818e-49j,
                 3.29302090e-33+1.81528737e-33j,
                 5.65570196e-65+0.00000000e+00j,
                -3.61211942e-33+1.04491540e-33j,
                -1.37656760e-49+1.10024231e-49j,
                 1.81528737e-33-3.29302090e-33j,
                 0.00000000e+00+0.00000000e+00j,
                 0.00000000e+00+0.00000000e+00j,
                 0.00000000e+00+0.00000000e+00j,
                 0.00000000e+00+0.00000000e+00j,
                 0.00000000e+00+0.00000000e+00j,
                 0.00000000e+00+0.00000000e+00j,
                 0.00000000e+00+0.00000000e+00j,
                 0.00000000e+00+0.00000000e+00j],
               [-7.45762575e-34-8.29784332e-34j,
                -1.38777878e-17+2.50000000e-01j,
                 1.08244507e-17+2.61325357e-17j,
                -1.76776695e-01-1.76776695e-01j,
                -3.61211942e-33-1.04491540e-33j,
                 2.50000000e-01+0.00000000e+00j,
                 1.08244507e-17-4.48363429e-18j,
                -1.76776695e-01+1.76776695e-01j,
                 0.00000000e+00-0.00000000e+00j,
                 0.00000000e+00-0.00000000e+00j,
                 0.00000000e+00-0.00000000e+00j,
                 0.00000000e+00-0.00000000e+00j,
                 0.00000000e+00-0.00000000e+00j,
                 0.00000000e+00-0.00000000e+00j,
                 0.00000000e+00-0.00000000e+00j,
                 0.00000000e+00-0.00000000e+00j],
               [-1.74080830e-50-4.93027450e-50j,
                -4.48363429e-18+1.08244507e-17j,
                 5.13170824e-49+1.32561289e-33j,
                -4.48363429e-18-1.08244507e-17j,
                -1.37656760e-49-1.10024231e-49j,
                 1.08244507e-17+4.48363429e-18j,
                 5.49086838e-34+0.00000000e+00j,
                -1.08244507e-17+4.48363429e-18j,
                 0.00000000e+00-0.00000000e+00j,
                 0.00000000e+00-0.00000000e+00j,
                 0.00000000e+00-0.00000000e+00j,
                 0.00000000e+00-0.00000000e+00j,
                 0.00000000e+00-0.00000000e+00j,
                 0.00000000e+00-0.00000000e+00j,
                 0.00000000e+00-0.00000000e+00j,
                 0.00000000e+00-0.00000000e+00j],
               [-5.94123539e-35+1.11407990e-33j,
                 1.76776695e-01-1.76776695e-01j,
                 1.08244507e-17-2.61325357e-17j,
                 5.55111512e-17+2.50000000e-01j,
                 1.81528737e-33+3.29302090e-33j,
                -1.76776695e-01-1.76776695e-01j,
                -1.08244507e-17-4.48363429e-18j,
                 2.50000000e-01+0.00000000e+00j,
                 0.00000000e+00+0.00000000e+00j,
                 0.00000000e+00+0.00000000e+00j,
                 0.00000000e+00+0.00000000e+00j,
                 0.00000000e+00+0.00000000e+00j,
                 0.00000000e+00+0.00000000e+00j,
                 0.00000000e+00+0.00000000e+00j,
                 0.00000000e+00+0.00000000e+00j,
                 0.00000000e+00+0.00000000e+00j],
               [ 0.00000000e+00+0.00000000e+00j,
                -0.00000000e+00+0.00000000e+00j,
                -0.00000000e+00+0.00000000e+00j,
                 0.00000000e+00+0.00000000e+00j,
                 0.00000000e+00-0.00000000e+00j,
                 0.00000000e+00+0.00000000e+00j,
                 0.00000000e+00+0.00000000e+00j,
                 0.00000000e+00-0.00000000e+00j,
                 0.00000000e+00+0.00000000e+00j,
                 0.00000000e+00+0.00000000e+00j,
                 0.00000000e+00+0.00000000e+00j,
                 0.00000000e+00+0.00000000e+00j,
                 0.00000000e+00+0.00000000e+00j,
                 0.00000000e+00+0.00000000e+00j,
                 0.00000000e+00+0.00000000e+00j,
                 0.00000000e+00+0.00000000e+00j],
               [ 0.00000000e+00+0.00000000e+00j,
                -0.00000000e+00+0.00000000e+00j,
                -0.00000000e+00+0.00000000e+00j,
                 0.00000000e+00+0.00000000e+00j,
                 0.00000000e+00-0.00000000e+00j,
                 0.00000000e+00+0.00000000e+00j,
                 0.00000000e+00+0.00000000e+00j,
                 0.00000000e+00-0.00000000e+00j,
                 0.00000000e+00+0.00000000e+00j,
                 0.00000000e+00+0.00000000e+00j,
                 0.00000000e+00+0.00000000e+00j,
                 0.00000000e+00+0.00000000e+00j,
                 0.00000000e+00+0.00000000e+00j,
                 0.00000000e+00+0.00000000e+00j,
                 0.00000000e+00+0.00000000e+00j,
                 0.00000000e+00+0.00000000e+00j],
               [ 0.00000000e+00+0.00000000e+00j,
                -0.00000000e+00+0.00000000e+00j,
                -0.00000000e+00+0.00000000e+00j,
                 0.00000000e+00+0.00000000e+00j,
                 0.00000000e+00-0.00000000e+00j,
                 0.00000000e+00+0.00000000e+00j,
                 0.00000000e+00+0.00000000e+00j,
                 0.00000000e+00-0.00000000e+00j,
                 0.00000000e+00+0.00000000e+00j,
                 0.00000000e+00+0.00000000e+00j,
                 0.00000000e+00+0.00000000e+00j,
                 0.00000000e+00+0.00000000e+00j,
                 0.00000000e+00+0.00000000e+00j,
                 0.00000000e+00+0.00000000e+00j,
                 0.00000000e+00+0.00000000e+00j,
                 0.00000000e+00+0.00000000e+00j],
               [ 0.00000000e+00+0.00000000e+00j,
                -0.00000000e+00+0.00000000e+00j,
                -0.00000000e+00+0.00000000e+00j,
                 0.00000000e+00+0.00000000e+00j,
                 0.00000000e+00-0.00000000e+00j,
                 0.00000000e+00+0.00000000e+00j,
                 0.00000000e+00+0.00000000e+00j,
                 0.00000000e+00-0.00000000e+00j,
                 0.00000000e+00+0.00000000e+00j,
                 0.00000000e+00+0.00000000e+00j,
                 0.00000000e+00+0.00000000e+00j,
                 0.00000000e+00+0.00000000e+00j,
                 0.00000000e+00+0.00000000e+00j,
                 0.00000000e+00+0.00000000e+00j,
                 0.00000000e+00+0.00000000e+00j,
                 0.00000000e+00+0.00000000e+00j],
               [ 0.00000000e+00+0.00000000e+00j,
                -0.00000000e+00+0.00000000e+00j,
                -0.00000000e+00+0.00000000e+00j,
                 0.00000000e+00+0.00000000e+00j,
                 0.00000000e+00-0.00000000e+00j,
                 0.00000000e+00+0.00000000e+00j,
                 0.00000000e+00+0.00000000e+00j,
                 0.00000000e+00-0.00000000e+00j,
                 0.00000000e+00+0.00000000e+00j,
                 0.00000000e+00+0.00000000e+00j,
                 0.00000000e+00+0.00000000e+00j,
                 0.00000000e+00+0.00000000e+00j,
                 0.00000000e+00+0.00000000e+00j,
                 0.00000000e+00+0.00000000e+00j,
                 0.00000000e+00+0.00000000e+00j,
                 0.00000000e+00+0.00000000e+00j],
               [ 0.00000000e+00+0.00000000e+00j,
                -0.00000000e+00+0.00000000e+00j,
                -0.00000000e+00+0.00000000e+00j,
                 0.00000000e+00+0.00000000e+00j,
                 0.00000000e+00-0.00000000e+00j,
                 0.00000000e+00+0.00000000e+00j,
                 0.00000000e+00+0.00000000e+00j,
                 0.00000000e+00-0.00000000e+00j,
                 0.00000000e+00+0.00000000e+00j,
                 0.00000000e+00+0.00000000e+00j,
                 0.00000000e+00+0.00000000e+00j,
                 0.00000000e+00+0.00000000e+00j,
                 0.00000000e+00+0.00000000e+00j,
                 0.00000000e+00+0.00000000e+00j,
                 0.00000000e+00+0.00000000e+00j,
                 0.00000000e+00+0.00000000e+00j],
               [ 0.00000000e+00+0.00000000e+00j,
                -0.00000000e+00+0.00000000e+00j,
                -0.00000000e+00+0.00000000e+00j,
                 0.00000000e+00+0.00000000e+00j,
                 0.00000000e+00-0.00000000e+00j,
                 0.00000000e+00+0.00000000e+00j,
                 0.00000000e+00+0.00000000e+00j,
                 0.00000000e+00-0.00000000e+00j,
                 0.00000000e+00+0.00000000e+00j,
                 0.00000000e+00+0.00000000e+00j,
                 0.00000000e+00+0.00000000e+00j,
                 0.00000000e+00+0.00000000e+00j,
                 0.00000000e+00+0.00000000e+00j,
                 0.00000000e+00+0.00000000e+00j,
                 0.00000000e+00+0.00000000e+00j,
                 0.00000000e+00+0.00000000e+00j],
               [ 0.00000000e+00+0.00000000e+00j,
                -0.00000000e+00+0.00000000e+00j,
                -0.00000000e+00+0.00000000e+00j,
                 0.00000000e+00+0.00000000e+00j,
                 0.00000000e+00-0.00000000e+00j,
                 0.00000000e+00+0.00000000e+00j,
                 0.00000000e+00+0.00000000e+00j,
                 0.00000000e+00-0.00000000e+00j,
                 0.00000000e+00+0.00000000e+00j,
                 0.00000000e+00+0.00000000e+00j,
                 0.00000000e+00+0.00000000e+00j,
                 0.00000000e+00+0.00000000e+00j,
                 0.00000000e+00+0.00000000e+00j,
                 0.00000000e+00+0.00000000e+00j,
                 0.00000000e+00+0.00000000e+00j,
                 0.00000000e+00+0.00000000e+00j]],
              dims=(2, 2, 2, 2))","{'0110': 6, '0100': 1, '0010': 8, '0000': 8, '0101': 258, '0001': 236, '0011': 243, '0111': 264}","DensityMatrix([[ 6.26506052e-03-1.04037294e-17j,
                -1.11217995e-05+2.67681378e-05j,
                -5.68319800e-04+6.03984850e-04j,
                -3.66363363e-05-3.65370408e-05j,
                 3.82179873e-05-2.53053282e-03j,
                 1.81924726e-05+3.13464836e-05j,
                 1.89297485e-04+2.21531161e-04j,
                -4.46313080e-05+1.68169037e-05j,
                 0.00000000e+00+0.00000000e+00j,
                 0.00000000e+00+0.00000000e+00j,
                 0.00000000e+00+0.00000000e+00j,
                 0.00000000e+00+0.00000000e+00j,
                 0.00000000e+00+0.00000000e+00j,
                 0.00000000e+00+0.00000000e+00j,
                 0.00000000e+00+0.00000000e+00j,
                 0.00000000e+00+0.00000000e+00j],
               [-1.11217995e-05-2.67681378e-05j,
                 2.45626642e-01+1.47322806e-20j,
                 1.36286432e-04+2.36121224e-05j,
                -1.70672786e-01+1.69762246e-01j,
                -1.93207159e-05-1.57679215e-05j,
                 3.96657701e-04-2.44139934e-01j,
                -3.34023099e-05-2.21335739e-05j,
                 1.68899841e-01+1.70326989e-01j,
                 0.00000000e+00+0.00000000e+00j,
                 0.00000000e+00+0.00000000e+00j,
                 0.00000000e+00+0.00000000e+00j,
                 0.00000000e+00+0.00000000e+00j,
                 0.00000000e+00+0.00000000e+00j,
                 0.00000000e+00+0.00000000e+00j,
                 0.00000000e+00+0.00000000e+00j,
                 0.00000000e+00+0.00000000e+00j],
               [-5.68319800e-04-6.03984850e-04j,
                 1.36286432e-04-2.36121224e-05j,
                 7.30982971e-03+1.64727074e-17j,
                -6.97395934e-05+1.40269552e-04j,
                -2.35471162e-04+1.73808885e-04j,
                -3.58407739e-06-1.44245113e-04j,
                 3.89428522e-05-2.86502134e-03j,
                 1.31239059e-04+9.00006118e-05j,
                 0.00000000e+00+0.00000000e+00j,
                 0.00000000e+00+0.00000000e+00j,
                 0.00000000e+00+0.00000000e+00j,
                 0.00000000e+00+0.00000000e+00j,
                 0.00000000e+00+0.00000000e+00j,
                 0.00000000e+00+0.00000000e+00j,
                 0.00000000e+00+0.00000000e+00j,
                 0.00000000e+00+0.00000000e+00j],
               [-3.66363363e-05+3.65370408e-05j,
                -1.70672786e-01-1.69762246e-01j,
                -6.97395934e-05-1.40269552e-04j,
                 2.45444144e-01+1.38877367e-17j,
                 6.86743638e-06+3.48107080e-05j,
                -1.69220725e-01+1.69782640e-01j,
                -3.37590723e-06+3.43577266e-05j,
                 3.96656244e-04-2.44053344e-01j,
                 0.00000000e+00+0.00000000e+00j,
                 0.00000000e+00+0.00000000e+00j,
                 0.00000000e+00+0.00000000e+00j,
                 0.00000000e+00+0.00000000e+00j,
                 0.00000000e+00+0.00000000e+00j,
                 0.00000000e+00+0.00000000e+00j,
                 0.00000000e+00+0.00000000e+00j,
                 0.00000000e+00+0.00000000e+00j],
               [ 3.82179873e-05+2.53053282e-03j,
                -1.93207159e-05+1.57679215e-05j,
                -2.35471162e-04-1.73808885e-04j,
                 6.86743638e-06-3.48107080e-05j,
                 1.17076349e-03-6.93575282e-18j,
                -4.70553547e-06+1.10767583e-05j,
                -1.52786224e-04+1.59146571e-04j,
                -1.52769073e-05-1.51499065e-05j,
                 0.00000000e+00+0.00000000e+00j,
                 0.00000000e+00+0.00000000e+00j,
                 0.00000000e+00+0.00000000e+00j,
                 0.00000000e+00+0.00000000e+00j,
                 0.00000000e+00+0.00000000e+00j,
                 0.00000000e+00+0.00000000e+00j,
                 0.00000000e+00+0.00000000e+00j,
                 0.00000000e+00+0.00000000e+00j],
               [ 1.81924726e-05-3.13464836e-05j,
                 3.96657701e-04+2.44139934e-01j,
                -3.58407739e-06+1.44245113e-04j,
                -1.69220725e-01-1.69782640e-01j,
                -4.70553547e-06-1.10767583e-05j,
                 2.45402489e-01-2.77290720e-17j,
                 3.06049566e-05-5.32441550e-05j,
                -1.70583463e-01+1.69673392e-01j,
                 0.00000000e+00+0.00000000e+00j,
                 0.00000000e+00+0.00000000e+00j,
                 0.00000000e+00+0.00000000e+00j,
                 0.00000000e+00+0.00000000e+00j,
                 0.00000000e+00+0.00000000e+00j,
                 0.00000000e+00+0.00000000e+00j,
                 0.00000000e+00+0.00000000e+00j,
                 0.00000000e+00+0.00000000e+00j],
               [ 1.89297485e-04-2.21531161e-04j,
                -3.34023099e-05+2.21335739e-05j,
                 3.89428522e-05+2.86502134e-03j,
                -3.37590723e-06-3.43577266e-05j,
                -1.52786224e-04-1.59146571e-04j,
                 3.06049566e-05+5.32441550e-05j,
                 1.55070347e-03+8.66751632e-19j,
                -5.50565485e-05-4.79429516e-06j,
                 0.00000000e+00+0.00000000e+00j,
                 0.00000000e+00+0.00000000e+00j,
                 0.00000000e+00+0.00000000e+00j,
                 0.00000000e+00+0.00000000e+00j,
                 0.00000000e+00+0.00000000e+00j,
                 0.00000000e+00+0.00000000e+00j,
                 0.00000000e+00+0.00000000e+00j,
                 0.00000000e+00+0.00000000e+00j],
               [-4.46313080e-05-1.68169037e-05j,
                 1.68899841e-01-1.70326989e-01j,
                 1.31239059e-04-9.00006118e-05j,
                 3.96656244e-04+2.44053344e-01j,
                -1.52769073e-05+1.51499065e-05j,
                -1.70583463e-01-1.69673392e-01j,
                -5.50565485e-05+4.79429516e-06j,
                 2.45411841e-01-1.38562506e-17j,
                 0.00000000e+00+0.00000000e+00j,
                 0.00000000e+00+0.00000000e+00j,
                 0.00000000e+00+0.00000000e+00j,
                 0.00000000e+00+0.00000000e+00j,
                 0.00000000e+00+0.00000000e+00j,
                 0.00000000e+00+0.00000000e+00j,
                 0.00000000e+00+0.00000000e+00j,
                 0.00000000e+00+0.00000000e+00j],
               [ 0.00000000e+00+0.00000000e+00j,
                 0.00000000e+00+0.00000000e+00j,
                 0.00000000e+00+0.00000000e+00j,
                 0.00000000e+00+0.00000000e+00j,
                 0.00000000e+00+0.00000000e+00j,
                 0.00000000e+00+0.00000000e+00j,
                 0.00000000e+00+0.00000000e+00j,
                 0.00000000e+00+0.00000000e+00j,
                 4.27706597e-06-1.64348231e-20j,
                -1.11039017e-08+2.70286115e-08j,
                -4.53291370e-07+4.77216888e-07j,
                -3.67637146e-08-3.67123237e-08j,
                 6.90915916e-08+2.48457462e-06j,
                -1.97061213e-08+3.53972800e-08j,
                -2.50542146e-07-1.50663424e-07j,
                -9.04737300e-09-4.17497485e-08j],
               [ 0.00000000e+00+0.00000000e+00j,
                 0.00000000e+00+0.00000000e+00j,
                 0.00000000e+00+0.00000000e+00j,
                 0.00000000e+00+0.00000000e+00j,
                 0.00000000e+00+0.00000000e+00j,
                 0.00000000e+00+0.00000000e+00j,
                 0.00000000e+00+0.00000000e+00j,
                 0.00000000e+00+0.00000000e+00j,
                -1.11039017e-08-2.70286115e-08j,
                 4.47443160e-04-1.08406065e-19j,
                 1.62471257e-07+8.60636127e-08j,
                -3.10997520e-04+3.09338306e-04j,
                 1.72978163e-08-5.06287650e-08j,
                 6.86282200e-07+2.39620045e-04j,
                 4.29930348e-08+1.67215138e-07j,
                -1.66197350e-04-1.66435815e-04j],
               [ 0.00000000e+00+0.00000000e+00j,
                 0.00000000e+00+0.00000000e+00j,
                 0.00000000e+00+0.00000000e+00j,
                 0.00000000e+00+0.00000000e+00j,
                 0.00000000e+00+0.00000000e+00j,
                 0.00000000e+00+0.00000000e+00j,
                 0.00000000e+00+0.00000000e+00j,
                 0.00000000e+00+0.00000000e+00j,
                -4.53291370e-07-4.77216888e-07j,
                 1.62471257e-07-8.60636127e-08j,
                 5.24901941e-06+3.23181642e-20j,
                -4.41939674e-08+2.03250251e-07j,
                 1.66507864e-07-2.37512613e-07j,
                 1.02154774e-07+3.24885191e-08j,
                 7.03739944e-08+2.81274502e-06j,
                -1.00151640e-07+5.20743935e-08j],
               [ 0.00000000e+00+0.00000000e+00j,
                 0.00000000e+00+0.00000000e+00j,
                 0.00000000e+00+0.00000000e+00j,
                 0.00000000e+00+0.00000000e+00j,
                 0.00000000e+00+0.00000000e+00j,
                 0.00000000e+00+0.00000000e+00j,
                 0.00000000e+00+0.00000000e+00j,
                 0.00000000e+00+0.00000000e+00j,
                -3.67637146e-08+3.67123237e-08j,
                -3.10997520e-04-3.09338306e-04j,
                -4.41939674e-08-2.03250251e-07j,
                 4.47379509e-04+5.99620465e-20j,
                -5.96338002e-08-8.90043506e-09j,
                 1.65663413e-04-1.67377166e-04j,
                 1.20430777e-07-1.37592598e-07j,
                 6.86292439e-07+2.39535039e-04j],
               [ 0.00000000e+00+0.00000000e+00j,
                 0.00000000e+00+0.00000000e+00j,
                 0.00000000e+00+0.00000000e+00j,
                 0.00000000e+00+0.00000000e+00j,
                 0.00000000e+00+0.00000000e+00j,
                 0.00000000e+00+0.00000000e+00j,
                 0.00000000e+00+0.00000000e+00j,
                 0.00000000e+00+0.00000000e+00j,
                 6.90915916e-08-2.48457462e-06j,
                 1.72978163e-08+5.06287650e-08j,
                 1.66507864e-07+2.37512613e-07j,
                -5.96338002e-08+8.90043506e-09j,
                 9.26982161e-06-3.82579802e-20j,
                -1.75740237e-08+4.21106244e-08j,
                -8.60454498e-07+9.13092312e-07j,
                -5.77796391e-08-5.75820283e-08j],
               [ 0.00000000e+00+0.00000000e+00j,
                 0.00000000e+00+0.00000000e+00j,
                 0.00000000e+00+0.00000000e+00j,
                 0.00000000e+00+0.00000000e+00j,
                 0.00000000e+00+0.00000000e+00j,
                 0.00000000e+00+0.00000000e+00j,
                 0.00000000e+00+0.00000000e+00j,
                 0.00000000e+00+0.00000000e+00j,
                -1.97061213e-08-3.53972800e-08j,
                 6.86282200e-07-2.39620045e-04j,
                 1.02154774e-07-3.24885191e-08j,
                 1.65663413e-04+1.67377166e-04j,
                -1.75740237e-08-4.21106244e-08j,
                 4.47133114e-04+9.66552825e-20j,
                 1.78181355e-07-5.19711238e-08j,
                -3.10716547e-04+3.09058908e-04j],
               [ 0.00000000e+00+0.00000000e+00j,
                 0.00000000e+00+0.00000000e+00j,
                 0.00000000e+00+0.00000000e+00j,
                 0.00000000e+00+0.00000000e+00j,
                 0.00000000e+00+0.00000000e+00j,
                 0.00000000e+00+0.00000000e+00j,
                 0.00000000e+00+0.00000000e+00j,
                 0.00000000e+00+0.00000000e+00j,
                -2.50542146e-07+1.50663424e-07j,
                 4.29930348e-08-1.67215138e-07j,
                 7.03739944e-08-2.81274502e-06j,
                 1.20430777e-07+1.37592598e-07j,
                -8.60454498e-07-9.13092312e-07j,
                 1.78181355e-07+5.19711238e-08j,
                 1.08934596e-05+2.23746614e-20j,
                -1.46650611e-07+1.31886407e-07j],
               [ 0.00000000e+00+0.00000000e+00j,
                 0.00000000e+00+0.00000000e+00j,
                 0.00000000e+00+0.00000000e+00j,
                 0.00000000e+00+0.00000000e+00j,
                 0.00000000e+00+0.00000000e+00j,
                 0.00000000e+00+0.00000000e+00j,
                 0.00000000e+00+0.00000000e+00j,
                 0.00000000e+00+0.00000000e+00j,
                -9.04737300e-09+4.17497485e-08j,
                -1.66197350e-04+1.66435815e-04j,
                -1.00151640e-07-5.20743935e-08j,
                 6.86292439e-07-2.39535039e-04j,
                -5.77796391e-08+5.75820283e-08j,
                -3.10716547e-04-3.09058908e-04j,
                -1.46650611e-07-1.31886407e-07j,
                 4.46881320e-04-6.00546530e-20j]],
              dims=(2, 2, 2, 2))"
data/selected_mutant_qc/mutants_qpeexact_4/qpeexact_4_Mutant_Add_rzz_P10_Q2_[5.497787143782138].qasm,PureState_11,"{'0101': 236, '0111': 260, '0011': 281, '0001': 247}","DensityMatrix([[ 5.65570196e-65+0.00000000e+00j,
                -3.61211942e-33+1.04491540e-33j,
                -1.37656760e-49+1.10024231e-49j,
                 1.81528737e-33-3.29302090e-33j,
                 1.42433516e-65+8.87208521e-66j,
                -1.04491540e-33-3.61211942e-33j,
                -2.65621990e-49-3.32332818e-49j,
                 3.29302090e-33+1.81528737e-33j,
                 0.00000000e+00+0.00000000e+00j,
                 0.00000000e+00+0.00000000e+00j,
                 0.00000000e+00+0.00000000e+00j,
                 0.00000000e+00+0.00000000e+00j,
                 0.00000000e+00+0.00000000e+00j,
                 0.00000000e+00+0.00000000e+00j,
                 0.00000000e+00+0.00000000e+00j,
                 0.00000000e+00+0.00000000e+00j],
               [-3.61211942e-33-1.04491540e-33j,
                 2.50000000e-01+0.00000000e+00j,
                 1.08244507e-17-4.48363429e-18j,
                -1.76776695e-01+1.76776695e-01j,
                -7.45762575e-34-8.29784332e-34j,
                -2.77555756e-17+2.50000000e-01j,
                 1.08244507e-17+2.61325357e-17j,
                -1.76776695e-01-1.76776695e-01j,
                 0.00000000e+00-0.00000000e+00j,
                 0.00000000e+00-0.00000000e+00j,
                 0.00000000e+00-0.00000000e+00j,
                 0.00000000e+00-0.00000000e+00j,
                 0.00000000e+00-0.00000000e+00j,
                 0.00000000e+00-0.00000000e+00j,
                 0.00000000e+00-0.00000000e+00j,
                 0.00000000e+00-0.00000000e+00j],
               [-1.37656760e-49-1.10024231e-49j,
                 1.08244507e-17+4.48363429e-18j,
                 5.49086838e-34+0.00000000e+00j,
                -1.08244507e-17+4.48363429e-18j,
                -1.74080830e-50-4.93027450e-50j,
                -4.48363429e-18+1.08244507e-17j,
                -8.55284707e-50+1.32561289e-33j,
                -4.48363429e-18-1.08244507e-17j,
                 0.00000000e+00-0.00000000e+00j,
                 0.00000000e+00-0.00000000e+00j,
                 0.00000000e+00-0.00000000e+00j,
                 0.00000000e+00-0.00000000e+00j,
                 0.00000000e+00-0.00000000e+00j,
                 0.00000000e+00-0.00000000e+00j,
                 0.00000000e+00-0.00000000e+00j,
                 0.00000000e+00-0.00000000e+00j],
               [ 1.81528737e-33+3.29302090e-33j,
                -1.76776695e-01-1.76776695e-01j,
                -1.08244507e-17-4.48363429e-18j,
                 2.50000000e-01+0.00000000e+00j,
                -5.94123539e-35+1.11407990e-33j,
                 1.76776695e-01-1.76776695e-01j,
                 1.08244507e-17-2.61325357e-17j,
                -4.16333634e-17+2.50000000e-01j,
                 0.00000000e+00+0.00000000e+00j,
                 0.00000000e+00+0.00000000e+00j,
                 0.00000000e+00+0.00000000e+00j,
                 0.00000000e+00+0.00000000e+00j,
                 0.00000000e+00+0.00000000e+00j,
                 0.00000000e+00+0.00000000e+00j,
                 0.00000000e+00+0.00000000e+00j,
                 0.00000000e+00+0.00000000e+00j],
               [ 1.42433516e-65-8.87208521e-66j,
                -7.45762575e-34+8.29784332e-34j,
                -1.74080830e-50+4.93027450e-50j,
                -5.94123539e-35-1.11407990e-33j,
                 4.97881542e-66+0.00000000e+00j,
                -8.29784332e-34-7.45762575e-34j,
                -1.19027356e-49-4.20268301e-50j,
                 1.11407990e-33-5.94123539e-35j,
                 0.00000000e+00+0.00000000e+00j,
                 0.00000000e+00+0.00000000e+00j,
                 0.00000000e+00+0.00000000e+00j,
                 0.00000000e+00+0.00000000e+00j,
                 0.00000000e+00+0.00000000e+00j,
                 0.00000000e+00+0.00000000e+00j,
                 0.00000000e+00+0.00000000e+00j,
                 0.00000000e+00+0.00000000e+00j],
               [-1.04491540e-33+3.61211942e-33j,
                -2.77555756e-17-2.50000000e-01j,
                -4.48363429e-18-1.08244507e-17j,
                 1.76776695e-01+1.76776695e-01j,
                -8.29784332e-34+7.45762575e-34j,
                 2.50000000e-01+0.00000000e+00j,
                 2.61325357e-17-1.08244507e-17j,
                -1.76776695e-01+1.76776695e-01j,
                -0.00000000e+00+0.00000000e+00j,
                -0.00000000e+00+0.00000000e+00j,
                -0.00000000e+00+0.00000000e+00j,
                -0.00000000e+00+0.00000000e+00j,
                -0.00000000e+00+0.00000000e+00j,
                -0.00000000e+00+0.00000000e+00j,
                -0.00000000e+00+0.00000000e+00j,
                -0.00000000e+00+0.00000000e+00j],
               [-2.65621990e-49+3.32332818e-49j,
                 1.08244507e-17-2.61325357e-17j,
                -8.55284707e-50-1.32561289e-33j,
                 1.08244507e-17+2.61325357e-17j,
                -1.19027356e-49+4.20268301e-50j,
                 2.61325357e-17+1.08244507e-17j,
                 3.20031262e-33+0.00000000e+00j,
                -2.61325357e-17+1.08244507e-17j,
                -0.00000000e+00+0.00000000e+00j,
                -0.00000000e+00+0.00000000e+00j,
                -0.00000000e+00+0.00000000e+00j,
                -0.00000000e+00+0.00000000e+00j,
                -0.00000000e+00+0.00000000e+00j,
                -0.00000000e+00+0.00000000e+00j,
                -0.00000000e+00+0.00000000e+00j,
                -0.00000000e+00+0.00000000e+00j],
               [ 3.29302090e-33-1.81528737e-33j,
                -1.76776695e-01+1.76776695e-01j,
                -4.48363429e-18+1.08244507e-17j,
                -4.16333634e-17-2.50000000e-01j,
                 1.11407990e-33+5.94123539e-35j,
                -1.76776695e-01-1.76776695e-01j,
                -2.61325357e-17-1.08244507e-17j,
                 2.50000000e-01+0.00000000e+00j,
                 0.00000000e+00+0.00000000e+00j,
                 0.00000000e+00+0.00000000e+00j,
                 0.00000000e+00+0.00000000e+00j,
                 0.00000000e+00+0.00000000e+00j,
                 0.00000000e+00+0.00000000e+00j,
                 0.00000000e+00+0.00000000e+00j,
                 0.00000000e+00+0.00000000e+00j,
                 0.00000000e+00+0.00000000e+00j],
               [ 0.00000000e+00-0.00000000e+00j,
                 0.00000000e+00+0.00000000e+00j,
                 0.00000000e+00+0.00000000e+00j,
                 0.00000000e+00-0.00000000e+00j,
                 0.00000000e+00+0.00000000e+00j,
                -0.00000000e+00+0.00000000e+00j,
                -0.00000000e+00+0.00000000e+00j,
                 0.00000000e+00+0.00000000e+00j,
                 0.00000000e+00+0.00000000e+00j,
                 0.00000000e+00+0.00000000e+00j,
                 0.00000000e+00+0.00000000e+00j,
                 0.00000000e+00+0.00000000e+00j,
                 0.00000000e+00+0.00000000e+00j,
                 0.00000000e+00+0.00000000e+00j,
                 0.00000000e+00+0.00000000e+00j,
                 0.00000000e+00+0.00000000e+00j],
               [ 0.00000000e+00-0.00000000e+00j,
                 0.00000000e+00+0.00000000e+00j,
                 0.00000000e+00+0.00000000e+00j,
                 0.00000000e+00-0.00000000e+00j,
                 0.00000000e+00+0.00000000e+00j,
                -0.00000000e+00+0.00000000e+00j,
                -0.00000000e+00+0.00000000e+00j,
                 0.00000000e+00+0.00000000e+00j,
                 0.00000000e+00+0.00000000e+00j,
                 0.00000000e+00+0.00000000e+00j,
                 0.00000000e+00+0.00000000e+00j,
                 0.00000000e+00+0.00000000e+00j,
                 0.00000000e+00+0.00000000e+00j,
                 0.00000000e+00+0.00000000e+00j,
                 0.00000000e+00+0.00000000e+00j,
                 0.00000000e+00+0.00000000e+00j],
               [ 0.00000000e+00-0.00000000e+00j,
                 0.00000000e+00+0.00000000e+00j,
                 0.00000000e+00+0.00000000e+00j,
                 0.00000000e+00-0.00000000e+00j,
                 0.00000000e+00+0.00000000e+00j,
                -0.00000000e+00+0.00000000e+00j,
                -0.00000000e+00+0.00000000e+00j,
                 0.00000000e+00+0.00000000e+00j,
                 0.00000000e+00+0.00000000e+00j,
                 0.00000000e+00+0.00000000e+00j,
                 0.00000000e+00+0.00000000e+00j,
                 0.00000000e+00+0.00000000e+00j,
                 0.00000000e+00+0.00000000e+00j,
                 0.00000000e+00+0.00000000e+00j,
                 0.00000000e+00+0.00000000e+00j,
                 0.00000000e+00+0.00000000e+00j],
               [ 0.00000000e+00-0.00000000e+00j,
                 0.00000000e+00+0.00000000e+00j,
                 0.00000000e+00+0.00000000e+00j,
                 0.00000000e+00-0.00000000e+00j,
                 0.00000000e+00+0.00000000e+00j,
                -0.00000000e+00+0.00000000e+00j,
                -0.00000000e+00+0.00000000e+00j,
                 0.00000000e+00+0.00000000e+00j,
                 0.00000000e+00+0.00000000e+00j,
                 0.00000000e+00+0.00000000e+00j,
                 0.00000000e+00+0.00000000e+00j,
                 0.00000000e+00+0.00000000e+00j,
                 0.00000000e+00+0.00000000e+00j,
                 0.00000000e+00+0.00000000e+00j,
                 0.00000000e+00+0.00000000e+00j,
                 0.00000000e+00+0.00000000e+00j],
               [ 0.00000000e+00-0.00000000e+00j,
                 0.00000000e+00+0.00000000e+00j,
                 0.00000000e+00+0.00000000e+00j,
                 0.00000000e+00-0.00000000e+00j,
                 0.00000000e+00+0.00000000e+00j,
                -0.00000000e+00+0.00000000e+00j,
                -0.00000000e+00+0.00000000e+00j,
                 0.00000000e+00+0.00000000e+00j,
                 0.00000000e+00+0.00000000e+00j,
                 0.00000000e+00+0.00000000e+00j,
                 0.00000000e+00+0.00000000e+00j,
                 0.00000000e+00+0.00000000e+00j,
                 0.00000000e+00+0.00000000e+00j,
                 0.00000000e+00+0.00000000e+00j,
                 0.00000000e+00+0.00000000e+00j,
                 0.00000000e+00+0.00000000e+00j],
               [ 0.00000000e+00-0.00000000e+00j,
                 0.00000000e+00+0.00000000e+00j,
                 0.00000000e+00+0.00000000e+00j,
                 0.00000000e+00-0.00000000e+00j,
                 0.00000000e+00+0.00000000e+00j,
                -0.00000000e+00+0.00000000e+00j,
                -0.00000000e+00+0.00000000e+00j,
                 0.00000000e+00+0.00000000e+00j,
                 0.00000000e+00+0.00000000e+00j,
                 0.00000000e+00+0.00000000e+00j,
                 0.00000000e+00+0.00000000e+00j,
                 0.00000000e+00+0.00000000e+00j,
                 0.00000000e+00+0.00000000e+00j,
                 0.00000000e+00+0.00000000e+00j,
                 0.00000000e+00+0.00000000e+00j,
                 0.00000000e+00+0.00000000e+00j],
               [ 0.00000000e+00-0.00000000e+00j,
                 0.00000000e+00+0.00000000e+00j,
                 0.00000000e+00+0.00000000e+00j,
                 0.00000000e+00-0.00000000e+00j,
                 0.00000000e+00+0.00000000e+00j,
                -0.00000000e+00+0.00000000e+00j,
                -0.00000000e+00+0.00000000e+00j,
                 0.00000000e+00+0.00000000e+00j,
                 0.00000000e+00+0.00000000e+00j,
                 0.00000000e+00+0.00000000e+00j,
                 0.00000000e+00+0.00000000e+00j,
                 0.00000000e+00+0.00000000e+00j,
                 0.00000000e+00+0.00000000e+00j,
                 0.00000000e+00+0.00000000e+00j,
                 0.00000000e+00+0.00000000e+00j,
                 0.00000000e+00+0.00000000e+00j],
               [ 0.00000000e+00-0.00000000e+00j,
                 0.00000000e+00+0.00000000e+00j,
                 0.00000000e+00+0.00000000e+00j,
                 0.00000000e+00-0.00000000e+00j,
                 0.00000000e+00+0.00000000e+00j,
                -0.00000000e+00+0.00000000e+00j,
                -0.00000000e+00+0.00000000e+00j,
                 0.00000000e+00+0.00000000e+00j,
                 0.00000000e+00+0.00000000e+00j,
                 0.00000000e+00+0.00000000e+00j,
                 0.00000000e+00+0.00000000e+00j,
                 0.00000000e+00+0.00000000e+00j,
                 0.00000000e+00+0.00000000e+00j,
                 0.00000000e+00+0.00000000e+00j,
                 0.00000000e+00+0.00000000e+00j,
                 0.00000000e+00+0.00000000e+00j]],
              dims=(2, 2, 2, 2))","{'0000': 4, '0100': 5, '0110': 11, '0101': 254, '0001': 244, '0011': 270, '0111': 236}","DensityMatrix([[ 1.17472385e-03-1.59230866e-17j,
                -4.58867760e-06+1.12629244e-05j,
                -1.53142775e-04+1.59528850e-04j,
                -1.52502063e-05-1.52422474e-05j,
                 3.82180482e-05+2.52854044e-03j,
                -1.94966785e-05+1.58659519e-05j,
                -2.35300331e-04-1.73656799e-04j,
                 6.89865616e-06-3.48067871e-05j,
                 0.00000000e+00+0.00000000e+00j,
                 0.00000000e+00+0.00000000e+00j,
                 0.00000000e+00+0.00000000e+00j,
                 0.00000000e+00+0.00000000e+00j,
                 0.00000000e+00+0.00000000e+00j,
                 0.00000000e+00+0.00000000e+00j,
                 0.00000000e+00+0.00000000e+00j,
                 0.00000000e+00+0.00000000e+00j],
               [-4.58867760e-06-1.12629244e-05j,
                 2.45531109e-01+6.93585639e-17j,
                 7.50626267e-05+5.43153536e-05j,
                -1.70672826e-01+1.69762276e-01j,
                 1.81151607e-05-3.13887798e-05j,
                 3.96641151e-04+2.43947264e-01j,
                 4.06662624e-05+1.25865136e-04j,
                -1.69087301e-01-1.69648448e-01j,
                 0.00000000e+00+0.00000000e+00j,
                 0.00000000e+00+0.00000000e+00j,
                 0.00000000e+00+0.00000000e+00j,
                 0.00000000e+00+0.00000000e+00j,
                 0.00000000e+00+0.00000000e+00j,
                 0.00000000e+00+0.00000000e+00j,
                 0.00000000e+00+0.00000000e+00j,
                 0.00000000e+00+0.00000000e+00j],
               [-1.53142775e-04-1.59528850e-04j,
                 7.50626267e-05-5.43153536e-05j,
                 1.55511660e-03+1.61455892e-17j,
                -1.06306032e-05+1.02956655e-04j,
                 1.89126660e-04-2.21379014e-04j,
                 7.39343565e-05+6.63264895e-05j,
                 3.89758808e-05+2.86256821e-03j,
                -1.10695423e-04+1.02184134e-05j,
                 0.00000000e+00+0.00000000e+00j,
                 0.00000000e+00+0.00000000e+00j,
                 0.00000000e+00+0.00000000e+00j,
                 0.00000000e+00+0.00000000e+00j,
                 0.00000000e+00+0.00000000e+00j,
                 0.00000000e+00+0.00000000e+00j,
                 0.00000000e+00+0.00000000e+00j,
                 0.00000000e+00+0.00000000e+00j],
               [-1.52502063e-05+1.52422474e-05j,
                -1.70672826e-01-1.69762276e-01j,
                -1.06306032e-05-1.02956655e-04j,
                 2.45540351e-01+4.16145543e-17j,
                -4.45834760e-05-1.67593686e-05j,
                 1.68766442e-01-1.70192773e-01j,
                 8.68818563e-05-1.08410008e-04j,
                 3.96639704e-04+2.43860752e-01j,
                 0.00000000e+00+0.00000000e+00j,
                 0.00000000e+00+0.00000000e+00j,
                 0.00000000e+00+0.00000000e+00j,
                 0.00000000e+00+0.00000000e+00j,
                 0.00000000e+00+0.00000000e+00j,
                 0.00000000e+00+0.00000000e+00j,
                 0.00000000e+00+0.00000000e+00j,
                 0.00000000e+00+0.00000000e+00j],
               [ 3.82180482e-05-2.52854044e-03j,
                 1.81151607e-05+3.13887798e-05j,
                 1.89126660e-04+2.21379014e-04j,
                -4.45834760e-05+1.67593686e-05j,
                 6.26110014e-03+1.85405358e-18j,
                -1.11268550e-05+2.67238278e-05j,
                -5.67963256e-04+6.03602585e-04j,
                -3.66426038e-05-3.65386307e-05j,
                 0.00000000e+00+0.00000000e+00j,
                 0.00000000e+00+0.00000000e+00j,
                 0.00000000e+00+0.00000000e+00j,
                 0.00000000e+00+0.00000000e+00j,
                 0.00000000e+00+0.00000000e+00j,
                 0.00000000e+00+0.00000000e+00j,
                 0.00000000e+00+0.00000000e+00j,
                 0.00000000e+00+0.00000000e+00j],
               [-1.94966785e-05-1.58659519e-05j,
                 3.96641151e-04-2.43947264e-01j,
                 7.39343565e-05-6.63264895e-05j,
                 1.68766442e-01+1.70192773e-01j,
                -1.11268550e-05-2.67238278e-05j,
                 2.45498022e-01-6.93610571e-17j,
                 1.17936745e-04-2.11248340e-05j,
                -1.70583422e-01+1.69673362e-01j,
                 0.00000000e+00+0.00000000e+00j,
                 0.00000000e+00+0.00000000e+00j,
                 0.00000000e+00+0.00000000e+00j,
                 0.00000000e+00+0.00000000e+00j,
                 0.00000000e+00+0.00000000e+00j,
                 0.00000000e+00+0.00000000e+00j,
                 0.00000000e+00+0.00000000e+00j,
                 0.00000000e+00+0.00000000e+00j],
               [-2.35300331e-04+1.73656799e-04j,
                 4.06662624e-05-1.25865136e-04j,
                 3.89758808e-05-2.86256821e-03j,
                 8.68818563e-05+1.08410008e-04j,
                -5.67963256e-04-6.03602585e-04j,
                 1.17936745e-04+2.11248340e-05j,
                 7.30541661e-03-2.93193269e-18j,
                -8.81198275e-05+9.55156008e-05j,
                 0.00000000e+00+0.00000000e+00j,
                 0.00000000e+00+0.00000000e+00j,
                 0.00000000e+00+0.00000000e+00j,
                 0.00000000e+00+0.00000000e+00j,
                 0.00000000e+00+0.00000000e+00j,
                 0.00000000e+00+0.00000000e+00j,
                 0.00000000e+00+0.00000000e+00j,
                 0.00000000e+00+0.00000000e+00j],
               [ 6.89865616e-06+3.48067871e-05j,
                -1.69087301e-01+1.69648448e-01j,
                -1.10695423e-04-1.02184134e-05j,
                 3.96639704e-04-2.43860752e-01j,
                -3.66426038e-05+3.65386307e-05j,
                -1.70583422e-01-1.69673362e-01j,
                -8.81198275e-05-9.55156008e-05j,
                 2.45315633e-01-4.16171084e-17j,
                 0.00000000e+00+0.00000000e+00j,
                 0.00000000e+00+0.00000000e+00j,
                 0.00000000e+00+0.00000000e+00j,
                 0.00000000e+00+0.00000000e+00j,
                 0.00000000e+00+0.00000000e+00j,
                 0.00000000e+00+0.00000000e+00j,
                 0.00000000e+00+0.00000000e+00j,
                 0.00000000e+00+0.00000000e+00j],
               [ 0.00000000e+00+0.00000000e+00j,
                 0.00000000e+00+0.00000000e+00j,
                 0.00000000e+00+0.00000000e+00j,
                 0.00000000e+00+0.00000000e+00j,
                 0.00000000e+00+0.00000000e+00j,
                 0.00000000e+00+0.00000000e+00j,
                 0.00000000e+00+0.00000000e+00j,
                 0.00000000e+00+0.00000000e+00j,
                 9.27316226e-06-4.25216369e-20j,
                -1.75160721e-08+4.22467678e-08j,
                -8.60781980e-07+9.13444414e-07j,
                -5.77539107e-08-5.76128741e-08j,
                 6.90915318e-08-2.48083706e-06j,
                 1.72852686e-08+5.05912116e-08j,
                 1.66194842e-07+2.37208191e-07j,
                -5.96233328e-08+8.91820283e-09j],
               [ 0.00000000e+00+0.00000000e+00j,
                 0.00000000e+00+0.00000000e+00j,
                 0.00000000e+00+0.00000000e+00j,
                 0.00000000e+00+0.00000000e+00j,
                 0.00000000e+00+0.00000000e+00j,
                 0.00000000e+00+0.00000000e+00j,
                 0.00000000e+00+0.00000000e+00j,
                 0.00000000e+00+0.00000000e+00j,
                -1.75160721e-08-4.22467678e-08j,
                 4.47536925e-04+8.92459035e-20j,
                 2.22561590e-07+5.59288084e-08j,
                -3.10997480e-04+3.09338276e-04j,
                -1.94449881e-08-3.52971048e-08j,
                 6.86298443e-07-2.39430909e-04j,
                -2.97042628e-08+2.19564152e-08j,
                 1.65532439e-04+1.67245458e-04j],
               [ 0.00000000e+00+0.00000000e+00j,
                 0.00000000e+00+0.00000000e+00j,
                 0.00000000e+00+0.00000000e+00j,
                 0.00000000e+00+0.00000000e+00j,
                 0.00000000e+00+0.00000000e+00j,
                 0.00000000e+00+0.00000000e+00j,
                 0.00000000e+00+0.00000000e+00j,
                 0.00000000e+00+0.00000000e+00j,
                -8.60781980e-07-9.13444414e-07j,
                 2.22561590e-07-5.59288084e-08j,
                 1.08971922e-05+3.95521272e-20j,
                -1.02208638e-07+2.39872353e-07j,
                -2.50229131e-07+1.50358941e-07j,
                 2.60714841e-08-1.74184648e-07j,
                 7.03415774e-08-2.80880632e-06j,
                 1.37303767e-07+1.30379538e-07j],
               [ 0.00000000e+00+0.00000000e+00j,
                 0.00000000e+00+0.00000000e+00j,
                 0.00000000e+00+0.00000000e+00j,
                 0.00000000e+00+0.00000000e+00j,
                 0.00000000e+00+0.00000000e+00j,
                 0.00000000e+00+0.00000000e+00j,
                 0.00000000e+00+0.00000000e+00j,
                 0.00000000e+00+0.00000000e+00j,
                -5.77539107e-08+5.76128741e-08j,
                -3.10997480e-04-3.09338276e-04j,
                -1.02208638e-07-2.39872353e-07j,
                 4.47285082e-04-8.49467649e-20j,
                -9.13542858e-09+4.17148947e-08j,
                -1.66066400e-04+1.66304085e-04j,
                 3.18440080e-08+2.53199457e-09j,
                 6.86308673e-07-2.39346018e-04j],
               [ 0.00000000e+00+0.00000000e+00j,
                 0.00000000e+00+0.00000000e+00j,
                 0.00000000e+00+0.00000000e+00j,
                 0.00000000e+00+0.00000000e+00j,
                 0.00000000e+00+0.00000000e+00j,
                 0.00000000e+00+0.00000000e+00j,
                 0.00000000e+00+0.00000000e+00j,
                 0.00000000e+00+0.00000000e+00j,
                 6.90915318e-08+2.48083706e-06j,
                -1.94449881e-08+3.52971048e-08j,
                -2.50229131e-07-1.50358941e-07j,
                -9.13542858e-09-4.17148947e-08j,
                 4.27372533e-06-1.68440882e-20j,
                -1.12715858e-08+2.67532383e-08j,
                -4.52963881e-07+4.76864772e-07j,
                -3.68094983e-08-3.65892860e-08j],
               [ 0.00000000e+00+0.00000000e+00j,
                 0.00000000e+00+0.00000000e+00j,
                 0.00000000e+00+0.00000000e+00j,
                 0.00000000e+00+0.00000000e+00j,
                 0.00000000e+00+0.00000000e+00j,
                 0.00000000e+00+0.00000000e+00j,
                 0.00000000e+00+0.00000000e+00j,
                 0.00000000e+00+0.00000000e+00j,
                 1.72852686e-08-5.05912116e-08j,
                 6.86298443e-07+2.39430909e-04j,
                 2.60714841e-08+1.74184648e-07j,
                -1.66066400e-04-1.66304085e-04j,
                -1.12715858e-08-2.67532383e-08j,
                 4.47039350e-04-2.32379213e-20j,
                 9.24663910e-08-8.34958012e-08j,
                -3.10716587e-04+3.09058937e-04j],
               [ 0.00000000e+00+0.00000000e+00j,
                 0.00000000e+00+0.00000000e+00j,
                 0.00000000e+00+0.00000000e+00j,
                 0.00000000e+00+0.00000000e+00j,
                 0.00000000e+00+0.00000000e+00j,
                 0.00000000e+00+0.00000000e+00j,
                 0.00000000e+00+0.00000000e+00j,
                 0.00000000e+00+0.00000000e+00j,
                 1.66194842e-07-2.37208191e-07j,
                -2.97042628e-08-2.19564152e-08j,
                 7.03415774e-08+2.80880632e-06j,
                 3.18440080e-08-2.53199457e-09j,
                -4.52963881e-07-4.76864772e-07j,
                 9.24663910e-08+8.34958012e-08j,
                 5.24528683e-06+2.05237543e-20j,
                -1.14199452e-07+3.34336064e-08j],
               [ 0.00000000e+00+0.00000000e+00j,
                 0.00000000e+00+0.00000000e+00j,
                 0.00000000e+00+0.00000000e+00j,
                 0.00000000e+00+0.00000000e+00j,
                 0.00000000e+00+0.00000000e+00j,
                 0.00000000e+00+0.00000000e+00j,
                 0.00000000e+00+0.00000000e+00j,
                 0.00000000e+00+0.00000000e+00j,
                -5.96233328e-08-8.91820283e-09j,
                 1.65532439e-04-1.67245458e-04j,
                 1.37303767e-07-1.30379538e-07j,
                 6.86308673e-07+2.39346018e-04j,
                -3.68094983e-08+3.65892860e-08j,
                -3.10716587e-04-3.09058937e-04j,
                -1.14199452e-07-3.34336064e-08j,
                 4.46975746e-04+4.26312100e-20j]],
              dims=(2, 2, 2, 2))"
data/selected_mutant_qc/mutants_qpeexact_4/qpeexact_4_Mutant_Add_rzz_P10_Q2_[5.497787143782138].qasm,PureState_12,"{'0001': 265, '0111': 257, '0011': 248, '0101': 254}","DensityMatrix([[ 0.00000000e+00+0.00000000e+00j,
                 0.00000000e+00+0.00000000e+00j,
                 0.00000000e+00+0.00000000e+00j,
                 0.00000000e+00+0.00000000e+00j,
                 0.00000000e+00+0.00000000e+00j,
                 0.00000000e+00+0.00000000e+00j,
                 0.00000000e+00+0.00000000e+00j,
                 0.00000000e+00+0.00000000e+00j,
                 0.00000000e+00+0.00000000e+00j,
                -0.00000000e+00+0.00000000e+00j,
                 0.00000000e+00-0.00000000e+00j,
                -0.00000000e+00+0.00000000e+00j,
                -0.00000000e+00+0.00000000e+00j,
                 0.00000000e+00-0.00000000e+00j,
                 0.00000000e+00+0.00000000e+00j,
                 0.00000000e+00-0.00000000e+00j],
               [ 0.00000000e+00+0.00000000e+00j,
                 0.00000000e+00+0.00000000e+00j,
                 0.00000000e+00+0.00000000e+00j,
                 0.00000000e+00+0.00000000e+00j,
                 0.00000000e+00+0.00000000e+00j,
                 0.00000000e+00+0.00000000e+00j,
                 0.00000000e+00+0.00000000e+00j,
                 0.00000000e+00+0.00000000e+00j,
                 0.00000000e+00+0.00000000e+00j,
                -0.00000000e+00+0.00000000e+00j,
                 0.00000000e+00-0.00000000e+00j,
                -0.00000000e+00+0.00000000e+00j,
                -0.00000000e+00+0.00000000e+00j,
                 0.00000000e+00-0.00000000e+00j,
                 0.00000000e+00+0.00000000e+00j,
                 0.00000000e+00-0.00000000e+00j],
               [ 0.00000000e+00+0.00000000e+00j,
                 0.00000000e+00+0.00000000e+00j,
                 0.00000000e+00+0.00000000e+00j,
                 0.00000000e+00+0.00000000e+00j,
                 0.00000000e+00+0.00000000e+00j,
                 0.00000000e+00+0.00000000e+00j,
                 0.00000000e+00+0.00000000e+00j,
                 0.00000000e+00+0.00000000e+00j,
                 0.00000000e+00+0.00000000e+00j,
                -0.00000000e+00+0.00000000e+00j,
                 0.00000000e+00-0.00000000e+00j,
                -0.00000000e+00+0.00000000e+00j,
                -0.00000000e+00+0.00000000e+00j,
                 0.00000000e+00-0.00000000e+00j,
                 0.00000000e+00+0.00000000e+00j,
                 0.00000000e+00-0.00000000e+00j],
               [ 0.00000000e+00+0.00000000e+00j,
                 0.00000000e+00+0.00000000e+00j,
                 0.00000000e+00+0.00000000e+00j,
                 0.00000000e+00+0.00000000e+00j,
                 0.00000000e+00+0.00000000e+00j,
                 0.00000000e+00+0.00000000e+00j,
                 0.00000000e+00+0.00000000e+00j,
                 0.00000000e+00+0.00000000e+00j,
                 0.00000000e+00+0.00000000e+00j,
                -0.00000000e+00+0.00000000e+00j,
                 0.00000000e+00-0.00000000e+00j,
                -0.00000000e+00+0.00000000e+00j,
                -0.00000000e+00+0.00000000e+00j,
                 0.00000000e+00-0.00000000e+00j,
                 0.00000000e+00+0.00000000e+00j,
                 0.00000000e+00-0.00000000e+00j],
               [ 0.00000000e+00+0.00000000e+00j,
                 0.00000000e+00+0.00000000e+00j,
                 0.00000000e+00+0.00000000e+00j,
                 0.00000000e+00+0.00000000e+00j,
                 0.00000000e+00+0.00000000e+00j,
                 0.00000000e+00+0.00000000e+00j,
                 0.00000000e+00+0.00000000e+00j,
                 0.00000000e+00+0.00000000e+00j,
                 0.00000000e+00+0.00000000e+00j,
                -0.00000000e+00+0.00000000e+00j,
                 0.00000000e+00-0.00000000e+00j,
                -0.00000000e+00+0.00000000e+00j,
                -0.00000000e+00+0.00000000e+00j,
                 0.00000000e+00-0.00000000e+00j,
                 0.00000000e+00+0.00000000e+00j,
                 0.00000000e+00-0.00000000e+00j],
               [ 0.00000000e+00+0.00000000e+00j,
                 0.00000000e+00+0.00000000e+00j,
                 0.00000000e+00+0.00000000e+00j,
                 0.00000000e+00+0.00000000e+00j,
                 0.00000000e+00+0.00000000e+00j,
                 0.00000000e+00+0.00000000e+00j,
                 0.00000000e+00+0.00000000e+00j,
                 0.00000000e+00+0.00000000e+00j,
                 0.00000000e+00+0.00000000e+00j,
                -0.00000000e+00+0.00000000e+00j,
                 0.00000000e+00-0.00000000e+00j,
                -0.00000000e+00+0.00000000e+00j,
                -0.00000000e+00+0.00000000e+00j,
                 0.00000000e+00-0.00000000e+00j,
                 0.00000000e+00+0.00000000e+00j,
                 0.00000000e+00-0.00000000e+00j],
               [ 0.00000000e+00+0.00000000e+00j,
                 0.00000000e+00+0.00000000e+00j,
                 0.00000000e+00+0.00000000e+00j,
                 0.00000000e+00+0.00000000e+00j,
                 0.00000000e+00+0.00000000e+00j,
                 0.00000000e+00+0.00000000e+00j,
                 0.00000000e+00+0.00000000e+00j,
                 0.00000000e+00+0.00000000e+00j,
                 0.00000000e+00+0.00000000e+00j,
                -0.00000000e+00+0.00000000e+00j,
                 0.00000000e+00-0.00000000e+00j,
                -0.00000000e+00+0.00000000e+00j,
                -0.00000000e+00+0.00000000e+00j,
                 0.00000000e+00-0.00000000e+00j,
                 0.00000000e+00+0.00000000e+00j,
                 0.00000000e+00-0.00000000e+00j],
               [ 0.00000000e+00+0.00000000e+00j,
                 0.00000000e+00+0.00000000e+00j,
                 0.00000000e+00+0.00000000e+00j,
                 0.00000000e+00+0.00000000e+00j,
                 0.00000000e+00+0.00000000e+00j,
                 0.00000000e+00+0.00000000e+00j,
                 0.00000000e+00+0.00000000e+00j,
                 0.00000000e+00+0.00000000e+00j,
                 0.00000000e+00+0.00000000e+00j,
                -0.00000000e+00+0.00000000e+00j,
                 0.00000000e+00-0.00000000e+00j,
                -0.00000000e+00+0.00000000e+00j,
                -0.00000000e+00+0.00000000e+00j,
                 0.00000000e+00-0.00000000e+00j,
                 0.00000000e+00+0.00000000e+00j,
                 0.00000000e+00-0.00000000e+00j],
               [ 0.00000000e+00-0.00000000e+00j,
                 0.00000000e+00-0.00000000e+00j,
                 0.00000000e+00-0.00000000e+00j,
                 0.00000000e+00-0.00000000e+00j,
                 0.00000000e+00-0.00000000e+00j,
                 0.00000000e+00-0.00000000e+00j,
                 0.00000000e+00-0.00000000e+00j,
                 0.00000000e+00-0.00000000e+00j,
                 5.49086838e-34+0.00000000e+00j,
                -1.08244507e-17+4.48363429e-18j,
                -2.33974252e-50-4.23510449e-51j,
                -4.48363429e-18+1.08244507e-17j,
                 5.16776978e-49+1.32561289e-33j,
                -4.48363429e-18-1.08244507e-17j,
                 1.04567804e-49+3.78569764e-50j,
                -1.08244507e-17-4.48363429e-18j],
               [-0.00000000e+00+0.00000000e+00j,
                -0.00000000e+00+0.00000000e+00j,
                -0.00000000e+00+0.00000000e+00j,
                -0.00000000e+00+0.00000000e+00j,
                -0.00000000e+00+0.00000000e+00j,
                -0.00000000e+00+0.00000000e+00j,
                -0.00000000e+00+0.00000000e+00j,
                -0.00000000e+00+0.00000000e+00j,
                -1.08244507e-17-4.48363429e-18j,
                 2.50000000e-01+0.00000000e+00j,
                 4.26664054e-34+2.74543419e-34j,
                 1.76776695e-01-1.76776695e-01j,
                 1.08244507e-17-2.61325357e-17j,
                -2.77555756e-17+2.50000000e-01j,
                -1.75227694e-33-1.60015631e-33j,
                 1.76776695e-01+1.76776695e-01j],
               [ 0.00000000e+00+0.00000000e+00j,
                 0.00000000e+00+0.00000000e+00j,
                 0.00000000e+00+0.00000000e+00j,
                 0.00000000e+00+0.00000000e+00j,
                 0.00000000e+00+0.00000000e+00j,
                 0.00000000e+00+0.00000000e+00j,
                 0.00000000e+00+0.00000000e+00j,
                 0.00000000e+00+0.00000000e+00j,
                -2.33974252e-50+4.23510449e-51j,
                 4.26664054e-34-2.74543419e-34j,
                 1.02966521e-66+0.00000000e+00j,
                 1.07565532e-34-4.95828559e-34j,
                -1.02244467e-50-5.64863813e-50j,
                 2.74543419e-34+4.26664054e-34j,
                -4.74778387e-66-8.06612298e-67j,
                 4.95828559e-34+1.07565532e-34j],
               [-0.00000000e+00+0.00000000e+00j,
                -0.00000000e+00+0.00000000e+00j,
                -0.00000000e+00+0.00000000e+00j,
                -0.00000000e+00+0.00000000e+00j,
                -0.00000000e+00+0.00000000e+00j,
                -0.00000000e+00+0.00000000e+00j,
                -0.00000000e+00+0.00000000e+00j,
                -0.00000000e+00+0.00000000e+00j,
                -4.48363429e-18-1.08244507e-17j,
                 1.76776695e-01+1.76776695e-01j,
                 1.07565532e-34+4.95828559e-34j,
                 2.50000000e-01+0.00000000e+00j,
                 2.61325357e-17-1.08244507e-17j,
                -1.76776695e-01+1.76776695e-01j,
                -1.07565532e-34-2.37052829e-33j,
                 5.55111512e-17+2.50000000e-01j],
               [-0.00000000e+00+0.00000000e+00j,
                -0.00000000e+00+0.00000000e+00j,
                -0.00000000e+00+0.00000000e+00j,
                -0.00000000e+00+0.00000000e+00j,
                -0.00000000e+00+0.00000000e+00j,
                -0.00000000e+00+0.00000000e+00j,
                -0.00000000e+00+0.00000000e+00j,
                -0.00000000e+00+0.00000000e+00j,
                 5.16776978e-49-1.32561289e-33j,
                 1.08244507e-17+2.61325357e-17j,
                -1.02244467e-50+5.64863813e-50j,
                 2.61325357e-17+1.08244507e-17j,
                 3.20031262e-33+0.00000000e+00j,
                -2.61325357e-17+1.08244507e-17j,
                 9.13948259e-50-2.52449012e-49j,
                -1.08244507e-17+2.61325357e-17j],
               [ 0.00000000e+00+0.00000000e+00j,
                 0.00000000e+00+0.00000000e+00j,
                 0.00000000e+00+0.00000000e+00j,
                 0.00000000e+00+0.00000000e+00j,
                 0.00000000e+00+0.00000000e+00j,
                 0.00000000e+00+0.00000000e+00j,
                 0.00000000e+00+0.00000000e+00j,
                 0.00000000e+00+0.00000000e+00j,
                -4.48363429e-18+1.08244507e-17j,
                -2.77555756e-17-2.50000000e-01j,
                 2.74543419e-34-4.26664054e-34j,
                -1.76776695e-01-1.76776695e-01j,
                -2.61325357e-17-1.08244507e-17j,
                 2.50000000e-01+0.00000000e+00j,
                -1.60015631e-33+1.75227694e-33j,
                 1.76776695e-01-1.76776695e-01j],
               [ 0.00000000e+00-0.00000000e+00j,
                 0.00000000e+00-0.00000000e+00j,
                 0.00000000e+00-0.00000000e+00j,
                 0.00000000e+00-0.00000000e+00j,
                 0.00000000e+00-0.00000000e+00j,
                 0.00000000e+00-0.00000000e+00j,
                 0.00000000e+00-0.00000000e+00j,
                 0.00000000e+00-0.00000000e+00j,
                 1.04567804e-49-3.78569764e-50j,
                -1.75227694e-33+1.60015631e-33j,
                -4.74778387e-66+8.06612298e-67j,
                -1.07565532e-34+2.37052829e-33j,
                 9.13948259e-50+2.52449012e-49j,
                -1.60015631e-33-1.75227694e-33j,
                 2.25238988e-65+0.00000000e+00j,
                -2.37052829e-33-1.07565532e-34j],
               [ 0.00000000e+00+0.00000000e+00j,
                 0.00000000e+00+0.00000000e+00j,
                 0.00000000e+00+0.00000000e+00j,
                 0.00000000e+00+0.00000000e+00j,
                 0.00000000e+00+0.00000000e+00j,
                 0.00000000e+00+0.00000000e+00j,
                 0.00000000e+00+0.00000000e+00j,
                 0.00000000e+00+0.00000000e+00j,
                -1.08244507e-17+4.48363429e-18j,
                 1.76776695e-01-1.76776695e-01j,
                 4.95828559e-34-1.07565532e-34j,
                 5.55111512e-17-2.50000000e-01j,
                -1.08244507e-17-2.61325357e-17j,
                 1.76776695e-01+1.76776695e-01j,
                -2.37052829e-33+1.07565532e-34j,
                 2.50000000e-01+0.00000000e+00j]],
              dims=(2, 2, 2, 2))","{'0000': 3, '0010': 1, '0100': 14, '0101': 257, '0110': 10, '0001': 243, '0011': 244, '0111': 252}","DensityMatrix([[ 9.09259737e-06-3.15725536e-20j,
                -8.43985049e-08+2.15583871e-07j,
                 7.65057132e-07-7.21685918e-07j,
                 5.70448265e-08+1.95374605e-07j,
                 6.48550672e-08-1.60921799e-06j,
                 8.52798787e-08+1.06866391e-07j,
                -7.34534546e-08-1.54864732e-07j,
                 1.24826088e-07+3.74727911e-08j,
                 0.00000000e+00+0.00000000e+00j,
                 0.00000000e+00+0.00000000e+00j,
                 0.00000000e+00+0.00000000e+00j,
                 0.00000000e+00+0.00000000e+00j,
                 0.00000000e+00+0.00000000e+00j,
                 0.00000000e+00+0.00000000e+00j,
                 0.00000000e+00+0.00000000e+00j,
                 0.00000000e+00+0.00000000e+00j],
               [-8.43985049e-08-2.15583871e-07j,
                 4.14083126e-04+2.91296843e-20j,
                -4.96142177e-08-4.96989160e-08j,
                 2.86136481e-04-2.87821907e-04j,
                 4.50886087e-08-2.23450565e-08j,
                 6.20168152e-07-1.37216674e-04j,
                -2.96347888e-08-1.73118603e-08j,
                -9.54429461e-05-9.51907505e-05j,
                 0.00000000e+00+0.00000000e+00j,
                 0.00000000e+00+0.00000000e+00j,
                 0.00000000e+00+0.00000000e+00j,
                 0.00000000e+00+0.00000000e+00j,
                 0.00000000e+00+0.00000000e+00j,
                 0.00000000e+00+0.00000000e+00j,
                 0.00000000e+00+0.00000000e+00j,
                 0.00000000e+00+0.00000000e+00j],
               [ 7.65057132e-07+7.21685918e-07j,
                -4.96142177e-08+4.96989160e-08j,
                 7.69679157e-06+3.54014057e-20j,
                -1.50281170e-08+3.63206495e-08j,
                 1.47406087e-07-8.25312989e-08j,
                -6.14530684e-10+4.62318208e-08j,
                 6.36838642e-08-1.42128664e-06j,
                 9.48029413e-09+4.41050191e-08j,
                 0.00000000e+00+0.00000000e+00j,
                 0.00000000e+00+0.00000000e+00j,
                 0.00000000e+00+0.00000000e+00j,
                 0.00000000e+00+0.00000000e+00j,
                 0.00000000e+00+0.00000000e+00j,
                 0.00000000e+00+0.00000000e+00j,
                 0.00000000e+00+0.00000000e+00j,
                 0.00000000e+00+0.00000000e+00j],
               [ 5.70448265e-08-1.95374605e-07j,
                 2.86136481e-04+2.87821907e-04j,
                -1.50281170e-08-3.63206495e-08j,
                 4.13881962e-04-1.35099484e-20j,
                 4.59276909e-08+1.47290492e-08j,
                 9.57034205e-05-9.48376727e-05j,
                -1.15817770e-08-3.53333487e-08j,
                 6.19867021e-07-1.37167999e-04j,
                 0.00000000e+00+0.00000000e+00j,
                 0.00000000e+00+0.00000000e+00j,
                 0.00000000e+00+0.00000000e+00j,
                 0.00000000e+00+0.00000000e+00j,
                 0.00000000e+00+0.00000000e+00j,
                 0.00000000e+00+0.00000000e+00j,
                 0.00000000e+00+0.00000000e+00j,
                 0.00000000e+00+0.00000000e+00j],
               [ 6.48550672e-08+1.60921799e-06j,
                 4.50886087e-08+2.23450565e-08j,
                 1.47406087e-07+8.25312989e-08j,
                 4.59276909e-08-1.47290492e-08j,
                 5.84867078e-06-1.54672304e-20j,
                -1.11422935e-07+4.82825915e-08j,
                 5.15810208e-07-4.88936831e-07j,
                -7.17095463e-08+1.00655994e-07j,
                 0.00000000e+00+0.00000000e+00j,
                 0.00000000e+00+0.00000000e+00j,
                 0.00000000e+00+0.00000000e+00j,
                 0.00000000e+00+0.00000000e+00j,
                 0.00000000e+00+0.00000000e+00j,
                 0.00000000e+00+0.00000000e+00j,
                 0.00000000e+00+0.00000000e+00j,
                 0.00000000e+00+0.00000000e+00j],
               [ 8.52798787e-08-1.06866391e-07j,
                 6.20168152e-07+1.37216674e-04j,
                -6.14530684e-10-4.62318208e-08j,
                 9.57034205e-05+9.48376727e-05j,
                -1.11422935e-07-4.82825915e-08j,
                 4.13618524e-04+2.16758517e-20j,
                -3.75341355e-08-3.77043059e-08j,
                 2.85852274e-04-2.87536028e-04j,
                 0.00000000e+00+0.00000000e+00j,
                 0.00000000e+00+0.00000000e+00j,
                 0.00000000e+00+0.00000000e+00j,
                 0.00000000e+00+0.00000000e+00j,
                 0.00000000e+00+0.00000000e+00j,
                 0.00000000e+00+0.00000000e+00j,
                 0.00000000e+00+0.00000000e+00j,
                 0.00000000e+00+0.00000000e+00j],
               [-7.34534546e-08+1.54864732e-07j,
                -2.96347888e-08+1.73118603e-08j,
                 6.36838642e-08+1.42128664e-06j,
                -1.15817770e-08+3.53333487e-08j,
                 5.15810208e-07+4.88936831e-07j,
                -3.75341355e-08+3.77043059e-08j,
                 4.83182485e-06-1.67784486e-21j,
                -1.15006003e-08+2.74278282e-08j,
                 0.00000000e+00+0.00000000e+00j,
                 0.00000000e+00+0.00000000e+00j,
                 0.00000000e+00+0.00000000e+00j,
                 0.00000000e+00+0.00000000e+00j,
                 0.00000000e+00+0.00000000e+00j,
                 0.00000000e+00+0.00000000e+00j,
                 0.00000000e+00+0.00000000e+00j,
                 0.00000000e+00+0.00000000e+00j],
               [ 1.24826088e-07-3.74727911e-08j,
                -9.54429461e-05+9.51907505e-05j,
                 9.48029413e-09-4.41050191e-08j,
                 6.19867021e-07+1.37167999e-04j,
                -7.17095463e-08-1.00655994e-07j,
                 2.85852274e-04+2.87536028e-04j,
                -1.15006003e-08-2.74278282e-08j,
                 4.13525282e-04+2.08949202e-21j,
                 0.00000000e+00+0.00000000e+00j,
                 0.00000000e+00+0.00000000e+00j,
                 0.00000000e+00+0.00000000e+00j,
                 0.00000000e+00+0.00000000e+00j,
                 0.00000000e+00+0.00000000e+00j,
                 0.00000000e+00+0.00000000e+00j,
                 0.00000000e+00+0.00000000e+00j,
                 0.00000000e+00+0.00000000e+00j],
               [ 0.00000000e+00+0.00000000e+00j,
                 0.00000000e+00+0.00000000e+00j,
                 0.00000000e+00+0.00000000e+00j,
                 0.00000000e+00+0.00000000e+00j,
                 0.00000000e+00+0.00000000e+00j,
                 0.00000000e+00+0.00000000e+00j,
                 0.00000000e+00+0.00000000e+00j,
                 0.00000000e+00+0.00000000e+00j,
                 1.55370994e-03-4.94416865e-18j,
                -1.06166239e-05+1.03041381e-04j,
                 1.58855384e-04-1.52651365e-04j,
                 5.43211443e-05+7.50652278e-05j,
                 3.89943606e-05+2.86634005e-03j,
                -1.10877040e-04+1.01763248e-05j,
                 2.18709677e-04+1.89955435e-04j,
                -6.64196568e-05+7.39359615e-05j],
               [ 0.00000000e+00+0.00000000e+00j,
                 0.00000000e+00+0.00000000e+00j,
                 0.00000000e+00+0.00000000e+00j,
                 0.00000000e+00+0.00000000e+00j,
                 0.00000000e+00+0.00000000e+00j,
                 0.00000000e+00+0.00000000e+00j,
                 0.00000000e+00+0.00000000e+00j,
                 0.00000000e+00+0.00000000e+00j,
                -1.06166239e-05-1.03041381e-04j,
                 2.45651319e-01-7.72542750e-18j,
                -1.52220832e-05-1.52326783e-05j,
                 1.69792131e-01-1.70792249e-01j,
                 8.69894319e-05-1.08542870e-04j,
                 3.96788922e-04+2.44173411e-01j,
                 1.68184399e-05-4.45876221e-05j,
                 1.70167121e-01+1.68950402e-01j],
               [ 0.00000000e+00+0.00000000e+00j,
                 0.00000000e+00+0.00000000e+00j,
                 0.00000000e+00+0.00000000e+00j,
                 0.00000000e+00+0.00000000e+00j,
                 0.00000000e+00+0.00000000e+00j,
                 0.00000000e+00+0.00000000e+00j,
                 0.00000000e+00+0.00000000e+00j,
                 0.00000000e+00+0.00000000e+00j,
                 1.58855384e-04+1.52651365e-04j,
                -1.52220832e-05+1.52326783e-05j,
                 1.17429383e-03-5.03712607e-18j,
                -4.61743368e-06+1.12402682e-05j,
                -1.74758210e-04+2.32941174e-04j,
                -3.48011780e-05-6.94427081e-06j,
                 3.82100958e-05+2.53185128e-03j,
                -1.94537449e-05+1.58507598e-05j],
               [ 0.00000000e+00+0.00000000e+00j,
                 0.00000000e+00+0.00000000e+00j,
                 0.00000000e+00+0.00000000e+00j,
                 0.00000000e+00+0.00000000e+00j,
                 0.00000000e+00+0.00000000e+00j,
                 0.00000000e+00+0.00000000e+00j,
                 0.00000000e+00+0.00000000e+00j,
                 0.00000000e+00+0.00000000e+00j,
                 5.43211443e-05-7.50652278e-05j,
                 1.69792131e-01+1.70792249e-01j,
                -4.61743368e-06-1.12402682e-05j,
                 2.45659796e-01-3.54074370e-17j,
                 1.25960614e-04-4.06636214e-05j,
                -1.69972642e-01+1.69200039e-01j,
                 1.80828079e-05-3.13607332e-05j,
                 3.96600016e-04+2.44086674e-01j],
               [ 0.00000000e+00+0.00000000e+00j,
                 0.00000000e+00+0.00000000e+00j,
                 0.00000000e+00+0.00000000e+00j,
                 0.00000000e+00+0.00000000e+00j,
                 0.00000000e+00+0.00000000e+00j,
                 0.00000000e+00+0.00000000e+00j,
                 0.00000000e+00+0.00000000e+00j,
                 0.00000000e+00+0.00000000e+00j,
                 3.89943606e-05-2.86634005e-03j,
                 8.69894319e-05+1.08542870e-04j,
                -1.74758210e-04-2.32941174e-04j,
                 1.25960614e-04+4.06636214e-05j,
                 7.31132273e-03-1.92430770e-17j,
                -8.81808628e-05+9.55703695e-05j,
                 6.01110996e-04-5.65636859e-04j,
                -2.11284368e-05+1.17938963e-04j],
               [ 0.00000000e+00+0.00000000e+00j,
                 0.00000000e+00+0.00000000e+00j,
                 0.00000000e+00+0.00000000e+00j,
                 0.00000000e+00+0.00000000e+00j,
                 0.00000000e+00+0.00000000e+00j,
                 0.00000000e+00+0.00000000e+00j,
                 0.00000000e+00+0.00000000e+00j,
                 0.00000000e+00+0.00000000e+00j,
                -1.10877040e-04-1.01763248e-05j,
                 3.96788922e-04-2.44173411e-01j,
                -3.48011780e-05+6.94427081e-06j,
                -1.69972642e-01-1.69200039e-01j,
                -8.81808628e-05-9.55703695e-05j,
                 2.45445442e-01+7.54767967e-17j,
                -3.65185505e-05-3.66275470e-05j,
                 1.69583593e-01-1.70582471e-01j],
               [ 0.00000000e+00+0.00000000e+00j,
                 0.00000000e+00+0.00000000e+00j,
                 0.00000000e+00+0.00000000e+00j,
                 0.00000000e+00+0.00000000e+00j,
                 0.00000000e+00+0.00000000e+00j,
                 0.00000000e+00+0.00000000e+00j,
                 0.00000000e+00+0.00000000e+00j,
                 0.00000000e+00+0.00000000e+00j,
                 2.18709677e-04-1.89955435e-04j,
                 1.68184399e-05+4.45876221e-05j,
                 3.82100958e-05-2.53185128e-03j,
                 1.80828079e-05+3.13607332e-05j,
                 6.01110996e-04+5.65636859e-04j,
                -3.65185505e-05+3.66275470e-05j,
                 6.25925018e-03+2.91998954e-17j,
                -1.10562974e-05+2.66641413e-05j],
               [ 0.00000000e+00+0.00000000e+00j,
                 0.00000000e+00+0.00000000e+00j,
                 0.00000000e+00+0.00000000e+00j,
                 0.00000000e+00+0.00000000e+00j,
                 0.00000000e+00+0.00000000e+00j,
                 0.00000000e+00+0.00000000e+00j,
                 0.00000000e+00+0.00000000e+00j,
                 0.00000000e+00+0.00000000e+00j,
                -6.64196568e-05-7.39359615e-05j,
                 1.70167121e-01-1.68950402e-01j,
                -1.94537449e-05-1.58507598e-05j,
                 3.96600016e-04-2.44086674e-01j,
                -2.11284368e-05-1.17938963e-04j,
                 1.69583593e-01+1.70582471e-01j,
                -1.10562974e-05-2.66641413e-05j,
                 2.45262287e-01-7.65617229e-18j]],
              dims=(2, 2, 2, 2))"
data/selected_mutant_qc/mutants_qpeexact_4/qpeexact_4_Mutant_Add_rzz_P10_Q2_[5.497787143782138].qasm,PureState_13,"{'0101': 256, '0001': 248, '0011': 249, '0111': 271}","DensityMatrix([[ 0.00000000e+00+0.00000000e+00j,
                 0.00000000e+00+0.00000000e+00j,
                 0.00000000e+00+0.00000000e+00j,
                 0.00000000e+00+0.00000000e+00j,
                 0.00000000e+00+0.00000000e+00j,
                 0.00000000e+00+0.00000000e+00j,
                 0.00000000e+00+0.00000000e+00j,
                 0.00000000e+00+0.00000000e+00j,
                 0.00000000e+00+0.00000000e+00j,
                -0.00000000e+00+0.00000000e+00j,
                -0.00000000e+00+0.00000000e+00j,
                 0.00000000e+00+0.00000000e+00j,
                 0.00000000e+00-0.00000000e+00j,
                 0.00000000e+00+0.00000000e+00j,
                 0.00000000e+00+0.00000000e+00j,
                 0.00000000e+00-0.00000000e+00j],
               [ 0.00000000e+00+0.00000000e+00j,
                 0.00000000e+00+0.00000000e+00j,
                 0.00000000e+00+0.00000000e+00j,
                 0.00000000e+00+0.00000000e+00j,
                 0.00000000e+00+0.00000000e+00j,
                 0.00000000e+00+0.00000000e+00j,
                 0.00000000e+00+0.00000000e+00j,
                 0.00000000e+00+0.00000000e+00j,
                 0.00000000e+00+0.00000000e+00j,
                -0.00000000e+00+0.00000000e+00j,
                -0.00000000e+00+0.00000000e+00j,
                 0.00000000e+00+0.00000000e+00j,
                 0.00000000e+00-0.00000000e+00j,
                 0.00000000e+00+0.00000000e+00j,
                 0.00000000e+00+0.00000000e+00j,
                 0.00000000e+00-0.00000000e+00j],
               [ 0.00000000e+00+0.00000000e+00j,
                 0.00000000e+00+0.00000000e+00j,
                 0.00000000e+00+0.00000000e+00j,
                 0.00000000e+00+0.00000000e+00j,
                 0.00000000e+00+0.00000000e+00j,
                 0.00000000e+00+0.00000000e+00j,
                 0.00000000e+00+0.00000000e+00j,
                 0.00000000e+00+0.00000000e+00j,
                 0.00000000e+00+0.00000000e+00j,
                -0.00000000e+00+0.00000000e+00j,
                -0.00000000e+00+0.00000000e+00j,
                 0.00000000e+00+0.00000000e+00j,
                 0.00000000e+00-0.00000000e+00j,
                 0.00000000e+00+0.00000000e+00j,
                 0.00000000e+00+0.00000000e+00j,
                 0.00000000e+00-0.00000000e+00j],
               [ 0.00000000e+00+0.00000000e+00j,
                 0.00000000e+00+0.00000000e+00j,
                 0.00000000e+00+0.00000000e+00j,
                 0.00000000e+00+0.00000000e+00j,
                 0.00000000e+00+0.00000000e+00j,
                 0.00000000e+00+0.00000000e+00j,
                 0.00000000e+00+0.00000000e+00j,
                 0.00000000e+00+0.00000000e+00j,
                 0.00000000e+00+0.00000000e+00j,
                -0.00000000e+00+0.00000000e+00j,
                -0.00000000e+00+0.00000000e+00j,
                 0.00000000e+00+0.00000000e+00j,
                 0.00000000e+00-0.00000000e+00j,
                 0.00000000e+00+0.00000000e+00j,
                 0.00000000e+00+0.00000000e+00j,
                 0.00000000e+00-0.00000000e+00j],
               [ 0.00000000e+00+0.00000000e+00j,
                 0.00000000e+00+0.00000000e+00j,
                 0.00000000e+00+0.00000000e+00j,
                 0.00000000e+00+0.00000000e+00j,
                 0.00000000e+00+0.00000000e+00j,
                 0.00000000e+00+0.00000000e+00j,
                 0.00000000e+00+0.00000000e+00j,
                 0.00000000e+00+0.00000000e+00j,
                 0.00000000e+00+0.00000000e+00j,
                -0.00000000e+00+0.00000000e+00j,
                -0.00000000e+00+0.00000000e+00j,
                 0.00000000e+00+0.00000000e+00j,
                 0.00000000e+00-0.00000000e+00j,
                 0.00000000e+00+0.00000000e+00j,
                 0.00000000e+00+0.00000000e+00j,
                 0.00000000e+00-0.00000000e+00j],
               [ 0.00000000e+00+0.00000000e+00j,
                 0.00000000e+00+0.00000000e+00j,
                 0.00000000e+00+0.00000000e+00j,
                 0.00000000e+00+0.00000000e+00j,
                 0.00000000e+00+0.00000000e+00j,
                 0.00000000e+00+0.00000000e+00j,
                 0.00000000e+00+0.00000000e+00j,
                 0.00000000e+00+0.00000000e+00j,
                 0.00000000e+00+0.00000000e+00j,
                -0.00000000e+00+0.00000000e+00j,
                -0.00000000e+00+0.00000000e+00j,
                 0.00000000e+00+0.00000000e+00j,
                 0.00000000e+00-0.00000000e+00j,
                 0.00000000e+00+0.00000000e+00j,
                 0.00000000e+00+0.00000000e+00j,
                 0.00000000e+00-0.00000000e+00j],
               [ 0.00000000e+00+0.00000000e+00j,
                 0.00000000e+00+0.00000000e+00j,
                 0.00000000e+00+0.00000000e+00j,
                 0.00000000e+00+0.00000000e+00j,
                 0.00000000e+00+0.00000000e+00j,
                 0.00000000e+00+0.00000000e+00j,
                 0.00000000e+00+0.00000000e+00j,
                 0.00000000e+00+0.00000000e+00j,
                 0.00000000e+00+0.00000000e+00j,
                -0.00000000e+00+0.00000000e+00j,
                -0.00000000e+00+0.00000000e+00j,
                 0.00000000e+00+0.00000000e+00j,
                 0.00000000e+00-0.00000000e+00j,
                 0.00000000e+00+0.00000000e+00j,
                 0.00000000e+00+0.00000000e+00j,
                 0.00000000e+00-0.00000000e+00j],
               [ 0.00000000e+00+0.00000000e+00j,
                 0.00000000e+00+0.00000000e+00j,
                 0.00000000e+00+0.00000000e+00j,
                 0.00000000e+00+0.00000000e+00j,
                 0.00000000e+00+0.00000000e+00j,
                 0.00000000e+00+0.00000000e+00j,
                 0.00000000e+00+0.00000000e+00j,
                 0.00000000e+00+0.00000000e+00j,
                 0.00000000e+00+0.00000000e+00j,
                -0.00000000e+00+0.00000000e+00j,
                -0.00000000e+00+0.00000000e+00j,
                 0.00000000e+00+0.00000000e+00j,
                 0.00000000e+00-0.00000000e+00j,
                 0.00000000e+00+0.00000000e+00j,
                 0.00000000e+00+0.00000000e+00j,
                 0.00000000e+00-0.00000000e+00j],
               [ 0.00000000e+00+0.00000000e+00j,
                 0.00000000e+00+0.00000000e+00j,
                 0.00000000e+00+0.00000000e+00j,
                 0.00000000e+00+0.00000000e+00j,
                 0.00000000e+00+0.00000000e+00j,
                 0.00000000e+00+0.00000000e+00j,
                 0.00000000e+00+0.00000000e+00j,
                 0.00000000e+00+0.00000000e+00j,
                 4.97881542e-66+0.00000000e+00j,
                -8.29784332e-34-7.45762575e-34j,
                -1.19027356e-49-4.20268301e-50j,
                 1.11407990e-33-5.94123539e-35j,
                 1.42433516e-65-8.87208521e-66j,
                -7.45762575e-34+8.29784332e-34j,
                -1.74080830e-50+4.93027450e-50j,
                -5.94123539e-35-1.11407990e-33j],
               [-0.00000000e+00+0.00000000e+00j,
                -0.00000000e+00+0.00000000e+00j,
                -0.00000000e+00+0.00000000e+00j,
                -0.00000000e+00+0.00000000e+00j,
                -0.00000000e+00+0.00000000e+00j,
                -0.00000000e+00+0.00000000e+00j,
                -0.00000000e+00+0.00000000e+00j,
                -0.00000000e+00+0.00000000e+00j,
                -8.29784332e-34+7.45762575e-34j,
                 2.50000000e-01+0.00000000e+00j,
                 2.61325357e-17-1.08244507e-17j,
                -1.76776695e-01+1.76776695e-01j,
                -1.04491540e-33+3.61211942e-33j,
                -4.16333634e-17-2.50000000e-01j,
                -4.48363429e-18-1.08244507e-17j,
                 1.76776695e-01+1.76776695e-01j],
               [-0.00000000e+00+0.00000000e+00j,
                -0.00000000e+00+0.00000000e+00j,
                -0.00000000e+00+0.00000000e+00j,
                -0.00000000e+00+0.00000000e+00j,
                -0.00000000e+00+0.00000000e+00j,
                -0.00000000e+00+0.00000000e+00j,
                -0.00000000e+00+0.00000000e+00j,
                -0.00000000e+00+0.00000000e+00j,
                -1.19027356e-49+4.20268301e-50j,
                 2.61325357e-17+1.08244507e-17j,
                 3.20031262e-33+0.00000000e+00j,
                -2.61325357e-17+1.08244507e-17j,
                -2.65621990e-49+3.32332818e-49j,
                 1.08244507e-17-2.61325357e-17j,
                -6.84227766e-49-1.32561289e-33j,
                 1.08244507e-17+2.61325357e-17j],
               [ 0.00000000e+00+0.00000000e+00j,
                 0.00000000e+00+0.00000000e+00j,
                 0.00000000e+00+0.00000000e+00j,
                 0.00000000e+00+0.00000000e+00j,
                 0.00000000e+00+0.00000000e+00j,
                 0.00000000e+00+0.00000000e+00j,
                 0.00000000e+00+0.00000000e+00j,
                 0.00000000e+00+0.00000000e+00j,
                 1.11407990e-33+5.94123539e-35j,
                -1.76776695e-01-1.76776695e-01j,
                -2.61325357e-17-1.08244507e-17j,
                 2.50000000e-01+0.00000000e+00j,
                 3.29302090e-33-1.81528737e-33j,
                -1.76776695e-01+1.76776695e-01j,
                -4.48363429e-18+1.08244507e-17j,
                -4.16333634e-17-2.50000000e-01j],
               [ 0.00000000e+00+0.00000000e+00j,
                 0.00000000e+00+0.00000000e+00j,
                 0.00000000e+00+0.00000000e+00j,
                 0.00000000e+00+0.00000000e+00j,
                 0.00000000e+00+0.00000000e+00j,
                 0.00000000e+00+0.00000000e+00j,
                 0.00000000e+00+0.00000000e+00j,
                 0.00000000e+00+0.00000000e+00j,
                 1.42433516e-65+8.87208521e-66j,
                -1.04491540e-33-3.61211942e-33j,
                -2.65621990e-49-3.32332818e-49j,
                 3.29302090e-33+1.81528737e-33j,
                 5.65570196e-65+0.00000000e+00j,
                -3.61211942e-33+1.04491540e-33j,
                -1.37656760e-49+1.10024231e-49j,
                 1.81528737e-33-3.29302090e-33j],
               [ 0.00000000e+00-0.00000000e+00j,
                 0.00000000e+00-0.00000000e+00j,
                 0.00000000e+00-0.00000000e+00j,
                 0.00000000e+00-0.00000000e+00j,
                 0.00000000e+00-0.00000000e+00j,
                 0.00000000e+00-0.00000000e+00j,
                 0.00000000e+00-0.00000000e+00j,
                 0.00000000e+00-0.00000000e+00j,
                -7.45762575e-34-8.29784332e-34j,
                -4.16333634e-17+2.50000000e-01j,
                 1.08244507e-17+2.61325357e-17j,
                -1.76776695e-01-1.76776695e-01j,
                -3.61211942e-33-1.04491540e-33j,
                 2.50000000e-01+0.00000000e+00j,
                 1.08244507e-17-4.48363429e-18j,
                -1.76776695e-01+1.76776695e-01j],
               [ 0.00000000e+00-0.00000000e+00j,
                 0.00000000e+00-0.00000000e+00j,
                 0.00000000e+00-0.00000000e+00j,
                 0.00000000e+00-0.00000000e+00j,
                 0.00000000e+00-0.00000000e+00j,
                 0.00000000e+00-0.00000000e+00j,
                 0.00000000e+00-0.00000000e+00j,
                 0.00000000e+00-0.00000000e+00j,
                -1.74080830e-50-4.93027450e-50j,
                -4.48363429e-18+1.08244507e-17j,
                -6.84227766e-49+1.32561289e-33j,
                -4.48363429e-18-1.08244507e-17j,
                -1.37656760e-49-1.10024231e-49j,
                 1.08244507e-17+4.48363429e-18j,
                 5.49086838e-34+0.00000000e+00j,
                -1.08244507e-17+4.48363429e-18j],
               [ 0.00000000e+00+0.00000000e+00j,
                 0.00000000e+00+0.00000000e+00j,
                 0.00000000e+00+0.00000000e+00j,
                 0.00000000e+00+0.00000000e+00j,
                 0.00000000e+00+0.00000000e+00j,
                 0.00000000e+00+0.00000000e+00j,
                 0.00000000e+00+0.00000000e+00j,
                 0.00000000e+00+0.00000000e+00j,
                -5.94123539e-35+1.11407990e-33j,
                 1.76776695e-01-1.76776695e-01j,
                 1.08244507e-17-2.61325357e-17j,
                -4.16333634e-17+2.50000000e-01j,
                 1.81528737e-33+3.29302090e-33j,
                -1.76776695e-01-1.76776695e-01j,
                -1.08244507e-17-4.48363429e-18j,
                 2.50000000e-01+0.00000000e+00j]],
              dims=(2, 2, 2, 2))","{'0100': 1, '0110': 5, '0000': 6, '0010': 12, '0001': 238, '0101': 265, '0011': 235, '0111': 262}","DensityMatrix([[ 4.83980939e-06-1.03904844e-20j,
                -1.14067272e-08+2.76954823e-08j,
                -4.91382141e-07+5.18594947e-07j,
                -3.77229620e-08-3.76601775e-08j,
                 6.37057517e-08+1.42215880e-06j,
                -1.17005440e-08+3.54328640e-08j,
                -1.58217448e-07-7.09388128e-08j,
                -1.73001172e-08-2.96801466e-08j,
                 0.00000000e+00+0.00000000e+00j,
                 0.00000000e+00+0.00000000e+00j,
                 0.00000000e+00+0.00000000e+00j,
                 0.00000000e+00+0.00000000e+00j,
                 0.00000000e+00+0.00000000e+00j,
                 0.00000000e+00+0.00000000e+00j,
                 0.00000000e+00+0.00000000e+00j,
                 0.00000000e+00+0.00000000e+00j],
               [-1.14067272e-08-2.76954823e-08j,
                 4.14028800e-04+6.73569903e-21j,
                 1.60942732e-07+7.43053532e-08j,
                -2.87761209e-04+2.86225961e-04j,
                 9.51713183e-09-4.41354926e-08j,
                 6.20000897e-07+1.37108403e-04j,
                 2.69354393e-08+1.29065329e-07j,
                -9.51804245e-05-9.50772461e-05j,
                 0.00000000e+00+0.00000000e+00j,
                 0.00000000e+00+0.00000000e+00j,
                 0.00000000e+00+0.00000000e+00j,
                 0.00000000e+00+0.00000000e+00j,
                 0.00000000e+00+0.00000000e+00j,
                 0.00000000e+00+0.00000000e+00j,
                 0.00000000e+00+0.00000000e+00j,
                 0.00000000e+00+0.00000000e+00j],
               [-4.91382141e-07-5.18594947e-07j,
                 1.60942732e-07-7.43053532e-08j,
                 5.85428953e-06+2.35972545e-20j,
                -5.11411426e-08+1.94526836e-07j,
                 8.05010743e-08-1.51257067e-07j,
                 8.10765249e-08-6.43493680e-09j,
                 6.48517773e-08+1.60995770e-06j,
                -5.07301984e-08+6.20029597e-08j,
                 0.00000000e+00+0.00000000e+00j,
                 0.00000000e+00+0.00000000e+00j,
                 0.00000000e+00+0.00000000e+00j,
                 0.00000000e+00+0.00000000e+00j,
                 0.00000000e+00+0.00000000e+00j,
                 0.00000000e+00+0.00000000e+00j,
                 0.00000000e+00+0.00000000e+00j,
                 0.00000000e+00+0.00000000e+00j],
               [-3.77229620e-08+3.76601775e-08j,
                -2.87761209e-04-2.86225961e-04j,
                -5.11411426e-08-1.94526836e-07j,
                 4.13936667e-04-1.61754034e-20j,
                -4.62571840e-08+7.00986525e-10j,
                 9.47072671e-05-9.59274821e-05j,
                 9.57897177e-08-1.02557828e-07j,
                 6.20015678e-07+1.37059748e-04j,
                 0.00000000e+00+0.00000000e+00j,
                 0.00000000e+00+0.00000000e+00j,
                 0.00000000e+00+0.00000000e+00j,
                 0.00000000e+00+0.00000000e+00j,
                 0.00000000e+00+0.00000000e+00j,
                 0.00000000e+00+0.00000000e+00j,
                 0.00000000e+00+0.00000000e+00j,
                 0.00000000e+00+0.00000000e+00j],
               [ 6.37057517e-08-1.42215880e-06j,
                 9.51713183e-09+4.41354926e-08j,
                 8.05010743e-08+1.51257067e-07j,
                -4.62571840e-08-7.00986525e-10j,
                 7.69435660e-06-3.06109763e-20j,
                -1.51466298e-08+3.62476329e-08j,
                -7.24154583e-07+7.67781373e-07j,
                -4.97538446e-08-4.95676192e-08j,
                 0.00000000e+00+0.00000000e+00j,
                 0.00000000e+00+0.00000000e+00j,
                 0.00000000e+00+0.00000000e+00j,
                 0.00000000e+00+0.00000000e+00j,
                 0.00000000e+00+0.00000000e+00j,
                 0.00000000e+00+0.00000000e+00j,
                 0.00000000e+00+0.00000000e+00j,
                 0.00000000e+00+0.00000000e+00j],
               [-1.17005440e-08-3.54328640e-08j,
                 6.20000897e-07-1.37108403e-04j,
                 8.10765249e-08+6.43493680e-09j,
                 9.47072671e-05+9.59274821e-05j,
                -1.51466298e-08-3.62476329e-08j,
                 4.13671579e-04+2.23022103e-20j,
                 1.49716120e-07-5.36558880e-08j,
                -2.87475318e-04+2.85941675e-04j,
                 0.00000000e+00+0.00000000e+00j,
                 0.00000000e+00+0.00000000e+00j,
                 0.00000000e+00+0.00000000e+00j,
                 0.00000000e+00+0.00000000e+00j,
                 0.00000000e+00+0.00000000e+00j,
                 0.00000000e+00+0.00000000e+00j,
                 0.00000000e+00+0.00000000e+00j,
                 0.00000000e+00+0.00000000e+00j],
               [-1.58217448e-07+7.09388128e-08j,
                 2.69354393e-08-1.29065329e-07j,
                 6.48517773e-08-1.60995770e-06j,
                 9.57897177e-08+1.02557828e-07j,
                -7.24154583e-07-7.67781373e-07j,
                 1.49716120e-07+5.36558880e-08j,
                 9.08142906e-06-7.03295261e-22j,
                -1.29954060e-07+1.04631620e-07j,
                 0.00000000e+00+0.00000000e+00j,
                 0.00000000e+00+0.00000000e+00j,
                 0.00000000e+00+0.00000000e+00j,
                 0.00000000e+00+0.00000000e+00j,
                 0.00000000e+00+0.00000000e+00j,
                 0.00000000e+00+0.00000000e+00j,
                 0.00000000e+00+0.00000000e+00j,
                 0.00000000e+00+0.00000000e+00j],
               [-1.73001172e-08+2.96801466e-08j,
                -9.51804245e-05+9.50772461e-05j,
                -5.07301984e-08-6.20029597e-08j,
                 6.20015678e-07-1.37059748e-04j,
                -4.97538446e-08+4.95676192e-08j,
                -2.87475318e-04-2.85941675e-04j,
                -1.29954060e-07-1.04631620e-07j,
                 4.13471848e-04-5.80592347e-22j,
                 0.00000000e+00+0.00000000e+00j,
                 0.00000000e+00+0.00000000e+00j,
                 0.00000000e+00+0.00000000e+00j,
                 0.00000000e+00+0.00000000e+00j,
                 0.00000000e+00+0.00000000e+00j,
                 0.00000000e+00+0.00000000e+00j,
                 0.00000000e+00+0.00000000e+00j,
                 0.00000000e+00+0.00000000e+00j],
               [ 0.00000000e+00+0.00000000e+00j,
                 0.00000000e+00+0.00000000e+00j,
                 0.00000000e+00+0.00000000e+00j,
                 0.00000000e+00+0.00000000e+00j,
                 0.00000000e+00+0.00000000e+00j,
                 0.00000000e+00+0.00000000e+00j,
                 0.00000000e+00+0.00000000e+00j,
                 0.00000000e+00+0.00000000e+00j,
                 6.26480161e-03-1.53878788e-17j,
                -1.11234898e-05+2.67723163e-05j,
                -5.68303396e-04+6.03966928e-04j,
                -3.66420251e-05-3.65427321e-05j,
                 3.82231929e-05-2.52798049e-03j,
                 1.81773258e-05+3.13434997e-05j,
                 1.89077117e-04+2.21331936e-04j,
                -4.46132813e-05+1.67950453e-05j],
               [ 0.00000000e+00+0.00000000e+00j,
                 0.00000000e+00+0.00000000e+00j,
                 0.00000000e+00+0.00000000e+00j,
                 0.00000000e+00+0.00000000e+00j,
                 0.00000000e+00+0.00000000e+00j,
                 0.00000000e+00+0.00000000e+00j,
                 0.00000000e+00+0.00000000e+00j,
                 0.00000000e+00+0.00000000e+00j,
                -1.11234898e-05-2.67723163e-05j,
                 2.45746459e-01-3.86857487e-17j,
                 1.36312574e-04+2.36277563e-05j,
                -1.70756213e-01+1.69845197e-01j,
                -1.93058227e-05-1.57773775e-05j,
                 3.96711745e-04-2.43980625e-01j,
                -3.33777674e-05-2.20650607e-05j,
                 1.68789514e-01+1.70216072e-01j],
               [ 0.00000000e+00+0.00000000e+00j,
                 0.00000000e+00+0.00000000e+00j,
                 0.00000000e+00+0.00000000e+00j,
                 0.00000000e+00+0.00000000e+00j,
                 0.00000000e+00+0.00000000e+00j,
                 0.00000000e+00+0.00000000e+00j,
                 0.00000000e+00+0.00000000e+00j,
                 0.00000000e+00+0.00000000e+00j,
                -5.68303396e-04-6.03966928e-04j,
                 1.36312574e-04-2.36277563e-05j,
                 7.30960502e-03+1.73385565e-17j,
                -6.97454687e-05+1.40303341e-04j,
                -2.35257083e-04+1.73603160e-04j,
                -3.55385868e-06-1.44168546e-04j,
                 3.89481696e-05-2.86209762e-03j,
                 1.31149312e-04+8.99732421e-05j],
               [ 0.00000000e+00+0.00000000e+00j,
                 0.00000000e+00+0.00000000e+00j,
                 0.00000000e+00+0.00000000e+00j,
                 0.00000000e+00+0.00000000e+00j,
                 0.00000000e+00+0.00000000e+00j,
                 0.00000000e+00+0.00000000e+00j,
                 0.00000000e+00+0.00000000e+00j,
                 0.00000000e+00+0.00000000e+00j,
                -3.66420251e-05+3.65427321e-05j,
                -1.70756213e-01-1.69845197e-01j,
                -6.97454687e-05-1.40303341e-04j,
                 2.45563981e-01+1.67980308e-17j,
                 6.84429763e-06+3.47913215e-05j,
                -1.69110441e-01+1.69671649e-01j,
                -3.32858056e-06+3.42979317e-05j,
                 3.96710287e-04-2.43894125e-01j],
               [ 0.00000000e+00+0.00000000e+00j,
                 0.00000000e+00+0.00000000e+00j,
                 0.00000000e+00+0.00000000e+00j,
                 0.00000000e+00+0.00000000e+00j,
                 0.00000000e+00+0.00000000e+00j,
                 0.00000000e+00+0.00000000e+00j,
                 0.00000000e+00+0.00000000e+00j,
                 0.00000000e+00+0.00000000e+00j,
                 3.82231929e-05+2.52798049e-03j,
                -1.93058227e-05+1.57773775e-05j,
                -2.35257083e-04-1.73603160e-04j,
                 6.84429763e-06-3.47913215e-05j,
                 1.17203512e-03-5.41973643e-18j,
                -4.70595666e-06+1.10777901e-05j,
                -1.52900839e-04+1.59268428e-04j,
                -1.52782808e-05-1.51512918e-05j],
               [ 0.00000000e+00+0.00000000e+00j,
                 0.00000000e+00+0.00000000e+00j,
                 0.00000000e+00+0.00000000e+00j,
                 0.00000000e+00+0.00000000e+00j,
                 0.00000000e+00+0.00000000e+00j,
                 0.00000000e+00+0.00000000e+00j,
                 0.00000000e+00+0.00000000e+00j,
                 0.00000000e+00+0.00000000e+00j,
                 1.81773258e-05-3.13434997e-05j,
                 3.96711745e-04+2.43980625e-01j,
                -3.55385868e-06+1.44168546e-04j,
                -1.69110441e-01-1.69671649e-01j,
                -4.70595666e-06-1.10777901e-05j,
                 2.45349548e-01-1.09472857e-17j,
                 3.06118438e-05-5.32390422e-05j,
                -1.70546513e-01+1.69636671e-01j],
               [ 0.00000000e+00+0.00000000e+00j,
                 0.00000000e+00+0.00000000e+00j,
                 0.00000000e+00+0.00000000e+00j,
                 0.00000000e+00+0.00000000e+00j,
                 0.00000000e+00+0.00000000e+00j,
                 0.00000000e+00+0.00000000e+00j,
                 0.00000000e+00+0.00000000e+00j,
                 0.00000000e+00+0.00000000e+00j,
                 1.89077117e-04-2.21331936e-04j,
                -3.33777674e-05+2.20650607e-05j,
                 3.89481696e-05+2.86209762e-03j,
                -3.32858056e-06-3.42979317e-05j,
                -1.52900839e-04-1.59268428e-04j,
                 3.06118438e-05+5.32390422e-05j,
                 1.55213492e-03+3.46945964e-18j,
                -5.50573952e-05-4.78478263e-06j],
               [ 0.00000000e+00+0.00000000e+00j,
                 0.00000000e+00+0.00000000e+00j,
                 0.00000000e+00+0.00000000e+00j,
                 0.00000000e+00+0.00000000e+00j,
                 0.00000000e+00+0.00000000e+00j,
                 0.00000000e+00+0.00000000e+00j,
                 0.00000000e+00+0.00000000e+00j,
                 0.00000000e+00+0.00000000e+00j,
                -4.46132813e-05-1.67950453e-05j,
                 1.68789514e-01-1.70216072e-01j,
                 1.31149312e-04-8.99732421e-05j,
                 3.96710287e-04+2.43894125e-01j,
                -1.52782808e-05+1.51512918e-05j,
                -1.70546513e-01-1.69636671e-01j,
                -5.50573952e-05+4.78478263e-06j,
                 2.45358856e-01+4.45364918e-17j]],
              dims=(2, 2, 2, 2))"
data/selected_mutant_qc/mutants_qpeexact_4/qpeexact_4_Mutant_Add_rzz_P10_Q2_[5.497787143782138].qasm,PureState_14,"{'0001': 246, '0011': 256, '0111': 248, '0101': 274}","DensityMatrix([[ 0.00000000e+00+0.00000000e+00j,
                 0.00000000e+00+0.00000000e+00j,
                 0.00000000e+00+0.00000000e+00j,
                 0.00000000e+00+0.00000000e+00j,
                 0.00000000e+00+0.00000000e+00j,
                 0.00000000e+00+0.00000000e+00j,
                 0.00000000e+00+0.00000000e+00j,
                 0.00000000e+00+0.00000000e+00j,
                 0.00000000e+00-0.00000000e+00j,
                 0.00000000e+00+0.00000000e+00j,
                 0.00000000e+00+0.00000000e+00j,
                 0.00000000e+00-0.00000000e+00j,
                 0.00000000e+00+0.00000000e+00j,
                -0.00000000e+00+0.00000000e+00j,
                -0.00000000e+00+0.00000000e+00j,
                 0.00000000e+00+0.00000000e+00j],
               [ 0.00000000e+00+0.00000000e+00j,
                 0.00000000e+00+0.00000000e+00j,
                 0.00000000e+00+0.00000000e+00j,
                 0.00000000e+00+0.00000000e+00j,
                 0.00000000e+00+0.00000000e+00j,
                 0.00000000e+00+0.00000000e+00j,
                 0.00000000e+00+0.00000000e+00j,
                 0.00000000e+00+0.00000000e+00j,
                 0.00000000e+00-0.00000000e+00j,
                 0.00000000e+00+0.00000000e+00j,
                 0.00000000e+00+0.00000000e+00j,
                 0.00000000e+00-0.00000000e+00j,
                 0.00000000e+00+0.00000000e+00j,
                -0.00000000e+00+0.00000000e+00j,
                -0.00000000e+00+0.00000000e+00j,
                 0.00000000e+00+0.00000000e+00j],
               [ 0.00000000e+00+0.00000000e+00j,
                 0.00000000e+00+0.00000000e+00j,
                 0.00000000e+00+0.00000000e+00j,
                 0.00000000e+00+0.00000000e+00j,
                 0.00000000e+00+0.00000000e+00j,
                 0.00000000e+00+0.00000000e+00j,
                 0.00000000e+00+0.00000000e+00j,
                 0.00000000e+00+0.00000000e+00j,
                 0.00000000e+00-0.00000000e+00j,
                 0.00000000e+00+0.00000000e+00j,
                 0.00000000e+00+0.00000000e+00j,
                 0.00000000e+00-0.00000000e+00j,
                 0.00000000e+00+0.00000000e+00j,
                -0.00000000e+00+0.00000000e+00j,
                -0.00000000e+00+0.00000000e+00j,
                 0.00000000e+00+0.00000000e+00j],
               [ 0.00000000e+00+0.00000000e+00j,
                 0.00000000e+00+0.00000000e+00j,
                 0.00000000e+00+0.00000000e+00j,
                 0.00000000e+00+0.00000000e+00j,
                 0.00000000e+00+0.00000000e+00j,
                 0.00000000e+00+0.00000000e+00j,
                 0.00000000e+00+0.00000000e+00j,
                 0.00000000e+00+0.00000000e+00j,
                 0.00000000e+00-0.00000000e+00j,
                 0.00000000e+00+0.00000000e+00j,
                 0.00000000e+00+0.00000000e+00j,
                 0.00000000e+00-0.00000000e+00j,
                 0.00000000e+00+0.00000000e+00j,
                -0.00000000e+00+0.00000000e+00j,
                -0.00000000e+00+0.00000000e+00j,
                 0.00000000e+00+0.00000000e+00j],
               [ 0.00000000e+00+0.00000000e+00j,
                 0.00000000e+00+0.00000000e+00j,
                 0.00000000e+00+0.00000000e+00j,
                 0.00000000e+00+0.00000000e+00j,
                 0.00000000e+00+0.00000000e+00j,
                 0.00000000e+00+0.00000000e+00j,
                 0.00000000e+00+0.00000000e+00j,
                 0.00000000e+00+0.00000000e+00j,
                 0.00000000e+00-0.00000000e+00j,
                 0.00000000e+00+0.00000000e+00j,
                 0.00000000e+00+0.00000000e+00j,
                 0.00000000e+00-0.00000000e+00j,
                 0.00000000e+00+0.00000000e+00j,
                -0.00000000e+00+0.00000000e+00j,
                -0.00000000e+00+0.00000000e+00j,
                 0.00000000e+00+0.00000000e+00j],
               [ 0.00000000e+00+0.00000000e+00j,
                 0.00000000e+00+0.00000000e+00j,
                 0.00000000e+00+0.00000000e+00j,
                 0.00000000e+00+0.00000000e+00j,
                 0.00000000e+00+0.00000000e+00j,
                 0.00000000e+00+0.00000000e+00j,
                 0.00000000e+00+0.00000000e+00j,
                 0.00000000e+00+0.00000000e+00j,
                 0.00000000e+00-0.00000000e+00j,
                 0.00000000e+00+0.00000000e+00j,
                 0.00000000e+00+0.00000000e+00j,
                 0.00000000e+00-0.00000000e+00j,
                 0.00000000e+00+0.00000000e+00j,
                -0.00000000e+00+0.00000000e+00j,
                -0.00000000e+00+0.00000000e+00j,
                 0.00000000e+00+0.00000000e+00j],
               [ 0.00000000e+00+0.00000000e+00j,
                 0.00000000e+00+0.00000000e+00j,
                 0.00000000e+00+0.00000000e+00j,
                 0.00000000e+00+0.00000000e+00j,
                 0.00000000e+00+0.00000000e+00j,
                 0.00000000e+00+0.00000000e+00j,
                 0.00000000e+00+0.00000000e+00j,
                 0.00000000e+00+0.00000000e+00j,
                 0.00000000e+00-0.00000000e+00j,
                 0.00000000e+00+0.00000000e+00j,
                 0.00000000e+00+0.00000000e+00j,
                 0.00000000e+00-0.00000000e+00j,
                 0.00000000e+00+0.00000000e+00j,
                -0.00000000e+00+0.00000000e+00j,
                -0.00000000e+00+0.00000000e+00j,
                 0.00000000e+00+0.00000000e+00j],
               [ 0.00000000e+00+0.00000000e+00j,
                 0.00000000e+00+0.00000000e+00j,
                 0.00000000e+00+0.00000000e+00j,
                 0.00000000e+00+0.00000000e+00j,
                 0.00000000e+00+0.00000000e+00j,
                 0.00000000e+00+0.00000000e+00j,
                 0.00000000e+00+0.00000000e+00j,
                 0.00000000e+00+0.00000000e+00j,
                 0.00000000e+00-0.00000000e+00j,
                 0.00000000e+00+0.00000000e+00j,
                 0.00000000e+00+0.00000000e+00j,
                 0.00000000e+00-0.00000000e+00j,
                 0.00000000e+00+0.00000000e+00j,
                -0.00000000e+00+0.00000000e+00j,
                -0.00000000e+00+0.00000000e+00j,
                 0.00000000e+00+0.00000000e+00j],
               [ 0.00000000e+00+0.00000000e+00j,
                 0.00000000e+00+0.00000000e+00j,
                 0.00000000e+00+0.00000000e+00j,
                 0.00000000e+00+0.00000000e+00j,
                 0.00000000e+00+0.00000000e+00j,
                 0.00000000e+00+0.00000000e+00j,
                 0.00000000e+00+0.00000000e+00j,
                 0.00000000e+00+0.00000000e+00j,
                 1.31834955e-65+0.00000000e+00j,
                -1.30100349e-33-1.26620054e-33j,
                -7.90393130e-50-3.14908058e-50j,
                 1.81528737e-33-2.46094028e-35j,
                 0.00000000e+00+3.18277736e-65j,
                 1.26620054e-33-1.30100349e-33j,
                 7.60255304e-50-1.90817781e-49j,
                 2.46094028e-35+1.81528737e-33j],
               [ 0.00000000e+00-0.00000000e+00j,
                 0.00000000e+00-0.00000000e+00j,
                 0.00000000e+00-0.00000000e+00j,
                 0.00000000e+00-0.00000000e+00j,
                 0.00000000e+00-0.00000000e+00j,
                 0.00000000e+00-0.00000000e+00j,
                 0.00000000e+00-0.00000000e+00j,
                 0.00000000e+00-0.00000000e+00j,
                -1.30100349e-33+1.26620054e-33j,
                 2.50000000e-01+0.00000000e+00j,
                 1.08244507e-17-4.48363429e-18j,
                -1.76776695e-01+1.76776695e-01j,
                -3.05687851e-33-3.14090026e-33j,
                -1.38777878e-17+2.50000000e-01j,
                 1.08244507e-17+2.61325357e-17j,
                -1.76776695e-01-1.76776695e-01j],
               [ 0.00000000e+00-0.00000000e+00j,
                 0.00000000e+00-0.00000000e+00j,
                 0.00000000e+00-0.00000000e+00j,
                 0.00000000e+00-0.00000000e+00j,
                 0.00000000e+00-0.00000000e+00j,
                 0.00000000e+00-0.00000000e+00j,
                 0.00000000e+00-0.00000000e+00j,
                 0.00000000e+00-0.00000000e+00j,
                -7.90393130e-50+3.14908058e-50j,
                 1.08244507e-17+4.48363429e-18j,
                 5.49086838e-34+0.00000000e+00j,
                -1.08244507e-17+4.48363429e-18j,
                -7.60255304e-50-1.90817781e-49j,
                -4.48363429e-18+1.08244507e-17j,
                 4.27642354e-49+1.32561289e-33j,
                -4.48363429e-18-1.08244507e-17j],
               [ 0.00000000e+00+0.00000000e+00j,
                 0.00000000e+00+0.00000000e+00j,
                 0.00000000e+00+0.00000000e+00j,
                 0.00000000e+00+0.00000000e+00j,
                 0.00000000e+00+0.00000000e+00j,
                 0.00000000e+00+0.00000000e+00j,
                 0.00000000e+00+0.00000000e+00j,
                 0.00000000e+00+0.00000000e+00j,
                 1.81528737e-33+2.46094028e-35j,
                -1.76776695e-01-1.76776695e-01j,
                -1.08244507e-17-4.48363429e-18j,
                 2.50000000e-01+0.00000000e+00j,
                -5.94123539e-35+4.38249140e-33j,
                 1.76776695e-01-1.76776695e-01j,
                 1.08244507e-17-2.61325357e-17j,
                 0.00000000e+00+2.50000000e-01j],
               [ 0.00000000e+00+0.00000000e+00j,
                 0.00000000e+00+0.00000000e+00j,
                 0.00000000e+00+0.00000000e+00j,
                 0.00000000e+00+0.00000000e+00j,
                 0.00000000e+00+0.00000000e+00j,
                 0.00000000e+00+0.00000000e+00j,
                 0.00000000e+00+0.00000000e+00j,
                 0.00000000e+00+0.00000000e+00j,
                 0.00000000e+00-3.18277736e-65j,
                -3.05687851e-33+3.14090026e-33j,
                -7.60255304e-50+1.90817781e-49j,
                -5.94123539e-35-4.38249140e-33j,
                 7.68390428e-65+0.00000000e+00j,
                -3.14090026e-33-3.05687851e-33j,
                -4.60674876e-49-1.83541867e-49j,
                 4.38249140e-33-5.94123539e-35j],
               [-0.00000000e+00+0.00000000e+00j,
                -0.00000000e+00+0.00000000e+00j,
                -0.00000000e+00+0.00000000e+00j,
                -0.00000000e+00+0.00000000e+00j,
                -0.00000000e+00+0.00000000e+00j,
                -0.00000000e+00+0.00000000e+00j,
                -0.00000000e+00+0.00000000e+00j,
                -0.00000000e+00+0.00000000e+00j,
                 1.26620054e-33+1.30100349e-33j,
                -1.38777878e-17-2.50000000e-01j,
                -4.48363429e-18-1.08244507e-17j,
                 1.76776695e-01+1.76776695e-01j,
                -3.14090026e-33+3.05687851e-33j,
                 2.50000000e-01+0.00000000e+00j,
                 2.61325357e-17-1.08244507e-17j,
                -1.76776695e-01+1.76776695e-01j],
               [-0.00000000e+00+0.00000000e+00j,
                -0.00000000e+00+0.00000000e+00j,
                -0.00000000e+00+0.00000000e+00j,
                -0.00000000e+00+0.00000000e+00j,
                -0.00000000e+00+0.00000000e+00j,
                -0.00000000e+00+0.00000000e+00j,
                -0.00000000e+00+0.00000000e+00j,
                -0.00000000e+00+0.00000000e+00j,
                 7.60255304e-50+1.90817781e-49j,
                 1.08244507e-17-2.61325357e-17j,
                 4.27642354e-49-1.32561289e-33j,
                 1.08244507e-17+2.61325357e-17j,
                -4.60674876e-49+1.83541867e-49j,
                 2.61325357e-17+1.08244507e-17j,
                 3.20031262e-33+0.00000000e+00j,
                -2.61325357e-17+1.08244507e-17j],
               [ 0.00000000e+00+0.00000000e+00j,
                 0.00000000e+00+0.00000000e+00j,
                 0.00000000e+00+0.00000000e+00j,
                 0.00000000e+00+0.00000000e+00j,
                 0.00000000e+00+0.00000000e+00j,
                 0.00000000e+00+0.00000000e+00j,
                 0.00000000e+00+0.00000000e+00j,
                 0.00000000e+00+0.00000000e+00j,
                 2.46094028e-35-1.81528737e-33j,
                -1.76776695e-01+1.76776695e-01j,
                -4.48363429e-18+1.08244507e-17j,
                 0.00000000e+00-2.50000000e-01j,
                 4.38249140e-33+5.94123539e-35j,
                -1.76776695e-01-1.76776695e-01j,
                -2.61325357e-17-1.08244507e-17j,
                 2.50000000e-01+0.00000000e+00j]],
              dims=(2, 2, 2, 2))","{'0110': 8, '0010': 4, '0000': 6, '0100': 7, '0101': 245, '0001': 248, '0111': 245, '0011': 261}","DensityMatrix([[ 7.70078772e-06-1.25319339e-20j,
                -1.50786101e-08+3.64100492e-08j,
                -7.24728685e-07+7.68397478e-07j,
                -4.97428456e-08-4.96287262e-08j,
                 6.37057175e-08-1.42124820e-06j,
                 9.48230724e-09+4.41335588e-08j,
                 8.04239675e-08+1.51173056e-07j,
                -4.62620740e-08-6.65511487e-10j,
                 0.00000000e+00+0.00000000e+00j,
                 0.00000000e+00+0.00000000e+00j,
                 0.00000000e+00+0.00000000e+00j,
                 0.00000000e+00+0.00000000e+00j,
                 0.00000000e+00+0.00000000e+00j,
                 0.00000000e+00+0.00000000e+00j,
                 0.00000000e+00+0.00000000e+00j,
                 0.00000000e+00+0.00000000e+00j],
               [-1.50786101e-08-3.64100492e-08j,
                 4.14082494e-04-1.28022912e-20j,
                 1.95353025e-07+5.70488759e-08j,
                -2.87761186e-04+2.86225944e-04j,
                -1.15233688e-08-3.53559285e-08j,
                 6.20010199e-07-1.37216654e-04j,
                -1.46941413e-08+4.58839744e-08j,
                 9.47822351e-05+9.60029166e-05j,
                 0.00000000e+00+0.00000000e+00j,
                 0.00000000e+00+0.00000000e+00j,
                 0.00000000e+00+0.00000000e+00j,
                 0.00000000e+00+0.00000000e+00j,
                 0.00000000e+00+0.00000000e+00j,
                 0.00000000e+00+0.00000000e+00j,
                 0.00000000e+00+0.00000000e+00j,
                 0.00000000e+00+0.00000000e+00j],
               [-7.24728685e-07-7.68397478e-07j,
                 1.95353025e-07-5.70488759e-08j,
                 9.08867472e-06-5.21086296e-20j,
                -8.43628234e-08+2.15498217e-07j,
                -1.58140345e-07+7.08547672e-08j,
                 3.75079804e-08-1.24784828e-07j,
                 6.48332139e-08-1.60918293e-06j,
                 8.52469195e-08+1.06843833e-07j,
                 0.00000000e+00+0.00000000e+00j,
                 0.00000000e+00+0.00000000e+00j,
                 0.00000000e+00+0.00000000e+00j,
                 0.00000000e+00+0.00000000e+00j,
                 0.00000000e+00+0.00000000e+00j,
                 0.00000000e+00+0.00000000e+00j,
                 0.00000000e+00+0.00000000e+00j,
                 0.00000000e+00+0.00000000e+00j],
               [-4.97428456e-08+4.96287262e-08j,
                -2.87761186e-04-2.86225944e-04j,
                -8.43628234e-08-2.15498217e-07j,
                 4.13882594e-04-7.10586332e-20j,
                -1.73396575e-08+2.96854882e-08j,
                -9.52554057e-05+9.51526675e-05j,
                 4.50611466e-08-2.23164955e-08j,
                 6.20024974e-07-1.37168019e-04j,
                 0.00000000e+00+0.00000000e+00j,
                 0.00000000e+00+0.00000000e+00j,
                 0.00000000e+00+0.00000000e+00j,
                 0.00000000e+00+0.00000000e+00j,
                 0.00000000e+00+0.00000000e+00j,
                 0.00000000e+00+0.00000000e+00j,
                 0.00000000e+00+0.00000000e+00j,
                 0.00000000e+00+0.00000000e+00j],
               [ 6.37057175e-08+1.42124820e-06j,
                -1.15233688e-08+3.53559285e-08j,
                -1.58140345e-07-7.08547672e-08j,
                -1.73396575e-08-2.96854882e-08j,
                 4.83337828e-06+5.43823527e-20j,
                -1.15375845e-08+2.74533370e-08j,
                -4.90808035e-07+5.17978835e-07j,
                -3.77454455e-08-3.75462775e-08j,
                 0.00000000e+00+0.00000000e+00j,
                 0.00000000e+00+0.00000000e+00j,
                 0.00000000e+00+0.00000000e+00j,
                 0.00000000e+00+0.00000000e+00j,
                 0.00000000e+00+0.00000000e+00j,
                 0.00000000e+00+0.00000000e+00j,
                 0.00000000e+00+0.00000000e+00j,
                 0.00000000e+00+0.00000000e+00j],
               [ 9.48230724e-09-4.41335588e-08j,
                 6.20010199e-07+1.37216654e-04j,
                 3.75079804e-08+1.24784828e-07j,
                -9.52554057e-05-9.51526675e-05j,
                -1.15375845e-08-2.74533370e-08j,
                 4.13617886e-04+1.83607909e-20j,
                 1.00632067e-07-7.17082660e-08j,
                -2.87475341e-04+2.85941691e-04j,
                 0.00000000e+00+0.00000000e+00j,
                 0.00000000e+00+0.00000000e+00j,
                 0.00000000e+00+0.00000000e+00j,
                 0.00000000e+00+0.00000000e+00j,
                 0.00000000e+00+0.00000000e+00j,
                 0.00000000e+00+0.00000000e+00j,
                 0.00000000e+00+0.00000000e+00j,
                 0.00000000e+00+0.00000000e+00j],
               [ 8.04239675e-08-1.51173056e-07j,
                -1.46941413e-08-4.58839744e-08j,
                 6.48332139e-08+1.60918293e-06j,
                 4.50611466e-08+2.23164955e-08j,
                -4.90808035e-07-5.17978835e-07j,
                 1.00632067e-07+7.17082660e-08j,
                 5.84704385e-06+8.49871684e-21j,
                -1.11371139e-07+4.82533374e-08j,
                 0.00000000e+00+0.00000000e+00j,
                 0.00000000e+00+0.00000000e+00j,
                 0.00000000e+00+0.00000000e+00j,
                 0.00000000e+00+0.00000000e+00j,
                 0.00000000e+00+0.00000000e+00j,
                 0.00000000e+00+0.00000000e+00j,
                 0.00000000e+00+0.00000000e+00j,
                 0.00000000e+00+0.00000000e+00j],
               [-4.62620740e-08+6.65511487e-10j,
                 9.47822351e-05-9.60029166e-05j,
                 8.52469195e-08-1.06843833e-07j,
                 6.20024974e-07+1.37168019e-04j,
                -3.77454455e-08+3.75462775e-08j,
                -2.87475341e-04-2.85941691e-04j,
                -1.11371139e-07-4.82533374e-08j,
                 4.13525921e-04+2.24477009e-20j,
                 0.00000000e+00+0.00000000e+00j,
                 0.00000000e+00+0.00000000e+00j,
                 0.00000000e+00+0.00000000e+00j,
                 0.00000000e+00+0.00000000e+00j,
                 0.00000000e+00+0.00000000e+00j,
                 0.00000000e+00+0.00000000e+00j,
                 0.00000000e+00+0.00000000e+00j,
                 0.00000000e+00+0.00000000e+00j],
               [ 0.00000000e+00+0.00000000e+00j,
                 0.00000000e+00+0.00000000e+00j,
                 0.00000000e+00+0.00000000e+00j,
                 0.00000000e+00+0.00000000e+00j,
                 0.00000000e+00+0.00000000e+00j,
                 0.00000000e+00+0.00000000e+00j,
                 0.00000000e+00+0.00000000e+00j,
                 0.00000000e+00+0.00000000e+00j,
                 1.17376846e-03+3.00326071e-17j,
                -4.58947402e-06+1.12649814e-05j,
                -1.53069564e-04+1.59450115e-04j,
                -1.52529690e-05-1.52450251e-05j,
                 3.82232538e-05+2.53178497e-03j,
                -1.95169821e-05+1.58608498e-05j,
                -2.35578794e-04-1.73910096e-04j,
                 6.92373345e-06-3.48357089e-05j],
               [ 0.00000000e+00+0.00000000e+00j,
                 0.00000000e+00+0.00000000e+00j,
                 0.00000000e+00+0.00000000e+00j,
                 0.00000000e+00+0.00000000e+00j,
                 0.00000000e+00+0.00000000e+00j,
                 0.00000000e+00+0.00000000e+00j,
                 0.00000000e+00+0.00000000e+00j,
                 0.00000000e+00+0.00000000e+00j,
                -4.58947402e-06-1.12649814e-05j,
                 2.45650913e-01-2.88235130e-17j,
                 7.50803915e-05+5.43351885e-05j,
                -1.70756254e-01+1.69845227e-01j,
                 1.81351761e-05-3.14003732e-05j,
                 3.96695193e-04+2.44173355e-01j,
                 4.07009394e-05+1.25953899e-04j,
                -1.69243874e-01-1.69805883e-01j],
               [ 0.00000000e+00+0.00000000e+00j,
                 0.00000000e+00+0.00000000e+00j,
                 0.00000000e+00+0.00000000e+00j,
                 0.00000000e+00+0.00000000e+00j,
                 0.00000000e+00+0.00000000e+00j,
                 0.00000000e+00+0.00000000e+00j,
                 0.00000000e+00+0.00000000e+00j,
                 0.00000000e+00+0.00000000e+00j,
                -1.53069564e-04-1.59450115e-04j,
                 7.50803915e-05-5.43351885e-05j,
                 1.55410451e-03-1.05566840e-17j,
                -1.06283909e-05+1.02985339e-04j,
                 1.89398835e-04-2.21638810e-04j,
                 7.39751818e-05+6.64318673e-05j,
                 3.89812026e-05+2.86627561e-03j,
                -1.10818272e-04+1.01801274e-05j],
               [ 0.00000000e+00+0.00000000e+00j,
                 0.00000000e+00+0.00000000e+00j,
                 0.00000000e+00+0.00000000e+00j,
                 0.00000000e+00+0.00000000e+00j,
                 0.00000000e+00+0.00000000e+00j,
                 0.00000000e+00+0.00000000e+00j,
                 0.00000000e+00+0.00000000e+00j,
                 0.00000000e+00+0.00000000e+00j,
                -1.52529690e-05+1.52450251e-05j,
                -1.70756254e-01-1.69845227e-01j,
                -1.06283909e-05-1.02985339e-04j,
                 2.45660201e-01-8.43035111e-17j,
                -4.46136546e-05-1.67858113e-05j,
                 1.68922970e-01-1.70350282e-01j,
                 8.69415326e-05-1.08489337e-04j,
                 3.96693745e-04+2.44086730e-01j],
               [ 0.00000000e+00+0.00000000e+00j,
                 0.00000000e+00+0.00000000e+00j,
                 0.00000000e+00+0.00000000e+00j,
                 0.00000000e+00+0.00000000e+00j,
                 0.00000000e+00+0.00000000e+00j,
                 0.00000000e+00+0.00000000e+00j,
                 0.00000000e+00+0.00000000e+00j,
                 0.00000000e+00+0.00000000e+00j,
                 3.82232538e-05-2.53178497e-03j,
                 1.81351761e-05+3.14003732e-05j,
                 1.89398835e-04+2.21638810e-04j,
                -4.46136546e-05+1.67858113e-05j,
                 6.26306826e-03+2.17901158e-17j,
                -1.11281548e-05+2.67270005e-05j,
                -5.68134678e-04+6.03785255e-04j,
                -3.66469006e-05-3.65429425e-05j],
               [ 0.00000000e+00+0.00000000e+00j,
                 0.00000000e+00+0.00000000e+00j,
                 0.00000000e+00+0.00000000e+00j,
                 0.00000000e+00+0.00000000e+00j,
                 0.00000000e+00+0.00000000e+00j,
                 0.00000000e+00+0.00000000e+00j,
                 0.00000000e+00+0.00000000e+00j,
                 0.00000000e+00+0.00000000e+00j,
                -1.95169821e-05-1.58608498e-05j,
                 3.96695193e-04-2.44173355e-01j,
                 7.39751818e-05-6.64318673e-05j,
                 1.68922970e-01+1.70350282e-01j,
                -1.11281548e-05-2.67270005e-05j,
                 2.45445094e-01+2.66570407e-17j,
                 1.17955581e-04-2.11153264e-05j,
                -1.70546473e-01+1.69636641e-01j],
               [ 0.00000000e+00+0.00000000e+00j,
                 0.00000000e+00+0.00000000e+00j,
                 0.00000000e+00+0.00000000e+00j,
                 0.00000000e+00+0.00000000e+00j,
                 0.00000000e+00+0.00000000e+00j,
                 0.00000000e+00+0.00000000e+00j,
                 0.00000000e+00+0.00000000e+00j,
                 0.00000000e+00+0.00000000e+00j,
                -2.35578794e-04+1.73910096e-04j,
                 4.07009394e-05-1.25953899e-04j,
                 3.89812026e-05-2.86627561e-03j,
                 8.69415326e-05+1.08489337e-04j,
                -5.68134678e-04-6.03785255e-04j,
                 1.17955581e-04+2.11153264e-05j,
                 7.30763546e-03-4.13252951e-17j,
                -8.81251981e-05+9.55388383e-05j],
               [ 0.00000000e+00+0.00000000e+00j,
                 0.00000000e+00+0.00000000e+00j,
                 0.00000000e+00+0.00000000e+00j,
                 0.00000000e+00+0.00000000e+00j,
                 0.00000000e+00+0.00000000e+00j,
                 0.00000000e+00+0.00000000e+00j,
                 0.00000000e+00+0.00000000e+00j,
                 0.00000000e+00+0.00000000e+00j,
                 6.92373345e-06+3.48357089e-05j,
                -1.69243874e-01+1.69805883e-01j,
                -1.10818272e-04-1.01801274e-05j,
                 3.96693745e-04-2.44086730e-01j,
                -3.66469006e-05+3.65429425e-05j,
                -1.70546473e-01-1.69636641e-01j,
                -8.81251981e-05-9.55388383e-05j,
                 2.45262635e-01+8.21370161e-17j]],
              dims=(2, 2, 2, 2))"
data/selected_mutant_qc/mutants_qpeexact_4/qpeexact_4_Mutant_Add_rzz_P10_Q2_[5.497787143782138].qasm,PureState_15,"{'0010': 144, '0110': 880}","DensityMatrix([[ 0.00000000e+00+0.00000000e+00j,
                 0.00000000e+00+0.00000000e+00j,
                 0.00000000e+00+0.00000000e+00j,
                 0.00000000e+00+0.00000000e+00j,
                 0.00000000e+00+0.00000000e+00j,
                 0.00000000e+00+0.00000000e+00j,
                 0.00000000e+00+0.00000000e+00j,
                 0.00000000e+00+0.00000000e+00j,
                -0.00000000e+00+0.00000000e+00j,
                 0.00000000e+00+0.00000000e+00j,
                -0.00000000e+00+0.00000000e+00j,
                -0.00000000e+00+0.00000000e+00j,
                -0.00000000e+00+0.00000000e+00j,
                 0.00000000e+00+0.00000000e+00j,
                 0.00000000e+00-0.00000000e+00j,
                 0.00000000e+00-0.00000000e+00j],
               [ 0.00000000e+00+0.00000000e+00j,
                 0.00000000e+00+0.00000000e+00j,
                 0.00000000e+00+0.00000000e+00j,
                 0.00000000e+00+0.00000000e+00j,
                 0.00000000e+00+0.00000000e+00j,
                 0.00000000e+00+0.00000000e+00j,
                 0.00000000e+00+0.00000000e+00j,
                 0.00000000e+00+0.00000000e+00j,
                -0.00000000e+00+0.00000000e+00j,
                 0.00000000e+00+0.00000000e+00j,
                -0.00000000e+00+0.00000000e+00j,
                -0.00000000e+00+0.00000000e+00j,
                -0.00000000e+00+0.00000000e+00j,
                 0.00000000e+00+0.00000000e+00j,
                 0.00000000e+00-0.00000000e+00j,
                 0.00000000e+00-0.00000000e+00j],
               [ 0.00000000e+00+0.00000000e+00j,
                 0.00000000e+00+0.00000000e+00j,
                 0.00000000e+00+0.00000000e+00j,
                 0.00000000e+00+0.00000000e+00j,
                 0.00000000e+00+0.00000000e+00j,
                 0.00000000e+00+0.00000000e+00j,
                 0.00000000e+00+0.00000000e+00j,
                 0.00000000e+00+0.00000000e+00j,
                -0.00000000e+00+0.00000000e+00j,
                 0.00000000e+00+0.00000000e+00j,
                -0.00000000e+00+0.00000000e+00j,
                -0.00000000e+00+0.00000000e+00j,
                -0.00000000e+00+0.00000000e+00j,
                 0.00000000e+00+0.00000000e+00j,
                 0.00000000e+00-0.00000000e+00j,
                 0.00000000e+00-0.00000000e+00j],
               [ 0.00000000e+00+0.00000000e+00j,
                 0.00000000e+00+0.00000000e+00j,
                 0.00000000e+00+0.00000000e+00j,
                 0.00000000e+00+0.00000000e+00j,
                 0.00000000e+00+0.00000000e+00j,
                 0.00000000e+00+0.00000000e+00j,
                 0.00000000e+00+0.00000000e+00j,
                 0.00000000e+00+0.00000000e+00j,
                -0.00000000e+00+0.00000000e+00j,
                 0.00000000e+00+0.00000000e+00j,
                -0.00000000e+00+0.00000000e+00j,
                -0.00000000e+00+0.00000000e+00j,
                -0.00000000e+00+0.00000000e+00j,
                 0.00000000e+00+0.00000000e+00j,
                 0.00000000e+00-0.00000000e+00j,
                 0.00000000e+00-0.00000000e+00j],
               [ 0.00000000e+00+0.00000000e+00j,
                 0.00000000e+00+0.00000000e+00j,
                 0.00000000e+00+0.00000000e+00j,
                 0.00000000e+00+0.00000000e+00j,
                 0.00000000e+00+0.00000000e+00j,
                 0.00000000e+00+0.00000000e+00j,
                 0.00000000e+00+0.00000000e+00j,
                 0.00000000e+00+0.00000000e+00j,
                -0.00000000e+00+0.00000000e+00j,
                 0.00000000e+00+0.00000000e+00j,
                -0.00000000e+00+0.00000000e+00j,
                -0.00000000e+00+0.00000000e+00j,
                -0.00000000e+00+0.00000000e+00j,
                 0.00000000e+00+0.00000000e+00j,
                 0.00000000e+00-0.00000000e+00j,
                 0.00000000e+00-0.00000000e+00j],
               [ 0.00000000e+00+0.00000000e+00j,
                 0.00000000e+00+0.00000000e+00j,
                 0.00000000e+00+0.00000000e+00j,
                 0.00000000e+00+0.00000000e+00j,
                 0.00000000e+00+0.00000000e+00j,
                 0.00000000e+00+0.00000000e+00j,
                 0.00000000e+00+0.00000000e+00j,
                 0.00000000e+00+0.00000000e+00j,
                -0.00000000e+00+0.00000000e+00j,
                 0.00000000e+00+0.00000000e+00j,
                -0.00000000e+00+0.00000000e+00j,
                -0.00000000e+00+0.00000000e+00j,
                -0.00000000e+00+0.00000000e+00j,
                 0.00000000e+00+0.00000000e+00j,
                 0.00000000e+00-0.00000000e+00j,
                 0.00000000e+00-0.00000000e+00j],
               [ 0.00000000e+00+0.00000000e+00j,
                 0.00000000e+00+0.00000000e+00j,
                 0.00000000e+00+0.00000000e+00j,
                 0.00000000e+00+0.00000000e+00j,
                 0.00000000e+00+0.00000000e+00j,
                 0.00000000e+00+0.00000000e+00j,
                 0.00000000e+00+0.00000000e+00j,
                 0.00000000e+00+0.00000000e+00j,
                -0.00000000e+00+0.00000000e+00j,
                 0.00000000e+00+0.00000000e+00j,
                -0.00000000e+00+0.00000000e+00j,
                -0.00000000e+00+0.00000000e+00j,
                -0.00000000e+00+0.00000000e+00j,
                 0.00000000e+00+0.00000000e+00j,
                 0.00000000e+00-0.00000000e+00j,
                 0.00000000e+00-0.00000000e+00j],
               [ 0.00000000e+00+0.00000000e+00j,
                 0.00000000e+00+0.00000000e+00j,
                 0.00000000e+00+0.00000000e+00j,
                 0.00000000e+00+0.00000000e+00j,
                 0.00000000e+00+0.00000000e+00j,
                 0.00000000e+00+0.00000000e+00j,
                 0.00000000e+00+0.00000000e+00j,
                 0.00000000e+00+0.00000000e+00j,
                -0.00000000e+00+0.00000000e+00j,
                 0.00000000e+00+0.00000000e+00j,
                -0.00000000e+00+0.00000000e+00j,
                -0.00000000e+00+0.00000000e+00j,
                -0.00000000e+00+0.00000000e+00j,
                 0.00000000e+00+0.00000000e+00j,
                 0.00000000e+00-0.00000000e+00j,
                 0.00000000e+00-0.00000000e+00j],
               [-0.00000000e+00+0.00000000e+00j,
                -0.00000000e+00+0.00000000e+00j,
                -0.00000000e+00+0.00000000e+00j,
                -0.00000000e+00+0.00000000e+00j,
                -0.00000000e+00+0.00000000e+00j,
                -0.00000000e+00+0.00000000e+00j,
                -0.00000000e+00+0.00000000e+00j,
                -0.00000000e+00+0.00000000e+00j,
                 3.90291951e-34+0.00000000e+00j,
                -5.38948995e-34-2.74543419e-34j,
                 7.53697139e-18+5.92448491e-19j,
                 5.75226002e-34-1.86962976e-34j,
                 1.54074396e-33-3.73925951e-34j,
                 2.74543419e-34-5.38948995e-34j,
                -1.43029718e-18+1.81958586e-17j,
                 1.86962976e-34+5.75226002e-34j],
               [ 0.00000000e+00+0.00000000e+00j,
                 0.00000000e+00+0.00000000e+00j,
                 0.00000000e+00+0.00000000e+00j,
                 0.00000000e+00+0.00000000e+00j,
                 0.00000000e+00+0.00000000e+00j,
                 0.00000000e+00+0.00000000e+00j,
                 0.00000000e+00+0.00000000e+00j,
                 0.00000000e+00+0.00000000e+00j,
                -5.38948995e-34+2.74543419e-34j,
                 9.37349864e-34+0.00000000e+00j,
                -1.08244507e-17+4.48363429e-18j,
                -6.62806445e-34+6.62806445e-34j,
                -1.86456189e-33+1.60015631e-33j,
                 2.56585412e-49+9.37349864e-34j,
                -1.08244507e-17-2.61325357e-17j,
                -6.62806445e-34-6.62806445e-34j],
               [-0.00000000e+00+0.00000000e+00j,
                -0.00000000e+00+0.00000000e+00j,
                -0.00000000e+00+0.00000000e+00j,
                -0.00000000e+00+0.00000000e+00j,
                -0.00000000e+00+0.00000000e+00j,
                -0.00000000e+00+0.00000000e+00j,
                -0.00000000e+00+0.00000000e+00j,
                -0.00000000e+00+0.00000000e+00j,
                 7.53697139e-18-5.92448491e-19j,
                -1.08244507e-17-4.48363429e-18j,
                 1.46446609e-01+0.00000000e+00j,
                 1.08244507e-17-4.48363429e-18j,
                 2.91858728e-17-9.55971706e-18j,
                 4.48363429e-18-1.08244507e-17j,
                -2.77555756e-17+3.53553391e-01j,
                 4.48363429e-18+1.08244507e-17j],
               [-0.00000000e+00+0.00000000e+00j,
                -0.00000000e+00+0.00000000e+00j,
                -0.00000000e+00+0.00000000e+00j,
                -0.00000000e+00+0.00000000e+00j,
                -0.00000000e+00+0.00000000e+00j,
                -0.00000000e+00+0.00000000e+00j,
                -0.00000000e+00+0.00000000e+00j,
                -0.00000000e+00+0.00000000e+00j,
                 5.75226002e-34+1.86962976e-34j,
                -6.62806445e-34-6.62806445e-34j,
                 1.08244507e-17+4.48363429e-18j,
                 9.37349864e-34+0.00000000e+00j,
                 2.44992573e-33+1.86962976e-34j,
                 6.62806445e-34-6.62806445e-34j,
                -1.08244507e-17+2.61325357e-17j,
                 5.13170824e-49+9.37349864e-34j],
               [-0.00000000e+00+0.00000000e+00j,
                -0.00000000e+00+0.00000000e+00j,
                -0.00000000e+00+0.00000000e+00j,
                -0.00000000e+00+0.00000000e+00j,
                -0.00000000e+00+0.00000000e+00j,
                -0.00000000e+00+0.00000000e+00j,
                -0.00000000e+00+0.00000000e+00j,
                -0.00000000e+00+0.00000000e+00j,
                 1.54074396e-33+3.73925951e-34j,
                -1.86456189e-33-1.60015631e-33j,
                 2.91858728e-17+9.55971706e-18j,
                 2.44992573e-33-1.86962976e-34j,
                 6.44059542e-33+0.00000000e+00j,
                 1.60015631e-33-1.86456189e-33j,
                -2.30791986e-17+7.04609299e-17j,
                 1.86962976e-34+2.44992573e-33j],
               [ 0.00000000e+00-0.00000000e+00j,
                 0.00000000e+00-0.00000000e+00j,
                 0.00000000e+00-0.00000000e+00j,
                 0.00000000e+00-0.00000000e+00j,
                 0.00000000e+00-0.00000000e+00j,
                 0.00000000e+00-0.00000000e+00j,
                 0.00000000e+00-0.00000000e+00j,
                 0.00000000e+00-0.00000000e+00j,
                 2.74543419e-34+5.38948995e-34j,
                 2.56585412e-49-9.37349864e-34j,
                 4.48363429e-18+1.08244507e-17j,
                 6.62806445e-34+6.62806445e-34j,
                 1.60015631e-33+1.86456189e-33j,
                 9.37349864e-34+0.00000000e+00j,
                -2.61325357e-17+1.08244507e-17j,
                -6.62806445e-34+6.62806445e-34j],
               [ 0.00000000e+00+0.00000000e+00j,
                 0.00000000e+00+0.00000000e+00j,
                 0.00000000e+00+0.00000000e+00j,
                 0.00000000e+00+0.00000000e+00j,
                 0.00000000e+00+0.00000000e+00j,
                 0.00000000e+00+0.00000000e+00j,
                 0.00000000e+00+0.00000000e+00j,
                 0.00000000e+00+0.00000000e+00j,
                -1.43029718e-18-1.81958586e-17j,
                -1.08244507e-17+2.61325357e-17j,
                -2.77555756e-17-3.53553391e-01j,
                -1.08244507e-17-2.61325357e-17j,
                -2.30791986e-17-7.04609299e-17j,
                -2.61325357e-17-1.08244507e-17j,
                 8.53553391e-01+0.00000000e+00j,
                 2.61325357e-17-1.08244507e-17j],
               [ 0.00000000e+00+0.00000000e+00j,
                 0.00000000e+00+0.00000000e+00j,
                 0.00000000e+00+0.00000000e+00j,
                 0.00000000e+00+0.00000000e+00j,
                 0.00000000e+00+0.00000000e+00j,
                 0.00000000e+00+0.00000000e+00j,
                 0.00000000e+00+0.00000000e+00j,
                 0.00000000e+00+0.00000000e+00j,
                 1.86962976e-34-5.75226002e-34j,
                -6.62806445e-34+6.62806445e-34j,
                 4.48363429e-18-1.08244507e-17j,
                 5.13170824e-49-9.37349864e-34j,
                 1.86962976e-34-2.44992573e-33j,
                -6.62806445e-34-6.62806445e-34j,
                 2.61325357e-17+1.08244507e-17j,
                 9.37349864e-34+0.00000000e+00j]],
              dims=(2, 2, 2, 2))","{'0101': 1, '0100': 17, '0111': 3, '0011': 2, '0001': 3, '0000': 1, '0010': 158, '0110': 839}","DensityMatrix([[ 1.00376631e-05-3.56081391e-20j,
                -6.02797226e-10+1.55729011e-09j,
                -5.25640932e-07-2.87882904e-07j,
                -3.52675862e-08-1.47631981e-08j,
                 2.25201744e-07-1.70676760e-06j,
                 2.95807769e-10+1.53488867e-09j,
                -1.24616053e-07+2.21965622e-07j,
                -9.64223294e-09+2.30318079e-08j,
                 0.00000000e+00+0.00000000e+00j,
                 0.00000000e+00+0.00000000e+00j,
                 0.00000000e+00+0.00000000e+00j,
                 0.00000000e+00+0.00000000e+00j,
                 0.00000000e+00+0.00000000e+00j,
                 0.00000000e+00+0.00000000e+00j,
                 0.00000000e+00+0.00000000e+00j,
                 0.00000000e+00+0.00000000e+00j],
               [-6.02797226e-10-1.55729011e-09j,
                 5.75745064e-06-2.55318316e-21j,
                 1.67805993e-07+6.02765878e-08j,
                -7.45359375e-07-1.84188994e-07j,
                -3.48110787e-10-1.19136548e-09j,
                 9.71183901e-09-1.83921381e-06j,
                -4.20976683e-09+1.20456122e-08j,
                -1.10270702e-07+2.01738258e-07j,
                 0.00000000e+00+0.00000000e+00j,
                 0.00000000e+00+0.00000000e+00j,
                 0.00000000e+00+0.00000000e+00j,
                 0.00000000e+00+0.00000000e+00j,
                 0.00000000e+00+0.00000000e+00j,
                 0.00000000e+00+0.00000000e+00j,
                 0.00000000e+00+0.00000000e+00j,
                 0.00000000e+00+0.00000000e+00j],
               [-5.25640932e-07+2.87882904e-07j,
                 1.67805993e-07-6.02765878e-08j,
                 1.01396829e-03+1.71200997e-19j,
                -9.14576977e-08+2.68087148e-07j,
                 1.92424735e-08-2.84161977e-08j,
                 5.64389546e-08-7.05979821e-08j,
                 1.01727930e-06-1.92767058e-04j,
                 5.17172098e-08+1.67204520e-07j,
                 0.00000000e+00+0.00000000e+00j,
                 0.00000000e+00+0.00000000e+00j,
                 0.00000000e+00+0.00000000e+00j,
                 0.00000000e+00+0.00000000e+00j,
                 0.00000000e+00+0.00000000e+00j,
                 0.00000000e+00+0.00000000e+00j,
                 0.00000000e+00+0.00000000e+00j,
                 0.00000000e+00+0.00000000e+00j],
               [-3.52675862e-08+1.47631981e-08j,
                -7.45359375e-07+1.84188994e-07j,
                -9.14576977e-08-2.68087148e-07j,
                 6.16355909e-06-1.85995912e-20j,
                -1.07340742e-09-2.43506864e-09j,
                 1.06861195e-07+1.98692940e-07j,
                -8.85075805e-09-7.42241135e-08j,
                 1.16381222e-07-1.86231258e-06j,
                 0.00000000e+00+0.00000000e+00j,
                 0.00000000e+00+0.00000000e+00j,
                 0.00000000e+00+0.00000000e+00j,
                 0.00000000e+00+0.00000000e+00j,
                 0.00000000e+00+0.00000000e+00j,
                 0.00000000e+00+0.00000000e+00j,
                 0.00000000e+00+0.00000000e+00j,
                 0.00000000e+00+0.00000000e+00j],
               [ 2.25201744e-07+1.70676760e-06j,
                -3.48110787e-10+1.19136548e-09j,
                 1.92424735e-08+2.84161977e-08j,
                -1.07340742e-09+2.43506864e-09j,
                 6.47084742e-06-5.32084538e-20j,
                -5.67708407e-10+1.06457798e-09j,
                -2.98052149e-07-1.77879230e-07j,
                -2.67975829e-08-1.11529034e-08j,
                 0.00000000e+00+0.00000000e+00j,
                 0.00000000e+00+0.00000000e+00j,
                 0.00000000e+00+0.00000000e+00j,
                 0.00000000e+00+0.00000000e+00j,
                 0.00000000e+00+0.00000000e+00j,
                 0.00000000e+00+0.00000000e+00j,
                 0.00000000e+00+0.00000000e+00j,
                 0.00000000e+00+0.00000000e+00j],
               [ 2.95807769e-10-1.53488867e-09j,
                 9.71183901e-09+1.83921381e-06j,
                 5.64389546e-08+7.05979821e-08j,
                 1.06861195e-07-1.98692940e-07j,
                -5.67708407e-10-1.06457798e-09j,
                 5.75495224e-06-6.81862752e-21j,
                 8.15656864e-08-6.50188138e-08j,
                -7.45035204e-07-1.84266295e-07j,
                 0.00000000e+00+0.00000000e+00j,
                 0.00000000e+00+0.00000000e+00j,
                 0.00000000e+00+0.00000000e+00j,
                 0.00000000e+00+0.00000000e+00j,
                 0.00000000e+00+0.00000000e+00j,
                 0.00000000e+00+0.00000000e+00j,
                 0.00000000e+00+0.00000000e+00j,
                 0.00000000e+00+0.00000000e+00j],
               [-1.24616053e-07-2.21965622e-07j,
                -4.20976683e-09-1.20456122e-08j,
                 1.01727930e-06+1.92767058e-04j,
                -8.85075805e-09+7.42241135e-08j,
                -2.98052149e-07+1.77879230e-07j,
                 8.15656864e-08+6.50188138e-08j,
                 6.28241130e-04-1.07894008e-19j,
                -1.15009689e-07+9.24183037e-08j,
                 0.00000000e+00+0.00000000e+00j,
                 0.00000000e+00+0.00000000e+00j,
                 0.00000000e+00+0.00000000e+00j,
                 0.00000000e+00+0.00000000e+00j,
                 0.00000000e+00+0.00000000e+00j,
                 0.00000000e+00+0.00000000e+00j,
                 0.00000000e+00+0.00000000e+00j,
                 0.00000000e+00+0.00000000e+00j],
               [-9.64223294e-09-2.30318079e-08j,
                -1.10270702e-07-2.01738258e-07j,
                 5.17172098e-08-1.67204520e-07j,
                 1.16381222e-07+1.86231258e-06j,
                -2.67975829e-08+1.11529034e-08j,
                -7.45035204e-07+1.84266295e-07j,
                -1.15009689e-07-9.24183037e-08j,
                 6.18488637e-06+2.92487776e-20j,
                 0.00000000e+00+0.00000000e+00j,
                 0.00000000e+00+0.00000000e+00j,
                 0.00000000e+00+0.00000000e+00j,
                 0.00000000e+00+0.00000000e+00j,
                 0.00000000e+00+0.00000000e+00j,
                 0.00000000e+00+0.00000000e+00j,
                 0.00000000e+00+0.00000000e+00j,
                 0.00000000e+00+0.00000000e+00j],
               [ 0.00000000e+00+0.00000000e+00j,
                 0.00000000e+00+0.00000000e+00j,
                 0.00000000e+00+0.00000000e+00j,
                 0.00000000e+00+0.00000000e+00j,
                 0.00000000e+00+0.00000000e+00j,
                 0.00000000e+00+0.00000000e+00j,
                 0.00000000e+00+0.00000000e+00j,
                 0.00000000e+00+0.00000000e+00j,
                 1.72798631e-03-1.89479959e-17j,
                -2.18365157e-07+4.91171236e-07j,
                -4.20716514e-05-4.03765498e-05j,
                -1.08192963e-05-4.49604472e-06j,
                 1.34147677e-04+3.03603694e-03j,
                -6.32190297e-07+4.99849460e-07j,
                 9.66789390e-05-9.78816035e-05j,
                 4.43943309e-06-1.07301863e-05j],
               [ 0.00000000e+00+0.00000000e+00j,
                 0.00000000e+00+0.00000000e+00j,
                 0.00000000e+00+0.00000000e+00j,
                 0.00000000e+00+0.00000000e+00j,
                 0.00000000e+00+0.00000000e+00j,
                 0.00000000e+00+0.00000000e+00j,
                 0.00000000e+00+0.00000000e+00j,
                 0.00000000e+00+0.00000000e+00j,
                -2.18365157e-07-4.91171236e-07j,
                 3.41565958e-03+8.35502167e-18j,
                 5.13102297e-05+1.84597378e-05j,
                -4.42306915e-04-1.09314583e-04j,
                 7.70153831e-07-1.02420283e-06j,
                 6.14356211e-06+3.27283084e-03j,
                -4.42255189e-05+1.23470103e-04j,
                 1.92125901e-04-3.55401319e-04j],
               [ 0.00000000e+00+0.00000000e+00j,
                 0.00000000e+00+0.00000000e+00j,
                 0.00000000e+00+0.00000000e+00j,
                 0.00000000e+00+0.00000000e+00j,
                 0.00000000e+00+0.00000000e+00j,
                 0.00000000e+00+0.00000000e+00j,
                 0.00000000e+00+0.00000000e+00j,
                 0.00000000e+00+0.00000000e+00j,
                -4.20716514e-05+4.03765498e-05j,
                 5.13102297e-05-1.84597378e-05j,
                 1.44375664e-01+8.66720588e-17j,
                -2.80754732e-05+8.21301389e-05j,
                -1.59257152e-04-2.46407069e-04j,
                -2.59544369e-05+3.26690729e-05j,
                 6.60862374e-04+3.42902294e-01j,
                -5.36625713e-05-6.04178116e-06j],
               [ 0.00000000e+00+0.00000000e+00j,
                 0.00000000e+00+0.00000000e+00j,
                 0.00000000e+00+0.00000000e+00j,
                 0.00000000e+00+0.00000000e+00j,
                 0.00000000e+00+0.00000000e+00j,
                 0.00000000e+00+0.00000000e+00j,
                 0.00000000e+00+0.00000000e+00j,
                 0.00000000e+00+0.00000000e+00j,
                -1.08192963e-05+4.49604472e-06j,
                -4.42306915e-04+1.09314583e-04j,
                -2.80754732e-05-8.21301389e-05j,
                 3.68514157e-03-1.88438390e-17j,
                -1.08543948e-05-2.58743123e-05j,
                -1.94225297e-04-3.57155173e-04j,
                 1.80327096e-04-1.07268107e-04j,
                 6.94397817e-05+3.31396253e-03j],
               [ 0.00000000e+00+0.00000000e+00j,
                 0.00000000e+00+0.00000000e+00j,
                 0.00000000e+00+0.00000000e+00j,
                 0.00000000e+00+0.00000000e+00j,
                 0.00000000e+00+0.00000000e+00j,
                 0.00000000e+00+0.00000000e+00j,
                 0.00000000e+00+0.00000000e+00j,
                 0.00000000e+00+0.00000000e+00j,
                 1.34147677e-04-3.03603694e-03j,
                 7.70153831e-07+1.02420283e-06j,
                -1.59257152e-04+2.46407069e-04j,
                -1.08543948e-05+2.58743123e-05j,
                 8.06690943e-03-7.44086471e-17j,
                -5.50740984e-07+9.69942441e-07j,
                -4.46653976e-04-2.35954619e-04j,
                -2.60199521e-05-1.08161709e-05j],
               [ 0.00000000e+00+0.00000000e+00j,
                 0.00000000e+00+0.00000000e+00j,
                 0.00000000e+00+0.00000000e+00j,
                 0.00000000e+00+0.00000000e+00j,
                 0.00000000e+00+0.00000000e+00j,
                 0.00000000e+00+0.00000000e+00j,
                 0.00000000e+00+0.00000000e+00j,
                 0.00000000e+00+0.00000000e+00j,
                -6.32190297e-07-4.99849460e-07j,
                 6.14356211e-06-3.27283084e-03j,
                -2.59544369e-05-3.26690729e-05j,
                -1.94225297e-04+3.57155173e-04j,
                -5.50740984e-07-9.69942441e-07j,
                 3.41494615e-03-1.80830164e-17j,
                 7.92217574e-05-6.32010571e-05j,
                -4.41982763e-04-1.09299236e-04j],
               [ 0.00000000e+00+0.00000000e+00j,
                 0.00000000e+00+0.00000000e+00j,
                 0.00000000e+00+0.00000000e+00j,
                 0.00000000e+00+0.00000000e+00j,
                 0.00000000e+00+0.00000000e+00j,
                 0.00000000e+00+0.00000000e+00j,
                 0.00000000e+00+0.00000000e+00j,
                 0.00000000e+00+0.00000000e+00j,
                 9.66789390e-05+9.78816035e-05j,
                -4.42255189e-05-1.23470103e-04j,
                 6.60862374e-04-3.42902294e-01j,
                 1.80327096e-04+1.07268107e-04j,
                -4.46653976e-04+2.35954619e-04j,
                 7.92217574e-05+6.32010571e-05j,
                 8.29989618e-01-2.43043296e-17j,
                -1.11806713e-04+8.97315938e-05j],
               [ 0.00000000e+00+0.00000000e+00j,
                 0.00000000e+00+0.00000000e+00j,
                 0.00000000e+00+0.00000000e+00j,
                 0.00000000e+00+0.00000000e+00j,
                 0.00000000e+00+0.00000000e+00j,
                 0.00000000e+00+0.00000000e+00j,
                 0.00000000e+00+0.00000000e+00j,
                 0.00000000e+00+0.00000000e+00j,
                 4.43943309e-06+1.07301863e-05j,
                 1.92125901e-04+3.55401319e-04j,
                -5.36625713e-05+6.04178116e-06j,
                 6.94397817e-05-3.31396253e-03j,
                -2.60199521e-05+1.08161709e-05j,
                -4.41982763e-04+1.09299236e-04j,
                -1.11806713e-04-8.97315938e-05j,
                 3.64149495e-03+1.88630652e-17j]],
              dims=(2, 2, 2, 2))"
data/selected_mutant_qc/mutants_qpeexact_4/qpeexact_4_Mutant_Add_rzz_P10_Q2_[5.497787143782138].qasm,Quratest_0,"{'0100': 21, '0001': 121, '0101': 96, '0011': 50, '0111': 32, '0110': 414, '0000': 10, '0010': 280}","DensityMatrix([[ 2.01113987e-03+0.00000000e+00j,
                -3.81909814e-03+2.04177692e-03j,
                -4.99803663e-03+8.65708194e-03j,
                 5.41773037e-04-2.87403336e-03j,
                 1.35786894e-03-7.62359335e-04j,
                 4.63962705e-03+2.46476759e-03j,
                -9.29181894e-05+7.73963204e-03j,
                -3.26073886e-03+1.39860165e-03j,
                 3.74384053e-03-2.10193465e-03j,
                 1.27921210e-02+6.79571977e-03j,
                -2.56188851e-04+2.13392819e-02j,
                -8.99032736e-03+3.85614648e-03j,
                 5.54500271e-03+1.73472348e-18j,
                -1.05298044e-02+5.62947348e-03j,
                -1.37803079e-02+2.38688236e-02j,
                 1.49374641e-03-7.92412454e-03j],
               [-3.81909814e-03-2.04177692e-03j,
                 9.32524082e-03+0.00000000e+00j,
                 1.82800923e-02-1.13653804e-02j,
                -3.94662724e-03+4.90768243e-03j,
                -3.35252786e-03+6.91446950e-05j,
                -6.30820641e-03-9.39083007e-03j,
                 8.03398412e-03-1.46030102e-02j,
                 7.61195902e-03+6.54506640e-04j,
                -9.24340288e-03+1.90641897e-04j,
                -1.73926350e-02-2.58918730e-02j,
                 2.21508530e-02-4.02626056e-02j,
                 2.09872690e-02+1.80456921e-03j,
                -1.05298044e-02-5.62947348e-03j,
                 2.57110340e-02+1.04083409e-17j,
                 5.04008513e-02-3.13359931e-02j,
                -1.08814206e-02+1.35311883e-02j],
               [-4.99803663e-03-8.65708194e-03j,
                 1.82800923e-02+1.13653804e-02j,
                 4.96859714e-02+0.00000000e+00j,
                -1.37178643e-02+4.81038172e-03j,
                -6.65616855e-03-3.95043772e-03j,
                -9.20538124e-04-2.60969568e-02j,
                 3.35466659e-02-1.88343758e-02j,
                 1.41238816e-02+1.05602905e-02j,
                -1.83520168e-02-1.08919266e-02j,
                -2.53805639e-03-7.19530741e-02j,
                 9.24929967e-02-5.19290908e-02j,
                 3.89415787e-02+2.91162441e-02j,
                -1.37803079e-02-2.38688236e-02j,
                 5.04008513e-02+3.13359931e-02j,
                 1.36991390e-01-1.38777878e-17j,
                -3.78221306e-02+1.32629163e-02j],
               [ 5.41773037e-04+2.87403336e-03j,
                -3.94662724e-03-4.90768243e-03j,
                -1.37178643e-02-4.81038172e-03j,
                 4.25310340e-03+0.00000000e+00j,
                 1.45524585e-03+1.73510304e-03j,
                -2.27244238e-03+7.29426520e-03j,
                -1.10854057e-02+1.95216357e-03j,
                -2.87707896e-03-4.28301768e-03j,
                 4.01232271e-03+4.78392936e-03j,
                -6.26545141e-03+2.01113413e-02j,
                -3.05640624e-02+5.38239654e-03j,
                -7.93252168e-03-1.18088975e-02j,
                 1.49374641e-03+7.92412454e-03j,
                -1.08814206e-02-1.35311883e-02j,
                -3.78221306e-02-1.32629163e-02j,
                 1.17264195e-02+8.67361738e-19j],
               [ 1.35786894e-03+7.62359335e-04j,
                -3.35252786e-03-6.91446950e-05j,
                -6.65616855e-03+3.95043772e-03j,
                 1.45524585e-03-1.73510304e-03j,
                 1.20578377e-03+0.00000000e+00j,
                 2.19823939e-03+3.42288195e-03j,
                -2.99658495e-03+5.19037441e-03j,
                -2.73173096e-03-2.91743493e-04j,
                 3.32451978e-03-5.42101086e-20j,
                 6.06086307e-03+9.43737924e-03j,
                -8.26201693e-03+1.43106109e-02j,
                -7.53177628e-03-8.04378892e-04j,
                 3.74384053e-03+2.10193465e-03j,
                -9.24340288e-03-1.90641897e-04j,
                -1.83520168e-02+1.08919266e-02j,
                 4.01232271e-03-4.78392936e-03j],
               [ 4.63962705e-03-2.46476759e-03j,
                -6.30820641e-03+9.39083007e-03j,
                -9.20538124e-04+2.60969568e-02j,
                -2.27244238e-03-7.29426520e-03j,
                 2.19823939e-03-3.42288195e-03j,
                 1.37241665e-02+0.00000000e+00j,
                 9.27100535e-03+1.79689282e-02j,
                -5.80834001e-03+7.22274653e-03j,
                 6.06086307e-03-9.43737924e-03j,
                 3.78395066e-02+3.46944695e-18j,
                 2.55614990e-02+4.95429268e-02j,
                -1.60144312e-02+1.99141540e-02j,
                 1.27921210e-02-6.79571977e-03j,
                -1.73926350e-02+2.58918730e-02j,
                -2.53805639e-03+7.19530741e-02j,
                -6.26545141e-03-2.01113413e-02j],
               [-9.29181894e-05-7.73963204e-03j,
                 8.03398412e-03+1.46030102e-02j,
                 3.35466659e-02+1.88343758e-02j,
                -1.10854057e-02-1.95216357e-03j,
                -2.99658495e-03-5.19037441e-03j,
                 9.27100535e-03-1.79689282e-02j,
                 2.97893443e-02+0.00000000e+00j,
                 5.53300357e-03+1.24839469e-02j,
                -8.26201693e-03-1.43106109e-02j,
                 2.55614990e-02-4.95429268e-02j,
                 8.21335189e-02-6.93889390e-18j,
                 1.52552889e-02+3.44200424e-02j,
                -2.56188851e-04-2.13392819e-02j,
                 2.21508530e-02+4.02626056e-02j,
                 9.24929967e-02+5.19290908e-02j,
                -3.05640624e-02-5.38239654e-03j],
               [-3.26073886e-03-1.39860165e-03j,
                 7.61195902e-03-6.54506640e-04j,
                 1.41238816e-02-1.05602905e-02j,
                -2.87707896e-03+4.28301768e-03j,
                -2.73173096e-03+2.91743493e-04j,
                -5.80834001e-03-7.22274653e-03j,
                 5.53300357e-03-1.24839469e-02j,
                 6.25938786e-03+0.00000000e+00j,
                -7.53177628e-03+8.04378892e-04j,
                -1.60144312e-02-1.99141540e-02j,
                 1.52552889e-02-3.44200424e-02j,
                 1.72580352e-02+5.25838054e-18j,
                -8.99032736e-03-3.85614648e-03j,
                 2.09872690e-02-1.80456921e-03j,
                 3.89415787e-02-2.91162441e-02j,
                -7.93252168e-03+1.18088975e-02j],
               [ 3.74384053e-03+2.10193465e-03j,
                -9.24340288e-03-1.90641897e-04j,
                -1.83520168e-02+1.08919266e-02j,
                 4.01232271e-03-4.78392936e-03j,
                 3.32451978e-03+5.42101086e-20j,
                 6.06086307e-03+9.43737924e-03j,
                -8.26201693e-03+1.43106109e-02j,
                -7.53177628e-03-8.04378892e-04j,
                 9.16618056e-03+0.00000000e+00j,
                 1.67106737e-02+2.60202158e-02j,
                -2.27795724e-02+3.94564184e-02j,
                -2.07661936e-02-2.21778863e-03j,
                 1.03223083e-02+5.79533701e-03j,
                -2.54853950e-02-5.25627210e-04j,
                -5.05991573e-02+3.00306127e-02j,
                 1.10625524e-02-1.31899833e-02j],
               [ 1.27921210e-02-6.79571977e-03j,
                -1.73926350e-02+2.58918730e-02j,
                -2.53805639e-03+7.19530741e-02j,
                -6.26545141e-03-2.01113413e-02j,
                 6.06086307e-03-9.43737924e-03j,
                 3.78395066e-02-3.46944695e-18j,
                 2.55614990e-02+4.95429268e-02j,
                -1.60144312e-02+1.99141540e-02j,
                 1.67106737e-02-2.60202158e-02j,
                 1.04328978e-01+0.00000000e+00j,
                 7.04767398e-02+1.36596995e-01j,
                -4.41540968e-02+5.49061950e-02j,
                 3.52697227e-02-1.87367796e-02j,
                -4.79540034e-02+7.13876286e-02j,
                -6.99778755e-03+1.98385004e-01j,
                -1.72747533e-02-5.54498688e-02j],
               [-2.56188851e-04-2.13392819e-02j,
                 2.21508530e-02+4.02626056e-02j,
                 9.24929967e-02+5.19290908e-02j,
                -3.05640624e-02-5.38239654e-03j,
                -8.26201693e-03-1.43106109e-02j,
                 2.55614990e-02-4.95429268e-02j,
                 8.21335189e-02+6.93889390e-18j,
                 1.52552889e-02+3.44200424e-02j,
                -2.27795724e-02-3.94564184e-02j,
                 7.04767398e-02-1.36596995e-01j,
                 2.26453959e-01+0.00000000e+00j,
                 4.20610320e-02+9.49010216e-02j,
                -7.06349615e-04-5.88354782e-02j,
                 6.10730969e-02+1.11009811e-01j,
                 2.55016533e-01+1.43175994e-01j,
                -8.42695285e-02-1.48400436e-02j],
               [-8.99032736e-03-3.85614648e-03j,
                 2.09872690e-02-1.80456921e-03j,
                 3.89415787e-02-2.91162441e-02j,
                -7.93252168e-03+1.18088975e-02j,
                -7.53177628e-03+8.04378892e-04j,
                -1.60144312e-02-1.99141540e-02j,
                 1.52552889e-02-3.44200424e-02j,
                 1.72580352e-02-5.25838054e-18j,
                -2.07661936e-02+2.21778863e-03j,
                -4.41540968e-02-5.49061950e-02j,
                 4.20610320e-02-9.49010216e-02j,
                 4.75828923e-02+0.00000000e+00j,
                -2.47876293e-02-1.06319521e-02j,
                 5.78649278e-02-4.97545761e-03j,
                 1.07367550e-01-8.02776846e-02j,
                -2.18711064e-02+3.25588338e-02j],
               [ 5.54500271e-03-1.73472348e-18j,
                -1.05298044e-02+5.62947348e-03j,
                -1.37803079e-02+2.38688236e-02j,
                 1.49374641e-03-7.92412454e-03j,
                 3.74384053e-03-2.10193465e-03j,
                 1.27921210e-02+6.79571977e-03j,
                -2.56188851e-04+2.13392819e-02j,
                -8.99032736e-03+3.85614648e-03j,
                 1.03223083e-02-5.79533701e-03j,
                 3.52697227e-02+1.87367796e-02j,
                -7.06349615e-04+5.88354782e-02j,
                -2.47876293e-02+1.06319521e-02j,
                 1.52883723e-02+0.00000000e+00j,
                -2.90321897e-02+1.55212704e-02j,
                -3.79942966e-02+6.58097895e-02j,
                 4.11847431e-03-2.18479543e-02j],
               [-1.05298044e-02-5.62947348e-03j,
                 2.57110340e-02-1.04083409e-17j,
                 5.04008513e-02-3.13359931e-02j,
                -1.08814206e-02+1.35311883e-02j,
                -9.24340288e-03+1.90641897e-04j,
                -1.73926350e-02-2.58918730e-02j,
                 2.21508530e-02-4.02626056e-02j,
                 2.09872690e-02+1.80456921e-03j,
                -2.54853950e-02+5.25627210e-04j,
                -4.79540034e-02-7.13876286e-02j,
                 6.10730969e-02-1.11009811e-01j,
                 5.78649278e-02+4.97545761e-03j,
                -2.90321897e-02-1.55212704e-02j,
                 7.08890293e-02+0.00000000e+00j,
                 1.38962417e-01-8.63978530e-02j,
                -3.00016461e-02+3.73074380e-02j],
               [-1.37803079e-02-2.38688236e-02j,
                 5.04008513e-02+3.13359931e-02j,
                 1.36991390e-01+1.38777878e-17j,
                -3.78221306e-02+1.32629163e-02j,
                -1.83520168e-02-1.08919266e-02j,
                -2.53805639e-03-7.19530741e-02j,
                 9.24929967e-02-5.19290908e-02j,
                 3.89415787e-02+2.91162441e-02j,
                -5.05991573e-02-3.00306127e-02j,
                -6.99778755e-03-1.98385004e-01j,
                 2.55016533e-01-1.43175994e-01j,
                 1.07367550e-01+8.02776846e-02j,
                -3.79942966e-02-6.58097895e-02j,
                 1.38962417e-01+8.63978530e-02j,
                 3.77705021e-01+0.00000000e+00j,
                -1.04281069e-01+3.65677732e-02j],
               [ 1.49374641e-03+7.92412454e-03j,
                -1.08814206e-02-1.35311883e-02j,
                -3.78221306e-02-1.32629163e-02j,
                 1.17264195e-02-8.67361738e-19j,
                 4.01232271e-03+4.78392936e-03j,
                -6.26545141e-03+2.01113413e-02j,
                -3.05640624e-02+5.38239654e-03j,
                -7.93252168e-03-1.18088975e-02j,
                 1.10625524e-02+1.31899833e-02j,
                -1.72747533e-02+5.54498688e-02j,
                -8.42695285e-02+1.48400436e-02j,
                -2.18711064e-02-3.25588338e-02j,
                 4.11847431e-03+2.18479543e-02j,
                -3.00016461e-02-3.73074380e-02j,
                -1.04281069e-01-3.65677732e-02j,
                 3.23314301e-02+0.00000000e+00j]],
              dims=(2, 2, 2, 2))","{'0111': 40, '0011': 47, '0100': 21, '0101': 85, '0000': 18, '0010': 278, '0001': 118, '0110': 417}","DensityMatrix([[ 2.67743172e-03-1.28664963e-18j,
                -3.71771107e-03+2.05141253e-03j,
                -4.94064681e-03+8.51601372e-03j,
                 4.90735779e-04-2.78677549e-03j,
                 1.58511843e-03-1.00525175e-03j,
                 4.53026619e-03+2.41578810e-03j,
                -1.06751707e-04+7.51955820e-03j,
                -3.16804480e-03+1.33544870e-03j,
                 4.31372494e-03-2.73536675e-03j,
                 1.23173464e-02+6.53220660e-03j,
                -2.85615678e-04+2.04494408e-02j,
                -8.58911641e-03+3.62604804e-03j,
                 7.15194621e-03+9.56598291e-07j,
                -1.01110900e-02+5.44354793e-03j,
                -1.33031008e-02+2.29222656e-02j,
                 1.39676718e-03-7.56530614e-03j],
               [-3.71771107e-03-2.05141253e-03j,
                 9.61788386e-03+1.29251527e-18j,
                 1.78724427e-02-1.08105059e-02j,
                -3.94148831e-03+4.83949687e-03j,
                -3.25512086e-03+5.77512377e-05j,
                -5.90230689e-03-9.34297095e-03j,
                 7.75542140e-03-1.40449401e-02j,
                 7.30969951e-03+6.78729289e-04j,
                -8.86758385e-03+1.40725843e-04j,
                -1.61027074e-02-2.53984012e-02j,
                 2.12370090e-02-3.82469853e-02j,
                 1.98589787e-02+1.83622628e-03j,
                -1.01090119e-02-5.44948710e-03j,
                 2.56674315e-02+7.50894775e-06j,
                 4.81384144e-02-2.97250772e-02j,
                -1.05585598e-02+1.29325042e-02j],
               [-4.94064681e-03-8.51601372e-03j,
                 1.78724427e-02+1.08105059e-02j,
                 4.94432568e-02-4.49458039e-19j,
                -1.32696454e-02+4.85315857e-03j,
                -6.46734099e-03-3.82960082e-03j,
                -8.70175887e-04-2.52858681e-02j,
                 3.28424000e-02-1.84863122e-02j,
                 1.37102293e-02+1.03080316e-02j,
                -1.75916875e-02-1.04096584e-02j,
                -2.48138038e-03-6.86333104e-02j,
                 8.93674059e-02-5.02982245e-02j,
                 3.72679384e-02+2.79109440e-02j,
                -1.32973252e-02-2.29256183e-02j,
                 4.81181712e-02+2.97485630e-02j,
                 1.33087953e-01+1.67886838e-05j,
                -3.60566007e-02+1.27831924e-02j],
               [ 4.90735779e-04+2.78677549e-03j,
                -3.94148831e-03-4.83949687e-03j,
                -1.32696454e-02-4.85315857e-03j,
                 4.59619507e-03+1.30826178e-18j,
                 1.39520896e-03+1.66293393e-03j,
                -2.21138301e-03+7.05995531e-03j,
                -1.07029373e-02+1.87575957e-03j,
                -2.60286906e-03-4.40199624e-03j,
                 3.79794905e-03+4.55714932e-03j,
                -6.02403260e-03+1.92012026e-02j,
                -2.91924006e-02+5.05183265e-03j,
                -7.11781757e-03-1.19664353e-02j,
                 1.39280176e-03+7.56671205e-03j,
                -1.05509164e-02-1.29387202e-02j,
                -3.60527987e-02-1.28037947e-02j,
                 1.22222920e-02+3.54284756e-06j],
               [ 1.58511843e-03+1.00525175e-03j,
                -3.25512086e-03-5.77512377e-05j,
                -6.46734099e-03+3.82960082e-03j,
                 1.39520896e-03-1.66293393e-03j,
                 1.58505246e-03-1.08266128e-17j,
                 2.11118483e-03+3.35742053e-03j,
                -2.97361142e-03+5.13331078e-03j,
                -2.63034826e-03-3.15929843e-04j,
                 4.19727712e-03+1.33293912e-06j,
                 5.81773817e-03+9.09617513e-03j,
                -7.98482281e-03+1.37732445e-02j,
                -7.17577383e-03-8.48351677e-04j,
                 4.31127843e-03+2.73727220e-03j,
                -8.87085454e-03-1.49046300e-04j,
                -1.75936063e-02+1.03972699e-02j,
                 3.80364852e-03-4.55533956e-03j],
               [ 4.53026619e-03-2.41578810e-03j,
                -5.90230689e-03+9.34297095e-03j,
                -8.70175887e-04+2.52858681e-02j,
                -2.21138301e-03-7.05995531e-03j,
                 2.11118483e-03-3.35742053e-03j,
                 1.39650875e-02-3.90969413e-18j,
                 9.07743160e-03+1.72944803e-02j,
                -5.73907102e-03+7.04252624e-03j,
                 5.82168016e-03-9.09155789e-03j,
                 3.76079364e-02+1.01442364e-05j,
                 2.44112362e-02+4.72672831e-02j,
                -1.54973263e-02+1.89827068e-02j,
                 1.23166566e-02-6.52253078e-03j,
                -1.61017017e-02+2.53912904e-02j,
                -2.52094921e-03+6.86065227e-02j,
                -6.02070046e-03-1.91974709e-02j],
               [-1.06751707e-04-7.51955820e-03j,
                 7.75542140e-03+1.40449401e-02j,
                 3.28424000e-02+1.84863122e-02j,
                -1.07029373e-02-1.87575957e-03j,
                -2.97361142e-03-5.13331078e-03j,
                 9.07743160e-03-1.72944803e-02j,
                 2.97739548e-02+1.34209214e-17j,
                 5.21961599e-03+1.21528681e-02j,
                -7.97617138e-03-1.37782581e-02j,
                 2.44406761e-02-4.72618541e-02j,
                 7.98937720e-02+2.50961088e-05j,
                 1.44267184e-02+3.30076160e-02j,
                -2.73911989e-04-2.04449435e-02j,
                 2.12095503e-02+3.82814351e-02j,
                 8.93184705e-02+5.03376818e-02j,
                -2.91988665e-02-5.08096234e-03j],
               [-3.16804480e-03-1.33544870e-03j,
                 7.30969951e-03-6.78729289e-04j,
                 1.37102293e-02-1.03080316e-02j,
                -2.60286906e-03+4.40199624e-03j,
                -2.63034826e-03+3.15929843e-04j,
                -5.73907102e-03-7.04252624e-03j,
                 5.21961599e-03-1.21528681e-02j,
                 6.66459629e-03+1.28855913e-18j,
                -7.17505517e-03+8.44360709e-04j,
                -1.54870149e-02-1.89911017e-02j,
                 1.44421078e-02-3.29944677e-02j,
                 1.79031810e-02+4.79488731e-06j,
                -8.58381254e-03-3.62977810e-03j,
                 1.98546458e-02-1.83385204e-03j,
                 3.72706842e-02-2.78786764e-02j,
                -7.11751773e-03+1.19632921e-02j],
               [ 4.31372494e-03+2.73536675e-03j,
                -8.86758385e-03-1.40725843e-04j,
                -1.75916875e-02+1.04096584e-02j,
                 3.79794905e-03-4.55714932e-03j,
                 4.19727712e-03-1.33293912e-06j,
                 5.82168016e-03+9.09155789e-03j,
                -7.97617138e-03+1.37782581e-02j,
                -7.17505517e-03-8.44360709e-04j,
                 1.17975880e-02+1.56074881e-17j,
                 1.60669064e-02+2.52148091e-02j,
                -2.21350341e-02+3.82115796e-02j,
                -1.98430005e-02-2.26336881e-03j,
                 1.19125153e-02+7.56569035e-03j,
                -2.45756375e-02-4.08064886e-04j,
                -4.86393632e-02+2.87652840e-02j,
                 1.05194794e-02-1.25669577e-02j],
               [ 1.23173464e-02-6.53220660e-03j,
                -1.61027074e-02+2.53984012e-02j,
                -2.48138038e-03+6.86333104e-02j,
                -6.02403260e-03-1.92012026e-02j,
                 5.81773817e-03-9.09617513e-03j,
                 3.76079364e-02-1.01442364e-05j,
                 2.44406761e-02+4.72618541e-02j,
                -1.54870149e-02+1.89911017e-02j,
                 1.60669064e-02-2.52148091e-02j,
                 1.04433749e-01-3.52885568e-18j,
                 6.76545053e-02+1.30788080e-01j,
                -4.29188641e-02+5.26669130e-02j,
                 3.40304910e-02-1.80655246e-02j,
                -4.44099479e-02+7.01981461e-02j,
                -6.88321728e-03+1.89741384e-01j,
                -1.65887381e-02-5.30779255e-02j],
               [-2.85615678e-04-2.04494408e-02j,
                 2.12370090e-02+3.82469853e-02j,
                 8.93674059e-02+5.02982245e-02j,
                -2.91924006e-02-5.05183265e-03j,
                -7.98482281e-03-1.37732445e-02j,
                 2.44112362e-02-4.72672831e-02j,
                 7.98937720e-02-2.50961088e-05j,
                 1.44421078e-02+3.29944677e-02j,
                -2.21350341e-02-3.82115796e-02j,
                 6.76545053e-02-1.30788080e-01j,
                 2.21629162e-01+1.04052802e-17j,
                 3.98954045e-02+9.13797571e-02j,
                -7.71832641e-04-5.65346941e-02j,
                 5.86735757e-02+1.05966434e-01j,
                 2.46844535e-01+1.39121705e-01j,
                -8.08199494e-02-1.40689809e-02j],
               [-8.58911641e-03-3.62604804e-03j,
                 1.98589787e-02-1.83622628e-03j,
                 3.72679384e-02-2.79109440e-02j,
                -7.11781757e-03+1.19664353e-02j,
                -7.17577383e-03+8.48351677e-04j,
                -1.54973263e-02-1.89827068e-02j,
                 1.44267184e-02-3.30076160e-02j,
                 1.79031810e-02-4.79488731e-06j,
                -1.98430005e-02+2.26336881e-03j,
                -4.29188641e-02-5.26669130e-02j,
                 3.98954045e-02-9.13797571e-02j,
                 4.98373900e-02+2.42116147e-17j,
                -2.37552156e-02-1.00654156e-02j,
                 5.49477641e-02-5.06645600e-03j,
                 1.03029436e-01-7.71640381e-02j,
                -1.95859706e-02+3.30743026e-02j],
               [ 7.15194621e-03-9.56598291e-07j,
                -1.01090119e-02+5.44948710e-03j,
                -1.32973252e-02+2.29256183e-02j,
                 1.39280176e-03-7.56671205e-03j,
                 4.31127843e-03-2.73727220e-03j,
                 1.23166566e-02+6.52253078e-03j,
                -2.73911989e-04+2.04449435e-02j,
                -8.58381254e-03+3.62977810e-03j,
                 1.19125153e-02-7.56569035e-03j,
                 3.40304910e-02+1.80655246e-02j,
                -7.71832641e-04+5.65346941e-02j,
                -2.37552156e-02+1.00654156e-02j,
                 1.99630076e-02+8.66757332e-18j,
                -2.80016770e-02+1.51080496e-02j,
                -3.68382308e-02+6.34962754e-02j,
                 3.87449254e-03-2.08458413e-02j],
               [-1.01110900e-02-5.44354793e-03j,
                 2.56674315e-02-7.50894775e-06j,
                 4.81181712e-02-2.97485630e-02j,
                -1.05509164e-02+1.29387202e-02j,
                -8.87085454e-03+1.49046300e-04j,
                -1.61017017e-02-2.53912904e-02j,
                 2.12095503e-02-3.82814351e-02j,
                 1.98546458e-02+1.83385204e-03j,
                -2.45756375e-02+4.08064886e-04j,
                -4.44099479e-02-7.01981461e-02j,
                 5.86735757e-02-1.05966434e-01j,
                 5.49477641e-02+5.06645600e-03j,
                -2.80016770e-02-1.51080496e-02j,
                 7.12923633e-02-3.53282381e-18j,
                 1.33154686e-01-8.22718847e-02j,
                -2.92144090e-02+3.58703550e-02j],
               [-1.33031008e-02-2.29222656e-02j,
                 4.81384144e-02+2.97250772e-02j,
                 1.33087953e-01-1.67886838e-05j,
                -3.60527987e-02+1.28037947e-02j,
                -1.75936063e-02-1.03972699e-02j,
                -2.52094921e-03-6.86065227e-02j,
                 8.93184705e-02-5.03376818e-02j,
                 3.72706842e-02+2.78786764e-02j,
                -4.86393632e-02-2.87652840e-02j,
                -6.88321728e-03-1.89741384e-01j,
                 2.46844535e-01-1.39121705e-01j,
                 1.03029436e-01+7.71640381e-02j,
                -3.68382308e-02-6.34962754e-02j,
                 1.33154686e-01+8.22718847e-02j,
                 3.68652385e-01+1.04056626e-17j,
                -9.97706859e-02+3.54222286e-02j],
               [ 1.39676718e-03+7.56530614e-03j,
                -1.05585598e-02-1.29325042e-02j,
                -3.60566007e-02-1.27831924e-02j,
                 1.22222920e-02-3.54284756e-06j,
                 3.80364852e-03+4.55533956e-03j,
                -6.02070046e-03+1.91974709e-02j,
                -2.91988665e-02+5.08096234e-03j,
                -7.11751773e-03-1.19632921e-02j,
                 1.05194794e-02+1.25669577e-02j,
                -1.65887381e-02+5.30779255e-02j,
                -8.08199494e-02+1.40689809e-02j,
                -1.95859706e-02-3.30743026e-02j,
                 3.87449254e-03+2.08458413e-02j,
                -2.92144090e-02-3.58703550e-02j,
                -9.97706859e-02-3.54222286e-02j,
                 3.40708958e-02-1.04651596e-17j]],
              dims=(2, 2, 2, 2))"
data/selected_mutant_qc/mutants_qpeexact_4/qpeexact_4_Mutant_Add_rzz_P10_Q2_[5.497787143782138].qasm,Quratest_1,"{'0101': 3, '0001': 39, '0011': 18, '0110': 216, '0010': 474, '0000': 191, '0100': 83}","DensityMatrix([[ 1.06883403e-06+0.00000000e+00j,
                 3.24745903e-07-1.02530556e-06j,
                -1.49784418e-06-7.83122493e-07j,
                -4.80773585e-07+6.58437157e-07j,
                 7.72027779e-07+5.26442213e-06j,
                 1.56000744e-06+3.91800471e-07j,
                 2.77527660e-06-7.94311948e-06j,
                -1.02650089e-06-6.57983748e-07j,
                 2.00584709e-04+3.99556735e-04j,
                 1.87668439e-04-9.64657688e-06j,
                 1.16549691e-05-7.06897525e-04j,
                -1.37188815e-04-3.83523307e-05j,
                -2.71836317e-04+1.22485248e-04j,
                -1.86624288e-06+3.73061403e-05j,
                 4.70689916e-04+2.75228113e-05j,
                 1.03430985e-05-2.63583740e-05j],
               [ 3.24745903e-07+1.02530556e-06j,
                 1.08221798e-06+0.00000000e+00j,
                 2.96136800e-07-1.67478182e-06j,
                -7.77696548e-07-2.61139761e-07j,
                -4.81546088e-06+2.34008633e-06j,
                 9.81357434e-08+1.61551734e-06j,
                 8.46285212e-06+2.48879646e-07j,
                 3.19303495e-07-1.18461292e-06j,
                -3.22340675e-04+3.13813953e-04j,
                 6.62733820e-05+1.77094670e-04j,
                 6.81650145e-04-2.03597720e-04j,
                -4.89191725e-06-1.43254438e-04j,
                -2.00089566e-04-2.23550803e-04j,
                -3.63538650e-05+9.54455673e-06j,
                 1.16608685e-04+4.59883291e-04j,
                 2.84274880e-05+1.91335833e-06j],
               [-1.49784418e-06+7.83122493e-07j,
                 2.96136800e-07+1.67478182e-06j,
                 2.67283597e-06+0.00000000e+00j,
                 1.91317794e-07-1.27497894e-06j,
                -4.93908743e-06-6.81180760e-06j,
                -2.47323323e-06+5.93937733e-07j,
                 1.93061183e-06+1.31647538e-05j,
                 1.92061649e-06+1.69980735e-07j,
                -5.73846350e-04-4.12965271e-04j,
                -2.55927133e-04+1.51021058e-04j,
                 5.01602691e-04+9.99172544e-04j,
                 2.20354176e-04-4.67704342e-05j,
                 2.91202829e-04-3.70819922e-04j,
                -2.47184650e-05-5.36475079e-05j,
                -6.79781768e-04+3.06299172e-04j,
                 4.81785339e-06+4.45164067e-05j],
               [-4.80773585e-07-6.58437157e-07j,
                -7.77696548e-07+2.61139761e-07j,
                 1.91317794e-07+1.27497894e-06j,
                 6.21876469e-07+0.00000000e+00j,
                 2.89579159e-06-2.84359105e-06j,
                -4.60346853e-07-1.13725251e-06j,
                -6.14157534e-06+1.86324232e-06j,
                 5.63918829e-08+9.28327045e-07j,
                 1.55914920e-04-3.03291944e-04j,
                -9.03579888e-05-1.11270835e-04j,
                -4.40714822e-04+3.10790622e-04j,
                 3.80827685e-05+1.01764164e-04j,
                 1.97730007e-04+1.12364929e-04j,
                 2.38212750e-05-1.56310547e-05j,
                -1.94766663e-04-3.02340647e-04j,
                -2.08900735e-05+5.48460231e-06j],
               [ 7.72027779e-07-5.26442213e-06j,
                -4.81546088e-06-2.34008633e-06j,
                -4.93908743e-06+6.81180760e-06j,
                 2.89579159e-06+2.84359105e-06j,
                 2.64869630e-05+0.00000000e+00j,
                 3.05657573e-06-7.40064093e-06j,
                -3.71183387e-05-1.94066955e-05j,
                -3.98227536e-06+4.58064784e-06j,
                 2.11285591e-03-6.99354309e-04j,
                 8.80413547e-05-9.31307655e-04j,
                -3.47332600e-03-5.68003252e-04j,
                -2.87992735e-04+6.48005913e-04j,
                 4.06937704e-04+1.42737141e-03j,
                 1.82399207e-04+3.61385079e-05j,
                 4.75543794e-04-2.29845044e-03j,
                -1.22354308e-04-6.99826464e-05j],
               [ 1.56000744e-06-3.91800471e-07j,
                 9.81357434e-08-1.61551734e-06j,
                -2.47323323e-06-5.93937733e-07j,
                -4.60346853e-07+1.13725251e-06j,
                 3.05657573e-06+7.40064093e-06j,
                 2.42051689e-06+0.00000000e+00j,
                 1.13893660e-06-1.26106391e-05j,
                -1.73941634e-06-5.84071984e-07j,
                 4.39226431e-04+5.09641611e-04j,
                 2.70373717e-04-8.28728431e-05j,
                -2.42115182e-04-1.03601850e-03j,
                -2.14291487e-04-5.68776691e-06j,
                -3.51857153e-04+2.78418808e-04j,
                 1.09513828e-05+5.51339588e-05j,
                 6.97080372e-04-1.32369233e-04j,
                 5.43404040e-06-4.22625864e-05j],
               [ 2.77527660e-06+7.94311948e-06j,
                 8.46285212e-06-2.48879646e-07j,
                 1.93061183e-06-1.31647538e-05j,
                -6.14157534e-06-1.86324232e-06j,
                -3.71183387e-05+1.94066955e-05j,
                 1.13893660e-06+1.26106391e-05j,
                 6.62360157e-05+0.00000000e+00j,
                 2.22449844e-06-9.33700263e-06j,
                -2.44850816e-03+2.52812757e-03j,
                 5.58978969e-04+1.36962417e-03j,
                 5.28362414e-03-1.74887710e-03j,
                -7.11988597e-05-1.11911246e-03j,
                -1.61609370e-03-1.70213322e-03j,
                -2.82089139e-04+8.29979828e-05j,
                 1.01763015e-03+3.56943133e-03j,
                 2.22740545e-04+8.42477727e-06j],
               [-1.02650089e-06+6.57983748e-07j,
                 3.19303495e-07+1.18461292e-06j,
                 1.92061649e-06-1.69980735e-07j,
                 5.63918829e-08-9.28327045e-07j,
                -3.98227536e-06-4.58064784e-06j,
                -1.73941634e-06+5.84071984e-07j,
                 2.22449844e-06+9.33700263e-06j,
                 1.39090509e-06+0.00000000e+00j,
                -4.38610868e-04-2.60249822e-04j,
                -1.74296967e-04+1.24794870e-04j,
                 4.23979061e-04+6.86074451e-04j,
                 1.55365236e-04-4.76213406e-05j,
                 1.85666729e-04-2.84978853e-04j,
                -2.11736654e-05-3.69774377e-05j,
                -4.68990664e-04+2.63328186e-04j,
                 6.29300878e-06+3.16817057e-05j],
               [ 2.00584709e-04-3.99556735e-04j,
                -3.22340675e-04-3.13813953e-04j,
                -5.73846350e-04+4.12965271e-04j,
                 1.55914920e-04+3.03291944e-04j,
                 2.11285591e-03+6.99354309e-04j,
                 4.39226431e-04-5.09641611e-04j,
                -2.44850816e-03-2.52812757e-03j,
                -4.38610868e-04+2.60249822e-04j,
                 1.87007342e-01+0.00000000e+00j,
                 3.16130135e-02-7.19654715e-02j,
                -2.62068620e-01-1.37018145e-01j,
                -4.00828468e-02+4.40871293e-02j,
                -5.22663230e-03+1.24605594e-01j,
                 1.35957309e-02+7.69877360e-03j,
                 9.86216024e-02-1.70790475e-01j,
                -7.91235893e-03-8.81310027e-03j],
               [ 1.87668439e-04+9.64657688e-06j,
                 6.62733820e-05-1.77094670e-04j,
                -2.55927133e-04-1.51021058e-04j,
                -9.03579888e-05+1.11270835e-04j,
                 8.80413547e-05+9.31307655e-04j,
                 2.70373717e-04+8.28728431e-05j,
                 5.58978969e-04-1.36962417e-03j,
                -1.74296967e-04-1.24794870e-04j,
                 3.16130135e-02+7.19654715e-02j,
                 3.30383378e-02+0.00000000e+00j,
                 8.42638890e-03-1.24013571e-01j,
                -2.37417985e-02-7.97216807e-03j,
                -4.88351413e-02+1.90528417e-02j,
                -6.64379521e-04+6.53345804e-03j,
                 8.23964609e-02+9.08065169e-03j,
                 2.05395897e-03-4.53471662e-03j],
               [ 1.16549691e-05+7.06897525e-04j,
                 6.81650145e-04+2.03597720e-04j,
                 5.01602691e-04-9.99172544e-04j,
                -4.40714822e-04-3.10790622e-04j,
                -3.47332600e-03+5.68003252e-04j,
                -2.42115182e-04+1.03601850e-03j,
                 5.28362414e-03+1.74887710e-03j,
                 4.23979061e-04-6.86074451e-04j,
                -2.62068620e-01+1.37018145e-01j,
                 8.42638890e-03+1.24013571e-01j,
                 4.67649735e-01+0.00000000e+00j,
                 2.38692216e-02-9.11511297e-02j,
                -8.39725913e-02-1.78449463e-01j,
                -2.46936087e-02-8.27481665e-04j,
                -1.30702527e-02+3.11601526e-01j,
                 1.75454911e-02+6.55322018e-03j],
               [-1.37188815e-04+3.83523307e-05j,
                -4.89191725e-06+1.43254438e-04j,
                 2.20354176e-04+4.67704342e-05j,
                 3.80827685e-05-1.01764164e-04j,
                -2.87992735e-04-6.48005913e-04j,
                -2.14291487e-04+5.68776691e-06j,
                -7.11988597e-05+1.11911246e-03j,
                 1.55365236e-04+4.76213406e-05j,
                -4.00828468e-02-4.40871293e-02j,
                -2.37417985e-02+7.97216807e-03j,
                 2.38692216e-02+9.11511297e-02j,
                 1.89848674e-02+0.00000000e+00j,
                 3.04961356e-02-2.54755759e-02j,
                -1.09909467e-03-4.85534686e-03j,
                -6.14023826e-02+1.33568291e-02j,
                -3.81773356e-04+3.75433036e-03j],
               [-2.71836317e-04-1.22485248e-04j,
                -2.00089566e-04+2.23550803e-04j,
                 2.91202829e-04+3.70819922e-04j,
                 1.97730007e-04-1.12364929e-04j,
                 4.06937704e-04-1.42737141e-03j,
                -3.51857153e-04-2.78418808e-04j,
                -1.61609370e-03+1.70213322e-03j,
                 1.85666729e-04+2.84978853e-04j,
                -5.22663230e-03-1.24605594e-01j,
                -4.88351413e-02-1.90528417e-02j,
                -8.39725913e-02+1.78449463e-01j,
                 3.04961356e-02+2.54755759e-02j,
                 8.31725197e-02+0.00000000e+00j,
                 4.74981552e-03-9.27419626e-03j,
                -1.16556427e-01-6.09395560e-02j,
                -5.65115036e-03+5.51843052e-03j],
               [-1.86624288e-06-3.73061403e-05j,
                -3.63538650e-05-9.54455673e-06j,
                -2.47184650e-05+5.36475079e-05j,
                 2.38212750e-05+1.56310547e-05j,
                 1.82399207e-04-3.61385079e-05j,
                 1.09513828e-05-5.51339588e-05j,
                -2.82089139e-04-8.29979828e-05j,
                -2.11736654e-05+3.69774377e-05j,
                 1.35957309e-02-7.69877360e-03j,
                -6.64379521e-04-6.53345804e-03j,
                -2.46936087e-02+8.27481665e-04j,
                -1.09909467e-03+4.85534686e-03j,
                 4.74981552e-03+9.27419626e-03j,
                 1.30537663e-03+0.00000000e+00j,
                 1.38794380e-04-1.64768223e-02j,
                -9.38061390e-04-3.14988060e-04j],
               [ 4.70689916e-04-2.75228113e-05j,
                 1.16608685e-04-4.59883291e-04j,
                -6.79781768e-04-3.06299172e-04j,
                -1.94766663e-04+3.02340647e-04j,
                 4.75543794e-04+2.29845044e-03j,
                 6.97080372e-04+1.32369233e-04j,
                 1.01763015e-03-3.56943133e-03j,
                -4.68990664e-04-2.63328186e-04j,
                 9.86216024e-02+1.70790475e-01j,
                 8.23964609e-02-9.08065169e-03j,
                -1.30702527e-02-3.11601526e-01j,
                -6.14023826e-02-1.33568291e-02j,
                -1.16556427e-01+6.09395560e-02j,
                 1.38794380e-04+1.64768223e-02j,
                 2.07989732e-01+0.00000000e+00j,
                 3.87612624e-03-1.18739596e-02j],
               [ 1.03430985e-05+2.63583740e-05j,
                 2.84274880e-05-1.91335833e-06j,
                 4.81785339e-06-4.45164067e-05j,
                -2.08900735e-05-5.48460231e-06j,
                -1.22354308e-04+6.99826464e-05j,
                 5.43404040e-06+4.22625864e-05j,
                 2.22740545e-04-8.42477727e-06j,
                 6.29300878e-06-3.16817057e-05j,
                -7.91235893e-03+8.81310027e-03j,
                 2.05395897e-03+4.53471662e-03j,
                 1.75454911e-02-6.55322018e-03j,
                -3.81773356e-04-3.75433036e-03j,
                -5.65115036e-03-5.51843052e-03j,
                -9.38061390e-04+3.14988060e-04j,
                 3.87612624e-03+1.18739596e-02j,
                 7.50110446e-04+0.00000000e+00j]],
              dims=(2, 2, 2, 2))","{'0001': 38, '0111': 4, '0011': 31, '0101': 5, '0100': 98, '0110': 224, '0010': 433, '0000': 191}","DensityMatrix([[ 6.33937316e-04-2.04741349e-19j,
                 7.86308940e-05-1.83026089e-04j,
                -8.59998258e-04-4.50989283e-04j,
                -1.00797161e-04+1.11750532e-04j,
                -3.35554606e-06-1.79557558e-05j,
                -8.23931305e-05-3.37935741e-05j,
                -7.97591877e-06+2.74696696e-05j,
                 5.08550082e-05+4.41870224e-05j,
                 1.94661259e-04+3.99111554e-04j,
                 1.78793302e-04-7.77365762e-06j,
                 1.84057726e-05-6.78332593e-04j,
                -1.29732445e-04-3.79338624e-05j,
                -2.64573420e-04+1.18405087e-04j,
                -1.89819632e-06+3.44399839e-05j,
                 4.47519183e-04+2.98787267e-05j,
                 1.04145012e-05-2.45829659e-05j],
               [ 7.86308940e-05+1.83026089e-04j,
                 9.15946025e-05+1.47674297e-19j,
                 2.32448978e-05-3.13193944e-04j,
                -5.67413535e-05-2.00880331e-05j,
                -6.32955463e-05+2.56515579e-05j,
                -4.65527175e-07-5.58361778e-06j,
                 1.07155136e-04+1.02631155e-05j,
                -9.90676679e-07+3.53859711e-06j,
                -3.11921098e-04+2.96341498e-04j,
                 7.50202827e-05+2.07104032e-04j,
                 6.52137738e-04-1.87731221e-04j,
                -1.01103465e-06-1.44668428e-04j,
                -1.87884588e-04-2.14121873e-04j,
                -4.12579725e-05+1.06829601e-05j,
                 1.06842540e-04+4.37516937e-04j,
                 2.78507674e-05+2.36119103e-06j],
               [-8.59998258e-04+4.50989283e-04j,
                 2.32448978e-05+3.13193944e-04j,
                 1.55019662e-03+1.45463275e-19j,
                 5.90530345e-05-2.31305300e-04j,
                 1.77238676e-05+2.15019008e-05j,
                 1.39879498e-04-1.27889872e-05j,
                -9.02200782e-06-4.41022838e-05j,
                -1.03914949e-04-2.45980164e-05j,
                -5.48139538e-04-4.01486325e-04j,
                -2.44699905e-04+1.41427884e-04j,
                 4.77815910e-04+9.76190043e-04j,
                 2.10726442e-04-4.24063609e-05j,
                 2.78981090e-04-3.52930091e-04j,
                -2.29612490e-05-5.06408340e-05j,
                -6.51373989e-04+2.89564742e-04j,
                 4.12046582e-06+4.11675198e-05j],
               [-1.00797161e-04-1.11750532e-04j,
                -5.67413535e-05+2.00880331e-05j,
                 5.90530345e-05+2.31305300e-04j,
                 5.95249672e-05+1.76453100e-20j,
                 3.91425206e-05-3.36821888e-05j,
                 1.44667660e-06+3.36377658e-06j,
                -7.97584649e-05+1.85078888e-05j,
                -1.45299402e-07-3.60197903e-06j,
                 1.51111483e-04-2.88234105e-04j,
                -9.17943785e-05-1.11994173e-04j,
                -4.24919185e-04+2.93168939e-04j,
                 4.84144197e-05+1.34505466e-04j,
                 1.87246661e-04+1.07841916e-04j,
                 2.31132961e-05-1.57443595e-05j,
                -1.82427699e-04-2.88774492e-04j,
                -2.64056873e-05+7.07581504e-06j],
               [-3.35554606e-06+1.79557558e-05j,
                -6.32955463e-05-2.56515579e-05j,
                 1.77238676e-05-2.15019008e-05j,
                 3.91425206e-05+3.36821888e-05j,
                 5.63431353e-04-6.65511240e-19j,
                 7.17348556e-05-1.66849796e-04j,
                -7.64056071e-04-4.00661548e-04j,
                -9.19100962e-05+1.01841076e-04j,
                 2.09157078e-03-6.67302865e-04j,
                 9.13078411e-05-8.88113467e-04j,
                -3.32258821e-03-5.83750692e-04j,
                -2.81616362e-04+6.14190863e-04j,
                 3.89692419e-04+1.41888442e-03j,
                 1.75277576e-04+3.59001256e-05j,
                 4.80384044e-04-2.20255450e-03j,
                -1.16189273e-04-6.82228627e-05j],
               [-8.23931305e-05+3.37935741e-05j,
                -4.65527175e-07+5.58361778e-06j,
                 1.39879498e-04+1.27889872e-05j,
                 1.44667660e-06-3.36377658e-06j,
                 7.17348556e-05+1.66849796e-04j,
                 8.80345743e-05-9.56805299e-19j,
                 2.11081984e-05-2.85507017e-04j,
                -5.45548350e-05-1.93135917e-05j,
                 4.13039143e-04+4.91772676e-04j,
                 3.13882777e-04-9.24726022e-05j,
                -2.20272357e-04-9.90405655e-04j,
                -2.14040524e-04-1.14247173e-05j,
                -3.40844691e-04+2.63400289e-04j,
                 1.25387869e-05+6.56627085e-05j,
                 6.67843153e-04-1.20300935e-04j,
                 6.77121270e-06-4.33993315e-05j],
               [-7.97591877e-06-2.74696696e-05j,
                 1.07155136e-04-1.02631155e-05j,
                -9.02200782e-06+4.41022838e-05j,
                -7.97584649e-05-1.85078888e-05j,
                -7.64056071e-04+4.00661548e-04j,
                 2.11081984e-05+2.85507017e-04j,
                 1.37752577e-03+5.01460910e-19j,
                 5.39084121e-05-2.10884553e-04j,
                -2.36853927e-03+2.40045328e-03j,
                 5.19585008e-04+1.31046367e-03j,
                 5.12534910e-03-1.63638827e-03j,
                -5.73961028e-05-1.06886821e-03j,
                -1.53928537e-03-1.64829730e-03j,
                -2.70899851e-04+7.73206458e-05j,
                 9.53463412e-04+3.46832337e-03j,
                 2.13595096e-04+9.95831658e-06j],
               [ 5.08550082e-05-4.41870224e-05j,
                -9.90676679e-07-3.53859711e-06j,
                -1.03914949e-04+2.45980164e-05j,
                -1.45299402e-07+3.60197903e-06j,
                -9.19100962e-05-1.01841076e-04j,
                -5.45548350e-05+1.93135917e-05j,
                 5.39084121e-05+2.10884553e-04j,
                 5.72368305e-05+5.82587769e-19j,
                -4.15942016e-04-2.51672492e-04j,
                -1.73759845e-04+1.25465372e-04j,
                 3.97681496e-04+6.59320950e-04j,
                 2.02404838e-04-5.93609985e-05j,
                 1.79690473e-04-2.71327330e-04j,
                -2.22133555e-05-3.80190449e-05j,
                -4.52134382e-04+2.48118665e-04j,
                 8.02671412e-06+4.29366247e-05j],
               [ 1.94661259e-04-3.99111554e-04j,
                -3.11921098e-04-2.96341498e-04j,
                -5.48139538e-04+4.01486325e-04j,
                 1.51111483e-04+2.88234105e-04j,
                 2.09157078e-03+6.67302865e-04j,
                 4.13039143e-04-4.91772676e-04j,
                -2.36853927e-03-2.40045328e-03j,
                -4.15942016e-04+2.51672492e-04j,
                 1.86020672e-01-3.44345056e-18j,
                 3.02171685e-02-6.91511048e-02j,
                -2.52708403e-01-1.32552326e-01j,
                -3.84978473e-02+4.21543828e-02j,
                -4.93225097e-03+1.23289592e-01j,
                 1.29874492e-02+7.28201740e-03j,
                 9.47872732e-02-1.64136156e-01j,
                -7.52271673e-03-8.41704299e-03j],
               [ 1.78793302e-04+7.77365762e-06j,
                 7.50202827e-05-2.07104032e-04j,
                -2.44699905e-04-1.41427884e-04j,
                -9.17943785e-05+1.11994173e-04j,
                 9.13078411e-05+8.88113467e-04j,
                 3.13882777e-04+9.24726022e-05j,
                 5.19585008e-04-1.31046367e-03j,
                -1.73759845e-04-1.25465372e-04j,
                 3.02171685e-02+6.91511048e-02j,
                 3.86637466e-02+2.18830132e-17j,
                 8.09107384e-03-1.18841498e-01j,
                -2.39355401e-02-8.46283923e-03j,
                -4.68160544e-02+1.82101245e-02j,
                -7.27989549e-04+7.57177147e-03j,
                 7.88184717e-02+8.64005428e-03j,
                 2.08757289e-03-4.51421435e-03j],
               [ 1.84057726e-05+6.78332593e-04j,
                 6.52137738e-04+1.87731221e-04j,
                 4.77815910e-04-9.76190043e-04j,
                -4.24919185e-04-2.93168939e-04j,
                -3.32258821e-03+5.83750692e-04j,
                -2.20272357e-04+9.90405655e-04j,
                 5.12534910e-03+1.63638827e-03j,
                 3.97681496e-04-6.59320950e-04j,
                -2.52708403e-01+1.32552326e-01j,
                 8.09107384e-03+1.18841498e-01j,
                 4.55472016e-01-3.11832902e-17j,
                 2.29210663e-02-8.75455342e-02j,
                -8.12413340e-02-1.71429596e-01j,
                -2.35494175e-02-7.36087780e-04j,
                -1.22611939e-02+3.01973528e-01j,
                 1.66975700e-02+6.20779489e-03j],
               [-1.29732445e-04+3.79338624e-05j,
                -1.01103465e-06+1.44668428e-04j,
                 2.10726442e-04+4.24063609e-05j,
                 4.84144197e-05-1.34505466e-04j,
                -2.81616362e-04-6.14190863e-04j,
                -2.14040524e-04+1.14247173e-05j,
                -5.73961028e-05+1.06886821e-03j,
                 2.02404838e-04+5.93609985e-05j,
                -3.84978473e-02-4.21543828e-02j,
                -2.39355401e-02+8.46283923e-03j,
                 2.29210663e-02+8.75455342e-02j,
                 2.50400709e-02+3.92213446e-17j,
                 2.91173786e-02-2.44404800e-02j,
                -1.21521919e-03-4.82503442e-03j,
                -5.88107568e-02+1.28133036e-02j,
                -4.34670762e-04+4.86077914e-03j],
               [-2.64573420e-04-1.18405087e-04j,
                -1.87884588e-04+2.14121873e-04j,
                 2.78981090e-04+3.52930091e-04j,
                 1.87246661e-04-1.07841916e-04j,
                 3.89692419e-04-1.41888442e-03j,
                -3.40844691e-04-2.63400289e-04j,
                -1.53928537e-03+1.64829730e-03j,
                 1.79690473e-04+2.71327330e-04j,
                -4.93225097e-03-1.23289592e-01j,
                -4.68160544e-02-1.82101245e-02j,
                -8.12413340e-02+1.71429596e-01j,
                 2.91173786e-02+2.44404800e-02j,
                 8.35912840e-02-3.45635948e-18j,
                 4.66057046e-03-9.20442507e-03j,
                -1.12972638e-01-5.92145818e-02j,
                -5.52127077e-03+5.38591333e-03j],
               [-1.89819632e-06-3.44399839e-05j,
                -4.12579725e-05-1.06829601e-05j,
                -2.29612490e-05+5.06408340e-05j,
                 2.31132961e-05+1.57443595e-05j,
                 1.75277576e-04-3.59001256e-05j,
                 1.25387869e-05-6.56627085e-05j,
                -2.70899851e-04-7.73206458e-05j,
                -2.22133555e-05+3.80190449e-05j,
                 1.29874492e-02-7.28201740e-03j,
                -7.27989549e-04-7.57177147e-03j,
                -2.35494175e-02+7.36087780e-04j,
                -1.21521919e-03+4.82503442e-03j,
                 4.66057046e-03+9.20442507e-03j,
                 1.78390513e-03+4.53723459e-18j,
                 1.60126416e-04-1.61127568e-02j,
                -1.12594230e-03-4.10161271e-04j],
               [ 4.47519183e-04-2.98787267e-05j,
                 1.06842540e-04-4.37516937e-04j,
                -6.51373989e-04-2.89564742e-04j,
                -1.82427699e-04+2.88774492e-04j,
                 4.80384044e-04+2.20255450e-03j,
                 6.67843153e-04+1.20300935e-04j,
                 9.53463412e-04-3.46832337e-03j,
                -4.52134382e-04-2.48118665e-04j,
                 9.47872732e-02+1.64136156e-01j,
                 7.88184717e-02-8.64005428e-03j,
                -1.22611939e-02-3.01973528e-01j,
                -5.88107568e-02-1.28133036e-02j,
                -1.12972638e-01+5.92145818e-02j,
                 1.60126416e-04+1.61127568e-02j,
                 2.03753120e-01+2.42841177e-17j,
                 3.80169595e-03-1.17078839e-02j],
               [ 1.04145012e-05+2.45829659e-05j,
                 2.78507674e-05-2.36119103e-06j,
                 4.12046582e-06-4.11675198e-05j,
                -2.64056873e-05-7.07581504e-06j,
                -1.16189273e-04+6.82228627e-05j,
                 6.77121270e-06+4.33993315e-05j,
                 2.13595096e-04-9.95831658e-06j,
                 8.02671412e-06-4.29366247e-05j,
                -7.52271673e-03+8.41704299e-03j,
                 2.08757289e-03+4.51421435e-03j,
                 1.66975700e-02-6.20779489e-03j,
                -4.34670762e-04-4.86077914e-03j,
                -5.52127077e-03-5.38591333e-03j,
                -1.12594230e-03+4.10161271e-04j,
                 3.80169595e-03+1.17078839e-02j,
                 1.25370233e-03+1.32075211e-17j]],
              dims=(2, 2, 2, 2))"
data/selected_mutant_qc/mutants_qpeexact_4/qpeexact_4_Mutant_Add_rzz_P10_Q2_[5.497787143782138].qasm,Quratest_2,"{'0100': 18, '0110': 158, '0000': 19, '0010': 167, '0001': 203, '0111': 119, '0011': 233, '0101': 107}","DensityMatrix([[ 0.01143301+0.j        ,  0.047863  +0.01249483j,
                -0.02164338-0.02164338j, -0.04862374-0.00909502j,
                 0.0003179 +0.00746088j, -0.00138067+0.00924198j,
                 0.0135221 -0.01472569j,  0.00072675-0.00931624j,
                 0.0036758 +0.00869135j,  0.00348714-0.00541715j,
                 0.00949473-0.02341176j, -0.00309721+0.00564915j,
                 0.01353401-0.00505612j, -0.02653991-0.02141839j,
                -0.03519222-0.01604915j,  0.02798162+0.01949727j],
               [ 0.047863  -0.01249483j,  0.21402822+0.j        ,
                -0.114261  -0.06695407j, -0.21349741+0.01506433j,
                 0.00948463+0.0308867j ,  0.00432029+0.0401994j ,
                 0.04051541-0.07642536j, -0.007139  -0.03979562j,
                 0.02488686+0.03236814j,  0.00867826-0.02648926j,
                 0.01416251-0.10838717j, -0.0067923 +0.02703438j,
                 0.05113287-0.03595781j, -0.13451386-0.06066089j,
                -0.1648679 -0.02872731j,  0.13844986+0.05104272j],
               [-0.02164338+0.02164338j, -0.114261  +0.06695407j,
                 0.08194445+0.j        ,  0.10926508-0.07483026j,
                -0.01472569-0.0135221j , -0.01488194-0.02010932j,
                 0.00227847+0.05347477j,  0.01626042+0.01901199j,
                -0.02341176-0.00949473j,  0.00365362+0.01685635j,
                 0.02634578+0.06229396j, -0.00483099-0.01655739j,
                -0.01604915+0.03519222j,  0.09078794-0.00969534j,
                 0.09700301-0.03623899j, -0.08988038+0.01606139j],
               [-0.04862374+0.00909502j, -0.21349741-0.01506433j,
                 0.10926508+0.07483026j,  0.21402822+0.j        ,
                -0.00728715-0.03147767j, -0.00148015-0.04040379j,
                -0.04579411+0.07338415j,  0.00432029+0.0401994j ,
                -0.02254692-0.03403952j, -0.01052118+0.02581275j,
                -0.02175619+0.10712154j,  0.00867826-0.02648926j,
                -0.05353694+0.03226965j,  0.12991065+0.06997817j,
                 0.16243705+0.04026025j, -0.13451386-0.06066089j],
               [ 0.0003179 -0.00746088j,  0.00948463-0.0308867j ,
                -0.01472569+0.0135221j , -0.00728715+0.03147767j,
                 0.00487761+0.j        ,  0.00599268+0.00115796j,
                -0.00923361-0.00923361j, -0.00605932-0.0007333j ,
                 0.00577395-0.00215707j, -0.00343813-0.00242624j,
                -0.01501389-0.00684697j,  0.00360037+0.00217823j,
                -0.00292317-0.00897252j, -0.01471502+0.0167237j ,
                -0.01145177+0.02251926j,  0.01350143-0.01771794j],
               [-0.00138067-0.00924198j,  0.00432029-0.0401994j ,
                -0.01488194+0.02010932j, -0.00148015+0.04040379j,
                 0.00599268-0.00115796j,  0.00763758+0.j        ,
                -0.0135366 -0.00915242j, -0.00761864+0.00053757j,
                 0.00658184-0.00402095j, -0.00480011-0.00216468j,
                -0.02007172-0.00484791j,  0.00494057+0.00182145j,
                -0.00572155-0.01032976j, -0.01410875+0.02404031j,
                -0.00872361+0.03038609j,  0.01238169-0.02497373j],
               [ 0.0135221 +0.01472569j,  0.04051541+0.07642536j,
                 0.00227847-0.05347477j, -0.04579411-0.07338415j,
                -0.00923361+0.00923361j, -0.0135366 +0.00915242j,
                 0.03495957+0.j        ,  0.01285884-0.01008249j,
                -0.00684697+0.01501389j,  0.0111016 -0.00191556j,
                 0.04138393-0.01546047j, -0.01093924+0.00269219j,
                 0.02251926+0.01145177j, -0.00380256-0.05951538j,
                -0.02095142-0.06430921j,  0.0079821 +0.05910013j],
               [ 0.00072675+0.00931624j, -0.007139  +0.03979562j,
                 0.01626042-0.01901199j,  0.00432029-0.0401994j ,
                -0.00605932+0.0007333j , -0.00761864-0.00053757j,
                 0.01285884+0.01008249j,  0.00763758+0.j        ,
                -0.00684853+0.00354772j,  0.00463585+0.00249716j,
                 0.01968072+0.00624863j, -0.00480011-0.00216468j,
                 0.0049803 +0.01070685j,  0.01576583-0.02298764j,
                 0.01084069-0.02969672j, -0.01410875+0.02404031j],
               [ 0.0036758 -0.00869135j,  0.02488686-0.03236814j,
                -0.02341176+0.00949473j, -0.02254692+0.03403952j,
                 0.00577395+0.00215707j,  0.00658184+0.00402095j,
                -0.00684697-0.01501389j, -0.00684853-0.00354772j,
                 0.00778894+0.j        , -0.00299696-0.00439257j,
                -0.01474493-0.01474493j,  0.0032987 +0.00417074j,
                 0.00050764-0.0119141j , -0.02481499+0.01328939j,
                -0.0235151 +0.02159311j,  0.02381808-0.01500303j],
               [ 0.00348714+0.00541715j,  0.00867826+0.02648926j,
                 0.00365362-0.01685635j, -0.01052118-0.02581275j,
                -0.00343813+0.00242624j, -0.00480011+0.00216468j,
                 0.0111016 +0.00191556j,  0.00463585-0.00249716j,
                -0.00299696+0.00439257j,  0.00363033+0.j        ,
                 0.01398882-0.00264198j, -0.00362133+0.00025552j,
                 0.00652363+0.00487048j,  0.00205354-0.01910778j,
                -0.0031295 -0.02156974j, -0.00070355+0.01920493j],
               [ 0.00949473+0.02341176j,  0.01416251+0.10838717j,
                 0.02634578-0.06229396j, -0.02175619-0.10712154j,
                -0.01501389+0.00684697j, -0.02007172+0.00484791j,
                 0.04138393+0.01546047j,  0.01968072-0.00624863j,
                -0.01474493+0.01474493j,  0.01398882+0.00264198j,
                 0.05582608+0.j        , -0.01414008-0.00165082j,
                 0.02159311+0.0235151j ,  0.02181866-0.07213389j,
                 0.00363844-0.08539255j, -0.01668742+0.07349069j],
               [-0.00309721-0.00564915j, -0.0067923 -0.02703438j,
                -0.00483099+0.01655739j,  0.00867826+0.02648926j,
                 0.00360037-0.00217823j,  0.00494057-0.00182145j,
                -0.01093924-0.00269219j, -0.00480011+0.00216468j,
                 0.0032987 -0.00417074j, -0.00362133-0.00025552j,
                -0.01414008+0.00165082j,  0.00363033+0.j        ,
                -0.00616464-0.00531757j, -0.00339335+0.01891585j,
                 0.00160356+0.02173651j,  0.00205354-0.01910778j],
               [ 0.01353401+0.00505612j,  0.05113287+0.03595781j,
                -0.01604915-0.03519222j, -0.05353694-0.03226965j,
                -0.00292317+0.00897252j, -0.00572155+0.01032976j,
                 0.02251926-0.01145177j,  0.0049803 -0.01070685j,
                 0.00050764+0.0119141j ,  0.00652363-0.00487048j,
                 0.02159311-0.0235151j , -0.00616464+0.00531757j,
                 0.0182571 +0.j        , -0.02194499-0.03709132j,
                -0.03456179-0.03456179j,  0.02450123+0.03545474j],
               [-0.02653991+0.02141839j, -0.13451386+0.06066089j,
                 0.09078794+0.00969534j,  0.12991065-0.06997817j,
                -0.01471502-0.0167237j , -0.01410875-0.02404031j,
                -0.00380256+0.05951538j,  0.01576583+0.02298764j,
                -0.02481499-0.01328939j,  0.00205354+0.01910778j,
                 0.02181866+0.07213389j, -0.00339335-0.01891585j,
                -0.02194499+0.03709132j,  0.10173295+0.j        ,
                 0.11175929-0.02867291j, -0.10148064+0.00716045j],
               [-0.03519222+0.01604915j, -0.1648679 +0.02872731j,
                 0.09700301+0.03623899j,  0.16243705-0.04026025j,
                -0.01145177-0.02251926j, -0.00872361-0.03038609j,
                -0.02095142+0.06430921j,  0.01084069+0.02969672j,
                -0.0235151 -0.02159311j, -0.0031295 +0.02156974j,
                 0.00363844+0.08539255j,  0.00160356-0.02173651j,
                -0.03456179+0.03456179j,  0.11175929+0.02867291j,
                 0.13085509+0.j        , -0.11350025-0.02073565j],
               [ 0.02798162-0.01949727j,  0.13844986-0.05104272j,
                -0.08988038-0.01606139j, -0.13451386+0.06066089j,
                 0.01350143+0.01771794j,  0.01238169+0.02497373j,
                 0.0079821 -0.05910013j, -0.01410875-0.02404031j,
                 0.02381808+0.01500303j, -0.00070355-0.01920493j,
                -0.01668742-0.07349069j,  0.00205354+0.01910778j,
                 0.02450123-0.03545474j, -0.10148064-0.00716045j,
                -0.11350025+0.02073565j,  0.10173295+0.j        ]],
              dims=(2, 2, 2, 2))","{'0100': 20, '0110': 170, '0111': 109, '0011': 217, '0101': 123, '0001': 219, '0000': 22, '0010': 144}","DensityMatrix([[ 0.01414368+3.91017199e-18j,  0.04595964+1.17362750e-02j,
                -0.02148924-2.11618428e-02j, -0.04651538-8.84701969e-03j,
                 0.00043048+9.11152882e-03j, -0.0012458 +8.82062304e-03j,
                 0.01308212-1.44892096e-02j,  0.00072132-8.89948896e-03j,
                 0.00412041+8.04172015e-03j,  0.00329413-5.15540732e-03j,
                 0.0089863 -2.23107881e-02j, -0.00292994+5.35045023e-03j,
                 0.01257544-5.79030306e-03j, -0.02546778-2.03985344e-02j,
                -0.0335833 -1.52540288e-02j,  0.02669376+1.87114088e-02j],
               [ 0.04595964-1.17362750e-02j,  0.21026092+4.61711635e-17j,
                -0.10891761-6.41744126e-02j, -0.20561767+1.36102395e-02j,
                 0.00897992+2.95958719e-02j,  0.00439989+3.93582041e-02j,
                 0.03869504-7.27642129e-02j, -0.0068125 -3.81820030e-02j,
                 0.0236657 +3.11043270e-02j,  0.00848802-2.54991008e-02j,
                 0.01348094-1.03517764e-01j, -0.00651196+2.57084339e-02j,
                 0.04904491-3.41651367e-02j, -0.12945112-5.92374865e-02j,
                -0.15743811-2.74829624e-02j,  0.13182243+4.92051790e-02j],
               [-0.02148924+2.11618428e-02j, -0.10891761+6.41744126e-02j,
                 0.08278096-3.42418690e-17j,  0.10440106-7.16261703e-02j,
                -0.01434744-1.33112180e-02j, -0.01422552-1.90912269e-02j,
                 0.00236967+5.35745611e-02j,  0.01549772+1.80258566e-02j,
                -0.02248515-8.94173941e-03j,  0.00351262+1.60323030e-02j,
                 0.02583923+5.89488743e-02j, -0.00462307-1.57163940e-02j,
                -0.01514595+3.38198238e-02j,  0.08691388-9.22052314e-03j,
                 0.09208529-3.56844706e-02j, -0.08616482+1.51831185e-02j],
               [-0.04651538+8.84701969e-03j, -0.20561767-1.36102395e-02j,
                 0.10440106+7.16261703e-02j,  0.21030699-1.97211193e-17j,
                -0.00707732-3.00385896e-02j, -0.0017316 -3.88004501e-02j,
                -0.04367631+6.99813333e-02j,  0.00440629+3.92782454e-02j,
                -0.0216509 -3.24864568e-02j, -0.00991852+2.46794327e-02j,
                -0.02064188+1.02419246e-01j,  0.00844906-2.54467892e-02j,
                -0.05105823+3.09110088e-02j,  0.12413988+6.65018163e-02j,
                 0.15533081+3.83205656e-02j, -0.12946001-5.92360270e-02j],
               [ 0.00043048-9.11152882e-03j,  0.00897992-2.95958719e-02j,
                -0.01434744+1.33112180e-02j, -0.00707732+3.00385896e-02j,
                 0.00617451-1.69056528e-17j,  0.00592193+1.01587478e-03j,
                -0.00927507-9.09466357e-03j, -0.0058511 -6.72505301e-04j,
                 0.00540701-2.49385278e-03j, -0.0033837 -2.34484849e-03j,
                -0.01433476-6.49955449e-03j,  0.00349332+2.10759075e-03j,
                -0.003427  -8.34952055e-03j, -0.01402375+1.60673816e-02j,
                -0.01088066+2.14682640e-02j,  0.01298292-1.68909595e-02j],
               [-0.0012458 -8.82062304e-03j,  0.00439989-3.93582041e-02j,
                -0.01422552+1.90912269e-02j, -0.0017316 +3.88004501e-02j,
                 0.00592193-1.01587478e-03j,  0.00831814-3.01173916e-17j,
                -0.01297119-8.95135548e-03j, -0.00790151+5.37319420e-04j,
                 0.00644232-3.85391620e-03j, -0.00484213-2.22820518e-03j,
                -0.0193563 -4.67209215e-03j,  0.00488102+1.77369039e-03j,
                -0.0053962 -9.82612622e-03j, -0.01375012+2.30922228e-02j,
                -0.00837377+2.88420170e-02j,  0.01196035-2.37282694e-02j],
               [ 0.01308212+1.44892096e-02j,  0.03869504+7.27642129e-02j,
                 0.00236967-5.35745611e-02j, -0.04367631-6.99813333e-02j,
                -0.00927507+9.09466357e-03j, -0.01297119+8.95135548e-03j,
                 0.03567699+4.33640357e-19j,  0.01240099-9.87434089e-03j,
                -0.00646165+1.44479338e-02j,  0.01077228-1.83095497e-03j,
                 0.03936043-1.52834548e-02j, -0.01066476+2.55804156e-03j,
                 0.02161353+1.08153687e-02j, -0.00356105-5.69695248e-02j,
                -0.02065071-6.09499694e-02j,  0.00749125+5.66301708e-02j],
               [ 0.00072132+8.89948896e-03j, -0.0068125 +3.81820030e-02j,
                 0.01549772-1.80258566e-02j,  0.00440629-3.92782454e-02j,
                -0.0058511 +6.72505301e-04j, -0.00790151-5.37319420e-04j,
                 0.01240099+9.87434089e-03j,  0.00830896+2.18863981e-17j,
                -0.00659431+3.37404630e-03j,  0.00455682+2.51193182e-03j,
                 0.01905536+6.01997554e-03j, -0.00482058-2.21325489e-03j,
                 0.00473068+1.01317674e-02j,  0.01500524-2.19023883e-02j,
                 0.01034264-2.81324665e-02j, -0.01372378+2.30454952e-02j],
               [ 0.00412041-8.04172015e-03j,  0.0236657 -3.11043270e-02j,
                -0.02248515+8.94173941e-03j, -0.0216509 +3.24864568e-02j,
                 0.00540701+2.49385278e-03j,  0.00644232+3.85391620e-03j,
                -0.00646165-1.44479338e-02j, -0.00659431-3.37404630e-03j,
                 0.00872062+1.21371449e-17j, -0.00298218-4.29714164e-03j,
                -0.01447981-1.43753689e-02j,  0.00315117+4.03841680e-03j,
                 0.00060094-1.29732036e-02j, -0.02370843+1.28000526e-02j,
                -0.0227673 +2.09519871e-02j,  0.02280304-1.42564392e-02j],
               [ 0.00329413+5.15540732e-03j,  0.00848802+2.54991008e-02j,
                 0.00351262-1.60323030e-02j, -0.00991852-2.46794327e-02j,
                -0.0033837 +2.34484849e-03j, -0.00484213+2.22820518e-03j,
                 0.01077228+1.83095497e-03j,  0.00455682-2.51193182e-03j,
                -0.00298218+4.29714164e-03j,  0.00418034-2.69186150e-18j,
                 0.01346599-2.62666581e-03j, -0.00394498+2.60906418e-04j,
                 0.00615326+4.70622374e-03j,  0.00212626-1.89786884e-02j,
                -0.00287139-2.05319012e-02j, -0.00084636+1.85492198e-02j],
               [ 0.0089863 +2.23107881e-02j,  0.01348094+1.03517764e-01j,
                 0.02583923-5.89488743e-02j, -0.02064188-1.02419246e-01j,
                -0.01433476+6.49955449e-03j, -0.0193563 +4.67209215e-03j,
                 0.03936043+1.52834548e-02j,  0.01905536-6.01997554e-03j,
                -0.01447981+1.43753689e-02j,  0.01346599+2.62666581e-03j,
                 0.05529582+3.45213011e-18j, -0.01369142-1.69857917e-03j,
                 0.02080717+2.28257851e-02j,  0.02087991-6.86562589e-02j,
                 0.0036781 -8.35432671e-02j, -0.01608123+7.00140267e-02j],
               [-0.00292994-5.35045023e-03j, -0.00651196-2.57084339e-02j,
                -0.00462307+1.57163940e-02j,  0.00844906+2.54467892e-02j,
                 0.00349332-2.10759075e-03j,  0.00488102-1.77369039e-03j,
                -0.01066476-2.55804156e-03j, -0.00482058+2.21325489e-03j,
                 0.00315117-4.03841680e-03j, -0.00394498-2.60906418e-04j,
                -0.01369142+1.69857917e-03j,  0.00419203-2.71954749e-18j,
                -0.00586148-5.07866791e-03j, -0.00325115+1.82607787e-02j,
                 0.00140503+2.06449019e-02j,  0.00213669-1.89334540e-02j],
               [ 0.01257544+5.79030306e-03j,  0.04904491+3.41651367e-02j,
                -0.01514595-3.38198238e-02j, -0.05105823-3.09110088e-02j,
                -0.003427  +8.34952055e-03j, -0.0053962 +9.82612622e-03j,
                 0.02161353-1.08153687e-02j,  0.00473068-1.01317674e-02j,
                 0.00060094+1.29732036e-02j,  0.00615326-4.70622374e-03j,
                 0.02080717-2.28257851e-02j, -0.00586148+5.07866791e-03j,
                 0.02004536+1.72590385e-18j, -0.021197  -3.54276070e-02j,
                -0.03368458-3.35222616e-02j,  0.02333147+3.39615223e-02j],
               [-0.02546778+2.03985344e-02j, -0.12945112+5.92374865e-02j,
                 0.08691388+9.22052314e-03j,  0.12413988-6.65018163e-02j,
                -0.01402375-1.60673816e-02j, -0.01375012-2.30922228e-02j,
                -0.00356105+5.69695248e-02j,  0.01500524+2.19023883e-02j,
                -0.02370843-1.28000526e-02j,  0.00212626+1.89786884e-02j,
                 0.02087991+6.86562589e-02j, -0.00325115-1.82607787e-02j,
                -0.021197  +3.54276070e-02j,  0.10141634+1.11438667e-17j,
                 0.10655202-2.73958097e-02j, -0.09837273+6.41117318e-03j],
               [-0.0335833 +1.52540288e-02j, -0.15743811+2.74829624e-02j,
                 0.09208529+3.56844706e-02j,  0.15533081-3.83205656e-02j,
                -0.01088066-2.14682640e-02j, -0.00837377-2.88420170e-02j,
                -0.02065071+6.09499694e-02j,  0.01034264+2.81324665e-02j,
                -0.0227673 -2.09519871e-02j, -0.00287139+2.05319012e-02j,
                 0.0036781 +8.35432671e-02j,  0.00140503-2.06449019e-02j,
                -0.03368458+3.35222616e-02j,  0.10655202+2.73958097e-02j,
                 0.1286997 -1.04014782e-17j, -0.10835192-1.99735649e-02j],
               [ 0.02669376-1.87114088e-02j,  0.13182243-4.92051790e-02j,
                -0.08616482-1.51831185e-02j, -0.12946001+5.92360270e-02j,
                 0.01298292+1.68909595e-02j,  0.01196035+2.37282694e-02j,
                 0.00749125-5.66301708e-02j, -0.01372378-2.30454952e-02j,
                 0.02280304+1.42564392e-02j, -0.00084636-1.85492198e-02j,
                -0.01608123-7.00140267e-02j,  0.00213669+1.89334540e-02j,
                 0.02333147-3.39615223e-02j, -0.09837273-6.41117318e-03j,
                -0.10835192+1.99735649e-02j,  0.10147864-1.65706394e-17j]],
              dims=(2, 2, 2, 2))"
data/selected_mutant_qc/mutants_qpeexact_4/qpeexact_4_Mutant_Add_rzz_P10_Q2_[5.497787143782138].qasm,Quratest_3,"{'0110': 321, '0001': 181, '0010': 141, '0111': 95, '0011': 158, '0101': 128}","DensityMatrix([[ 2.04208505e-05+0.00000000e+00j,
                 6.04241320e-04+1.35247655e-04j,
                 1.18455847e-03+6.19326356e-04j,
                -5.17715489e-04+3.49912176e-04j,
                 3.08857185e-06-6.57694541e-06j,
                -8.55083484e-04-3.61751214e-04j,
                 3.78626228e-04-2.87840236e-04j,
                 8.57696021e-04-3.77202425e-04j,
                -5.78697782e-06+1.23230538e-05j,
                 1.60214798e-03+6.77803967e-04j,
                -7.09422247e-04+5.39318864e-04j,
                -1.60704302e-03+7.06754504e-04j,
                -3.82620235e-05-1.46960216e-19j,
                -1.13215146e-03-2.53410060e-04j,
                -2.21947680e-03-1.16041590e-03j,
                 9.70030227e-04-6.55621465e-04j],
               [ 6.04241320e-04-1.35247655e-04j,
                 1.87749037e-02+0.00000000e+00j,
                 3.91522190e-02+1.04801620e-02j,
                -1.30014316e-02+1.37825406e-02j,
                 4.78298537e-05-2.15063730e-04j,
                -2.76973174e-02-5.04077906e-03j,
                 9.29696318e-03-1.10246767e-02j,
                 2.28805178e-02-1.68417406e-02j,
                -8.96175696e-05+4.02959393e-04j,
                 5.18957529e-02+9.44477836e-03j,
                -1.74194813e-02+2.06566538e-02j,
                -4.28706391e-02+3.15559372e-02j,
                -1.13215146e-03+2.53410060e-04j,
                -3.51780553e-02-9.54097912e-18j,
                -7.33585080e-02-1.96364106e-02j,
                 2.43604487e-02-2.58239927e-02j],
               [ 1.18455847e-03-6.19326356e-04j,
                 3.91522190e-02-1.04801620e-02j,
                 8.74960570e-02+0.00000000e+00j,
                -1.94190949e-02+3.59988082e-02j,
                -2.03067791e-05-4.75181499e-04j,
                -6.05723275e-02+4.94887690e-03j,
                 1.32334282e-02-2.81798641e-02j,
                 3.83127863e-02-4.78928181e-02j,
                 3.80482910e-05+8.90335380e-04j,
                 1.13492816e-01-9.27258366e-03j,
                -2.47951349e-02+5.27998882e-02j,
                -7.17856845e-02+8.97355443e-02j,
                -2.21947680e-03+1.16041590e-03j,
                -7.33585080e-02+1.96364106e-02j,
                -1.63939117e-01-1.38777878e-17j,
                 3.63850598e-02-6.74500431e-02j],
               [-5.17715489e-04-3.49912176e-04j,
                -1.30014316e-02-1.37825406e-02j,
                -1.94190949e-02-3.59988082e-02j,
                 1.91210381e-02+0.00000000e+00j,
                -1.90998645e-04+1.13817866e-04j,
                 1.54797084e-02+2.38231180e-02j,
                -1.45312002e-02+8.09634327e-04j,
                -2.82079455e-02-5.13371092e-03j,
                 3.57869260e-04-2.13257614e-04j,
                -2.90039324e-02-4.46367648e-02j,
                 2.72267369e-02-1.51699106e-03j,
                 5.28525036e-02+9.61890241e-03j,
                 9.70030227e-04+6.55621465e-04j,
                 2.43604487e-02+2.58239927e-02j,
                 3.63850598e-02+6.74500431e-02j,
                -3.58265983e-02-3.46944695e-18j],
               [ 3.08857185e-06+6.57694541e-06j,
                 4.78298537e-05+2.15063730e-04j,
                -2.03067791e-05+4.75181499e-04j,
                -1.90998645e-04-1.13817866e-04j,
                 2.58537161e-06+0.00000000e+00j,
                -1.28187018e-05-3.30110248e-04j,
                 1.49970435e-04+7.84095051e-05j,
                 2.51208712e-04+2.19187890e-04j,
                -4.84414444e-06+4.23516474e-21j,
                 2.40180727e-05+6.18519101e-04j,
                -2.80995756e-04-1.46913878e-04j,
                -4.70683318e-04-4.10686724e-04j,
                -5.78697782e-06-1.23230538e-05j,
                -8.96175696e-05-4.02959393e-04j,
                 3.80482910e-05-8.90335380e-04j,
                 3.57869260e-04+2.13257614e-04j],
               [-8.55083484e-04+3.61751214e-04j,
                -2.76973174e-02+5.04077906e-03j,
                -6.05723275e-02-4.94887690e-03j,
                 1.54797084e-02-2.38231180e-02j,
                -1.28187018e-05+3.30110248e-04j,
                 4.22133108e-02+0.00000000e+00j,
                -1.07552073e-02+1.87600380e-02j,
                -2.92322922e-02+3.09885302e-02j,
                 2.40180727e-05-6.18519101e-04j,
                -7.90939971e-02-1.04083409e-17j,
                 2.01517558e-02-3.51502017e-02j,
                 5.47717957e-02-5.80624138e-02j,
                 1.60214798e-03-6.77803967e-04j,
                 5.18957529e-02-9.44477836e-03j,
                 1.13492816e-01+9.27258366e-03j,
                -2.90039324e-02+4.46367648e-02j],
               [ 3.78626228e-04+2.87840236e-04j,
                 9.29696318e-03+1.10246767e-02j,
                 1.32334282e-02+2.81798641e-02j,
                -1.45312002e-02-8.09634327e-04j,
                 1.49970435e-04-7.84095051e-05j,
                -1.07552073e-02-1.87600380e-02j,
                 1.10773948e-02+0.00000000e+00j,
                 2.12195004e-02+5.09580608e-03j,
                -2.80995756e-04+1.46913878e-04j,
                 2.01517558e-02+3.51502017e-02j,
                -2.07554303e-02-1.04083409e-17j,
                -3.97584333e-02-9.54788109e-03j,
                -7.09422247e-04-5.39318864e-04j,
                -1.74194813e-02-2.06566538e-02j,
                -2.47951349e-02-5.27998882e-02j,
                 2.72267369e-02+1.51699106e-03j],
               [ 8.57696021e-04+3.77202425e-04j,
                 2.28805178e-02+1.68417406e-02j,
                 3.83127863e-02+4.78928181e-02j,
                -2.82079455e-02+5.13371092e-03j,
                 2.51208712e-04-2.19187890e-04j,
                -2.92322922e-02-3.09885302e-02j,
                 2.12195004e-02-5.09580608e-03j,
                 4.29915558e-02+0.00000000e+00j,
                -4.70683318e-04+4.10686724e-04j,
                 5.47717957e-02+5.80624138e-02j,
                -3.97584333e-02+9.54788109e-03j,
                -8.05521750e-02-1.38777878e-17j,
                -1.60704302e-03-7.06754504e-04j,
                -4.28706391e-02-3.15559372e-02j,
                -7.17856845e-02-8.97355443e-02j,
                 5.28525036e-02-9.61890241e-03j],
               [-5.78697782e-06-1.23230538e-05j,
                -8.96175696e-05-4.02959393e-04j,
                 3.80482910e-05-8.90335380e-04j,
                 3.57869260e-04+2.13257614e-04j,
                -4.84414444e-06-4.23516474e-21j,
                 2.40180727e-05+6.18519101e-04j,
                -2.80995756e-04-1.46913878e-04j,
                -4.70683318e-04-4.10686724e-04j,
                 9.07634913e-06+0.00000000e+00j,
                -4.50020464e-05-1.15890337e-03j,
                 5.26494537e-04+2.75268763e-04j,
                 8.81907254e-04+7.69493176e-04j,
                 1.08429118e-05+2.30893898e-05j,
                 1.67914140e-04+7.55014674e-04j,
                -7.12901064e-05+1.66819855e-03j,
                -6.70530449e-04-3.99575319e-04j],
               [ 1.60214798e-03-6.77803967e-04j,
                 5.18957529e-02-9.44477836e-03j,
                 1.13492816e-01+9.27258366e-03j,
                -2.90039324e-02+4.46367648e-02j,
                 2.40180727e-05-6.18519101e-04j,
                -7.90939971e-02+1.04083409e-17j,
                 2.01517558e-02-3.51502017e-02j,
                 5.47717957e-02-5.80624138e-02j,
                -4.50020464e-05+1.15890337e-03j,
                 1.48196393e-01+0.00000000e+00j,
                -3.77578278e-02+6.58600309e-02j,
                -1.02624508e-01+1.08790055e-01j,
                -3.00190356e-03+1.26998390e-03j,
                -9.72357404e-02+1.76964389e-02j,
                -2.12648576e-01-1.73738021e-02j,
                 5.43439238e-02-8.36347608e-02j],
               [-7.09422247e-04-5.39318864e-04j,
                -1.74194813e-02-2.06566538e-02j,
                -2.47951349e-02-5.27998882e-02j,
                 2.72267369e-02+1.51699106e-03j,
                -2.80995756e-04+1.46913878e-04j,
                 2.01517558e-02+3.51502017e-02j,
                -2.07554303e-02+1.04083409e-17j,
                -3.97584333e-02-9.54788109e-03j,
                 5.26494537e-04-2.75268763e-04j,
                -3.77578278e-02-6.58600309e-02j,
                 3.88889171e-02+0.00000000e+00j,
                 7.44943562e-02+1.78896198e-02j,
                 1.32922626e-03+1.01050792e-03j,
                 3.26384352e-02+3.87038421e-02j,
                 4.64580080e-02+9.89297957e-02j,
                -5.10140383e-02-2.84234722e-03j],
               [-1.60704302e-03-7.06754504e-04j,
                -4.28706391e-02-3.15559372e-02j,
                -7.17856845e-02-8.97355443e-02j,
                 5.28525036e-02-9.61890241e-03j,
                -4.70683318e-04+4.10686724e-04j,
                 5.47717957e-02+5.80624138e-02j,
                -3.97584333e-02+9.54788109e-03j,
                -8.05521750e-02+1.38777878e-17j,
                 8.81907254e-04-7.69493176e-04j,
                -1.02624508e-01-1.08790055e-01j,
                 7.44943562e-02-1.78896198e-02j,
                 1.50928543e-01+0.00000000e+00j,
                 3.01107528e-03+1.32422778e-03j,
                 8.03256163e-02+5.91255498e-02j,
                 1.34502995e-01+1.68135187e-01j,
                -9.90283797e-02+1.80226906e-02j],
               [-3.82620235e-05+1.46960216e-19j,
                -1.13215146e-03-2.53410060e-04j,
                -2.21947680e-03-1.16041590e-03j,
                 9.70030227e-04-6.55621465e-04j,
                -5.78697782e-06+1.23230538e-05j,
                 1.60214798e-03+6.77803967e-04j,
                -7.09422247e-04+5.39318864e-04j,
                -1.60704302e-03+7.06754504e-04j,
                 1.08429118e-05-2.30893898e-05j,
                -3.00190356e-03-1.26998390e-03j,
                 1.32922626e-03-1.01050792e-03j,
                 3.01107528e-03-1.32422778e-03j,
                 7.16905715e-05+0.00000000e+00j,
                 2.12128313e-03+4.74807927e-04j,
                 4.15857673e-03+2.17424150e-03j,
                -1.81752074e-03+1.22842111e-03j],
               [-1.13215146e-03+2.53410060e-04j,
                -3.51780553e-02+9.54097912e-18j,
                -7.33585080e-02-1.96364106e-02j,
                 2.43604487e-02-2.58239927e-02j,
                -8.96175696e-05+4.02959393e-04j,
                 5.18957529e-02+9.44477836e-03j,
                -1.74194813e-02+2.06566538e-02j,
                -4.28706391e-02+3.15559372e-02j,
                 1.67914140e-04-7.55014674e-04j,
                -9.72357404e-02-1.76964389e-02j,
                 3.26384352e-02-3.87038421e-02j,
                 8.03256163e-02-5.91255498e-02j,
                 2.12128313e-03-4.74807927e-04j,
                 6.59122195e-02+0.00000000e+00j,
                 1.37449954e-01+3.67922386e-02j,
                -4.56435476e-02+4.83857524e-02j],
               [-2.21947680e-03+1.16041590e-03j,
                -7.33585080e-02+1.96364106e-02j,
                -1.63939117e-01+1.38777878e-17j,
                 3.63850598e-02-6.74500431e-02j,
                 3.80482910e-05+8.90335380e-04j,
                 1.13492816e-01-9.27258366e-03j,
                -2.47951349e-02+5.27998882e-02j,
                -7.17856845e-02+8.97355443e-02j,
                -7.12901064e-05-1.66819855e-03j,
                -2.12648576e-01+1.73738021e-02j,
                 4.64580080e-02-9.89297957e-02j,
                 1.34502995e-01-1.68135187e-01j,
                 4.15857673e-03-2.17424150e-03j,
                 1.37449954e-01-3.67922386e-02j,
                 3.07168516e-01+0.00000000e+00j,
                -6.81737529e-02+1.26379415e-01j],
               [ 9.70030227e-04+6.55621465e-04j,
                 2.43604487e-02+2.58239927e-02j,
                 3.63850598e-02+6.74500431e-02j,
                -3.58265983e-02+3.46944695e-18j,
                 3.57869260e-04-2.13257614e-04j,
                -2.90039324e-02-4.46367648e-02j,
                 2.72267369e-02-1.51699106e-03j,
                 5.28525036e-02+9.61890241e-03j,
                -6.70530449e-04+3.99575319e-04j,
                 5.43439238e-02+8.36347608e-02j,
                -5.10140383e-02+2.84234722e-03j,
                -9.90283797e-02-1.80226906e-02j,
                -1.81752074e-03-1.22842111e-03j,
                -4.56435476e-02-4.83857524e-02j,
                -6.81737529e-02-1.26379415e-01j,
                 6.71273780e-02+0.00000000e+00j]],
              dims=(2, 2, 2, 2))","{'0100': 12, '0000': 6, '0010': 137, '0110': 302, '0101': 101, '0001': 155, '0111': 111, '0011': 200}","DensityMatrix([[ 1.26424864e-03-4.23381172e-18j,
                 5.55037920e-04+2.18848014e-04j,
                 1.06641525e-03+6.19729203e-04j,
                -4.60563874e-04+3.67889684e-04j,
                -2.63701377e-04-4.28076719e-04j,
                -7.64211584e-04-4.33789730e-04j,
                 3.92491510e-04-2.85287772e-04j,
                 8.00255438e-04-3.49925038e-04j,
                 5.57282313e-04+7.95995916e-04j,
                 1.40671114e-03+8.59361473e-04j,
                -7.51828043e-04+5.55066506e-04j,
                -1.45283146e-03+7.29558273e-04j,
                -2.23923658e-03+6.98808469e-07j,
                -1.03769386e-03-3.57965878e-04j,
                -1.99882046e-03-1.12021727e-03j,
                 8.91994861e-04-6.08513888e-04j],
               [ 5.55037920e-04-2.18848014e-04j,
                 1.91605980e-02+4.77639498e-18j,
                 3.75832104e-02+1.04100692e-02j,
                -1.27848162e-02+1.34281153e-02j,
                 2.60476246e-05-2.16460182e-04j,
                -2.70164145e-02-5.25834966e-03j,
                 8.94227649e-03-1.06296067e-02j,
                 2.20271395e-02-1.60762557e-02j,
                -6.43283529e-05+3.47992364e-04j,
                 5.04462272e-02+9.76530942e-03j,
                -1.66422774e-02+1.97339542e-02j,
                -4.09447058e-02+2.99523812e-02j,
                -1.03792115e-03+3.58189584e-04j,
                -3.49879669e-02-2.93900929e-06j,
                -6.98418868e-02-1.90237437e-02j,
                 2.34921257e-02-2.46132336e-02j],
               [ 1.06641525e-03-6.19729203e-04j,
                 3.75832104e-02-1.04100692e-02j,
                 8.60581926e-02+1.17468727e-17j,
                -1.85146390e-02+3.48716413e-02j,
                -4.56272793e-06-4.03529388e-04j,
                -5.82760279e-02+4.78440548e-03j,
                 1.24638438e-02-2.76456393e-02j,
                 3.70379861e-02-4.60434943e-02j,
                -1.44453453e-05+7.23610773e-04j,
                 1.08369088e-01-9.02580365e-03j,
                -2.30528999e-02+5.13272732e-02j,
                -6.87476419e-02+8.57182152e-02j,
                -1.99803277e-03+1.12167059e-03j,
                -6.98208903e-02+1.90274458e-02j,
                -1.59264864e-01+5.71885768e-05j,
                 3.46627189e-02-6.45545683e-02j],
               [-4.60563874e-04-3.67889684e-04j,
                -1.27848162e-02-1.34281153e-02j,
                -1.85146390e-02-3.48716413e-02j,
                 1.95274288e-02-8.63965519e-18j,
                -1.77243330e-04+7.09207212e-05j,
                 1.49510096e-02+2.28952619e-02j,
                -1.39705251e-02+9.11476281e-04j,
                -2.75019673e-02-5.35574153e-03j,
                 3.64205040e-04-2.08443287e-04j,
                -2.78040580e-02-4.26156809e-02j,
                 2.59974424e-02-1.66950967e-03j,
                 5.13642597e-02+9.94617148e-03j,
                 8.92300588e-04+6.08565481e-04j,
                 2.34875273e-02+2.46175134e-02j,
                 3.46800346e-02+6.45673444e-02j,
                -3.56315617e-02-2.99641844e-06j],
               [-2.63701377e-04+4.28076719e-04j,
                 2.60476246e-05+2.16460182e-04j,
                -4.56272793e-06+4.03529388e-04j,
                -1.77243330e-04-7.09207212e-05j,
                 6.81297837e-04-5.08205402e-18j,
                 2.09448069e-05-2.94145491e-04j,
                 9.84004242e-05+1.38735564e-04j,
                 2.44650570e-04+2.08210406e-04j,
                -1.15857547e-03-3.87100190e-08j,
                -4.41566679e-05+6.00894761e-04j,
                -1.99509966e-04-2.27278784e-04j,
                -4.23568780e-04-3.14116683e-04j,
                 5.56177207e-04-7.96192673e-04j,
                -6.50362462e-05-3.48128471e-04j,
                -1.47834463e-05-7.23751956e-04j,
                 3.64715098e-04+2.07887646e-04j],
               [-7.64211584e-04+4.33789730e-04j,
                -2.70164145e-02+5.25834966e-03j,
                -5.82760279e-02-4.78440548e-03j,
                 1.49510096e-02-2.28952619e-02j,
                 2.09448069e-05+2.94145491e-04j,
                 4.18885103e-02+9.99617077e-18j,
                -1.01688058e-02+1.81346805e-02j,
                -2.83361310e-02+2.98311491e-02j,
                -4.42537046e-05-6.00898155e-04j,
                -7.74463079e-02+4.29009864e-06j,
                 1.91729909e-02-3.36571554e-02j,
                 5.25382062e-02-5.52605635e-02j,
                 1.40588335e-03-8.59787905e-04j,
                 5.03857928e-02-9.78249367e-03j,
                 1.08340928e-01+8.97029963e-03j,
                -2.77507321e-02+4.25842831e-02j],
               [ 3.92491510e-04+2.85287772e-04j,
                 8.94227649e-03+1.06296067e-02j,
                 1.24638438e-02+2.76456393e-02j,
                -1.39705251e-02-9.11476281e-04j,
                 9.84004242e-05-1.38735564e-04j,
                -1.01688058e-02-1.81346805e-02j,
                 1.19904056e-02-2.15876257e-18j,
                 2.03206672e-02+5.14650257e-03j,
                -1.99403494e-04+2.27554500e-04j,
                 1.91773251e-02+3.36535565e-02j,
                -2.16361499e-02+9.49409931e-06j,
                -3.78847596e-02-9.31341265e-03j,
                -7.52094142e-04-5.54671491e-04j,
                -1.66873388e-02-1.97127790e-02j,
                -2.30825620e-02-5.13193952e-02j,
                 2.60133161e-02+1.62169006e-03j],
               [ 8.00255438e-04+3.49925038e-04j,
                 2.20271395e-02+1.60762557e-02j,
                 3.70379861e-02+4.60434943e-02j,
                -2.75019673e-02+5.35574153e-03j,
                 2.44650570e-04-2.08210406e-04j,
                -2.83361310e-02-2.98311491e-02j,
                 2.03206672e-02-5.14650257e-03j,
                 4.26661664e-02-3.46715816e-18j,
                -4.23534284e-04+3.14186138e-04j,
                 5.25440485e-02+5.52549415e-02j,
                -3.78843879e-02+9.31905959e-03j,
                -7.88573932e-02+4.37564343e-06j,
                -1.45274741e-03-7.28624394e-04j,
                -4.09161230e-02-2.98975384e-02j,
                -6.87687262e-02-8.56589242e-02j,
                 5.13027292e-02-9.96367331e-03j],
               [ 5.57282313e-04-7.95995916e-04j,
                -6.43283529e-05-3.47992364e-04j,
                -1.44453453e-05-7.23610773e-04j,
                 3.64205040e-04+2.08443287e-04j,
                -1.15857547e-03+3.87100191e-08j,
                -4.42537046e-05+6.00898155e-04j,
                -1.99403494e-04-2.27554500e-04j,
                -4.23534284e-04-3.14186138e-04j,
                 2.37038503e-03-5.22249952e-17j,
                 6.90981215e-05-1.03012648e-03j,
                 3.36258127e-04+4.80225288e-04j,
                 8.58754322e-04+7.25337102e-04j,
                -9.21174623e-04+1.49672411e-03j,
                 9.41390638e-05+7.56887289e-04j,
                -1.57046056e-05+1.40819933e-03j,
                -6.21626913e-04-2.45736504e-04j],
               [ 1.40671114e-03-8.59361473e-04j,
                 5.04462272e-02-9.76530942e-03j,
                 1.08369088e-01+9.02580365e-03j,
                -2.78040580e-02+4.26156809e-02j,
                -4.41566679e-05-6.00894761e-04j,
                -7.74463079e-02-4.29009864e-06j,
                 1.91773251e-02-3.36535565e-02j,
                 5.25440485e-02-5.52549415e-02j,
                 6.90981215e-05+1.03012648e-03j,
                 1.46170527e-01-1.34662730e-18j,
                -3.58252923e-02+6.33293333e-02j,
                -9.88815245e-02+1.04099028e-01j,
                -2.67055003e-03+1.51356638e-03j,
                -9.43506237e-02+1.83640834e-02j,
                -2.03554878e-01-1.68555690e-02j,
                 5.22138141e-02-7.99581931e-02j],
               [-7.51828043e-04-5.55066506e-04j,
                -1.66422774e-02-1.97339542e-02j,
                -2.30528999e-02-5.13272732e-02j,
                 2.59974424e-02+1.66950967e-03j,
                -1.99509966e-04+2.27278784e-04j,
                 1.91729909e-02+3.36571554e-02j,
                -2.16361499e-02-9.49409931e-06j,
                -3.78843879e-02-9.31905959e-03j,
                 3.36258127e-04-4.80225288e-04j,
                -3.58252923e-02-6.33293333e-02j,
                 4.12798990e-02+3.75001063e-17j,
                 7.11812905e-02+1.77412712e-02j,
                 1.37056559e-03+9.95559051e-04j,
                 3.14464267e-02+3.70549001e-02j,
                 4.35254099e-02+9.64920378e-02j,
                -4.88912679e-02-2.97767456e-03j],
               [-1.45283146e-03-7.29558273e-04j,
                -4.09447058e-02-2.99523812e-02j,
                -6.87476419e-02-8.57182152e-02j,
                 5.13642597e-02-9.94617148e-03j,
                -4.23568780e-04+3.14116683e-04j,
                 5.25382062e-02+5.52605635e-02j,
                -3.78847596e-02+9.31341265e-03j,
                -7.88573932e-02-4.37564343e-06j,
                 8.58754322e-04-7.25337102e-04j,
                -9.88815245e-02-1.04099028e-01j,
                 7.11812905e-02-1.77412712e-02j,
                 1.48883981e-01+3.67895020e-17j,
                 2.79448670e-03+1.22439171e-03j,
                 7.69262228e-02+5.61437263e-02j,
                 1.29265530e-01+1.60927335e-01j,
                -9.60464183e-02+1.87041903e-02j],
               [-2.23923658e-03-6.98808469e-07j,
                -1.03792115e-03-3.58189584e-04j,
                -1.99803277e-03-1.12167059e-03j,
                 8.92300588e-04-6.08565481e-04j,
                 5.56177207e-04+7.96192673e-04j,
                 1.40588335e-03+8.59787905e-04j,
                -7.52094142e-04+5.54671491e-04j,
                -1.45274741e-03+7.28624394e-04j,
                -9.21174623e-04-1.49672411e-03j,
                -2.67055003e-03-1.51356638e-03j,
                 1.37056559e-03-9.95559051e-04j,
                 2.79448670e-03-1.22439171e-03j,
                 4.39924149e-03-2.44705103e-17j,
                 1.93468826e-03+7.71437992e-04j,
                 3.71669393e-03+2.15900079e-03j,
                -1.61240863e-03+1.27751381e-03j],
               [-1.03769386e-03+3.57965878e-04j,
                -3.49879669e-02+2.93900929e-06j,
                -6.98208903e-02-1.90274458e-02j,
                 2.34875273e-02-2.46175134e-02j,
                -6.50362462e-05+3.48128471e-04j,
                 5.03857928e-02+9.78249367e-03j,
                -1.66873388e-02+1.97127790e-02j,
                -4.09161230e-02+2.98975384e-02j,
                 9.41390638e-05-7.56887289e-04j,
                -9.43506237e-02-1.83640834e-02j,
                 3.14464267e-02-3.70549001e-02j,
                 7.69262228e-02-5.61437263e-02j,
                 1.93468826e-03-7.71437992e-04j,
                 6.62526402e-02+3.67978462e-17j,
                 1.31329286e-01+3.58067651e-02j,
                -4.42001901e-02+4.64231190e-02j],
               [-1.99882046e-03+1.12021727e-03j,
                -6.98418868e-02+1.90237437e-02j,
                -1.59264864e-01-5.71885768e-05j,
                 3.46800346e-02-6.45673444e-02j,
                -1.47834463e-05+7.23751956e-04j,
                 1.08340928e-01-8.97029963e-03j,
                -2.30825620e-02+5.13193952e-02j,
                -6.87687262e-02+8.56589242e-02j,
                -1.57046056e-05-1.40819933e-03j,
                -2.03554878e-01+1.68555690e-02j,
                 4.35254099e-02-9.64920378e-02j,
                 1.29265530e-01-1.60927335e-01j,
                 3.71669393e-03-2.15900079e-03j,
                 1.31329286e-01-3.58067651e-02j,
                 2.99885044e-01-1.79944447e-17j,
                -6.51139734e-02+1.21457737e-01j],
               [ 8.91994861e-04+6.08513888e-04j,
                 2.34921257e-02+2.46132336e-02j,
                 3.46627189e-02+6.45545683e-02j,
                -3.56315617e-02+2.99641844e-06j,
                 3.64715098e-04-2.07887646e-04j,
                -2.77507321e-02-4.25842831e-02j,
                 2.60133161e-02-1.62169006e-03j,
                 5.13027292e-02+9.96367331e-03j,
                -6.21626913e-04+2.45736504e-04j,
                 5.22138141e-02+7.99581931e-02j,
                -4.88912679e-02+2.97767456e-03j,
                -9.60464183e-02-1.87041903e-02j,
                -1.61240863e-03-1.27751381e-03j,
                -4.42001901e-02-4.64231190e-02j,
                -6.51139734e-02-1.21457737e-01j,
                 6.75214319e-02-2.21559977e-17j]],
              dims=(2, 2, 2, 2))"
data/selected_mutant_qc/mutants_qpeexact_4/qpeexact_4_Mutant_Add_rzz_P10_Q2_[5.497787143782138].qasm,Quratest_4,"{'0110': 12, '0001': 103, '0100': 110, '0101': 142, '0010': 21, '0000': 180, '0111': 248, '0011': 208}","DensityMatrix([[ 0.13797182+0.j        ,  0.07464521+0.046645j  ,
                -0.03646288+0.03242766j,  0.11423024+0.03423429j,
                -0.00742833-0.08301561j,  0.05461625-0.10597243j,
                 0.02147439+0.02019329j,  0.03343821-0.15801727j,
                 0.01670697-0.05699869j,  0.06384268-0.0560566j ,
                 0.00898118+0.01899014j,  0.06335865-0.09609611j,
                 0.09151438+0.03595577j,  0.03735512+0.05039155j,
                -0.03263593+0.01200641j,  0.06684545+0.05247568j],
               [ 0.07464521-0.046645j  ,  0.05615396+0.j        ,
                -0.00876404+0.02987118j,  0.07337439-0.02009717j,
                -0.03208447-0.04240158j, -0.0062784 -0.07579743j,
                 0.0184449 +0.00366495j, -0.03533122-0.09679482j,
                -0.01023114-0.03648554j,  0.01558862-0.05191132j,
                 0.01127909+0.00723768j,  0.00179034-0.07340976j,
                 0.0616667 -0.01148613j,  0.03724597+0.01463385j,
                -0.01359754+0.01752912j,  0.05390536+0.00579142j],
               [-0.03646288-0.03242766j, -0.00876404-0.02987118j,
                 0.01725783+0.j        , -0.02214239-0.03589501j,
                -0.0175481 +0.02368506j, -0.03934067+0.01516964j,
                -0.00092915-0.01038378j, -0.04597594+0.03390143j,
                -0.01781174+0.01113683j, -0.03004724-0.0001905j ,
                 0.00208975-0.00712953j, -0.03932985+0.01050481j,
                -0.01573449-0.03101103j,  0.00197145-0.02209697j,
                 0.01144683+0.00449743j, -0.00533235-0.02957891j],
               [ 0.11423024-0.03423429j,  0.07337439+0.02009717j,
                -0.02214239+0.03589501j,  0.10306839+0.j        ,
                -0.02674836-0.0668875j ,  0.01892369-0.10128883j,
                 0.02278963+0.01139018j, -0.01152376-0.13912322j,
                -0.0003107 -0.05133603j,  0.03894786-0.06225161j,
                 0.01214767+0.01349394j,  0.02861231-0.09528119j,
                 0.08468852+0.00706163j,  0.04343062+0.03245165j,
                -0.02404099+0.0180382j ,  0.06836352+0.02685985j],
               [-0.00742833+0.08301561j, -0.03208447+0.04240158j,
                -0.0175481 -0.02368506j, -0.02674836+0.0668875j ,
                 0.05034921+0.j        ,  0.06082154+0.03856729j,
                -0.01330617+0.01183363j,  0.09327637+0.02862684j,
                 0.03339578+0.01312112j,  0.03029118+0.04143126j,
                -0.01190963+0.00438143j,  0.05440842+0.04329573j,
                -0.02656114+0.05312701j, -0.03233103+0.01976297j,
                -0.00546698-0.02028298j, -0.03517277+0.03739466j],
               [ 0.05461625+0.10597243j, -0.0062784 +0.07579743j,
                -0.03934067-0.01516964j,  0.01892369+0.10128883j,
                 0.06082154-0.03856729j,  0.10301444+0.j        ,
                -0.00700927+0.02448743j,  0.13460534-0.03686827j,
                 0.05039262-0.0097308j ,  0.06832774+0.02684579j,
                -0.01103061+0.01441546j,  0.0988894 +0.01062435j,
                 0.00860938+0.08452284j, -0.02391734+0.04863899j,
                -0.02214076-0.02031403j, -0.01384433+0.07211472j],
               [ 0.02147439-0.02019329j,  0.0184449 -0.00366495j,
                -0.00092915+0.01038378j,  0.02278963-0.01139018j,
                -0.01330617-0.01183363j, -0.00700927-0.02448743j,
                 0.00629779+0.j        , -0.01792267-0.02948828j,
                -0.00574189-0.01131666j,  0.00173235-0.01806873j,
                 0.00417722+0.00164122j, -0.00420309-0.02422976j,
                 0.01950601-0.00779759j,  0.01318928+0.00237588j,
                -0.00332233+0.00664525j,  0.01808428-0.00161588j],
               [ 0.03343821+0.15801727j, -0.03533122+0.09679482j,
                -0.04597594-0.03390143j, -0.01152376+0.13912322j,
                 0.09327637-0.02862684j,  0.13460534+0.03686827j,
                -0.01792267+0.02948828j,  0.18907899+0.j        ,
                 0.06932886+0.00532033j,  0.07967349+0.05953255j,
                -0.01957252+0.01488839j,  0.12541289+0.04927441j,
                -0.01900066+0.11352425j, -0.04865955+0.05499497j,
                -0.02166027-0.03446768j, -0.04389934+0.08927496j],
               [ 0.01670697+0.05699869j, -0.01023114+0.03648554j,
                -0.01781174-0.01113683j, -0.0003107 +0.05133603j,
                 0.03339578-0.01312112j,  0.05039262+0.0097308j ,
                -0.00574189+0.01131666j,  0.06932886-0.00532033j,
                 0.02557025+0.j        ,  0.0308887 +0.0195867j ,
                -0.00675765+0.0060098j ,  0.04737115+0.01453837j,
                -0.00377254+0.04216014j, -0.01629435+0.02153398j,
                -0.00891194-0.01202865j, -0.01358437+0.03396935j],
               [ 0.06384268+0.0560566j ,  0.01558862+0.05191132j,
                -0.03004724+0.0001905j ,  0.03894786+0.06225161j,
                 0.03029118-0.04143126j,  0.06832774-0.02684579j,
                 0.00173235+0.01806873j,  0.07967349-0.05953255j,
                 0.0308887 -0.0195867j ,  0.0523167 +0.j        ,
                -0.00355971+0.01243613j,  0.06836039-0.01872384j,
                 0.0277373 +0.05381894j, -0.00318854+0.03849433j,
                -0.01997947-0.00770402j,  0.00961055+0.05144034j],
               [ 0.00898118-0.01899014j,  0.01127909-0.00723768j,
                 0.00208975+0.00712953j,  0.01214767-0.01349394j,
                -0.01190963-0.00438143j, -0.01103061-0.01441546j,
                 0.00417722-0.00164122j, -0.01957252-0.01488839j,
                -0.00675765-0.0060098j , -0.00355971-0.01243613j,
                 0.00319839+0.j        , -0.00910217-0.01497586j,
                 0.01090594-0.01025532j,  0.00936739-0.00186127j,
                -0.00047188+0.00527349j,  0.0115739 -0.00578459j],
               [ 0.06335865+0.09609611j,  0.00179034+0.07340976j,
                -0.03932985-0.01050481j,  0.02861231+0.09528119j,
                 0.05440842-0.04329573j,  0.0988894 -0.01062435j,
                -0.00420309+0.02422976j,  0.12541289-0.04927441j,
                 0.04737115-0.01453837j,  0.06836039+0.01872384j,
                -0.00910217+0.01497586j,  0.09602527+0.j        ,
                 0.01698186+0.08025033j, -0.01794324+0.04915802j,
                -0.02334925-0.01721711j, -0.00585243+0.07065483j],
               [ 0.09151438-0.03595577j,  0.0616667 +0.01148613j,
                -0.01573449+0.03101103j,  0.08468852-0.00706163j,
                -0.02656114-0.05312701j,  0.00860938-0.08452284j,
                 0.01950601+0.00779759j, -0.01900066-0.11352425j,
                -0.00377254-0.04216014j,  0.0277373 -0.05381894j,
                 0.01090594+0.01025532j,  0.01698186-0.08025033j,
                 0.07007009+0.j        ,  0.03790917+0.02368903j,
                -0.01851796+0.01646865j,  0.05801274+0.01738615j],
               [ 0.03735512-0.05039155j,  0.03724597-0.01463385j,
                 0.00197145+0.02209697j,  0.04343062-0.03245165j,
                -0.03233103-0.01976297j, -0.02391734-0.04863899j,
                 0.01318928-0.00237588j, -0.04865955-0.05499497j,
                -0.01629435-0.02153398j, -0.00318854-0.03849433j,
                 0.00936739+0.00186127j, -0.01794324-0.04915802j,
                 0.03790917-0.02368903j,  0.02851823+0.j        ,
                -0.00445089+0.01517031j,  0.03726377-0.01020651j],
               [-0.03263593-0.01200641j, -0.01359754-0.01752912j,
                 0.01144683-0.00449743j, -0.02404099-0.0180382j ,
                -0.00546698+0.02028298j, -0.02214076+0.02031403j,
                -0.00332233-0.00664525j, -0.02166027+0.03446768j,
                -0.00891194+0.01202865j, -0.01997947+0.00770402j,
                -0.00047188-0.00527349j, -0.02334925+0.01721711j,
                -0.01851796-0.01646865j, -0.00445089-0.01517031j,
                 0.00876453+0.j        , -0.01124519-0.01822957j],
               [ 0.06684545-0.05247568j,  0.05390536-0.00579142j,
                -0.00533235+0.02957891j,  0.06836352-0.02685985j,
                -0.03517277-0.03739466j, -0.01384433-0.07211472j,
                 0.01808428+0.00161588j, -0.04389934-0.08927496j,
                -0.01358437-0.03396935j,  0.00961055-0.05144034j,
                 0.0115739 +0.00578459j, -0.00585243-0.07065483j,
                 0.05801274-0.01738615j,  0.03726377+0.01020651j,
                -0.01124519+0.01822957j,  0.0523441 +0.j        ]],
              dims=(2, 2, 2, 2))","{'0110': 20, '0100': 122, '0101': 130, '0001': 121, '0010': 28, '0000': 157, '0011': 202, '0111': 244}","DensityMatrix([[ 0.13738536+3.35584393e-18j,  0.07164174+4.51149602e-02j,
                -0.03464309+3.10918376e-02j,  0.1100222 +3.28249856e-02j,
                -0.00720149-8.22323842e-02j,  0.05277713-1.01298746e-01j,
                 0.02050038+1.92017074e-02j,  0.03211152-1.51561702e-01j,
                 0.01650165-5.62765462e-02j,  0.06114315-5.32803264e-02j,
                 0.00854507+1.79846570e-02j,  0.06049466-9.18592720e-02j,
                 0.09051643+3.55445894e-02j,  0.03551807+4.82423919e-02j,
                -0.03094363+1.15283049e-02j,  0.06398807+5.00882553e-02j],
               [ 0.07164174-4.51149602e-02j,  0.05643195-4.16369724e-17j,
                -0.00829112+2.86837439e-02j,  0.0706416 -1.94904963e-02j,
                -0.03066458-4.04602377e-02j, -0.0060779 -7.51773528e-02j,
                 0.01767744+3.49059303e-03j, -0.03384095-9.24602175e-02j,
                -0.0098468 -3.46885674e-02j,  0.01537889-5.13146706e-02j,
                 0.01071107+6.80939019e-03j,  0.0016109 -6.98892725e-02j,
                 0.05887548-1.11836123e-02j,  0.03696724+1.45208226e-02j,
                -0.01294889+1.66915468e-02j,  0.05152382+5.40563266e-03j],
               [-0.03464309-3.10918376e-02j, -0.00829112-2.86837439e-02j,
                 0.02093916-1.22588529e-17j, -0.02118537-3.44242914e-02j,
                -0.01680053+2.24407580e-02j, -0.03762541+1.43110764e-02j,
                -0.00105037-1.24609392e-02j, -0.04398778+3.23661623e-02j,
                -0.01695384+1.04612437e-02j, -0.02866314-2.89593548e-04j,
                 0.00246519-8.53682416e-03j, -0.03747335+9.95931144e-03j,
                -0.01483267-2.95074151e-02j,  0.00186986-2.10386269e-02j,
                 0.01371211+5.38478839e-03j, -0.00506887-2.82094311e-02j],
               [ 0.1100222 -3.28249856e-02j,  0.0706416 +1.94904963e-02j,
                -0.02118537+3.44242914e-02j,  0.10147674-8.87499513e-21j,
                -0.02538452-6.40322203e-02j,  0.01834884-9.67964895e-02j,
                 0.02172159+1.08791218e-02j, -0.01101031-1.35666631e-01j,
                -0.00023535-4.89144240e-02j,  0.03723301-5.92087882e-02j,
                 0.01151105+1.28163463e-02j,  0.02780424-9.25549622e-02j,
                 0.08100399+6.84103411e-03j,  0.0414325 +3.11053060e-02j,
                -0.02291492+1.72257765e-02j,  0.06664642+2.61739942e-02j],
               [-0.00720149+8.22323842e-02j, -0.03066458+4.04602377e-02j,
                -0.01680053-2.24407580e-02j, -0.02538452+6.40322203e-02j,
                 0.05052444+3.10751701e-17j,  0.05838932+3.72684302e-02j,
                -0.01264333+1.14072607e-02j,  0.0897924 +2.74214497e-02j,
                 0.03312887+1.30085631e-02j,  0.02886818+3.96924993e-02j,
                -0.01133361+4.22506022e-03j,  0.05213128+4.13560831e-02j,
                -0.02620044+5.24675917e-02j, -0.03083498+1.87349904e-02j,
                -0.00530466-1.92022357e-02j, -0.0334726 +3.57089466e-02j],
               [ 0.05277713+1.01298746e-01j, -0.0060779 +7.51773528e-02j,
                -0.03762541-1.43110764e-02j,  0.01834884+9.67964895e-02j,
                 0.05838932-3.72684302e-02j,  0.10276179-2.13517968e-20j,
                -0.00663569+2.35144012e-02j,  0.12900579-3.55805987e-02j,
                 0.04814789-9.43606059e-03j,  0.06765296+2.65718593e-02j,
                -0.01052454+1.37316262e-02j,  0.09436784+9.92118346e-03j,
                 0.00854713+8.06283604e-02j, -0.02364511+4.80683251e-02j,
                -0.02119382-1.92868101e-02j, -0.0130018 +6.87220873e-02j],
               [ 0.02050038-1.92017074e-02j,  0.01767744-3.49059303e-03j,
                -0.00105037+1.24609392e-02j,  0.02172159-1.08791218e-02j,
                -0.01264333-1.14072607e-02j, -0.00663569-2.35144012e-02j,
                 0.00780504+5.07699794e-18j, -0.01715156-2.82322370e-02j,
                -0.00543373-1.08109987e-02j,  0.00163281-1.72331373e-02j,
                 0.00503143+1.97529409e-03j, -0.0040156 -2.31128296e-02j,
                 0.01849969-7.36397945e-03j,  0.01248875+2.29896251e-03j,
                -0.00400281+7.93296381e-03j,  0.01716469-1.55989923e-03j],
               [ 0.03211152+1.51561702e-01j, -0.03384095+9.24602175e-02j,
                -0.04398778-3.23661623e-02j, -0.01101031+1.35666631e-01j,
                 0.0897924 -2.74214497e-02j,  0.12900579+3.55805987e-02j,
                -0.01715156+2.82322370e-02j,  0.1851895 +8.32011073e-17j,
                 0.06632235+5.16745486e-03j,  0.07589939+5.69516522e-02j,
                -0.01866003+1.41978282e-02j,  0.12208542+4.79462508e-02j,
                -0.01817249+1.08452144e-01j, -0.04637399+5.23126063e-02j,
                -0.0206761 -3.27883820e-02j, -0.04260162+8.67436650e-02j],
               [ 0.01650165+5.62765462e-02j, -0.0098468 +3.46885674e-02j,
                -0.01695384-1.04612437e-02j, -0.00023535+4.89144240e-02j,
                 0.03312887-1.30085631e-02j,  0.04814789+9.43606059e-03j,
                -0.00543373+1.08109987e-02j,  0.06632235-5.16745486e-03j,
                 0.02578809+1.82029661e-17j,  0.02977029+1.90130646e-02j,
                -0.00644744+5.81796521e-03j,  0.0457831 +1.39900287e-02j,
                -0.00367608+4.18461331e-02j, -0.01560197+2.05805172e-02j,
                -0.00854786-1.14243070e-02j, -0.0129227 +3.25741473e-02j],
               [ 0.06114315+5.32803264e-02j,  0.01537889+5.13146706e-02j,
                -0.02866314+2.89593548e-04j,  0.03723301+5.92087882e-02j,
                 0.02886818-3.96924993e-02j,  0.06765296-2.65718593e-02j,
                 0.00163281+1.72331373e-02j,  0.07589939-5.69516522e-02j,
                 0.02977029-1.90130646e-02j,  0.05237395-1.08520495e-17j,
                -0.00337576+1.19806754e-02j,  0.06574177-1.81406396e-02j,
                 0.02686848+5.15574884e-02j, -0.00308026+3.82542227e-02j,
                -0.01915615-7.28411052e-03j,  0.00934705+4.92585865e-02j],
               [ 0.00854507-1.79846570e-02j,  0.01071107-6.80939019e-03j,
                 0.00246519+8.53682416e-03j,  0.01151105-1.28163463e-02j,
                -0.01133361-4.22506022e-03j, -0.01052454-1.37316262e-02j,
                 0.00503143-1.97529409e-03j, -0.01866003-1.41978282e-02j,
                -0.00644744-5.81796521e-03j, -0.00337576-1.19806754e-02j,
                 0.0039785 -7.67557106e-19j, -0.00873275-1.43840679e-02j,
                 0.01042486-9.75471233e-03j,  0.00898183-1.76983847e-03j,
                -0.00053654+6.33594328e-03j,  0.01103972-5.52198452e-03j],
               [ 0.06049466+9.18592720e-02j,  0.0016109 +6.98892725e-02j,
                -0.03747335-9.95931144e-03j,  0.02780424+9.25549622e-02j,
                 0.05213128-4.13560831e-02j,  0.09436784-9.92118346e-03j,
                -0.0040156 +2.31128296e-02j,  0.12208542-4.79462508e-02j,
                 0.0457831 -1.39900287e-02j,  0.06574177+1.81406396e-02j,
                -0.00873275+1.43840679e-02j,  0.09436769+1.51717977e-17j,
                 0.01633916+7.71367101e-02j, -0.01720987+4.70452517e-02j,
                -0.02239136-1.64775310e-02j, -0.00560121+6.90343657e-02j],
               [ 0.09051643-3.55445894e-02j,  0.05887548+1.11836123e-02j,
                -0.01483267+2.95074151e-02j,  0.08100399-6.84103411e-03j,
                -0.02620044-5.24675917e-02j,  0.00854713-8.06283604e-02j,
                 0.01849969+7.36397945e-03j, -0.01817249-1.08452144e-01j,
                -0.00367608-4.18461331e-02j,  0.02686848-5.15574884e-02j,
                 0.01042486+9.75471233e-03j,  0.01633916-7.71367101e-02j,
                 0.06993355-9.52401115e-18j,  0.03647374+2.29522479e-02j,
                -0.01764036+1.58311518e-02j,  0.05601329+1.67039152e-02j],
               [ 0.03551807-4.82423919e-02j,  0.03696724-1.45208226e-02j,
                 0.00186986+2.10386269e-02j,  0.0414325 -3.11053060e-02j,
                -0.03083498-1.87349904e-02j, -0.02364511-4.80683251e-02j,
                 0.01248875-2.29896251e-03j, -0.04637399-5.23126063e-02j,
                -0.01560197-2.05805172e-02j, -0.00308026-3.82542227e-02j,
                 0.00898183+1.76983847e-03j, -0.01720987-4.70452517e-02j,
                 0.03647374-2.29522479e-02j,  0.02871969-1.77675195e-17j,
                -0.00422705+1.46038737e-02j,  0.03595904-9.91268188e-03j],
               [-0.03094363-1.15283049e-02j, -0.01294889-1.66915468e-02j,
                 0.01371211-5.38478839e-03j, -0.02291492-1.72257765e-02j,
                -0.00530466+1.92022357e-02j, -0.02119382+1.92868101e-02j,
                -0.00400281-7.93296381e-03j, -0.0206761 +3.27883820e-02j,
                -0.00854786+1.14243070e-02j, -0.01915615+7.28411052e-03j,
                -0.00053654-6.33594328e-03j, -0.02239136+1.64775310e-02j,
                -0.01764036-1.58311518e-02j, -0.00422705-1.46038737e-02j,
                 0.01066386-1.46298674e-17j, -0.01079201-1.75294796e-02j],
               [ 0.06398807-5.00882553e-02j,  0.05152382-5.40563266e-03j,
                -0.00506887+2.82094311e-02j,  0.06664642-2.61739942e-02j,
                -0.0334726 -3.57089466e-02j, -0.0130018 -6.87220873e-02j,
                 0.01716469+1.55989923e-03j, -0.04260162-8.67436650e-02j,
                -0.0129227 -3.25741473e-02j,  0.00934705-4.92585865e-02j,
                 0.01103972+5.52198452e-03j, -0.00560121-6.90343657e-02j,
                 0.05601329-1.67039152e-02j,  0.03595904+9.91268188e-03j,
                -0.01079201+1.75294796e-02j,  0.05166069+1.52024501e-17j]],
              dims=(2, 2, 2, 2))"
data/selected_mutant_qc/mutants_qpeexact_4/qpeexact_4_Mutant_Add_rzz_P10_Q2_[5.497787143782138].qasm,Quratest_5,"{'0101': 43, '0001': 484, '0111': 36, '0011': 461}","DensityMatrix([[ 1.80250625e-06+0.00000000e+00j,
                 5.97289362e-05-1.31156192e-04j,
                -1.58791837e-20-1.33231302e-20j,
                -5.05066967e-05-1.34976168e-04j,
                 1.78637140e-06-9.94034444e-07j,
                 3.27094272e-05-2.25817131e-04j,
                 5.55424619e-21-2.79898191e-21j,
                -1.36547767e-04-1.82805883e-04j,
                -5.60942174e-06+5.72460136e-06j,
                -6.39112276e-05+8.96634715e-04j,
                 2.49686442e-20+5.00397099e-20j,
                 5.88824425e-04+6.79208550e-04j,
                -3.92517866e-06-2.20060743e-06j,
                -1.05938357e-04+9.54620421e-05j,
                 5.65306784e-20+7.57253216e-20j,
                -7.40787345e-06+1.42411588e-04j],
               [ 5.97289362e-05+1.31156192e-04j,
                 1.15225633e-02+0.00000000e+00j,
                 4.43251869e-19-1.59690411e-18j,
                 8.14768265e-03-8.14768265e-03j,
                 1.31523447e-04+9.70432417e-05j,
                 1.75150650e-02-5.10276904e-03j,
                 3.87711844e-19+3.11396182e-19j,
                 8.77681865e-03-1.59932238e-02j,
                -6.02417719e-04-2.18465841e-04j,
                -6.73598463e-02+2.50610417e-02j,
                -2.81367524e-18+3.47494546e-18j,
                -2.99097715e-02+6.53514366e-02j,
                 3.00562306e-05-3.58529366e-04j,
                -1.04565647e-02-4.54513001e-03j,
                -3.63678489e-18+6.62263521e-18j,
                -1.06078001e-02+4.18001556e-03j],
               [-1.58791837e-20+1.33231302e-20j,
                 4.43251869e-19+1.59690411e-18j,
                 2.38364927e-34+0.00000000e+00j,
                 1.44260813e-18+8.15755324e-19j,
                -8.38969033e-21+2.19608193e-20j,
                 1.38096166e-18+2.23110663e-18j,
                -2.82416191e-35+6.57115571e-35j,
                 2.55411798e-18+6.01143274e-19j,
                 7.10312603e-21-9.18926368e-20j,
                -6.06440220e-18-8.37130240e-18j,
                -5.89827221e-34-2.56270538e-34j,
                -1.02075846e-17-1.63122477e-18j,
                 5.08445459e-20-9.62649459e-21j,
                 2.27661579e-19-1.62401091e-18j,
                -1.05772689e-33-2.49258887e-34j,
                -9.87368081e-19-1.30933017e-18j],
               [-5.05066967e-05+1.34976168e-04j,
                 8.14768265e-03+8.14768265e-03j,
                 1.44260813e-18-8.15755324e-19j,
                 1.15225633e-02+0.00000000e+00j,
                 2.43811869e-05+1.61621055e-04j,
                 1.59932238e-02+8.77681865e-03j,
                 5.39633219e-20+4.94344026e-19j,
                 1.75150650e-02-5.10276904e-03j,
                -2.71494977e-04-5.80452332e-04j,
                -6.53514366e-02-2.99097715e-02j,
                -4.44672634e-18+4.67588655e-19j,
                -6.73598463e-02+2.50610417e-02j,
                 2.74771511e-04-2.32265582e-04j,
                -4.18001556e-03-1.06078001e-02j,
                -7.25450552e-18+2.11131501e-18j,
                -1.04565647e-02-4.54513001e-03j],
               [ 1.78637140e-06+9.94034444e-07j,
                 1.31523447e-04-9.70432417e-05j,
                -8.38969033e-21-2.19608193e-20j,
                 2.43811869e-05-1.61621055e-04j,
                 2.31856464e-06+0.00000000e+00j,
                 1.56948799e-04-2.05757382e-04j,
                 7.04809259e-21+2.89092362e-22j,
                -3.45128800e-05-2.56472000e-04j,
                -8.71617587e-06+2.57991101e-06j,
                -5.57809426e-04+8.53363281e-04j,
                -2.85043295e-21+6.33613330e-20j,
                 2.08988135e-04+9.97849791e-04j,
                -2.67646634e-06-4.34554107e-06j,
                -1.57634854e-04+3.61853313e-05j,
                 1.42641443e-20+1.06222650e-19j,
                -8.58777809e-05+1.37051567e-04j],
               [ 3.27094272e-05+2.25817131e-04j,
                 1.75150650e-02+5.10276904e-03j,
                 1.38096166e-18-2.23110663e-18j,
                 1.59932238e-02-8.77681865e-03j,
                 1.56948799e-04+2.05757382e-04j,
                 2.88838295e-02+0.00000000e+00j,
                 4.51446021e-19+6.45041227e-19j,
                 2.04239517e-02-2.04239517e-02j,
                -8.18967493e-04-5.98863439e-04j,
                -1.13489747e-01+8.26413656e-03j,
                -5.81585426e-18+4.03611241e-18j,
                -7.44057427e-02+8.60929967e-02j,
                 2.04462264e-04-5.31678151e-04j,
                -1.38818644e-02-1.15395923e-02j,
                -8.46099076e-18+8.45629660e-18j,
                -1.79756844e-02+1.65623655e-03j],
               [ 5.55424619e-21+2.79898191e-21j,
                 3.87711844e-19-3.11396182e-19j,
                -2.82416191e-35-6.57115571e-35j,
                 5.39633219e-20-4.94344026e-19j,
                 7.04809259e-21-2.89092362e-22j,
                 4.51446021e-19-6.45041227e-19j,
                 2.14612018e-35+0.00000000e+00j,
                -1.36892483e-19-7.75333568e-19j,
                -2.61742032e-20+8.92933119e-21j,
                -1.58925553e-18+2.66364878e-18j,
                -7.64627322e-37+1.92964463e-34j,
                 7.59710748e-19+3.00725748e-18j,
                -8.67788847e-21-1.28760826e-20j,
                -4.74674772e-19+1.29652886e-19j,
                 5.66053514e-35+3.21122561e-34j,
                -2.43967315e-19+4.27324185e-19j],
               [-1.36547767e-04+1.82805883e-04j,
                 8.77681865e-03+1.59932238e-02j,
                 2.55411798e-18-6.01143274e-19j,
                 1.75150650e-02+5.10276904e-03j,
                -3.45128800e-05+2.56472000e-04j,
                 2.04239517e-02+2.04239517e-02j,
                -1.36892483e-19+7.75333568e-19j,
                 2.88838295e-02+0.00000000e+00j,
                -1.55637069e-04-1.00255787e-03j,
                -8.60929967e-02-7.44057427e-02j,
                -6.96639244e-18-1.25846753e-18j,
                -1.13489747e-01+8.26413656e-03j,
                 5.20529880e-04-2.31376573e-04j,
                -1.65623655e-03-1.79756844e-02j,
                -1.19623286e-17-3.31927554e-21j,
                -1.38818644e-02-1.15395923e-02j],
               [-5.60942174e-06-5.72460136e-06j,
                -6.02417719e-04+2.18465841e-04j,
                 7.10312603e-21+9.18926368e-20j,
                -2.71494977e-04+5.80452332e-04j,
                -8.71617587e-06-2.57991101e-06j,
                -8.18967493e-04+5.98863439e-04j,
                -2.61742032e-20-8.92933119e-21j,
                -1.55637069e-04+1.00255787e-03j,
                 3.56374203e-05+0.00000000e+00j,
                 3.04652554e-03-2.58736188e-03j,
                 8.12189889e-20-2.35022414e-19j,
                 3.24677740e-04-3.98376000e-03j,
                 5.22626884e-06+1.93143398e-05j,
                 6.32860529e-04+3.93718519e-05j,
                 6.45727925e-20-4.15194600e-19j,
                 4.75340075e-04-4.19659868e-04j],
               [-6.39112276e-05-8.96634715e-04j,
                -6.73598463e-02-2.50610417e-02j,
                -6.06440220e-18+8.37130240e-18j,
                -6.53514366e-02+2.99097715e-02j,
                -5.57809426e-04-8.53363281e-04j,
                -1.13489747e-01-8.26413656e-03j,
                -1.58925553e-18-2.66364878e-18j,
                -8.60929967e-02+7.44057427e-02j,
                 3.04652554e-03+2.58736188e-03j,
                 4.48286077e-01+0.00000000e+00j,
                 2.40063324e-17-1.41945985e-17j,
                 3.16986125e-01-3.16986125e-01j,
                -9.55490735e-04+2.03055882e-03j,
                 5.12426690e-02+4.93129565e-02j,
                 3.56642352e-17-3.08054781e-17j,
                 7.11035647e-02-1.36451284e-03j],
               [ 2.49686442e-20-5.00397099e-20j,
                -2.81367524e-18-3.47494546e-18j,
                -5.89827221e-34+2.56270538e-34j,
                -4.44672634e-18-4.67588655e-19j,
                -2.85043295e-21-6.33613330e-20j,
                -5.81585426e-18-4.03611241e-18j,
                -7.64627322e-37-1.92964463e-34j,
                -6.96639244e-18+1.25846753e-18j,
                 8.12189889e-20+2.35022414e-19j,
                 2.40063324e-17+1.41945985e-17j,
                 1.73503185e-33+0.00000000e+00j,
                 2.70121373e-17-6.93794361e-18j,
                -1.15463758e-19+7.84843976e-20j,
                 1.18266205e-18+4.26333191e-18j,
                 2.88529790e-33-5.20397713e-34j,
                 3.85089926e-18+2.17836255e-18j],
               [ 5.88824425e-04-6.79208550e-04j,
                -2.99097715e-02-6.53514366e-02j,
                -1.02075846e-17+1.63122477e-18j,
                -6.73598463e-02-2.50610417e-02j,
                 2.08988135e-04-9.97849791e-04j,
                -7.44057427e-02-8.60929967e-02j,
                 7.59710748e-19-3.00725748e-18j,
                -1.13489747e-01-8.26413656e-03j,
                 3.24677740e-04+3.98376000e-03j,
                 3.16986125e-01+3.16986125e-01j,
                 2.70121373e-17+6.93794361e-18j,
                 4.48286077e-01+0.00000000e+00j,
                -2.11145589e-03+7.60187933e-04j,
                 1.36451284e-03+7.11035647e-02j,
                 4.70011850e-17+3.43566011e-18j,
                 5.12426690e-02+4.93129565e-02j],
               [-3.92517866e-06+2.20060743e-06j,
                 3.00562306e-05+3.58529366e-04j,
                 5.08445459e-20+9.62649459e-21j,
                 2.74771511e-04+2.32265582e-04j,
                -2.67646634e-06+4.34554107e-06j,
                 2.04462264e-04+5.31678151e-04j,
                -8.67788847e-21+1.28760826e-20j,
                 5.20529880e-04+2.31376573e-04j,
                 5.22626884e-06-1.93143398e-05j,
                -9.55490735e-04-2.03055882e-03j,
                -1.15463758e-19-7.84843976e-20j,
                -2.11145589e-03-7.60187933e-04j,
                 1.12341916e-05+0.00000000e+00j,
                 1.14148009e-04-3.37216198e-04j,
                -2.15552493e-19-9.58851517e-20j,
                -1.57733029e-04-3.19162692e-04j],
               [-1.05938357e-04-9.54620421e-05j,
                -1.04565647e-02+4.54513001e-03j,
                 2.27661579e-19+1.62401091e-18j,
                -4.18001556e-03+1.06078001e-02j,
                -1.57634854e-04-3.61853313e-05j,
                -1.38818644e-02+1.15395923e-02j,
                -4.74674772e-19-1.29652886e-19j,
                -1.65623655e-03+1.79756844e-02j,
                 6.32860529e-04-3.93718519e-05j,
                 5.12426690e-02-4.93129565e-02j,
                 1.18266205e-18-4.26333191e-18j,
                 1.36451284e-03-7.11035647e-02j,
                 1.14148009e-04+3.37216198e-04j,
                 1.12820341e-02+0.00000000e+00j,
                 6.88001295e-19-7.44449576e-18j,
                 7.97760282e-03-7.97760282e-03j],
               [ 5.65306784e-20-7.57253216e-20j,
                -3.63678489e-18-6.62263521e-18j,
                -1.05772689e-33+2.49258887e-34j,
                -7.25450552e-18-2.11131501e-18j,
                 1.42641443e-20-1.06222650e-19j,
                -8.46099076e-18-8.45629660e-18j,
                 5.66053514e-35-3.21122561e-34j,
                -1.19623286e-17+3.31927554e-21j,
                 6.45727925e-20+4.15194600e-19j,
                 3.56642352e-17+3.08054781e-17j,
                 2.88529790e-33+5.20397713e-34j,
                 4.70011850e-17-3.43566011e-18j,
                -2.15552493e-19+9.58851517e-20j,
                 6.88001295e-19+7.44449576e-18j,
                 4.95423630e-33+0.00000000e+00j,
                 5.75054382e-18+4.77756305e-18j],
               [-7.40787345e-06-1.42411588e-04j,
                -1.06078001e-02-4.18001556e-03j,
                -9.87368081e-19+1.30933017e-18j,
                -1.04565647e-02+4.54513001e-03j,
                -8.58777809e-05-1.37051567e-04j,
                -1.79756844e-02-1.65623655e-03j,
                -2.43967315e-19-4.27324185e-19j,
                -1.38818644e-02+1.15395923e-02j,
                 4.75340075e-04+4.19659868e-04j,
                 7.11035647e-02+1.36451284e-03j,
                 3.85089926e-18-2.17836255e-18j,
                 5.12426690e-02-4.93129565e-02j,
                -1.57733029e-04+3.19162692e-04j,
                 7.97760282e-03+7.97760282e-03j,
                 5.75054382e-18-4.77756305e-18j,
                 1.12820341e-02+0.00000000e+00j]],
              dims=(2, 2, 2, 2))","{'0100': 4, '0110': 2, '0000': 10, '0010': 10, '0101': 57, '0111': 59, '0011': 444, '0001': 438}","DensityMatrix([[ 3.39235096e-04+3.86776673e-19j,
                 6.64738791e-05-1.20075527e-04j,
                 2.77076398e-05-2.60863213e-05j,
                -3.92113518e-05-1.31429091e-04j,
                 3.07386584e-04-1.67195940e-04j,
                 3.48392389e-05-2.08080615e-04j,
                 1.26347216e-05-3.41891419e-05j,
                -1.24235040e-04-1.70484423e-04j,
                -9.79177617e-04+9.56181892e-04j,
                -8.40418486e-05+8.05347712e-04j,
                -6.42417105e-06+1.38302311e-04j,
                 5.16291885e-04+6.23700443e-04j,
                -6.86621240e-04-3.69310362e-04j,
                -9.28334216e-05+8.75361502e-05j,
                -7.72571907e-05+2.37476543e-05j,
                -2.66716495e-06+1.27329306e-04j],
               [ 6.64738791e-05+1.20075527e-04j,
                 1.22944708e-02+8.25737827e-18j,
                -2.15821276e-06-2.91420593e-06j,
                 8.48815291e-03-8.53047947e-03j,
                 1.24360104e-04+8.77750885e-05j,
                 1.72496324e-02-5.00562300e-03j,
                -3.50669443e-06-2.53975950e-06j,
                 8.44356978e-03-1.54569874e-02j,
                -5.59070285e-04-1.71361249e-04j,
                -6.54387688e-02+2.43271079e-02j,
                 1.41869856e-05+6.59970322e-06j,
                -2.83457064e-02+6.23286382e-02j,
                 1.22879075e-05-3.18525457e-04j,
                -1.03152348e-02-4.40129020e-03j,
                 1.72502396e-06+6.33970412e-06j,
                -1.01850971e-02+4.09710486e-03j],
               [ 2.77076398e-05+2.60863213e-05j,
                -2.15821276e-06+2.91420593e-06j,
                 2.76254326e-04-1.03207093e-18j,
                -3.38451769e-07+2.45553146e-06j,
                 3.49261759e-05+1.02877457e-05j,
                -1.60117535e-06+4.42404964e-06j,
                 2.56969522e-04-1.39667007e-04j,
                 1.24618914e-07+3.20700512e-06j,
                -1.38389882e-04+2.94461442e-06j,
                 3.82374883e-06-1.66940978e-05j,
                -7.94886423e-04+8.04522096e-04j,
                -1.56491445e-06-1.06238827e-05j,
                -2.89287605e-05-7.55907989e-05j,
                 4.11219809e-06-3.45793533e-06j,
                -5.60552364e-04-3.06649656e-04j,
                 1.02905266e-06-4.30541796e-06j],
               [-3.92113518e-05+1.31429091e-04j,
                 8.48815291e-03+8.53047947e-03j,
                -3.38451769e-07-2.45553146e-06j,
                 1.22923996e-02-5.22466189e-18j,
                 2.44306676e-05+1.50198443e-04j,
                 1.54111960e-02+8.53015583e-03j,
                -1.02542471e-06-2.80488185e-06j,
                 1.72495186e-02-5.00228399e-03j,
                -2.69313827e-04-5.19186383e-04j,
                -6.21873667e-02-2.86836019e-02j,
                 4.80851909e-06+8.52496862e-06j,
                -6.54407950e-02+2.43072893e-02j,
                 2.36097690e-04-2.13776591e-04j,
                -4.05496919e-03-1.01914234e-02j,
                 1.35333677e-07+5.03343526e-06j,
                -1.03081487e-02-4.39108602e-03j],
               [ 3.07386584e-04+1.67195940e-04j,
                 1.24360104e-04-8.77750885e-05j,
                 3.49261759e-05-1.02877457e-05j,
                 2.44306676e-05-1.50198443e-04j,
                 4.28450722e-04-2.66762263e-18j,
                 1.54478910e-04-1.91308250e-04j,
                 3.31813154e-05-3.11725417e-05j,
                -2.84254126e-05-2.44212683e-04j,
                -1.45347050e-03+4.35788652e-04j,
                -5.34388413e-04+7.68861886e-04j,
                -7.78010358e-05+1.31896066e-04j,
                 1.74787110e-04+9.19781246e-04j,
                -4.80028098e-04-7.11711276e-04j,
                -1.37020654e-04+2.84026739e-05j,
                -8.60061132e-05-1.41756465e-05j,
                -7.59553128e-05+1.17676908e-04j],
               [ 3.48392389e-05+2.08080615e-04j,
                 1.72496324e-02+5.00562300e-03j,
                -1.60117535e-06-4.42404964e-06j,
                 1.54111960e-02-8.53015583e-03j,
                 1.54478910e-04+1.91308250e-04j,
                 2.91153605e-02+4.73485082e-18j,
                -3.57854337e-06-4.33768598e-06j,
                 2.01317880e-02-2.02426655e-02j,
                -7.65001547e-04-5.11073673e-04j,
                -1.10272456e-01+8.04780314e-03j,
                 1.50648658e-05+1.21365162e-05j,
                -7.07136085e-02+8.23024060e-02j,
                 1.70071440e-04-4.95929895e-04j,
                -1.36574566e-02-1.11914691e-02j,
                 3.43921802e-07+9.90651364e-06j,
                -1.72192186e-02+1.70661555e-03j],
               [ 1.26347216e-05+3.41891419e-05j,
                -3.50669443e-06+2.53975950e-06j,
                 2.56969522e-04+1.39667007e-04j,
                -1.02542471e-06+2.80488185e-06j,
                 3.31813154e-05+3.11725417e-05j,
                -3.57854337e-06+4.33768598e-06j,
                 3.46399446e-04-1.14199723e-18j,
                -5.83378762e-07+3.30755575e-06j,
                -1.37029360e-04-6.84687178e-05j,
                 9.85656425e-06-1.67563896e-05j,
                -1.22718750e-03+3.62131471e-04j,
                 4.24055373e-07-1.09388288e-05j,
                 8.23895643e-06-8.71045499e-05j,
                 7.23059177e-06-2.95419977e-06j,
                -3.87216107e-04-6.06046740e-04j,
                 2.71806454e-06-5.56512629e-06j],
               [-1.24235040e-04+1.70484423e-04j,
                 8.44356978e-03+1.54569874e-02j,
                 1.24618914e-07-3.20700512e-06j,
                 1.72495186e-02+5.00228399e-03j,
                -2.84254126e-05+2.44212683e-04j,
                 2.01317880e-02+2.02426655e-02j,
                -5.83378762e-07-3.30755575e-06j,
                 2.91171337e-02-1.71014744e-18j,
                -1.70772375e-04-9.03967303e-04j,
                -8.19037258e-02-7.11779427e-02j,
                 4.13196485e-06+9.98947839e-06j,
                -1.10278776e-01+8.03757085e-03j,
                 4.73215993e-04-2.25525879e-04j,
                -1.63158667e-03-1.72013489e-02j,
                -1.34641535e-06+7.20426859e-06j,
                -1.36548820e-02-1.11717477e-02j],
               [-9.79177617e-04-9.56181892e-04j,
                -5.59070285e-04+1.71361249e-04j,
                -1.38389882e-04-2.94461442e-06j,
                -2.69313827e-04+5.19186383e-04j,
                -1.45347050e-03-4.35788652e-04j,
                -7.65001547e-04+5.11073673e-04j,
                -1.37029360e-04+6.84687178e-05j,
                -1.70772375e-04+9.03967303e-04j,
                 6.27712866e-03-7.43429846e-18j,
                 2.89053409e-03-2.24016517e-03j,
                 4.83931464e-04-4.55073520e-04j,
                 4.23466472e-04-3.63184127e-03j,
                 9.18327939e-04+3.26894313e-03j,
                 5.49908137e-04+7.93865026e-05j,
                 3.02150954e-04+1.55050219e-04j,
                 4.41513488e-04-3.37464729e-04j],
               [-8.40418486e-05-8.05347712e-04j,
                -6.54387688e-02-2.43271079e-02j,
                 3.82374883e-06+1.66940978e-05j,
                -6.21873667e-02+2.86836019e-02j,
                -5.34388413e-04-7.68861886e-04j,
                -1.10272456e-01-8.04780314e-03j,
                 9.85656425e-06+1.67563896e-05j,
                -8.19037258e-02+7.11779427e-02j,
                 2.89053409e-03+2.24016517e-03j,
                 4.37698034e-01+3.78378071e-17j,
                -4.81422281e-05-5.03759284e-05j,
                 3.02663554e-01-3.04424110e-01j,
                -8.11859253e-04+1.87848444e-03j,
                 5.03352983e-02+4.81227369e-02j,
                 1.59619408e-06-3.77440004e-05j,
                 6.81601378e-02-1.61777656e-03j],
               [-6.42417105e-06-1.38302311e-04j,
                 1.41869856e-05-6.59970322e-06j,
                -7.94886423e-04-8.04522096e-04j,
                 4.80851909e-06-8.52496862e-06j,
                -7.78010358e-05-1.31896066e-04j,
                 1.50648658e-05-1.21365162e-05j,
                -1.22718750e-03-3.62131471e-04j,
                 4.13196485e-06-9.98947839e-06j,
                 4.83931464e-04+4.55073520e-04j,
                -4.81422281e-05+5.03759284e-05j,
                 5.10785800e-03-2.05693103e-17j,
                -7.50570710e-06+3.20794914e-05j,
                -1.34583784e-04+3.12998767e-04j,
                -2.89244754e-05+7.61847117e-06j,
                 7.71593624e-04+2.71454121e-03j,
                -1.13205113e-05+2.01649535e-05j],
               [ 5.16291885e-04-6.23700443e-04j,
                -2.83457064e-02-6.23286382e-02j,
                -1.56491445e-06+1.06238827e-05j,
                -6.54407950e-02-2.43072893e-02j,
                 1.74787110e-04-9.19781246e-04j,
                -7.07136085e-02-8.23024060e-02j,
                 4.24055373e-07+1.09388288e-05j,
                -1.10278776e-01-8.03757085e-03j,
                 4.23466472e-04+3.63184127e-03j,
                 3.02663554e-01+3.04424110e-01j,
                -7.50570710e-06-3.20794914e-05j,
                 4.37714077e-01-3.84228709e-17j,
                -1.91102496e-03+7.35025471e-04j,
                 1.21103623e-03+6.81746590e-02j,
                 7.15386836e-06-2.69400548e-05j,
                 5.03348910e-02+4.80388599e-02j],
               [-6.86621240e-04+3.69310362e-04j,
                 1.22879075e-05+3.18525457e-04j,
                -2.89287605e-05+7.55907989e-05j,
                 2.36097690e-04+2.13776591e-04j,
                -4.80028098e-04+7.11711276e-04j,
                 1.70071440e-04+4.95929895e-04j,
                 8.23895643e-06+8.71045499e-05j,
                 4.73215993e-04+2.25525879e-04j,
                 9.18327939e-04-3.26894313e-03j,
                -8.11859253e-04-1.87848444e-03j,
                -1.34583784e-04-3.12998767e-04j,
                -1.91102496e-03-7.35025471e-04j,
                 2.10671185e-03+5.32464677e-17j,
                 1.09095651e-04-3.40769155e-04j,
                 2.03347040e-04-1.93802169e-04j,
                -1.67339686e-04-3.15134906e-04j],
               [-9.28334216e-05-8.75361502e-05j,
                -1.03152348e-02+4.40129020e-03j,
                 4.11219809e-06+3.45793533e-06j,
                -4.05496919e-03+1.01914234e-02j,
                -1.37020654e-04-2.84026739e-05j,
                -1.36574566e-02+1.11914691e-02j,
                 7.23059177e-06+2.95419977e-06j,
                -1.63158667e-03+1.72013489e-02j,
                 5.49908137e-04-7.93865026e-05j,
                 5.03352983e-02-4.81227369e-02j,
                -2.89244754e-05-7.61847117e-06j,
                 1.21103623e-03-6.81746590e-02j,
                 1.09095651e-04+3.40769155e-04j,
                 1.26033027e-02-5.92534656e-17j,
                -5.04687838e-06-7.26934890e-06j,
                 8.42934503e-03-8.45757650e-03j],
               [-7.72571907e-05-2.37476543e-05j,
                 1.72502396e-06-6.33970412e-06j,
                -5.60552364e-04+3.06649656e-04j,
                 1.35333677e-07-5.03343526e-06j,
                -8.60061132e-05+1.41756465e-05j,
                 3.43921802e-07-9.90651364e-06j,
                -3.87216107e-04+6.06046740e-04j,
                -1.34641535e-06-7.20426859e-06j,
                 3.02150954e-04-1.55050219e-04j,
                 1.59619408e-06+3.77440004e-05j,
                 7.71593624e-04-2.71454121e-03j,
                 7.15386836e-06+2.69400548e-05j,
                 2.03347040e-04+1.93802169e-04j,
                -5.04687838e-06+7.26934890e-06j,
                 1.69926797e-03-2.36008191e-17j,
                 2.66973144e-07+5.79228258e-06j],
               [-2.66716495e-06-1.27329306e-04j,
                -1.01850971e-02-4.09710486e-03j,
                 1.02905266e-06+4.30541796e-06j,
                -1.03081487e-02+4.39108602e-03j,
                -7.59553128e-05-1.17676908e-04j,
                -1.72192186e-02-1.70661555e-03j,
                 2.71806454e-06+5.56512629e-06j,
                -1.36548820e-02+1.11717477e-02j,
                 4.41513488e-04+3.37464729e-04j,
                 6.81601378e-02+1.61777656e-03j,
                -1.13205113e-05-2.01649535e-05j,
                 5.03348910e-02-4.80388599e-02j,
                -1.67339686e-04+3.15134906e-04j,
                 8.42934503e-03+8.45757650e-03j,
                 2.66973144e-07-5.79228258e-06j,
                 1.25839147e-02+4.48059704e-17j]],
              dims=(2, 2, 2, 2))"
data/selected_mutant_qc/mutants_qpeexact_4/qpeexact_4_Mutant_Add_rzz_P10_Q2_[5.497787143782138].qasm,Quratest_6,"{'0101': 231, '0001': 188, '0110': 42, '0010': 85, '0000': 290, '0011': 20, '0111': 18, '0100': 150}","DensityMatrix([[ 2.65229858e-01+0.00000000e+00j,
                -6.01768066e-02-2.06777041e-01j,
                -9.58207710e-02+1.04194448e-01j,
                -5.54440006e-02-3.51129584e-02j,
                -1.33871330e-01-8.51588151e-02j,
                -9.35562908e-02+1.93972197e-01j,
                 8.18185777e-02-2.18250917e-02j,
                 1.77352884e-02+6.31855726e-02j,
                -5.95454118e-02-3.70901021e-02j,
                -3.31896720e-02+8.20924758e-02j,
                 3.60829284e-02-9.99246147e-03j,
                 8.96938190e-03+2.54497628e-02j,
                 1.17265950e-01-1.11171593e-03j,
                -3.02296089e-02-8.32279981e-02j,
                -4.19284587e-02+4.64690761e-02j,
                -2.36891394e-02-1.29214903e-02j],
               [-6.01768066e-02+2.06777041e-01j,
                 1.74859622e-01+0.00000000e+00j,
                -5.94911589e-02-9.83434702e-02j,
                 3.99540105e-02-3.52583255e-02j,
                 9.67645087e-02-8.50467290e-02j,
                -1.29996971e-01-1.16947317e-01j,
                -1.54829044e-03+6.87387455e-02j,
                -5.32842677e-02-5.09201794e-04j,
                 4.24259711e-02-3.80072599e-02j,
                -5.64702288e-02-4.45007410e-02j,
                -3.96425169e-04+3.03979184e-02j,
                -2.18760265e-02+1.21847818e-03j,
                -2.57392329e-02+9.16744666e-02j,
                 7.17444131e-02-4.68421598e-03j,
                -2.67150062e-02-4.32311932e-02j,
                 1.54485032e-02-1.55366977e-02j],
               [-9.58207710e-02-1.04194448e-01j,
                -5.94911589e-02+9.83434702e-02j,
                 7.55499524e-02+0.00000000e+00j,
                 6.23652094e-03+3.44663600e-02j,
                 1.49100041e-02+8.33564998e-02j,
                 1.10000669e-01-3.33239985e-02j,
                -3.81328582e-02-2.42572404e-02j,
                 1.84148832e-02-2.97945674e-02j,
                 6.94154334e-03+3.67918739e-02j,
                 4.42402686e-02-1.66194892e-02j,
                -1.69613371e-02-1.05650075e-02j,
                 6.75742509e-03-1.27179335e-02j,
                -4.28019247e-02-4.56658070e-02j,
                -2.17745880e-02+4.19437255e-02j,
                 3.34028644e-02-3.16669044e-04j,
                 3.48212699e-03+1.39743843e-02j],
               [-5.54440006e-02+3.51129584e-02j,
                 3.99540105e-02+3.52583255e-02j,
                 6.23652094e-03-3.44663600e-02j,
                 1.62385829e-02+0.00000000e+00j,
                 3.92585514e-02+7.89012536e-05j,
                -6.12224677e-03-5.29338320e-02j,
                -1.42141076e-02+1.53940538e-02j,
                -1.20723502e-02-1.08604759e-02j,
                 1.73576953e-02-1.29668382e-04j,
                -3.92995533e-03-2.15545975e-02j,
                -6.21995213e-03+6.86574437e-03j,
                -5.24418664e-03-4.13262344e-03j,
                -2.43662529e-02+1.57568701e-02j,
                 1.73375340e-02+1.33960867e-02j,
                 2.61288363e-03-1.52647358e-02j,
                 6.66264509e-03-4.35006257e-04j],
               [-1.33871330e-01+8.51588151e-02j,
                 9.67645087e-02+8.50467290e-02j,
                 1.49100041e-02-8.33564998e-02j,
                 3.92585514e-02-7.89012536e-05j,
                 9.49122277e-02+0.00000000e+00j,
                -1.50584005e-02-1.27943585e-01j,
                -3.42893628e-02+3.72858744e-02j,
                -2.92389975e-02-2.61977310e-02j,
                 4.19634979e-02-3.97826385e-04j,
                -9.60582820e-03-5.20915033e-02j,
                -1.50040552e-02+1.66289104e-02j,
                -1.26984750e-02-9.96558859e-03j,
                -5.88315223e-02+3.82123505e-02j,
                 4.19804758e-02+3.23022647e-02j,
                 6.24276267e-03-3.69168650e-02j,
                 1.61055600e-02-1.08404820e-03j],
               [-9.35562908e-02-1.93972197e-01j,
                -1.29996971e-01+1.16947317e-01j,
                 1.10000669e-01+3.33239985e-02j,
                -6.12224677e-03+5.29338320e-02j,
                -1.50584005e-02+1.27943585e-01j,
                 1.74859622e-01+0.00000000e+00j,
                -4.48218904e-02-5.21383782e-02j,
                 3.99540105e-02-3.52583255e-02j,
                -6.12148548e-03+5.66307535e-02j,
                 7.17444131e-02-4.68421598e-03j,
                -2.00356200e-02-2.28640445e-02j,
                 1.54485032e-02-1.55366977e-02j,
                -4.21770363e-02-8.53686918e-02j,
                -5.02045571e-02+5.14655723e-02j,
                 4.87742216e-02+1.42724537e-02j,
                -1.09392607e-03+2.18826084e-02j],
               [ 8.18185777e-02+2.18250917e-02j,
                -1.54829044e-03-6.87387455e-02j,
                -3.81328582e-02+2.42572404e-02j,
                -1.42141076e-02-1.53940538e-02j,
                -3.42893628e-02-3.72858744e-02j,
                -4.48218904e-02+5.21383782e-02j,
                 2.70354716e-02+0.00000000e+00j,
                 2.71632919e-04+2.09509895e-02j,
                -1.53166241e-02-1.63414613e-02j,
                -1.69935904e-02+2.25929389e-02j,
                 1.19531801e-02-1.13319687e-04j,
                 6.72694491e-04+8.58885570e-03j,
                 3.62658890e-02+9.30657326e-03j,
                -2.47666279e-03-2.81618384e-02j,
                -1.67579877e-02+1.08846767e-02j,
                -6.24439116e-03-5.93536343e-03j],
               [ 1.77352884e-02-6.31855726e-02j,
                -5.32842677e-02+5.09201794e-04j,
                 1.84148832e-02+2.97945674e-02j,
                -1.20723502e-02+1.08604759e-02j,
                -2.92389975e-02+2.61977310e-02j,
                 3.99540105e-02+3.52583255e-02j,
                 2.71632919e-04-2.09509895e-02j,
                 1.62385829e-02+0.00000000e+00j,
                -1.28176157e-02+1.17053461e-02j,
                 1.73375340e-02+1.33960867e-02j,
                 3.22804668e-05-9.26418956e-03j,
                 6.66264509e-03-4.35006257e-04j,
                 7.57645110e-03-2.80105449e-02j,
                -2.18487451e-02+1.63632632e-03j,
                 8.26664799e-03+1.30958715e-02j,
                -4.66231629e-03+4.77942223e-03j],
               [-5.95454118e-02+3.70901021e-02j,
                 4.24259711e-02+3.80072599e-02j,
                 6.94154334e-03-3.67918739e-02j,
                 1.73576953e-02+1.29668382e-04j,
                 4.19634979e-02+3.97826385e-04j,
                -6.12148548e-03-5.66307535e-02j,
                -1.53166241e-02+1.63414613e-02j,
                -1.28176157e-02-1.17053461e-02j,
                 1.85549688e-02+0.00000000e+00j,
                -4.02867772e-03-2.30714545e-02j,
                -6.70343614e-03+7.28924242e-03j,
                -5.57259974e-03-4.45930682e-03j,
                -2.61713206e-02+1.66482148e-02j,
                 1.84254122e-02+1.44577468e-02j,
                 2.91484741e-03-1.62958693e-02j,
                 7.12528736e-03-4.11782954e-04j],
               [-3.31896720e-02-8.20924758e-02j,
                -5.64702288e-02+4.45007410e-02j,
                 4.42402686e-02+1.66194892e-02j,
                -3.92995533e-03+2.15545975e-02j,
                -9.60582820e-03+5.20915033e-02j,
                 7.17444131e-02+4.68421598e-03j,
                -1.69935904e-02-2.25929389e-02j,
                 1.73375340e-02-1.33960867e-02j,
                -4.02867772e-03+2.30714545e-02j,
                 2.95620145e-02+0.00000000e+00j,
                -7.60806674e-03-9.91777634e-03j,
                 6.75468141e-03-5.96082228e-03j,
                -1.50182260e-02-3.61563920e-02j,
                -2.19774714e-02+1.97712785e-02j,
                 1.96295897e-02+7.16253292e-03j,
                -1.03503568e-03+8.94906835e-03j],
               [ 3.60829284e-02+9.99246147e-03j,
                -3.96425169e-04-3.03979184e-02j,
                -1.69613371e-02+1.05650075e-02j,
                -6.21995213e-03-6.86574437e-03j,
                -1.50040552e-02-1.66289104e-02j,
                -2.00356200e-02+2.28640445e-02j,
                 1.19531801e-02+1.13319687e-04j,
                 3.22804668e-05+9.26418956e-03j,
                -6.70343614e-03-7.28924242e-03j,
                -7.60806674e-03+9.91777634e-03j,
                 5.28532881e-03+0.00000000e+00j,
                 2.61417744e-04+3.80020628e-03j,
                 1.59952115e-02+4.26671994e-03j,
                -9.76964861e-04-1.24615612e-02j,
                -7.45482444e-03+4.74219550e-03j,
                -2.73595149e-03-2.65037288e-03j],
               [ 8.96938190e-03-2.54497628e-02j,
                -2.18760265e-02-1.21847818e-03j,
                 6.75742509e-03+1.27179335e-02j,
                -5.24418664e-03+4.13262344e-03j,
                -1.26984750e-02+9.96558859e-03j,
                 1.54485032e-02+1.55366977e-02j,
                 6.72694491e-04-8.58885570e-03j,
                 6.66264509e-03+4.35006257e-04j,
                -5.57259974e-03+4.45930682e-03j,
                 6.75468141e-03+5.96082228e-03j,
                 2.61417744e-04-3.80020628e-03j,
                 2.74531775e-03+0.00000000e+00j,
                 3.85895538e-03-1.12896868e-02j,
                -9.00831352e-03+8.60863740e-05j,
                 3.04096458e-03+5.59464998e-03j,
                -2.04096856e-03+1.83608738e-03j],
               [ 1.17265950e-01+1.11171593e-03j,
                -2.57392329e-02-9.16744666e-02j,
                -4.28019247e-02+4.56658070e-02j,
                -2.43662529e-02-1.57568701e-02j,
                -5.88315223e-02-3.82123505e-02j,
                -4.21770363e-02+8.53686918e-02j,
                 3.62658890e-02-9.30657326e-03j,
                 7.57645110e-03+2.80105449e-02j,
                -2.61713206e-02-1.66482148e-02j,
                -1.50182260e-02+3.61563920e-02j,
                 1.59952115e-02-4.26671994e-03j,
                 3.85895538e-03+1.12896868e-02j,
                 5.18513985e-02+0.00000000e+00j,
                -1.30165508e-02-3.69242630e-02j,
                -1.87325854e-02+2.03696065e-02j,
                -1.04195072e-02-5.81226583e-03j],
               [-3.02296089e-02+8.32279981e-02j,
                 7.17444131e-02+4.68421598e-03j,
                -2.17745880e-02-4.19437255e-02j,
                 1.73375340e-02-1.33960867e-02j,
                 4.19804758e-02-3.23022647e-02j,
                -5.02045571e-02-5.14655723e-02j,
                -2.47666279e-03+2.81618384e-02j,
                -2.18487451e-02-1.63632632e-03j,
                 1.84254122e-02-1.44577468e-02j,
                -2.19774714e-02-1.97712785e-02j,
                -9.76964861e-04+1.24615612e-02j,
                -9.00831352e-03-8.60863740e-05j,
                -1.30165508e-02+3.69242630e-02j,
                 2.95620145e-02+0.00000000e+00j,
                -9.80299611e-03-1.84532907e-02j,
                 6.75468141e-03-5.96082228e-03j],
               [-4.19284587e-02-4.64690761e-02j,
                -2.67150062e-02+4.32311932e-02j,
                 3.34028644e-02+3.16669044e-04j,
                 2.61288363e-03+1.52647358e-02j,
                 6.24276267e-03+3.69168650e-02j,
                 4.87742216e-02-1.42724537e-02j,
                -1.67579877e-02-1.08846767e-02j,
                 8.26664799e-03-1.30958715e-02j,
                 2.91484741e-03+1.62958693e-02j,
                 1.96295897e-02-7.16253292e-03j,
                -7.45482444e-03-4.74219550e-03j,
                 3.04096458e-03-5.59464998e-03j,
                -1.87325854e-02-2.03696065e-02j,
                -9.80299611e-03+1.84532907e-02j,
                 1.47697198e-02+0.00000000e+00j,
                 1.48097725e-03+6.19308327e-03j],
               [-2.36891394e-02+1.29214903e-02j,
                 1.54485032e-02+1.55366977e-02j,
                 3.48212699e-03-1.39743843e-02j,
                 6.66264509e-03+4.35006257e-04j,
                 1.61055600e-02+1.08404820e-03j,
                -1.09392607e-03-2.18826084e-02j,
                -6.24439116e-03+5.93536343e-03j,
                -4.66231629e-03-4.77942223e-03j,
                 7.12528736e-03+4.11782954e-04j,
                -1.03503568e-03-8.94906835e-03j,
                -2.73595149e-03+2.65037288e-03j,
                -2.04096856e-03-1.83608738e-03j,
                -1.04195072e-02+5.81226583e-03j,
                 6.75468141e-03+5.96082228e-03j,
                 1.48097725e-03-6.19308327e-03j,
                 2.74531775e-03+0.00000000e+00j]],
              dims=(2, 2, 2, 2))","{'0110': 41, '0111': 17, '0011': 22, '0100': 138, '0101': 232, '0001': 212, '0010': 97, '0000': 265}","DensityMatrix([[ 2.60989481e-01-5.57213787e-17j,
                -5.73748956e-02-1.97161732e-01j,
                -9.22528691e-02+1.00089225e-01j,
                -5.31472763e-02-3.31117662e-02j,
                -1.31068114e-01-8.35386846e-02j,
                -8.92543106e-02+1.84440644e-01j,
                 7.85821102e-02-2.07442417e-02j,
                 1.71900147e-02+5.99228470e-02j,
                -5.80728271e-02-3.60419900e-02j,
                -3.15577668e-02+7.77505131e-02j,
                 3.43743561e-02-9.45925074e-03j,
                 8.65892671e-03+2.40770654e-02j,
                 1.14061189e-01-1.08982990e-03j,
                -2.84889734e-02-7.88472824e-02j,
                -4.00504713e-02+4.42088083e-02j,
                -2.24888239e-02-1.20667432e-02j],
               [-5.73748956e-02+1.97161732e-01j,
                 1.71147973e-01-3.64127382e-17j,
                -5.66054034e-02-9.36882189e-02j,
                 3.79594728e-02-3.41153126e-02j,
                 9.17571351e-02-8.08964174e-02j,
                -1.26388398e-01-1.13813234e-01j,
                -1.57465165e-03+6.52106125e-02j,
                -5.08837702e-02-1.64406487e-05j,
                 4.00491294e-02-3.60924666e-02j,
                -5.47678508e-02-4.31196658e-02j,
                -3.20372073e-04+2.87326027e-02j,
                -2.07413586e-02+1.34165098e-03j,
                -2.43276934e-02+8.68080290e-02j,
                 6.94865245e-02-4.44846123e-03j,
                -2.52008184e-02-4.08967470e-02j,
                 1.45649721e-02-1.48913919e-02j],
               [-9.22528691e-02-1.00089225e-01j,
                -5.66054034e-02+9.36882189e-02j,
                 7.77713415e-02+2.53356847e-17j,
                 6.01011367e-03+3.24057357e-02j,
                 1.43870875e-02+7.99538434e-02j,
                 1.04473412e-01-3.15898886e-02j,
                -3.89649880e-02-2.48651186e-02j,
                 1.72712066e-02-2.81814062e-02j,
                 6.63579766e-03+3.50451876e-02j,
                 4.19093779e-02-1.56855503e-02j,
                -1.73264632e-02-1.07029626e-02j,
                 6.31992877e-03-1.19040301e-02j,
                -4.08465543e-02-4.34755546e-02j,
                -2.05778807e-02+3.96510234e-02j,
                 3.38766511e-02-3.49940546e-04j,
                 3.30984467e-03+1.31287943e-02j],
               [-5.31472763e-02+3.31117662e-02j,
                 3.79594728e-02+3.41153126e-02j,
                 6.01011367e-03-3.24057357e-02j,
                 1.89216483e-02+4.85502371e-17j,
                 3.72512110e-02+3.98303601e-04j,
                -5.42998634e-03-5.05894080e-02j,
                -1.34410651e-02+1.44753917e-02j,
                -1.38027405e-02-1.24490560e-02j,
                 1.64503040e-02-5.57367269e-05j,
                -3.53250722e-03-2.04827104e-02j,
                -5.84414582e-03+6.36355050e-03j,
                -6.07728852e-03-4.76040376e-03j,
                -2.31551231e-02+1.47265144e-02j,
                 1.63509793e-02+1.28904294e-02j,
                 2.50702607e-03-1.43406510e-02j,
                 7.63317695e-03-4.57230084e-04j],
               [-1.31068114e-01+8.35386846e-02j,
                 9.17571351e-02+8.08964174e-02j,
                 1.43870875e-02-7.99538434e-02j,
                 3.72512110e-02-3.98303601e-04j,
                 9.41117441e-02+1.36491630e-17j,
                -1.45958421e-02-1.22287633e-01j,
                -3.31601491e-02+3.59988828e-02j,
                -2.81848512e-02-2.48061156e-02j,
                 4.09065960e-02-4.12015018e-04j,
                -9.08037720e-03-4.94197377e-02j,
                -1.43746090e-02+1.58677640e-02j,
                -1.20857131e-02-9.33134260e-03j,
                -5.73655332e-02+3.71659915e-02j,
                 3.96421309e-02+3.07257134e-02j,
                 5.98987787e-03-3.51615108e-02j,
                 1.52682792e-02-1.08593463e-03j],
               [-8.92543106e-02-1.84440644e-01j,
                -1.26388398e-01+1.13813234e-01j,
                 1.04473412e-01+3.15898886e-02j,
                -5.42998634e-03+5.05894080e-02j,
                -1.45958421e-02+1.22287633e-01j,
                 1.71251419e-01+3.29312323e-17j,
                -4.26987155e-02-4.98499579e-02j,
                 3.79667368e-02-3.41067410e-02j,
                -5.80506463e-03+5.36858067e-02j,
                 6.95509668e-02-4.45235128e-03j,
                -1.89042095e-02-2.16620012e-02j,
                 1.45722615e-02-1.48923359e-02j,
                -3.99754153e-02-8.08499769e-02j,
                -4.88092019e-02+4.97439292e-02j,
                 4.61618128e-02+1.35019022e-02j,
                -8.66696338e-04+2.07731841e-02j],
               [ 7.85821102e-02+2.07442417e-02j,
                -1.57465165e-03-6.52106125e-02j,
                -3.89649880e-02+2.48651186e-02j,
                -1.34410651e-02-1.44753917e-02j,
                -3.31601491e-02-3.59988828e-02j,
                -4.26987155e-02+4.98499579e-02j,
                 2.81888420e-02-1.28103475e-17j,
                 3.47813983e-04+1.96478088e-02j,
                -1.46772238e-02-1.55888493e-02j,
                -1.60496248e-02+2.14036499e-02j,
                 1.21643426e-02-1.32132603e-04j,
                 6.65108036e-04+8.07142183e-03j,
                 3.45440587e-02+8.82559304e-03j,
                -2.27459237e-03-2.66359926e-02j,
                -1.70989780e-02+1.10640904e-02j,
                -5.86326684e-03-5.49923584e-03j],
               [ 1.71900147e-02-5.99228470e-02j,
                -5.08837702e-02+1.64406487e-05j,
                 1.72712066e-02+2.81814062e-02j,
                -1.38027405e-02+1.24490560e-02j,
                -2.81848512e-02+2.48061156e-02j,
                 3.79667368e-02+3.41067410e-02j,
                 3.47813983e-04-1.96478088e-02j,
                 1.89717813e-02+2.77291735e-17j,
                -1.22037962e-02+1.09679020e-02j,
                 1.63589479e-02+1.28906358e-02j,
                 6.79039185e-05-8.70234111e-03j,
                 7.65567859e-03-4.58565357e-04j,
                 7.36775859e-03-2.64919305e-02j,
                -2.07307830e-02+1.33869106e-03j,
                 7.71992874e-03+1.22569744e-02j,
                -5.46438052e-03+5.45096606e-03j],
               [-5.80728271e-02+3.60419900e-02j,
                 4.00491294e-02+3.60924666e-02j,
                 6.63579766e-03-3.50451876e-02j,
                 1.64503040e-02+5.57367269e-05j,
                 4.09065960e-02+4.12015018e-04j,
                -5.80506463e-03-5.36858067e-02j,
                -1.46772238e-02+1.55888493e-02j,
                -1.22037962e-02-1.09679020e-02j,
                 1.89210581e-02-3.49199879e-18j,
                -4.05457564e-03-2.24803465e-02j,
                -6.67651234e-03+7.24784701e-03j,
                -5.49343754e-03-4.28337278e-03j,
                -2.61602837e-02+1.66550049e-02j,
                 1.77115932e-02+1.39360973e-02j,
                 2.88250727e-03-1.59710399e-02j,
                 6.85154008e-03-4.55857031e-04j],
               [-3.15577668e-02-7.77505131e-02j,
                -5.47678508e-02+4.31196658e-02j,
                 4.19093779e-02+1.56855503e-02j,
                -3.53250722e-03+2.04827104e-02j,
                -9.08037720e-03+4.94197377e-02j,
                 6.95509668e-02+4.45235128e-03j,
                -1.60496248e-02-2.14036499e-02j,
                 1.63589479e-02-1.28906358e-02j,
                -4.05457564e-03+2.24803465e-02j,
                 2.98334512e-02+8.65249418e-18j,
                -7.35474590e-03-9.70126161e-03j,
                 6.60036952e-03-5.93556530e-03j,
                -1.44988572e-02-3.49543552e-02j,
                -2.19073388e-02+1.97261842e-02j,
                 1.89272969e-02+6.93430342e-03j,
                -9.35843151e-04+8.75728955e-03j],
               [ 3.43743561e-02+9.45925074e-03j,
                -3.20372073e-04-2.87326027e-02j,
                -1.73264632e-02+1.07029626e-02j,
                -5.84414582e-03-6.36355050e-03j,
                -1.43746090e-02-1.58677640e-02j,
                -1.89042095e-02+2.16620012e-02j,
                 1.21643426e-02+1.32132603e-04j,
                 6.79039185e-05+8.70234111e-03j,
                -6.67651234e-03-7.24784701e-03j,
                -7.35474590e-03+9.70126161e-03j,
                 5.65637576e-03-9.52619691e-18j,
                 2.81524061e-04+3.63522182e-03j,
                 1.56966131e-02+4.15175078e-03j,
                -9.60412835e-04-1.19801326e-02j,
                -7.76127737e-03+4.94733248e-03j,
                -2.62224207e-03-2.52544386e-03j],
               [ 8.65892671e-03-2.40770654e-02j,
                -2.07413586e-02-1.34165098e-03j,
                 6.31992877e-03+1.19040301e-02j,
                -6.07728852e-03+4.76040376e-03j,
                -1.20857131e-02+9.33134260e-03j,
                 1.45722615e-02+1.48923359e-02j,
                 6.65108036e-04-8.07142183e-03j,
                 7.65567859e-03+4.58565357e-04j,
                -5.49343754e-03+4.28337278e-03j,
                 6.60036952e-03+5.93556530e-03j,
                 2.81524061e-04-3.63522182e-03j,
                 3.34018338e-03+7.78088995e-19j,
                 3.80643668e-03-1.08699534e-02j,
                -8.80778895e-03-2.64466575e-06j,
                 2.88666356e-03+5.38084793e-03j,
                -2.41813963e-03+2.18090295e-03j],
               [ 1.14061189e-01+1.08982990e-03j,
                -2.43276934e-02-8.68080290e-02j,
                -4.08465543e-02+4.34755546e-02j,
                -2.31551231e-02-1.47265144e-02j,
                -5.73655332e-02-3.71659915e-02j,
                -3.99754153e-02+8.08499769e-02j,
                 3.45440587e-02-8.82559304e-03j,
                 7.36775859e-03+2.64919305e-02j,
                -2.61602837e-02-1.66550049e-02j,
                -1.44988572e-02+3.49543552e-02j,
                 1.56966131e-02-4.15175078e-03j,
                 3.80643668e-03+1.08699534e-02j,
                 5.22332335e-02-1.03960323e-17j,
                -1.27457742e-02-3.58069748e-02j,
                -1.84881359e-02+2.00574291e-02j,
                -1.01823757e-02-5.54343088e-03j],
               [-2.84889734e-02+7.88472824e-02j,
                 6.94865245e-02+4.44846123e-03j,
                -2.05778807e-02-3.96510234e-02j,
                 1.63509793e-02-1.28904294e-02j,
                 3.96421309e-02-3.07257134e-02j,
                -4.88092019e-02-4.97439292e-02j,
                -2.27459237e-03+2.66359926e-02j,
                -2.07307830e-02-1.33869106e-03j,
                 1.77115932e-02-1.39360973e-02j,
                -2.19073388e-02-1.97261842e-02j,
                -9.60412835e-04+1.19801326e-02j,
                -8.80778895e-03+2.64466575e-06j,
                -1.27457742e-02+3.58069748e-02j,
                 2.97976581e-02-1.72358559e-18j,
                -9.44074602e-03-1.79260422e-02j,
                 6.59539968e-03-5.93375719e-03j],
               [-4.00504713e-02-4.42088083e-02j,
                -2.52008184e-02+4.08967470e-02j,
                 3.38766511e-02+3.49940546e-04j,
                 2.50702607e-03+1.43406510e-02j,
                 5.98987787e-03+3.51615108e-02j,
                 4.61618128e-02-1.35019022e-02j,
                -1.70989780e-02-1.10640904e-02j,
                 7.71992874e-03-1.22569744e-02j,
                 2.88250727e-03+1.59710399e-02j,
                 1.89272969e-02-6.93430342e-03j,
                -7.76127737e-03-4.94733248e-03j,
                 2.88666356e-03-5.38084793e-03j,
                -1.84881359e-02-2.00574291e-02j,
                -9.44074602e-03+1.79260422e-02j,
                 1.55339644e-02+6.06151819e-18j,
                 1.46294143e-03+5.92450016e-03j],
               [-2.24888239e-02+1.20667432e-02j,
                 1.45649721e-02+1.48913919e-02j,
                 3.30984467e-03-1.31287943e-02j,
                 7.63317695e-03+4.57230084e-04j,
                 1.52682792e-02+1.08593463e-03j,
                -8.66696338e-04-2.07731841e-02j,
                -5.86326684e-03+5.49923584e-03j,
                -5.46438052e-03-5.45096606e-03j,
                 6.85154008e-03+4.55857031e-04j,
                -9.35843151e-04-8.75728955e-03j,
                -2.62224207e-03+2.52544386e-03j,
                -2.41813963e-03-2.18090295e-03j,
                -1.01823757e-02+5.54343088e-03j,
                 6.59539968e-03+5.93375719e-03j,
                 1.46294143e-03-5.92450016e-03j,
                 3.32984411e-03+1.63445751e-18j]],
              dims=(2, 2, 2, 2))"
data/selected_mutant_qc/mutants_qpeexact_4/qpeexact_4_Mutant_Add_rzz_P10_Q2_[5.497787143782138].qasm,Quratest_7,"{'0110': 45, '0010': 13, '0000': 111, '0100': 235, '0001': 133, '0011': 155, '0111': 173, '0101': 159}","DensityMatrix([[ 3.01121800e-02+0.00000000e+00j,
                 3.59301638e-02+3.48348030e-02j,
                -8.66495945e-03-8.66495945e-03j,
                 3.52788616e-02-3.54942544e-02j,
                -4.36017690e-02+7.18281115e-02j,
                 6.33979901e-02+1.73676746e-03j,
                 3.32156368e-02-8.12229848e-03j,
                 2.52491639e-03-6.33714944e-02j,
                -4.79021381e-02-1.27159174e-02j,
                 9.57033473e-03+3.61631554e-02j,
                 1.01250450e-02+1.74432072e-02j,
                 3.62793563e-02-9.11994647e-03j,
                 5.01240865e-03+1.70391215e-02j,
                -1.37305827e-02+2.61297819e-02j,
                 3.46075839e-03-6.34545937e-03j,
                 2.59570375e-02+1.40544159e-02j],
               [ 3.59301638e-02-3.48348030e-02j,
                 8.31703376e-02+0.00000000e+00j,
                -2.03630414e-02-3.15196626e-04j,
                 1.03413025e-03-8.31639082e-02j,
                 3.10671433e-02+1.36146066e-01j,
                 7.76562881e-02-7.12686413e-02j,
                 3.02370870e-02-4.81165987e-02j,
                -7.02975628e-02-7.85364309e-02j,
                -7.18675350e-02+4.02420732e-02j,
                 5.32542012e-02+3.20789586e-02j,
                 3.22602087e-02+9.10041535e-03j,
                 3.27386353e-02-5.28512184e-02j,
                 2.56922981e-02+1.45327293e-02j,
                 1.38443553e-02+4.70623346e-02j,
                -3.21123251e-03-1.15749916e-02j,
                 4.72308356e-02-1.32581175e-02j],
               [-8.66495945e-03+8.66495945e-03j,
                -2.03630414e-02+3.15196626e-04j,
                 4.98678756e-03+0.00000000e+00j,
                 6.19805854e-05+2.03653864e-02j,
                -8.12229848e-03-3.32156368e-02j,
                -1.87429151e-02+1.77433847e-02j,
                -7.22075783e-03+1.18952375e-02j,
                 1.75089659e-02+1.89620854e-02j,
                 1.74432072e-02-1.01250450e-02j,
                -1.31600847e-02-7.65224283e-03j,
                -7.93292903e-03-2.10584483e-03j,
                -7.81528223e-03+1.30639202e-02j,
                -6.34545937e-03-3.46075839e-03j,
                -3.56794356e-03-1.14700577e-02j,
                 8.30089921e-04+2.82179767e-03j,
                -1.15135345e-02+3.42505038e-03j],
               [ 3.52788616e-02+3.54942544e-02j,
                 1.03413025e-03+8.31639082e-02j,
                 6.19805854e-05-2.03653864e-02j,
                 8.31703376e-02+0.00000000e+00j,
                -1.35749256e-01+3.27575659e-02j,
                 7.22287012e-02+7.67641390e-02j,
                 4.84888435e-02+2.96364734e-02j,
                 7.76562881e-02-7.12686413e-02j,
                -4.11325548e-02-7.13616142e-02j,
                -3.14143223e-02+5.36489505e-02j,
                -8.69859219e-03+3.23708683e-02j,
                 5.32542012e-02+3.20789586e-02j,
                -1.42121508e-02+2.58710103e-02j,
                -4.68865574e-02+1.44284527e-02j,
                 1.15341688e-02-3.35490636e-03j,
                 1.38443553e-02+4.70623346e-02j],
               [-4.36017690e-02-7.18281115e-02j,
                 3.10671433e-02-1.36146066e-01j,
                -8.12229848e-03+3.32156368e-02j,
                -1.35749256e-01-3.27575659e-02j,
                 2.34469636e-01+0.00000000e+00j,
                -8.76560845e-02-1.53741245e-01j,
                -6.74700366e-02-6.74700366e-02j,
                -1.54819266e-01+8.57377077e-02j,
                 3.90293107e-02+1.32675768e-01j,
                 7.24041780e-02-7.51920526e-02j,
                 2.69473269e-02-4.94091610e-02j,
                -7.42859749e-02-7.33335101e-02j,
                 3.33864250e-02-3.66286230e-02j,
                 8.22102746e-02-5.08308896e-03j,
                -2.01472478e-02+9.32961825e-04j,
                -4.06050308e-03-8.22671220e-02j],
               [ 6.33979901e-02-1.73676746e-03j,
                 7.76562881e-02+7.12686413e-02j,
                -1.87429151e-02-1.77433847e-02j,
                 7.22287012e-02-7.67641390e-02j,
                -8.76560845e-02+1.53741245e-01j,
                 1.33577891e-01+0.00000000e+00j,
                 6.94635218e-02-1.90163992e-02j,
                 1.66089187e-03-1.33567565e-01j,
                -1.01586264e-01-2.40091794e-02j,
                 2.22350882e-02+7.55856908e-02j,
                 2.23232690e-02+3.61408382e-02j,
                 7.58563162e-02-2.12935457e-02j,
                 1.15358511e-02+3.55849583e-02j,
                -2.74012041e-02+5.58054078e-02j,
                 6.92027408e-03-1.35592941e-02j,
                 5.54603905e-02+2.80929638e-02j],
               [ 3.32156368e-02+8.12229848e-03j,
                 3.02370870e-02+4.81165987e-02j,
                -7.22075783e-03-1.18952375e-02j,
                 4.84888435e-02-2.96364734e-02j,
                -6.74700366e-02+6.74700366e-02j,
                 6.94635218e-02+1.90163992e-02j,
                 3.88298112e-02+0.00000000e+00j,
                 1.98786305e-02-6.92217043e-02j,
                -4.94091610e-02-2.69473269e-02j,
                 8.02227545e-04+4.24716960e-02j,
                 6.46352677e-03+2.19720350e-02j,
                 4.24783876e-02-2.74077431e-04j,
                 9.32961825e-04+2.01472478e-02j,
                -2.21938078e-02+2.51191862e-02j,
                 5.52902543e-03-6.06595609e-03j,
                 2.48412892e-02+2.25044212e-02j],
               [ 2.52491639e-03+6.33714944e-02j,
                -7.02975628e-02+7.85364309e-02j,
                 1.75089659e-02-1.89620854e-02j,
                 7.76562881e-02+7.12686413e-02j,
                -1.54819266e-01-8.57377077e-02j,
                 1.66089187e-03+1.33567565e-01j,
                 1.98786305e-02+6.92217043e-02j,
                 1.33577891e-01+0.00000000e+00j,
                 2.27442116e-02-1.01876939e-01j,
                -7.53033793e-02+2.31731930e-02j,
                -3.58604795e-02+2.27709143e-02j,
                 2.22350882e-02+7.55856908e-02j,
                -3.54387720e-02+1.19774186e-02j,
                -5.61417972e-02-2.67052080e-02j,
                 1.36442918e-02+6.75114444e-03j,
                -2.74012041e-02+5.58054078e-02j],
               [-4.79021381e-02+1.27159174e-02j,
                -7.18675350e-02-4.02420732e-02j,
                 1.74432072e-02+1.01250450e-02j,
                -4.11325548e-02+7.13616142e-02j,
                 3.90293107e-02-1.32675768e-01j,
                -1.01586264e-01+2.40091794e-02j,
                -4.94091610e-02+2.69473269e-02j,
                 2.27442116e-02+1.01876939e-01j,
                 8.15719552e-02+0.00000000e+00j,
                -3.04955402e-02-5.34865587e-02j,
                -2.34728168e-02-2.34728168e-02j,
                -5.38616020e-02+2.98281371e-02j,
                -1.51690496e-02-2.49889905e-02j,
                 1.08082550e-02-4.73651984e-02j,
                -2.82574656e-03+1.15557156e-02j,
                -4.72271483e-02-1.13963529e-02j],
               [ 9.57033473e-03-3.61631554e-02j,
                 5.32542012e-02-3.20789586e-02j,
                -1.31600847e-02+7.65224283e-03j,
                -3.14143223e-02-5.36489505e-02j,
                 7.24041780e-02+7.51920526e-02j,
                 2.22350882e-02-7.55856908e-02j,
                 8.02227545e-04-4.24716960e-02j,
                -7.53033793e-02-2.31731930e-02j,
                -3.04955402e-02+5.34865587e-02j,
                 4.64717307e-02+0.00000000e+00j,
                 2.41663500e-02-6.61580277e-03j,
                 5.77824062e-04-4.64681383e-02j,
                 2.20561523e-02-6.04221168e-04j,
                 2.70166123e-02+2.47943509e-02j,
                -6.52065768e-03-6.17292119e-03j,
                 2.51283556e-02-2.67062338e-02j],
               [ 1.01250450e-02-1.74432072e-02j,
                 3.22602087e-02-9.10041535e-03j,
                -7.93292903e-03+2.10584483e-03j,
                -8.69859219e-03-3.23708683e-02j,
                 2.69473269e-02+4.94091610e-02j,
                 2.23232690e-02-3.61408382e-02j,
                 6.46352677e-03-2.19720350e-02j,
                -3.58604795e-02-2.27709143e-02j,
                -2.34728168e-02+2.34728168e-02j,
                 2.41663500e-02+6.61580277e-03j,
                 1.35088862e-02+0.00000000e+00j,
                 6.91577291e-03-2.40822218e-02j,
                 1.15557156e-02+2.82574656e-03j,
                 1.05194786e-02+1.67397583e-02j,
                -2.51210069e-03-4.13835156e-03j,
                 1.68692622e-02-1.03105252e-02j],
               [ 3.62793563e-02+9.11994647e-03j,
                 3.27386353e-02+5.28512184e-02j,
                -7.81528223e-03-1.30639202e-02j,
                 5.32542012e-02-3.20789586e-02j,
                -7.42859749e-02+7.33335101e-02j,
                 7.58563162e-02+2.12935457e-02j,
                 4.24783876e-02+2.74077431e-04j,
                 2.22350882e-02-7.55856908e-02j,
                -5.38616020e-02-2.98281371e-02j,
                 5.77824062e-04+4.64681383e-02j,
                 6.91577291e-03+2.40822218e-02j,
                 4.64717307e-02+0.00000000e+00j,
                 8.78418077e-04+2.20469345e-02j,
                -2.44565128e-02+2.73228139e-02j,
                 6.09136690e-03-6.59690699e-03j,
                 2.70166123e-02+2.47943509e-02j],
               [ 5.01240865e-03-1.70391215e-02j,
                 2.56922981e-02-1.45327293e-02j,
                -6.34545937e-03+3.46075839e-03j,
                -1.42121508e-02-2.58710103e-02j,
                 3.33864250e-02+3.66286230e-02j,
                 1.15358511e-02-3.55849583e-02j,
                 9.32961825e-04-2.01472478e-02j,
                -3.54387720e-02-1.19774186e-02j,
                -1.51690496e-02+2.49889905e-02j,
                 2.20561523e-02+6.04221168e-04j,
                 1.15557156e-02-2.82574656e-03j,
                 8.78418077e-04-2.20469345e-02j,
                 1.04760234e-02+0.00000000e+00j,
                 1.25000992e-02+1.21190233e-02j,
                -3.01453824e-03-3.01453824e-03j,
                 1.22735113e-02-1.23484464e-02j],
               [-1.37305827e-02-2.61297819e-02j,
                 1.38443553e-02-4.70623346e-02j,
                -3.56794356e-03+1.14700577e-02j,
                -4.68865574e-02-1.44284527e-02j,
                 8.22102746e-02+5.08308896e-03j,
                -2.74012041e-02-5.58054078e-02j,
                -2.21938078e-02-2.51191862e-02j,
                -5.61417972e-02+2.67052080e-02j,
                 1.08082550e-02+4.73651984e-02j,
                 2.70166123e-02-2.47943509e-02j,
                 1.05194786e-02-1.67397583e-02j,
                -2.44565128e-02-2.73228139e-02j,
                 1.25000992e-02-1.21190233e-02j,
                 2.89349494e-02+0.00000000e+00j,
                -7.08429941e-03-1.09656864e-04j,
                 3.59773775e-04-2.89327126e-02j],
               [ 3.46075839e-03+6.34545937e-03j,
                -3.21123251e-03+1.15749916e-02j,
                 8.30089921e-04-2.82179767e-03j,
                 1.15341688e-02+3.35490636e-03j,
                -2.01472478e-02-9.32961825e-04j,
                 6.92027408e-03+1.35592941e-02j,
                 5.52902543e-03+6.06595609e-03j,
                 1.36442918e-02-6.75114444e-03j,
                -2.82574656e-03-1.15557156e-02j,
                -6.52065768e-03+6.17292119e-03j,
                -2.51210069e-03+4.13835156e-03j,
                 6.09136690e-03+6.59690699e-03j,
                -3.01453824e-03+3.01453824e-03j,
                -7.08429941e-03+1.09656864e-04j,
                 1.73490273e-03+0.00000000e+00j,
                 2.15630374e-05+7.08511523e-03j],
               [ 2.59570375e-02-1.40544159e-02j,
                 4.72308356e-02+1.32581175e-02j,
                -1.15135345e-02-3.42505038e-03j,
                 1.38443553e-02-4.70623346e-02j,
                -4.06050308e-03+8.22671220e-02j,
                 5.54603905e-02-2.80929638e-02j,
                 2.48412892e-02-2.25044212e-02j,
                -2.74012041e-02-5.58054078e-02j,
                -4.72271483e-02+1.13963529e-02j,
                 2.51283556e-02+2.67062338e-02j,
                 1.68692622e-02+1.03105252e-02j,
                 2.70166123e-02-2.47943509e-02j,
                 1.22735113e-02+1.23484464e-02j,
                 3.59773775e-04+2.89327126e-02j,
                 2.15630374e-05-7.08511523e-03j,
                 2.89349494e-02+0.00000000e+00j]],
              dims=(2, 2, 2, 2))","{'0010': 17, '0000': 133, '0001': 120, '0100': 217, '0110': 47, '0111': 185, '0011': 129, '0101': 176}","DensityMatrix([[ 3.25743946e-02+6.93029379e-18j,
                 3.41562414e-02+3.31988250e-02j,
                -8.73072148e-03-9.00384223e-03j,
                 3.36766533e-02-3.37944114e-02j,
                -4.08530727e-02+6.83489401e-02j,
                 6.06691403e-02+1.32005100e-03j,
                 3.16649810e-02-7.98156702e-03j,
                 2.11682844e-03-6.05749499e-02j,
                -4.53620429e-02-1.17851342e-02j,
                 9.36202080e-03+3.44867281e-02j,
                 9.75169667e-03+1.65830950e-02j,
                 3.45390602e-02-8.92552491e-03j,
                 5.30681905e-03+1.80619911e-02j,
                -1.31024851e-02+2.48887406e-02j,
                 3.56535838e-03-6.28947305e-03j,
                 2.47315403e-02+1.33997097e-02j],
               [ 3.41562414e-02-3.31988250e-02j,
                 8.30121368e-02-1.68556932e-17j,
                -1.94317502e-02-2.86866870e-04j,
                 5.94413607e-04-8.06952465e-02j,
                 2.98110403e-02+1.30603490e-01j,
                 7.56652970e-02-6.85553095e-02j,
                 2.89298653e-02-4.61964116e-02j,
                -6.76546913e-02-7.52909359e-02j,
                -6.87001445e-02+3.85278245e-02j,
                 5.11983303e-02+3.13083971e-02j,
                 3.08619826e-02+8.60042152e-03j,
                 3.12684923e-02-5.06150069e-02j,
                 2.44935603e-02+1.38268923e-02j,
                 1.37138963e-02+4.65578184e-02j,
                -3.07888103e-03-1.10795007e-02j,
                 4.54291089e-02-1.29819726e-02j],
               [-8.73072148e-03+9.00384223e-03j,
                -1.94317502e-02+2.86866870e-04j,
                 7.42858438e-03-1.73412328e-17j,
                 1.70615056e-04+1.93731201e-02j,
                -7.75060848e-03-3.17070903e-02j,
                -1.79420804e-02+1.69632047e-02j,
                -6.22895038e-03+1.11914166e-02j,
                 1.69543162e-02+1.80536892e-02j,
                 1.66298378e-02-9.60035461e-03j,
                -1.25874379e-02-7.33736519e-03j,
                -7.36754574e-03-1.72502433e-03j,
                -7.34222623e-03+1.26118669e-02j,
                -6.40052315e-03-3.36161353e-03j,
                -3.41206808e-03-1.09815217e-02j,
                 1.19155675e-03+4.05349610e-03j,
                -1.09324621e-02+3.35893283e-03j],
               [ 3.36766533e-02+3.37944114e-02j,
                 5.94413607e-04+8.06952465e-02j,
                 1.70615056e-04-1.93731201e-02j,
                 8.28923025e-02-9.91538019e-18j,
                -1.30056983e-01+3.11460016e-02j,
                 6.89743982e-02+7.40009136e-02j,
                 4.64073714e-02+2.86239531e-02j,
                 7.56643760e-02-6.85523066e-02j,
                -3.91827818e-02-6.82091118e-02j,
                -3.03115255e-02+5.11820537e-02j,
                -8.43706743e-03+3.09716377e-02j,
                 5.12034218e-02+3.13319735e-02j,
                -1.35337662e-02+2.46582800e-02j,
                -4.52124084e-02+1.37174875e-02j,
                 1.10094914e-02-3.09697313e-03j,
                 1.37026153e-02+4.65194860e-02j],
               [-4.08530727e-02-6.83489401e-02j,
                 2.98110403e-02-1.30603490e-01j,
                -7.75060848e-03+3.17070903e-02j,
                -1.30056983e-01-3.11460016e-02j,
                 2.29312188e-01-6.94750468e-18j,
                -8.39020553e-02-1.47693400e-01j,
                -6.53046385e-02-6.54271253e-02j,
                -1.48433482e-01+8.21882480e-02j,
                 3.79407622e-02+1.28979265e-01j,
                 6.92834620e-02-7.17800868e-02j,
                 2.59914854e-02-4.75437147e-02j,
                -7.09691746e-02-7.00183021e-02j,
                 3.17511695e-02-3.44558280e-02j,
                 7.86039398e-02-4.84324224e-03j,
                -1.91739279e-02+9.30445920e-04j,
                -4.02682749e-03-7.85461712e-02j],
               [ 6.06691403e-02-1.32005100e-03j,
                 7.56652970e-02+6.85553095e-02j,
                -1.79420804e-02-1.69632047e-02j,
                 6.89743982e-02-7.40009136e-02j,
                -8.39020553e-02+1.47693400e-01j,
                 1.32349629e-01-1.68560784e-17j,
                 6.65434172e-02-1.83967592e-02j,
                 9.67502939e-04-1.29064681e-01j,
                -9.71149865e-02-2.28056870e-02j,
                 2.19156206e-02+7.44220102e-02j,
                 2.13816267e-02+3.44225962e-02j,
                 7.28087763e-02-2.08120776e-02j,
                 1.08215934e-02+3.40464268e-02j,
                -2.60789129e-02+5.40312350e-02j,
                 6.59935058e-03-1.29850222e-02j,
                 5.31846076e-02+2.66050347e-02j],
               [ 3.16649810e-02+7.98156702e-03j,
                 2.89298653e-02+4.61964116e-02j,
                -6.22895038e-03-1.11914166e-02j,
                 4.64073714e-02-2.86239531e-02j,
                -6.53046385e-02+6.54271253e-02j,
                 6.65434172e-02+1.83967592e-02j,
                 4.08941726e-02+1.73252997e-17j,
                 1.88039175e-02-6.65294585e-02j,
                -4.75949382e-02-2.58974779e-02j,
                 6.73313846e-04+4.05194729e-02j,
                 6.74287624e-03+2.29216854e-02j,
                 4.06146577e-02-4.19176108e-04j,
                 7.77946299e-04+1.92165758e-02j,
                -2.12748812e-02+2.39471855e-02j,
                 5.25937430e-03-5.43720252e-03j,
                 2.38692965e-02+2.14555118e-02j],
               [ 2.11682844e-03+6.05749499e-02j,
                -6.76546913e-02+7.52909359e-02j,
                 1.69543162e-02-1.80536892e-02j,
                 7.56643760e-02+6.85523066e-02j,
                -1.48433482e-01-8.21882480e-02j,
                 9.67502939e-04+1.29064681e-01j,
                 1.88039175e-02+6.65294585e-02j,
                 1.32357611e-01+1.78239913e-17j,
                 2.17260630e-02-9.72934126e-02j,
                -7.24680129e-02+2.19690762e-02j,
                -3.43649464e-02+2.16468027e-02j,
                 2.19255353e-02+7.44556898e-02j,
                -3.38538979e-02+1.12166711e-02j,
                -5.36818872e-02-2.56103960e-02j,
                 1.30023161e-02+6.61722205e-03j,
                -2.60704271e-02+5.40537980e-02j],
               [-4.53620429e-02+1.17851342e-02j,
                -6.87001445e-02-3.85278245e-02j,
                 1.66298378e-02+9.60035461e-03j,
                -3.91827818e-02+6.82091118e-02j,
                 3.79407622e-02-1.28979265e-01j,
                -9.71149865e-02+2.28056870e-02j,
                -4.75949382e-02+2.58974779e-02j,
                 2.17260630e-02+9.72934126e-02j,
                 8.01527697e-02+3.49250633e-18j,
                -2.92490987e-02-5.15272123e-02j,
                -2.28260271e-02-2.28689745e-02j,
                -5.17850975e-02+2.86512087e-02j,
                -1.42544803e-02-2.38918616e-02j,
                 1.03474624e-02-4.55712785e-02j,
                -2.71678549e-03+1.10757913e-02j,
                -4.53811787e-02-1.08133190e-02j],
               [ 9.36202080e-03-3.44867281e-02j,
                 5.11983303e-02-3.13083971e-02j,
                -1.25874379e-02+7.33736519e-03j,
                -3.03115255e-02-5.11820537e-02j,
                 6.92834620e-02+7.17800868e-02j,
                 2.19156206e-02-7.44220102e-02j,
                 6.73313846e-04-4.05194729e-02j,
                -7.24680129e-02-2.19690762e-02j,
                -2.92490987e-02+5.15272123e-02j,
                 4.62958501e-02+1.74369192e-18j,
                 2.32090657e-02-6.42475914e-03j,
                 3.38426417e-04-4.51468344e-02j,
                 2.11943611e-02-4.31097730e-04j,
                 2.64132982e-02+2.39361373e-02j,
                -6.25929536e-03-5.93466453e-03j,
                 2.40823556e-02-2.58321382e-02j],
               [ 9.75169667e-03-1.65830950e-02j,
                 3.08619826e-02-8.60042152e-03j,
                -7.36754574e-03+1.72502433e-03j,
                -8.43706743e-03-3.09716377e-02j,
                 2.59914854e-02+4.75437147e-02j,
                 2.13816267e-02-3.44225962e-02j,
                 6.74287624e-03-2.29216854e-02j,
                -3.43649464e-02-2.16468027e-02j,
                -2.28260271e-02+2.28689745e-02j,
                 2.32090657e-02+6.42475914e-03j,
                 1.42947211e-02+1.30178090e-17j,
                 6.56677311e-03-2.32042058e-02j,
                 1.10610680e-02+2.79737846e-03j,
                 1.01100840e-02+1.61036241e-02j,
                -2.17323307e-03-3.91238567e-03j,
                 1.61773399e-02-1.00035040e-02j],
               [ 3.45390602e-02+8.92552491e-03j,
                 3.12684923e-02+5.06150069e-02j,
                -7.34222623e-03-1.26118669e-02j,
                 5.12034218e-02-3.13319735e-02j,
                -7.09691746e-02+7.00183021e-02j,
                 7.28087763e-02+2.08120776e-02j,
                 4.06146577e-02+4.19176108e-04j,
                 2.19255353e-02-7.44556898e-02j,
                -5.17850975e-02-2.86512087e-02j,
                 3.38426417e-04+4.51468344e-02j,
                 6.56677311e-03+2.32042058e-02j,
                 4.62985905e-02+5.21434514e-18j,
                 7.09431216e-04+2.11617991e-02j,
                -2.36217850e-02+2.62825506e-02j,
                 5.93155564e-03-6.29831349e-03j,
                 2.64129659e-02+2.39350829e-02j],
               [ 5.30681905e-03-1.80619911e-02j,
                 2.44935603e-02-1.38268923e-02j,
                -6.40052315e-03+3.36161353e-03j,
                -1.35337662e-02-2.46582800e-02j,
                 3.17511695e-02+3.44558280e-02j,
                 1.08215934e-02-3.40464268e-02j,
                 7.77946299e-04-1.92165758e-02j,
                -3.38538979e-02-1.12166711e-02j,
                -1.42544803e-02+2.38918616e-02j,
                 2.11943611e-02+4.31097730e-04j,
                 1.10610680e-02-2.79737846e-03j,
                 7.09431216e-04-2.11617991e-02j,
                 1.14692647e-02-6.91583143e-18j,
                 1.18826691e-02+1.15178417e-02j,
                -3.07552495e-03-3.17098759e-03j,
                 1.16842151e-02-1.17571731e-02j],
               [-1.31024851e-02-2.48887406e-02j,
                 1.37138963e-02-4.65578184e-02j,
                -3.41206808e-03+1.09815217e-02j,
                -4.52124084e-02-1.37174875e-02j,
                 7.86039398e-02+4.84324224e-03j,
                -2.60789129e-02-5.40312350e-02j,
                -2.12748812e-02-2.39471855e-02j,
                -5.36818872e-02+2.56103960e-02j,
                 1.03474624e-02+4.55712785e-02j,
                 2.64132982e-02-2.39361373e-02j,
                 1.01100840e-02-1.61036241e-02j,
                -2.36217850e-02-2.62825506e-02j,
                 1.18826691e-02-1.15178417e-02j,
                 2.90492370e-02-1.72290816e-18j,
                -6.75111549e-03-1.08963507e-04j,
                 2.07979536e-04-2.82384254e-02j],
               [ 3.56535838e-03+6.28947305e-03j,
                -3.07888103e-03+1.10795007e-02j,
                 1.19155675e-03-4.05349610e-03j,
                 1.10094914e-02+3.09697313e-03j,
                -1.91739279e-02-9.30445920e-04j,
                 6.59935058e-03+1.29850222e-02j,
                 5.25937430e-03+5.43720252e-03j,
                 1.30023161e-02-6.61722205e-03j,
                -2.71678549e-03-1.10757913e-02j,
                -6.25929536e-03+5.93466453e-03j,
                -2.17323307e-03+3.91238567e-03j,
                 5.93155564e-03+6.29831349e-03j,
                -3.07552495e-03+3.17098759e-03j,
                -6.75111549e-03+1.08963507e-04j,
                 2.61117472e-03-4.30694285e-18j,
                 6.86015640e-05+6.73064065e-03j],
               [ 2.47315403e-02-1.33997097e-02j,
                 4.54291089e-02+1.29819726e-02j,
                -1.09324621e-02-3.35893283e-03j,
                 1.37026153e-02-4.65194860e-02j,
                -4.02682749e-03+7.85461712e-02j,
                 5.31846076e-02-2.66050347e-02j,
                 2.38692965e-02-2.14555118e-02j,
                -2.60704271e-02-5.40537980e-02j,
                -4.53811787e-02+1.08133190e-02j,
                 2.40823556e-02+2.58321382e-02j,
                 1.61773399e-02+1.00035040e-02j,
                 2.64129659e-02-2.39350829e-02j,
                 1.16842151e-02+1.17571731e-02j,
                 2.07979536e-04+2.82384254e-02j,
                 6.86015640e-05-6.73064065e-03j,
                 2.90073730e-02-1.21087782e-17j]],
              dims=(2, 2, 2, 2))"
data/selected_mutant_qc/mutants_qpeexact_4/qpeexact_4_Mutant_Add_rzz_P10_Q2_[5.497787143782138].qasm,Quratest_8,"{'0101': 1, '0001': 1, '0010': 3, '0000': 14, '0110': 118, '0100': 887}","DensityMatrix([[ 4.23470541e-28+0.00000000e+00j,
                 6.70005264e-30+1.32701794e-29j,
                -5.98281389e-29+1.52226903e-28j,
                 5.69675630e-30+4.47415356e-30j,
                -3.85515288e-29-2.39672669e-29j,
                 5.59229463e-30-4.68320453e-30j,
                 1.40622038e-29-1.04721874e-29j,
                 1.50158489e-30-3.22155541e-30j,
                 1.73620651e-15+1.07938974e-15j,
                -2.51854560e-16+2.10912782e-16j,
                -6.33305356e-16+4.71625392e-16j,
                -6.76253714e-17+1.45085957e-16j,
                -1.90714177e-14-1.77493704e-30j,
                -3.01743546e-16-5.97635748e-16j,
                 2.69441984e-15-6.85569023e-15j,
                -2.56559096e-16-2.01497963e-16j],
               [ 6.70005264e-30-1.32701794e-29j,
                 5.21850624e-31+0.00000000e+00j,
                 3.82370547e-30+4.28331660e-30j,
                 2.30338070e-31-1.07728659e-31j,
                -1.36100897e-30+8.28874073e-31j,
                -5.82762987e-32-2.49340768e-31j,
                -1.05675118e-31-6.06351914e-31j,
                -7.71952642e-32-9.80254530e-32j,
                 6.12943947e-17-3.73291697e-17j,
                 2.62453117e-18+1.12293099e-17j,
                 4.75918423e-18+2.73076625e-17j,
                 3.47656563e-18+4.41467393e-18j,
                -3.01743546e-16+5.97635748e-16j,
                -2.35020627e-17+1.54074396e-32j,
                -1.72204385e-16-1.92903430e-16j,
                -1.03735045e-17+4.85166749e-18j],
               [-5.98281389e-29-1.52226903e-28j,
                 3.82370547e-30-4.28331660e-30j,
                 6.31742555e-29+0.00000000e+00j,
                 8.03503853e-31-2.67994993e-30j,
                -3.16904356e-30+1.72444033e-29j,
                -2.47357537e-30-1.34864229e-30j,
                -5.75120084e-30-3.57548896e-30j,
                -1.37021203e-30-8.46385967e-32j,
                 1.42721034e-16-7.76618884e-16j,
                 1.11399931e-16+6.07374491e-17j,
                 2.59011059e-16+1.61025707e-16j,
                 6.17088640e-17+3.81178352e-18j,
                 2.69441984e-15+6.85569023e-15j,
                -1.72204385e-16+1.92903430e-16j,
                -2.84511553e-15+3.94430453e-31j,
                -3.61865965e-17+1.20694215e-16j],
               [ 5.69675630e-30-4.47415356e-30j,
                 2.30338070e-31+1.07728659e-31j,
                 8.03503853e-31+2.67994993e-30j,
                 1.23907279e-31+0.00000000e+00j,
                -7.71840932e-31+8.48932272e-32j,
                 2.57504653e-32-1.22086083e-31j,
                 7.85291307e-32-2.89450969e-31j,
                -1.38370201e-32-5.92030259e-32j,
                 3.47606253e-17-3.82325106e-18j,
                -1.15969786e-18+5.49826840e-18j,
                -3.53663764e-18+1.30357128e-17j,
                 6.23163987e-19+2.66626725e-18j,
                -2.56559096e-16+2.01497963e-16j,
                -1.03735045e-17-4.85166749e-18j,
                -3.61865965e-17-1.20694215e-16j,
                -5.58028775e-18+3.85185989e-34j],
               [-3.85515288e-29+2.39672669e-29j,
                -1.36100897e-30-8.28874073e-31j,
                -3.16904356e-30-1.72444033e-29j,
                -7.71840932e-31-8.48932272e-32j,
                 4.86610061e-30+0.00000000e+00j,
                -2.44049785e-31+7.42853828e-31j,
                -6.87485232e-31+1.74923956e-30j,
                 4.56312385e-32+3.78266624e-31j,
                -2.19149689e-16-2.71170936e-31j,
                 1.09910252e-17-3.34551622e-17j,
                 3.09615823e-17-7.87787465e-17j,
                -2.05504829e-18-1.70356143e-17j,
                 1.73620651e-15-1.07938974e-15j,
                 6.12943947e-17+3.73291697e-17j,
                 1.42721034e-16+7.76618884e-16j,
                 3.47606253e-17+3.82325106e-18j],
               [ 5.59229463e-30+4.68320453e-30j,
                -5.82762987e-32+2.49340768e-31j,
                -2.47357537e-30+1.34864229e-30j,
                 2.57504653e-32+1.22086083e-31j,
                -2.44049785e-31-7.42853828e-31j,
                 1.25643129e-31+0.00000000e+00j,
                 3.01516563e-31+1.72210777e-32j,
                 5.54572413e-32-2.59372419e-32j,
                 1.09910252e-17+3.34551622e-17j,
                -5.65846350e-18+6.93334780e-33j,
                -1.35790988e-17-7.75568390e-19j,
                -2.49757211e-18+1.16810953e-18j,
                -2.51854560e-16-2.10912782e-16j,
                 2.62453117e-18-1.12293099e-17j,
                 1.11399931e-16-6.07374491e-17j,
                -1.15969786e-18-5.49826840e-18j],
               [ 1.40622038e-29+1.04721874e-29j,
                -1.05675118e-31+6.06351914e-31j,
                -5.75120084e-30+3.57548896e-30j,
                 7.85291307e-32+2.89450969e-31j,
                -6.87485232e-31-1.74923956e-30j,
                 3.01516563e-31-1.72210777e-32j,
                 7.25935463e-31+0.00000000e+00j,
                 1.29530438e-31-6.98449771e-32j,
                 3.09615823e-17+7.87787465e-17j,
                -1.35790988e-17+7.75568390e-19j,
                -3.26932268e-17-3.08148791e-32j,
                -5.83353231e-18+3.14553813e-18j,
                -6.33305356e-16-4.71625392e-16j,
                 4.75918423e-18-2.73076625e-17j,
                 2.59011059e-16-1.61025707e-16j,
                -3.53663764e-18-1.30357128e-17j],
               [ 1.50158489e-30+3.22155541e-30j,
                -7.71952642e-32+9.80254530e-32j,
                -1.37021203e-30+8.46385967e-32j,
                -1.38370201e-32+5.92030259e-32j,
                 4.56312385e-32-3.78266624e-31j,
                 5.54572413e-32+2.59372419e-32j,
                 1.29530438e-31+6.98449771e-32j,
                 2.98324799e-32+0.00000000e+00j,
                -2.05504829e-18+1.70356143e-17j,
                -2.49757211e-18-1.16810953e-18j,
                -5.83353231e-18-3.14553813e-18j,
                -1.34353545e-18-5.29630735e-33j,
                -6.76253714e-17-1.45085957e-16j,
                 3.47656563e-18-4.41467393e-18j,
                 6.17088640e-17-3.81178352e-18j,
                 6.23163987e-19-2.66626725e-18j],
               [ 1.73620651e-15-1.07938974e-15j,
                 6.12943947e-17+3.73291697e-17j,
                 1.42721034e-16+7.76618884e-16j,
                 3.47606253e-17+3.82325106e-18j,
                -2.19149689e-16+2.71170936e-31j,
                 1.09910252e-17-3.34551622e-17j,
                 3.09615823e-17-7.87787465e-17j,
                -2.05504829e-18-1.70356143e-17j,
                 9.86962456e-03+0.00000000e+00j,
                -4.94991770e-04+1.50668656e-03j,
                -1.39438571e-03+3.54787933e-03j,
                 9.25511470e-05+7.67215860e-04j,
                -7.81917898e-02+4.86113924e-02j,
                -2.76045413e-03-1.68115635e-03j,
                -6.42758395e-03-3.49758051e-02j,
                -1.56547939e-03-1.72183921e-04j],
               [-2.51854560e-16-2.10912782e-16j,
                 2.62453117e-18-1.12293099e-17j,
                 1.11399931e-16-6.07374491e-17j,
                -1.15969786e-18-5.49826840e-18j,
                 1.09910252e-17+3.34551622e-17j,
                -5.65846350e-18-6.93334780e-33j,
                -1.35790988e-17-7.75568390e-19j,
                -2.49757211e-18+1.16810953e-18j,
                -4.94991770e-04-1.50668656e-03j,
                 2.54834541e-04+0.00000000e+00j,
                 6.11548242e-04+3.49284951e-05j,
                 1.12480648e-04-5.26069764e-05j,
                 1.13425210e-02+9.49866725e-03j,
                -1.18198376e-04+5.05723157e-04j,
                -5.01700688e-03+2.73537153e-03j,
                 5.22281485e-05+2.47619995e-04j],
               [-6.33305356e-16-4.71625392e-16j,
                 4.75918423e-18-2.73076625e-17j,
                 2.59011059e-16-1.61025707e-16j,
                -3.53663764e-18-1.30357128e-17j,
                 3.09615823e-17+7.87787465e-17j,
                -1.35790988e-17+7.75568390e-19j,
                -3.26932268e-17+3.08148791e-32j,
                -5.83353231e-18+3.14553813e-18j,
                -1.39438571e-03-3.54787933e-03j,
                 6.11548242e-04-3.49284951e-05j,
                 1.47237204e-03+0.00000000e+00j,
                 2.62718939e-04-1.41662443e-04j,
                 2.85215376e-02+2.12401194e-02j,
                -2.14334603e-04+1.22982779e-03j,
                -1.16648211e-02+7.25195315e-03j,
                 1.59275999e-04+5.87076311e-04j],
               [-6.76253714e-17-1.45085957e-16j,
                 3.47656563e-18-4.41467393e-18j,
                 6.17088640e-17-3.81178352e-18j,
                 6.23163987e-19-2.66626725e-18j,
                -2.05504829e-18+1.70356143e-17j,
                -2.49757211e-18-1.16810953e-18j,
                -5.83353231e-18-3.14553813e-18j,
                -1.34353545e-18+5.29630735e-33j,
                 9.25511470e-05-7.67215860e-04j,
                 1.12480648e-04+5.26069764e-05j,
                 2.62718939e-04+1.41662443e-04j,
                 6.05074577e-05+0.00000000e+00j,
                 3.04557597e-03+6.53409063e-03j,
                -1.56570597e-04+1.98819239e-04j,
                -2.77912017e-03+1.71667469e-04j,
                -2.80648110e-05+1.20078002e-04j],
               [-1.90714177e-14+1.77493704e-30j,
                -3.01743546e-16-5.97635748e-16j,
                 2.69441984e-15-6.85569023e-15j,
                -2.56559096e-16-2.01497963e-16j,
                 1.73620651e-15+1.07938974e-15j,
                -2.51854560e-16+2.10912782e-16j,
                -6.33305356e-16+4.71625392e-16j,
                -6.76253714e-17+1.45085957e-16j,
                -7.81917898e-02-4.86113924e-02j,
                 1.13425210e-02-9.49866725e-03j,
                 2.85215376e-02-2.12401194e-02j,
                 3.04557597e-03-6.53409063e-03j,
                 8.58900296e-01+0.00000000e+00j,
                 1.35893212e-02+2.69151213e-02j,
                -1.21345882e-01+3.08752839e-01j,
                 1.15543945e-02+9.07466150e-03j],
               [-3.01743546e-16+5.97635748e-16j,
                -2.35020627e-17-1.54074396e-32j,
                -1.72204385e-16-1.92903430e-16j,
                -1.03735045e-17+4.85166749e-18j,
                 6.12943947e-17-3.73291697e-17j,
                 2.62453117e-18+1.12293099e-17j,
                 4.75918423e-18+2.73076625e-17j,
                 3.47656563e-18+4.41467393e-18j,
                -2.76045413e-03+1.68115635e-03j,
                -1.18198376e-04-5.05723157e-04j,
                -2.14334603e-04-1.22982779e-03j,
                -1.56570597e-04-1.98819239e-04j,
                 1.35893212e-02-2.69151213e-02j,
                 1.05843881e-03+0.00000000e+00j,
                 7.75539606e-03+8.68759816e-03j,
                 4.67181109e-04-2.18499679e-04j],
               [ 2.69441984e-15+6.85569023e-15j,
                -1.72204385e-16+1.92903430e-16j,
                -2.84511553e-15-3.94430453e-31j,
                -3.61865965e-17+1.20694215e-16j,
                 1.42721034e-16-7.76618884e-16j,
                 1.11399931e-16+6.07374491e-17j,
                 2.59011059e-16+1.61025707e-16j,
                 6.17088640e-17+3.81178352e-18j,
                -6.42758395e-03+3.49758051e-02j,
                -5.01700688e-03-2.73537153e-03j,
                -1.16648211e-02-7.25195315e-03j,
                -2.77912017e-03-1.71667469e-04j,
                -1.21345882e-01-3.08752839e-01j,
                 7.75539606e-03-8.68759816e-03j,
                 1.28132613e-01+0.00000000e+00j,
                 1.62969942e-03-5.43558422e-03j],
               [-2.56559096e-16+2.01497963e-16j,
                -1.03735045e-17-4.85166749e-18j,
                -3.61865965e-17-1.20694215e-16j,
                -5.58028775e-18-3.85185989e-34j,
                 3.47606253e-17-3.82325106e-18j,
                -1.15969786e-18+5.49826840e-18j,
                -3.53663764e-18+1.30357128e-17j,
                 6.23163987e-19+2.66626725e-18j,
                -1.56547939e-03+1.72183921e-04j,
                 5.22281485e-05-2.47619995e-04j,
                 1.59275999e-04-5.87076311e-04j,
                -2.80648110e-05-1.20078002e-04j,
                 1.15543945e-02-9.07466150e-03j,
                 4.67181109e-04+2.18499679e-04j,
                 1.62969942e-03+5.43558422e-03j,
                 2.51313818e-04+0.00000000e+00j]],
              dims=(2, 2, 2, 2))","{'0101': 9, '0001': 3, '0111': 5, '0011': 2, '0010': 5, '0000': 46, '0100': 830, '0110': 124}","DensityMatrix([[ 1.55337142e-03+3.43542116e-20j,
                 2.32405261e-05+4.59691424e-05j,
                -2.16835235e-04+5.51868855e-04j,
                 1.97025843e-05+1.52399339e-05j,
                -1.14995160e-04-2.77230406e-04j,
                 2.66847290e-05-1.92316798e-05j,
                 1.14813677e-04-1.90552652e-06j,
                 7.61090985e-06-1.40019876e-05j,
                 3.33509666e-06-5.34743137e-06j,
                 6.40352250e-07+7.74164327e-07j,
                 1.42040569e-06+1.92304815e-06j,
                 4.42296719e-07+2.03503249e-07j,
                -6.27109756e-10+5.88018377e-05j,
                -1.83325317e-06+9.15059089e-07j,
                -2.09070080e-05-8.22699619e-06j,
                -6.09846101e-07+7.80428305e-07j],
               [ 2.32405261e-05-4.59691424e-05j,
                 1.31141262e-05+2.51917217e-20j,
                 1.31693159e-05+1.48134925e-05j,
                 5.67030568e-07-1.25837454e-06j,
                -1.66451067e-06+3.69889073e-06j,
                -1.00027162e-06-4.88069821e-06j,
                -1.06942577e-06-1.11604458e-06j,
                -5.99041752e-07+2.52964919e-08j,
                -1.14061783e-07-1.86153693e-07j,
                 2.30892557e-07-6.11361436e-08j,
                 8.25533216e-08-1.45837367e-08j,
                 5.73188434e-09-2.74487069e-08j,
                 1.83748219e-06+9.16825446e-07j,
                 1.11000902e-13+4.74373997e-07j,
                -5.87808166e-07+5.27511452e-07j,
                 5.25752523e-08+1.77515220e-08j],
               [-2.16835235e-04-5.51868855e-04j,
                 1.31693159e-05-1.48134925e-05j,
                 2.47391475e-04-6.24922872e-20j,
                 2.75145573e-06-9.11727529e-06j,
                -8.24081208e-05+7.95349137e-05j,
                -1.06373769e-05-6.83852378e-06j,
                -1.78814861e-05-4.39377548e-05j,
                -6.05863095e-06-7.78397175e-07j,
                -2.36025030e-06-4.48653476e-07j,
                 1.86856258e-07-3.38816306e-07j,
                 5.31857744e-07-8.56793996e-07j,
                 1.23691804e-08-1.86233771e-07j,
                 2.09071832e-05-8.22655033e-06j,
                 5.86577712e-07+5.26242431e-07j,
                -9.85864751e-11+9.32261119e-06j,
                 3.63857087e-07+1.10822948e-07j],
               [ 1.97025843e-05-1.52399339e-05j,
                 5.67030568e-07+1.25837454e-06j,
                 2.75145573e-06+9.11727529e-06j,
                 1.01089451e-05-5.64646983e-21j,
                -1.53178853e-06+1.33457166e-06j,
                 4.63292000e-07-3.38186400e-07j,
                -2.57295757e-07-7.40662448e-07j,
                -9.01678708e-07-3.99661820e-06j,
                -1.32589884e-08-1.06070187e-07j,
                 1.39155316e-08+2.35598108e-08j,
                 3.89619889e-08+1.00503090e-08j,
                 1.85198661e-07-4.45969150e-08j,
                 6.11347640e-07+7.82076608e-07j,
                -5.25751920e-08+1.77514418e-08j,
                -3.64656569e-07+1.11135220e-07j,
                -1.15057786e-15+3.85842275e-07j],
               [-1.14995160e-04+2.77230406e-04j,
                -1.66451067e-06-3.69889073e-06j,
                -8.24081208e-05-7.95349137e-05j,
                -1.53178853e-06-1.33457166e-06j,
                 6.97937484e-04+1.89798033e-19j,
                 1.23766870e-05+2.61367764e-05j,
                -9.71995433e-05+2.47613360e-04j,
                 1.08357264e-05+8.83990790e-06j,
                 6.27092746e-10+7.61767163e-07j,
                -1.03082134e-07-3.36139749e-08j,
                -2.61320135e-07-1.11267048e-07j,
                -5.16382062e-08+6.77634046e-09j,
                -3.33509666e-06-5.34588662e-06j,
                 1.11868202e-07-1.87362550e-07j,
                 2.35970683e-06-4.48863971e-07j,
                 1.20464116e-08-1.06145916e-07j],
               [ 2.66847290e-05+1.92316798e-05j,
                -1.00027162e-06+4.88069821e-06j,
                -1.06373769e-05+6.83852378e-06j,
                 4.63292000e-07+3.38186400e-07j,
                 1.23766870e-05-2.61367764e-05j,
                 1.09812419e-05-1.91579209e-19j,
                 7.60405577e-06+8.12254426e-06j,
                 4.56200346e-07-1.00082046e-06j,
                 1.06160767e-07-3.13161472e-08j,
                -1.12788542e-13+1.20385731e-07j,
                -3.86063678e-09+4.14789094e-08j,
                 1.31518384e-08+5.91963086e-09j,
                -6.39840377e-07+7.75990709e-07j,
                -2.30892557e-07-6.10091383e-08j,
                -1.87585321e-07-3.38890499e-07j,
                -1.38923198e-08+2.36091632e-08j],
               [ 1.14813677e-04+1.90552652e-06j,
                -1.06942577e-06+1.11604458e-06j,
                -1.78814861e-05+4.39377548e-05j,
                -2.57295757e-07+7.40662448e-07j,
                -9.71995433e-05-2.47613360e-04j,
                 7.60405577e-06-8.12254426e-06j,
                 1.12079263e-04-1.74909382e-19j,
                 1.68512947e-06-5.04914543e-06j,
                 2.61144976e-07-1.11712900e-07j,
                 2.60282012e-09+4.06981528e-08j,
                 9.85837568e-11+1.37071324e-07j,
                 9.19632551e-09+1.78678738e-08j,
                -1.41986221e-06+1.92283765e-06j,
                -8.26777828e-08-1.36268341e-08j,
                -5.31857744e-07-8.56543130e-07j,
                -3.88253224e-08+1.04956189e-08j],
               [ 7.61090985e-06+1.40019876e-05j,
                -5.99041752e-07-2.52964919e-08j,
                -6.05863095e-06+7.78397175e-07j,
                -9.01678708e-07+3.99661820e-06j,
                 1.08357264e-05-8.83990790e-06j,
                 4.56200346e-07+1.00082046e-06j,
                 1.68512947e-06+5.04914543e-06j,
                 8.38931525e-06+1.10406642e-19j,
                 5.25210329e-08+8.41969830e-09j,
                -1.31519001e-08+5.91971029e-09j,
                -9.90894687e-09+1.79589588e-08j,
                 6.16757498e-16+9.49175645e-08j,
                -4.42447802e-07+2.04416567e-07j,
                -5.75509616e-09-2.73993544e-08j,
                -1.26768665e-08-1.86414260e-07j,
                -1.85198661e-07-4.45600896e-08j],
               [ 3.33509666e-06+5.34743137e-06j,
                -1.14061783e-07+1.86153693e-07j,
                -2.36025030e-06+4.48653476e-07j,
                -1.32589884e-08+1.06070187e-07j,
                 6.27092746e-10-7.61767163e-07j,
                 1.06160767e-07+3.13161472e-08j,
                 2.61144976e-07+1.11712900e-07j,
                 5.25210329e-08-8.41969830e-09j,
                 1.19519192e-02-8.34500408e-17j,
                -4.26451373e-04+1.53880252e-03j,
                -1.52218511e-03+3.99021471e-03j,
                 1.36197245e-04+7.63071131e-04j,
                -7.52037139e-02+4.72253953e-02j,
                -2.62535745e-03-1.59499538e-03j,
                -6.23238136e-03-3.33178170e-02j,
                -1.49029281e-03-1.75915339e-04j],
               [ 6.40352250e-07-7.74164327e-07j,
                 2.30892557e-07+6.11361436e-08j,
                 1.86856258e-07+3.38816306e-07j,
                 1.39155316e-08-2.35598108e-08j,
                -1.03082134e-07+3.36139749e-08j,
                -1.12789186e-13-1.20385731e-07j,
                 2.60282012e-09-4.06981528e-08j,
                -1.31519001e-08-5.91971029e-09j,
                -4.26451373e-04-1.53880252e-03j,
                 1.95894785e-03+4.86142745e-18j,
                 6.08198509e-04+6.51332393e-05j,
                 7.90317951e-05-1.30347831e-04j,
                 1.10359333e-02+9.08334052e-03j,
                -6.95833622e-04+3.18205408e-03j,
                -4.80395293e-03+2.66916795e-03j,
                 3.04937360e-04+2.03672305e-04j],
               [ 1.42040569e-06-1.92304815e-06j,
                 8.25533216e-08+1.45837367e-08j,
                 5.31857744e-07+8.56793996e-07j,
                 3.89619889e-08-1.00503090e-08j,
                -2.61320135e-07+1.11267048e-07j,
                -3.86063678e-09-4.14789094e-08j,
                 9.85837574e-11-1.37071324e-07j,
                -9.90894687e-09-1.79589588e-08j,
                -1.52218511e-03-3.99021471e-03j,
                 6.08198509e-04-6.51332393e-05j,
                 2.49647833e-03+2.75093888e-17j,
                 2.60787884e-04-1.32047725e-04j,
                 2.73520700e-02+2.00089681e-02j,
                -1.90905075e-04+1.16327125e-03j,
                -1.17745124e-02+7.53042467e-03j,
                 1.44843634e-04+5.60114575e-04j],
               [ 4.42296719e-07-2.03503249e-07j,
                 5.73188434e-09+2.74487069e-08j,
                 1.23691804e-08+1.86233771e-07j,
                 1.85198661e-07+4.45969150e-08j,
                -5.16382062e-08-6.77634046e-09j,
                 1.31518384e-08-5.91963086e-09j,
                 9.19632551e-09-1.78678738e-08j,
                 6.17302751e-16-9.49175645e-08j,
                 1.36197245e-04-7.63071131e-04j,
                 7.90317951e-05+1.30347831e-04j,
                 2.60787884e-04+1.32047725e-04j,
                 1.40020087e-03-4.05253979e-17j,
                 2.91354883e-03+6.28006590e-03j,
                -3.81229188e-04-2.98670450e-06j,
                -2.64771063e-03+1.70057033e-04j,
                -5.96987829e-04+2.60195623e-03j],
               [-6.27109757e-10-5.88018377e-05j,
                 1.83748219e-06-9.16825446e-07j,
                 2.09071832e-05+8.22655033e-06j,
                 6.11347640e-07-7.82076608e-07j,
                -3.33509666e-06+5.34588662e-06j,
                -6.39840377e-07-7.75990709e-07j,
                -1.41986221e-06-1.92283765e-06j,
                -4.42447802e-07-2.04416567e-07j,
                -7.52037139e-02-4.72253953e-02j,
                 1.10359333e-02-9.08334052e-03j,
                 2.73520700e-02-2.00089681e-02j,
                 2.91354883e-03-6.28006590e-03j,
                 8.34244846e-01+9.68600592e-17j,
                 1.29619313e-02+2.59701351e-02j,
                -1.16497042e-01+2.96494345e-01j,
                 1.10572168e-02+8.64677830e-03j],
               [-1.83325317e-06-9.15059089e-07j,
                 1.11000964e-13-4.74373997e-07j,
                 5.86577712e-07-5.26242431e-07j,
                -5.25751920e-08-1.77514418e-08j,
                 1.11868202e-07+1.87362550e-07j,
                -2.30892557e-07+6.10091383e-08j,
                -8.26777828e-08+1.36268341e-08j,
                -5.75509616e-09+2.73993544e-08j,
                -2.62535745e-03+1.59499538e-03j,
                -6.95833622e-04-3.18205408e-03j,
                -1.90905075e-04-1.16327125e-03j,
                -3.81229188e-04+2.98670450e-06j,
                 1.29619313e-02-2.59701351e-02j,
                 7.10625815e-03+2.73899326e-17j,
                 7.46547228e-03+8.30843752e-03j,
                 3.04437869e-04-7.15996300e-04j],
               [-2.09070080e-05+8.22699619e-06j,
                -5.87808166e-07-5.27511452e-07j,
                -9.85864758e-11-9.32261119e-06j,
                -3.64656569e-07-1.11135220e-07j,
                 2.35970683e-06+4.48863971e-07j,
                -1.87585321e-07+3.38890499e-07j,
                -5.31857744e-07+8.56543130e-07j,
                -1.26768665e-08+1.86414260e-07j,
                -6.23238136e-03+3.33178170e-02j,
                -4.80395293e-03-2.66916795e-03j,
                -1.17745124e-02-7.53042467e-03j,
                -2.64771063e-03-1.70057033e-04j,
                -1.16497042e-01-2.96494345e-01j,
                 7.46547228e-03-8.30843752e-03j,
                 1.32633777e-01-2.79705114e-17j,
                 1.57432730e-03-5.13915759e-03j],
               [-6.09846101e-07-7.80428305e-07j,
                 5.25752523e-08-1.77515220e-08j,
                 3.63857087e-07-1.10822948e-07j,
                -1.15022496e-15-3.85842275e-07j,
                 1.20464116e-08+1.06145916e-07j,
                -1.38923198e-08-2.36091632e-08j,
                -3.88253224e-08-1.04956189e-08j,
                -1.85198661e-07+4.45600896e-08j,
                -1.49029281e-03+1.75915339e-04j,
                 3.04937360e-04-2.03672305e-04j,
                 1.44843634e-04-5.60114575e-04j,
                -5.96987829e-04-2.60195623e-03j,
                 1.10572168e-02-8.64677830e-03j,
                 3.04437869e-04+7.15996300e-04j,
                 1.57432730e-03+5.13915759e-03j,
                 5.55419832e-03-2.23103221e-17j]],
              dims=(2, 2, 2, 2))"
data/selected_mutant_qc/mutants_qpeexact_4/qpeexact_4_Mutant_Add_rzz_P10_Q2_[5.497787143782138].qasm,Quratest_9,"{'0100': 3, '0110': 43, '0000': 5, '0010': 167, '0001': 205, '0101': 217, '0111': 195, '0011': 189}","DensityMatrix([[ 1.30654738e-04+0.00000000e+00j,
                -3.01412760e-03+8.87546699e-04j,
                -4.21163716e-04-4.21163716e-04j,
                 2.52046875e-03-1.87615074e-03j,
                 3.88149221e-05+3.11305570e-04j,
                -1.14883129e-03-2.92453260e-03j,
                 8.78369783e-04-1.12860850e-03j,
                 2.09026002e-03+2.34595766e-03j,
                -6.93794516e-04+7.21172508e-04j,
                 3.88244857e-03-8.30383793e-04j,
                 4.56112636e-03-8.82525744e-05j,
                -3.35488335e-03+2.12313491e-03j,
                 2.62291768e-04+3.23888761e-04j,
                -4.86201243e-04-3.94037466e-03j,
                 1.98557044e-04-1.88954471e-03j,
                 1.82029025e-03+3.52838314e-03j],
               [-3.01412760e-03-8.87546699e-04j,
                 7.55633085e-02+0.00000000e+00j,
                 6.85500369e-03+1.25769924e-02j,
                -7.08905464e-02+2.61599697e-02j,
                 1.21928302e-03-7.44530798e-03j,
                 6.63630619e-03+7.52713294e-02j,
                -2.79301875e-02+2.00695041e-02j,
                -3.22848102e-02-6.83191380e-02j,
                 2.09044043e-02-1.19240293e-02j,
                -9.52066486e-02-7.21727905e-03j,
                -1.05821995e-01-2.89481129e-02j,
                 9.18177788e-02-2.61895122e-02j,
                -3.85071725e-03-9.25368846e-03j,
                -1.55508630e-02+9.42049135e-02j,
                -1.74164019e-02+4.22418680e-02j,
                -1.80244689e-02-9.37630715e-02j],
               [-4.21163716e-04+4.21163716e-04j,
                 6.85500369e-03-1.25769924e-02j,
                 2.71523067e-03+0.00000000e+00j,
                -2.07695006e-03+1.41724412e-02j,
                -1.12860850e-03-8.78369783e-04j,
                 1.31304314e-02+5.72394827e-03j,
                 8.06640985e-04+6.46946633e-03j,
                -1.43000855e-02-8.24237765e-04j,
                -8.82525744e-05-4.56112636e-03j,
                -9.83828800e-03+1.51917490e-02j,
                -1.44182459e-02+1.49872078e-02j,
                 3.97052384e-03-1.76583150e-02j,
                -1.88954471e-03-1.98557044e-04j,
                 1.42690053e-02+1.11344796e-02j,
                 5.45087503e-03+6.73096672e-03j,
                -1.72413736e-02-5.50601346e-03j],
               [ 2.52046875e-03+1.87615074e-03j,
                -7.08905464e-02-2.61599697e-02j,
                -2.07695006e-03-1.41724412e-02j,
                 7.55633085e-02+0.00000000e+00j,
                -3.72144466e-03+6.56278231e-03j,
                 1.98329633e-02-7.29141081e-02j,
                 3.31510614e-02-9.15901208e-03j,
                 6.63630619e-03+7.52713294e-02j,
                -2.37397875e-02+3.94956724e-03j,
                 8.68205439e-02+3.97314512e-02j,
                 8.92562467e-02+6.37934975e-02j,
                -9.52066486e-02-7.21727905e-03j,
                 4.08971502e-04+1.00145652e-02j,
                 4.72028943e-02-8.29956736e-02j,
                 3.09634965e-02-3.36001243e-02j,
                -1.55508630e-02+9.42049135e-02j],
               [ 3.88149221e-05-3.11305570e-04j,
                 1.21928302e-03+7.44530798e-03j,
                -1.12860850e-03+8.78369783e-04j,
                -3.72144466e-03-6.56278231e-03j,
                 7.53265879e-04+0.00000000e+00j,
                -7.30945621e-03+1.86845176e-03j,
                -2.42814200e-03-2.42814200e-03j,
                 6.21058967e-03-4.28343764e-03j,
                 1.51219498e-03+1.86732112e-03j,
                -8.25122478e-04-9.49723802e-03j,
                 1.14474414e-03-1.08938227e-02j,
                 4.06203551e-03+8.62428111e-03j,
                 8.49637843e-04-5.28730700e-04j,
                -9.53300632e-03-1.21555515e-05j,
                -4.44315166e-03-1.03443967e-03j,
                 8.94770265e-03-3.28891691e-03j],
               [-1.14883129e-03+2.92453260e-03j,
                 6.63630619e-03-7.52713294e-02j,
                 1.31304314e-02-5.72394827e-03j,
                 1.98329633e-02+7.29141081e-02j,
                -7.30945621e-03-1.86845176e-03j,
                 7.55633085e-02+0.00000000e+00j,
                 1.75390015e-02+2.95848576e-02j,
                -7.08905464e-02+2.61599697e-02j,
                -1.00420366e-02-2.18708503e-02j,
                -1.55508630e-02+9.42049135e-02j,
                -3.81300152e-02+1.02870743e-01j,
                -1.80244689e-02-9.37630715e-02j,
                -9.55611904e-03+3.02313783e-03j,
                 9.24751566e-02+2.37642689e-02j,
                 4.05490581e-02+2.10589733e-02j,
                -9.49837571e-02+9.72013139e-03j],
               [ 8.78369783e-04+1.12860850e-03j,
                -2.79301875e-02-2.00695041e-02j,
                 8.06640985e-04-6.46946633e-03j,
                 3.31510614e-02+9.15901208e-03j,
                -2.42814200e-03+2.42814200e-03j,
                 1.75390015e-02-2.95848576e-02j,
                 1.56541633e-02+0.00000000e+00j,
                -6.21214754e-03+3.38273498e-02j,
                -1.08938227e-02-1.14474414e-03j,
                 3.32739843e-02+2.79544428e-02j,
                 3.14260181e-02+3.88061515e-02j,
                -4.08941637e-02-1.47063347e-02j,
                -1.03443967e-03+4.44315166e-03j,
                 3.07686954e-02-3.06903289e-02j,
                 1.76569388e-02-1.09879353e-02j,
                -1.82410165e-02+3.94445715e-02j],
               [ 2.09026002e-03-2.34595766e-03j,
                -3.22848102e-02+6.83191380e-02j,
                -1.43000855e-02+8.24237765e-04j,
                 6.63630619e-03-7.52713294e-02j,
                 6.21058967e-03+4.28343764e-03j,
                -7.08905464e-02-2.61599697e-02j,
                -6.21214754e-03-3.38273498e-02j,
                 7.55633085e-02+0.00000000e+00j,
                 1.84937214e-03+2.39949248e-02j,
                 4.72028943e-02-8.29956736e-02j,
                 7.13858784e-02-8.33087287e-02j,
                -1.55508630e-02+9.42049135e-02j,
                 1.00117863e-02+4.72132480e-04j,
                -7.85294072e-02-5.43095503e-02j,
                -3.07509402e-02-3.37947650e-02j,
                 9.24751566e-02+2.37642689e-02j],
               [-6.93794516e-04-7.21172508e-04j,
                 2.09044043e-02+1.19240293e-02j,
                -8.82525744e-05+4.56112636e-03j,
                -2.37397875e-02-3.94956724e-03j,
                 1.51219498e-03-1.86732112e-03j,
                -1.00420366e-02+2.18708503e-02j,
                -1.08938227e-02+1.14474414e-03j,
                 1.84937214e-03-2.39949248e-02j,
                 7.66478606e-03+0.00000000e+00j,
                -2.51997863e-02-1.70204271e-02j,
                -2.47073303e-02-2.47073303e-02j,
                 2.95339170e-02+7.24375021e-03j,
                 3.94957587e-04-3.16766053e-03j,
                -1.91678171e-02+2.36076038e-02j,
                -1.14840495e-02+8.93776905e-03j,
                 9.80956021e-03-2.87836186e-02j],
               [ 3.88244857e-03+8.30383793e-04j,
                -9.52066486e-02+7.21727905e-03j,
                -9.83828800e-03-1.51917490e-02j,
                 8.68205439e-02-3.97314512e-02j,
                -8.25122478e-04+9.49723802e-03j,
                -1.55508630e-02-9.42049135e-02j,
                 3.32739843e-02-2.79544428e-02j,
                 4.72028943e-02+8.29956736e-02j,
                -2.51997863e-02+1.70204271e-02j,
                 1.20645790e-01+0.00000000e+00j,
                 1.36096266e-01+2.63660497e-02j,
                -1.13185171e-01+4.17674964e-02j,
                 5.73559237e-03+1.12914718e-02j,
                 1.05956505e-02-1.20179611e-01j,
                 1.79092993e-02-5.48865024e-02j,
                 3.16656798e-02+1.16416027e-01j],
               [ 4.56112636e-03+8.82525744e-05j,
                -1.05821995e-01+2.89481129e-02j,
                -1.44182459e-02-1.49872078e-02j,
                 8.92562467e-02-6.37934975e-02j,
                 1.14474414e-03+1.08938227e-02j,
                -3.81300152e-02-1.02870743e-01j,
                 3.14260181e-02-3.88061515e-02j,
                 7.13858784e-02+8.33087287e-02j,
                -2.47073303e-02+2.47073303e-02j,
                 1.36096266e-01-2.63660497e-02j,
                 1.59287466e-01+0.00000000e+00j,
                -1.18552294e-01+7.18520400e-02j,
                 8.93776905e-03+1.14840495e-02j,
                -1.43115904e-02-1.37885969e-01j,
                 8.20789942e-03-6.58294458e-02j,
                 6.11626110e-02+1.24404571e-01j],
               [-3.35488335e-03-2.12313491e-03j,
                 9.18177788e-02+2.61895122e-02j,
                 3.97052384e-03+1.76583150e-02j,
                -9.52066486e-02+7.21727905e-03j,
                 4.06203551e-03-8.62428111e-03j,
                -1.80244689e-02+9.37630715e-02j,
                -4.08941637e-02+1.47063347e-02j,
                -1.55508630e-02-9.42049135e-02j,
                 2.95339170e-02-7.24375021e-03j,
                -1.13185171e-01-4.17674964e-02j,
                -1.18552294e-01-7.18520400e-02j,
                 1.20645790e-01+0.00000000e+00j,
                -1.47180847e-03-1.25788765e-02j,
                -5.15465311e-02+1.09079612e-01j,
                -3.58034780e-02+4.52921860e-02j,
                 1.05956505e-02-1.20179611e-01j],
               [ 2.62291768e-04-3.23888761e-04j,
                -3.85071725e-03+9.25368846e-03j,
                -1.88954471e-03+1.98557044e-04j,
                 4.08971502e-04-1.00145652e-02j,
                 8.49637843e-04+5.28730700e-04j,
                -9.55611904e-03-3.02313783e-03j,
                -1.03443967e-03-4.44315166e-03j,
                 1.00117863e-02-4.72132480e-04j,
                 3.94957587e-04+3.16766053e-03j,
                 5.73559237e-03-1.12914718e-02j,
                 8.93776905e-03-1.14840495e-02j,
                -1.47180847e-03+1.25788765e-02j,
                 1.32946499e-03+0.00000000e+00j,
                -1.07441159e-02-6.70509718e-03j,
                -4.28551176e-03-4.28551176e-03j,
                 1.24010106e-02+2.57085430e-03j],
               [-4.86201243e-04+3.94037466e-03j,
                -1.55508630e-02-9.42049135e-02j,
                 1.42690053e-02-1.11344796e-02j,
                 4.72028943e-02+8.29956736e-02j,
                -9.53300632e-03+1.21555515e-05j,
                 9.24751566e-02-2.37642689e-02j,
                 3.07686954e-02+3.06903289e-02j,
                -7.85294072e-02+5.43095503e-02j,
                -1.91678171e-02-2.36076038e-02j,
                 1.05956505e-02+1.20179611e-01j,
                -1.43115904e-02+1.37885969e-01j,
                -5.15465311e-02-1.09079612e-01j,
                -1.07441159e-02+6.70509718e-03j,
                 1.20645790e-01+0.00000000e+00j,
                 5.62472936e-02+1.30197202e-02j,
                -1.13185171e-01+4.17674964e-02j],
               [ 1.98557044e-04+1.88954471e-03j,
                -1.74164019e-02-4.22418680e-02j,
                 5.45087503e-03-6.73096672e-03j,
                 3.09634965e-02+3.36001243e-02j,
                -4.44315166e-03+1.03443967e-03j,
                 4.05490581e-02-2.10589733e-02j,
                 1.76569388e-02+1.09879353e-02j,
                -3.07509402e-02+3.37947650e-02j,
                -1.14840495e-02-8.93776905e-03j,
                 1.79092993e-02+5.48865024e-02j,
                 8.20789942e-03+6.58294458e-02j,
                -3.58034780e-02-4.52921860e-02j,
                -4.28551176e-03+4.28551176e-03j,
                 5.62472936e-02-1.30197202e-02j,
                 2.76285741e-02+0.00000000e+00j,
                -4.82615963e-02+3.16873708e-02j],
               [ 1.82029025e-03-3.52838314e-03j,
                -1.80244689e-02+9.37630715e-02j,
                -1.72413736e-02+5.50601346e-03j,
                -1.55508630e-02-9.42049135e-02j,
                 8.94770265e-03+3.28891691e-03j,
                -9.49837571e-02-9.72013139e-03j,
                -1.82410165e-02-3.94445715e-02j,
                 9.24751566e-02-2.37642689e-02j,
                 9.80956021e-03+2.87836186e-02j,
                 3.16656798e-02-1.16416027e-01j,
                 6.11626110e-02-1.24404571e-01j,
                 1.05956505e-02+1.20179611e-01j,
                 1.24010106e-02-2.57085430e-03j,
                -1.13185171e-01-4.17674964e-02j,
                -4.82615963e-02-3.16873708e-02j,
                 1.20645790e-01+0.00000000e+00j]],
              dims=(2, 2, 2, 2))","{'0100': 8, '0110': 53, '0000': 19, '0010': 176, '0001': 186, '0101': 206, '0011': 193, '0111': 183}","DensityMatrix([[ 5.39384304e-04-4.29808612e-18j,
                -2.93184655e-03+8.63674888e-04j,
                -5.67282100e-04-4.79728742e-04j,
                 2.46593532e-03-1.77626504e-03j,
                 1.58615546e-04+1.13954781e-03j,
                -1.10927690e-03-2.76464681e-03j,
                 9.25467982e-04-1.33701685e-03j,
                 1.97576732e-03+2.24787403e-03j,
                -1.73096871e-03+7.73000904e-04j,
                 3.67861957e-03-7.89731235e-04j,
                 4.52574004e-03-3.52537938e-05j,
                -3.18574163e-03+1.97092240e-03j,
                 2.38044427e-04+7.65270997e-04j,
                -4.76748223e-04-3.76232473e-03j,
                 2.11982189e-04-1.87462112e-03j,
                 1.74708167e-03+3.35609552e-03j],
               [-2.93184655e-03-8.63674888e-04j,
                 7.42471013e-02-9.96137179e-18j,
                 6.75968020e-03+1.20899510e-02j,
                -6.84116333e-02+2.49340345e-02j,
                 1.14733548e-03-7.14200146e-03j,
                 6.59658719e-03+7.33329678e-02j,
                -2.65372381e-02+1.93906718e-02j,
                -3.07094891e-02-6.54629591e-02j,
                 1.99736798e-02-1.11524900e-02j,
                -9.19827159e-02-6.71139072e-03j,
                -1.00299523e-01-2.75962567e-02j,
                 8.71447917e-02-2.46364063e-02j,
                -3.57958827e-03-8.84578294e-03j,
                -1.48667334e-02+9.12326639e-02j,
                -1.66700694e-02+4.01104005e-02j,
                -1.68572300e-02-8.92010413e-02j],
               [-5.67282100e-04+4.79728742e-04j,
                 6.75968020e-03-1.20899510e-02j,
                 3.62674196e-03-7.31175716e-18j,
                -2.20214292e-03+1.37248641e-02j,
                -1.25364440e-03-1.07024733e-03j,
                 1.25060285e-02+5.45028857e-03j,
                 1.02877165e-03+7.98174799e-03j,
                -1.36247498e-02-8.10708059e-04j,
                 9.57713379e-05-4.37999924e-03j,
                -9.28952607e-03+1.44051754e-02j,
                -1.52038137e-02+1.42871735e-02j,
                 3.75220390e-03-1.67440526e-02j,
                -1.80653173e-03-2.65063187e-04j,
                 1.35914419e-02+1.06130161e-02j,
                 5.16448003e-03+7.07401773e-03j,
                -1.65091421e-02-5.30409854e-03j],
               [ 2.46593532e-03+1.77626504e-03j,
                -6.84116333e-02-2.49340345e-02j,
                -2.20214292e-03-1.37248641e-02j,
                 7.43015366e-02+3.91058760e-18j,
                -3.48448203e-03+6.32437800e-03j,
                 1.85973122e-02-6.99204540e-02j,
                 3.16475718e-02-9.08788955e-03j,
                 6.59828610e-03+7.33365386e-02j,
                -2.25884254e-02+3.82764060e-03j,
                 8.25934325e-02+3.71751082e-02j,
                 8.47696991e-02+6.05649545e-02j,
                -9.19908156e-02-6.70837240e-03j,
                 3.50223939e-04+9.51768023e-03j,
                 4.45200481e-02-7.90684754e-02j,
                 2.95450759e-02-3.20000259e-02j,
                -1.48724659e-02+9.13003947e-02j],
               [ 1.58615546e-04-1.13954781e-03j,
                 1.14733548e-03+7.14200146e-03j,
                -1.25364440e-03+1.07024733e-03j,
                -3.48448203e-03-6.32437800e-03j,
                 2.83651399e-03-7.30127942e-18j,
                -7.04241734e-03+1.80877698e-03j,
                -2.98340927e-03-2.65743935e-03j,
                 6.01226345e-03-4.03569644e-03j,
                 1.36596724e-03+4.40087543e-03j,
                -8.22266506e-04-9.08352336e-03j,
                 1.25107734e-03-1.08311230e-02j,
                 3.83849071e-03+8.23967980e-03j,
                 1.86896404e-03-3.42357612e-04j,
                -9.10972517e-03+6.84412858e-06j,
                -4.39951744e-03-1.06911265e-03j,
                 8.59190310e-03-3.06297215e-03j],
               [-1.10927690e-03+2.76464681e-03j,
                 6.59658719e-03-7.33329678e-02j,
                 1.25060285e-02-5.45028857e-03j,
                 1.85973122e-02+6.99204540e-02j,
                -7.04241734e-03-1.80877698e-03j,
                 7.42705967e-02-9.96394977e-18j,
                 1.70510643e-02+2.82416005e-02j,
                -6.83900572e-02+2.49300925e-02j,
                -9.34586600e-03-2.09203270e-02j,
                -1.48874652e-02+9.13512626e-02j,
                -3.64223059e-02+9.75164845e-02j,
                -1.68769304e-02-8.92530261e-02j,
                -9.03790664e-03+2.79739579e-03j,
                 8.93564800e-02+2.28291543e-02j,
                 3.82271502e-02+2.00697580e-02j,
                -9.01837482e-02+8.77826630e-03j],
               [ 9.25467982e-04+1.33701685e-03j,
                -2.65372381e-02-1.93906718e-02j,
                 1.02877165e-03-7.98174799e-03j,
                 3.16475718e-02+9.08788955e-03j,
                -2.98340927e-03+2.65743935e-03j,
                 1.70510643e-02-2.82416005e-02j,
                 1.95810605e-02-1.07820806e-17j,
                -6.29915804e-03+3.24516339e-02j,
                -1.04173680e-02-1.56240099e-03j,
                 3.16510614e-02+2.66253358e-02j,
                 2.95315950e-02+4.05870558e-02j,
                -3.90320351e-02-1.41192358e-02j,
                -1.18035513e-03+4.22562153e-03j,
                 2.92999928e-02-2.91237122e-02j,
                 1.82744213e-02-1.00803520e-02j,
                -1.75296722e-02+3.75560571e-02j],
               [ 1.97576732e-03-2.24787403e-03j,
                -3.07094891e-02+6.54629591e-02j,
                -1.36247498e-02+8.10708059e-04j,
                 6.59828610e-03-7.33365386e-02j,
                 6.01226345e-03+4.03569644e-03j,
                -6.83900572e-02-2.49300925e-02j,
                -6.29915804e-03-3.24516339e-02j,
                 7.42328881e-02-2.37969570e-17j,
                 1.75336728e-03+2.27898547e-02j,
                 4.45560177e-02-7.91198494e-02j,
                 6.79180992e-02-7.90928340e-02j,
                -1.48686205e-02+9.12985656e-02j,
                 9.44664884e-03+4.16433452e-04j,
                -7.46382961e-02-5.12209414e-02j,
                -2.89741249e-02-3.20190714e-02j,
                 8.93625365e-02+2.28233575e-02j],
               [-1.73096871e-03-7.73000904e-04j,
                 1.99736798e-02+1.11524900e-02j,
                 9.57713379e-05+4.37999924e-03j,
                -2.25884254e-02-3.82764060e-03j,
                 1.36596724e-03-4.40087543e-03j,
                -9.34586600e-03+2.09203270e-02j,
                -1.04173680e-02+1.56240099e-03j,
                 1.75336728e-03-2.27898547e-02j,
                 1.19441829e-02-3.06788171e-17j,
                -2.43697818e-02-1.60081695e-02j,
                -2.45536889e-02-2.40079305e-02j,
                 2.81992619e-02+6.98434897e-03j,
                 6.55342522e-04-4.82169767e-03j,
                -1.81238792e-02+2.26729335e-02j,
                -1.11892876e-02+8.84471287e-03j,
                 9.45478463e-03-2.74132460e-02j],
               [ 3.67861957e-03+7.89731235e-04j,
                -9.19827159e-02+6.71139072e-03j,
                -9.28952607e-03-1.44051754e-02j,
                 8.25934325e-02-3.71751082e-02j,
                -8.22266506e-04+9.08352336e-03j,
                -1.48874652e-02-9.13512626e-02j,
                 3.16510614e-02-2.66253358e-02j,
                 4.45560177e-02+7.91198494e-02j,
                -2.43697818e-02+1.60081695e-02j,
                 1.18837879e-01-6.96438635e-18j,
                 1.29484213e-01+2.54949432e-02j,
                -1.08997536e-01+3.96683222e-02j,
                 5.30708748e-03+1.07447549e-02j,
                 1.05782747e-02-1.17352699e-01j,
                 1.72130382e-02-5.19219993e-02j,
                 2.95590115e-02+1.11455030e-01j],
               [ 4.52574004e-03+3.52537938e-05j,
                -1.00299523e-01+2.75962567e-02j,
                -1.52038137e-02-1.42871735e-02j,
                 8.47696991e-02-6.05649545e-02j,
                 1.25107734e-03+1.08311230e-02j,
                -3.64223059e-02-9.75164845e-02j,
                 2.95315950e-02-4.05870558e-02j,
                 6.79180992e-02+7.90928340e-02j,
                -2.45536889e-02+2.40079305e-02j,
                 1.29484213e-01-2.54949432e-02j,
                 1.59176180e-01+6.59647805e-18j,
                -1.12949844e-01+6.87600082e-02j,
                 8.59440189e-03+1.12979445e-02j,
                -1.37879504e-02-1.30881497e-01j,
                 8.29043141e-03-6.54375280e-02j,
                 5.81938477e-02+1.18289504e-01j],
               [-3.18574163e-03-1.97092240e-03j,
                 8.71447917e-02+2.46364063e-02j,
                 3.75220390e-03+1.67440526e-02j,
                -9.19908156e-02+6.70837240e-03j,
                 3.83849071e-03-8.23967980e-03j,
                -1.68769304e-02+8.92530261e-02j,
                -3.90320351e-02+1.41192358e-02j,
                -1.48686205e-02-9.12985656e-02j,
                 2.81992619e-02-6.98434897e-03j,
                -1.08997536e-01-3.96683222e-02j,
                -1.12949844e-01-6.87600082e-02j,
                 1.18800919e-01-6.95808167e-18j,
                -1.43844928e-03-1.19613537e-02j,
                -4.89089318e-02+1.04349196e-01j,
                -3.41042072e-02+4.28060787e-02j,
                 1.05909341e-02-1.17367581e-01j],
               [ 2.38044427e-04-7.65270997e-04j,
                -3.57958827e-03+8.84578294e-03j,
                -1.80653173e-03+2.65063187e-04j,
                 3.50223939e-04-9.51768023e-03j,
                 1.86896404e-03+3.42357612e-04j,
                -9.03790664e-03-2.79739579e-03j,
                -1.18035513e-03-4.22562153e-03j,
                 9.44664884e-03-4.16433452e-04j,
                 6.55342522e-04+4.82169767e-03j,
                 5.30708748e-03-1.07447549e-02j,
                 8.59440189e-03-1.12979445e-02j,
                -1.43844928e-03+1.19613537e-02j,
                 2.19674186e-03+2.30681362e-17j,
                -1.04218469e-02-6.29998518e-03j,
                -4.34057124e-03-4.20618315e-03j,
                 1.18526387e-02+2.48891185e-03j],
               [-4.76748223e-04+3.76232473e-03j,
                -1.48667334e-02-9.12326639e-02j,
                 1.35914419e-02-1.06130161e-02j,
                 4.45200481e-02+7.90684754e-02j,
                -9.10972517e-03-6.84412858e-06j,
                 8.93564800e-02-2.28291543e-02j,
                 2.92999928e-02+2.91237122e-02j,
                -7.46382961e-02+5.12209414e-02j,
                -1.81238792e-02-2.26729335e-02j,
                 1.05782747e-02+1.17352699e-01j,
                -1.37879504e-02+1.30881497e-01j,
                -4.89089318e-02-1.04349196e-01j,
                -1.04218469e-02+6.29998518e-03j,
                 1.18569998e-01-2.08307383e-17j,
                 5.36093458e-02+1.25675063e-02j,
                -1.08831976e-01+3.95918496e-02j],
               [ 2.11982189e-04+1.87462112e-03j,
                -1.66700694e-02-4.01104005e-02j,
                 5.16448003e-03-7.07401773e-03j,
                 2.95450759e-02+3.20000259e-02j,
                -4.39951744e-03+1.06911265e-03j,
                 3.82271502e-02-2.00697580e-02j,
                 1.82744213e-02+1.00803520e-02j,
                -2.89741249e-02+3.20190714e-02j,
                -1.11892876e-02-8.84471287e-03j,
                 1.72130382e-02+5.19219993e-02j,
                 8.29043141e-03+6.54375280e-02j,
                -3.41042072e-02-4.28060787e-02j,
                -4.34057124e-03+4.20618315e-03j,
                 5.36093458e-02-1.25675063e-02j,
                 2.81345140e-02-3.36171915e-19j,
                -4.61587013e-02+3.03770192e-02j],
               [ 1.74708167e-03-3.35609552e-03j,
                -1.68572300e-02+8.92010413e-02j,
                -1.65091421e-02+5.30409854e-03j,
                -1.48724659e-02-9.13003947e-02j,
                 8.59190310e-03+3.06297215e-03j,
                -9.01837482e-02-8.77826630e-03j,
                -1.75296722e-02-3.75560571e-02j,
                 8.93625365e-02-2.28233575e-02j,
                 9.45478463e-03+2.74132460e-02j,
                 2.95590115e-02-1.11455030e-01j,
                 5.81938477e-02-1.18289504e-01j,
                 1.05909341e-02+1.17367581e-01j,
                 1.18526387e-02-2.48891185e-03j,
                -1.08831976e-01-3.95918496e-02j,
                -4.61587013e-02-3.03770192e-02j,
                 1.18703761e-01+4.85066334e-17j]],
              dims=(2, 2, 2, 2))"
data/selected_mutant_qc/mutants_qpeexact_4/qpeexact_4_Mutant_Add_rzz_P10_Q2_[5.497787143782138].qasm,Quratest_10,"{'0101': 11, '0001': 22, '0111': 38, '0011': 71, '0110': 236, '0100': 212, '0010': 228, '0000': 206}","DensityMatrix([[ 0.03769355+0.00000000e+00j,  0.00169643+7.97686802e-03j,
                 0.03405757+1.77002643e-02j,  0.0146867 +3.59968070e-03j,
                 0.03364598-1.81537732e-02j,  0.00625298+9.88439010e-03j,
                 0.03892514-6.03039009e-04j,  0.02154584-2.47014826e-03j,
                 0.07188669-3.87866467e-02j,  0.01335988+2.11186039e-02j,
                 0.08316595-1.28842972e-03j,  0.04603399-5.27762283e-03j,
                 0.08053457-1.38777878e-17j,  0.00362453+1.70430663e-02j,
                 0.07276608+3.78176970e-02j,  0.03137904+7.69093796e-03j],
               [ 0.00169643-7.97686802e-03j,  0.00176445+0.00000000e+00j,
                 0.0052786 -6.41079061e-03j,  0.00142277-2.94605520e-03j,
                -0.00232751-7.93733061e-03j,  0.0023732 -8.78427339e-04j,
                 0.00162424-8.26464364e-03j,  0.00044695-4.67079181e-03j,
                -0.00497287-1.69585923e-02j,  0.00507048-1.87681373e-03j,
                 0.00347029-1.76579166e-02j,  0.00095493-9.97943234e-03j,
                 0.00362453-1.70430663e-02j,  0.00376985+4.33680869e-19j,
                 0.01127804-1.36970462e-02j,  0.00303983-6.29442710e-03j],
               [ 0.03405757-1.77002643e-02j,  0.0052786 +6.41079061e-03j,
                 0.03908407+0.00000000e+00j,  0.01496035-3.64418168e-03j,
                 0.02187572-3.22022237e-02j,  0.01029136+5.99462836e-03j,
                 0.03488719-1.88234697e-02j,  0.01830755-1.23494399e-02j,
                 0.04673882-6.88020203e-02j,  0.02198811+1.28078901e-02j,
                 0.07453861-4.02174941e-02j,  0.0391152 -2.63853337e-02j,
                 0.07276608-3.78176970e-02j,  0.01127804+1.36970462e-02j,
                 0.08350551-2.08166817e-17j,  0.0319637 -7.78601703e-03j],
               [ 0.0146867 -3.59968070e-03j,  0.00142277+2.94605520e-03j,
                 0.01496035+3.64418168e-03j,  0.00606621+0.00000000e+00j,
                 0.01137597-1.02864776e-02j,  0.00338032+3.25414697e-03j,
                 0.01510898-3.95226101e-03j,  0.0081591 -3.02005151e-03j,
                 0.02430546-2.19776884e-02j,  0.00722227+6.95268402e-03j,
                 0.03228127-8.44424735e-03j,  0.01743242-6.45252474e-03j,
                 0.03137904-7.69093796e-03j,  0.00303983+6.29442710e-03j,
                 0.0319637 +7.78601703e-03j,  0.01296083+0.00000000e+00j],
               [ 0.03364598+1.81537732e-02j, -0.00232751+7.93733061e-03j,
                 0.02187572+3.22022237e-02j,  0.01137597+1.02864776e-02j,
                 0.03877617+0.00000000e+00j,  0.00082106+1.18345249e-02j,
                 0.03503576+1.82086436e-02j,  0.02042188+8.17189298e-03j,
                 0.08284765+0.00000000e+00j,  0.00175425+2.52851861e-02j,
                 0.07485604+3.89038805e-02j,  0.0436326 +1.74597491e-02j,
                 0.07188669+3.87866467e-02j, -0.00497287+1.69585923e-02j,
                 0.04673882+6.88020203e-02j,  0.02430546+2.19776884e-02j],
               [ 0.00625298-9.88439010e-03j,  0.0023732 +8.78427339e-04j,
                 0.01029136-5.99462836e-03j,  0.00338032-3.25414697e-03j,
                 0.00082106-1.18345249e-02j,  0.00362929+0.00000000e+00j,
                 0.00629916-1.03073898e-02j,  0.00292649-6.05974349e-03j,
                 0.00175425-2.52851861e-02j,  0.00775421+1.95156391e-18j,
                 0.01345854-2.20223686e-02j,  0.00625263-1.29470126e-02j,
                 0.01335988-2.11186039e-02j,  0.00507048+1.87681373e-03j,
                 0.02198811-1.28078901e-02j,  0.00722227-6.95268402e-03j],
               [ 0.03892514+6.03039009e-04j,  0.00162424+8.26464364e-03j,
                 0.03488719+1.88234697e-02j,  0.01510898+3.95226101e-03j,
                 0.03503576-1.82086436e-02j,  0.00629916+1.03073898e-02j,
                 0.04020663+0.00000000e+00j,  0.02228934-2.20615729e-03j,
                 0.07485604-3.89038805e-02j,  0.01345854+2.20223686e-02j,
                 0.08590392-2.08166817e-17j,  0.04762254-4.71358996e-03j,
                 0.08316595+1.28842972e-03j,  0.00347029+1.76579166e-02j,
                 0.07453861+4.02174941e-02j,  0.03228127+8.44424735e-03j],
               [ 0.02154584+2.47014826e-03j,  0.00044695+4.67079181e-03j,
                 0.01830755+1.23494399e-02j,  0.0081591 +3.02005151e-03j,
                 0.02042188-8.17189298e-03j,  0.00292649+6.05974349e-03j,
                 0.02228934+2.20615729e-03j,  0.01247759+0.00000000e+00j,
                 0.0436326 -1.74597491e-02j,  0.00625263+1.29470126e-02j,
                 0.04762254+4.71358996e-03j,  0.02665913+5.20417043e-18j,
                 0.04603399+5.27762283e-03j,  0.00095493+9.97943234e-03j,
                 0.0391152 +2.63853337e-02j,  0.01743242+6.45252474e-03j],
               [ 0.07188669+3.87866467e-02j, -0.00497287+1.69585923e-02j,
                 0.04673882+6.88020203e-02j,  0.02430546+2.19776884e-02j,
                 0.08284765+0.00000000e+00j,  0.00175425+2.52851861e-02j,
                 0.07485604+3.89038805e-02j,  0.0436326 +1.74597491e-02j,
                 0.17700907+0.00000000e+00j,  0.00374807+5.40233464e-02j,
                 0.1599345 +8.31205199e-02j,  0.09322372+3.73038217e-02j,
                 0.15359031+8.28700426e-02j, -0.01062484+3.62330695e-02j,
                 0.09986035+1.46999724e-01j,  0.05193009+4.69566753e-02j],
               [ 0.01335988-2.11186039e-02j,  0.00507048+1.87681373e-03j,
                 0.02198811-1.28078901e-02j,  0.00722227-6.95268402e-03j,
                 0.00175425-2.52851861e-02j,  0.00775421-1.95156391e-18j,
                 0.01345854-2.20223686e-02j,  0.00625263-1.29470126e-02j,
                 0.00374807-5.40233464e-02j,  0.01656734+0.00000000e+00j,
                 0.02875499-4.70521373e-02j,  0.01335912-2.76620841e-02j,
                 0.02854421-4.51211888e-02j,  0.01083339+4.00992731e-03j,
                 0.04697895-2.73648405e-02j,  0.01543082-1.48548346e-02j],
               [ 0.08316595+1.28842972e-03j,  0.00347029+1.76579166e-02j,
                 0.07453861+4.02174941e-02j,  0.03228127+8.44424735e-03j,
                 0.07485604-3.89038805e-02j,  0.01345854+2.20223686e-02j,
                 0.08590392+2.08166817e-17j,  0.04762254-4.71358996e-03j,
                 0.1599345 -8.31205199e-02j,  0.02875499+4.70521373e-02j,
                 0.18353898+0.00000000e+00j,  0.10174846-1.00708732e-02j,
                 0.17768914+2.75280890e-03j,  0.0074145 +3.77272186e-02j,
                 0.15925629+8.59271357e-02j,  0.06897091+1.80416509e-02j],
               [ 0.04603399+5.27762283e-03j,  0.00095493+9.97943234e-03j,
                 0.0391152 +2.63853337e-02j,  0.01743242+6.45252474e-03j,
                 0.0436326 -1.74597491e-02j,  0.00625263+1.29470126e-02j,
                 0.04762254+4.71358996e-03j,  0.02665913-5.20417043e-18j,
                 0.09322372-3.73038217e-02j,  0.01335912+2.76620841e-02j,
                 0.10174846+1.00708732e-02j,  0.05695887+0.00000000e+00j,
                 0.09835444+1.12759639e-02j,  0.00204026+2.13216675e-02j,
                 0.08357201+5.63738790e-02j,  0.03724543+1.37862137e-02j],
               [ 0.08053457+1.38777878e-17j,  0.00362453+1.70430663e-02j,
                 0.07276608+3.78176970e-02j,  0.03137904+7.69093796e-03j,
                 0.07188669-3.87866467e-02j,  0.01335988+2.11186039e-02j,
                 0.08316595-1.28842972e-03j,  0.04603399-5.27762283e-03j,
                 0.15359031-8.28700426e-02j,  0.02854421+4.51211888e-02j,
                 0.17768914-2.75280890e-03j,  0.09835444-1.12759639e-02j,
                 0.17206704+0.00000000e+00j,  0.00774403+3.64135535e-02j,
                 0.15546918+8.07998225e-02j,  0.06704323+1.64321593e-02j],
               [ 0.00362453-1.70430663e-02j,  0.00376985-4.33680869e-19j,
                 0.01127804-1.36970462e-02j,  0.00303983-6.29442710e-03j,
                -0.00497287-1.69585923e-02j,  0.00507048-1.87681373e-03j,
                 0.00347029-1.76579166e-02j,  0.00095493-9.97943234e-03j,
                -0.01062484-3.62330695e-02j,  0.01083339-4.00992731e-03j,
                 0.0074145 -3.77272186e-02j,  0.00204026-2.13216675e-02j,
                 0.00774403-3.64135535e-02j,  0.00805452+0.00000000e+00j,
                 0.02409623-2.92645769e-02j,  0.00649478-1.34484284e-02j],
               [ 0.07276608-3.78176970e-02j,  0.01127804+1.36970462e-02j,
                 0.08350551+2.08166817e-17j,  0.0319637 -7.78601703e-03j,
                 0.04673882-6.88020203e-02j,  0.02198811+1.28078901e-02j,
                 0.07453861-4.02174941e-02j,  0.0391152 -2.63853337e-02j,
                 0.09986035-1.46999724e-01j,  0.04697895+2.73648405e-02j,
                 0.15925629-8.59271357e-02j,  0.08357201-5.63738790e-02j,
                 0.15546918-8.07998225e-02j,  0.02409623+2.92645769e-02j,
                 0.17841463+0.00000000e+00j,  0.06829241-1.66353015e-02j],
               [ 0.03137904-7.69093796e-03j,  0.00303983+6.29442710e-03j,
                 0.0319637 +7.78601703e-03j,  0.01296083+0.00000000e+00j,
                 0.02430546-2.19776884e-02j,  0.00722227+6.95268402e-03j,
                 0.03228127-8.44424735e-03j,  0.01743242-6.45252474e-03j,
                 0.05193009-4.69566753e-02j,  0.01543082+1.48548346e-02j,
                 0.06897091-1.80416509e-02j,  0.03724543-1.37862137e-02j,
                 0.06704323-1.64321593e-02j,  0.00649478+1.34484284e-02j,
                 0.06829241+1.66353015e-02j,  0.0276916 +0.00000000e+00j]],
              dims=(2, 2, 2, 2))","{'0001': 27, '0100': 213, '0111': 60, '0011': 49, '0101': 15, '0110': 216, '0000': 220, '0010': 224}","DensityMatrix([[ 0.03767253-5.05903118e-18j,  0.00167111+7.82218155e-03j,
                 0.03329296+1.73462014e-02j,  0.01432595+3.56260020e-03j,
                 0.03328933-1.78623506e-02j,  0.00610005+9.57063061e-03j,
                 0.03767033-4.86726730e-04j,  0.0208064 -2.43336346e-03j,
                 0.07054802-3.78601678e-02j,  0.01290342+2.02498286e-02j,
                 0.0798039 -1.02898112e-03j,  0.0440272 -5.07020882e-03j,
                 0.07896585+1.35743691e-05j,  0.00352912+1.63824204e-02j,
                 0.06981446+3.63661601e-02j,  0.03004438+7.35036946e-03j],
               [ 0.00167111-7.82218155e-03j,  0.00221114-7.90532860e-18j,
                 0.00509241-6.26686863e-03j,  0.00139511-2.89049578e-03j,
                -0.00219108-7.71301118e-03j,  0.00289947-1.06564660e-03j,
                 0.00157715-7.95263578e-03j,  0.00040201-4.50969829e-03j,
                -0.00464955-1.63207470e-02j,  0.00616777-2.25757938e-03j,
                 0.00331197-1.68364616e-02j,  0.00088868-9.53700516e-03j,
                 0.00353077-1.63815664e-02j,  0.00458155-7.28160523e-07j,
                 0.01070028-1.31134978e-02j,  0.00288591-6.05046294e-03j],
               [ 0.03329296-1.73462014e-02j,  0.00509241+6.26686863e-03j,
                 0.03900494-5.50782693e-18j,  0.01463988-3.44689670e-03j,
                 0.02119352-3.11433086e-02j,  0.00989196+5.79405728e-03j,
                 0.03447069-1.84985263e-02j,  0.0177169 -1.18973335e-02j,
                 0.04488837-6.60093847e-02j,  0.02091597+1.22662736e-02j,
                 0.07303806-3.92019623e-02j,  0.03751634-2.51082770e-02j,
                 0.06982154-3.63488782e-02j,  0.01070073+1.31146624e-02j,
                 0.08176826+5.44730474e-06j,  0.03064676-7.34133019e-03j],
               [ 0.01432595-3.56260020e-03j,  0.00139511+2.89049578e-03j,
                 0.01463988+3.44689670e-03j,  0.006454  -2.92634225e-18j,
                 0.01104754-9.86120671e-03j,  0.0032476 +3.16924626e-03j,
                 0.01460848-3.78902910e-03j,  0.00849796-3.13323236e-03j,
                 0.02334074-2.09591045e-02j,  0.00689184+6.69404091e-03j,
                 0.03091064-8.10735894e-03j,  0.01805327-6.63168868e-03j,
                 0.03006197-7.33533597e-03j,  0.00288476+6.04878176e-03j,
                 0.03065497+7.36048961e-03j,  0.01341668+3.87860384e-06j],
               [ 0.03328933+1.78623506e-02j, -0.00219108+7.71301118e-03j,
                 0.02119352+3.11433086e-02j,  0.01104754+9.86120671e-03j,
                 0.03861177+1.57272966e-17j,  0.00083483+1.15092110e-02j,
                 0.03412383+1.77803322e-02j,  0.0197909 +7.90550809e-03j,
                 0.08119747+1.88342496e-05j,  0.00175451+2.42721514e-02j,
                 0.07178108+3.74018609e-02j,  0.04175283+1.66402285e-02j,
                 0.07050199+3.78861742e-02j, -0.00467439+1.63011531e-02j,
                 0.04483858+6.60181888e-02j,  0.0233006 +2.09491498e-02j],
               [ 0.00610005-9.57063061e-03j,  0.00289947+1.06564660e-03j,
                 0.00989196-5.79405728e-03j,  0.0032476 -3.16924626e-03j,
                 0.00083483-1.15092110e-02j,  0.00446059-9.21180208e-18j,
                 0.006045  -9.97181841e-03j,  0.00280617-5.88181921e-03j,
                 0.00175742-2.42703910e-02j,  0.00935748+1.45794528e-07j,
                 0.01275692-2.10220780e-02j,  0.00589212-1.24287373e-02j,
                 0.01289177-2.02315315e-02j,  0.00616186+2.25985014e-03j,
                 0.02089896-1.22572622e-02j,  0.0068802 -6.68384993e-03j],
               [ 0.03767033+4.86726730e-04j,  0.00157715+7.95263578e-03j,
                 0.03447069+1.84985263e-02j,  0.01460848+3.78902910e-03j,
                 0.03412383-1.77803322e-02j,  0.006045  +9.97181841e-03j,
                 0.03997824+8.32534677e-18j,  0.0216104 -2.05874972e-03j,
                 0.07180709-3.73694885e-02j,  0.01275525+2.10264946e-02j,
                 0.08407284+2.25945939e-05j,  0.04558409-4.37822395e-03j,
                 0.07977807+1.06613671e-03j,  0.00328297+1.68316496e-02j,
                 0.07300209+3.92288844e-02j,  0.03087348+8.11393859e-03j],
               [ 0.0208064 +2.43336346e-03j,  0.00040201+4.50969829e-03j,
                 0.0177169 +1.18973335e-02j,  0.00849796+3.13323236e-03j,
                 0.0197909 -7.90550809e-03j,  0.00280617+5.88181921e-03j,
                 0.0216104 +2.05874972e-03j,  0.01305533-5.52993473e-18j,
                 0.04173966-1.66168600e-02j,  0.00588862+1.24281574e-02j,
                 0.04555856+4.39399632e-03j,  0.02746767+6.46332633e-06j,
                 0.04398796+5.10317028e-03j,  0.00087105+9.52967417e-03j,
                 0.03747006+2.51215255e-02j,  0.01801637+6.63834080e-03j],
               [ 0.07054802+3.78601678e-02j, -0.00464955+1.63207470e-02j,
                 0.04488837+6.60093847e-02j,  0.02334074+2.09591045e-02j,
                 0.08119747-1.88342496e-05j,  0.00175742+2.42703910e-02j,
                 0.07180709+3.73694885e-02j,  0.04173966+1.66168600e-02j,
                 0.1744796 +6.59047261e-17j,  0.00385135+5.20826062e-02j,
                 0.15419266+8.03293675e-02j,  0.08960557+3.57295400e-02j,
                 0.15091656+8.11692877e-02j, -0.01004508+3.49321409e-02j,
                 0.09600222+1.41352472e-01j,  0.04992831+4.48621093e-02j],
               [ 0.01290342-2.02498286e-02j,  0.00616777+2.25757938e-03j,
                 0.02091597-1.22662736e-02j,  0.00689184-6.69404091e-03j,
                 0.00175451-2.42721514e-02j,  0.00935748-1.45794528e-07j,
                 0.01275525-2.10264946e-02j,  0.00588862-1.24281574e-02j,
                 0.00385135-5.20826062e-02j,  0.02018499+4.74644816e-18j,
                 0.02741585-4.50869629e-02j,  0.01272513-2.66194685e-02j,
                 0.02760349-4.33623390e-02j,  0.01313764+4.83096200e-03j,
                 0.04478655-2.62680393e-02j,  0.01471685-1.43650820e-02j],
               [ 0.0798039 +1.02898112e-03j,  0.00331197+1.68364616e-02j,
                 0.07303806+3.92019623e-02j,  0.03091064+8.10735894e-03j,
                 0.07178108-3.74018609e-02j,  0.01275692+2.10220780e-02j,
                 0.08407284-2.25945939e-05j,  0.04555856-4.39399632e-03j,
                 0.15419266-8.03293675e-02j,  0.02741585+4.50869629e-02j,
                 0.18062581+3.98934102e-17j,  0.09780207-9.37237779e-03j,
                 0.17084092+2.36516066e-03j,  0.00703617+3.60696601e-02j,
                 0.15626106+8.40315285e-02j,  0.06615478+1.73839264e-02j],
               [ 0.0440272 +5.07020882e-03j,  0.00088868+9.53700516e-03j,
                 0.03751634+2.51082770e-02j,  0.01805327+6.63168868e-03j,
                 0.04175283-1.66402285e-02j,  0.00589212+1.24287373e-02j,
                 0.04558409+4.37822395e-03j,  0.02746767-6.46332633e-06j,
                 0.08960557-3.57295400e-02j,  0.01272513+2.66194685e-02j,
                 0.09780207+9.37237779e-03j,  0.05912659-3.07958816e-17j,
                 0.09430751+1.09559086e-02j,  0.00181684+2.04418253e-02j,
                 0.08033861+5.38588890e-02j,  0.03852945+1.42040222e-02j],
               [ 0.07896585-1.35743691e-05j,  0.00353077+1.63815664e-02j,
                 0.06982154+3.63488782e-02j,  0.03006197+7.33533597e-03j,
                 0.07050199-3.78861742e-02j,  0.01289177+2.02315315e-02j,
                 0.07977807-1.06613671e-03j,  0.04398796-5.10317028e-03j,
                 0.15091656-8.11692877e-02j,  0.02760349+4.33623390e-02j,
                 0.17084092-2.36516066e-03j,  0.09430751-1.09559086e-02j,
                 0.16965464+2.43089111e-17j,  0.00758781+3.51568084e-02j,
                 0.14993842+7.81343679e-02j,  0.06446758+1.57836482e-02j],
               [ 0.00352912-1.63824204e-02j,  0.00458155+7.28160523e-07j,
                 0.01070073-1.31146624e-02j,  0.00288476-6.04878176e-03j,
                -0.00467439-1.63011531e-02j,  0.00616186-2.25985014e-03j,
                 0.00328297-1.68316496e-02j,  0.00087105-9.52967417e-03j,
                -0.01004508-3.49321409e-02j,  0.01313764-4.83096200e-03j,
                 0.00703617-3.60696601e-02j,  0.00181684-2.04418253e-02j,
                 0.00758781-3.51568084e-02j,  0.0099123 -9.12295058e-18j,
                 0.02296127-2.81347308e-02j,  0.00622758-1.29543442e-02j],
               [ 0.06981446-3.63661601e-02j,  0.01070028+1.31134978e-02j,
                 0.08176826-5.44730474e-06j,  0.03065497-7.36048961e-03j,
                 0.04483858-6.60181888e-02j,  0.02089896+1.22572622e-02j,
                 0.07300209-3.92288844e-02j,  0.03747006-2.51215255e-02j,
                 0.09600222-1.41352472e-01j,  0.04478655+2.62680393e-02j,
                 0.15626106-8.40315285e-02j,  0.08033861-5.38588890e-02j,
                 0.14993842-7.81343679e-02j,  0.02296127+2.81347308e-02j,
                 0.17568362-2.94534766e-17j,  0.06577359-1.57413781e-02j],
               [ 0.03004438-7.35036946e-03j,  0.00288591+6.05046294e-03j,
                 0.03064676+7.34133019e-03j,  0.01341668-3.87860384e-06j,
                 0.0233006 -2.09491498e-02j,  0.0068802 +6.68384993e-03j,
                 0.03087348-8.11393859e-03j,  0.01801637-6.63834080e-03j,
                 0.04992831-4.48621093e-02j,  0.01471685+1.43650820e-02j,
                 0.06615478-1.73839264e-02j,  0.03852945-1.42040222e-02j,
                 0.06446758-1.57836482e-02j,  0.00622758+1.29543442e-02j,
                 0.06577359+1.57413781e-02j,  0.02888392-3.77321883e-17j]],
              dims=(2, 2, 2, 2))"
data/selected_mutant_qc/mutants_qpeexact_4/qpeexact_4_Mutant_Add_rzz_P10_Q2_[5.497787143782138].qasm,Quratest_11,"{'0110': 7, '0010': 11, '0000': 196, '0101': 78, '0001': 186, '0100': 143, '0111': 131, '0011': 272}","DensityMatrix([[ 1.61248139e-01+0.00000000e+00j,
                -1.39712134e-01-8.83188247e-02j,
                -1.67934860e-02+2.66562397e-02j,
                 1.97430261e-01-5.06592732e-02j,
                 4.50572142e-03+1.07430039e-01j,
                 1.46516658e-02-2.93969554e-02j,
                -1.82287229e-02-1.04436509e-02j,
                 1.39849132e-02+3.80135932e-02j,
                 7.27834380e-02-5.50610212e-06j,
                -1.94665706e-02-1.07413876e-02j,
                -7.57925567e-03+1.20325434e-02j,
                 2.61048875e-02-8.38180851e-03j,
                 4.56554693e-03-1.09053510e-01j,
                -6.36865651e-02+9.19878822e-02j,
                 1.75523579e-02+1.21123190e-02j,
                -2.86713040e-02-1.34958148e-01j],
               [-1.39712134e-01+8.83188247e-02j,
                 1.69426421e-01+0.00000000e+00j,
                -4.95757252e-05-3.22942087e-02j,
                -1.43314743e-01+1.52029809e-01j,
                -6.27455227e-02-9.06140071e-02j,
                 3.40648308e-03+3.34957618e-02j,
                 2.15143242e-02-9.35419352e-04j,
                -3.29379177e-02-2.52767514e-02j,
                -6.30595999e-02+3.98697126e-02j,
                 2.27499236e-02-1.35544177e-03j,
                -2.34800039e-05-1.45768086e-02j,
                -1.80274828e-02+2.15605175e-02j,
                 5.57750034e-02+9.69891646e-02j,
                 4.79710513e-03-1.14584553e-01j,
                -2.18422561e-02-8.80843148e-04j,
                 9.87612890e-02+1.01229540e-01j],
               [-1.67934860e-02-2.66562397e-02j,
                -4.95757252e-05+3.22942087e-02j,
                 6.15558287e-03+0.00000000e+00j,
                -2.89363218e-02-2.73615719e-02j,
                 1.72902095e-02-1.19333498e-02j,
                -6.38559201e-03+6.39505328e-04j,
                 1.72004103e-04+4.10109855e-03j,
                 4.82761543e-03-6.27086890e-03j,
                -7.58107612e-03-1.20313965e-02j,
                 2.51702629e-04+4.33673788e-03j,
                 2.77847847e-03-2.10193234e-07j,
                -4.10435470e-03-3.44251013e-03j,
                -1.85033325e-02+1.06028403e-02j,
                 2.18394487e-02+9.47900130e-04j,
                 1.74287918e-04-4.16307388e-03j,
                -1.93241646e-02+1.87951745e-02j],
               [ 1.97430261e-01+5.06592732e-02j,
                -1.43314743e-01-1.52029809e-01j,
                -2.89363218e-02+2.73615719e-02j,
                 2.57646818e-01+0.00000000e+00j,
                -2.82345085e-02+1.32951595e-01j,
                 2.71749529e-02-3.13901659e-02j,
                -1.90379484e-02-1.85139908e-02j,
                 5.18024002e-03+5.09370167e-02j,
                 8.91168865e-02+2.28596064e-02j,
                -2.04600143e-02-1.92674302e-02j,
                -1.30602086e-02+1.23513277e-02j,
                 3.45958168e-02-2.06122078e-03j,
                 3.98513043e-02-1.32089435e-01j,
                -1.06876858e-01+9.26204580e-02j,
                 1.76855704e-02+2.03445944e-02j,
                 7.29495946e-03-1.74248769e-01j],
               [ 4.50572142e-03-1.07430039e-01j,
                -6.27455227e-02+9.06140071e-02j,
                 1.72902095e-02+1.19333498e-02j,
                -2.82345085e-02-1.32951595e-01j,
                 7.17001446e-02+0.00000000e+00j,
                -1.91760337e-02-1.05829657e-02j,
                -7.46734430e-03+1.18528886e-02j,
                 2.57169723e-02-8.25510993e-03j,
                 2.03010327e-03-4.84914273e-02j,
                -7.70029743e-03+1.26692733e-02j,
                 7.80478213e-03+5.38582974e-03j,
                -4.85485706e-03-1.76263441e-02j,
                -7.25282899e-02-6.08901055e-03j,
                 5.95064720e-02+4.50009656e-02j,
                 8.56017905e-03-1.13556396e-02j,
                -9.07157387e-02+1.53308777e-02j],
               [ 1.46516658e-02+2.93969554e-02j,
                 3.40648308e-03-3.34957618e-02j,
                -6.38559201e-03-6.39505328e-04j,
                 2.71749529e-02+3.13901659e-02j,
                -1.91760337e-02+1.05829657e-02j,
                 6.69063407e-03+0.00000000e+00j,
                 2.47633145e-04-4.27220951e-03j,
                -5.65948625e-03+6.00364342e-03j,
                 6.61440482e-03+1.32685612e-02j,
                 1.89437248e-04-4.52493363e-03j,
                -2.88232077e-03-2.88438904e-04j,
                 3.90007438e-03+3.99754539e-03j,
                 2.02962592e-02-9.07670876e-03j,
                -2.25570227e-02-3.25222611e-03j,
                -6.13303329e-04+4.30052423e-03j,
                 2.19988665e-02-1.74898807e-02j],
               [-1.82287229e-02+1.04436509e-02j,
                 2.15143242e-02+9.35419352e-04j,
                 1.72004103e-04-4.10109855e-03j,
                -1.90379484e-02+1.85139908e-02j,
                -7.46734430e-03-1.18528886e-02j,
                 2.47633145e-04+4.27220951e-03j,
                 2.73712418e-03+0.00000000e+00j,
                -4.04300977e-03-3.39157839e-03j,
                -8.22763986e-03+4.71462920e-03j,
                 2.89634364e-03-4.65139669e-05j,
                 7.74983758e-05-1.85114074e-03j,
                -2.40822672e-03+2.63829398e-03j,
                 6.54700699e-03+1.26239422e-02j,
                 1.24178438e-03-1.45238381e-02j,
                -2.76873830e-03-2.32445529e-04j,
                 1.19821354e-02+1.33997304e-02j],
               [ 1.39849132e-02-3.80135932e-02j,
                -3.29379177e-02+2.52767514e-02j,
                 4.82761543e-03+6.27086890e-03j,
                 5.18024002e-03-5.09370167e-02j,
                 2.57169723e-02+8.25510993e-03j,
                -5.65948625e-03-6.00364342e-03j,
                -4.04300977e-03+3.39157839e-03j,
                 1.01744496e-02+0.00000000e+00j,
                 6.31114728e-03-1.71588771e-02j,
                -4.22055746e-03+3.65757352e-03j,
                 2.17928082e-03+2.83035090e-03j,
                 2.88077290e-04-6.88106816e-03j,
                -2.53129555e-02-1.05344268e-02j,
                 1.61622879e-02+2.29918791e-02j,
                 4.37773094e-03-3.08740593e-03j,
                -3.43024723e-02-4.94566139e-03j],
               [ 7.27834380e-02+5.50610212e-06j,
                -6.30595999e-02-3.98697126e-02j,
                -7.58107612e-03+1.20313965e-02j,
                 8.91168865e-02-2.28596064e-02j,
                 2.03010327e-03+4.84914273e-02j,
                 6.61440482e-03-1.32685612e-02j,
                -8.22763986e-03-4.71462920e-03j,
                 6.31114728e-03+1.71588771e-02j,
                 3.28526512e-02+0.00000000e+00j,
                -8.78636368e-03-4.84906247e-03j,
                -3.42150018e-03+5.43093488e-03j,
                 1.17833894e-02-3.78245049e-03j,
                 2.06449924e-03-4.92239121e-02j,
                -2.87496878e-02+4.15188894e-02j,
                 7.92228837e-03+5.46780179e-03j,
                -1.29369120e-02-6.09177626e-02j],
               [-1.94665706e-02+1.07413876e-02j,
                 2.27499236e-02+1.35544177e-03j,
                 2.51702629e-04-4.33673788e-03j,
                -2.04600143e-02+1.92674302e-02j,
                -7.70029743e-03-1.26692733e-02j,
                 1.89437248e-04+4.52493363e-03j,
                 2.89634364e-03+4.65139669e-05j,
                -4.22055746e-03-3.65757352e-03j,
                -8.78636368e-03+4.84906247e-03j,
                 3.06561540e-03+0.00000000e+00j,
                 1.13464281e-04-1.95750524e-03j,
                -2.59314858e-03+2.75083969e-03j,
                 6.71332070e-03+1.34695394e-02j,
                 1.56083368e-03-1.53475922e-02j,
                -2.92584664e-03-2.93018175e-04j,
                 1.24514289e-02+1.43828186e-02j],
               [-7.57925567e-03-1.20325434e-02j,
                -2.34800039e-05+1.45768086e-02j,
                 2.77847847e-03+2.10193234e-07j,
                -1.30602086e-02-1.23513277e-02j,
                 7.80478213e-03-5.38582974e-03j,
                -2.88232077e-03+2.88438904e-04j,
                 7.74983758e-05+1.85114074e-03j,
                 2.17928082e-03-2.83035090e-03j,
                -3.42150018e-03-5.43093488e-03j,
                 1.13464281e-04+1.95750524e-03j,
                 1.25413675e-03+0.00000000e+00j,
                -1.85248706e-03-1.55400442e-03j,
                -8.35231056e-03+4.78522912e-03j,
                 9.85775681e-03+4.28604515e-04j,
                 7.88114283e-05-1.87910305e-03j,
                -8.72309369e-03+8.48301893e-03j],
               [ 2.61048875e-02+8.38180851e-03j,
                -1.80274828e-02-2.15605175e-02j,
                -4.10435470e-03+3.44251013e-03j,
                 3.45958168e-02+2.06122078e-03j,
                -4.85485706e-03+1.76263441e-02j,
                 3.90007438e-03-3.99754539e-03j,
                -2.40822672e-03-2.63829398e-03j,
                 2.88077290e-04+6.88106816e-03j,
                 1.17833894e-02+3.78245049e-03j,
                -2.59314858e-03-2.75083969e-03j,
                -1.85248706e-03+1.55400442e-03j,
                 4.66188242e-03+0.00000000e+00j,
                 6.40781798e-03-1.74176402e-02j,
                -1.50919908e-02+1.15816823e-02j,
                 2.21198949e-03+2.87328108e-03j,
                 2.37356033e-03-2.33390888e-02j],
               [ 4.56554693e-03+1.09053510e-01j,
                 5.57750034e-02-9.69891646e-02j,
                -1.85033325e-02-1.06028403e-02j,
                 3.98513043e-02+1.32089435e-01j,
                -7.25282899e-02+6.08901055e-03j,
                 2.02962592e-02+9.07670876e-03j,
                 6.54700699e-03-1.26239422e-02j,
                -2.53129555e-02+1.05344268e-02j,
                 2.06449924e-03+4.92239121e-02j,
                 6.71332070e-03-1.34695394e-02j,
                -8.35231056e-03-4.78522912e-03j,
                 6.40781798e-03+1.74176402e-02j,
                 7.38830990e-02+0.00000000e+00j,
                -6.40154080e-02-4.04672482e-02j,
                -7.69469213e-03+1.22137570e-02j,
                 9.04615681e-02-2.32118281e-02j],
               [-6.36865651e-02-9.19878822e-02j,
                 4.79710513e-03+1.14584553e-01j,
                 2.18394487e-02-9.47900130e-04j,
                -1.06876858e-01-9.26204580e-02j,
                 5.95064720e-02-4.50009656e-02j,
                -2.25570227e-02+3.25222611e-03j,
                 1.24178438e-03+1.45238381e-02j,
                 1.61622879e-02-2.29918791e-02j,
                -2.87496878e-02-4.15188894e-02j,
                 1.56083368e-03+1.53475922e-02j,
                 9.85775681e-03-4.28604515e-04j,
                -1.50919908e-02-1.15816823e-02j,
                -6.40154080e-02+4.04672482e-02j,
                 7.76303472e-02+0.00000000e+00j,
                -2.27153518e-05-1.47970465e-02j,
                -6.56661056e-02+6.96593056e-02j],
               [ 1.75523579e-02-1.21123190e-02j,
                -2.18422561e-02+8.80843148e-04j,
                 1.74287918e-04+4.16307388e-03j,
                 1.76855704e-02-2.03445944e-02j,
                 8.56017905e-03+1.13556396e-02j,
                -6.13303329e-04-4.30052423e-03j,
                -2.76873830e-03+2.32445529e-04j,
                 4.37773094e-03+3.08740593e-03j,
                 7.92228837e-03-5.46780179e-03j,
                -2.92584664e-03+2.93018175e-04j,
                 7.88114283e-05+1.87910305e-03j,
                 2.21198949e-03-2.87328108e-03j,
                -7.69469213e-03-1.22137570e-02j,
                -2.27153518e-05+1.47970465e-02j,
                 2.82045759e-03+0.00000000e+00j,
                -1.32584794e-02-1.25369368e-02j],
               [-2.86713040e-02+1.34958148e-01j,
                 9.87612890e-02-1.01229540e-01j,
                -1.93241646e-02-1.87951745e-02j,
                 7.29495946e-03+1.74248769e-01j,
                -9.07157387e-02-1.53308777e-02j,
                 2.19988665e-02+1.74898807e-02j,
                 1.19821354e-02-1.33997304e-02j,
                -3.43024723e-02+4.94566139e-03j,
                -1.29369120e-02+6.09177626e-02j,
                 1.24514289e-02-1.43828186e-02j,
                -8.72309369e-03-8.48301893e-03j,
                 2.37356033e-03+2.33390888e-02j,
                 9.04615681e-02+2.32118281e-02j,
                -6.56661056e-02-6.96593056e-02j,
                -1.32584794e-02+1.25369368e-02j,
                 1.18052496e-01+0.00000000e+00j]],
              dims=(2, 2, 2, 2))","{'0110': 11, '0101': 88, '0111': 126, '0011': 233, '0010': 17, '0000': 201, '0100': 158, '0001': 190}","DensityMatrix([[ 1.59007146e-01-3.46935553e-17j,
                -1.34294236e-01-8.48654605e-02j,
                -1.63188203e-02+2.57515926e-02j,
                 1.89128823e-01-4.80593609e-02j,
                 4.57767121e-03+1.05378295e-01j,
                 1.38162381e-02-2.80615471e-02j,
                -1.75428021e-02-1.00571297e-02j,
                 1.33336167e-02+3.60542253e-02j,
                 7.11767739e-02-5.04144749e-05j,
                -1.84854607e-02-1.01439039e-02j,
                -7.29460883e-03+1.15452882e-02j,
                 2.47173557e-02-7.94005975e-03j,
                 4.45876961e-03-1.06856880e-01j,
                -6.08653077e-02+8.79658439e-02j,
                 1.68691256e-02+1.16996891e-02j,
                -2.70310709e-02-1.28624294e-01j],
               [-1.34294236e-01+8.48654605e-02j,
                 1.68538040e-01-8.94742780e-19j,
                 1.39601626e-04-3.09018453e-02j,
                -1.37799304e-01+1.45180906e-01j,
                -6.02745190e-02-8.68736728e-02j,
                 3.52911800e-03+3.31531881e-02j,
                 2.05955455e-02-7.77559907e-04j,
                -3.14214744e-02-2.41223600e-02j,
                -6.03049964e-02+3.81473391e-02j,
                 2.24529656e-02-1.34501276e-03j,
                 3.26070833e-05-1.38782549e-02j,
                -1.71694746e-02+2.05261878e-02j,
                 5.33243843e-02+9.27403848e-02j,
                 4.73088611e-03-1.13244433e-01j,
                -2.08316578e-02-9.78026169e-04j,
                 9.38365253e-02+9.68373407e-02j],
               [-1.63188203e-02-2.57515926e-02j,
                 1.39601626e-04+3.09018453e-02j,
                 1.04745034e-02+2.57706658e-18j,
                -2.80351570e-02-2.64481025e-02j,
                 1.65759500e-02-1.15845887e-02j,
                -5.99073295e-03+6.82057071e-04j,
                 3.42897104e-04+6.76119989e-03j,
                 4.57389102e-03-5.99086568e-03j,
                -7.32940984e-03-1.15222454e-02j,
                 3.03888819e-04+4.10422883e-03j,
                 4.55267596e-03+2.13951976e-05j,
                -3.87504939e-03-3.28214412e-03j,
                -1.77597754e-02+1.02514604e-02j,
                 2.08209613e-02+7.52561675e-04j,
                 2.84397404e-04-6.86764115e-03j,
                -1.85770551e-02+1.80782165e-02j],
               [ 1.89128823e-01+4.80593609e-02j,
                -1.37799304e-01-1.45180906e-01j,
                -2.80351570e-02+2.64481025e-02j,
                 2.52820043e-01+1.34122678e-17j,
                -2.65321349e-02+1.27206574e-01j,
                 2.57839867e-02-3.01840440e-02j,
                -1.84150928e-02-1.78147125e-02j,
                 5.25680063e-03+4.97435919e-02j,
                 8.49735423e-02+2.14991658e-02j,
                -1.95980067e-02-1.82046508e-02j,
                -1.25702140e-02+1.19004705e-02j,
                 3.36837839e-02-2.04944677e-03j,
                 3.76539762e-02-1.25958245e-01j,
                -1.01592973e-01+8.86975914e-02j,
                 1.70347133e-02+1.95770621e-02j,
                 7.08326019e-03-1.69981328e-01j],
               [ 4.57767121e-03-1.05378295e-01j,
                -6.02745190e-02+8.68736728e-02j,
                 1.65759500e-02+1.15845887e-02j,
                -2.65321349e-02-1.27206574e-01j,
                 7.11519080e-02+6.93322082e-18j,
                -1.88541962e-02-1.04154757e-02j,
                -7.31416807e-03+1.15542026e-02j,
                 2.50814321e-02-8.00827762e-03j,
                 1.99046160e-03-4.76676779e-02j,
                -7.43330837e-03+1.22643644e-02j,
                 7.53281169e-03+5.22426363e-03j,
                -4.64460451e-03-1.69653904e-02j,
                -7.09253601e-02-5.97687849e-03j,
                 5.69032063e-02+4.30298106e-02j,
                 8.26411737e-03-1.08717836e-02j,
                -8.64396031e-02+1.43457968e-02j],
               [ 1.38162381e-02+2.80615471e-02j,
                 3.52911800e-03-3.31531881e-02j,
                -5.99073295e-03-6.82057071e-04j,
                 2.57839867e-02+3.01840440e-02j,
                -1.88541962e-02+1.04154757e-02j,
                 7.38417845e-03-8.93302930e-19j,
                 2.54188129e-04-4.17685013e-03j,
                -5.77446330e-03+6.14466921e-03j,
                 6.36060619e-03+1.28155719e-02j,
                 2.02320573e-04-4.67820242e-03j,
                -2.81873253e-03-2.72144206e-04j,
                 3.84729090e-03+3.97306661e-03j,
                 1.92877332e-02-8.58722128e-03j,
                -2.22629901e-02-3.20918131e-03j,
                -6.47827910e-04+4.06253659e-03j,
                 2.10449613e-02-1.65112572e-02j],
               [-1.75428021e-02+1.00571297e-02j,
                 2.05955455e-02+7.77559907e-04j,
                 3.42897104e-04-6.76119989e-03j,
                -1.84150928e-02+1.78147125e-02j,
                -7.31416807e-03-1.15542026e-02j,
                 2.54188129e-04+4.17685013e-03j,
                 4.76662411e-03-1.12943504e-17j,
                -4.05368925e-03-3.40558367e-03j,
                -7.91690775e-03+4.57435389e-03j,
                 2.81976951e-03-4.30026941e-05j,
                 1.27287769e-04-3.09412506e-03j,
                -2.31899982e-03+2.56707858e-03j,
                 6.30720594e-03+1.21126659e-02j,
                 1.12071646e-03-1.38215132e-02j,
                -4.53863461e-03-3.58032405e-04j,
                 1.15273962e-02+1.28919063e-02j],
               [ 1.33336167e-02-3.60542253e-02j,
                -3.14214744e-02+2.41223600e-02j,
                 4.57389102e-03+5.99086568e-03j,
                 5.25680063e-03-4.97435919e-02j,
                 2.50814321e-02+8.00827762e-03j,
                -5.77446330e-03-6.14466921e-03j,
                -4.05368925e-03+3.40558367e-03j,
                 1.08449378e-02-1.43177790e-17j,
                 6.03119483e-03-1.65008038e-02j,
                -4.18260752e-03+3.65021152e-03j,
                 2.11768100e-03+2.75876897e-03j,
                 2.84573357e-04-6.99189584e-03j,
                -2.39937703e-02-9.97761929e-03j,
                 1.54016055e-02+2.18828950e-02j,
                 4.13504784e-03-2.94133299e-03j,
                -3.33962586e-02-4.84379842e-03j],
               [ 7.11767739e-02+5.04144749e-05j,
                -6.03049964e-02-3.81473391e-02j,
                -7.32940984e-03+1.15222454e-02j,
                 8.49735423e-02-2.14991658e-02j,
                 1.99046160e-03+4.76676779e-02j,
                 6.36060619e-03-1.28155719e-02j,
                -7.91690775e-03-4.57435389e-03j,
                 6.03119483e-03+1.65008038e-02j,
                 3.28097307e-02+5.25028929e-18j,
                -8.76080595e-03-4.84160459e-03j,
                -3.37066076e-03+5.31467873e-03j,
                 1.16784463e-02-3.71112488e-03j,
                 2.10353060e-03-4.83637527e-02j,
                -2.76908350e-02+3.99043764e-02j,
                 7.62754296e-03+5.32039826e-03j,
                -1.21892091e-02-5.84199856e-02j],
               [-1.84854607e-02+1.01439039e-02j,
                 2.24529656e-02+1.34501276e-03j,
                 3.03888819e-04-4.10422883e-03j,
                -1.95980067e-02+1.82046508e-02j,
                -7.43330837e-03-1.22643644e-02j,
                 2.02320573e-04+4.67820242e-03j,
                 2.81976951e-03+4.30026941e-05j,
                -4.18260752e-03-3.65021152e-03j,
                -8.76080595e-03+4.84160459e-03j,
                 3.51157625e-03-7.80373057e-18j,
                 1.22991074e-04-1.92933151e-03j,
                -2.76849618e-03+2.92907998e-03j,
                 6.32073597e-03+1.28519589e-02j,
                 1.62496015e-03-1.52265105e-02j,
                -2.75386911e-03-3.08705445e-04j,
                 1.18371272e-02+1.38595471e-02j],
               [-7.29460883e-03-1.15452882e-02j,
                 3.26070833e-05+1.38782549e-02j,
                 4.55267596e-03-2.13951976e-05j,
                -1.25702140e-02-1.19004705e-02j,
                 7.53281169e-03-5.22426363e-03j,
                -2.81873253e-03+2.72144206e-04j,
                 1.27287769e-04+3.09412506e-03j,
                 2.11768100e-03-2.75876897e-03j,
                -3.37066076e-03-5.31467873e-03j,
                 1.22991074e-04+1.92933151e-03j,
                 2.19335140e-03-6.00395674e-18j,
                -1.87799901e-03-1.57255684e-03j,
                -8.05773109e-03+4.61622691e-03j,
                 9.46132358e-03+3.58113384e-04j,
                 1.56442624e-04-3.10756367e-03j,
                -8.45740645e-03+8.18244752e-03j],
               [ 2.47173557e-02+7.94005975e-03j,
                -1.71694746e-02-2.05261878e-02j,
                -3.87504939e-03+3.28214412e-03j,
                 3.36837839e-02+2.04944677e-03j,
                -4.64460451e-03+1.69653904e-02j,
                 3.84729090e-03-3.97306661e-03j,
                -2.31899982e-03-2.56707858e-03j,
                 2.84573357e-04+6.99189584e-03j,
                 1.16784463e-02+3.71112488e-03j,
                -2.76849618e-03-2.92907998e-03j,
                -1.87799901e-03+1.57255684e-03j,
                 5.19880446e-03-4.98039206e-18j,
                 6.11286092e-03-1.65055830e-02j,
                -1.44360721e-02+1.10821868e-02j,
                 2.10661386e-03+2.74979011e-03j,
                 2.41047823e-03-2.28461409e-02j],
               [ 4.45876961e-03+1.06856880e-01j,
                 5.33243843e-02-9.27403848e-02j,
                -1.77597754e-02-1.02514604e-02j,
                 3.76539762e-02+1.25958245e-01j,
                -7.09253601e-02+5.97687849e-03j,
                 1.92877332e-02+8.58722128e-03j,
                 6.30720594e-03-1.21126659e-02j,
                -2.39937703e-02+9.97761929e-03j,
                 2.10353060e-03+4.83637527e-02j,
                 6.32073597e-03-1.28519589e-02j,
                -8.05773109e-03-4.61622691e-03j,
                 6.11286092e-03+1.65055830e-02j,
                 7.30360231e-02+5.26865397e-18j,
                -6.16668174e-02-3.89742770e-02j,
                -7.49769148e-03+1.18415447e-02j,
                 8.68347525e-02-2.20705678e-02j],
               [-6.08653077e-02-8.79658439e-02j,
                 4.73088611e-03+1.13244433e-01j,
                 2.08209613e-02-7.52561675e-04j,
                -1.01592973e-01-8.86975914e-02j,
                 5.69032063e-02-4.30298106e-02j,
                -2.22629901e-02+3.20918131e-03j,
                 1.12071646e-03+1.38215132e-02j,
                 1.54016055e-02-2.18828950e-02j,
                -2.76908350e-02-3.99043764e-02j,
                 1.62496015e-03+1.52265105e-02j,
                 9.46132358e-03-3.58113384e-04j,
                -1.44360721e-02-1.10821868e-02j,
                -6.16668174e-02+3.89742770e-02j,
                 7.73916988e-02-6.06998001e-18j,
                 5.62588991e-05-1.42064266e-02j,
                -6.32583380e-02+6.66626562e-02j],
               [ 1.68691256e-02-1.16996891e-02j,
                -2.08316578e-02+9.78026169e-04j,
                 2.84397404e-04+6.86764115e-03j,
                 1.70347133e-02-1.95770621e-02j,
                 8.26411737e-03+1.08717836e-02j,
                -6.47827910e-04-4.06253659e-03j,
                -4.53863461e-03+3.58032405e-04j,
                 4.13504784e-03+2.94133299e-03j,
                 7.62754296e-03-5.32039826e-03j,
                -2.75386911e-03+3.08705445e-04j,
                 1.56442624e-04+3.10756367e-03j,
                 2.10661386e-03-2.74979011e-03j,
                -7.49769148e-03-1.18415447e-02j,
                 5.62588991e-05+1.42064266e-02j,
                 4.81575387e-03+7.86017519e-18j,
                -1.28810717e-02-1.21626110e-02j],
               [-2.70310709e-02+1.28624294e-01j,
                 9.38365253e-02-9.68373407e-02j,
                -1.85770551e-02-1.80782165e-02j,
                 7.08326019e-03+1.69981328e-01j,
                -8.64396031e-02-1.43457968e-02j,
                 2.10449613e-02+1.65112572e-02j,
                 1.15273962e-02-1.28919063e-02j,
                -3.33962586e-02+4.84379842e-03j,
                -1.21892091e-02+5.84199856e-02j,
                 1.18371272e-02-1.38595471e-02j,
                -8.45740645e-03-8.18244752e-03j,
                 2.41047823e-03+2.28461409e-02j,
                 8.68347525e-02+2.20705678e-02j,
                -6.32583380e-02-6.66626562e-02j,
                -1.28810717e-02+1.21626110e-02j,
                 1.16055680e-01+1.92767029e-17j]],
              dims=(2, 2, 2, 2))"
data/selected_mutant_qc/mutants_qpeexact_4/qpeexact_4_Mutant_Add_rzz_P10_Q2_[5.497787143782138].qasm,Quratest_12,"{'0101': 51, '0110': 28, '0000': 152, '0010': 55, '0100': 55, '0001': 68, '0111': 236, '0011': 379}","DensityMatrix([[ 0.00716698+0.j        , -0.00630517-0.00262133j,
                -0.00258233+0.00365504j, -0.01289606+0.00857126j,
                 0.01413037+0.00321659j, -0.00493701-0.00794178j,
                -0.00673171+0.00604728j, -0.02119356-0.000721j  ,
                -0.02779068-0.01690829j,  0.00485543+0.02042168j,
                 0.01863618-0.00808057j,  0.04460373+0.01662462j,
                -0.01525714-0.00510286j,  0.01155613+0.01006956j,
                 0.00809966-0.00594228j,  0.03355597-0.00906464j],
               [-0.00630517+0.00262133j,  0.00650574+0.j        ,
                 0.00093498-0.00416002j,  0.0082104 -0.01225733j,
                -0.01360771+0.00233839j,  0.00724806+0.00518109j,
                 0.00371044-0.00778224j,  0.0189088 -0.00711725j,
                 0.03063315+0.00471066j, -0.01174082-0.01619015j,
                -0.01343976+0.0139251j , -0.04532071+0.00168829j,
                 0.01528888-0.00109105j, -0.01384949-0.00463206j,
                -0.00495231+0.00819019j, -0.02620556+0.02024776j],
               [-0.00258233-0.00365504j,  0.00093498+0.00416002j,
                 0.00279444+0.j        ,  0.00901776+0.00348847j,
                -0.00345089-0.00836522j, -0.00227133+0.00537929j,
                 0.00550951+0.00125417j,  0.00726853+0.01106814j,
                 0.00139029+0.02026499j,  0.00866525-0.0098343j ,
                -0.01083574-0.00659263j, -0.00759285-0.02873715j,
                 0.00289491+0.00961949j,  0.00097153-0.00952159j,
                -0.00594884-0.00198963j, -0.01671333-0.0138469j ],
               [-0.01289606-0.00857126j,  0.0082104 +0.01225733j,
                 0.00901776-0.00348847j,  0.03345549+0.j        ,
                -0.02157895-0.02268689j, -0.00061436+0.02019457j,
                 0.01934502-0.0028306j ,  0.03727282+0.02664353j,
                 0.02978451+0.06366023j,  0.01568632-0.04255299j,
                -0.04319727-0.00774776j, -0.06037668-0.08325714j,
                 0.02135056+0.02742853j, -0.00875121-0.0319393j ,
                -0.02168089+0.00100568j, -0.07122041-0.02382019j],
               [ 0.01413037-0.00321659j, -0.01360771-0.00233839j,
                -0.00345089+0.00836522j, -0.02157895+0.02268689j,
                 0.029303  +0.j        , -0.01329811-0.0134422j ,
                -0.01055813+0.01494403j, -0.0421087 +0.00809031j,
                -0.06238052-0.02086362j,  0.01873835+0.03808411j,
                 0.03311636-0.02429566j,  0.09540171+0.01275851j,
                -0.03237109-0.00321325j,  0.02730331+0.01466661j,
                 0.0133023 -0.01535095j,  0.06209047-0.03293197j],
               [-0.00493701+0.00794178j,  0.00724806-0.00518109j,
                -0.00227133-0.00537929j, -0.00061436-0.02019457j,
                -0.01329811+0.0134422j ,  0.01220123+0.j        ,
                -0.00206387-0.01162516j,  0.01539824-0.02298808j,
                 0.03787995-0.0191477j , -0.0259741 -0.00868723j,
                -0.00388348+0.02621722j, -0.04914735+0.03797377j,
                 0.01616447-0.01339142j, -0.01911866+0.00586897j,
                 0.00100519+0.01306866j, -0.01307059+0.04342784j],
               [-0.00673171-0.00604728j,  0.00371044+0.00778224j,
                 0.00550951-0.00125417j,  0.01934502+0.0028306j ,
                -0.01055813-0.01494403j, -0.00206387+0.01162516j,
                 0.0114254 +0.j        ,  0.01929806+0.01855971j,
                 0.01183617+0.03933036j,  0.01267065-0.02327829j,
                -0.0243225 -0.00813484j, -0.02786748-0.05325026j,
                 0.01002489+0.01766647j, -0.0023579 -0.01920874j,
                -0.01262166-0.00125286j, -0.03916651-0.0197994j ],
               [-0.02119356+0.000721j  ,  0.0189088 +0.00711725j,
                 0.00726853-0.01106814j,  0.03727282-0.02664353j,
                -0.0421087 -0.00809031j,  0.01539824+0.02298808j,
                 0.01929806-0.01855971j,  0.06274429+0.j        ,
                 0.08388117+0.04720396j, -0.0164125 -0.05990074j,
                -0.05429637+0.02576996j, -0.1335707 -0.0446737j ,
                 0.04563043+0.01355485j, -0.0351858 -0.02861428j,
                -0.0233538 +0.01838681j, -0.09831687+0.03018093j],
               [-0.02779068+0.01690829j,  0.03063315-0.00471066j,
                 0.00139029-0.02026499j,  0.02978451-0.06366023j,
                -0.06238052+0.02086362j,  0.03787995+0.0191477j ,
                 0.01183617-0.03933036j,  0.08388117-0.04720396j,
                 0.14765113+0.j        , -0.06700614-0.06773221j,
                -0.05320004+0.07529958j, -0.21217616+0.04076521j,
                 0.07119974-0.01620769j, -0.06856614-0.01178259j,
                -0.01738826+0.04215044j, -0.10873141+0.11431411j],
               [ 0.00485543-0.02042168j, -0.01174082+0.01619015j,
                 0.00866525+0.0098343j ,  0.01568632+0.04255299j,
                 0.01873835-0.03808411j, -0.0259741 +0.00868723j,
                 0.01267065+0.02327829j, -0.0164125 +0.05990074j,
                -0.06700614+0.06773221j,  0.06147921+0.j        ,
                -0.01039936-0.05857653j,  0.07758821-0.11583169j,
                -0.02487646+0.04001683j,  0.03652131-0.02610634j,
                -0.01144469-0.027105j  , -0.00309564-0.10175585j],
               [ 0.01863618+0.00808057j, -0.01343976-0.0139251j ,
                -0.01083574+0.00659263j, -0.04319727+0.00774776j,
                 0.03311636+0.02429566j, -0.00388348-0.02621722j,
                -0.0243225 +0.00813484j, -0.05429637-0.02576996j,
                -0.05320004-0.07529958j, -0.01039936+0.05857653j,
                 0.05756997+0.j        ,  0.09723856+0.09351818j,
                -0.03391956-0.03047089j,  0.01869608+0.03921294j,
                 0.02776116-0.00631947j,  0.09747517+0.01426277j],
               [ 0.04460373-0.01662462j, -0.04532071-0.00168829j,
                -0.00759285+0.02873715j, -0.06037668+0.08325714j,
                 0.09540171-0.01275851j, -0.04914735-0.03797377j,
                -0.02786748+0.05325026j, -0.1335707 +0.0446737j ,
                -0.21217616-0.04076521j,  0.07758821+0.11583169j,
                 0.09723856-0.09351818j,  0.3161542 +0.j        ,
                -0.10678955+0.00363298j,  0.09527715+0.03586222j,
                 0.03662448-0.05576986j,  0.18780928-0.13425071j],
               [-0.01525714+0.00510286j,  0.01528888+0.00109105j,
                 0.00289491-0.00961949j,  0.02135056-0.02742853j,
                -0.03237109+0.00321325j,  0.01616447+0.01339142j,
                 0.01002489-0.01766647j,  0.04563043-0.01355485j,
                 0.07119974+0.01620769j, -0.02487646-0.04001683j,
                -0.03391956+0.03047089j, -0.10678955-0.00363298j,
                 0.03611278+0.j        , -0.03177031-0.01320827j,
                -0.01301176+0.0184169j , -0.06498031+0.04318863j],
               [ 0.01155613-0.01006956j, -0.01384949+0.00463206j,
                 0.00097153+0.00952159j, -0.00875121+0.0319393j ,
                 0.02730331-0.01466661j, -0.01911866-0.00586897j,
                -0.0023579 +0.01920874j, -0.0351858 +0.02861428j,
                -0.06856614+0.01178259j,  0.03652131+0.02610634j,
                 0.01869608-0.03921294j,  0.09527715-0.03586222j,
                -0.03177031+0.01320827j,  0.03278095+0.j        ,
                 0.00471114-0.02096138j,  0.04137033-0.0617619j ],
               [ 0.00809966+0.00594228j, -0.00495231-0.00819019j,
                -0.00594884+0.00198963j, -0.02168089-0.00100568j,
                 0.0133023 +0.01535095j,  0.00100519-0.01306866j,
                -0.01262166+0.00125286j, -0.0233538 -0.01838681j,
                -0.01738826-0.04215044j, -0.01144469+0.027105j  ,
                 0.02776116+0.00631947j,  0.03662448+0.05576986j,
                -0.01301176-0.0184169j ,  0.00471114+0.02096138j,
                 0.01408056+0.j        ,  0.04543846+0.0175776j ],
               [ 0.03355597+0.00906464j, -0.02620556-0.02024776j,
                -0.01671333+0.0138469j , -0.07122041+0.02382019j,
                 0.06209047+0.03293197j, -0.01307059-0.04342784j,
                -0.03916651+0.0197994j , -0.09831687-0.03018093j,
                -0.10873141-0.11431411j, -0.00309564+0.10175585j,
                 0.09747517-0.01426277j,  0.18780928+0.13425071j,
                -0.06498031-0.04318863j,  0.04137033+0.0617619j ,
                 0.04543846-0.0175776j ,  0.16857463+0.j        ]],
              dims=(2, 2, 2, 2))","{'0101': 54, '0110': 42, '0100': 70, '0111': 240, '0011': 319, '0010': 66, '0000': 152, '0001': 81}","DensityMatrix([[ 0.00744881+7.17947610e-18j, -0.00616245-2.65300191e-03j,
                -0.00255348+3.60884898e-03j, -0.01274701+8.29058473e-03j,
                 0.01423005+3.23177613e-03j, -0.00480033-7.66837406e-03j,
                -0.00649061+5.81627247e-03j, -0.02048832-6.02703814e-04j,
                -0.02775051-1.68359302e-02j,  0.00465029+1.95569241e-02j,
                 0.01775643-7.70055909e-03j,  0.04271406+1.57923253e-02j,
                -0.01530058-5.10249072e-03j,  0.0110546 +9.70386833e-03j,
                 0.00777288-5.69656748e-03j,  0.03218875-8.64555488e-03j],
               [-0.00616245+2.65300191e-03j,  0.00695341-1.14980154e-17j,
                 0.00086326-4.09313510e-03j,  0.00800283-1.20638010e-02j,
                -0.0131725 +2.27157431e-03j,  0.00759963+5.39063350e-03j,
                 0.003565  -7.53880708e-03j,  0.01821526-6.98579936e-03j,
                 0.02931545+4.42829693e-03j, -0.01224837-1.67309343e-02j,
                -0.01279369+1.33607678e-02j, -0.04333261+1.89461896e-03j,
                 0.01466996-1.11588266e-03j, -0.01439191-4.81012386e-03j,
                -0.00469524+7.86591220e-03j, -0.02502737+1.95208088e-02j],
               [-0.00255348-3.60884898e-03j,  0.00086326+4.09313510e-03j,
                 0.00310483+2.95691170e-18j,  0.00881974+3.51791614e-03j,
                -0.00332242-8.05901227e-03j, -0.00220261+5.18996495e-03j,
                 0.00589144+1.34250626e-03j,  0.00706531+1.06660458e-02j,
                 0.00136138+1.93112855e-02j,  0.00829118-9.38594904e-03j,
                -0.01149881-6.97116880e-03j, -0.00733924-2.74782894e-02j,
                 0.00278906+9.21597989e-03j,  0.00097114-9.10220724e-03j,
                -0.006348  -2.12197370e-03j, -0.0159851 -1.32997673e-02j],
               [-0.01274701-8.29058473e-03j,  0.00800283+1.20638010e-02j,
                 0.00881974-3.51791614e-03j,  0.03337053-1.92414537e-18j,
                -0.02086865-2.19853056e-02j, -0.0006642 +1.94952910e-02j,
                 0.01871158-2.72128478e-03j,  0.03657885+2.60425300e-02j,
                 0.02853584+6.08486423e-02j,  0.01511127-4.06356865e-02j,
                -0.0412837 -7.35840711e-03j, -0.05882132-8.06678639e-02j,
                 0.02053304+2.62605210e-02j, -0.00825873-3.06413343e-02j,
                -0.02078396+1.02394420e-03j, -0.06929364-2.31601953e-02j],
               [ 0.01423005-3.23177613e-03j, -0.0131725 -2.27157431e-03j,
                -0.00332242+8.05901227e-03j, -0.02086865+2.19853056e-02j,
                 0.02960898+4.11761266e-18j, -0.0128582 -1.30718981e-02j,
                -0.01020267+1.44132871e-02j, -0.0408173 +7.81062937e-03j,
                -0.06206468-2.07598807e-02j,  0.01785013+3.64445017e-02j,
                 0.03153875-2.31001907e-02j,  0.09119136+1.21843778e-02j,
                -0.03230499-3.23735916e-03j,  0.02607514+1.40989012e-02j,
                 0.01269918-1.46070196e-02j,  0.05937843-3.14364223e-02j],
               [-0.00480033+7.66837406e-03j,  0.00759963-5.39063350e-03j,
                -0.00220261-5.18996495e-03j, -0.0006642 -1.94952910e-02j,
                -0.0128582 +1.30718981e-02j,  0.01286427-1.58254580e-17j,
                -0.00204978-1.12508052e-02j,  0.01483447-2.23796073e-02j,
                 0.03617582-1.83755181e-02j, -0.0269024 -8.99169240e-03j,
                -0.00359904+2.50494636e-02j, -0.04681119+3.65425282e-02j,
                 0.01547183-1.28438160e-02j, -0.01984581+6.00359494e-03j,
                 0.00098447+1.24805976e-02j, -0.01234833+4.15464090e-02j],
               [-0.00649061-5.81627247e-03j,  0.003565  +7.53880708e-03j,
                 0.00589144-1.34250626e-03j,  0.01871158+2.72128478e-03j,
                -0.01020267-1.44132871e-02j, -0.00204978+1.12508052e-02j,
                 0.01225198-1.02719523e-18j,  0.01867827+1.79832240e-02j,
                 0.0113022 +3.74222563e-02j,  0.01218867-2.21809645e-02j,
                -0.02566661-8.57782399e-03j, -0.0266215 -5.08664350e-02j,
                 0.00955924+1.68261165e-02j, -0.00218647-1.83604614e-02j,
                -0.01337188-1.34174645e-03j, -0.03739278-1.89273958e-02j],
               [-0.02048832+6.02703814e-04j,  0.01821526+6.98579936e-03j,
                 0.00706531-1.06660458e-02j,  0.03657885-2.60425300e-02j,
                -0.0408173 -7.81062937e-03j,  0.01483447+2.23796073e-02j,
                 0.01867827-1.79832240e-02j,  0.06181519+1.88518290e-17j,
                 0.08016347+4.51015286e-02j, -0.01542893-5.73408027e-02j,
                -0.05184683+2.46320409e-02j, -0.12961261-4.33215426e-02j,
                 0.04363064+1.30349598e-02j, -0.03347948-2.75559383e-02j,
                -0.02236469+1.75377929e-02j, -0.09544408+2.91053325e-02j],
               [-0.02775051+1.68359302e-02j,  0.02931545-4.42829693e-03j,
                 0.00136138-1.93112855e-02j,  0.02853584-6.08486423e-02j,
                -0.06206468+2.07598807e-02j,  0.03617582+1.83755181e-02j,
                 0.0113022 -3.74222563e-02j,  0.08016347-4.51015286e-02j,
                 0.14762974+2.94781154e-17j, -0.06418532-6.51460371e-02j,
                -0.05087744+7.18899646e-02j, -0.20361297+3.91176562e-02j,
                 0.07113895-1.61259497e-02j, -0.06572927-1.14280786e-02j,
                -0.01667001+4.02651628e-02j, -0.10430446+1.09538925e-01j],
               [ 0.00465029-1.95569241e-02j, -0.01224837+1.67309343e-02j,
                 0.00829118+9.38594904e-03j,  0.01511127+4.06356865e-02j,
                 0.01785013-3.64445017e-02j, -0.0269024 +8.99169240e-03j,
                 0.01218867+2.21809645e-02j, -0.01542893+5.73408027e-02j,
                -0.06418532+6.51460371e-02j,  0.0641398 -2.77525080e-17j,
                -0.01019108-5.61384280e-02j,  0.07398545-1.11612091e-01j,
                -0.02391306+3.84108993e-02j,  0.03800115-2.69539942e-02j,
                -0.01106074-2.59456624e-02j, -0.00330083-9.74712256e-02j],
               [ 0.01775643+7.70055909e-03j, -0.01279369-1.33607678e-02j,
                -0.01149881+6.97116880e-03j, -0.0412837 +7.35840711e-03j,
                 0.03153875+2.31001907e-02j, -0.00359904-2.50494636e-02j,
                -0.02566661+8.57782399e-03j, -0.05184683-2.46320409e-02j,
                -0.05087744-7.18899646e-02j, -0.01019108+5.61384280e-02j,
                 0.06112175-1.21310146e-17j,  0.09326576+8.96955095e-02j,
                -0.03242856-2.90876597e-02j,  0.01774452+3.76534284e-02j,
                 0.02946136-6.66480084e-03j,  0.09335409+1.37241810e-02j],
               [ 0.04271406-1.57923253e-02j, -0.04333261-1.89461896e-03j,
                -0.00733924+2.74782894e-02j, -0.05882132+8.06678639e-02j,
                 0.09119136-1.21843778e-02j, -0.04681119-3.65425282e-02j,
                -0.0266215 +5.08664350e-02j, -0.12961261+4.33215426e-02j,
                -0.20361297-3.91176562e-02j,  0.07398545+1.11612091e-01j,
                 0.09326576-8.96955095e-02j,  0.30837693+3.63999946e-17j,
                -0.10245946+3.27369982e-03j,  0.09109967+3.49215935e-02j,
                 0.0352551 -5.34180492e-02j,  0.18290597-1.30217058e-01j],
               [-0.01530058+5.10249072e-03j,  0.01466996+1.11588266e-03j,
                 0.00278906-9.21597989e-03j,  0.02053304-2.62605210e-02j,
                -0.03230499+3.23735916e-03j,  0.01547183+1.28438160e-02j,
                 0.00955924-1.68261165e-02j,  0.04363064-1.30349598e-02j,
                 0.07113895+1.61259497e-02j, -0.02391306-3.84108993e-02j,
                -0.03242856+2.90876597e-02j, -0.10245946-3.27369982e-03j,
                 0.0366615 -1.56079090e-17j, -0.03057459-1.29467076e-02j,
                -0.01256026+1.77359041e-02j, -0.06279683+4.14080149e-02j],
               [ 0.0110546 -9.70386833e-03j, -0.01439191+4.81012386e-03j,
                 0.00097114+9.10220724e-03j, -0.00825873+3.06413343e-02j,
                 0.02607514-1.40989012e-02j, -0.01984581-6.00359494e-03j,
                -0.00218647+1.83604614e-02j, -0.03347948+2.75559383e-02j,
                -0.06572927+1.14280786e-02j,  0.03800115+2.69539942e-02j,
                 0.01774452-3.76534284e-02j,  0.09109967-3.49215935e-02j,
                -0.03057459+1.29467076e-02j,  0.03441455-1.73472905e-17j,
                 0.00441447-2.02062232e-02j,  0.03958661-5.96776005e-02j],
               [ 0.00777288+5.69656748e-03j, -0.00469524-7.86591220e-03j,
                -0.006348  +2.12197370e-03j, -0.02078396-1.02394420e-03j,
                 0.01269918+1.46070196e-02j,  0.00098447-1.24805976e-02j,
                -0.01337188+1.34174645e-03j, -0.02236469-1.75377929e-02j,
                -0.01667001-4.02651628e-02j, -0.01106074+2.59456624e-02j,
                 0.02946136+6.66480084e-03j,  0.0352551 +5.34180492e-02j,
                -0.01256026-1.77359041e-02j,  0.00441447+2.02062232e-02j,
                 0.01524845+3.29466025e-17j,  0.04371875+1.70581585e-02j],
               [ 0.03218875+8.64555488e-03j, -0.02502737-1.95208088e-02j,
                -0.0159851 +1.32997673e-02j, -0.06929364+2.31601953e-02j,
                 0.05937843+3.14364223e-02j, -0.01234833-4.15464090e-02j,
                -0.03739278+1.89273958e-02j, -0.09544408-2.91053325e-02j,
                -0.10430446-1.09538925e-01j, -0.00330083+9.74712256e-02j,
                 0.09335409-1.37241810e-02j,  0.18290597+1.30217058e-01j,
                -0.06279683-4.14080149e-02j,  0.03958661+5.96776005e-02j,
                 0.04371875-1.70581585e-02j,  0.16498928-1.90757819e-17j]],
              dims=(2, 2, 2, 2))"
data/selected_mutant_qc/mutants_qpeexact_4/qpeexact_4_Mutant_Add_rzz_P10_Q2_[5.497787143782138].qasm,Quratest_13,"{'0100': 100, '0111': 134, '0011': 109, '0000': 68, '0010': 88, '0001': 186, '0101': 237, '0110': 102}","DensityMatrix([[ 5.40465174e-02+0.00000000e+00j,
                -7.31851367e-02-3.72647932e-02j,
                 2.98732761e-02+5.71373847e-02j,
                -7.90035674e-03-6.01178318e-02j,
                 1.12252988e-03-5.85466217e-03j,
                -2.23300864e-02+3.90272303e-02j,
                 6.80994351e-03-2.04933681e-03j,
                -3.30860056e-02+2.71688801e-03j,
                -8.62011463e-04-7.51420913e-03j,
                -1.22297347e-02+5.57223958e-02j,
                 7.46747748e-03-5.06465796e-03j,
                -3.90271777e-02+1.58412136e-02j,
                 6.54351891e-02-2.05036037e-02j,
                -1.02743823e-01-1.73530100e-02j,
                 5.78443517e-02+5.78443517e-02j,
                -3.23719939e-02-6.97886948e-02j],
               [-7.31851367e-02+3.72647932e-02j,
                 1.24794887e-01+0.00000000e+00j,
                -7.98477465e-02-5.67730541e-02j,
                 5.21489153e-02+7.59591325e-02j,
                 2.51672594e-03+8.70185755e-03j,
                 3.32840616e-03-6.82437910e-02j,
                -7.80843159e-03+7.47045603e-03j,
                 4.29289377e-02-2.64916048e-02j,
                 6.34826984e-03+9.58074208e-03j,
                -2.18598499e-02-8.38868055e-02j,
                -6.61975916e-03+1.20069104e-02j,
                 4.19248066e-02-4.83598430e-02j,
                -7.44695662e-02+7.28814366e-02j,
                 1.51091642e-01-4.73433818e-02j,
                -1.18211217e-01-3.84444564e-02j,
                 9.19543076e-02+7.21815151e-02j],
               [ 2.98732761e-02-5.71373847e-02j,
                -7.98477465e-02+5.67730541e-02j,
                 7.69169515e-02+0.00000000e+00j,
                -6.79226969e-02-2.48769195e-02j,
                -5.56902562e-03-4.42278935e-03j,
                 2.89165909e-02+4.51787475e-02j,
                 1.59754191e-03-8.33213291e-03j,
                -1.54154522e-02+3.64798746e-02j,
                -8.42040128e-03-3.24203985e-03j,
                 5.21493311e-02+4.37287301e-02j,
                -1.22678199e-03-1.06939371e-02j,
                -4.82443923e-03+5.00150601e-02j,
                 1.44919824e-02-8.05103750e-02j,
                -7.51352795e-02+9.90280657e-02j,
                 9.31248766e-02-2.91799502e-02j,
                -9.16729006e-02-4.35117538e-03j],
               [-7.90035674e-03+6.01178318e-02j,
                 5.21489153e-02-7.59591325e-02j,
                -6.79226969e-02+2.48769195e-02j,
                 6.80260175e-02+0.00000000e+00j,
                 6.34825750e-03+2.10444610e-03j,
                -4.01472088e-02-3.05434189e-02j,
                 1.28409204e-03+7.87450424e-03j,
                 1.81432285e-03-3.71998679e-02j,
                 8.48432389e-03+1.39558901e-04j,
                -6.01942644e-02-2.17488932e-02j,
                 4.54202290e-03+9.04667282e-03j,
                -1.19158610e-02-4.57269158e-02j,
                 1.32417572e-02+7.57830046e-02j,
                 3.43211418e-02-1.11748938e-01j,
                -7.27978084e-02+5.58867831e-02j,
                 8.23604468e-02-2.58070005e-02j],
               [ 1.12252988e-03+5.85466217e-03j,
                 2.51672594e-03-8.70185755e-03j,
                -5.56902562e-03+4.42278935e-03j,
                 6.34825750e-03-2.10444610e-03j,
                 6.57528815e-04+0.00000000e+00j,
                -4.69146673e-03-1.60835303e-03j,
                 3.63437660e-04+6.95132243e-04j,
                -9.81496943e-04-3.52765741e-03j,
                 7.96083160e-04-2.49446419e-04j,
                -6.29021188e-03-1.67465190e-04j,
                 7.03733189e-04+7.03733189e-04j,
                -2.52660364e-03-3.89865464e-03j,
                 3.58014979e-03+6.66250178e-03j,
                -2.54169950e-04-1.14902805e-02j,
                -5.06465796e-03+7.46747748e-03j,
                 6.88759830e-03-4.95623025e-03j],
               [-2.23300864e-02-3.90272303e-02j,
                 3.32840616e-03+6.82437910e-02j,
                 2.89165909e-02-4.51787475e-02j,
                -4.01472088e-02+3.05434189e-02j,
                -4.69146673e-03+1.60835303e-03j,
                 3.74077288e-02+0.00000000e+00j,
                -4.29346012e-03-4.07077784e-03j,
                 1.56318302e-02+2.27690308e-02j,
                -5.06989151e-03+3.72706456e-03j,
                 4.52902782e-02-1.41913537e-02j,
                -6.74250642e-03-3.29976328e-03j,
                 2.75636436e-02+2.16366760e-02j,
                -4.18412212e-02-3.87796856e-02j,
                 2.99193844e-02+8.13614135e-02j,
                 1.78704477e-02-6.56688790e-02j,
                -3.70197774e-02+5.22101513e-02j],
               [ 6.80994351e-03+2.04933681e-03j,
                -7.80843159e-03-7.47045603e-03j,
                 1.59754191e-03+8.33213291e-03j,
                 1.28409204e-03-7.87450424e-03j,
                 3.63437660e-04-6.95132243e-04j,
                -4.29346012e-03+4.07077784e-03j,
                 9.35770044e-04+0.00000000e+00j,
                -4.27190611e-03-9.12223726e-04j,
                 1.76309159e-04-9.79487561e-04j,
                -3.65384800e-03+6.55737945e-03j,
                 1.13295533e-03-3.55002672e-04j,
                -5.51815126e-03+5.16183821e-04j,
                 9.02238950e-03-1.02312623e-04j,
                -1.22878864e-02-6.08234780e-03j,
                 5.09513326e-03+9.48181958e-03j,
                -1.43267157e-03-1.00209637e-02j],
               [-3.30860056e-02-2.71688801e-03j,
                 4.29289377e-02+2.64916048e-02j,
                -1.54154522e-02-3.64798746e-02j,
                 1.81432285e-03+3.71998679e-02j,
                -9.81496943e-04+3.52765741e-03j,
                 1.56318302e-02-2.27690308e-02j,
                -4.27190611e-03+9.12223726e-04j,
                 2.03910502e-02+0.00000000e+00j,
                 1.49968062e-04+4.64335477e-03j,
                 1.02878891e-02-3.34971571e-02j,
                -4.82601143e-03+2.72507849e-03j,
                 2.46878484e-02-7.73574381e-03j,
                -4.10885870e-02+9.26243337e-03j,
                 6.20250237e-02+1.57879783e-02j,
                -3.25031474e-02-3.83187534e-02j,
                 1.63091342e-02+4.43503180e-02j],
               [-8.62011463e-04+7.51420913e-03j,
                 6.34826984e-03-9.58074208e-03j,
                -8.42040128e-03+3.24203985e-03j,
                 8.48432389e-03-1.39558901e-04j,
                 7.96083160e-04+2.49446419e-04j,
                -5.06989151e-03-3.72706456e-03j,
                 1.76309159e-04+9.79487561e-04j,
                 1.49968062e-04-4.64335477e-03j,
                 1.05846603e-03+0.00000000e+00j,
                -7.55215292e-03-2.58906835e-03j,
                 5.85048758e-04+1.11899866e-03j,
                -1.57997817e-03-5.67869491e-03j,
                 1.80700788e-03+9.42462274e-03j,
                 4.05133410e-03-1.40079346e-02j,
                -8.96481537e-03+7.11964582e-03j,
                 1.02191946e-02-3.38766097e-03j],
               [-1.22297347e-02-5.57223958e-02j,
                -2.18598499e-02+8.38868055e-02j,
                 5.21493311e-02-4.37287301e-02j,
                -6.01942644e-02+2.17488932e-02j,
                -6.29021188e-03+1.67465190e-04j,
                 4.52902782e-02+1.41913537e-02j,
                -3.65384800e-03-6.55737945e-03j,
                 1.02878891e-02+3.34971571e-02j,
                -7.55215292e-03+2.58906835e-03j,
                 6.02176045e-02+0.00000000e+00j,
                -6.91145632e-03-6.55299047e-03j,
                 2.51635530e-02+3.66527596e-02j,
                -3.59461629e-02-6.28246192e-02j,
                 5.35794746e-03+1.09856379e-01j,
                 4.65488789e-02-7.27271085e-02j,
                -6.46275200e-02+4.91676876e-02j],
               [ 7.46747748e-03+5.06465796e-03j,
                -6.61975916e-03-1.20069104e-02j,
                -1.22678199e-03+1.06939371e-02j,
                 4.54202290e-03-9.04667282e-03j,
                 7.03733189e-04-7.03733189e-04j,
                -6.74250642e-03+3.29976328e-03j,
                 1.13295533e-03+3.55002672e-04j,
                -4.82601143e-03-2.72507849e-03j,
                 5.85048758e-04-1.11899866e-03j,
                -6.91145632e-03+6.55299047e-03j,
                 1.50636866e-03+0.00000000e+00j,
                -6.87675946e-03-1.46846465e-03j,
                 1.09624000e-02+3.29894804e-03j,
                -1.25697299e-02-1.20256691e-02j,
                 2.57166500e-03+1.34127652e-02j,
                 2.06708477e-03-1.26760912e-02j],
               [-3.90271777e-02-1.58412136e-02j,
                 4.19248066e-02+4.83598430e-02j,
                -4.82443923e-03-5.00150601e-02j,
                -1.19158610e-02+4.57269158e-02j,
                -2.52660364e-03+3.89865464e-03j,
                 2.75636436e-02-2.16366760e-02j,
                -5.51815126e-03-5.16183821e-04j,
                 2.46878484e-02+7.73574381e-03j,
                -1.57997817e-03+5.67869491e-03j,
                 2.51635530e-02-3.66527596e-02j,
                -6.87675946e-03+1.46846465e-03j,
                 3.28247728e-02+0.00000000e+00j,
                -5.32606514e-02-4.37354774e-03j,
                 6.91054462e-02+4.26452242e-02j,
                -2.48152356e-02-5.87239786e-02j,
                 2.92063109e-03+5.98829976e-02j],
               [ 6.54351891e-02+2.05036037e-02j,
                -7.44695662e-02-7.28814366e-02j,
                 1.44919824e-02+8.05103750e-02j,
                 1.32417572e-02-7.57830046e-02j,
                 3.58014979e-03-6.66250178e-03j,
                -4.18412212e-02+3.87796856e-02j,
                 9.02238950e-03+1.02312623e-04j,
                -4.10885870e-02-9.26243337e-03j,
                 1.80700788e-03-9.42462274e-03j,
                -3.59461629e-02+6.28246192e-02j,
                 1.09624000e-02-3.29894804e-03j,
                -5.32606514e-02+4.37354774e-03j,
                 8.70021226e-02+0.00000000e+00j,
                -1.17810778e-01-5.99875120e-02j,
                 4.80889159e-02+9.19776887e-02j,
                -1.27177076e-02-9.67755043e-02j],
               [-1.02743823e-01+1.73530100e-02j,
                 1.51091642e-01+4.73433818e-02j,
                -7.51352795e-02-9.90280657e-02j,
                 3.43211418e-02+1.11748938e-01j,
                -2.54169950e-04+1.14902805e-02j,
                 2.99193844e-02-8.13614135e-02j,
                -1.22878864e-02+6.08234780e-03j,
                 6.20250237e-02-1.57879783e-02j,
                 4.05133410e-03+1.40079346e-02j,
                 5.35794746e-03-1.09856379e-01j,
                -1.25697299e-02+1.20256691e-02j,
                 6.91054462e-02-4.26452242e-02j,
                -1.17810778e-01+5.99875120e-02j,
                 2.00890282e-01+0.00000000e+00j,
                -1.28536005e-01-9.13912025e-02j,
                 8.39474318e-02+1.22276255e-01j],
               [ 5.78443517e-02-5.78443517e-02j,
                -1.18211217e-01+3.84444564e-02j,
                 9.31248766e-02+2.91799502e-02j,
                -7.27978084e-02-5.58867831e-02j,
                -5.06465796e-03-7.46747748e-03j,
                 1.78704477e-02+6.56688790e-02j,
                 5.09513326e-03-9.48181958e-03j,
                -3.25031474e-02+3.83187534e-02j,
                -8.96481537e-03-7.11964582e-03j,
                 4.65488789e-02+7.27271085e-02j,
                 2.57166500e-03-1.34127652e-02j,
                -2.48152356e-02+5.87239786e-02j,
                 4.80889159e-02-9.19776887e-02j,
                -1.28536005e-01+9.13912025e-02j,
                 1.23818118e-01+0.00000000e+00j,
                -1.09339493e-01-4.00459624e-02j],
               [-3.23719939e-02+6.97886948e-02j,
                 9.19543076e-02-7.21815151e-02j,
                -9.16729006e-02+4.35117538e-03j,
                 8.23604468e-02+2.58070005e-02j,
                 6.88759830e-03+4.95623025e-03j,
                -3.70197774e-02-5.22101513e-02j,
                -1.43267157e-03+1.00209637e-02j,
                 1.63091342e-02-4.43503180e-02j,
                 1.02191946e-02+3.38766097e-03j,
                -6.46275200e-02-4.91676876e-02j,
                 2.06708477e-03+1.26760912e-02j,
                 2.92063109e-03-5.98829976e-02j,
                -1.27177076e-02+9.67755043e-02j,
                 8.39474318e-02-1.22276255e-01j,
                -1.09339493e-01+4.00459624e-02j,
                 1.09505815e-01+0.00000000e+00j]],
              dims=(2, 2, 2, 2))","{'0100': 77, '0101': 265, '0010': 89, '0000': 68, '0001': 176, '0110': 130, '0011': 96, '0111': 123}","DensityMatrix([[ 5.55399335e-02+1.17426555e-17j,
                -7.05511228e-02-3.60302687e-02j,
                 2.91143916e-02+5.55269739e-02j,
                -7.72233002e-03-5.76026480e-02j,
                 1.17186053e-03-5.98956708e-03j,
                -2.15669208e-02+3.75756947e-02j,
                 6.61066637e-03-1.97831314e-03j,
                -3.16723907e-02+2.65645028e-03j,
                -8.51165752e-04-7.66286019e-03j,
                -1.18185395e-02+5.33111838e-02j,
                 7.22267387e-03-4.84081449e-03j,
                -3.70676163e-02+1.51084736e-02j,
                 6.65320849e-02-2.08432657e-02j,
                -9.81079426e-02-1.66356755e-02j,
                 5.57284430e-02+5.56473664e-02j,
                -3.08910167e-02-6.61197752e-02j],
               [-7.05511228e-02+3.60302687e-02j,
                 1.22573243e-01-1.38418334e-17j,
                -7.65402829e-02-5.47123104e-02j,
                 5.02450741e-02+7.31911206e-02j,
                 2.34025251e-03+8.23327671e-03j,
                 3.27559382e-03-6.65696658e-02j,
                -7.41401553e-03+6.99978132e-03j,
                 4.11293186e-02-2.53379747e-02j,
                 5.96177459e-03+9.11798043e-03j,
                -2.10869476e-02-8.14715888e-02j,
                -6.39205817e-03+1.12749652e-02j,
                 4.00220951e-02-4.59769865e-02j,
                -7.10917955e-02+6.96532791e-02j,
                 1.46737209e-01-4.59729666e-02j,
                -1.12343754e-01-3.69603438e-02j,
                 8.75807557e-02+6.88043204e-02j],
               [ 2.91143916e-02-5.55269739e-02j,
                -7.65402829e-02+5.47123104e-02j,
                 7.74685124e-02-3.44439809e-18j,
                -6.53887889e-02-2.41409405e-02j,
                -5.38326179e-03-4.30846272e-03j,
                 2.78599263e-02+4.32765922e-02j,
                 1.61962636e-03-8.36082027e-03j,
                -1.49292283e-02+3.50565989e-02j,
                -8.14031782e-03-3.19472393e-03j,
                 4.97783374e-02+4.16384117e-02j,
                -1.17204871e-03-1.07016212e-02j,
                -4.77700258e-03+4.77974548e-02j,
                 1.40166722e-02-7.74972359e-02j,
                -7.11592637e-02+9.44368011e-02j,
                 9.28570044e-02-2.90903859e-02j,
                -8.74404091e-02-4.31355464e-03j],
               [-7.72233002e-03+5.76026480e-02j,
                 5.02450741e-02-7.31911206e-02j,
                -6.53887889e-02+2.41409405e-02j,
                 6.78835730e-02+3.50348059e-18j,
                 5.96203327e-03+2.04551903e-03j,
                -3.84360788e-02-2.92682094e-02j,
                 1.18329836e-03+7.43378531e-03j,
                 1.83036171e-03-3.68317823e-02j,
                 8.04469360e-03+2.02420514e-04j,
                -5.73737014e-02-2.08358676e-02j,
                 4.24916183e-03+8.57272699e-03j,
                -1.16849520e-02-4.50712061e-02j,
                 1.23599476e-02+7.19396551e-02j,
                 3.26647526e-02-1.06477404e-01j,
                -6.93616114e-02+5.34441202e-02j,
                 8.12033267e-02-2.54411091e-02j],
               [ 1.17186053e-03+5.98956708e-03j,
                 2.34025251e-03-8.23327671e-03j,
                -5.38326179e-03+4.30846272e-03j,
                 5.96203327e-03-2.04551903e-03j,
                 1.07323762e-03+3.05708772e-18j,
                -4.94406061e-03-1.78792479e-03j,
                 5.33074151e-04+1.00108670e-03j,
                -9.85181498e-04-3.68886863e-03j,
                 9.14027405e-04-2.85099318e-04j,
                -6.18711120e-03-1.54347354e-04j,
                 7.14051516e-04+7.44990915e-04j,
                -2.43772271e-03-3.74037680e-03j,
                 3.67160495e-03+6.78743806e-03j,
                -2.94944213e-04-1.09210643e-02j,
                -4.87187565e-03+7.27125713e-03j,
                 6.51487052e-03-4.76244377e-03j],
               [-2.15669208e-02-3.75756947e-02j,
                 3.27559382e-03+6.65696658e-02j,
                 2.78599263e-02-4.32765922e-02j,
                -3.84360788e-02+2.92682094e-02j,
                -4.94406061e-03+1.78792479e-03j,
                 3.74588505e-02-1.38460125e-17j,
                -4.51738445e-03-4.18239156e-03j,
                 1.53257908e-02+2.23224525e-02j,
                -4.98353554e-03+3.64010596e-03j,
                 4.42990736e-02-1.38716268e-02j,
                -6.50931791e-03-3.27502603e-03j,
                 2.63689723e-02+2.07522269e-02j,
                -4.01145151e-02-3.70397742e-02j,
                 2.91635994e-02+7.89644173e-02j,
                 1.71292545e-02-6.25884969e-02j,
                -3.52459822e-02+4.98547036e-02j],
               [ 6.61066637e-03+1.97831314e-03j,
                -7.41401553e-03-6.99978132e-03j,
                 1.61962636e-03+8.36082027e-03j,
                 1.18329836e-03-7.43378531e-03j,
                 5.33074151e-04-1.00108670e-03j,
                -4.51738445e-03+4.18239156e-03j,
                 1.44674425e-03+5.22654147e-18j,
                -4.50478876e-03-1.05735001e-03j,
                 1.64038405e-04-1.01875162e-03j,
                -3.49558400e-03+6.41741678e-03j,
                 1.27020915e-03-3.96182998e-04j,
                -5.41692744e-03+5.12687904e-04j,
                 8.70149053e-03-1.39429637e-04j,
                -1.17093775e-02-5.64164620e-03j,
                 5.14128799e-03+9.46951997e-03j,
                -1.39502813e-03-9.49335762e-03j],
               [-3.16723907e-02-2.65645028e-03j,
                 4.11293186e-02+2.53379747e-02j,
                -1.49292283e-02-3.50565989e-02j,
                 1.83036171e-03+3.68317823e-02j,
                -9.85181498e-04+3.68886863e-03j,
                 1.53257908e-02-2.23224525e-02j,
                -4.50478876e-03+1.05735001e-03j,
                 2.07844457e-02+3.49204001e-18j,
                 1.25928744e-04+4.44986197e-03j,
                 9.82363270e-03-3.20854083e-02j,
                -4.73105051e-03+2.65598587e-03j,
                 2.45177813e-02-7.67739417e-03j,
                -3.90591411e-02+8.73571073e-03j,
                 5.91141114e-02+1.49355680e-02j,
                -3.11867177e-02-3.65281799e-02j,
                 1.61178274e-02+4.36952633e-02j],
               [-8.51165752e-04+7.66286019e-03j,
                 5.96177459e-03-9.11798043e-03j,
                -8.14031782e-03+3.19472393e-03j,
                 8.04469360e-03-2.02420514e-04j,
                 9.14027405e-04+2.85099318e-04j,
                -4.98353554e-03-3.64010596e-03j,
                 1.64038405e-04+1.01875162e-03j,
                 1.25928744e-04-4.44986197e-03j,
                 1.57438276e-03+3.12421652e-17j,
                -7.75702070e-03-2.74705120e-03j,
                 7.77304546e-04+1.45746629e-03j,
                -1.58072344e-03-5.76193566e-03j,
                 1.92135287e-03+9.57801054e-03j,
                 3.72986643e-03-1.32929642e-02j,
                -8.58253027e-03+6.93656330e-03j,
                 9.60549108e-03-3.33162285e-03j],
               [-1.18185395e-02-5.33111838e-02j,
                -2.10869476e-02+8.14715888e-02j,
                 4.97783374e-02-4.16384117e-02j,
                -5.73737014e-02+2.08358676e-02j,
                -6.18711120e-03+1.54347354e-04j,
                 4.42990736e-02+1.38716268e-02j,
                -3.49558400e-03-6.41741678e-03j,
                 9.82363270e-03+3.20854083e-02j,
                -7.75702070e-03+2.74705120e-03j,
                 5.98460469e-02-5.26428091e-18j,
                -7.02372621e-03-6.59179517e-03j,
                 2.44852897e-02+3.56635629e-02j,
                -3.46664447e-02-6.02747878e-02j,
                 5.37219547e-03+1.06983113e-01j,
                 4.46509042e-02-6.94946953e-02j,
                -6.17258372e-02+4.71009609e-02j],
               [ 7.22267387e-03+4.84081449e-03j,
                -6.39205817e-03-1.12749652e-02j,
                -1.17204871e-03+1.07016212e-02j,
                 4.24916183e-03-8.57272699e-03j,
                 7.14051516e-04-7.44990915e-04j,
                -6.50931791e-03+3.27502603e-03j,
                 1.27020915e-03+3.96182998e-04j,
                -4.73105051e-03-2.65598587e-03j,
                 7.77304546e-04-1.45746629e-03j,
                -7.02372621e-03+6.59179517e-03j,
                 2.11478103e-03+6.09665987e-18j,
                -7.06175158e-03-1.60850723e-03j,
                 1.05949391e-02+3.11559621e-03j,
                -1.19967232e-02-1.12498029e-02j,
                 2.65608378e-03+1.33693688e-02j,
                 1.86809959e-03-1.19970562e-02j],
               [-3.70676163e-02-1.51084736e-02j,
                 4.00220951e-02+4.59769865e-02j,
                -4.77700258e-03-4.77974548e-02j,
                -1.16849520e-02+4.50712061e-02j,
                -2.43772271e-03+3.74037680e-03j,
                 2.63689723e-02-2.07522269e-02j,
                -5.41692744e-03-5.12687904e-04j,
                 2.45177813e-02+7.67739417e-03j,
                -1.58072344e-03+5.76193566e-03j,
                 2.44852897e-02-3.56635629e-02j,
                -7.06175158e-03+1.60850723e-03j,
                 3.32062104e-02+5.14502484e-18j,
                -5.08350686e-02-4.21828089e-03j,
                 6.61425244e-02+4.06558153e-02j,
                -2.40099828e-02-5.62413337e-02j,
                 3.00125602e-03+5.91918076e-02j],
               [ 6.65320849e-02+2.08432657e-02j,
                -7.10917955e-02-6.96532791e-02j,
                 1.40166722e-02+7.74972359e-02j,
                 1.23599476e-02-7.19396551e-02j,
                 3.67160495e-03-6.78743806e-03j,
                -4.01145151e-02+3.70397742e-02j,
                 8.70149053e-03+1.39429637e-04j,
                -3.90591411e-02-8.73571073e-03j,
                 1.92135287e-03-9.57801054e-03j,
                -3.46664447e-02+6.02747878e-02j,
                 1.05949391e-02-3.11559621e-03j,
                -5.08350686e-02+4.21828089e-03j,
                 8.91548576e-02+3.49805971e-18j,
                -1.13250731e-01-5.78097214e-02j,
                 4.67362063e-02+8.91354595e-02j,
                -1.24124396e-02-9.24542822e-02j],
               [-9.81079426e-02+1.66356755e-02j,
                 1.46737209e-01+4.59729666e-02j,
                -7.11592637e-02-9.44368011e-02j,
                 3.26647526e-02+1.06477404e-01j,
                -2.94944213e-04+1.09210643e-02j,
                 2.91635994e-02-7.89644173e-02j,
                -1.17093775e-02+5.64164620e-03j,
                 5.91141114e-02-1.49355680e-02j,
                 3.72986643e-03+1.32929642e-02j,
                 5.37219547e-03-1.06983113e-01j,
                -1.19967232e-02+1.12498029e-02j,
                 6.61425244e-02-4.06558153e-02j,
                -1.13250731e-01+5.78097214e-02j,
                 1.96624268e-01-1.91351535e-17j,
                -1.22836345e-01-8.78408743e-02j,
                 8.05996938e-02+1.17408298e-01j],
               [ 5.57284430e-02-5.56473664e-02j,
                -1.12343754e-01+3.69603438e-02j,
                 9.28570044e-02+2.90903859e-02j,
                -6.93616114e-02-5.34441202e-02j,
                -4.87187565e-03-7.27125713e-03j,
                 1.71292545e-02+6.25884969e-02j,
                 5.14128799e-03-9.46951997e-03j,
                -3.11867177e-02+3.65281799e-02j,
                -8.58253027e-03-6.93656330e-03j,
                 4.46509042e-02+6.94946953e-02j,
                 2.65608378e-03-1.33693688e-02j,
                -2.40099828e-02+5.62413337e-02j,
                 4.67362063e-02-8.91354595e-02j,
                -1.22836345e-01+8.78408743e-02j,
                 1.24356213e-01+7.83721236e-18j,
                -1.04961163e-01-3.87280065e-02j],
               [-3.08910167e-02+6.61197752e-02j,
                 8.75807557e-02-6.88043204e-02j,
                -8.74404091e-02+4.31355464e-03j,
                 8.12033267e-02+2.54411091e-02j,
                 6.51487052e-03+4.76244377e-03j,
                -3.52459822e-02-4.98547036e-02j,
                -1.39502813e-03+9.49335762e-03j,
                 1.61178274e-02-4.36952633e-02j,
                 9.60549108e-03+3.33162285e-03j,
                -6.17258372e-02-4.71009609e-02j,
                 1.86809959e-03+1.19970562e-02j,
                 3.00125602e-03-5.91918076e-02j,
                -1.24124396e-02+9.24542822e-02j,
                 8.05996938e-02-1.17408298e-01j,
                -1.04961163e-01+3.87280065e-02j,
                 1.08894699e-01-8.72947985e-18j]],
              dims=(2, 2, 2, 2))"
data/selected_mutant_qc/mutants_qpeexact_4/qpeexact_4_Mutant_Add_rzz_P10_Q2_[5.497787143782138].qasm,Quratest_14,"{'0110': 2, '0101': 12, '0100': 167, '0001': 228, '0010': 1, '0000': 368, '0111': 24, '0011': 222}","DensityMatrix([[ 4.17947967e-03+0.00000000e+00j,
                 5.34181274e-04+6.97735749e-04j,
                 3.06394804e-04+1.24787902e-05j,
                 1.17019061e-03+2.94544626e-04j,
                -7.48803828e-04-5.97463627e-03j,
                 2.90880462e-03-3.67050404e-03j,
                 2.13303704e-04-6.39016682e-05j,
                -1.91321931e-04-4.62240231e-03j,
                 3.82089308e-02+5.27270102e-03j,
                 1.78881051e-02+2.40835525e-02j,
                 4.17308731e-05+1.42574187e-03j,
                 2.89178314e-02+6.48008013e-03j,
                -6.92950606e-03+2.58600862e-02j,
                -5.20282922e-03+2.14835587e-03j,
                -5.85208550e-04+1.87509566e-03j,
                -3.76261965e-03+6.75208004e-03j],
               [ 5.34181274e-04-6.97735749e-04j,
                 1.84756206e-04+0.00000000e+00j,
                 4.12437141e-05-4.95556118e-05j,
                 1.98734841e-04-1.57709488e-04j,
                -1.09312992e-03-6.38613375e-04j,
                -2.40990030e-04-9.54734037e-04j,
                 1.65944978e-05-4.37769073e-05j,
                -7.96131622e-04-5.58851529e-04j,
                 5.76374315e-03-5.70481511e-03j,
                 6.30687272e-03+9.18325698e-05j,
                 2.43351566e-04+1.75258057e-04j,
                 4.77780708e-03-3.99941347e-03j,
                 3.43150232e-03+4.46202382e-03j,
                -3.06322641e-04+1.14315939e-03j,
                 2.38238705e-04+3.37353456e-04j,
                 6.46311712e-04+1.49113034e-03j],
               [ 3.06394804e-04-1.24787902e-05j,
                 4.12437141e-05+4.95556118e-05j,
                 2.24988524e-05+0.00000000e+00j,
                 8.66653058e-05+1.80989946e-05j,
                -7.27329377e-05-4.35760785e-04j,
                 2.02283356e-04-2.77767048e-04j,
                 1.54463561e-05-5.32145459e-06j,
                -2.78269170e-05-3.38293925e-04j,
                 2.81681351e-03+2.72456635e-04j,
                 1.38327172e-03+1.71213979e-03j,
                 7.31613949e-06+1.04395567e-04j,
                 2.13929425e-03+3.88709471e-04j,
                -4.30786175e-04+1.91647490e-03j,
                -3.75001455e-04+1.73028737e-04j,
                -3.73027137e-05+1.39209257e-04j,
                -2.55675205e-04+5.06224541e-04j],
               [ 1.17019061e-03-2.94544626e-04j,
                 1.98734841e-04+1.57709488e-04j,
                 8.66653058e-05-1.80989946e-05j,
                 3.48393273e-04+0.00000000e+00j,
                -6.30710142e-04-1.62003590e-03j,
                 5.55745882e-04-1.23268027e-03j,
                 5.52183805e-05-3.29238572e-05j,
                -3.79326379e-04-1.28071898e-03j,
                 1.10695066e-02-1.21646004e-03j,
                 6.70566094e-03+5.48238144e-03j,
                 1.12161733e-04+3.96245053e-04j,
                 8.55322920e-03-2.23631404e-04j,
                -1.17692525e-04+7.72877997e-03j,
                -1.30530967e-03+9.68171057e-04j,
                -3.17039948e-05+5.66240191e-04j,
                -5.77630108e-04+2.15564634e-03j],
               [-7.48803828e-04+5.97463627e-03j,
                -1.09312992e-03+6.38613375e-04j,
                -7.27329377e-05+4.35760785e-04j,
                -6.30710142e-04+1.62003590e-03j,
                 8.67499991e-03+0.00000000e+00j,
                 4.72589990e-03+4.81579973e-03j,
                 5.31325935e-05+3.16369971e-04j,
                 6.64207923e-03+5.54660814e-04j,
                -1.43830020e-02+5.36756397e-02j,
                -3.76327103e-02+2.12564894e-02j,
                -2.04559850e-03-1.95783745e-04j,
                -1.44443590e-02+4.01775409e-02j,
                -3.57259228e-02-1.45389892e-02j,
                -2.13896158e-03-7.82243529e-03j,
                -2.57563356e-03-1.17251127e-03j,
                -8.97809327e-03-6.58844387e-03j],
               [ 2.90880462e-03+3.67050404e-03j,
                -2.40990030e-04+9.54734037e-04j,
                 2.02283356e-04+2.77767048e-04j,
                 5.55745882e-04+1.23268027e-03j,
                 4.72589990e-03-4.81579973e-03j,
                 5.24796051e-03+0.00000000e+00j,
                 2.04573344e-04+1.42853821e-04j,
                 3.92633283e-03-3.38508959e-03j,
                 2.19617874e-02+3.72255171e-02j,
                -8.70102907e-03+3.24711977e-02j,
                -1.22307195e-03+1.02892662e-03j,
                 1.44350891e-02+2.99061878e-02j,
                -2.75336020e-02+1.19122862e-02j,
                -5.50775799e-03-3.07403295e-03j,
                -2.05403643e-03+7.91073727e-04j,
                -8.54849534e-03+1.39485568e-03j],
               [ 2.13303704e-04+6.39016682e-05j,
                 1.65944978e-05+4.37769073e-05j,
                 1.54463561e-05+5.32145459e-06j,
                 5.52183805e-05+3.29238572e-05j,
                 5.31325935e-05-3.16369971e-04j,
                 2.04573344e-04-1.42853821e-04j,
                 1.18631737e-05+0.00000000e+00j,
                 6.09093864e-05-2.38833875e-04j,
                 1.86941263e-03+8.53288293e-04j,
                 5.44713714e-04+1.50262502e-03j,
                -1.96689398e-05+7.34021262e-05j,
                 1.37677249e-03+7.72852846e-04j,
                -7.49038684e-04+1.21384612e-03j,
                -2.98378355e-04+3.00953247e-05j,
                -5.85357296e-05+8.67498050e-05j,
                -2.95264000e-04+2.87070665e-04j],
               [-1.91321931e-04+4.62240231e-03j,
                -7.96131622e-04+5.58851529e-04j,
                -2.78269170e-05+3.38293925e-04j,
                -3.79326379e-04+1.28071898e-03j,
                 6.64207923e-03-5.54660814e-04j,
                 3.92633283e-03+3.38508959e-03j,
                 6.09093864e-05+2.38833875e-04j,
                 5.12102197e-03+0.00000000e+00j,
                -7.58054932e-03+4.20167773e-02j,
                -2.74546749e-02+1.86813462e-02j,
                -1.57874594e-03-1.91121407e-05j,
                -8.49056713e-03+3.16857790e-02j,
                -2.82834144e-02-8.84764835e-03j,
                -2.13786177e-03-5.85254609e-03j,
                -2.04702115e-03-7.33061653e-04j,
                -7.29539586e-03-4.47045188e-03j],
               [ 3.82089308e-02-5.27270102e-03j,
                 5.76374315e-03+5.70481511e-03j,
                 2.81681351e-03-2.72456635e-04j,
                 1.10695066e-02+1.21646004e-03j,
                -1.43830020e-02-5.36756397e-02j,
                 2.19617874e-02-3.72255171e-02j,
                 1.86941263e-03-8.53288293e-04j,
                -7.58054932e-03-4.20167773e-02j,
                 3.55959086e-01+0.00000000e+00j,
                 1.93916660e-01+1.97605498e-01j,
                 2.18017633e-03+1.29815293e-02j,
                 2.72542764e-01+2.27592575e-02j,
                -3.07254789e-02+2.45155746e-01j,
                -4.48541249e-02+2.62040618e-02j,
                -2.98443231e-03+1.78804626e-02j,
                -2.58797704e-02+6.64745252e-02j],
               [ 1.78881051e-02-2.40835525e-02j,
                 6.30687272e-03-9.18325698e-05j,
                 1.38327172e-03-1.71213979e-03j,
                 6.70566094e-03-5.48238144e-03j,
                -3.76327103e-02-2.12564894e-02j,
                -8.70102907e-03-3.24711977e-02j,
                 5.44713714e-04-1.50262502e-03j,
                -2.74546749e-02-1.86813462e-02j,
                 1.93916660e-01-1.97605498e-01j,
                 2.15338242e-01+0.00000000e+00j,
                 8.39420649e-03+5.86168486e-03j,
                 1.61108226e-01-1.38899529e-01j,
                 1.19356247e-01+1.50610868e-01j,
                -9.88848319e-03+3.91753613e-02j,
                 8.30024198e-03+1.13975453e-02j,
                 2.28037808e-02+5.05802592e-02j],
               [ 4.17308731e-05-1.42574187e-03j,
                 2.43351566e-04-1.75258057e-04j,
                 7.31613949e-06-1.04395567e-04j,
                 1.12161733e-04-3.96245053e-04j,
                -2.04559850e-03+1.95783745e-04j,
                -1.22307195e-03-1.02892662e-03j,
                -1.96689398e-05-7.34021262e-05j,
                -1.57874594e-03+1.91121407e-05j,
                 2.18017633e-03-1.29815293e-02j,
                 8.39420649e-03-5.86168486e-03j,
                 4.86778619e-04+0.00000000e+00j,
                 2.49927951e-03-9.80001024e-03j,
                 8.75243717e-03+2.62206106e-03j,
                 6.80917848e-04+1.79628681e-03j,
                 6.33806438e-04+2.18353906e-04j,
                 2.26576190e-03+1.35095634e-03j],
               [ 2.89178314e-02-6.48008013e-03j,
                 4.77780708e-03+3.99941347e-03j,
                 2.13929425e-03-3.88709471e-04j,
                 8.55322920e-03+2.23631404e-04j,
                -1.44443590e-02-4.01775409e-02j,
                 1.44350891e-02-2.99061878e-02j,
                 1.37677249e-03-7.72852846e-04j,
                -8.49056713e-03-3.16857790e-02j,
                 2.72542764e-01-2.27592575e-02j,
                 1.61108226e-01+1.38899529e-01j,
                 2.49927951e-03+9.80001024e-03j,
                 2.10129605e-01+0.00000000e+00j,
                -7.85046462e-03+1.89669870e-01j,
                -3.26674684e-02+2.29312140e-02j,
                -1.14181488e-03+1.38811294e-02j,
                -1.55648038e-02+5.25514193e-02j],
               [-6.92950606e-03-2.58600862e-02j,
                 3.43150232e-03-4.46202382e-03j,
                -4.30786175e-04-1.91647490e-03j,
                -1.17692525e-04-7.72877997e-03j,
                -3.57259228e-02+1.45389892e-02j,
                -2.75336020e-02-1.19122862e-02j,
                -7.49038684e-04-1.21384612e-03j,
                -2.82834144e-02+8.84764835e-03j,
                -3.07254789e-02-2.45155746e-01j,
                 1.19356247e-01-1.50610868e-01j,
                 8.75243717e-03-2.62206106e-03j,
                -7.85046462e-03-1.89669870e-01j,
                 1.71495537e-01+0.00000000e+00j,
                 2.19189257e-02+2.86300153e-02j,
                 1.25722208e-02+5.12039054e-04j,
                 4.80161366e-02+1.20859755e-02j],
               [-5.20282922e-03-2.14835587e-03j,
                -3.06322641e-04-1.14315939e-03j,
                -3.75001455e-04-1.73028737e-04j,
                -1.30530967e-03-9.68171057e-04j,
                -2.13896158e-03+7.82243529e-03j,
                -5.50775799e-03+3.07403295e-03j,
                -2.98378355e-04-3.00953247e-05j,
                -2.13786177e-03+5.85254609e-03j,
                -4.48541249e-02-2.62040618e-02j,
                -9.88848319e-03-3.91753613e-02j,
                 6.80917848e-04-1.79628681e-03j,
                -3.26674684e-02-2.29312140e-02j,
                 2.19189257e-02-2.86300153e-02j,
                 7.58105489e-03+0.00000000e+00j,
                 1.69234294e-03-2.03340294e-03j,
                 8.15463667e-03-6.47125370e-03j],
               [-5.85208550e-04-1.87509566e-03j,
                 2.38238705e-04-3.37353456e-04j,
                -3.73027137e-05-1.39209257e-04j,
                -3.17039948e-05-5.66240191e-04j,
                -2.57563356e-03+1.17251127e-03j,
                -2.05403643e-03-7.91073727e-04j,
                -5.85357296e-05-8.67498050e-05j,
                -2.04702115e-03+7.33061653e-04j,
                -2.98443231e-03-1.78804626e-02j,
                 8.30024198e-03-1.13975453e-02j,
                 6.33806438e-04-2.18353906e-04j,
                -1.14181488e-03-1.38811294e-02j,
                 1.25722208e-02-5.12039054e-04j,
                 1.69234294e-03+2.03340294e-03j,
                 9.23189744e-04+0.00000000e+00j,
                 3.55611566e-03+7.42651487e-04j],
               [-3.76261965e-03-6.75208004e-03j,
                 6.46311712e-04-1.49113034e-03j,
                -2.55675205e-04-5.06224541e-04j,
                -5.77630108e-04-2.15564634e-03j,
                -8.97809327e-03+6.58844387e-03j,
                -8.54849534e-03-1.39485568e-03j,
                -2.95264000e-04-2.87070665e-04j,
                -7.29539586e-03+4.47045188e-03j,
                -2.58797704e-02-6.64745252e-02j,
                 2.28037808e-02-5.05802592e-02j,
                 2.26576190e-03-1.35095634e-03j,
                -1.55648038e-02-5.25514193e-02j,
                 4.80161366e-02-1.20859755e-02j,
                 8.15463667e-03+6.47125370e-03j,
                 3.55611566e-03-7.42651487e-04j,
                 1.42955334e-02+0.00000000e+00j]],
              dims=(2, 2, 2, 2))","{'0110': 12, '0001': 197, '0100': 195, '0111': 28, '0011': 203, '0010': 16, '0000': 343, '0101': 30}","DensityMatrix([[ 4.83745267e-03+9.64784050e-19j,
                 8.07752004e-04+9.69817200e-04j,
                 3.22212850e-04+2.36123139e-05j,
                 1.54880656e-03+3.15293735e-04j,
                -7.55363496e-04-5.90836614e-03j,
                 2.94824402e-03-3.68603712e-03j,
                 2.03321362e-04-5.97181729e-05j,
                -1.90372431e-04-4.65898738e-03j,
                 3.65255468e-02+5.01709210e-03j,
                 1.68257243e-02+2.27951918e-02j,
                 3.27245714e-05+1.30864612e-03j,
                 2.72954859e-02+6.09023262e-03j,
                -6.74209708e-03+2.52200770e-02j,
                -5.14902528e-03+2.14852316e-03j,
                -5.44165343e-04+1.78397533e-03j,
                -3.61556927e-03+6.61464216e-03j],
               [ 8.07752004e-04-9.69817200e-04j,
                 5.03295941e-04-4.46678235e-19j,
                 5.46380175e-05-1.96094823e-05j,
                 3.87160121e-04-3.22934886e-04j,
                -9.85874679e-04-5.29295213e-04j,
                -2.47830591e-04-9.97421502e-04j,
                 1.00421732e-05-3.64734680e-05j,
                -7.97184225e-04-5.54938114e-04j,
                 5.28068783e-03-5.31241628e-03j,
                 6.18426639e-03+6.89728451e-05j,
                 2.37657069e-04+1.18114064e-04j,
                 4.44846177e-03-3.76383592e-03j,
                 3.39244230e-03+4.43828612e-03j,
                -3.89105634e-04+1.44863687e-03j,
                 8.90111165e-05+2.72677827e-04j,
                 6.58567303e-04+1.50325520e-03j],
               [ 3.22212850e-04-2.36123139e-05j,
                 5.46380175e-05+1.96094823e-05j,
                 1.54232154e-04+8.73244486e-19j,
                 1.17300312e-04+3.19735314e-05j,
                -6.20166407e-05-4.38747692e-04j,
                 1.87708394e-04-2.76723994e-04j,
                 5.17690671e-06-1.03414457e-04j,
                -1.16508625e-05-3.57908564e-04j,
                 2.67429614e-03+2.87909418e-04j,
                 1.30569170e-03+1.49708530e-03j,
                 6.17533444e-04+1.64781802e-04j,
                 2.10669660e-03+4.80612560e-04j,
                -4.18987180e-04+1.81730613e-03j,
                -2.13405243e-04+1.91527547e-04j,
                -2.11144069e-04+7.89494690e-04j,
                -3.78262564e-04+5.60425780e-04j],
               [ 1.54880656e-03-3.15293735e-04j,
                 3.87160121e-04+3.22934886e-04j,
                 1.17300312e-04-3.19735314e-05j,
                 6.57745317e-04-8.66450147e-19j,
                -6.19820671e-04-1.47060070e-03j,
                 5.61118594e-04-1.23099901e-03j,
                 5.64183549e-05-2.43490433e-05j,
                -3.88356141e-04-1.32171541e-03j,
                 1.02773499e-02-1.17558735e-03j,
                 6.28169356e-03+5.17357889e-03j,
                 5.40658559e-05+3.80965002e-04j,
                 8.28233693e-03-2.32966287e-04j,
                -1.70502783e-04+7.54368595e-03j,
                -1.32280561e-03+9.71223001e-04j,
                 4.77210907e-05+6.74538929e-04j,
                -6.41800390e-04+2.39376723e-03j],
               [-7.55363496e-04+5.90836614e-03j,
                -9.85874679e-04+5.29295213e-04j,
                -6.20166407e-05+4.38747692e-04j,
                -6.19820671e-04+1.47060070e-03j,
                 9.05035690e-03-4.23679399e-18j,
                 4.77188612e-03+4.88769899e-03j,
                 6.24942493e-05+3.11111115e-04j,
                 6.72483962e-03+5.54025014e-04j,
                -1.38484946e-02+5.17884188e-02j,
                -3.56535048e-02+2.00416588e-02j,
                -1.89088975e-03-1.57364627e-04j,
                -1.35994283e-02+3.80229320e-02j,
                -3.41538944e-02-1.38842748e-02j,
                -1.93047897e-03-7.24610030e-03j,
                -2.46023022e-03-1.08564598e-03j,
                -8.32686348e-03-6.14857801e-03j],
               [ 2.94824402e-03+3.68603712e-03j,
                -2.47830591e-04+9.97421502e-04j,
                 1.87708394e-04+2.76723994e-04j,
                 5.61118594e-04+1.23099901e-03j,
                 4.77188612e-03-4.88769899e-03j,
                 5.51606076e-03-4.30866281e-19j,
                 2.03667462e-04+1.77552822e-04j,
                 3.93259508e-03-3.42150779e-03j,
                 2.08829321e-02+3.51570627e-02j,
                -8.52550059e-03+3.18691946e-02j,
                -1.33151452e-03+8.87122839e-04j,
                 1.37079339e-02+2.80489624e-02j,
                -2.59489370e-02+1.13488287e-02j,
                -5.39351146e-03-3.02547223e-03j,
                -1.87802578e-03+6.44869493e-04j,
                -8.02317637e-03+1.34858070e-03j],
               [ 2.03321362e-04+5.97181729e-05j,
                 1.00421732e-05+3.64734680e-05j,
                 5.17690671e-06+1.03414457e-04j,
                 5.64183549e-05+2.43490433e-05j,
                 6.24942493e-05-3.11111115e-04j,
                 2.03667462e-04-1.77552822e-04j,
                 2.14171225e-04+5.02206397e-18j,
                 9.78077260e-05-2.01670389e-04j,
                 1.71715993e-03+8.07347636e-04j,
                 7.11001159e-04+1.43376052e-03j,
                -3.13787310e-04+1.17320603e-03j,
                 1.05894806e-03+8.57865807e-04j,
                -6.82240621e-04+1.11716125e-03j,
                -2.65211570e-04-1.70735334e-05j,
                -6.17345676e-04-1.65488530e-04j,
                -2.37818593e-04+3.02597165e-04j],
               [-1.90372431e-04+4.65898738e-03j,
                -7.97184225e-04+5.54938114e-04j,
                -1.16508625e-05+3.57908564e-04j,
                -3.88356141e-04+1.32171541e-03j,
                 6.72483962e-03-5.54025014e-04j,
                 3.93259508e-03+3.42150779e-03j,
                 9.78077260e-05+2.01670389e-04j,
                 5.39150768e-03+2.57405065e-18j,
                -7.19713409e-03+3.97259852e-02j,
                -2.58818149e-02+1.74580552e-02j,
                -1.34549484e-03+2.14531671e-04j,
                -8.32569020e-03+3.11224891e-02j,
                -2.66833748e-02-8.34451668e-03j,
                -1.97855306e-03-5.48179440e-03j,
                -2.06438064e-03-6.35278791e-04j,
                -7.06101420e-03-4.33334729e-03j],
               [ 3.65255468e-02-5.01709210e-03j,
                 5.28068783e-03+5.31241628e-03j,
                 2.67429614e-03-2.87909418e-04j,
                 1.02773499e-02+1.17558735e-03j,
                -1.38484946e-02-5.17884188e-02j,
                 2.08829321e-02-3.51570627e-02j,
                 1.71715993e-03-8.07347636e-04j,
                -7.19713409e-03-3.97259852e-02j,
                 3.45284927e-01-3.68120170e-18j,
                 1.83779249e-01+1.88327023e-01j,
                 2.21211209e-03+1.19828323e-02j,
                 2.58860093e-01+2.13738846e-02j,
                -2.91811651e-02+2.35026638e-01j,
                -4.16789817e-02+2.41504705e-02j,
                -2.63676508e-03+1.70345719e-02j,
                -2.42108249e-02+6.18775651e-02j],
               [ 1.68257243e-02-2.27951918e-02j,
                 6.18426639e-03-6.89728451e-05j,
                 1.30569170e-03-1.49708530e-03j,
                 6.28169356e-03-5.17357889e-03j,
                -3.56535048e-02-2.00416588e-02j,
                -8.52550059e-03-3.18691946e-02j,
                 7.11001159e-04-1.43376052e-03j,
                -2.58818149e-02-1.74580552e-02j,
                 1.83779249e-01-1.88327023e-01j,
                 2.12583270e-01+2.10341743e-19j,
                 7.82893071e-03+6.89264232e-03j,
                 1.51512148e-01-1.31844078e-01j,
                 1.13625173e-01+1.42084702e-01j,
                -9.56441240e-03+3.84914526e-02j,
                 7.22629094e-03+1.06642375e-02j,
                 2.16590443e-02+4.75004085e-02j],
               [ 3.27245714e-05-1.30864612e-03j,
                 2.37657069e-04-1.18114064e-04j,
                 6.17533444e-04-1.64781802e-04j,
                 5.40658559e-05-3.80965002e-04j,
                -1.89088975e-03+1.57364627e-04j,
                -1.33151452e-03-8.87122839e-04j,
                -3.13787310e-04-1.17320603e-03j,
                -1.34549484e-03-2.14531671e-04j,
                 2.21211209e-03-1.19828323e-02j,
                 7.82893071e-03-6.89264232e-03j,
                 8.09229685e-03-4.61611960e-17j,
                 3.63991228e-03-7.87668530e-03j,
                 8.08574970e-03+2.41107590e-03j,
                 4.42295536e-04+1.59833337e-03j,
                 1.95787007e-04+4.10702832e-03j,
                 2.30230673e-03+1.08248080e-03j],
               [ 2.72954859e-02-6.09023262e-03j,
                 4.44846177e-03+3.76383592e-03j,
                 2.10669660e-03-4.80612560e-04j,
                 8.28233693e-03+2.32966287e-04j,
                -1.35994283e-02-3.80229320e-02j,
                 1.37079339e-02-2.80489624e-02j,
                 1.05894806e-03-8.57865807e-04j,
                -8.32569020e-03-3.11224891e-02j,
                 2.58860093e-01-2.13738846e-02j,
                 1.51512148e-01+1.31844078e-01j,
                 3.63991228e-03+7.87668530e-03j,
                 2.07508796e-01+2.47001931e-17j,
                -7.36598416e-03+1.79491453e-01j,
                -3.07577273e-02+2.14192716e-02j,
                -4.88382533e-04+1.37598773e-02j,
                -1.49832648e-02+5.10037248e-02j],
               [-6.74209708e-03-2.52200770e-02j,
                 3.39244230e-03-4.43828612e-03j,
                -4.18987180e-04-1.81730613e-03j,
                -1.70502783e-04-7.54368595e-03j,
                -3.41538944e-02+1.38842748e-02j,
                -2.59489370e-02-1.13488287e-02j,
                -6.82240621e-04-1.11716125e-03j,
                -2.66833748e-02+8.34451668e-03j,
                -2.91811651e-02-2.35026638e-01j,
                 1.13625173e-01-1.42084702e-01j,
                 8.08574970e-03-2.41107590e-03j,
                -7.36598416e-03-1.79491453e-01j,
                 1.68382063e-01-3.67420189e-18j,
                 2.21064893e-02+2.85875918e-02j,
                 1.20170742e-02+3.97359474e-04j,
                 4.72867500e-02+1.14470965e-02j],
               [-5.14902528e-03-2.14852316e-03j,
                -3.89105634e-04-1.44863687e-03j,
                -2.13405243e-04-1.91527547e-04j,
                -1.32280561e-03-9.71223001e-04j,
                -1.93047897e-03+7.24610030e-03j,
                -5.39351146e-03+3.02547223e-03j,
                -2.65211570e-04+1.70735334e-05j,
                -1.97855306e-03+5.48179440e-03j,
                -4.16789817e-02-2.41504705e-02j,
                -9.56441240e-03-3.84914526e-02j,
                 4.42295536e-04-1.59833337e-03j,
                -3.07577273e-02-2.14192716e-02j,
                 2.21064893e-02-2.85875918e-02j,
                 1.00547755e-02+2.79429663e-17j,
                 1.65116088e-03-9.03648565e-04j,
                 8.26187846e-03-6.65127100e-03j],
               [-5.44165343e-04-1.78397533e-03j,
                 8.90111165e-05-2.72677827e-04j,
                -2.11144069e-04-7.89494690e-04j,
                 4.77210907e-05-6.74538929e-04j,
                -2.46023022e-03+1.08564598e-03j,
                -1.87802578e-03-6.44869493e-04j,
                -6.17345676e-04+1.65488530e-04j,
                -2.06438064e-03+6.35278791e-04j,
                -2.63676508e-03-1.70345719e-02j,
                 7.22629094e-03-1.06642375e-02j,
                 1.95787007e-04-4.10702832e-03j,
                -4.88382533e-04-1.37598773e-02j,
                 1.20170742e-02-3.97359474e-04j,
                 1.65116088e-03+9.03648565e-04j,
                 5.53464098e-03+9.32244919e-18j,
                 4.17511181e-03+1.53462592e-03j],
               [-3.61556927e-03-6.61464216e-03j,
                 6.58567303e-04-1.50325520e-03j,
                -3.78262564e-04-5.60425780e-04j,
                -6.41800390e-04-2.39376723e-03j,
                -8.32686348e-03+6.14857801e-03j,
                -8.02317637e-03-1.34858070e-03j,
                -2.37818593e-04-3.02597165e-04j,
                -7.06101420e-03+4.33334729e-03j,
                -2.42108249e-02-6.18775651e-02j,
                 2.16590443e-02-4.75004085e-02j,
                 2.30230673e-03-1.08248080e-03j,
                -1.49832648e-02-5.10037248e-02j,
                 4.72867500e-02-1.14470965e-02j,
                 8.26187846e-03+6.65127100e-03j,
                 4.17511181e-03-1.53462592e-03j,
                 1.62344063e-02-2.38435622e-17j]],
              dims=(2, 2, 2, 2))"
data/selected_mutant_qc/mutants_qpeexact_4/qpeexact_4_Mutant_Add_rzz_P10_Q2_[5.497787143782138].qasm,Quratest_15,"{'0001': 1, '0111': 6, '0101': 2, '0100': 280, '0010': 176, '0000': 129, '0110': 430}","DensityMatrix([[ 6.67862767e-02+0.00000000e+00j,
                 3.02157783e-03+2.32945050e-03j,
                 5.47816485e-02+5.47816485e-02j,
                -7.34721834e-05+3.81456079e-03j,
                 2.05432050e-02-8.68027924e-02j,
                 1.23860418e-02-6.24749977e-03j,
                 8.80508838e-02-5.43496299e-02j,
                 1.23924885e-02+6.23470235e-03j,
                 5.58694506e-02+2.75735643e-02j,
                -1.17634768e-03+2.58851897e-03j,
                 2.32097876e-02+6.84443891e-02j,
                -2.78024129e-03+5.95384493e-04j,
                 1.60549389e-02-1.07317197e-01j,
                 1.44078074e-02-6.73299811e-03j,
                 1.01196373e-01-7.48581473e-02j,
                 1.39859716e-02+7.57038804e-03j],
               [ 3.02157783e-03-2.32945050e-03j,
                 2.17953042e-04+0.00000000e+00j,
                 4.38919741e-03+5.67719568e-04j,
                 1.29724683e-04+1.75142899e-04j,
                -2.09818427e-03-4.64370507e-03j,
                 3.42467780e-04-7.14667449e-04j,
                 2.08797125e-03-5.53005542e-03j,
                 7.78128406e-04-1.50166332e-04j,
                 3.48941665e-03-7.01183704e-04j,
                 3.70645117e-05+1.58141099e-04j,
                 3.43735280e-03+2.28705663e-03j,
                -1.05018532e-04+1.23909214e-04j,
                -3.01677021e-03-5.41528089e-03j,
                 4.17003715e-04-8.07150128e-04j,
                 1.96738575e-03-6.91641580e-03j,
                 8.96809177e-04-1.45315959e-04j],
               [ 5.47816485e-02-5.47816485e-02j,
                 4.38919741e-03-5.67719568e-04j,
                 8.98696307e-02+0.00000000e+00j,
                 3.06863941e-03+3.18917098e-03j,
                -5.43496299e-02-8.80508838e-02j,
                 5.03515797e-03-1.52842197e-02j,
                 2.76435570e-02-1.16804459e-01j,
                 1.52790105e-02-5.05094303e-03j,
                 6.84443891e-02-2.32097876e-02j,
                 1.15833784e-03+3.08814342e-03j,
                 7.51796198e-02+3.71038207e-02j,
                -1.79213549e-03+2.76886741e-03j,
                -7.48581473e-02-1.01196373e-01j,
                 6.29528585e-03-1.73408106e-02j,
                 2.16040106e-02-1.44409261e-01j,
                 1.76816702e-02-5.26240212e-03j],
               [-7.34721834e-05-3.81456079e-03j,
                 1.29724683e-04-1.75142899e-04j,
                 3.06863941e-03-3.18917098e-03j,
                 2.17953042e-04+0.00000000e+00j,
                -4.98042260e-03-1.07785187e-03j,
                -3.70457801e-04-7.00567457e-04j,
                -3.20109562e-03-4.96931824e-03j,
                 3.42467780e-04-7.14667449e-04j,
                 1.51342748e-03-3.22136996e-03j,
                 1.49139798e-04+6.43405471e-05j,
                 3.88373213e-03-1.40094506e-03j,
                 3.70645117e-05+1.58141099e-04j,
                -6.14718446e-03-7.98932269e-04j,
                -4.00411656e-04-8.15508389e-04j,
                -4.38692028e-03-5.69757357e-03j,
                 4.17003715e-04-8.07150128e-04j],
               [ 2.05432050e-02+8.68027924e-02j,
                -2.09818427e-03+4.64370507e-03j,
                -5.43496299e-02+8.80508838e-02j,
                -4.98042260e-03+1.07785187e-03j,
                 1.19137470e-01+0.00000000e+00j,
                 1.19298374e-02+1.41765553e-02j,
                 9.77228754e-02+9.77228754e-02j,
                -4.29142266e-03+1.80244122e-02j,
                -1.86524068e-02+8.10956078e-02j,
                -3.72616409e-03-7.32692251e-04j,
                -8.18186151e-02+5.12192273e-02j,
                -1.62901884e-03-3.43036942e-03j,
                 1.44419673e-01-1.21435973e-02j,
                 1.31827318e-02+1.66549268e-02j,
                 1.28421503e-01+1.08499857e-01j,
                -5.53727738e-03+2.05063299e-02j],
               [ 1.23860418e-02+6.24749977e-03j,
                 3.42467780e-04+7.14667449e-04j,
                 5.03515797e-03+1.52842197e-02j,
                -3.70457801e-04+7.00567457e-04j,
                 1.19298374e-02-1.41765553e-02j,
                 2.88150942e-03+0.00000000e+00j,
                 2.14138488e-02-1.84287730e-03j,
                 1.71506162e-03+2.31552590e-03j,
                 7.78207052e-03+1.03400239e-02j,
                -4.60305091e-04+3.70020214e-04j,
                -2.09816915e-03+1.48647036e-02j,
                -5.71312719e-04-1.49657985e-04j,
                 1.30164661e-02-1.84009668e-02j,
                 3.30187757e-03+9.90858796e-05j,
                 2.57702458e-02-4.41665325e-03j,
                 1.88563936e-03+2.71230118e-03j],
               [ 8.80508838e-02+5.43496299e-02j,
                 2.08797125e-03+5.53005542e-03j,
                 2.76435570e-02+1.16804459e-01j,
                -3.20109562e-03+4.96931824e-03j,
                 9.77228754e-02-9.77228754e-02j,
                 2.14138488e-02+1.84287730e-03j,
                 1.60314977e-01+0.00000000e+00j,
                 1.12645268e-02+1.83046320e-02j,
                 5.12192273e-02+8.18186151e-02j,
                -3.65739060e-03+2.45540447e-03j,
                -2.50992418e-02+1.09124699e-01j,
                -4.14997875e-03-1.47756334e-03j,
                 1.08499857e-01-1.28421503e-01j,
                 2.44744311e-02+2.84807858e-03j,
                 1.94335473e-01-1.63407912e-02j,
                 1.22784113e-02+2.13623488e-02j],
               [ 1.23924885e-02-6.23470235e-03j,
                 7.78128406e-04+1.50166332e-04j,
                 1.52790105e-02+5.05094303e-03j,
                 3.42467780e-04+7.14667449e-04j,
                -4.29142266e-03-1.80244122e-02j,
                 1.71506162e-03-2.31552590e-03j,
                 1.12645268e-02-1.83046320e-02j,
                 2.88150942e-03+0.00000000e+00j,
                 1.29408995e-02-9.91867729e-05j,
                 2.33696241e-05+5.90126763e-04j,
                 1.06961708e-02+1.05334542e-02j,
                -4.60305091e-04+3.70020214e-04j,
                -7.03932240e-03-2.14119572e-02j,
                 2.04488639e-03-2.59435023e-03j,
                 1.17891978e-02-2.33372494e-02j,
                 3.30187757e-03+9.90858796e-05j],
               [ 5.58694506e-02-2.75735643e-02j,
                 3.48941665e-03+7.01183704e-04j,
                 6.84443891e-02+2.32097876e-02j,
                 1.51342748e-03+3.22136996e-03j,
                -1.86524068e-02-8.10956078e-02j,
                 7.78207052e-03-1.03400239e-02j,
                 5.12192273e-02-8.18186151e-02j,
                 1.29408995e-02+9.91867729e-05j,
                 5.81211762e-02+0.00000000e+00j,
                 8.46400796e-05+2.65107204e-03j,
                 4.76740732e-02+4.76740732e-02j,
                -2.07997342e-03+1.64592146e-03j,
                -3.08766578e-02-9.64037080e-02j,
                 9.27291587e-03-1.15808748e-02j,
                 5.37487641e-02-1.04402111e-01j,
                 1.48253680e-02+5.58652689e-04j],
               [-1.17634768e-03-2.58851897e-03j,
                 3.70645117e-05-1.58141099e-04j,
                 1.15833784e-03-3.08814342e-03j,
                 1.49139798e-04-6.43405471e-05j,
                -3.72616409e-03+7.32692251e-04j,
                -4.60305091e-04-3.70020214e-04j,
                -3.65739060e-03-2.45540447e-03j,
                 2.33696241e-05-5.90126763e-04j,
                 8.46400796e-05-2.65107204e-03j,
                 1.21046190e-04+0.00000000e+00j,
                 2.24397626e-03-2.10512369e-03j,
                 7.20461548e-05+9.72704044e-05j,
                -4.44221185e-03+1.26798237e-03j,
                -5.14732753e-04-4.39828920e-04j,
                -4.68380434e-03-2.60367148e-03j,
                 4.70714640e-05-6.75413624e-04j],
               [ 2.32097876e-02-6.84443891e-02j,
                 3.43735280e-03-2.28705663e-03j,
                 7.51796198e-02-3.71038207e-02j,
                 3.88373213e-03+1.40094506e-03j,
                -8.18186151e-02-5.12192273e-02j,
                -2.09816915e-03-1.48647036e-02j,
                -2.50992418e-02-1.09124699e-01j,
                 1.06961708e-02-1.05334542e-02j,
                 4.76740732e-02-4.76740732e-02j,
                 2.24397626e-03+2.10512369e-03j,
                 7.82096097e-02+0.00000000e+00j,
                -3.56032452e-04+3.05617672e-03j,
                -1.04402111e-01-5.37487641e-02j,
                -1.89311038e-03-1.71053858e-02j,
                -4.15485631e-02-1.29723741e-01j,
                 1.26187902e-02-1.17023170e-02j],
               [-2.78024129e-03-5.95384493e-04j,
                -1.05018532e-04-1.23909214e-04j,
                -1.79213549e-03-2.76886741e-03j,
                 3.70645117e-05-1.58141099e-04j,
                -1.62901884e-03+3.43036942e-03j,
                -5.71312719e-04+1.49657985e-04j,
                -4.14997875e-03+1.47756334e-03j,
                -4.60305091e-04-3.70020214e-04j,
                -2.07997342e-03-1.64592146e-03j,
                 7.20461548e-05-9.72704044e-05j,
                -3.56032452e-04-3.05617672e-03j,
                 1.21046190e-04+0.00000000e+00j,
                -1.62505838e-03+4.32437402e-03j,
                -6.59804764e-04+1.51845181e-04j,
                -4.88004019e-03+2.21412194e-03j,
                -5.14732753e-04-4.39828920e-04j],
               [ 1.60549389e-02+1.07317197e-01j,
                -3.01677021e-03+5.41528089e-03j,
                -7.48581473e-02+1.01196373e-01j,
                -6.14718446e-03+7.98932269e-04j,
                 1.44419673e-01+1.21435973e-02j,
                 1.30164661e-02+1.84009668e-02j,
                 1.08499857e-01+1.28421503e-01j,
                -7.03932240e-03+2.14119572e-02j,
                -3.08766578e-02+9.64037080e-02j,
                -4.44221185e-03-1.26798237e-03j,
                -1.04402111e-01+5.37487641e-02j,
                -1.62505838e-03-4.32437402e-03j,
                 1.76304810e-01+0.00000000e+00j,
                 1.42826191e-02+2.15329810e-02j,
                 1.44614562e-01+1.44614562e-01j,
                -8.80254048e-03+2.42935745e-02j],
               [ 1.44078074e-02+6.73299811e-03j,
                 4.17003715e-04+8.07150128e-04j,
                 6.29528585e-03+1.73408106e-02j,
                -4.00411656e-04+8.15508389e-04j,
                 1.31827318e-02-1.66549268e-02j,
                 3.30187757e-03-9.90858796e-05j,
                 2.44744311e-02-2.84807858e-03j,
                 2.04488639e-03+2.59435023e-03j,
                 9.27291587e-03+1.15808748e-02j,
                -5.14732753e-04+4.39828920e-04j,
                -1.89311038e-03+1.71053858e-02j,
                -6.59804764e-04-1.51845181e-04j,
                 1.42826191e-02-2.15329810e-02j,
                 3.78697824e-03+0.00000000e+00j,
                 2.93778559e-02-5.94713161e-03j,
                 2.25399264e-03+3.04314334e-03j],
               [ 1.01196373e-01+7.48581473e-02j,
                 1.96738575e-03+6.91641580e-03j,
                 2.16040106e-02+1.44409261e-01j,
                -4.38692028e-03+5.69757357e-03j,
                 1.28421503e-01-1.08499857e-01j,
                 2.57702458e-02+4.41665325e-03j,
                 1.94335473e-01+1.63407912e-02j,
                 1.17891978e-02+2.33372494e-02j,
                 5.37487641e-02+1.04402111e-01j,
                -4.68380434e-03+2.60367148e-03j,
                -4.15485631e-02+1.29723741e-01j,
                -4.88004019e-03-2.21412194e-03j,
                 1.44614562e-01-1.44614562e-01j,
                 2.93778559e-02+5.94713161e-03j,
                 2.37241076e-01+0.00000000e+00j,
                 1.27065682e-02+2.71471899e-02j],
               [ 1.39859716e-02-7.57038804e-03j,
                 8.96809177e-04+1.45315959e-04j,
                 1.76816702e-02+5.26240212e-03j,
                 4.17003715e-04+8.07150128e-04j,
                -5.53727738e-03-2.05063299e-02j,
                 1.88563936e-03-2.71230118e-03j,
                 1.22784113e-02-2.13623488e-02j,
                 3.30187757e-03-9.90858796e-05j,
                 1.48253680e-02-5.58652689e-04j,
                 4.70714640e-05+6.75413624e-04j,
                 1.26187902e-02+1.17023170e-02j,
                -5.14732753e-04+4.39828920e-04j,
                -8.80254048e-03-2.42935745e-02j,
                 2.25399264e-03-3.04314334e-03j,
                 1.27065682e-02-2.71471899e-02j,
                 3.78697824e-03+0.00000000e+00j]],
              dims=(2, 2, 2, 2))","{'0011': 4, '0111': 17, '0001': 1, '0101': 18, '0100': 273, '0000': 128, '0010': 172, '0110': 411}","DensityMatrix([[ 6.66423751e-02-7.32784574e-18j,
                 3.00646632e-03+2.36859031e-03j,
                 5.34530649e-02+5.34679703e-02j,
                -9.96534467e-05+3.78396309e-03j,
                 2.03313374e-02-8.47966692e-02j,
                 1.19482484e-02-5.95178064e-03j,
                 8.45243665e-02-5.18581089e-02j,
                 1.18153665e-02+5.98826233e-03j,
                 5.51556946e-02+2.67888312e-02j,
                -1.06559765e-03+2.53025439e-03j,
                 2.26805815e-02+6.57372248e-02j,
                -2.63644289e-03+6.38005582e-04j,
                 1.58287368e-02-1.04640313e-01j,
                 1.38189082e-02-6.39257931e-03j,
                 9.68783509e-02-7.14050040e-02j,
                 1.32724125e-02+7.21996607e-03j],
               [ 3.00646632e-03-2.36859031e-03j,
                 5.25646383e-04-8.25629649e-18j,
                 4.35143942e-03+5.37441812e-04j,
                 1.72683166e-04+2.28967386e-04j,
                -1.97099206e-03-4.45122759e-03j,
                 6.79330587e-04-1.36169349e-03j,
                 2.02880258e-03-5.22680843e-03j,
                 7.23706662e-04-1.05486848e-04j,
                 3.39037694e-03-7.51818865e-04j,
                 1.61898382e-04+3.08166450e-04j,
                 3.33924512e-03+2.16223718e-03j,
                -4.89330118e-05+1.78246987e-04j,
                -2.88204654e-03-5.18802223e-03j,
                 8.09136407e-04-1.53656280e-03j,
                 1.89509835e-03-6.56894609e-03j,
                 8.26698690e-04-1.05445336e-04j],
               [ 5.34530649e-02-5.34679703e-02j,
                 4.35143942e-03-5.37441812e-04j,
                 8.90740574e-02-2.12124458e-17j,
                 3.04815715e-03+3.22681417e-03j,
                -5.19038106e-02-8.45309576e-02j,
                 4.83095854e-03-1.45850476e-02j,
                 2.71662357e-02-1.13399136e-01j,
                 1.47206032e-02-4.79423082e-03j,
                 6.57379463e-02-2.26682815e-02j,
                 1.17685505e-03+2.91564099e-03j,
                 7.37065979e-02+3.58189606e-02j,
                -1.64976917e-03+2.71886228e-03j,
                -7.14519802e-02-9.68738015e-02j,
                 5.99107159e-03-1.64674556e-02j,
                 2.11412424e-02-1.39939401e-01j,
                 1.69418441e-02-4.98221257e-03j],
               [-9.96534467e-05-3.78396309e-03j,
                 1.72683166e-04-2.28967386e-04j,
                 3.04815715e-03-3.22681417e-03j,
                 5.37778537e-04-3.04994067e-18j,
                -4.72133303e-03-1.06497432e-03j,
                -3.30664651e-04-6.48114980e-04j,
                -3.01920433e-03-4.77154742e-03j,
                 6.84171032e-04-1.36158210e-03j,
                 1.41907506e-03-3.12797101e-03j,
                 1.97082459e-04+4.49392798e-07j,
                 3.76387720e-03-1.43594529e-03j,
                 1.75671655e-04+3.09657232e-04j,
                -5.84687050e-03-7.80027710e-04j,
                -3.64025837e-04-7.45290348e-04j,
                -4.19040571e-03-5.46143531e-03j,
                 8.14172465e-04-1.53611171e-03j],
               [ 2.03313374e-02+8.47966692e-02j,
                -1.97099206e-03+4.45122759e-03j,
                -5.19038106e-02+8.45309576e-02j,
                -4.72133303e-03+1.06497432e-03j,
                 1.17624431e-01+3.43038169e-17j,
                 1.14863904e-02+1.37262449e-02j,
                 9.44434651e-02+9.44646776e-02j,
                -4.12133159e-03+1.72680351e-02j,
                -1.80217772e-02+7.89850771e-02j,
                -3.53789151e-03-7.01395970e-04j,
                -7.80608271e-02+4.90435060e-02j,
                -1.54852470e-03-3.23375282e-03j,
                 1.41382570e-01-1.17101988e-02j,
                 1.25904887e-02+1.60187752e-02j,
                 1.22986162e-01+1.04121698e-01j,
                -5.28759956e-03+1.95082277e-02j],
               [ 1.19482484e-02+5.95178064e-03j,
                 6.79330587e-04+1.36169349e-03j,
                 4.83095854e-03+1.45850476e-02j,
                -3.30664651e-04+6.48114980e-04j,
                 1.14863904e-02-1.37262449e-02j,
                 5.64620326e-03-3.48169551e-18j,
                 2.05066163e-02-1.75624587e-03j,
                 1.60970020e-03+2.23485532e-03j,
                 7.49294856e-03+9.84492300e-03j,
                -8.54316732e-04+6.98424873e-04j,
                -1.95989633e-03+1.41071141e-02j,
                -4.99599098e-04-1.33063007e-04j,
                 1.24523296e-02-1.76766303e-02j,
                 6.42681534e-03+2.00595344e-04j,
                 2.45130614e-02-4.17542255e-03j,
                 1.75085709e-03+2.60281270e-03j],
               [ 8.45243665e-02+5.18581089e-02j,
                 2.02880258e-03+5.22680843e-03j,
                 2.71662357e-02+1.13399136e-01j,
                -3.01920433e-03+4.77154742e-03j,
                 9.44434651e-02-9.44646776e-02j,
                 2.05066163e-02+1.75624587e-03j,
                 1.57203545e-01+2.04347996e-17j,
                 1.08400190e-02+1.76943980e-02j,
                 4.90461610e-02+7.80284791e-02j,
                -3.44847420e-03+2.32782295e-03j,
                -2.41144023e-02+1.05632224e-01j,
                -3.93979910e-03-1.40505787e-03j,
                 1.04099174e-01-1.22978053e-01j,
                 2.32732693e-02+2.71117565e-03j,
                 1.88962674e-01-1.56719803e-02j,
                 1.17180726e-02+2.05109236e-02j],
               [ 1.18153665e-02-5.98826233e-03j,
                 7.23706662e-04+1.05486848e-04j,
                 1.47206032e-02+4.79423082e-03j,
                 6.84171032e-04+1.36158210e-03j,
                -4.12133159e-03-1.72680351e-02j,
                 1.60970020e-03-2.23485532e-03j,
                 1.08400190e-02-1.76943980e-02j,
                 5.66409452e-03-8.69317155e-18j,
                 1.22779562e-02-1.36670001e-04j,
                 3.87911983e-05+5.17403582e-04j,
                 1.02732670e-02+1.00184066e-02j,
                -8.50770362e-04+6.97657151e-04j,
                -6.69289222e-03-2.03746877e-02j,
                 1.91327329e-03-2.48337008e-03j,
                 1.12746578e-02-2.23892425e-02j,
                 6.44707607e-03+2.02840659e-04j],
               [ 5.51556946e-02-2.67888312e-02j,
                 3.39037694e-03+7.51818865e-04j,
                 6.57379463e-02+2.26682815e-02j,
                 1.41907506e-03+3.12797101e-03j,
                -1.80217772e-02-7.89850771e-02j,
                 7.49294856e-03-9.84492300e-03j,
                 4.90461610e-02-7.80284791e-02j,
                 1.22779562e-02+1.36670001e-04j,
                 5.80415757e-02-1.37351159e-17j,
                 1.69843080e-04+2.66637196e-03j,
                 4.65068336e-02+4.64732606e-02j,
                -2.00698304e-03+1.69723187e-03j,
                -3.01052794e-02-9.40718090e-02j,
                 8.94183410e-03-1.10779344e-02j,
                 5.14840577e-02-9.98401665e-02j,
                 1.41150897e-02+5.64263387e-04j],
               [-1.06559765e-03-2.53025439e-03j,
                 1.61898382e-04-3.08166450e-04j,
                 1.17685505e-03-2.91564099e-03j,
                 1.97082459e-04-4.49392798e-07j,
                -3.53789151e-03+7.01395970e-04j,
                -8.54316732e-04-6.98424873e-04j,
                -3.44847420e-03-2.32782295e-03j,
                 3.87911983e-05-5.17403582e-04j,
                 1.69843080e-04-2.66637196e-03j,
                 3.62126709e-04+4.86905236e-18j,
                 2.28376358e-03-2.01719173e-03j,
                 1.37803099e-04+1.73263706e-04j,
                -4.20307317e-03+1.25740895e-03j,
                -9.71617058e-04-8.30586618e-04j,
                -4.43757281e-03-2.42083556e-03j,
                 5.68941538e-05-6.01467644e-04j],
               [ 2.26805815e-02-6.57372248e-02j,
                 3.33924512e-03-2.16223718e-03j,
                 7.37065979e-02-3.58189606e-02j,
                 3.76387720e-03+1.43594529e-03j,
                -7.80608271e-02-4.90435060e-02j,
                -1.95989633e-03-1.41071141e-02j,
                -2.41144023e-02-1.05632224e-01j,
                 1.02732670e-02-1.00184066e-02j,
                 4.65068336e-02-4.64732606e-02j,
                 2.28376358e-03+2.01719173e-03j,
                 7.75471139e-02-3.45464169e-17j,
                -2.55362828e-04+3.08272590e-03j,
                -9.98715288e-02-5.14702830e-02j,
                -1.78826186e-03-1.62869878e-02j,
                -4.02783262e-02-1.25810655e-01j,
                 1.21454917e-02-1.11868728e-02j],
               [-2.63644289e-03-6.38005582e-04j,
                -4.89330118e-05-1.78246987e-04j,
                -1.64976917e-03-2.71886228e-03j,
                 1.75671655e-04-3.09657232e-04j,
                -1.54852470e-03+3.23375282e-03j,
                -4.99599098e-04+1.33063007e-04j,
                -3.93979910e-03+1.40505787e-03j,
                -8.50770362e-04-6.97657151e-04j,
                -2.00698304e-03-1.69723187e-03j,
                 1.37803099e-04-1.73263706e-04j,
                -2.55362828e-04-3.08272590e-03j,
                 3.80031336e-04+1.42989932e-17j,
                -1.49945451e-03+4.08760866e-03j,
                -5.84848823e-04+1.43542764e-04j,
                -4.60874237e-03+2.15638553e-03j,
                -9.67659155e-04-8.29531397e-04j],
               [ 1.58287368e-02+1.04640313e-01j,
                -2.88204654e-03+5.18802223e-03j,
                -7.14519802e-02+9.68738015e-02j,
                -5.84687050e-03+7.80027710e-04j,
                 1.41382570e-01+1.17101988e-02j,
                 1.24523296e-02+1.76766303e-02j,
                 1.04099174e-01+1.22978053e-01j,
                -6.69289222e-03+2.03746877e-02j,
                -3.01052794e-02+9.40718090e-02j,
                -4.20307317e-03-1.25740895e-03j,
                -9.98715288e-02+5.14702830e-02j,
                -1.49945451e-03-4.08760866e-03j,
                 1.73716361e-01+1.40259207e-17j,
                 1.37220255e-02+2.08074887e-02j,
                 1.39521926e-01+1.39508482e-01j,
                -8.42642620e-03+2.32417867e-02j],
               [ 1.38189082e-02+6.39257931e-03j,
                 8.09136407e-04+1.53656280e-03j,
                 5.99107159e-03+1.64674556e-02j,
                -3.64025837e-04+7.45290348e-04j,
                 1.25904887e-02-1.60187752e-02j,
                 6.42681534e-03-2.00595344e-04j,
                 2.32732693e-02-2.71117565e-03j,
                 1.91327329e-03+2.48337008e-03j,
                 8.94183410e-03+1.10779344e-02j,
                -9.71617058e-04+8.30586618e-04j,
                -1.78826186e-03+1.62869878e-02j,
                -5.84848823e-04-1.43542764e-04j,
                 1.37220255e-02-2.08074887e-02j,
                 7.41467434e-03+5.84130402e-18j,
                 2.80953472e-02-5.67455249e-03j,
                 2.11631247e-03+2.93554736e-03j],
               [ 9.68783509e-02+7.14050040e-02j,
                 1.89509835e-03+6.56894609e-03j,
                 2.11412424e-02+1.39939401e-01j,
                -4.19040571e-03+5.46143531e-03j,
                 1.22986162e-01-1.04121698e-01j,
                 2.45130614e-02+4.17542255e-03j,
                 1.88962674e-01+1.56719803e-02j,
                 1.12746578e-02+2.23892425e-02j,
                 5.14840577e-02+9.98401665e-02j,
                -4.43757281e-03+2.42083556e-03j,
                -4.02783262e-02+1.25810655e-01j,
                -4.60874237e-03-2.15638553e-03j,
                 1.39521926e-01-1.39508482e-01j,
                 2.80953472e-02+5.67455249e-03j,
                 2.32180538e-01+2.09546133e-17j,
                 1.22003450e-02+2.61948704e-02j],
               [ 1.32724125e-02-7.21996607e-03j,
                 8.26698690e-04+1.05445336e-04j,
                 1.69418441e-02+4.98221257e-03j,
                 8.14172465e-04+1.53611171e-03j,
                -5.28759956e-03-1.95082277e-02j,
                 1.75085709e-03-2.60281270e-03j,
                 1.17180726e-02-2.05109236e-02j,
                 6.44707607e-03-2.02840659e-04j,
                 1.41150897e-02-5.64263387e-04j,
                 5.68941538e-05+6.01467644e-04j,
                 1.21454917e-02+1.11868728e-02j,
                -9.67659155e-04+8.29531397e-04j,
                -8.42642620e-03-2.32417867e-02j,
                 2.11631247e-03-2.93554736e-03j,
                 1.22003450e-02-2.61948704e-02j,
                 7.43944610e-03-3.15240308e-18j]],
              dims=(2, 2, 2, 2))"
